FID,Setores Censitários Preliminares,Bairro,distância bairro,Inundação,AR_KM2,ha,Total de pessoas,Total de Domicílios (DPPO + DPPV + DPPUO + DPIO + DCCM + DCSM),Total de Domicílios Particulares (DPPO + DPPV + DPPUO + DPIO),Total de Domicílios Coletivos (DCCM + DCSM),Média de moradores em Domicílios Particulares Ocupados (Total pessoas em Domicílios Particulares Ocupados / DPPO + DPIO),Percentual de Domicílios Particulares Ocupados Imputados (Total DPO imputados / Total DPO),Total de Domicílios Particulares Ocupados (DPPO + DPIO),Densidade Demográfica,Densidade Urbana
0,431490205000001P,CENTRO HISTÓRICO,0,TRUE,"0,081169","8,1169",218,181,177,4,"1,834783","5,217391",115,"2.685,75","26,86"
1,431490205000002P,CENTRO HISTÓRICO,0,FALSE,"0,01549","1,549",133,109,109,0,"1,705128","2,564103",78,"8.586,18","85,86"
2,431490205000003P,CENTRO HISTÓRICO,0,FALSE,"0,007421","0,7421",448,342,342,0,"1,922747","0,858369",233,"60.369,22","603,69"
3,431490205000004P,CENTRO HISTÓRICO,0,TRUE,"0,113514","11,3514",240,205,203,2,"1,65035","6,293706",143,"2.114,28","21,14"
4,431490205000005P,CENTRO HISTÓRICO,0,TRUE,"0,066469","6,6469",435,414,413,1,"1,647727","5,30303",264,"6.544,40","65,44"
5,431490205000006P,CENTRO HISTÓRICO,0,FALSE,"0,013091","1,3091",338,236,235,1,"2,1125","3,75",160,"25.819,27","258,19"
6,431490205000007P,CENTRO HISTÓRICO,0,FALSE,"0,007161","0,7161",304,245,242,3,"1,869565","6,832298",161,"42.452,17","424,52"
7,431490205000008P,CENTRO HISTÓRICO,0,FALSE,"0,007831","0,7831",204,169,168,1,"1,837838","1,801802",111,"26.050,31","260,50"
8,431490205000009P,CENTRO HISTÓRICO,0,FALSE,"0,002303","0,2303",261,241,241,0,"1,717105","2,631579",152,"113.330,44","1.133,30"
9,431490205000010P,CENTRO HISTÓRICO,0,FALSE,"0,008826","0,8826",228,182,181,1,"1,748031","2,362205",127,"25.832,77","258,33"
10,431490205000011P,CENTRO HISTÓRICO,0,FALSE,"0,011569","1,1569",228,205,204,1,"1,704545","0,757576",132,"19.707,84","197,08"
11,431490205000012P,CENTRO HISTÓRICO,0,FALSE,"0,014032","1,4032",447,302,299,3,"1,90708","0,884956",226,"31.855,76","318,56"
12,431490205000013P,CENTRO HISTÓRICO,0,FALSE,"0,009809","0,9809",318,261,261,0,"1,709677","2,688172",186,"32.419,21","324,19"
13,431490205000014P,CENTRO HISTÓRICO,0,FALSE,"0,005938","0,5938",244,238,237,1,"1,534591","0,628931",159,"41.091,28","410,91"
14,431490205000015P,CENTRO HISTÓRICO,0,FALSE,"0,01722","1,722",432,305,302,3,"1,927928",0,222,"25.087,11","250,87"
15,431490205000016P,CENTRO HISTÓRICO,0,FALSE,"0,009614","0,9614",353,277,277,0,"1,87766","2,12766",188,"36.717,29","367,17"
16,431490205000017P,CENTRO HISTÓRICO,0,FALSE,"0,010634","1,0634",543,375,375,0,"1,853242","4,095563",293,"51.062,63","510,63"
17,431490205000018P,CENTRO HISTÓRICO,0,FALSE,"0,034726","3,4726",200,183,183,0,"1,666667","0,833333",120,"5.759,37","57,59"
18,431490205000019P,CENTRO HISTÓRICO,0,FALSE,"0,019349","1,9349",196,182,182,0,"2,020619","7,216495",97,"10.129,72","101,30"
19,431490205000020P,CENTRO HISTÓRICO,0,FALSE,"0,009106","0,9106",497,358,357,1,"1,837037",0,270,"54.579,40","545,79"
20,431490205000021P,CENTRO HISTÓRICO,0,FALSE,"0,009355","0,9355",397,324,323,1,"1,683761","0,854701",234,"42.437,20","424,37"
21,431490205000022P,CENTRO HISTÓRICO,0,TRUE,"0,018227","1,8227",298,246,244,2,"1,966667","2,666667",150,"16.349,37","163,49"
22,431490205000023P,CENTRO HISTÓRICO,0,TRUE,"0,004563","0,4563",425,339,339,0,"1,855895",0,229,"93.140,48","931,40"
23,431490205000024P,CENTRO HISTÓRICO,0,TRUE,"0,02227","2,227",562,414,413,1,"1,892256","4,040404",297,"25.235,74","252,36"
24,431490205000025P,CENTRO HISTÓRICO,0,TRUE,"0,013225","1,3225",305,272,272,0,"1,752874",0,174,"23.062,38","230,62"
25,431490205000026P,CENTRO HISTÓRICO,0,TRUE,"0,102051","10,2051",202,215,202,13,"1,491228","1,754386",114,"1.979,40","19,79"
26,431490205000030P,CENTRO HISTÓRICO,0,TRUE,"0,054841","5,4841",330,361,356,5,"1,708333","2,083333",192,"6.017,40","60,17"
27,431490205000031P,CENTRO HISTÓRICO,0,TRUE,"0,004195","0,4195",316,329,329,0,"1,82659","4,046243",173,"75.327,77","753,28"
28,431490205000032P,CENTRO HISTÓRICO,0,TRUE,"0,015706","1,5706",281,267,265,2,"1,643275","2,339181",171,"17.891,25","178,91"
29,431490205000033P,CENTRO HISTÓRICO,0,FALSE,"0,022513","2,2513",341,255,255,0,"1,894444",0,180,"15.146,80","151,47"
30,431490205000034P,CENTRO HISTÓRICO,0,FALSE,"0,005071","0,5071",287,252,251,1,"1,75","3,04878",164,"56.596,33","565,96"
31,431490205000035P,CENTRO HISTÓRICO,0,FALSE,"0,053111","5,3111",446,334,329,5,"1,972603","2,283105",219,"8.397,51","83,98"
32,431490205000036P,CENTRO HISTÓRICO,0,FALSE,"0,013778","1,3778",242,267,265,2,"1,80597","2,985075",134,"17.564,23","175,64"
33,431490205000037P,CENTRO HISTÓRICO,0,FALSE,"0,145026","14,5026",258,232,222,10,"1,58","0,666667",150,"1.778,99","17,79"
34,431490205000038P,CENTRO HISTÓRICO,0,FALSE,"0,00121","0,121",196,292,292,0,"1,264516","3,225806",155,"161.983,47","1.619,83"
35,431490205000039P,CENTRO HISTÓRICO,0,FALSE,"0,006759","0,6759",319,370,370,0,"1,563725","2,45098",204,"47.196,33","471,96"
36,431490205000040P,CENTRO HISTÓRICO,0,FALSE,"0,002652","0,2652",270,272,271,1,"1,505747","1,724138",174,"101.809,95","1.018,10"
37,431490205000041P,CENTRO HISTÓRICO,0,FALSE,"0,017088","1,7088",288,402,401,1,"1,410891","0,990099",202,"16.853,93","168,54"
38,431490205000042P,CENTRO HISTÓRICO,0,FALSE,"0,010401","1,0401",256,241,240,1,"1,520958","1,197605",167,"24.613,02","246,13"
39,431490205000043P,CENTRO HISTÓRICO,0,FALSE,"0,00527","0,527",310,271,269,2,"1,35119","0,595238",168,"58.823,53","588,24"
40,431490205000044P,CENTRO HISTÓRICO,0,FALSE,"0,010063","1,0063",337,296,295,1,"1,454106","0,483092",207,"33.489,02","334,89"
41,431490205000045P,CENTRO HISTÓRICO,0,FALSE,"0,038812","3,8812",519,359,358,1,"1,867647","1,470588",272,"13.372,15","133,72"
42,431490205000046P,CENTRO HISTÓRICO,0,FALSE,"0,00827","0,827",339,261,259,2,"1,763441","2,688172",186,"40.991,54","409,92"
43,431490205000047P,CENTRO HISTÓRICO,0,FALSE,"0,015903","1,5903",458,384,384,0,"1,647482","7,194245",278,"28.799,60","288,00"
44,431490205000048P,CENTRO HISTÓRICO,0,FALSE,"0,023244","2,3244",234,176,174,2,"1,854839","4,032258",124,"10.067,11","100,67"
45,431490205000049P,CENTRO HISTÓRICO,0,FALSE,"0,010704","1,0704",262,269,267,2,"1,523256","1,744186",172,"24.476,83","244,77"
46,431490205000050P,CENTRO HISTÓRICO,0,FALSE,"0,014034","1,4034",615,393,392,1,"1,94822","3,559871",309,"43.822,15","438,22"
47,431490205000051P,CENTRO HISTÓRICO,0,FALSE,"0,004651","0,4651",451,374,373,1,"1,599291","3,900709",282,"96.968,39","969,68"
48,431490205000052P,CENTRO HISTÓRICO,0,FALSE,"0,022073","2,2073",382,395,394,1,"1,43609","3,759398",266,"17.306,21","173,06"
49,431490205000053P,CENTRO HISTÓRICO,0,FALSE,"0,006546","0,6546",256,192,192,0,"1,753425","4,794521",146,"39.107,85","391,08"
50,431490205000054P,CENTRO HISTÓRICO,0,FALSE,"0,00735","0,735",264,194,194,0,"1,783784","4,72973",148,"35.918,37","359,18"
51,431490205000055P,CENTRO HISTÓRICO,0,FALSE,"0,009142","0,9142",245,165,164,1,"1,731343","4,477612",134,"26.799,39","267,99"
52,431490205000057P,CENTRO HISTÓRICO,0,TRUE,"0,028048","2,8048",247,191,191,0,"1,625","5,263158",152,"8.806,33","88,06"
53,431490205000058P,CENTRO HISTÓRICO,0,FALSE,"0,010834","1,0834",426,302,302,0,"1,844156","4,329004",231,"39.320,66","393,21"
54,431490205000059P,CENTRO HISTÓRICO,0,FALSE,"0,002651","0,2651",280,169,169,0,"1,917808","6,164384",146,"105.620,52","1.056,21"
55,431490205000060P,CENTRO HISTÓRICO,0,FALSE,"0,011235","1,1235",424,377,374,3,"1,57037",0,270,"37.739,21","377,39"
56,431490205000061P,CENTRO HISTÓRICO,0,FALSE,"0,010809","1,0809",421,337,337,0,"1,754167","2,5",240,"38.949,02","389,49"
57,431490205000062P,CENTRO HISTÓRICO,0,FALSE,"0,027263","2,7263",430,339,339,0,"1,829787","1,702128",235,"15.772,29","157,72"
58,431490205000063P,CENTRO HISTÓRICO,0,FALSE,"0,042892","4,2892",466,310,308,2,"1,846154","4,700855",234,"10.864,50","108,64"
59,431490205000064P,CENTRO HISTÓRICO,0,FALSE,"0,011108","1,1108",414,377,376,1,"1,494585","1,805054",277,"37.270,44","372,70"
60,431490205000065P,CENTRO HISTÓRICO,0,TRUE,"0,020552","2,0552",447,308,308,0,"1,839506","2,880658",243,"21.749,71","217,50"
61,431490205000066P,CENTRO HISTÓRICO,0,TRUE,"0,12316","12,316",352,325,324,1,"1,61215","2,336449",214,"2.858,07","28,58"
62,431490205000067P,CENTRO HISTÓRICO,0,FALSE,"0,009029","0,9029",213,183,182,1,"1,556391","6,766917",133,"23.590,65","235,91"
63,431490205000068P,CENTRO HISTÓRICO,0,FALSE,"0,007896","0,7896",293,232,232,0,"1,550265","4,761905",189,"37.107,40","371,07"
64,431490205000069P,CENTRO HISTÓRICO,0,FALSE,"0,015054","1,5054",299,255,254,1,"1,568421","3,157895",190,"19.861,83","198,62"
65,431490205000070P,CENTRO HISTÓRICO,0,FALSE,"0,002414","0,2414",278,293,293,0,"1,40404","2,020202",198,"115.161,56","1.151,62"
66,431490205000071P,CENTRO HISTÓRICO,0,FALSE,"0,005011","0,5011",329,264,264,0,"1,827778","3,888889",180,"65.655,56","656,56"
67,431490205000072P,CENTRO HISTÓRICO,0,FALSE,"0,017776","1,7776",294,223,218,5,"1,648148","6,790123",162,"16.539,15","165,39"
68,431490205000073P,CENTRO HISTÓRICO,0,FALSE,"0,01486","1,486",538,397,397,0,"1,781457","3,311258",302,"36.204,58","362,05"
69,431490205000074P,CENTRO HISTÓRICO,0,FALSE,"0,012187","1,2187",363,388,388,0,"1,571429","6,060606",231,"29.785,84","297,86"
70,431490205000075P,CENTRO HISTÓRICO,0,TRUE,"0,01176","1,176",328,275,275,0,"1,576923","3,846154",208,"27.891,16","278,91"
71,431490205000076P,CENTRO HISTÓRICO,0,TRUE,"0,005822","0,5822",199,156,156,0,"1,686441","5,932203",118,"34.180,69","341,81"
72,431490205000077P,CENTRO HISTÓRICO,0,TRUE,"0,011293","1,1293",372,333,333,0,"1,464567",0,254,"32.940,76","329,41"
73,431490205000078P,CENTRO HISTÓRICO,0,TRUE,"0,011825","1,1825",347,242,242,0,"1,845745","3,191489",188,"29.344,61","293,45"
74,431490205000079P,CENTRO HISTÓRICO,0,TRUE,"0,011926","1,1926",275,228,225,3,"1,598837","4,651163",172,"23.058,86","230,59"
75,431490205000080P,CENTRO HISTÓRICO,0,TRUE,"0,007423","0,7423",287,239,238,1,"1,649425","4,022989",174,"38.663,61","386,64"
76,431490205000081P,CENTRO HISTÓRICO,0,FALSE,"0,014361","1,4361",321,255,255,0,"1,680628","1,04712",191,"22.352,20","223,52"
77,431490205000082P,CENTRO HISTÓRICO,0,FALSE,"0,013582","1,3582",239,190,189,1,"1,627586","4,137931",145,"17.596,82","175,97"
78,431490205000083P,CENTRO HISTÓRICO,0,TRUE,"0,024744","2,4744",119,110,110,0,"1,608108","2,702703",74,"4.809,25","48,09"
79,431490205000084P,CENTRO HISTÓRICO,0,FALSE,"0,012264","1,2264",289,274,274,0,"1,690058","0,584795",171,"23.564,91","235,65"
80,431490205000085P,CENTRO HISTÓRICO,0,TRUE,"0,012259","1,2259",222,216,215,1,"1,577778","3,703704",135,"18.109,14","181,09"
81,431490205000086P,CENTRO HISTÓRICO,0,TRUE,"0,001991","0,1991",257,248,248,0,"1,427778","2,777778",180,"129.080,86","1.290,81"
82,431490205000087P,CENTRO HISTÓRICO,0,TRUE,"0,010532","1,0532",355,278,278,0,"1,698565","0,956938",209,"33.706,80","337,07"
83,431490205000088P,CENTRO HISTÓRICO,0,TRUE,"0,005336","0,5336",393,390,390,0,"1,429091","3,636364",275,"73.650,67","736,51"
84,431490205000089P,CENTRO HISTÓRICO,0,FALSE,"0,01445","1,445",386,297,297,0,"1,762557","2,283105",219,"26.712,80","267,13"
85,431490205000090P,CENTRO HISTÓRICO,0,TRUE,"0,010683","1,0683",344,261,261,0,"1,755102","0,510204",196,"32.200,69","322,01"
86,431490205000091P,CENTRO HISTÓRICO,0,TRUE,"0,007371","0,7371",280,265,265,0,"1,521739","4,891304",184,"37.986,70","379,87"
87,431490205000092P,CENTRO HISTÓRICO,0,TRUE,"0,008373","0,8373",308,214,213,1,"1,741379","2,873563",174,"36.784,90","367,85"
88,431490205000093P,CENTRO HISTÓRICO,0,TRUE,"0,004497","0,4497",312,334,334,0,"1,418182","3,636364",220,"69.379,59","693,80"
89,431490205000095P,PRAIA DE BELAS,0,TRUE,"0,018052","1,8052",140,113,113,0,"1,627907","4,651163",86,"7.755,37","77,55"
90,431490205000096P,PRAIA DE BELAS,0,TRUE,"0,03539","3,539",357,263,263,0,"1,79397","4,020101",199,"10.087,60","100,88"
91,431490205000097P,PRAIA DE BELAS,0,TRUE,"0,042768","4,2768",137,105,105,0,"1,691358","3,703704",81,"3.203,33","32,03"
92,431490205000098P,PRAIA DE BELAS,0,TRUE,"0,174534","17,4534",288,152,151,1,"2,204724","3,149606",127,"1.650,11","16,50"
93,431490205000099P,MENINO DEUS,0,FALSE,"0,02285","2,285",313,232,232,0,"1,710383","3,825137",183,"13.698,03","136,98"
94,431490205000100P,MENINO DEUS,0,FALSE,"0,014506","1,4506",301,243,243,0,"1,627027","8,648649",185,"20.750,03","207,50"
95,431490205000101P,CIDADE BAIXA,0,FALSE,"0,038882","3,8882",448,356,356,0,"1,611511","8,992806",278,"11.522,04","115,22"
96,431490205000102P,CIDADE BAIXA,0,FALSE,"0,036944","3,6944",477,330,330,0,"1,766667","7,037037",270,"12.911,43","129,11"
97,431490205000103P,CIDADE BAIXA,0,FALSE,"0,045843","4,5843",442,330,329,1,"1,576763","9,958506",241,"9.641,60","96,42"
98,431490205000104P,CIDADE BAIXA,0,FALSE,"0,006954","0,6954",307,259,259,0,"1,497561","10,243902",205,"44.147,25","441,47"
99,431490205000105P,CIDADE BAIXA,0,FALSE,"0,041298","4,1298",411,319,318,1,"1,589844","6,640625",256,"9.952,06","99,52"
100,431490205000106P,CIDADE BAIXA,0,FALSE,"0,001348","0,1348",243,260,260,0,"1,327869","5,464481",183,"180.267,06","1.802,67"
101,431490205000107P,CIDADE BAIXA,0,FALSE,"0,00912","0,912",289,285,285,0,"1,513089","7,853403",191,"31.688,60","316,89"
102,431490205000108P,CIDADE BAIXA,0,FALSE,"0,020287","2,0287",377,286,286,0,"1,78673","5,21327",211,"18.583,33","185,83"
103,431490205000109P,CIDADE BAIXA,0,FALSE,"0,019402","1,9402",151,124,124,0,"1,755814","8,139535",86,"7.782,70","77,83"
104,431490205000110P,CIDADE BAIXA,0,FALSE,"0,011489","1,1489",325,274,274,0,"1,518692","7,009346",214,"28.287,93","282,88"
105,431490205000111P,CIDADE BAIXA,0,FALSE,"0,020438","2,0438",378,315,315,0,"1,530364","5,263158",247,"18.494,96","184,95"
106,431490205000112P,CIDADE BAIXA,0,FALSE,"0,011896","1,1896",195,146,145,1,"1,681416","6,19469",113,"16.392,06","163,92"
107,431490205000113P,CIDADE BAIXA,0,FALSE,"0,032104","3,2104",416,295,295,0,"1,873874","3,603604",222,"12.957,89","129,58"
108,431490205000114P,CIDADE BAIXA,0,FALSE,"0,012965","1,2965",246,188,188,0,"1,72028","5,594406",143,"18.974,16","189,74"
109,431490205000115P,MENINO DEUS,0,FALSE,"0,041407","4,1407",303,209,209,0,"1,77193","3,508772",171,"7.317,60","73,18"
110,431490205000116P,CIDADE BAIXA,0,FALSE,"0,030664","3,0664",523,362,362,0,"1,835088","3,859649",285,"17.055,83","170,56"
111,431490205000117P,CIDADE BAIXA,0,FALSE,"0,010425","1,0425",265,190,190,0,"1,687898","5,732484",157,"25.419,66","254,20"
112,431490205000118P,CIDADE BAIXA,0,FALSE,"0,02553","2,553",226,229,229,0,"1,506667",6,150,"8.852,33","88,52"
113,431490205000119P,CIDADE BAIXA,0,FALSE,"0,030049","3,0049",375,281,278,3,"1,654709","2,690583",223,"12.479,62","124,80"
114,431490205000120P,CIDADE BAIXA,0,FALSE,"0,021635","2,1635",327,227,225,2,"1,668449","4,278075",187,"15.114,40","151,14"
115,431490205000121P,CIDADE BAIXA,0,FALSE,"0,014713","1,4713",265,198,196,2,"1,58125",5,160,"18.011,28","180,11"
116,431490205000122P,CIDADE BAIXA,0,FALSE,"0,01446","1,446",305,213,212,1,"1,704142","2,366864",169,"21.092,67","210,93"
117,431490205000123P,CIDADE BAIXA,0,FALSE,"0,029359","2,9359",676,462,460,2,"1,765172","4,221636",379,"23.025,31","230,25"
118,431490205000124P,CIDADE BAIXA,0,FALSE,"0,035997","3,5997",428,333,333,0,"1,775934","4,564315",241,"11.889,88","118,90"
119,431490205000125P,CIDADE BAIXA,0,FALSE,"0,043501","4,3501",312,287,286,1,"1,614525","11,173184",179,"7.172,25","71,72"
120,431490205000126P,CIDADE BAIXA,0,FALSE,"0,011775","1,1775",204,156,156,0,"1,569231","3,846154",130,"17.324,84","173,25"
121,431490205000127P,CIDADE BAIXA,0,FALSE,"0,021259","2,1259",407,249,247,2,"1,864078","1,941748",206,"19.144,83","191,45"
122,431490205000128P,CIDADE BAIXA,0,FALSE,"0,012477","1,2477",389,364,364,0,"1,519531","3,125",256,"31.177,37","311,77"
123,431490205000129P,CIDADE BAIXA,0,FALSE,"0,008272","0,8272",263,214,214,0,"1,696774","8,387097",155,"31.794,00","317,94"
124,431490205000130P,CIDADE BAIXA,0,FALSE,"0,004706","0,4706",221,200,200,0,"1,435065","4,545455",154,"46.961,33","469,61"
125,431490205000131P,CIDADE BAIXA,0,FALSE,"0,025715","2,5715",412,281,278,3,"1,779904","8,133971",209,"16.021,78","160,22"
126,431490205000132P,CIDADE BAIXA,0,FALSE,"0,011349","1,1349",340,231,231,0,"1,808511","4,787234",188,"29.958,59","299,59"
127,431490205000133P,CIDADE BAIXA,0,FALSE,"0,022496","2,2496",339,321,320,1,"1,637681","8,695652",207,"15.069,35","150,69"
128,431490205000134P,CIDADE BAIXA,0,FALSE,"0,008092","0,8092",262,261,261,0,"1,416216","5,945946",185,"32.377,66","323,78"
129,431490205000135P,CIDADE BAIXA,0,FALSE,"0,019509","1,9509",128,140,140,0,"1,505882","8,235294",85,"6.561,07","65,61"
130,431490205000136P,CIDADE BAIXA,0,FALSE,"0,009719","0,9719",176,154,150,4,"1,673267","5,940594",101,"18.108,86","181,09"
131,431490205000137P,CIDADE BAIXA,0,FALSE,"0,005653","0,5653",259,161,161,0,"1,947368","5,263158",133,"45.816,38","458,16"
132,431490205000138P,CIDADE BAIXA,0,FALSE,"0,014265","1,4265",461,379,379,0,"1,676364",8,275,"32.316,86","323,17"
133,431490205000139P,FARROUPILHA,0,FALSE,"0,035148","3,5148",435,304,303,1,"1,83913","3,913043",230,"12.376,24","123,76"
134,431490205000141P,SANTANA,0,FALSE,"0,026458","2,6458",382,247,247,0,"1,969072","1,546392",194,"14.437,98","144,38"
135,431490205000142P,SANTANA,0,FALSE,"0,002458","0,2458",231,128,128,0,"2,158879",0,107,"93.978,84","939,79"
136,431490205000143P,SANTANA,0,FALSE,"0,009638","0,9638",195,133,133,0,"1,969697","1,010101",99,"20.232,41","202,32"
137,431490205000144P,SANTANA,0,FALSE,"0,023839","2,3839",269,161,160,1,"2,279661",0,118,"11.284,03","112,84"
138,431490205000145P,SANTANA,0,FALSE,"0,025589","2,5589",489,393,392,1,"1,807407","1,851852",270,"19.109,77","191,10"
139,431490205000146P,SANTANA,0,FALSE,"0,032492","3,2492",417,252,252,0,"2,074627","2,985075",201,"12.833,93","128,34"
140,431490205000147P,SANTANA,0,FALSE,"0,024002","2,4002",481,379,379,0,"1,939516","1,612903",248,"20.040,00","200,40"
141,431490205000148P,SANTANA,0,FALSE,"0,032926","3,2926",348,208,208,0,"2,096386","3,614458",166,"10.569,16","105,69"
142,431490205000149P,SANTANA,0,FALSE,"0,035355","3,5355",505,342,342,0,"1,823105","1,805054",277,"14.283,69","142,84"
143,431490205000150P,SANTANA,0,FALSE,"0,014153","1,4153",329,232,232,0,"1,993939","7,878788",165,"23.245,95","232,46"
144,431490205000151P,SANTANA,0,FALSE,"0,012124","1,2124",267,148,148,0,"2,102362","5,511811",127,"22.022,43","220,22"
145,431490205000152P,SANTANA,0,FALSE,"0,007088","0,7088",304,211,211,0,"1,853659","1,219512",164,"42.889,39","428,89"
146,431490205000153P,SANTANA,0,FALSE,"0,017536","1,7536",487,292,292,0,"2,223744","2,739726",219,"27.771,44","277,71"
147,431490205000154P,SANTANA,0,FALSE,"0,046085","4,6085",324,218,218,0,2,"3,08642",162,"7.030,49","70,30"
148,431490205000155P,SANTANA,0,FALSE,"0,023845","2,3845",425,288,288,0,"1,839827","0,865801",231,"17.823,44","178,23"
149,431490205000156P,SANTANA,0,FALSE,"0,013099","1,3099",309,201,201,0,"1,895706",0,163,"23.589,59","235,90"
150,431490205000157P,SANTANA,0,FALSE,"0,01497","1,497",241,179,179,0,"1,81203","0,75188",133,"16.098,86","160,99"
151,431490205000158P,SANTANA,0,FALSE,"0,0183","1,83",192,214,214,0,"1,828571","6,666667",105,"10.491,80","104,92"
152,431490205000159P,SANTANA,0,FALSE,"0,051798","5,1798",264,160,159,1,"2,090909",0,121,"5.096,72","50,97"
153,431490205000160P,SANTANA,0,FALSE,"0,013907","1,3907",408,260,260,0,"1,980583","1,941748",206,"29.337,74","293,38"
154,431490205000161P,SANTANA,0,FALSE,"0,03072","3,072",468,288,288,0,"2,034783","3,478261",230,"15.234,38","152,34"
155,431490205000162P,SANTANA,0,FALSE,"0,025397","2,5397",429,181,180,1,"2,793333","3,333333",150,"16.891,76","168,92"
156,431490205000163P,SANTANA,0,FALSE,"0,034052","3,4052",401,280,280,0,"1,873832","2,803738",214,"11.776,11","117,76"
157,431490205000164P,SANTANA,0,FALSE,"0,089008","8,9008",380,258,258,0,"2,010582","1,058201",189,"4.269,28","42,69"
158,431490205000165P,SANTANA,0,FALSE,"0,062511","6,2511",459,287,286,1,"2,068182","1,363636",220,"7.342,71","73,43"
159,431490205000166P,SANTANA,0,FALSE,"0,060795","6,0795",330,191,190,1,"2,14",2,150,"5.428,08","54,28"
160,431490205000167P,SANTANA,0,FALSE,"0,038581","3,8581",499,440,437,3,"1,638158","0,986842",304,"12.933,83","129,34"
161,431490205000168P,SANTANA,0,FALSE,"0,025098","2,5098",315,288,283,5,"1,457143","4,285714",210,"12.550,80","125,51"
162,431490205000169P,SANTANA,0,FALSE,"0,003819","0,3819",277,259,259,0,"1,450262","3,141361",191,"72.532,08","725,32"
163,431490205000170P,SANTANA,0,FALSE,"0,086837","8,6837",423,288,287,1,"2,019608","5,882353",204,"4.871,20","48,71"
164,431490205000171P,SANTANA,0,FALSE,"0,05289","5,289",650,373,372,1,"2,214789","3,521127",284,"12.289,66","122,90"
165,431490205000172P,SANTANA,0,FALSE,"0,088956","8,8956",175,79,79,0,"2,777778","3,174603",63,"1.967,26","19,67"
166,431490205000174P,SANTANA,0,FALSE,"0,037637","3,7637",576,384,384,0,"1,926421","2,006689",299,"15.304,09","153,04"
167,431490205000175P,SANTANA,0,FALSE,"0,051393","5,1393",829,527,526,1,"1,914081","2,386635",419,"16.130,60","161,31"
168,431490205000176P,SANTANA,0,FALSE,"0,046463","4,6463",409,283,282,1,"1,873832","3,738318",214,"8.802,70","88,03"
169,431490205000177P,SANTANA,0,FALSE,"0,036743","3,6743",559,425,425,0,"2,117424","3,030303",264,"15.213,78","152,14"
170,431490205000178P,SANTANA,0,FALSE,"0,00816","0,816",195,167,167,0,"1,511628","1,550388",129,"23.897,06","238,97"
171,431490205000179P,SANTANA,0,FALSE,"0,059978","5,9978",590,407,406,1,"1,986532","6,734007",297,"9.836,94","98,37"
172,431490205000180P,SANTANA,0,FALSE,"0,017981","1,7981",197,149,148,1,"1,858491","11,320755",106,"10.956,01","109,56"
173,431490205000181P,SANTANA,0,FALSE,"0,038423","3,8423",554,371,368,3,"1,926923","7,692308",260,"14.418,45","144,18"
174,431490205000182P,SANTANA,0,FALSE,"0,041802","4,1802",438,312,312,0,"2,066038","3,301887",212,"10.477,97","104,78"
175,431490205000183P,SANTANA,0,FALSE,"0,052267","5,2267",538,369,367,2,"1,917603","4,11985",267,"10.293,30","102,93"
176,431490205000184P,SANTA CECÍLIA,0,FALSE,"0,254677","25,4677",477,318,315,3,"2,017021","2,978723",235,"1.872,96","18,73"
177,431490205000185P,SANTA CECÍLIA,0,FALSE,"0,016396","1,6396",308,215,215,0,"1,878049","1,829268",164,"18.785,07","187,85"
178,431490205000186P,SANTA CECÍLIA,0,FALSE,"0,113588","11,3588",542,384,384,0,"1,837288","3,050847",295,"4.771,63","47,72"
179,431490205000187P,SANTA CECÍLIA,0,FALSE,"0,026762","2,6762",290,271,271,0,"1,676301","4,046243",173,"10.836,26","108,36"
180,431490205000188P,SANTA CECÍLIA,0,FALSE,"0,043552","4,3552",541,324,323,1,"1,932836","0,373134",268,"12.421,93","124,22"
181,431490205000189P,SANTA CECÍLIA,0,FALSE,"0,025522","2,5522",345,226,226,0,"1,927374",0,179,"13.517,75","135,18"
182,431490205000190P,SANTA CECÍLIA,0,FALSE,"0,025584","2,5584",444,239,239,0,"2,144928",0,207,"17.354,60","173,55"
183,431490205000191P,SANTA CECÍLIA,0,FALSE,"0,049347","4,9347",403,278,278,0,"1,956311","0,970874",206,"8.166,66","81,67"
184,431490205000192P,SANTA CECÍLIA,0,FALSE,"0,075864","7,5864",590,339,338,1,"2,02069","2,068966",290,"7.777,07","77,77"
185,431490205000193P,SANTA CECÍLIA,0,FALSE,"0,024903","2,4903",382,260,260,0,"1,979275","1,036269",193,"15.339,52","153,40"
186,431490205000194P,PETRÓPOLIS,0,FALSE,"0,02685","2,685",364,233,233,0,"1,989071","3,825137",183,"13.556,80","135,57"
187,431490205000195P,BELA VISTA,0,FALSE,"0,037443","3,7443",528,284,284,0,"2,129032","0,806452",248,"14.101,43","141,01"
188,431490205000196P,PETRÓPOLIS,0,FALSE,"0,024428","2,4428",244,175,174,1,"1,8","3,846154",130,"9.988,54","99,89"
189,431490205000197P,PETRÓPOLIS,0,FALSE,"0,023111","2,3111",381,264,264,0,"1,858537","3,902439",205,"16.485,66","164,86"
190,431490205000198P,PETRÓPOLIS,0,FALSE,"0,032221","3,2221",368,273,273,0,"1,803922","4,411765",204,"11.421,12","114,21"
191,431490205000199P,PETRÓPOLIS,0,FALSE,"0,018462","1,8462",463,324,324,0,"1,945378","4,201681",238,"25.078,54","250,79"
192,431490205000200P,PETRÓPOLIS,0,FALSE,"0,047046","4,7046",505,380,379,1,"1,606667",2,300,"10.734,18","107,34"
193,431490205000202P,PETRÓPOLIS,0,FALSE,"0,016941","1,6941",227,167,167,0,"2,045045","3,603604",111,"13.399,45","133,99"
194,431490205000203P,PETRÓPOLIS,0,FALSE,"0,042864","4,2864",523,355,353,2,"1,904412","1,102941",272,"12.201,38","122,01"
195,431490205000204P,PETRÓPOLIS,0,FALSE,"0,056108","5,6108",550,390,390,0,"1,890034","4,123711",291,"9.802,52","98,03"
196,431490205000205P,PETRÓPOLIS,0,FALSE,"0,029389","2,9389",410,294,294,0,"1,774892","2,164502",231,"13.950,80","139,51"
197,431490205000206P,PETRÓPOLIS,0,FALSE,"0,030545","3,0545",605,368,368,0,"2,037037","4,040404",297,"19.806,84","198,07"
198,431490205000207P,PETRÓPOLIS,0,FALSE,"0,03714","3,714",549,332,332,0,"2,040892","3,345725",269,"14.781,91","147,82"
199,431490205000209P,PETRÓPOLIS,0,FALSE,"0,069496","6,9496",471,272,272,0,"2,065789","4,385965",228,"6.777,37","67,77"
200,431490205000211P,PETRÓPOLIS,0,FALSE,"0,032933","3,2933",450,293,293,0,"1,914894","1,702128",235,"13.664,11","136,64"
201,431490205000212P,PETRÓPOLIS,0,FALSE,"0,024397","2,4397",628,363,363,0,"2,100334","6,688963",299,"25.740,87","257,41"
202,431490205000213P,PETRÓPOLIS,0,FALSE,"0,050145","5,0145",487,285,285,0,"2,046218","3,361345",238,"9.711,84","97,12"
203,431490205000214P,PETRÓPOLIS,0,FALSE,"0,028015","2,8015",416,264,264,0,"1,962264","2,358491",212,"14.849,19","148,49"
204,431490205000215P,PETRÓPOLIS,0,FALSE,"0,028578","2,8578",415,281,281,0,"1,90367","0,917431",218,"14.521,66","145,22"
205,431490205000216P,PETRÓPOLIS,0,FALSE,"0,039457","3,9457",509,319,319,0,"1,965251","3,474903",259,"12.900,12","129,00"
206,431490205000217P,PETRÓPOLIS,0,FALSE,"0,038287","3,8287",750,480,480,0,"1,93299","2,061856",388,"19.588,89","195,89"
207,431490205000218P,PETRÓPOLIS,0,FALSE,"0,035663","3,5663",488,293,293,0,"2,112554",0,231,"13.683,65","136,84"
208,431490205000219P,PETRÓPOLIS,0,FALSE,"0,04863","4,863",457,319,319,0,"1,912134","4,60251",239,"9.397,49","93,97"
209,431490205000220P,PETRÓPOLIS,0,FALSE,"0,082517","8,2517",528,334,332,2,"2,035857","0,796813",251,"6.398,68","63,99"
210,431490205000221P,PETRÓPOLIS,0,FALSE,"0,050069","5,0069",493,318,317,1,"1,897233","1,976285",253,"9.846,41","98,46"
211,431490205000222P,PETRÓPOLIS,0,FALSE,"0,032667","3,2667",482,344,344,0,"1,846743","1,532567",261,"14.754,95","147,55"
212,431490205000223P,PETRÓPOLIS,0,FALSE,"0,037704","3,7704",511,295,294,1,"2,061475","0,819672",244,"13.552,94","135,53"
213,431490205000224P,PETRÓPOLIS,0,FALSE,"0,020871","2,0871",283,206,206,0,"1,736196","7,97546",163,"13.559,48","135,59"
214,431490205000225P,PETRÓPOLIS,0,FALSE,"0,007303","0,7303",371,234,234,0,"1,827586","2,463054",203,"50.801,04","508,01"
215,431490205000226P,PETRÓPOLIS,0,FALSE,"0,00998","0,998",379,238,238,0,"1,876238","1,485149",202,"37.975,95","379,76"
216,431490205000227P,PETRÓPOLIS,0,FALSE,"0,010128","1,0128",355,238,238,0,"1,868421","2,105263",190,"35.051,34","350,51"
217,431490205000228P,PETRÓPOLIS,0,FALSE,"0,006212","0,6212",406,235,235,0,"2,082051","6,666667",195,"65.357,37","653,57"
218,431490205000229P,PETRÓPOLIS,0,FALSE,"0,050306","5,0306",668,358,357,1,"2,050314","2,201258",318,"13.278,73","132,79"
219,431490205000230P,PETRÓPOLIS,0,FALSE,"0,063866","6,3866",584,363,362,1,"1,982578","4,529617",287,"9.144,15","91,44"
220,431490205000231P,PETRÓPOLIS,0,FALSE,"0,082721","8,2721",788,413,412,1,"2,100271","1,084011",369,"9.526,00","95,26"
221,431490205000232P,PETRÓPOLIS,0,FALSE,"0,040152","4,0152",520,281,281,0,"2,055336",0,253,"12.950,79","129,51"
222,431490205000233P,PETRÓPOLIS,0,FALSE,"0,028712","2,8712",582,301,301,0,"2,086022","0,358423",279,"20.270,27","202,70"
223,431490205000234P,PETRÓPOLIS,0,FALSE,"0,045535","4,5535",641,434,433,1,"1,903904","1,201201",333,"14.077,08","140,77"
224,431490205000235P,PETRÓPOLIS,0,FALSE,"0,045439","4,5439",682,372,371,1,"2,106918","3,144654",318,"15.009,13","150,09"
225,431490205000236P,PETRÓPOLIS,0,FALSE,"0,044688","4,4688",728,442,442,0,"2,044944","3,932584",356,"16.290,73","162,91"
226,431490205000237P,PETRÓPOLIS,0,FALSE,"0,026013","2,6013",407,266,266,0,"1,858447","4,109589",219,"15.646,02","156,46"
227,431490205000238P,PETRÓPOLIS,0,FALSE,"0,04996","4,996",530,334,334,0,"1,913357","2,888087",277,"10.608,49","106,08"
228,431490205000239P,PETRÓPOLIS,0,FALSE,"0,071794","7,1794",870,450,449,1,"2,245283","1,886792",371,"12.118,00","121,18"
229,431490205000240P,PETRÓPOLIS,0,FALSE,"0,142868","14,2868",592,268,268,0,"2,466667","2,916667",240,"4.143,69","41,44"
230,431490205000241P,PETRÓPOLIS,0,FALSE,"0,054494","5,4494",661,315,315,0,"2,360714","7,857143",280,"12.129,78","121,30"
231,431490205000242P,PETRÓPOLIS,0,FALSE,"0,045701","4,5701",641,329,329,0,"2,330909",4,275,"14.025,95","140,26"
232,431490205000243P,PETRÓPOLIS,0,FALSE,"0,068183","6,8183",952,484,483,1,"2,435233","0,518135",386,"13.962,42","139,62"
233,431490205000244P,PETRÓPOLIS,0,FALSE,"0,063519","6,3519",618,323,323,0,"2,414063","3,515625",256,"9.729,37","97,29"
234,431490205000245P,PETRÓPOLIS,0,FALSE,"0,058708","5,8708",656,352,352,0,"2,33452","1,423488",281,"11.173,95","111,74"
235,431490205000246P,PETRÓPOLIS,0,FALSE,"0,034605","3,4605",625,358,358,0,"2,232143","7,142857",280,"18.060,97","180,61"
236,431490205000247P,PETRÓPOLIS,0,FALSE,"0,050935","5,0935",774,444,444,0,"2,162011","2,793296",358,"15.195,84","151,96"
237,431490205000248P,PETRÓPOLIS,0,FALSE,"0,028058","2,8058",366,340,340,0,"1,936508","8,994709",189,"13.044,41","130,44"
238,431490205000249P,PETRÓPOLIS,0,FALSE,"0,040444","4,0444",319,189,189,0,"2,044872","1,923077",156,"7.887,45","78,87"
239,431490205000250P,PETRÓPOLIS,0,FALSE,"0,030227","3,0227",256,174,173,1,"1,910448","2,238806",134,"8.469,25","84,69"
240,431490205000251P,PETRÓPOLIS,0,FALSE,"0,072719","7,2719",579,302,302,0,"2,168539","5,992509",267,"7.962,16","79,62"
241,431490205000252P,PETRÓPOLIS,0,FALSE,"0,033225","3,3225",375,221,221,0,"2,118644","1,129944",177,"11.286,68","112,87"
242,431490205000253P,PETRÓPOLIS,0,FALSE,"0,034009","3,4009",307,213,213,0,"1,906832","2,484472",161,"9.027,02","90,27"
243,431490205000255P,PETRÓPOLIS,0,FALSE,"0,255214","25,5214",420,248,248,0,"1,818182","11,255411",231,"1.645,68","16,46"
244,431490205000256P,PETRÓPOLIS,0,FALSE,"0,047105","4,7105",366,240,240,0,"2,044693","4,469274",179,"7.769,88","77,70"
245,431490205000257P,JARDIM BOTÂNICO,0,FALSE,"0,016272","1,6272",542,323,323,0,"1,935714","4,285714",280,"33.308,75","333,09"
246,431490205000258P,JARDIM BOTÂNICO,0,FALSE,"0,029795","2,9795",507,306,306,0,"1,935115","6,48855",262,"17.016,28","170,16"
247,431490205000259P,JARDIM BOTÂNICO,0,FALSE,"0,071075","7,1075",636,265,264,1,"2,602459","7,786885",244,"8.948,29","89,48"
248,431490205000260P,JARDIM BOTÂNICO,0,FALSE,"0,026107","2,6107",410,238,238,0,"2,081218","2,030457",197,"15.704,60","157,05"
249,431490205000261P,JARDIM BOTÂNICO,0,FALSE,"0,044368","4,4368",495,316,316,0,"1,941176","2,745098",255,"11.156,69","111,57"
250,431490205000262P,JARDIM BOTÂNICO,0,FALSE,"0,043232","4,3232",569,358,358,0,"1,865574","3,934426",305,"13.161,55","131,62"
251,431490205000263P,JARDIM BOTÂNICO,0,FALSE,"0,044436","4,4436",472,325,325,0,"1,865613","3,557312",253,"10.622,02","106,22"
252,431490205000264P,JARDIM BOTÂNICO,0,FALSE,"0,016527","1,6527",265,222,222,0,"1,754967","3,97351",151,"16.034,37","160,34"
253,431490205000265P,JARDIM BOTÂNICO,0,FALSE,"0,015659","1,5659",308,229,228,1,"1,711111",5,180,"19.669,20","196,69"
254,431490205000266P,JARDIM BOTÂNICO,0,FALSE,"0,03388","3,388",492,368,368,0,"1,673469","3,061224",294,"14.521,84","145,22"
255,431490205000267P,JARDIM BOTÂNICO,0,FALSE,"0,166541","16,6541",691,439,439,0,"1,847594","1,069519",374,"4.149,13","41,49"
256,431490205000268P,JARDIM BOTÂNICO,0,FALSE,"0,033326","3,3326",371,232,232,0,"1,942408","5,759162",191,"11.132,45","111,32"
257,431490205000269P,JARDIM BOTÂNICO,0,FALSE,"0,026878","2,6878",421,260,260,0,"2,033816","5,797101",207,"15.663,37","156,63"
258,431490205000270P,JARDIM BOTÂNICO,0,FALSE,"0,031548","3,1548",434,265,265,0,"2,009259","1,851852",216,"13.756,82","137,57"
259,431490205000271P,JARDIM BOTÂNICO,0,FALSE,"0,049103","4,9103",578,361,361,0,"2,064286","2,142857",280,"11.771,17","117,71"
260,431490205000272P,JARDIM BOTÂNICO,0,FALSE,"0,244362","24,4362",414,263,262,1,"2,164835","3,296703",182,"1.694,21","16,94"
261,431490205000273P,JARDIM BOTÂNICO,0,FALSE,"0,044468","4,4468",379,277,277,0,"1,895","0,5",200,"8.522,98","85,23"
262,431490205000276P,BOM JESUS,0,FALSE,"0,027157","2,7157",332,267,267,0,"1,865169","3,932584",178,"12.225,21","122,25"
263,431490205000277P,BOM JESUS,0,FALSE,"0,048876","4,8876",528,361,361,0,"1,970149","4,850746",268,"10.802,85","108,03"
264,431490205000278P,BOM JESUS,0,FALSE,"0,080375","8,0375",659,351,351,0,"2,264605","2,061856",291,"8.199,07","81,99"
265,431490205000279P,BOM JESUS,0,FALSE,"0,105443","10,5443",753,456,456,0,"2,353125","11,25",320,"7.141,30","71,41"
266,431490205000280P,BOM JESUS,0,FALSE,"0,082064","8,2064",534,239,239,0,"2,57971","1,449275",207,"6.507,12","65,07"
267,431490205000281P,BOM JESUS,0,FALSE,"0,072623","7,2623",524,308,308,0,"2,079365","2,777778",252,"7.215,35","72,15"
268,431490205000282P,BOM JESUS,0,FALSE,"0,049891","4,9891",393,251,251,0,"2,068421","4,210526",190,"7.877,17","78,77"
269,431490205000283P,BOM JESUS,0,FALSE,"0,077144","7,7144",331,164,164,0,"2,488722","0,75188",133,"4.290,68","42,91"
270,431490205000284P,BOM JESUS,0,FALSE,"0,075728","7,5728",757,381,381,0,"2,548822","4,377104",297,"9.996,30","99,96"
271,431490205000285P,BOM JESUS,0,FALSE,"0,084624","8,4624",625,280,280,0,"2,561475","4,508197",244,"7.385,61","73,86"
272,431490205000286P,BOM JESUS,0,FALSE,"0,025898","2,5898",670,267,267,0,"2,780083","7,46888",241,"25.870,72","258,71"
273,431490205000287P,BOM JESUS,0,FALSE,"0,049839","4,9839",569,254,254,0,"2,816832","4,950495",202,"11.416,76","114,17"
274,431490205000288P,BOM JESUS,0,FALSE,"0,056251","5,6251",569,302,302,0,"2,294355","4,83871",248,"10.115,38","101,15"
275,431490205000289P,BOM JESUS,0,FALSE,"0,098032","9,8032",593,319,319,0,"2,307393","4,669261",257,"6.049,05","60,49"
276,431490205000290P,BOM JESUS,0,FALSE,"0,097753","9,7753",505,212,212,0,"2,643979","2,094241",191,"5.166,08","51,66"
277,431490205000291P,BOM JESUS,0,FALSE,"0,070792","7,0792",476,235,235,0,"2,38",2,200,"6.723,92","67,24"
278,431490205000292P,BOM JESUS,0,FALSE,"0,058397","5,8397",467,269,269,0,"2,432292","1,041667",192,"7.996,99","79,97"
279,431490205000293P,BOM JESUS,0,FALSE,"0,040047","4,0047",436,194,194,0,"2,595238","2,97619",168,"10.887,21","108,87"
280,431490205000294P,BOM JESUS,0,FALSE,"0,020885","2,0885",601,210,210,0,"3,020101","5,025126",199,"28.776,63","287,77"
281,431490205000295P,BOM JESUS,0,FALSE,"0,016398","1,6398",383,138,138,0,"2,901515","3,030303",132,"23.356,51","233,57"
282,431490205000296P,BOM JESUS,0,FALSE,"0,031145","3,1145",808,283,283,0,"3,15625","3,90625",256,"25.943,17","259,43"
283,431490205000297P,BOM JESUS,0,FALSE,"0,03427","3,427",669,246,246,0,3,"1,793722",223,"19.521,45","195,21"
284,431490205000298P,BOM JESUS,0,FALSE,"0,027043","2,7043",574,177,177,0,"3,356725","2,339181",171,"21.225,46","212,25"
285,431490205000299P,BOM JESUS,0,FALSE,"0,052196","5,2196",559,218,218,0,"2,795",0,200,"10.709,63","107,10"
286,431490205000300P,BOM JESUS,0,FALSE,"0,076969","7,6969",804,308,308,0,"2,772414","0,689655",290,"10.445,76","104,46"
287,431490205000301P,BOM JESUS,0,FALSE,"0,026124","2,6124",457,169,169,0,"2,910828","4,458599",157,"17.493,49","174,93"
288,431490205000302P,BOM JESUS,0,FALSE,"0,030533","3,0533",491,175,175,0,"3,251656","3,311258",151,"16.080,96","160,81"
289,431490205000303P,BOM JESUS,0,FALSE,"0,028569","2,8569",422,153,153,0,"3,080292","7,29927",137,"14.771,26","147,71"
290,431490205000304P,BOM JESUS,0,FALSE,"0,017548","1,7548",461,160,160,0,"3,201389","4,166667",144,"26.270,80","262,71"
291,431490205000305P,BOM JESUS,0,FALSE,"0,031983","3,1983",613,208,208,0,"3,226316","3,157895",190,"19.166,43","191,66"
292,431490205000306P,BOM JESUS,0,FALSE,"0,037036","3,7036",715,235,235,0,"3,26484","2,283105",219,"19.305,54","193,06"
293,431490205000307P,BOM JESUS,0,FALSE,"0,043543","4,3543",657,214,214,0,"3,335025","4,568528",197,"15.088,53","150,89"
294,431490205000308P,BOM JESUS,0,FALSE,"0,022807","2,2807",552,190,190,0,"3,032967","2,747253",182,"24.203,10","242,03"
295,431490205000309P,BOM JESUS,0,FALSE,"0,052036","5,2036",787,270,270,0,"3,22541","4,098361",244,"15.124,14","151,24"
296,431490205000310P,BOM JESUS,0,FALSE,"0,040287","4,0287",845,332,332,0,"2,779605","1,315789",304,"20.974,51","209,75"
297,431490205000311P,BOM JESUS,0,FALSE,"0,028599","2,8599",720,233,233,0,"3,478261","3,864734",207,"25.175,71","251,76"
298,431490205000312P,BOM JESUS,0,FALSE,"0,053077","5,3077",630,229,229,0,"3,073171","5,365854",205,"11.869,55","118,70"
299,431490205000313P,JARDIM DO SALSO,0,FALSE,"0,088011","8,8011",577,339,339,0,"2,20229","2,290076",262,"6.556,00","65,56"
300,431490205000314P,JARDIM DO SALSO,0,FALSE,"0,073142","7,3142",600,384,384,0,"2,097902","0,34965",286,"8.203,22","82,03"
301,431490205000315P,JARDIM DO SALSO,0,FALSE,"0,048253","4,8253",143,96,96,0,"2,234375",0,64,"2.963,55","29,64"
302,431490205000316P,JARDIM DO SALSO,0,FALSE,"0,0148","1,48",318,229,229,0,"1,786517","3,932584",178,"21.486,49","214,86"
303,431490205000317P,JARDIM DO SALSO,0,FALSE,"0,011654","1,1654",212,152,151,1,"1,77193","6,140351",114,"18.191,18","181,91"
304,431490205000318P,JARDIM DO SALSO,0,FALSE,"0,027526","2,7526",352,259,259,0,"1,842932","5,235602",191,"12.787,91","127,88"
305,431490205000319P,JARDIM DO SALSO,0,FALSE,"0,013144","1,3144",349,179,179,0,"2,065089",0,169,"26.552,04","265,52"
306,431490205000320P,JARDIM DO SALSO,0,FALSE,"0,068455","6,8455",473,278,278,0,"2,318627","5,392157",204,"6.909,65","69,10"
307,431490205000321P,JARDIM DO SALSO,0,FALSE,"0,145512","14,5512",489,260,260,0,"2,012346","0,411523",243,"3.360,55","33,61"
308,431490205000324P,JARDIM CARVALHO,0,FALSE,"0,080926","8,0926",891,359,358,1,"2,811502","4,153355",313,"11.010,06","110,10"
309,431490205000325P,JARDIM CARVALHO,0,FALSE,"0,087517","8,7517",496,336,336,0,"1,984","1,6",250,"5.667,47","56,67"
310,431490205000326P,JARDIM CARVALHO,0,FALSE,"0,020549","2,0549",533,333,333,0,"1,903571",5,280,"25.938,00","259,38"
311,431490205000327P,JARDIM CARVALHO,0,FALSE,"0,078005","7,8005",511,270,270,0,"2,542289",0,201,"6.550,86","65,51"
312,431490205000328P,JARDIM CARVALHO,0,FALSE,"0,061925","6,1925",509,226,226,0,"2,796703","4,945055",182,"8.219,62","82,20"
313,431490205000329P,JARDIM CARVALHO,0,FALSE,"0,081768","8,1768",741,337,337,0,"2,62766","1,41844",282,"9.062,22","90,62"
314,431490205000331P,BOM JESUS,0,FALSE,"0,030778","3,0778",691,268,268,0,"2,764","1,2",250,"22.451,10","224,51"
315,431490205000332P,BOM JESUS,0,FALSE,"0,025564","2,5564",420,172,172,0,"2,608696","1,242236",161,"16.429,35","164,29"
316,431490205000333P,JARDIM CARVALHO,0,FALSE,"0,036321","3,6321",385,159,159,0,"2,916667","0,757576",132,"10.599,93","106,00"
317,431490205000334P,JARDIM CARVALHO,0,FALSE,"0,04825","4,825",325,156,156,0,"2,754237",0,118,"6.735,75","67,36"
318,431490205000335P,JARDIM CARVALHO,0,FALSE,"0,08411","8,411",759,273,273,0,"3,110656","0,409836",244,"9.023,90","90,24"
319,431490205000336P,JARDIM CARVALHO,0,FALSE,"0,039466","3,9466",409,180,180,0,"2,572327","1,257862",159,"10.363,35","103,63"
320,431490205000337P,JARDIM CARVALHO,0,FALSE,"0,043857","4,3857",433,193,193,0,"2,830065","5,228758",153,"9.873,00","98,73"
321,431490205000338P,JARDIM CARVALHO,0,FALSE,"0,049834","4,9834",446,190,190,0,"2,770186","2,484472",161,"8.949,71","89,50"
322,431490205000339P,JARDIM CARVALHO,0,FALSE,"0,058773","5,8773",655,269,269,0,"2,775424","1,694915",236,"11.144,57","111,45"
323,431490205000340P,JARDIM CARVALHO,0,FALSE,"0,027173","2,7173",471,223,223,0,"2,478947","5,789474",190,"17.333,38","173,33"
324,431490205000343P,JARDIM CARVALHO,0,FALSE,"0,148878","14,8878",727,330,330,0,"2,817829","3,488372",258,"4.883,19","48,83"
325,431490205000344P,JARDIM CARVALHO,0,FALSE,"0,28605","28,605",916,412,412,0,"2,84472","1,863354",322,"3.202,24","32,02"
326,431490205000345P,JARDIM CARVALHO,0,FALSE,"0,087792","8,7792",780,344,344,0,"2,867647","0,735294",272,"8.884,64","88,85"
327,431490205000346P,JARDIM CARVALHO,0,FALSE,"0,145141","14,5141",752,335,335,0,"2,816479","1,123596",267,"5.181,17","51,81"
328,431490205000347P,JARDIM CARVALHO,0,FALSE,"0,026473","2,6473",376,176,176,0,"2,457516","3,267974",153,"14.203,15","142,03"
329,431490205000348P,JARDIM CARVALHO,0,FALSE,"0,396709","39,6709",674,278,278,0,"2,995556","2,666667",225,"1.698,98","16,99"
330,431490205000349P,JARDIM CARVALHO,0,FALSE,"0,051506","5,1506",536,228,228,0,"2,707071","0,505051",198,"10.406,55","104,07"
331,431490205000350P,JARDIM CARVALHO,0,FALSE,"0,100329","10,0329",700,323,323,0,"2,554745","2,189781",274,"6.977,05","69,77"
332,431490205000351P,JARDIM CARVALHO,0,FALSE,"0,230463","23,0463",799,350,350,0,"2,504702","0,626959",319,"3.466,93","34,67"
333,431490205000354P,JARDIM CARVALHO,0,FALSE,"0,025154","2,5154",380,252,252,0,"1,835749","2,898551",207,"15.106,94","151,07"
334,431490205000355P,JARDIM CARVALHO,0,FALSE,"0,031464","3,1464",588,288,288,0,"2,296875","3,515625",256,"18.688,02","186,88"
335,431490205000356P,MORRO SANTANA,0,FALSE,"0,098063","9,8063",717,393,393,0,"2,146707","2,095808",334,"7.311,63","73,12"
336,431490205000357P,MORRO SANTANA,0,FALSE,"0,053292","5,3292",930,546,546,0,"2,128146","4,118993",437,"17.451,02","174,51"
337,431490205000358P,MORRO SANTANA,0,FALSE,"0,232576","23,2576",1159,594,594,0,"2,285996","1,775148",507,"4.983,32","49,83"
338,431490205000359P,JARDIM CARVALHO,0,FALSE,"0,318326","31,8326",481,217,217,0,"2,95092","1,840491",163,"1.511,03","15,11"
339,431490205000360P,MORRO SANTANA,0,FALSE,"0,151713","15,1713",592,268,268,0,"2,487395","2,10084",238,"3.902,10","39,02"
340,431490205000362P,MORRO SANTANA,0,FALSE,"0,309531","30,9531",461,165,165,0,"3,05298","1,986755",151,"1.489,35","14,89"
341,431490205000363P,MORRO SANTANA,0,FALSE,"0,072479","7,2479",938,319,319,0,"3,116279","2,657807",301,"12.941,68","129,42"
342,431490205000365P,MORRO SANTANA,0,FALSE,"0,065996","6,5996",610,307,307,0,"2,346154","2,307692",260,"9.242,98","92,43"
343,431490205000366P,MORRO SANTANA,0,FALSE,"0,042196","4,2196",470,191,191,0,"2,716763","2,312139",173,"11.138,50","111,38"
344,431490205000367P,MORRO SANTANA,0,FALSE,"0,052788","5,2788",964,370,370,0,"2,794203","0,289855",345,"18.261,73","182,62"
345,431490205000368P,MORRO SANTANA,0,FALSE,"0,162212","16,2212",561,262,262,0,"2,697115","3,846154",208,"3.458,44","34,58"
346,431490205000369P,MORRO SANTANA,0,FALSE,"0,048186","4,8186",494,223,223,0,"2,457711","3,482587",201,"10.251,94","102,52"
347,431490205000370P,MORRO SANTANA,0,FALSE,"0,053899","5,3899",266,140,140,0,"2,293103","1,724138",116,"4.935,16","49,35"
348,431490205000371P,MORRO SANTANA,0,FALSE,"0,063837","6,3837",274,131,131,0,"2,537037","5,555556",108,"4.292,18","42,92"
349,431490205000372P,MORRO SANTANA,0,FALSE,"0,050565","5,0565",332,170,170,0,"2,423358","2,189781",137,"6.565,81","65,66"
350,431490205000373P,MORRO SANTANA,0,FALSE,"0,473718","47,3718",503,244,244,0,"2,502488","0,497512",201,"1.061,81","10,62"
351,431490205000375P,MÁRIO QUINTANA,0,FALSE,"0,03826","3,826",463,203,203,0,"2,723529","0,588235",170,"12.101,41","121,01"
352,431490205000376P,MÁRIO QUINTANA,0,FALSE,"0,039047","3,9047",732,290,290,0,"2,859375","3,125",256,"18.746,64","187,47"
353,431490205000377P,MÁRIO QUINTANA,0,FALSE,"0,025836","2,5836",426,146,146,0,"3,109489",0,137,"16.488,62","164,89"
354,431490205000378P,MÁRIO QUINTANA,0,FALSE,"0,659873","65,9873",1072,403,403,0,"2,961326","0,828729",362,"1.624,56","16,25"
355,431490205000379P,AGRONOMIA,0,TRUE,"4,495553","449,5553",680,254,252,2,"2,763158",0,228,"151,26","1,51"
356,431490205000380P,LOMBA DO PINHEIRO,0,FALSE,"0,44699","44,699",739,378,377,1,"2,411184","6,578947",304,"1.653,28","16,53"
357,431490205000381P,LOMBA DO PINHEIRO,0,FALSE,"0,093343","9,3343",592,258,258,0,"2,805687","5,21327",211,"6.342,20","63,42"
358,431490205000382P,LOMBA DO PINHEIRO,0,FALSE,"0,241461","24,1461",970,382,382,0,"2,97546","4,601227",326,"4.017,21","40,17"
359,431490205000383P,LOMBA DO PINHEIRO,0,FALSE,"0,439211","43,9211",837,359,359,0,"2,936842","3,508772",285,"1.905,69","19,06"
360,431490205000384P,LOMBA DO PINHEIRO,0,FALSE,"0,089238","8,9238",843,392,392,0,"2,745928","3,908795",307,"9.446,65","94,47"
361,431490205000386P,LOMBA DO PINHEIRO,0,FALSE,"0,086116","8,6116",654,273,273,0,"2,794872","6,410256",234,"7.594,41","75,94"
362,431490205000387P,LOMBA DO PINHEIRO,0,FALSE,"0,051292","5,1292",480,175,175,0,"3,018868","5,031447",159,"9.358,18","93,58"
363,431490205000388P,LOMBA DO PINHEIRO,0,FALSE,"0,184978","18,4978",980,421,421,0,"2,5","10,714286",392,"5.297,93","52,98"
364,431490205000389P,LOMBA DO PINHEIRO,0,FALSE,"0,222619","22,2619",681,305,305,0,"2,589354","6,844106",263,"3.059,04","30,59"
365,431490205000390P,LOMBA DO PINHEIRO,0,FALSE,"0,236429","23,6429",939,353,353,0,"2,862805","2,134146",328,"3.971,59","39,72"
366,431490205000391P,LOMBA DO PINHEIRO,0,FALSE,"0,278525","27,8525",514,266,266,0,"2,45933","8,61244",209,"1.845,44","18,45"
367,431490205000392P,AGRONOMIA,0,FALSE,"3,678358","367,8358",296,127,127,0,"3,051546",0,97,"80,47","0,80"
368,431490205000393P,VILA SÃO JOSÉ,0,FALSE,"0,057189","5,7189",478,324,317,7,"1,974468","2,12766",235,"8.358,25","83,58"
369,431490205000394P,VILA SÃO JOSÉ,0,FALSE,"0,111457","11,1457",560,368,366,2,"2,143426","0,796813",251,"5.024,36","50,24"
370,431490205000395P,VILA SÃO JOSÉ,0,FALSE,"0,086609","8,6609",608,259,259,0,"2,491803","6,147541",244,"7.020,06","70,20"
371,431490205000396P,VILA SÃO JOSÉ,0,FALSE,"0,0411","4,11",411,164,164,0,"2,914894","5,673759",141,"10.000,00","100,00"
372,431490205000398P,VILA SÃO JOSÉ,0,FALSE,"0,047707","4,7707",606,355,355,0,"2,089655","4,482759",290,"12.702,54","127,03"
373,431490205000399P,VILA SÃO JOSÉ,0,FALSE,"0,080331","8,0331",772,359,359,0,"2,506494","11,363636",308,"9.610,24","96,10"
374,431490205000400P,VILA SÃO JOSÉ,0,FALSE,"0,082715","8,2715",768,361,360,1,"2,538206","3,322259",301,"9.284,89","92,85"
375,431490205000401P,VILA SÃO JOSÉ,0,FALSE,"0,065976","6,5976",630,310,310,0,"2,342007","5,576208",269,"9.548,93","95,49"
376,431490205000402P,VILA SÃO JOSÉ,0,FALSE,"0,065714","6,5714",615,292,292,0,"2,42126","6,299213",254,"9.358,74","93,59"
377,431490205000403P,VILA SÃO JOSÉ,0,FALSE,"0,047368","4,7368",453,222,222,0,"2,396825","4,232804",189,"9.563,42","95,63"
378,431490205000404P,VILA JOÃO PESSOA,0,FALSE,"0,044213","4,4213",416,166,166,0,"2,701299","0,649351",154,"9.409,00","94,09"
379,431490205000405P,VILA SÃO JOSÉ,0,FALSE,"0,047518","4,7518",562,235,235,0,"2,754902","1,960784",204,"11.827,10","118,27"
380,431490205000406P,VILA SÃO JOSÉ,0,FALSE,"0,064483","6,4483",610,290,290,0,"2,772727","2,727273",220,"9.459,86","94,60"
381,431490205000407P,VILA SÃO JOSÉ,0,FALSE,"0,069908","6,9908",734,342,342,0,"2,367742","3,870968",310,"10.499,51","105,00"
382,431490205000408P,VILA SÃO JOSÉ,0,FALSE,"0,059863","5,9863",629,286,286,0,"2,609959","2,904564",241,"10.507,33","105,07"
383,431490205000409P,VILA SÃO JOSÉ,0,FALSE,"0,041024","4,1024",478,246,246,0,"2,670391",0,179,"11.651,72","116,52"
384,431490205000410P,VILA SÃO JOSÉ,0,FALSE,"0,019668","1,9668",323,125,125,0,"2,990741","4,62963",108,"16.422,62","164,23"
385,431490205000411P,VILA SÃO JOSÉ,0,FALSE,"0,056668","5,6668",780,320,320,0,"2,756184","4,240283",283,"13.764,38","137,64"
386,431490205000412P,VILA SÃO JOSÉ,0,FALSE,"0,052173","5,2173",775,285,285,0,"2,935606","3,030303",264,"14.854,43","148,54"
387,431490205000413P,VILA SÃO JOSÉ,0,FALSE,"0,057355","5,7355",953,343,343,0,"2,819527","1,775148",338,"16.615,81","166,16"
388,431490205000414P,VILA SÃO JOSÉ,0,FALSE,"0,059403","5,9403",896,316,316,0,"3,188612","1,067616",281,"15.083,41","150,83"
389,431490205000415P,VILA SÃO JOSÉ,0,FALSE,"0,064196","6,4196",639,294,294,0,"2,684874","5,042017",238,"9.953,89","99,54"
390,431490205000416P,VILA SÃO JOSÉ,0,FALSE,"0,060979","6,0979",609,245,245,0,"2,9","5,714286",210,"9.987,04","99,87"
391,431490205000417P,VILA JOÃO PESSOA,0,FALSE,"0,029903","2,9903",422,159,159,0,"3,035971","2,877698",139,"14.112,30","141,12"
392,431490205000418P,VILA SÃO JOSÉ,0,FALSE,"0,027523","2,7523",349,136,136,0,"3,008621","6,896552",116,"12.680,30","126,80"
393,431490205000419P,VILA SÃO JOSÉ,0,FALSE,"0,027513","2,7513",422,178,178,0,"2,705128","3,846154",156,"15.338,20","153,38"
394,431490205000420P,VILA SÃO JOSÉ,0,FALSE,"0,061867","6,1867",841,333,333,0,"2,930314","4,181185",287,"13.593,68","135,94"
395,431490205000421P,VILA SÃO JOSÉ,0,FALSE,"0,053054","5,3054",756,256,256,0,"3,258621","3,017241",232,"14.249,63","142,50"
396,431490205000422P,VILA SÃO JOSÉ,0,FALSE,"0,064086","6,4086",829,327,327,0,"2,888502","2,787456",287,"12.935,74","129,36"
397,431490205000423P,VILA SÃO JOSÉ,0,FALSE,"0,069519","6,9519",1088,422,422,0,"2,818653","5,181347",386,"15.650,40","156,50"
398,431490205000424P,VILA SÃO JOSÉ,0,FALSE,"0,049514","4,9514",589,229,229,0,"2,714286","6,451613",217,"11.895,63","118,96"
399,431490205000427P,VILA SÃO JOSÉ,0,FALSE,"0,235625","23,5625",1474,477,477,0,"3,142857","3,411514",469,"6.255,70","62,56"
400,431490205000428P,VILA SÃO JOSÉ,0,FALSE,"0,032046","3,2046",383,139,139,0,"2,923664","1,526718",131,"11.951,57","119,52"
401,431490205000429P,CEL. APARICIO BORGES,0,FALSE,"0,032518","3,2518",603,208,208,0,"2,913043","6,280193",207,"18.543,58","185,44"
402,431490205000430P,VILA JOÃO PESSOA,0,FALSE,"0,050322","5,0322",386,214,214,0,"2,297619","6,547619",168,"7.670,60","76,71"
403,431490205000431P,VILA JOÃO PESSOA,0,FALSE,"0,063922","6,3922",498,280,280,0,"2,155844","4,761905",231,"7.790,74","77,91"
404,431490205000432P,VILA JOÃO PESSOA,0,FALSE,"0,088684","8,8684",628,318,317,1,"2,145329","2,422145",289,"7.081,32","70,81"
405,431490205000433P,VILA JOÃO PESSOA,0,FALSE,"0,071015","7,1015",518,288,288,0,"2,097166",0,247,"7.294,23","72,94"
406,431490205000434P,VILA JOÃO PESSOA,0,FALSE,"0,072758","7,2758",479,267,266,1,"2,263415","5,365854",205,"6.583,47","65,83"
407,431490205000435P,VILA JOÃO PESSOA,0,FALSE,"0,050178","5,0178",354,194,191,3,"2,245161","1,935484",155,"7.054,88","70,55"
408,431490205000436P,VILA JOÃO PESSOA,0,FALSE,"0,047252","4,7252",358,164,163,1,"2,482517","2,097902",143,"7.576,40","75,76"
409,431490205000437P,VILA JOÃO PESSOA,0,FALSE,"0,050443","5,0443",349,165,162,3,"2,278571","2,142857",140,"6.918,70","69,19"
410,431490205000438P,VILA JOÃO PESSOA,0,FALSE,"0,031991","3,1991",541,200,200,0,"2,78866","4,123711",194,"16.911,01","169,11"
411,431490205000439P,VILA JOÃO PESSOA,0,FALSE,"0,098566","9,8566",527,255,255,0,"2,451163","1,860465",215,"5.346,67","53,47"
412,431490205000440P,VILA JOÃO PESSOA,0,FALSE,"0,052096","5,2096",334,159,159,0,"2,352113","2,816901",142,"6.411,24","64,11"
413,431490205000441P,VILA JOÃO PESSOA,0,FALSE,"0,038183","3,8183",241,107,107,0,"2,738636","4,545455",88,"6.311,71","63,12"
414,431490205000442P,VILA JOÃO PESSOA,0,FALSE,"0,037147","3,7147",670,230,230,0,"3,252427","2,427184",206,"18.036,45","180,36"
415,431490205000443P,VILA JOÃO PESSOA,0,FALSE,"0,021041","2,1041",246,144,144,0,"2,510204","6,122449",98,"11.691,46","116,91"
416,431490205000444P,VILA JOÃO PESSOA,0,FALSE,"0,026696","2,6696",627,196,196,0,"3,582857","9,142857",175,"23.486,66","234,87"
417,431490205000445P,VILA JOÃO PESSOA,0,FALSE,"0,035824","3,5824",676,240,240,0,"3,058824","4,524887",221,"18.870,03","188,70"
418,431490205000446P,VILA JOÃO PESSOA,0,FALSE,"0,052245","5,2245",762,306,306,0,"3,060241","2,811245",249,"14.585,13","145,85"
419,431490205000447P,CEL. APARICIO BORGES,0,FALSE,"0,047356","4,7356",263,200,200,0,"1,718954","15,03268",153,"5.553,68","55,54"
420,431490205000448P,CEL. APARICIO BORGES,0,FALSE,"0,046084","4,6084",441,200,200,0,"2,672727","3,030303",165,"9.569,48","95,69"
421,431490205000449P,CEL. APARICIO BORGES,0,FALSE,"0,167503","16,7503",378,204,204,0,"2,407643","11,464968",157,"2.256,68","22,57"
422,431490205000450P,CEL. APARICIO BORGES,0,FALSE,"0,031697","3,1697",476,197,197,0,"2,8","8,823529",170,"15.017,19","150,17"
423,431490205000451P,CEL. APARICIO BORGES,0,FALSE,"0,041564","4,1564",357,145,145,0,"2,684211","0,75188",133,"8.589,16","85,89"
424,431490205000452P,CEL. APARICIO BORGES,0,FALSE,"0,038613","3,8613",467,185,185,0,"2,865031","7,97546",163,"12.094,37","120,94"
425,431490205000453P,PARTENON,0,FALSE,"0,083715","8,3715",361,159,158,1,"2,610294","0,735294",136,"4.312,25","43,12"
426,431490205000454P,PARTENON,0,FALSE,"0,126254","12,6254",591,308,308,0,"2,335968","1,976285",253,"4.681,04","46,81"
427,431490205000455P,PARTENON,0,FALSE,"0,050198","5,0198",451,213,213,0,"2,668639","2,95858",169,"8.984,42","89,84"
428,431490205000456P,PARTENON,0,FALSE,"0,010885","1,0885",248,82,82,0,"3,1",0,80,"22.783,65","227,84"
429,431490205000457P,PARTENON,0,FALSE,"0,03723","3,723",299,123,123,0,"2,99",0,100,"8.031,16","80,31"
430,431490205000459P,GLÓRIA,0,FALSE,"0,052982","5,2982",894,474,474,0,"2,298201","5,141388",389,"16.873,66","168,74"
431,431490205000460P,GLÓRIA,0,FALSE,"0,086482","8,6482",500,244,244,0,"2,293578",0,218,"5.781,55","57,82"
432,431490205000461P,CEL. APARICIO BORGES,0,FALSE,"0,050214","5,0214",615,230,230,0,"2,77027","5,405405",222,"12.247,58","122,48"
433,431490205000462P,CEL. APARICIO BORGES,0,FALSE,"0,041096","4,1096",74,25,25,0,"3,083333","4,166667",24,"1.800,66","18,01"
434,431490205000463P,CEL. APARICIO BORGES,0,FALSE,"0,038373","3,8373",489,182,182,0,"2,843023","7,55814",172,"12.743,34","127,43"
435,431490205000465P,CEL. APARICIO BORGES,0,FALSE,"0,07679","7,679",2033,4,0,4,0,0,0,"26.474,80","264,75"
436,431490205000466P,CEL. APARICIO BORGES,0,FALSE,"0,096823","9,6823",1211,449,449,0,"2,836066","6,323185",427,"12.507,36","125,07"
437,431490205000468P,VILA JOÃO PESSOA,0,FALSE,"0,090366","9,0366",778,308,308,0,"2,637288","4,067797",295,"8.609,43","86,09"
438,431490205000469P,CEL. APARICIO BORGES,0,FALSE,"0,05254","5,254",655,258,258,0,"2,599206","3,571429",252,"12.466,69","124,67"
439,431490205000471P,CEL. APARICIO BORGES,0,FALSE,"0,19402","19,402",488,220,220,0,"2,757062","3,954802",177,"2.515,20","25,15"
440,431490205000472P,CEL. APARICIO BORGES,0,FALSE,"0,252857","25,2857",823,314,314,0,"2,818493","6,849315",292,"3.254,80","32,55"
441,431490205000473P,CEL. APARICIO BORGES,0,FALSE,"0,065438","6,5438",638,244,244,0,"2,995305","3,286385",213,"9.749,69","97,50"
442,431490205000474P,CEL. APARICIO BORGES,0,FALSE,"0,057165","5,7165",775,301,301,0,"2,777778","3,942652",279,"13.557,25","135,57"
443,431490205000475P,CEL. APARICIO BORGES,0,FALSE,"0,066259","6,6259",768,281,281,0,"2,920152","3,802281",263,"11.590,88","115,91"
444,431490205000476P,CEL. APARICIO BORGES,0,FALSE,"0,060108","6,0108",833,278,278,0,"3,051282","1,831502",273,"13.858,39","138,58"
445,431490205000479P,TERESÓPOLIS,0,FALSE,"0,116509","11,6509",432,336,336,0,"2,226804","4,123711",194,"3.707,87","37,08"
446,431490205000480P,TERESÓPOLIS,0,FALSE,"0,013632","1,3632",196,166,165,1,"1,911765","0,980392",102,"14.377,93","143,78"
447,431490205000481P,TERESÓPOLIS,0,FALSE,"0,029171","2,9171",237,252,252,0,"1,866142","1,574803",127,"8.124,51","81,25"
448,431490205000482P,GLÓRIA,0,FALSE,"0,077981","7,7981",483,232,232,0,"2,322115","7,692308",208,"6.193,82","61,94"
449,431490205000483P,GLÓRIA,0,FALSE,"0,144679","14,4679",435,211,210,1,"2,366667","2,222222",180,"3.006,66","30,07"
450,431490205000484P,GLÓRIA,0,FALSE,"0,04675","4,675",691,369,368,1,"2,255034","3,691275",298,"14.780,75","147,81"
451,431490205000485P,PARTENON,0,FALSE,"0,089299","8,9299",439,323,322,1,"2,131068","0,485437",206,"4.916,07","49,16"
452,431490205000486P,PARTENON,0,FALSE,"0,006499","0,6499",305,214,214,0,"1,773256","4,069767",172,"46.930,30","469,30"
453,431490205000487P,GLÓRIA,0,FALSE,"0,082336","8,2336",321,177,176,1,"2,6","1,73913",115,"3.898,66","38,99"
454,431490205000488P,GLÓRIA,0,FALSE,"0,193095","19,3095",932,406,404,2,"2,47619","1,40056",357,"4.826,64","48,27"
455,431490205000489P,GLÓRIA,0,FALSE,"0,102421","10,2421",383,189,188,1,"2,503268","1,30719",153,"3.739,47","37,39"
456,431490205000490P,GLÓRIA,0,FALSE,"0,161465","16,1465",715,381,381,0,"2,147147","3,303303",333,"4.428,20","44,28"
457,431490205000491P,PARTENON,0,FALSE,"0,029222","2,9222",261,145,145,0,"2,462264",0,106,"8.931,63","89,32"
458,431490205000492P,PARTENON,0,FALSE,"0,01576","1,576",358,315,315,0,"1,479339","1,239669",242,"22.715,74","227,16"
459,431490205000493P,PARTENON,0,FALSE,"0,038059","3,8059",448,315,315,0,"1,756863",0,255,"11.771,20","117,71"
460,431490205000494P,PARTENON,0,FALSE,"0,045408","4,5408",718,460,460,0,"1,924933","1,340483",373,"15.812,19","158,12"
461,431490205000496P,PARTENON,0,FALSE,"0,042352","4,2352",611,360,360,0,"2,050336","3,691275",298,"14.426,71","144,27"
462,431490205000497P,PARTENON,0,FALSE,"0,100998","10,0998",764,425,425,0,"2,240469","2,932551",341,"7.564,51","75,65"
463,431490205000498P,PARTENON,0,FALSE,"0,064389","6,4389",368,195,194,1,"2,070175","11,111111",171,"5.715,26","57,15"
464,431490205000499P,PARTENON,0,FALSE,"0,049281","4,9281",378,257,254,3,"2,022222","6,111111",180,"7.670,30","76,70"
465,431490205000500P,PARTENON,0,FALSE,"0,075044","7,5044",558,319,316,3,"2,186235","5,263158",247,"7.435,64","74,36"
466,431490205000501P,PARTENON,0,FALSE,"0,080342","8,0342",565,330,328,2,"2,156489","3,435115",262,"7.032,44","70,32"
467,431490205000502P,PARTENON,0,FALSE,"0,052305","5,2305",538,298,298,0,"2,22314","3,305785",242,"10.285,82","102,86"
468,431490205000503P,PARTENON,0,FALSE,"0,032326","3,2326",472,279,278,1,"2,14218","2,843602",211,"14.601,25","146,01"
469,431490205000504P,PARTENON,0,FALSE,"0,035948","3,5948",404,265,263,2,"1,726852","2,777778",216,"11.238,46","112,38"
470,431490205000505P,PARTENON,0,FALSE,"0,018267","1,8267",283,236,236,0,"1,674556","1,775148",169,"15.492,42","154,92"
471,431490205000506P,PARTENON,0,FALSE,"0,054923","5,4923",541,418,416,2,"1,654434","3,669725",327,"9.850,15","98,50"
472,431490205000507P,PARTENON,0,FALSE,"0,053219","5,3219",528,266,266,0,"2,38914","4,072398",221,"9.921,27","99,21"
473,431490205000508P,PARTENON,0,FALSE,"0,07864","7,864",521,258,255,3,"2,375",6,200,"6.625,13","66,25"
474,431490205000509P,PARTENON,0,FALSE,"0,007423","0,7423",423,237,236,1,"2,318182","2,272727",176,"56.985,05","569,85"
475,431490205000510P,PARTENON,0,FALSE,"0,073051","7,3051",432,217,213,4,"2,435583","2,453988",163,"5.913,68","59,14"
476,431490205000511P,PARTENON,0,FALSE,"0,039094","3,9094",419,202,202,0,"2,61875","1,875",160,"10.717,76","107,18"
477,431490205000512P,PARTENON,0,FALSE,"0,030768","3,0768",344,155,155,0,"2,666667","0,775194",129,"11.180,45","111,80"
478,431490205000513P,PARTENON,0,FALSE,"0,031918","3,1918",531,222,222,0,"2,552885","6,25",208,"16.636,38","166,36"
479,431490205000514P,PARTENON,0,FALSE,"0,070022","7,0022",515,250,250,0,"2,614213","1,522843",197,"7.354,83","73,55"
480,431490205000515P,PARTENON,0,FALSE,"0,105108","10,5108",771,384,384,0,"2,495146","0,970874",309,"7.335,31","73,35"
481,431490205000516P,PARTENON,0,FALSE,"0,061198","6,1198",399,193,193,0,"2,360947",0,169,"6.519,82","65,20"
482,431490205000517P,PARTENON,0,FALSE,"0,074463","7,4463",555,259,259,0,"2,846154","4,102564",195,"7.453,37","74,53"
483,431490205000518P,PARTENON,0,FALSE,"0,027014","2,7014",457,207,207,0,"2,838509","0,621118",161,"16.917,15","169,17"
484,431490205000519P,PARTENON,0,FALSE,"0,034102","3,4102",780,274,274,0,"3,157895","0,404858",247,"22.872,56","228,73"
485,431490205000520P,PARTENON,0,FALSE,"0,013302","1,3302",310,129,129,0,"3,131313",0,99,"23.304,77","233,05"
486,431490205000521P,PARTENON,0,FALSE,"0,035091","3,5091",195,104,104,0,"2,378049","1,219512",82,"5.556,98","55,57"
487,431490205000522P,PARTENON,0,FALSE,"0,014056","1,4056",391,151,151,0,"2,896296","8,148148",135,"27.817,30","278,17"
488,431490205000523P,PARTENON,0,FALSE,"0,017548","1,7548",368,194,194,0,"2,591549","4,929577",142,"20.971,05","209,71"
489,431490205000524P,PARTENON,0,FALSE,"0,023432","2,3432",255,131,131,0,"2,5","5,882353",102,"10.882,55","108,83"
490,431490205000525P,PARTENON,0,FALSE,"0,041316","4,1316",525,262,262,0,"2,453271","5,607477",214,"12.706,94","127,07"
491,431490205000526P,PARTENON,0,FALSE,"0,048161","4,8161",429,196,196,0,"2,664596","3,726708",161,"8.907,62","89,08"
492,431490205000527P,PARTENON,0,FALSE,"0,038914","3,8914",250,121,121,0,"3,04878","2,439024",82,"6.424,42","64,24"
493,431490205000528P,PARTENON,0,FALSE,"0,03529","3,529",329,169,169,0,"2,811966",0,117,"9.322,75","93,23"
494,431490205000529P,PARTENON,0,FALSE,"0,048088","4,8088",494,190,190,0,"2,905882","2,941176",170,"10.272,83","102,73"
495,431490205000530P,PARTENON,0,FALSE,"0,027189","2,7189",243,91,91,0,"2,892857","5,952381",84,"8.937,44","89,37"
496,431490205000531P,PARTENON,0,FALSE,"0,061617","6,1617",591,274,274,0,"2,662162","4,954955",222,"9.591,51","95,92"
497,431490205000532P,PARTENON,0,FALSE,"0,037901","3,7901",285,129,129,0,"2,614679","7,33945",109,"7.519,59","75,20"
498,431490205000533P,PARTENON,0,FALSE,"0,048942","4,8942",387,183,183,0,"2,597315",0,149,"7.907,32","79,07"
499,431490205000534P,PARTENON,0,FALSE,"0,074847","7,4847",474,241,240,1,"2,430052","2,590674",193,"6.332,92","63,33"
500,431490205000535P,PARTENON,0,FALSE,"0,268277","26,8277",759,207,200,7,"2,596859","3,141361",191,"2.829,17","28,29"
501,431490205000536P,PARTENON,0,FALSE,"0,029584","2,9584",262,212,212,0,"1,679487","3,846154",156,"8.856,14","88,56"
502,431490205000537P,PARTENON,0,FALSE,"0,042061","4,2061",768,236,234,2,"3,303965","3,524229",227,"18.259,19","182,59"
503,431490205000538P,PARTENON,0,FALSE,"0,043262","4,3262",248,170,169,1,"1,967742","5,645161",124,"5.732,51","57,33"
504,431490205000539P,PARTENON,0,FALSE,"0,056501","5,6501",259,156,156,0,"2,354545","5,454545",110,"4.583,99","45,84"
505,431490205000541P,PARTENON,0,FALSE,"0,482476","48,2476",489,191,189,2,"2,791908","0,578035",173,"1.013,52","10,14"
506,431490205000542P,PARTENON,0,FALSE,"0,052861","5,2861",157,93,91,2,"2,180556","8,333333",72,"2.970,05","29,70"
507,431490205000543P,PARTENON,0,FALSE,"0,043571","4,3571",277,262,262,0,"1,85906","2,684564",149,"6.357,44","63,57"
508,431490205000544P,PARTENON,0,FALSE,"0,017628","1,7628",450,277,277,0,"2,142857",0,210,"25.527,57","255,28"
509,431490205000545P,PARTENON,0,FALSE,"0,004746","0,4746",404,279,279,0,"1,787611","0,884956",226,"85.124,32","851,24"
510,431490205000546P,PARTENON,0,FALSE,"0,030938","3,0938",576,337,334,3,"2,237154","1,976285",253,"18.617,88","186,18"
511,431490205000548P,PARTENON,0,FALSE,"0,226022","22,6022",553,366,365,1,"1,957447","0,35461",282,"2.446,66","24,47"
512,431490205000549P,PARTENON,0,FALSE,"0,010445","1,0445",251,85,85,0,"3,098765","4,938272",81,"24.030,64","240,31"
513,431490205000550P,PARTENON,0,FALSE,"0,048912","4,8912",478,317,317,0,"1,867188","4,296875",256,"9.772,65","97,73"
514,431490205000551P,PARTENON,0,FALSE,"0,046078","4,6078",384,269,269,0,"1,891626","3,940887",203,"8.333,70","83,34"
515,431490205000552P,PARTENON,0,FALSE,"0,132547","13,2547",358,199,198,1,"2,209877","4,320988",162,"2.700,93","27,01"
516,431490205000553P,PARTENON,0,FALSE,"0,04173","4,173",326,187,187,0,"2,144737","3,947368",152,"7.812,13","78,12"
517,431490205000554P,PARTENON,0,FALSE,"0,083291","8,3291",373,175,174,1,"2,503356","2,684564",149,"4.478,27","44,78"
518,431490205000555P,PARTENON,0,FALSE,"0,111654","11,1654",314,153,149,4,"2,393701","5,511811",127,"2.812,26","28,12"
519,431490205000556P,PARTENON,0,FALSE,"0,078615","7,8615",291,219,219,0,"1,732143","2,97619",168,"3.701,58","37,02"
520,431490205000557P,PARTENON,0,FALSE,"0,068927","6,8927",504,329,326,3,"1,972332","2,371542",253,"7.312,08","73,12"
521,431490205000558P,PARTENON,0,FALSE,"0,104538","10,4538",635,466,465,1,"2,251852","4,814815",270,"6.074,35","60,74"
522,431490205000559P,PARTENON,0,FALSE,"0,10712","10,712",495,249,249,0,"2,357143","3,333333",210,"4.620,99","46,21"
523,431490205000561P,PARTENON,0,FALSE,"0,129414","12,9414",805,342,341,1,"2,712329","3,424658",292,"6.220,35","62,20"
524,431490205000562P,PARTENON,0,FALSE,"0,061409","6,1409",260,124,124,0,"2,429907","3,738318",107,"4.233,91","42,34"
525,431490205000563P,PARTENON,0,FALSE,"0,217872","21,7872",903,390,390,0,"2,558074","1,983003",353,"4.144,64","41,45"
526,431490205000564P,PARTENON,0,FALSE,"0,254084","25,4084",1005,451,451,0,"2,672872","1,329787",376,"3.955,38","39,55"
527,431490205000565P,AGRONOMIA,0,FALSE,"0,17601","17,601",670,344,344,0,"2,509363","0,374532",267,"3.806,60","38,07"
528,431490205000566P,AGRONOMIA,0,FALSE,"0,045275","4,5275",343,118,118,0,"3,09009","0,900901",111,"7.575,92","75,76"
529,431490205000567P,SANTO ANTÔNIO,0,FALSE,"0,182375","18,2375",428,229,228,1,"2,266304","4,347826",184,"2.346,81","23,47"
530,431490205000568P,SANTO ANTÔNIO,0,FALSE,"0,086265","8,6265",760,531,530,1,"1,811005","4,545455",418,"8.810,06","88,10"
531,431490205000569P,SANTO ANTÔNIO,0,FALSE,"0,049262","4,9262",553,291,291,0,"2,247967","5,284553",246,"11.225,69","112,26"
532,431490205000570P,SANTO ANTÔNIO,0,FALSE,"0,014606","1,4606",303,212,212,0,"1,782353","10,588235",170,"20.744,90","207,45"
533,431490205000571P,SANTO ANTÔNIO,0,FALSE,"0,008608","0,8608",164,111,111,0,"1,822222","13,333333",90,"19.052,04","190,52"
534,431490205000572P,SANTO ANTÔNIO,0,FALSE,"0,016716","1,6716",423,240,240,0,"2,147208","6,091371",197,"25.305,10","253,05"
535,431490205000573P,SANTO ANTÔNIO,0,FALSE,"0,041941","4,1941",444,286,286,0,"1,905579","1,716738",233,"10.586,30","105,86"
536,431490205000574P,SANTO ANTÔNIO,0,FALSE,"0,015853","1,5853",299,222,222,0,"1,801205","4,216867",166,"18.860,78","188,61"
537,431490205000575P,SANTO ANTÔNIO,0,FALSE,"0,029459","2,9459",289,164,164,0,"2,125","5,147059",136,"9.810,24","98,10"
538,431490205000576P,SANTO ANTÔNIO,0,FALSE,"0,016323","1,6323",585,361,361,0,"1,893204","3,883495",309,"35.839,00","358,39"
539,431490205000577P,SANTO ANTÔNIO,0,FALSE,"0,047499","4,7499",469,308,308,0,"2,030303","2,164502",231,"9.873,89","98,74"
540,431490205000578P,SANTO ANTÔNIO,0,FALSE,"0,040991","4,0991",330,190,190,0,"2,214765","4,026846",149,"8.050,55","80,51"
541,431490205000579P,SANTO ANTÔNIO,0,FALSE,"0,042694","4,2694",368,182,181,1,"2,328859","9,395973",149,"8.619,48","86,19"
542,431490205000580P,SANTO ANTÔNIO,0,FALSE,"0,047645","4,7645",432,221,221,0,"2,468571","2,285714",175,"9.067,06","90,67"
543,431490205000581P,SANTO ANTÔNIO,0,FALSE,"0,024342","2,4342",477,273,273,0,"2,12",8,225,"19.595,76","195,96"
544,431490205000582P,SANTO ANTÔNIO,0,FALSE,"0,015981","1,5981",324,215,215,0,"1,862069","3,448276",174,"20.274,08","202,74"
545,431490205000583P,SANTO ANTÔNIO,0,FALSE,"0,029422","2,9422",307,154,153,1,"2,299213","7,086614",127,"10.434,37","104,34"
546,431490205000584P,SANTO ANTÔNIO,0,FALSE,"0,090864","9,0864",373,212,211,1,"2,045714","4,571429",175,"4.105,04","41,05"
547,431490205000585P,SANTO ANTÔNIO,0,FALSE,"0,029332","2,9332",541,300,300,0,"2,113281","5,078125",256,"18.444,02","184,44"
548,431490205000586P,SANTO ANTÔNIO,0,FALSE,"0,134481","13,4481",466,297,297,0,"2,365482","0,507614",197,"3.465,17","34,65"
549,431490205000587P,SANTO ANTÔNIO,0,FALSE,"0,061766","6,1766",548,299,299,0,"2,302521","1,680672",238,"8.872,20","88,72"
550,431490205000588P,SANTO ANTÔNIO,0,FALSE,"0,100058","10,0058",716,407,406,1,"2,516129","2,867384",279,"7.155,85","71,56"
551,431490205000589P,SANTO ANTÔNIO,0,FALSE,"0,052586","5,2586",297,133,133,0,"2,628319",0,113,"5.647,89","56,48"
552,431490205000590P,SANTO ANTÔNIO,0,FALSE,"0,123688","12,3688",344,214,214,0,"1,988439",0,173,"2.781,19","27,81"
553,431490205000591P,SANTO ANTÔNIO,0,FALSE,"0,02968","2,968",245,171,171,0,"2,058824","7,563025",119,"8.254,72","82,55"
554,431490205000592P,AZENHA,0,FALSE,"0,010827","1,0827",284,212,212,0,"1,710843","0,60241",166,"26.230,72","262,31"
555,431490205000593P,AZENHA,0,FALSE,"0,013667","1,3667",271,204,204,0,"1,737179","3,846154",156,"19.828,78","198,29"
556,431490205000594P,AZENHA,0,FALSE,"0,028828","2,8828",454,321,321,0,"1,706767","3,759398",266,"15.748,58","157,49"
557,431490205000595P,AZENHA,0,FALSE,"0,005934","0,5934",202,231,231,0,"1,303226","2,580645",155,"34.041,12","340,41"
558,431490205000596P,AZENHA,0,FALSE,"0,059904","5,9904",282,160,160,0,"1,918367","6,122449",147,"4.707,53","47,08"
559,431490205000597P,AZENHA,0,FALSE,"0,037184","3,7184",445,322,322,0,"1,794355","0,806452",248,"11.967,51","119,68"
560,431490205000598P,AZENHA,0,FALSE,"0,013744","1,3744",176,144,141,3,"1,542056","2,803738",107,"12.805,59","128,06"
561,431490205000600P,AZENHA,0,FALSE,"0,034984","3,4984",307,257,257,0,"1,860606","4,848485",165,"8.775,44","87,75"
562,431490205000601P,AZENHA,0,FALSE,"0,018188","1,8188",208,160,159,1,"1,962264","4,716981",106,"11.436,11","114,36"
563,431490205000602P,AZENHA,0,FALSE,"0,039011","3,9011",254,164,163,1,"1,953846","2,307692",130,"6.510,98","65,11"
564,431490205000605P,AZENHA,0,FALSE,"0,062411","6,2411",431,299,299,0,"2,123153","2,955665",203,"6.905,83","69,06"
565,431490205000606P,AZENHA,0,FALSE,"0,056981","5,6981",209,190,189,1,"1,801724","1,724138",116,"3.667,89","36,68"
566,431490205000607P,AZENHA,0,FALSE,"0,053802","5,3802",640,413,413,0,"1,975309","2,469136",324,"11.895,47","118,95"
567,431490205000608P,AZENHA,0,FALSE,"0,048026","4,8026",387,272,272,0,"1,97449","1,020408",196,"8.058,14","80,58"
568,431490205000610P,AZENHA,0,FALSE,"0,038586","3,8586",403,291,289,2,"1,744395","2,242152",223,"10.444,20","104,44"
569,431490205000611P,AZENHA,0,FALSE,"0,046562","4,6562",320,198,198,0,"2,105263","3,947368",152,"6.872,56","68,73"
570,431490205000614P,AZENHA,0,FALSE,"0,05821","5,821",623,377,377,0,"2,069767","5,315615",301,"10.702,63","107,03"
571,431490205000615P,AZENHA,0,FALSE,"0,049006","4,9006",628,385,385,0,"1,987342","0,632911",316,"12.814,76","128,15"
572,431490205000616P,AZENHA,0,FALSE,"0,199258","19,9258",150,103,103,0,"2,238806","1,492537",67,"752,79","7,53"
573,431490205000617P,AZENHA,0,FALSE,"0,030677","3,0677",383,270,270,0,"1,8867","5,91133",203,"12.484,92","124,85"
574,431490205000618P,AZENHA,0,FALSE,"0,065654","6,5654",446,304,304,0,"1,930736","3,463203",231,"6.793,19","67,93"
575,431490205000620P,MENINO DEUS,0,FALSE,"0,017491","1,7491",282,214,213,1,"1,649123","2,923977",171,"16.122,58","161,23"
576,431490205000621P,MENINO DEUS,0,FALSE,"0,009041","0,9041",251,185,185,0,"1,512048","4,819277",166,"27.762,42","277,62"
577,431490205000622P,MENINO DEUS,0,FALSE,"0,011716","1,1716",298,272,272,0,"1,51269","4,060914",197,"25.435,30","254,35"
578,431490205000623P,MENINO DEUS,0,FALSE,"0,004517","0,4517",188,76,76,0,"2,540541","2,702703",74,"41.620,54","416,21"
579,431490205000624P,MENINO DEUS,0,FALSE,"0,046337","4,6337",304,203,201,2,"1,803681","4,294479",163,"6.560,63","65,61"
580,431490205000625P,MENINO DEUS,0,FALSE,"0,022278","2,2278",580,402,402,0,"1,784615","2,461538",325,"26.034,65","260,35"
581,431490205000626P,MENINO DEUS,0,FALSE,"0,025504","2,5504",345,291,291,0,"1,682927","2,439024",205,"13.527,29","135,27"
582,431490205000627P,MENINO DEUS,0,TRUE,"0,104539","10,4539",553,363,363,0,"1,913495","2,768166",289,"5.289,89","52,90"
583,431490205000628P,MENINO DEUS,0,FALSE,"0,022968","2,2968",490,329,329,0,"1,821561","2,230483",269,"21.334,03","213,34"
584,431490205000629P,MENINO DEUS,0,FALSE,"0,05476","5,476",573,310,310,0,"2,146067","4,494382",267,"10.463,84","104,64"
585,431490205000630P,MENINO DEUS,0,FALSE,"0,038717","3,8717",309,222,222,0,"1,745763","2,259887",177,"7.980,99","79,81"
586,431490205000631P,MENINO DEUS,0,FALSE,"0,021346","2,1346",504,360,360,0,"1,762238","1,398601",286,"23.610,98","236,11"
587,431490205000632P,MENINO DEUS,0,FALSE,"0,007466","0,7466",269,205,205,0,"1,68125","1,25",160,"36.030,00","360,30"
588,431490205000633P,MENINO DEUS,0,TRUE,"0,079272","7,9272",386,268,268,0,"1,829384","2,843602",211,"4.869,31","48,69"
589,431490205000634P,MENINO DEUS,0,TRUE,"0,078383","7,8383",359,219,218,1,"2,035294","5,882353",170,"4.580,07","45,80"
590,431490205000635P,MENINO DEUS,0,FALSE,"0,03077","3,077",547,320,320,0,"2,011029","4,044118",272,"17.777,06","177,77"
591,431490205000636P,MENINO DEUS,0,FALSE,"0,020397","2,0397",281,177,177,0,"1,978873","4,929577",142,"13.776,54","137,77"
592,431490205000637P,MENINO DEUS,0,FALSE,"0,025769","2,5769",227,194,194,0,"1,876033","4,132231",121,"8.809,03","88,09"
593,431490205000638P,MENINO DEUS,0,FALSE,"0,013232","1,3232",282,205,205,0,"1,698795","3,012048",166,"21.311,97","213,12"
594,431490205000639P,MENINO DEUS,0,FALSE,"0,02084","2,084",350,211,208,3,"2,030864","5,555556",162,"16.794,63","167,95"
595,431490205000640P,MENINO DEUS,0,FALSE,"0,041859","4,1859",402,269,267,2,"1,813725","5,882353",204,"9.603,67","96,04"
596,431490205000641P,MENINO DEUS,0,FALSE,"0,024069","2,4069",405,286,286,0,"1,824324","4,504505",222,"16.826,62","168,27"
597,431490205000642P,MENINO DEUS,0,FALSE,"0,020697","2,0697",339,219,217,2,"1,856322","4,022989",174,"16.379,19","163,79"
598,431490205000643P,MENINO DEUS,0,FALSE,"0,025364","2,5364",447,281,281,0,"1,969163","3,524229",227,"17.623,40","176,23"
599,431490205000644P,MENINO DEUS,0,FALSE,"0,02407","2,407",402,266,266,0,"1,861111","2,777778",216,"16.701,29","167,01"
600,431490205000645P,MENINO DEUS,0,FALSE,"0,031017","3,1017",517,328,328,0,"1,958333","3,030303",264,"16.668,28","166,68"
601,431490205000646P,MENINO DEUS,0,TRUE,"0,026678","2,6678",335,230,230,0,"1,914286","1,714286",175,"12.557,16","125,57"
602,431490205000647P,MENINO DEUS,0,TRUE,"0,022474","2,2474",389,260,260,0,"1,984694","2,55102",196,"17.308,89","173,09"
603,431490205000648P,MENINO DEUS,0,TRUE,"0,038249","3,8249",480,369,369,0,"1,804511","4,511278",266,"12.549,35","125,49"
604,431490205000649P,MENINO DEUS,0,TRUE,"0,042426","4,2426",611,392,392,0,"1,915361","3,448276",319,"14.401,55","144,02"
605,431490205000650P,MENINO DEUS,0,FALSE,"0,026911","2,6911",368,243,243,0,"1,967914","3,208556",187,"13.674,71","136,75"
606,431490205000651P,MENINO DEUS,0,FALSE,"0,01834","1,834",271,221,221,0,"1,60355","2,366864",169,"14.776,44","147,76"
607,431490205000652P,MENINO DEUS,0,FALSE,"0,137885","13,7885",718,425,425,0,"2,016854","3,932584",356,"5.207,24","52,07"
608,431490205000653P,MENINO DEUS,0,FALSE,"0,01108","1,108",388,210,210,0,"2,179775","3,932584",178,"35.018,05","350,18"
609,431490205000654P,MENINO DEUS,0,FALSE,"0,038648","3,8648",399,248,248,0,"2,056701","3,092784",194,"10.323,95","103,24"
610,431490205000655P,MENINO DEUS,0,TRUE,"0,042207","4,2207",566,344,344,0,"2,014235","4,982206",281,"13.410,10","134,10"
611,431490205000656P,MENINO DEUS,0,TRUE,"0,058218","5,8218",442,265,265,0,2,"4,977376",221,"7.592,15","75,92"
612,431490205000657P,MENINO DEUS,0,TRUE,"0,04889","4,889",404,238,237,1,"1,943182","1,704545",176,"8.263,45","82,63"
613,431490205000658P,MENINO DEUS,0,TRUE,"0,034915","3,4915",555,309,307,2,"1,966292","2,996255",267,"15.895,75","158,96"
614,431490205000659P,MENINO DEUS,0,TRUE,"0,028199","2,8199",333,207,205,2,"1,871345","5,263158",171,"11.808,93","118,09"
615,431490205000660P,MENINO DEUS,0,TRUE,"0,026548","2,6548",410,242,241,1,"1,945",5,200,"15.443,72","154,44"
616,431490205000661P,MENINO DEUS,0,FALSE,"0,038482","3,8482",598,369,367,2,"1,947917","2,430556",288,"15.539,73","155,40"
617,431490205000662P,MENINO DEUS,0,FALSE,"0,042624","4,2624",626,390,390,0,"1,968553","3,459119",318,"14.686,56","146,87"
618,431490205000663P,MENINO DEUS,0,FALSE,"0,053699","5,3699",453,376,376,0,"1,783465",0,254,"8.435,91","84,36"
619,431490205000664P,MENINO DEUS,0,FALSE,"0,0328","3,28",453,295,295,0,"2,068493","5,022831",219,"13.810,98","138,11"
620,431490205000665P,MENINO DEUS,0,FALSE,"0,037166","3,7166",434,305,305,0,"1,87069","3,017241",232,"11.677,34","116,77"
621,431490205000666P,MENINO DEUS,0,FALSE,"0,025383","2,5383",228,150,150,0,2,"1,754386",114,"8.982,39","89,82"
622,431490205000668P,MENINO DEUS,0,TRUE,"0,03917","3,917",384,212,205,7,"1,839506","3,08642",162,"9.803,42","98,03"
623,431490205000669P,MENINO DEUS,0,TRUE,"0,01167","1,167",454,291,291,0,"1,923729","1,694915",236,"38.903,17","389,03"
624,431490205000670P,MENINO DEUS,0,TRUE,"0,051201","5,1201",431,269,268,1,"2,014493","3,864734",207,"8.417,80","84,18"
625,431490205000671P,MENINO DEUS,0,FALSE,"0,034065","3,4065",368,215,215,0,"2,090909","1,704545",176,"10.802,88","108,03"
626,431490205000672P,MENINO DEUS,0,FALSE,"0,124818","12,4818",648,322,322,0,"2,356364","3,272727",275,"5.191,56","51,92"
627,431490205000673P,MENINO DEUS,0,FALSE,"0,085983","8,5983",914,553,553,0,"2,273632","5,472637",402,"10.630,01","106,30"
628,431490205000674P,MEDIANEIRA,0,FALSE,"0,021586","2,1586",260,185,185,0,"1,969697","1,515152",132,"12.044,84","120,45"
629,431490205000675P,MEDIANEIRA,0,FALSE,"0,012039","1,2039",457,272,272,0,"2,086758","0,456621",219,"37.959,96","379,60"
630,431490205000676P,MEDIANEIRA,0,FALSE,"0,012529","1,2529",425,255,255,0,"2,033493","1,435407",209,"33.921,30","339,21"
631,431490205000677P,MEDIANEIRA,0,FALSE,"0,126366","12,6366",840,388,386,2,"2,526154","2,769231",325,"6.647,36","66,47"
632,431490205000678P,MEDIANEIRA,0,FALSE,"0,14565","14,565",346,205,204,1,"2,126582",0,158,"2.375,56","23,76"
633,431490205000679P,AZENHA,0,FALSE,"0,047625","4,7625",264,164,164,0,"2,030769","3,846154",130,"5.543,31","55,43"
634,431490205000680P,MEDIANEIRA,0,FALSE,"0,131348","13,1348",423,204,203,1,"2,579268","6,097561",164,"3.220,45","32,20"
635,431490205000681P,MEDIANEIRA,0,FALSE,"0,094548","9,4548",713,366,364,2,"2,275081","4,854369",309,"7.541,14","75,41"
636,431490205000682P,MEDIANEIRA,0,FALSE,"0,075061","7,5061",350,185,183,2,"2,631579","5,263158",133,"4.662,87","46,63"
637,431490205000683P,MEDIANEIRA,0,FALSE,"0,093935","9,3935",656,365,364,1,"2,5625","6,25",256,"6.983,55","69,84"
638,431490205000684P,MEDIANEIRA,0,FALSE,"0,05926","5,926",422,188,186,2,"2,425287","10,344828",174,"7.121,16","71,21"
639,431490205000685P,MEDIANEIRA,0,FALSE,"0,106484","10,6484",665,324,323,1,"2,538168","3,816794",262,"6.245,07","62,45"
640,431490205000686P,MEDIANEIRA,0,FALSE,"0,088741","8,8741",545,281,281,0,"2,523148","4,62963",216,"6.141,47","61,41"
641,431490205000687P,MEDIANEIRA,0,FALSE,"0,135242","13,5242",693,368,367,1,"2,434629","0,706714",283,"5.124,15","51,24"
642,431490205000688P,MEDIANEIRA,0,FALSE,"0,037442","3,7442",136,73,73,0,"2,344828",0,58,"3.632,28","36,32"
643,431490205000689P,MEDIANEIRA,0,FALSE,"0,066699","6,6699",581,328,328,0,"2,143911","0,738007",271,"8.710,78","87,11"
644,431490205000690P,MEDIANEIRA,0,FALSE,"0,06947","6,947",537,243,243,0,"2,698492","6,030151",199,"7.729,96","77,30"
645,431490205000691P,MEDIANEIRA,0,FALSE,"0,051841","5,1841",277,135,135,0,"2,495495","0,900901",111,"5.343,26","53,43"
646,431490205000692P,MEDIANEIRA,0,FALSE,"0,069965","6,9965",423,240,240,0,"2,363128","1,675978",179,"6.045,88","60,46"
647,431490205000693P,SANTA TEREZA,0,FALSE,"0,057129","5,7129",318,176,175,1,"2,448819","9,448819",127,"5.566,35","55,66"
648,431490205000694P,SANTA TEREZA,0,TRUE,"0,083829","8,3829",221,168,167,1,"1,990991","9,90991",111,"2.636,32","26,36"
649,431490205000695P,SANTA TEREZA,0,TRUE,"0,035109","3,5109",353,177,176,1,"2,103226","0,645161",155,"10.054,40","100,54"
650,431490205000696P,SANTA TEREZA,0,FALSE,"0,191538","19,1538",510,226,225,1,"2,637838","12,972973",185,"2.662,66","26,63"
651,431490205000697P,SANTA TEREZA,0,FALSE,"0,205179","20,5179",922,458,458,0,"2,532967","2,197802",364,"4.493,64","44,94"
652,431490205000698P,SANTA TEREZA,0,FALSE,"0,042236","4,2236",490,186,186,0,"2,934132","5,389222",167,"11.601,48","116,01"
653,431490205000699P,SANTA TEREZA,0,TRUE,"0,357037","35,7037",302,152,152,0,"2,435484",0,124,"845,85","8,46"
654,431490205000700P,SANTA TEREZA,0,TRUE,"0,013216","1,3216",93,1,0,1,0,0,0,"7.036,92","70,37"
655,431490205000701P,SANTA TEREZA,0,FALSE,"0,008471","0,8471",47,2,0,2,0,0,0,"5.548,34","55,48"
656,431490205000702P,SANTA TEREZA,0,TRUE,"0,399014","39,9014",781,292,287,5,"2,761905","0,793651",252,"1.957,32","19,57"
657,431490205000703P,SANTA TEREZA,0,FALSE,"0,145798","14,5798",755,409,409,0,"2,621528","3,125",288,"5.178,40","51,78"
658,431490205000704P,SANTA TEREZA,0,FALSE,"0,024368","2,4368",422,191,191,0,"2,497041","3,550296",169,"17.317,79","173,18"
659,431490205000705P,SANTA TEREZA,0,FALSE,"0,106387","10,6387",760,331,330,1,"2,501672","15,384615",299,"7.143,73","71,44"
660,431490205000706P,SANTA TEREZA,0,FALSE,"0,048799","4,8799",654,282,282,0,"2,58498","6,324111",253,"13.401,91","134,02"
661,431490205000707P,SANTA TEREZA,0,FALSE,"0,034354","3,4354",698,262,262,0,"2,758893","2,371542",253,"20.317,87","203,18"
662,431490205000708P,SANTA TEREZA,0,FALSE,"0,049037","4,9037",567,256,256,0,"2,589041","1,826484",219,"11.562,70","115,63"
663,431490205000709P,SANTA TEREZA,0,FALSE,"0,466992","46,6992",296,136,135,1,"2,268293","1,626016",123,"633,84","6,34"
664,431490205000710P,SANTA TEREZA,0,FALSE,"0,038984","3,8984",466,210,210,0,"2,693642","4,624277",173,"11.953,62","119,54"
665,431490205000711P,SANTA TEREZA,0,FALSE,"0,030552","3,0552",207,107,107,0,"2,493976","1,204819",83,"6.775,33","67,75"
666,431490205000712P,SANTA TEREZA,0,FALSE,"0,050837","5,0837",396,190,190,0,"2,4","1,818182",165,"7.789,60","77,90"
667,431490205000713P,SANTA TEREZA,0,FALSE,"0,061736","6,1736",460,255,255,0,"2,190476","0,952381",210,"7.451,08","74,51"
668,431490205000714P,SANTA TEREZA,0,FALSE,"0,032059","3,2059",304,147,147,0,"2,471545","4,065041",123,"9.482,52","94,83"
669,431490205000715P,SANTA TEREZA,0,FALSE,"0,024916","2,4916",403,240,240,0,"2,985185","3,703704",135,"16.174,35","161,74"
670,431490205000717P,SANTA TEREZA,0,FALSE,"0,013461","1,3461",348,150,150,0,"2,558824","0,735294",136,"25.852,46","258,52"
671,431490205000718P,SANTA TEREZA,0,FALSE,"0,024523","2,4523",697,284,284,0,"2,620301","4,511278",266,"28.422,30","284,22"
672,431490205000719P,SANTA TEREZA,0,FALSE,"0,038688","3,8688",876,350,350,0,"2,646526","5,740181",331,"22.642,68","226,43"
673,431490205000720P,SANTA TEREZA,0,FALSE,"0,024938","2,4938",619,245,245,0,"2,656652","3,862661",233,"24.821,56","248,22"
674,431490205000721P,SANTA TEREZA,0,FALSE,"0,142578","14,2578",670,297,296,1,"2,54023","2,298851",261,"4.699,18","46,99"
675,431490205000722P,SANTA TEREZA,0,FALSE,"0,150066","15,0066",705,286,284,2,"2,825203","1,626016",246,"4.697,93","46,98"
676,431490205000723P,SANTA TEREZA,0,FALSE,"0,031108","3,1108",202,109,109,0,"2,321839","2,298851",87,"6.493,51","64,94"
677,431490205000724P,SANTA TEREZA,0,FALSE,"0,179241","17,9241",511,207,207,0,"2,870787","11,235955",178,"2.850,91","28,51"
678,431490205000725P,SANTA TEREZA,0,FALSE,"0,0179","1,79",306,136,136,0,"3,255319","2,12766",94,"17.094,97","170,95"
679,431490205000726P,SANTA TEREZA,0,FALSE,"0,186857","18,6857",650,265,265,0,"2,876106","2,212389",226,"3.478,60","34,79"
680,431490205000727P,SANTA TEREZA,0,FALSE,"0,033559","3,3559",388,180,180,0,"2,832117","10,218978",137,"11.561,73","115,62"
681,431490205000728P,SANTA TEREZA,0,FALSE,"0,011297","1,1297",243,99,99,0,"2,793103","4,597701",87,"21.510,14","215,10"
682,431490205000729P,SANTA TEREZA,0,FALSE,"0,036328","3,6328",638,250,250,0,"2,738197","3,004292",233,"17.562,21","175,62"
683,431490205000730P,SANTA TEREZA,0,FALSE,"0,030006","3,0006",607,214,214,0,"3,0199","3,482587",201,"20.229,29","202,29"
684,431490205000731P,SANTA TEREZA,0,FALSE,"0,033742","3,3742",786,290,290,0,"2,868613","4,379562",274,"23.294,41","232,94"
685,431490205000732P,SANTA TEREZA,0,FALSE,"0,034192","3,4192",534,199,199,0,"3,236364","0,606061",165,"15.617,69","156,18"
686,431490205000733P,SANTA TEREZA,0,FALSE,"0,003575","0,3575",378,208,208,0,"1,909091",0,198,"105.734,27","1.057,34"
687,431490205000734P,SANTA TEREZA,0,FALSE,"0,118553","11,8553",660,349,348,1,"2,442379","8,178439",269,"5.567,13","55,67"
688,431490205000735P,SANTA TEREZA,0,FALSE,"0,068531","6,8531",709,330,329,1,"2,640449","4,11985",267,"10.345,68","103,46"
689,431490205000736P,SANTA TEREZA,0,FALSE,"0,055286","5,5286",700,303,303,0,"2,777778","4,761905",252,"12.661,43","126,61"
690,431490205000737P,SANTA TEREZA,0,FALSE,"0,072713","7,2713",763,306,306,0,"2,815498","10,332103",271,"10.493,31","104,93"
691,431490205000738P,SANTA TEREZA,0,FALSE,"0,113296","11,3296",562,264,264,0,"2,663507","3,317536",211,"4.960,46","49,60"
692,431490205000739P,SANTA TEREZA,0,FALSE,"0,053761","5,3761",605,228,225,3,"2,965686","0,490196",204,"11.253,51","112,54"
693,431490205000740P,SANTA TEREZA,0,FALSE,"0,03988","3,988",604,310,310,0,"2,445344","3,238866",247,"15.145,44","151,45"
694,431490205000741P,SANTA TEREZA,0,FALSE,"0,044809","4,4809",592,269,269,0,"2,551724","5,603448",232,"13.211,63","132,12"
695,431490205000742P,SANTA TEREZA,0,FALSE,"0,029627","2,9627",604,258,258,0,"2,745455","7,272727",220,"20.386,81","203,87"
696,431490205000743P,SANTA TEREZA,0,FALSE,"0,039148","3,9148",899,363,363,0,"2,749235","3,975535",327,"22.964,14","229,64"
697,431490205000744P,SANTA TEREZA,0,FALSE,"0,100331","10,0331",741,302,301,1,"2,75","1,136364",264,"7.385,55","73,86"
698,431490205000745P,SANTA TEREZA,0,FALSE,"0,058125","5,8125",813,324,324,0,"2,967153","0,729927",274,"13.987,10","139,87"
699,431490205000746P,CRISTAL,0,FALSE,"0,048941","4,8941",861,359,359,0,"2,832237",0,304,"17.592,61","175,93"
700,431490205000748P,SANTA TEREZA,0,FALSE,"0,037332","3,7332",398,236,235,1,"2,349398","3,012048",166,"10.661,10","106,61"
701,431490205000749P,CRISTAL,0,FALSE,"0,151872","15,1872",581,277,276,1,"2,643192","7,042254",213,"3.825,59","38,26"
702,431490205000750P,CRISTAL,0,FALSE,"0,092518","9,2518",1150,407,407,0,"2,941176","5,11509",391,"12.430,01","124,30"
703,431490205000751P,CRISTAL,0,TRUE,"0,10117","10,117",721,389,388,1,"2,423611","4,166667",288,"7.126,62","71,27"
704,431490205000752P,CRISTAL,0,TRUE,"0,081775","8,1775",404,212,210,2,"2,053763","7,526882",186,"4.940,39","49,40"
705,431490205000753P,CRISTAL,0,FALSE,"0,016413","1,6413",354,243,243,0,"1,882979","2,12766",188,"21.568,27","215,68"
706,431490205000754P,CRISTAL,0,TRUE,"0,135042","13,5042",429,263,263,0,"2,294118","4,278075",187,"3.176,79","31,77"
707,431490205000755P,CRISTAL,0,TRUE,"0,031884","3,1884",532,303,303,0,"2,153846","1,619433",247,"16.685,48","166,85"
708,431490205000756P,CRISTAL,0,TRUE,"0,044522","4,4522",511,324,324,0,"2,027778","3,174603",252,"11.477,47","114,77"
709,431490205000757P,CRISTAL,0,FALSE,"0,091673","9,1673",498,300,300,0,"2,193833","2,202643",227,"5.432,35","54,32"
710,431490205000758P,CRISTAL,0,FALSE,"0,050763","5,0763",446,206,206,0,"2,410811","1,621622",185,"8.785,93","87,86"
711,431490205000759P,CRISTAL,0,FALSE,"0,086613","8,6613",363,167,167,0,"2,813953","5,426357",129,"4.191,06","41,91"
712,431490205000761P,CRISTAL,0,FALSE,"0,092794","9,2794",582,284,284,0,"2,497854","1,287554",233,"6.271,96","62,72"
713,431490205000762P,CRISTAL,0,FALSE,"0,021259","2,1259",239,87,87,0,"2,9875",5,80,"11.242,30","112,42"
714,431490205000763P,CRISTAL,0,FALSE,"0,015695","1,5695",270,162,162,0,"2,410714","6,25",112,"17.202,93","172,03"
715,431490205000764P,CRISTAL,0,FALSE,"0,031475","3,1475",437,167,167,0,"2,972789","0,680272",147,"13.884,03","138,84"
716,431490205000765P,CRISTAL,0,FALSE,"0,020544","2,0544",264,141,141,0,"2,237288","4,237288",118,"12.850,47","128,50"
717,431490205000766P,CRISTAL,0,FALSE,"0,036017","3,6017",195,92,92,0,"2,5",0,78,"5.414,11","54,14"
718,431490205000767P,CRISTAL,0,FALSE,"0,015626","1,5626",49,33,33,0,"2,333333","4,761905",21,"3.135,80","31,36"
719,431490205000768P,CRISTAL,0,FALSE,"0,039187","3,9187",443,278,277,1,"1,665354","2,755906",254,"11.304,77","113,05"
720,431490205000769P,CRISTAL,0,FALSE,"0,057128","5,7128",221,89,88,1,"2,688312","7,792208",77,"3.868,51","38,69"
721,431490205000770P,CRISTAL,0,FALSE,"0,055081","5,5081",493,204,204,0,"2,664865","2,162162",185,"8.950,45","89,50"
722,431490205000771P,CRISTAL,0,FALSE,"0,09634","9,634",564,266,265,1,"2,530233","7,44186",215,"5.854,27","58,54"
723,431490205000772P,CRISTAL,0,FALSE,"0,084686","8,4686",430,227,227,0,"2,239583","2,604167",192,"5.077,58","50,78"
724,431490205000773P,CRISTAL,0,FALSE,"0,057669","5,7669",595,292,290,2,"2,226496","3,846154",234,"10.317,50","103,18"
725,431490205000774P,CRISTAL,0,FALSE,"0,018843","1,8843",210,198,198,0,"1,615385",0,130,"11.144,72","111,45"
726,431490205000775P,CRISTAL,0,FALSE,"0,007337","0,7337",302,198,198,0,"2,040541","4,054054",148,"41.161,24","411,61"
727,431490205000776P,CRISTAL,0,TRUE,"0,043613","4,3613",465,258,256,2,"2,130653","5,527638",199,"10.661,96","106,62"
728,431490205000777P,CRISTAL,0,TRUE,"1,271815","127,1815",214,274,274,0,"1,725806","1,612903",124,"168,26","1,68"
729,431490205000778P,CRISTAL,0,TRUE,"0,014614","1,4614",0,0,0,0,0,0,0,"0,00","0,00"
730,431490205000779P,CRISTAL,0,TRUE,"0,019622","1,9622",0,0,0,0,0,0,0,"0,00","0,00"
731,431490205000780P,CRISTAL,0,TRUE,"0,024806","2,4806",281,102,102,0,"2,957895","9,473684",95,"11.327,90","113,28"
732,431490205000781P,CRISTAL,0,FALSE,"0,106221","10,6221",838,413,413,0,"2,32133","6,094183",361,"7.889,21","78,89"
733,431490205000782P,TRISTEZA,0,FALSE,"0,012649","1,2649",514,331,331,0,"1,848921","0,719424",278,"40.635,62","406,36"
734,431490205000783P,TRISTEZA,0,FALSE,"0,086049","8,6049",746,369,369,0,"2,31677","2,795031",322,"8.669,48","86,69"
735,431490205000784P,CRISTAL,0,TRUE,"0,163311","16,3311",550,303,303,0,"2,235772","1,219512",246,"3.367,81","33,68"
736,431490205000785P,CRISTAL,0,TRUE,"0,05318","5,318",446,193,193,0,"2,736196","4,907975",163,"8.386,61","83,87"
737,431490205000786P,CRISTAL,0,TRUE,"0,022667","2,2667",362,148,148,0,"2,642336","4,379562",137,"15.970,35","159,70"
738,431490205000788P,CRISTAL,0,TRUE,"0,011117","1,1117",369,231,231,0,"1,892308","1,538462",195,"33.192,41","331,92"
739,431490205000789P,CRISTAL,0,FALSE,"0,036663","3,6663",640,246,246,0,"2,857143","18,75",224,"17.456,29","174,56"
740,431490205000790P,CRISTAL,0,FALSE,"0,02202","2,202",418,144,144,0,"2,923077","4,195804",143,"18.982,74","189,83"
741,431490205000791P,CRISTAL,0,FALSE,"0,081221","8,1221",943,329,329,0,"2,984177","6,012658",316,"11.610,30","116,10"
742,431490205000792P,CRISTAL,0,FALSE,"0,024002","2,4002",428,194,194,0,"2,658385","9,31677",161,"17.831,85","178,32"
743,431490205000793P,NONOAI,0,FALSE,"0,033645","3,3645",512,178,178,0,"3,047619","7,738095",168,"15.217,71","152,18"
744,431490205000794P,NONOAI,0,FALSE,"0,01648","1,648",391,146,146,0,"3,178862","5,691057",123,"23.725,73","237,26"
745,431490205000795P,NONOAI,0,FALSE,"0,034237","3,4237",395,148,148,0,"2,925926","4,444444",135,"11.537,23","115,37"
746,431490205000796P,NONOAI,0,FALSE,"0,032119","3,2119",555,253,253,0,"2,642857","5,714286",210,"17.279,49","172,79"
747,431490205000797P,NONOAI,0,FALSE,"0,012725","1,2725",335,175,175,0,"2,067901","1,851852",162,"26.326,13","263,26"
748,431490205000798P,NONOAI,0,FALSE,"0,028139","2,8139",427,287,287,0,"1,864629","2,620087",229,"15.174,67","151,75"
749,431490205000799P,NONOAI,0,FALSE,"0,017366","1,7366",271,196,196,0,"1,771242","4,575163",153,"15.605,21","156,05"
750,431490205000800P,NONOAI,0,FALSE,"0,121458","12,1458",821,355,355,0,"2,718543","1,986755",302,"6.759,54","67,60"
751,431490205000801P,NONOAI,0,FALSE,"0,021436","2,1436",592,332,332,0,"1,993266","2,356902",297,"27.617,09","276,17"
752,431490205000802P,NONOAI,0,FALSE,"0,00967","0,967",169,76,76,0,"2,68254",0,63,"17.476,73","174,77"
753,431490205000803P,NONOAI,0,FALSE,"0,048054","4,8054",584,266,266,0,"2,528139","1,731602",231,"12.152,99","121,53"
754,431490205000805P,NONOAI,0,FALSE,"0,044111","4,4111",295,158,158,0,"2,34127","3,174603",126,"6.687,67","66,88"
755,431490205000806P,NONOAI,0,FALSE,"0,099959","9,9959",645,318,317,1,"2,324723","2,214022",271,"6.452,65","64,53"
756,431490205000807P,NONOAI,0,FALSE,"0,034138","3,4138",205,90,89,1,"2,554054",0,74,"6.005,04","60,05"
757,431490205000808P,NONOAI,0,FALSE,"0,06987","6,987",510,274,274,0,"2,286996","2,242152",223,"7.299,27","72,99"
758,431490205000809P,NONOAI,0,FALSE,"0,053705","5,3705",360,174,174,0,"2,571429","6,428571",140,"6.703,29","67,03"
759,431490205000810P,NONOAI,0,FALSE,"0,104366","10,4366",966,447,447,0,"2,502591","6,217617",386,"9.255,89","92,56"
760,431490205000811P,NONOAI,0,FALSE,"0,091516","9,1516",627,236,236,0,"2,957547","2,358491",212,"6.851,26","68,51"
761,431490205000812P,NONOAI,0,FALSE,"0,030056","3,0056",306,108,108,0,"2,970874","0,970874",103,"10.181,00","101,81"
762,431490205000813P,CRISTAL,0,FALSE,"0,019347","1,9347",235,81,81,0,"3,175676","8,108108",74,"12.146,59","121,47"
763,431490205000814P,CRISTAL,0,FALSE,"0,086892","8,6892",835,391,391,0,"2,593168","7,142857",322,"9.609,63","96,10"
764,431490205000815P,CRISTAL,0,FALSE,"0,054421","5,4421",453,163,163,0,"3,124138","4,137931",145,"8.323,99","83,24"
765,431490205000816P,NONOAI,0,FALSE,"0,057545","5,7545",240,142,141,1,"1,991304","0,869565",115,"4.170,65","41,71"
766,431490205000818P,NONOAI,0,FALSE,"0,113566","11,3566",634,290,289,1,"2,525896",0,251,"5.582,66","55,83"
767,431490205000819P,NONOAI,0,FALSE,"0,068989","6,8989",264,116,116,0,"2,563107","8,737864",103,"3.826,70","38,27"
768,431490205000820P,NONOAI,0,FALSE,"0,082142","8,2142",226,105,105,0,"2,430108",0,93,"2.751,33","27,51"
769,431490205000821P,NONOAI,0,FALSE,"0,073277","7,3277",354,176,173,3,"2,402878","3,597122",139,"4.830,98","48,31"
770,431490205000822P,NONOAI,0,FALSE,"0,072873","7,2873",456,223,223,0,"2,491803","9,836066",183,"6.257,46","62,57"
771,431490205000823P,NONOAI,0,FALSE,"0,092454","9,2454",574,296,296,0,"2,314516","5,241935",248,"6.208,49","62,08"
772,431490205000824P,NONOAI,0,FALSE,"0,070356","7,0356",327,172,172,0,"2,22449","1,360544",147,"4.647,79","46,48"
773,431490205000825P,NONOAI,0,FALSE,"0,016763","1,6763",119,1,0,1,0,0,0,"7.098,97","70,99"
774,431490205000826P,NONOAI,0,FALSE,"0,164459","16,4459",921,448,448,0,"2,361538","1,025641",390,"5.600,18","56,00"
775,431490205000827P,NONOAI,0,FALSE,"0,088595","8,8595",596,256,256,0,"2,580087","1,298701",231,"6.727,24","67,27"
776,431490205000828P,NONOAI,0,FALSE,"0,093693","9,3693",615,293,291,2,"2,435685","1,659751",241,"6.563,99","65,64"
777,431490205000829P,NONOAI,0,FALSE,"0,076648","7,6648",640,319,319,0,"2,293907","3,942652",279,"8.349,86","83,50"
778,431490205000830P,NONOAI,0,FALSE,"0,368717","36,8717",85,41,41,0,"2,575758","3,030303",33,"230,53","2,31"
779,431490205000831P,NONOAI,0,FALSE,"0,177102","17,7102",159,70,70,0,"2,446154",0,65,"897,79","8,98"
780,431490205000832P,NONOAI,0,FALSE,"0,070712","7,0712",439,180,180,0,"2,709877","3,08642",162,"6.208,28","62,08"
781,431490205000833P,NONOAI,0,FALSE,"0,420313","42,0313",827,344,344,0,"2,756667","5,333333",300,"1.967,58","19,68"
782,431490205000834P,NONOAI,0,FALSE,"0,012239","1,2239",275,186,186,0,"1,950355","5,673759",141,"22.469,16","224,69"
783,431490205000835P,NONOAI,0,FALSE,"0,023661","2,3661",279,185,185,0,"2,097744","9,774436",133,"11.791,56","117,92"
784,431490205000836P,NONOAI,0,FALSE,"0,03273","3,273",313,190,190,0,"1,932099","7,407407",162,"9.563,09","95,63"
785,431490205000837P,NONOAI,0,FALSE,"0,015597","1,5597",357,210,210,0,"2,203704","3,08642",162,"22.889,02","228,89"
786,431490205000838P,NONOAI,0,FALSE,"0,136912","13,6912",297,168,168,0,"2,582609","3,478261",115,"2.169,28","21,69"
787,431490205000839P,NONOAI,0,FALSE,"0,069481","6,9481",518,250,250,0,"2,478469","3,827751",209,"7.455,28","74,55"
788,431490205000840P,NONOAI,0,FALSE,"1,306776","130,6776",634,265,262,3,"2,744395","5,829596",223,"485,16","4,85"
789,431490205000841P,TERESÓPOLIS,0,FALSE,"0,020382","2,0382",0,0,0,0,0,0,0,"0,00","0,00"
790,431490205000842P,TERESÓPOLIS,0,FALSE,"0,086435","8,6435",614,348,348,0,"2,291045","6,716418",268,"7.103,60","71,04"
791,431490205000843P,TERESÓPOLIS,0,FALSE,"0,010351","1,0351",0,0,0,0,0,0,0,"0,00","0,00"
792,431490205000844P,TERESÓPOLIS,0,FALSE,"0,118871","11,8871",543,236,234,2,"2,636842","4,736842",190,"4.567,98","45,68"
793,431490205000845P,TERESÓPOLIS,0,FALSE,"0,060925","6,0925",355,218,218,0,"2,335526","8,552632",152,"5.826,84","58,27"
794,431490205000846P,TERESÓPOLIS,0,FALSE,"0,043561","4,3561",319,159,157,2,"2,091549","2,816901",142,"7.323,06","73,23"
795,431490205000847P,TERESÓPOLIS,0,FALSE,"0,099802","9,9802",543,263,262,1,"2,717514","3,389831",177,"5.440,77","54,41"
796,431490205000848P,TERESÓPOLIS,0,FALSE,"0,050302","5,0302",270,153,153,0,"2,477064","5,504587",109,"5.367,58","53,68"
797,431490205000850P,TERESÓPOLIS,0,FALSE,"0,126662","12,6662",329,160,160,0,"2,696721","4,918033",122,"2.597,46","25,97"
798,431490205000851P,TERESÓPOLIS,0,FALSE,"0,089179","8,9179",415,189,189,0,"2,59375","1,25",160,"4.653,56","46,54"
799,431490205000852P,TERESÓPOLIS,0,FALSE,"0,088682","8,8682",648,385,384,1,"2,047771","3,821656",314,"7.307,01","73,07"
800,431490205000854P,TERESÓPOLIS,0,FALSE,"0,094557","9,4557",715,385,384,1,"2,283871","2,258065",310,"7.561,58","75,62"
801,431490205000856P,TERESÓPOLIS,0,FALSE,"0,02921","2,921",401,200,200,0,"2,522013","3,144654",159,"13.728,18","137,28"
802,431490205000857P,TERESÓPOLIS,0,FALSE,"0,102098","10,2098",771,472,472,0,"2,487097","6,774194",310,"7.551,57","75,52"
803,431490205000859P,TERESÓPOLIS,0,FALSE,"1,396035","139,6035",943,372,372,0,"2,806548","3,869048",336,"675,48","6,75"
804,431490205000860P,CASCATA,0,FALSE,"0,237148","23,7148",860,424,424,0,"2,6875",0,320,"3.626,43","36,26"
805,431490205000861P,GLÓRIA,0,FALSE,"0,109758","10,9758",581,254,254,0,"2,753555","5,21327",211,"5.293,46","52,93"
806,431490205000862P,GLÓRIA,0,FALSE,"0,078876","7,8876",227,144,144,0,"2,44086","2,150538",93,"2.877,93","28,78"
807,431490205000863P,GLÓRIA,0,FALSE,"0,117229","11,7229",475,222,221,1,"2,351485","0,49505",202,"4.051,90","40,52"
808,431490205000864P,GLÓRIA,0,FALSE,"0,073255","7,3255",594,321,321,0,"2,444444","0,411523",243,"8.108,66","81,09"
809,431490205000865P,GLÓRIA,0,FALSE,"0,064617","6,4617",847,373,373,0,"2,582317","2,134146",328,"13.108,01","131,08"
810,431490205000866P,GLÓRIA,0,FALSE,"0,059079","5,9079",542,255,255,0,"2,751269","4,568528",197,"9.174,16","91,74"
811,431490205000867P,GLÓRIA,0,FALSE,"0,121612","12,1612",685,310,310,0,"2,584906","5,283019",265,"5.632,67","56,33"
812,431490205000868P,GLÓRIA,0,FALSE,"0,051588","5,1588",278,115,115,0,"2,895833","4,166667",96,"5.388,85","53,89"
813,431490205000869P,GLÓRIA,0,FALSE,"0,168626","16,8626",441,190,190,0,"2,640719","4,790419",167,"2.615,26","26,15"
814,431490205000870P,GLÓRIA,0,FALSE,"0,054456","5,4456",357,159,159,0,"2,725191","3,053435",131,"6.555,75","65,56"
815,431490205000871P,GLÓRIA,0,FALSE,"0,084084","8,4084",600,235,235,0,"2,970297","2,970297",202,"7.135,72","71,36"
816,431490205000872P,GLÓRIA,0,FALSE,"0,062216","6,2216",428,215,215,0,"2,609756","4,878049",164,"6.879,26","68,79"
817,431490205000873P,GLÓRIA,0,FALSE,"0,090952","9,0952",302,124,124,0,"3,081633","6,122449",98,"3.320,43","33,20"
818,431490205000874P,GLÓRIA,0,FALSE,"0,02906","2,906",587,245,245,0,"2,822115","1,923077",208,"20.199,59","202,00"
819,431490205000875P,GLÓRIA,0,FALSE,"0,116247","11,6247",282,205,205,0,"2,369748","1,680672",119,"2.425,87","24,26"
820,431490205000876P,CASCATA,0,FALSE,"0,062227","6,2227",386,191,191,0,"2,590604","5,369128",149,"6.203,10","62,03"
821,431490205000877P,CASCATA,0,FALSE,"0,05891","5,891",443,224,224,0,"2,434066","6,043956",182,"7.519,95","75,20"
822,431490205000878P,CASCATA,0,FALSE,"0,455405","45,5405",851,374,373,1,"2,817881","3,642384",302,"1.868,67","18,69"
823,431490205000879P,CASCATA,0,FALSE,"0,233286","23,3286",513,268,268,0,"2,408451","0,938967",213,"2.199,02","21,99"
824,431490205000880P,CASCATA,0,FALSE,"0,024151","2,4151",312,153,153,0,"2,4375","3,125",128,"12.918,72","129,19"
825,431490205000881P,CASCATA,0,FALSE,"0,048415","4,8415",524,285,285,0,"2,220339","0,423729",236,"10.823,09","108,23"
826,431490205000882P,CASCATA,0,FALSE,"1,117119","111,7119",264,125,125,0,"2,613861","8,910891",101,"236,32","2,36"
827,431490205000883P,CASCATA,0,FALSE,"0,038277","3,8277",613,248,248,0,"2,761261","5,855856",222,"16.014,84","160,15"
828,431490205000884P,CASCATA,0,FALSE,"0,223135","22,3135",750,364,364,0,"2,533784","19,256757",296,"3.361,19","33,61"
829,431490205000885P,CASCATA,0,FALSE,"0,397204","39,7204",1229,551,551,0,"2,818807","6,422018",436,"3.094,13","30,94"
830,431490205000886P,CASCATA,0,FALSE,"0,180168","18,0168",662,330,330,0,"2,746888","6,224066",241,"3.674,35","36,74"
831,431490205000888P,CEL. APARICIO BORGES,0,FALSE,"0,460309","46,0309",601,236,236,0,"2,821596","2,347418",213,"1.305,64","13,06"
832,431490205000889P,CASCATA,0,FALSE,"2,089681","208,9681",176,114,114,0,"2,25641","6,410256",78,"84,22","0,84"
833,431490205000890P,LOMBA DO PINHEIRO,0,FALSE,"1,235309","123,5309",666,344,344,0,"2,457565","2,214022",271,"539,14","5,39"
834,431490205000891P,LOMBA DO PINHEIRO,0,FALSE,"0,854208","85,4208",685,321,321,0,"2,614504","0,381679",262,"801,91","8,02"
835,431490205000892P,LOMBA DO PINHEIRO,0,FALSE,"0,159156","15,9156",676,306,306,0,"2,704","1,2",250,"4.247,41","42,47"
836,431490205000893P,LOMBA DO PINHEIRO,0,FALSE,"0,213487","21,3487",759,366,366,0,"2,54698","4,026846",298,"3.555,25","35,55"
837,431490205000894P,LOMBA DO PINHEIRO,0,FALSE,"0,112529","11,2529",666,265,265,0,"2,786611","4,60251",239,"5.918,47","59,18"
838,431490205000895P,LOMBA DO PINHEIRO,0,FALSE,"0,065228","6,5228",800,304,304,0,"2,846975","5,69395",281,"12.264,67","122,65"
839,431490205000896P,LOMBA DO PINHEIRO,0,FALSE,"0,163316","16,3316",929,386,385,1,"2,730769","1,47929",338,"5.688,36","56,88"
840,431490205000897P,LOMBA DO PINHEIRO,0,FALSE,"0,080596","8,0596",936,361,361,0,"2,925","0,9375",320,"11.613,48","116,13"
841,431490205000898P,LOMBA DO PINHEIRO,0,FALSE,"0,046148","4,6148",567,249,249,0,"2,712919","0,478469",209,"12.286,56","122,87"
842,431490205000899P,LOMBA DO PINHEIRO,0,FALSE,"0,026097","2,6097",227,90,90,0,"2,609195","1,149425",87,"8.698,32","86,98"
843,431490205000900P,LOMBA DO PINHEIRO,0,FALSE,"0,302784","30,2784",1198,435,435,0,"3,071795","1,794872",390,"3.956,62","39,57"
844,431490205000901P,LOMBA DO PINHEIRO,0,FALSE,"0,153105","15,3105",1353,565,564,1,"2,891026","0,42735",468,"8.837,07","88,37"
845,431490205000902P,LOMBA DO PINHEIRO,0,FALSE,"0,165992","16,5992",758,381,381,0,"2,687943","0,70922",282,"4.566,49","45,66"
846,431490205000907P,LOMBA DO PINHEIRO,0,FALSE,"0,19393","19,393",771,340,340,0,"2,834559","0,735294",272,"3.975,66","39,76"
847,431490205000908P,LOMBA DO PINHEIRO,0,FALSE,"1,735533","173,5533",787,380,379,1,"2,358663","0,911854",329,"453,46","4,53"
848,431490205000909P,LOMBA DO PINHEIRO,0,FALSE,"0,179857","17,9857",661,291,290,1,"2,543651","5,952381",252,"3.675,14","36,75"
849,431490205000910P,LOMBA DO PINHEIRO,0,FALSE,"0,115442","11,5442",608,282,282,0,"2,491803","1,639344",244,"5.266,71","52,67"
850,431490205000911P,LOMBA DO PINHEIRO,0,FALSE,"0,330515","33,0515",451,213,213,0,"2,505556","2,777778",180,"1.364,54","13,65"
851,431490205000912P,LOMBA DO PINHEIRO,0,FALSE,"0,136425","13,6425",823,360,360,0,"2,51682","1,223242",327,"6.032,62","60,33"
852,431490205000913P,LOMBA DO PINHEIRO,0,FALSE,"0,421427","42,1427",641,262,262,0,"2,799127","4,803493",229,"1.521,02","15,21"
853,431490205000914P,LOMBA DO PINHEIRO,0,FALSE,"0,210112","21,0112",1292,632,631,1,"2,610101","5,050505",495,"6.149,10","61,49"
854,431490205000915P,LOMBA DO PINHEIRO,0,FALSE,"0,062571","6,2571",412,199,199,0,"2,675325","4,545455",154,"6.584,52","65,85"
855,431490205000916P,LOMBA DO PINHEIRO,0,FALSE,"0,057961","5,7961",428,164,164,0,"2,834437","2,649007",151,"7.384,28","73,84"
856,431490205000917P,LOMBA DO PINHEIRO,0,FALSE,"0,081179","8,1179",625,286,286,0,"2,49004","0,398406",251,"7.699,04","76,99"
857,431490205000918P,LOMBA DO PINHEIRO,0,FALSE,"0,193738","19,3738",817,375,375,0,"2,601911","5,414013",314,"4.217,04","42,17"
858,431490205000919P,LOMBA DO PINHEIRO,0,FALSE,"0,078033","7,8033",642,294,294,0,"2,697479","2,941176",238,"8.227,29","82,27"
859,431490205000920P,LOMBA DO PINHEIRO,0,FALSE,"0,168448","16,8448",1160,477,477,0,"2,600897","1,345291",446,"6.886,40","68,86"
860,431490205000921P,LOMBA DO PINHEIRO,0,FALSE,"0,096666","9,6666",657,319,319,0,"2,681633","1,632653",245,"6.796,60","67,97"
861,431490205000922P,LOMBA DO PINHEIRO,0,FALSE,"0,151681","15,1681",1025,352,352,0,"3,144172","0,920245",326,"6.757,60","67,58"
862,431490205000923P,LOMBA DO PINHEIRO,0,FALSE,"0,152758","15,2758",1037,438,438,0,"2,750663","3,448276",377,"6.788,52","67,89"
863,431490205000924P,LOMBA DO PINHEIRO,0,FALSE,"0,133054","13,3054",1096,461,461,0,"2,795918","0,765306",392,"8.237,26","82,37"
864,431490205000925P,LOMBA DO PINHEIRO,0,FALSE,"0,064689","6,4689",471,220,220,0,"2,505319","3,723404",188,"7.280,99","72,81"
865,431490205000926P,LOMBA DO PINHEIRO,0,FALSE,"0,071218","7,1218",698,297,297,0,"2,62406","4,887218",266,"9.800,89","98,01"
866,431490205000927P,LOMBA DO PINHEIRO,0,FALSE,"0,115555","11,5555",1030,444,444,0,"2,620865","6,870229",393,"8.913,50","89,14"
867,431490205000928P,LOMBA DO PINHEIRO,0,FALSE,"0,090751","9,0751",707,285,285,0,"2,897541","4,508197",244,"7.790,55","77,91"
868,431490205000929P,LOMBA DO PINHEIRO,0,FALSE,"0,09491","9,491",733,291,291,0,"2,675182","6,20438",274,"7.723,11","77,23"
869,431490205000930P,LOMBA DO PINHEIRO,0,FALSE,"0,068669","6,8669",598,285,285,0,"2,743119","8,715596",218,"8.708,44","87,08"
870,431490205000931P,LOMBA DO PINHEIRO,0,FALSE,"0,076973","7,6973",670,280,280,0,"2,712551","4,048583",247,"8.704,35","87,04"
871,431490205000932P,LOMBA DO PINHEIRO,0,FALSE,"0,072084","7,2084",637,245,245,0,"3,0625","1,442308",208,"8.836,91","88,37"
872,431490205000933P,LOMBA DO PINHEIRO,0,FALSE,"0,075244","7,5244",564,240,240,0,"2,473684","0,877193",228,"7.495,61","74,96"
873,431490205000934P,LOMBA DO PINHEIRO,0,FALSE,"0,108538","10,8538",868,362,362,0,"2,654434","2,752294",327,"7.997,20","79,97"
874,431490205000935P,LOMBA DO PINHEIRO,0,FALSE,"4,031495","403,1495",1088,528,528,0,"2,584323","4,513064",421,"269,88","2,70"
875,431490205000937P,LOMBA DO PINHEIRO,0,FALSE,"0,201352","20,1352",1279,511,510,1,"2,873589","3,160271",443,"6.352,06","63,52"
876,431490205000938P,LOMBA DO PINHEIRO,0,FALSE,"0,081927","8,1927",662,253,253,0,"2,878261","3,043478",230,"8.080,36","80,80"
877,431490205000940P,LOMBA DO PINHEIRO,0,FALSE,"0,171364","17,1364",1136,439,439,0,"2,737349","3,13253",415,"6.629,16","66,29"
878,431490205000941P,RESTINGA,0,FALSE,"2,760757","276,0757",372,193,193,0,"2,735294","2,941176",136,"134,75","1,35"
879,431490205000944P,RESTINGA,0,FALSE,"0,072453","7,2453",881,347,347,0,"2,841935","1,612903",310,"12.159,61","121,60"
880,431490205000945P,RESTINGA,0,FALSE,"0,106744","10,6744",777,317,317,0,"2,745583","3,180212",283,"7.279,10","72,79"
881,431490205000946P,RESTINGA,0,FALSE,"0,130497","13,0497",988,398,398,0,"2,767507","2,521008",357,"7.571,06","75,71"
882,431490205000947P,RESTINGA,0,FALSE,"0,164097","16,4097",704,280,280,0,"2,760784","1,960784",255,"4.290,15","42,90"
883,431490205000948P,RESTINGA,0,FALSE,"0,079701","7,9701",748,314,314,0,"2,791045","1,119403",268,"9.385,08","93,85"
884,431490205000949P,RESTINGA,0,FALSE,"0,126644","12,6644",906,371,371,0,"2,688427","1,186944",337,"7.153,91","71,54"
885,431490205000950P,RESTINGA,0,FALSE,"0,06558","6,558",633,247,247,0,"2,944186","1,860465",215,"9.652,33","96,52"
886,431490205000951P,RESTINGA,0,FALSE,"0,228175","22,8175",1053,460,460,0,"2,853659","4,065041",369,"4.614,88","46,15"
887,431490205000952P,RESTINGA,0,FALSE,"0,242803","24,2803",1826,680,680,0,"3,013201","4,125413",606,"7.520,50","75,21"
888,431490205000953P,RESTINGA,0,FALSE,"0,123586","12,3586",825,303,303,0,"3,078358","1,865672",268,"6.675,51","66,76"
889,431490205000954P,RESTINGA,0,FALSE,"0,018918","1,8918",264,96,96,0,"2,901099","3,296703",91,"13.954,96","139,55"
890,431490205000955P,RESTINGA,0,FALSE,"0,018573","1,8573",281,108,108,0,"2,896907","4,123711",97,"15.129,49","151,29"
891,431490205000956P,RESTINGA,0,FALSE,"0,053105","5,3105",810,298,298,0,"3,011152","3,717472",269,"15.252,80","152,53"
892,431490205000957P,RESTINGA,0,FALSE,"0,07757","7,757",914,293,293,0,"3,207018","3,157895",285,"11.782,91","117,83"
893,431490205000958P,RESTINGA,0,FALSE,"0,054886","5,4886",769,271,271,0,"2,957692","0,769231",260,"14.010,86","140,11"
894,431490205000959P,RESTINGA,0,FALSE,"0,081928","8,1928",637,260,260,0,"2,79386","2,631579",228,"7.775,12","77,75"
895,431490205000960P,RESTINGA,0,FALSE,"0,104578","10,4578",1022,403,403,0,"2,870787","3,932584",356,"9.772,61","97,73"
896,431490205000961P,RESTINGA,0,FALSE,"0,096946","9,6946",644,262,262,0,"2,728814","2,542373",236,"6.642,87","66,43"
897,431490205000962P,RESTINGA,0,FALSE,"0,021833","2,1833",522,269,269,0,"2,416667","2,314815",216,"23.908,76","239,09"
898,431490205000963P,RESTINGA,0,FALSE,"0,01812","1,812",420,240,240,0,"2,234043","2,12766",188,"23.178,81","231,79"
899,431490205000964P,RESTINGA,0,FALSE,"0,107765","10,7765",862,336,336,0,"2,892617","3,691275",298,"7.998,89","79,99"
900,431490205000965P,RESTINGA,0,FALSE,"0,082312","8,2312",686,267,267,0,"2,870293","3,76569",239,"8.334,14","83,34"
901,431490205000966P,RESTINGA,0,FALSE,"0,067515","6,7515",648,257,256,1,"2,683333","4,583333",240,"9.597,87","95,98"
902,431490205000967P,RESTINGA,0,FALSE,"0,069107","6,9107",442,175,175,0,"2,927152","1,324503",151,"6.395,88","63,96"
903,431490205000968P,RESTINGA,0,FALSE,"0,117216","11,7216",804,322,322,0,"2,851064","6,382979",282,"6.859,13","68,59"
904,431490205000969P,RESTINGA,0,FALSE,"0,120641","12,0641",2339,1144,1144,0,"2,539631","7,709012",921,"19.388,10","193,88"
905,431490205000971P,RESTINGA,0,FALSE,"0,022436","2,2436",530,264,264,0,"2,334802","3,524229",227,"23.622,75","236,23"
906,431490205000972P,RESTINGA,0,FALSE,"0,023833","2,3833",500,288,288,0,"2,173913","3,043478",230,"20.979,31","209,79"
907,431490205000973P,RESTINGA,0,FALSE,"0,012087","1,2087",293,157,157,0,"2,325397","2,380952",126,"24.240,92","242,41"
908,431490205000974P,RESTINGA,0,FALSE,"0,049538","4,9538",618,265,265,0,"2,821918","3,652968",219,"12.475,27","124,75"
909,431490205000975P,RESTINGA,0,FALSE,"0,035507","3,5507",355,193,193,0,"2,261146","3,821656",157,"9.998,03","99,98"
910,431490205000976P,RESTINGA,0,FALSE,"0,091648","9,1648",775,301,301,0,"2,935606","4,545455",264,"8.456,27","84,56"
911,431490205000977P,RESTINGA,0,FALSE,"0,065578","6,5578",739,283,283,0,"2,979839","3,225806",248,"11.269,02","112,69"
912,431490205000978P,RESTINGA,0,FALSE,"0,026688","2,6688",482,159,159,0,"3,492754","2,898551",138,"18.060,55","180,61"
913,431490205000979P,RESTINGA,0,FALSE,"0,045085","4,5085",536,200,200,0,"2,88172","3,763441",186,"11.888,65","118,89"
914,431490205000980P,RESTINGA,0,FALSE,"0,05287","5,287",977,336,336,0,"3,172078","1,948052",308,"18.479,29","184,79"
915,431490205000982P,RESTINGA,0,FALSE,"0,107868","10,7868",506,203,203,0,"3,048193","1,204819",166,"4.690,92","46,91"
916,431490205000983P,RESTINGA,0,FALSE,"0,106387","10,6387",394,185,185,0,"2,609272","8,609272",151,"3.703,46","37,03"
917,431490205000984P,RESTINGA,0,FALSE,"0,207004","20,7004",1025,448,448,0,"2,683246","4,450262",382,"4.951,60","49,52"
918,431490205000985P,RESTINGA,0,FALSE,"0,048078","4,8078",793,302,302,0,"2,926199","3,690037",271,"16.494,03","164,94"
919,431490205000986P,RESTINGA,0,FALSE,"0,040885","4,0885",480,224,224,0,"2,580645","4,301075",186,"11.740,25","117,40"
920,431490205000987P,RESTINGA,0,FALSE,"0,046047","4,6047",694,281,280,1,"2,939655","4,741379",232,"15.071,56","150,72"
921,431490205000988P,RESTINGA,0,FALSE,"0,039636","3,9636",546,231,230,1,"3,044944","4,494382",178,"13.775,36","137,75"
922,431490205000989P,RESTINGA,0,FALSE,"0,056127","5,6127",929,333,333,0,"3,035948","2,287582",306,"16.551,75","165,52"
923,431490205000990P,RESTINGA,0,FALSE,"0,039675","3,9675",680,241,241,0,"3,076923","3,61991",221,"17.139,26","171,39"
924,431490205000991P,RESTINGA,0,FALSE,"0,053138","5,3138",633,232,232,0,"3,014286","2,857143",210,"11.912,38","119,12"
925,431490205000992P,RESTINGA,0,FALSE,"0,041438","4,1438",561,234,234,0,"2,710145","1,932367",207,"13.538,30","135,38"
926,431490205000993P,VILA NOVA,0,FALSE,"3,288622","328,8622",1216,538,536,2,"2,625821","4,157549",457,"369,76","3,70"
927,431490205000995P,BELÉM VELHO,0,FALSE,"0,916123","91,6123",934,437,437,0,"2,608939","2,513966",358,"1.019,51","10,20"
928,431490205000996P,BELÉM VELHO,0,FALSE,"1,637576","163,7576",914,450,450,0,"2,618911",0,349,"558,14","5,58"
929,431490205000997P,BELÉM VELHO,0,FALSE,"2,010322","201,0322",873,452,451,1,"2,629283","4,984424",321,"434,26","4,34"
930,431490205000998P,VILA NOVA,0,FALSE,"0,298078","29,8078",291,157,157,0,"2,530435","5,217391",115,"976,25","9,76"
931,431490205000999P,VILA NOVA,0,FALSE,"1,046552","104,6552",784,361,359,2,"2,607639","4,513889",288,"749,13","7,49"
932,431490205001000P,VILA NOVA,0,FALSE,"0,270412","27,0412",994,417,410,7,"2,715976","3,254438",338,"3.675,87","36,76"
933,431490205001001P,VILA NOVA,0,FALSE,"0,380095","38,0095",110,66,66,0,"2,291667","4,166667",48,"289,40","2,89"
934,431490205001003P,VILA NOVA,0,FALSE,"0,230022","23,0022",644,299,299,0,"2,683333","1,666667",240,"2.799,73","28,00"
935,431490205001004P,VILA NOVA,0,FALSE,"0,281769","28,1769",698,347,347,0,"2,566176","2,205882",272,"2.477,21","24,77"
936,431490205001005P,VILA NOVA,0,FALSE,"0,39559","39,559",1053,480,479,1,"2,669231","5,128205",390,"2.661,85","26,62"
937,431490205001006P,VILA NOVA,0,FALSE,"0,10018","10,018",478,270,269,1,"2,26699","4,368932",206,"4.771,41","47,71"
938,431490205001007P,VILA NOVA,0,FALSE,"0,180833","18,0833",462,232,232,0,"2,581006","2,234637",179,"2.554,84","25,55"
939,431490205001008P,VILA NOVA,0,FALSE,"0,082253","8,2253",497,237,237,0,"2,745856","10,497238",181,"6.042,33","60,42"
940,431490205001009P,VILA NOVA,0,FALSE,"0,239291","23,9291",510,231,230,1,"2,804469",0,179,"2.131,30","21,31"
941,431490205001010P,VILA NOVA,0,FALSE,"0,108226","10,8226",456,218,217,1,"2,668639","3,550296",169,"4.213,41","42,13"
942,431490205001011P,VILA NOVA,0,FALSE,"0,392552","39,2552",785,425,425,0,"2,357357","0,3003",333,"1.999,74","20,00"
943,431490205001012P,VILA NOVA,0,FALSE,"0,014942","1,4942",401,192,192,0,"2,110526","1,052632",190,"26.837,10","268,37"
944,431490205001013P,VILA NOVA,0,FALSE,"0,041987","4,1987",707,384,384,0,"2,16208","3,058104",327,"16.838,55","168,39"
945,431490205001014P,VILA NOVA,0,FALSE,"0,011819","1,1819",309,192,192,0,"2,176056","2,816901",142,"26.144,34","261,44"
946,431490205001015P,VILA NOVA,0,FALSE,"0,011356","1,1356",337,193,193,0,"2,217105","1,973684",152,"29.675,94","296,76"
947,431490205001016P,VILA NOVA,0,FALSE,"0,01623","1,623",435,220,220,0,"2,430168","2,793296",179,"26.802,22","268,02"
948,431490205001017P,VILA NOVA,0,FALSE,"0,015245","1,5245",351,185,185,0,"2,371622","4,054054",148,"23.023,94","230,24"
949,431490205001018P,VILA NOVA,0,FALSE,"0,0492","4,92",782,377,377,0,"2,421053","2,47678",323,"15.894,31","158,94"
950,431490205001019P,VILA NOVA,0,FALSE,"0,033746","3,3746",508,211,211,0,"2,687831","4,232804",189,"15.053,64","150,54"
951,431490205001020P,VILA NOVA,0,FALSE,"0,00817","0,817",132,59,59,0,"2,490566","11,320755",53,"16.156,67","161,57"
952,431490205001021P,CAVALHADA,0,FALSE,"0,013056","1,3056",562,293,293,0,"2,322314","6,198347",242,"43.045,34","430,45"
953,431490205001022P,CAVALHADA,0,FALSE,"0,009445","0,9445",332,164,164,0,"2,289655","8,965517",145,"35.150,87","351,51"
954,431490205001023P,CAVALHADA,0,FALSE,"0,004035","0,4035",113,63,63,0,"2,215686","5,882353",51,"28.004,96","280,05"
955,431490205001024P,CAVALHADA,0,FALSE,"0,007984","0,7984",328,178,178,0,"2,216216","12,837838",148,"41.082,16","410,82"
956,431490205001025P,CAVALHADA,0,FALSE,"0,023787","2,3787",548,279,279,0,"2,372294","2,164502",231,"23.037,79","230,38"
957,431490205001027P,VILA NOVA,0,FALSE,"0,223921","22,3921",547,282,282,0,"2,431111","0,888889",225,"2.442,83","24,43"
958,431490205001028P,VILA NOVA,0,FALSE,"0,044333","4,4333",331,141,140,1,"2,563492","1,587302",126,"7.466,22","74,66"
959,431490205001029P,VILA NOVA,0,FALSE,"0,254026","25,4026",590,321,321,0,"2,277992",0,259,"2.322,60","23,23"
960,431490205001030P,VILA NOVA,0,FALSE,"0,07668","7,668",586,322,322,0,"2,262548","2,702703",259,"7.642,15","76,42"
961,431490205001031P,VILA NOVA,0,FALSE,"0,018553","1,8553",460,257,257,0,"2,180095",0,211,"24.793,83","247,94"
962,431490205001032P,VILA NOVA,0,FALSE,"0,020059","2,0059",481,257,257,0,"2,186364",0,220,"23.979,26","239,79"
963,431490205001033P,VILA NOVA,0,FALSE,"0,060797","6,0797",598,238,238,0,"2,917073","0,97561",205,"9.836,01","98,36"
964,431490205001034P,VILA NOVA,0,FALSE,"0,237969","23,7969",305,133,133,0,"2,699115","3,539823",113,"1.281,68","12,82"
965,431490205001035P,CAMPO NOVO,0,FALSE,"0,07826","7,826",826,380,380,0,"2,622222","6,984127",315,"10.554,56","105,55"
966,431490205001036P,CAMPO NOVO,0,FALSE,"0,056724","5,6724",738,320,320,0,"2,607774","3,886926",283,"13.010,37","130,10"
967,431490205001037P,CAMPO NOVO,0,FALSE,"0,211798","21,1798",602,255,255,0,"2,711712","4,954955",222,"2.842,33","28,42"
968,431490205001038P,CRISTAL,0,FALSE,"0,014445","1,4445",245,161,161,0,"1,801471","2,205882",136,"16.960,89","169,61"
969,431490205001039P,CRISTAL,0,FALSE,"0,007902","0,7902",229,176,176,0,"1,635714","1,428571",140,"28.980,01","289,80"
970,431490205001040P,CRISTAL,0,FALSE,"0,015429","1,5429",479,319,319,0,"1,794007","1,872659",267,"31.045,43","310,45"
971,431490205001041P,CAVALHADA,0,FALSE,"0,059836","5,9836",461,252,252,0,"2,076577","4,954955",222,"7.704,39","77,04"
972,431490205001042P,CAVALHADA,0,FALSE,"0,160174","16,0174",655,366,365,1,"1,960843","5,120482",332,"4.089,30","40,89"
973,431490205001043P,CAVALHADA,0,FALSE,"0,010026","1,0026",368,224,224,0,"2,114943","5,747126",174,"36.704,57","367,05"
974,431490205001044P,CAVALHADA,0,FALSE,"0,011347","1,1347",297,208,208,0,"1,867925","5,031447",159,"26.174,32","261,74"
975,431490205001045P,CAVALHADA,0,FALSE,"0,019854","1,9854",394,256,256,0,"1,894231","3,365385",208,"19.844,87","198,45"
976,431490205001046P,CAVALHADA,0,FALSE,"0,085279","8,5279",637,367,367,0,"2,275","4,285714",280,"7.469,60","74,70"
977,431490205001047P,CAVALHADA,0,FALSE,"0,063488","6,3488",378,227,227,0,"2,054348","7,065217",184,"5.953,88","59,54"
978,431490205001048P,CAVALHADA,0,FALSE,"0,13202","13,202",490,226,226,0,"2,462312","1,005025",199,"3.711,56","37,12"
979,431490205001049P,CAVALHADA,0,FALSE,"0,099219","9,9219",362,225,225,0,"2,056818","2,840909",176,"3.648,49","36,48"
980,431490205001050P,CAVALHADA,0,FALSE,"0,048796","4,8796",400,312,312,0,"1,67364","1,25523",239,"8.197,39","81,97"
981,431490205001051P,CAVALHADA,0,FALSE,"0,056727","5,6727",463,242,241,1,"2,326425","1,554404",193,"8.161,90","81,62"
982,431490205001052P,CAVALHADA,0,FALSE,"0,086583","8,6583",348,202,201,1,"2,055901","6,832298",161,"4.019,26","40,19"
983,431490205001053P,CAVALHADA,0,FALSE,"0,092312","9,2312",475,234,233,1,"2,468085","4,787234",188,"5.145,59","51,46"
984,431490205001054P,CAVALHADA,0,FALSE,"0,007907","0,7907",322,216,216,0,"1,883041",0,171,"40.723,41","407,23"
985,431490205001055P,CAVALHADA,0,FALSE,"0,076197","7,6197",532,261,261,0,"2,462963","9,259259",216,"6.981,90","69,82"
986,431490205001056P,CAVALHADA,0,FALSE,"0,13613","13,613",614,324,324,0,"2,35249","6,130268",261,"4.510,39","45,10"
987,431490205001057P,CAVALHADA,0,FALSE,"0,07",7,523,234,234,0,"2,709845","4,663212",193,"7.471,43","74,71"
988,431490205001058P,CAVALHADA,0,FALSE,"0,108114","10,8114",611,299,299,0,"2,405512","7,086614",254,"5.651,44","56,51"
989,431490205001059P,CAVALHADA,0,FALSE,"0,06433","6,433",612,297,297,0,"2,560669","5,857741",239,"9.513,45","95,13"
990,431490205001060P,CAVALHADA,0,FALSE,"0,069106","6,9106",461,206,206,0,"2,546961","0,552486",181,"6.670,91","66,71"
991,431490205001061P,CAVALHADA,0,FALSE,"0,1791","17,91",777,350,348,2,"2,367347","4,081633",294,"4.338,36","43,38"
992,431490205001062P,CAVALHADA,0,FALSE,"0,137086","13,7086",877,444,444,0,"2,338667","3,466667",375,"6.397,44","63,97"
993,431490205001063P,CAVALHADA,0,FALSE,"0,075735","7,5735",554,205,205,0,"2,978495","5,376344",186,"7.314,98","73,15"
994,431490205001064P,CAVALHADA,0,FALSE,"0,053944","5,3944",669,335,334,1,"2,122581","5,16129",310,"12.401,75","124,02"
995,431490205001065P,CAVALHADA,0,FALSE,"0,023715","2,3715",626,312,312,0,"2,435798","3,501946",257,"26.396,80","263,97"
996,431490205001067P,CAVALHADA,0,FALSE,"0,067627","6,7627",148,66,66,0,"2,792453","7,54717",53,"2.188,48","21,88"
997,431490205001068P,CRISTAL,0,FALSE,"0,045729","4,5729",669,404,404,0,"2,058462","2,461538",325,"14.629,67","146,30"
998,431490205001069P,CRISTAL,0,FALSE,"0,113472","11,3472",705,380,379,1,"2,24359","2,884615",312,"6.212,99","62,13"
999,431490205001070P,CRISTAL,0,FALSE,"0,055294","5,5294",475,221,219,2,"2,470588","2,139037",187,"8.590,44","85,90"
1000,431490205001071P,CRISTAL,0,FALSE,"0,059655","5,9655",722,334,334,0,"2,464164","0,341297",293,"12.102,93","121,03"
1001,431490205001073P,CAMAQUÃ,0,FALSE,"0,074248","7,4248",912,422,422,0,"2,425532","1,595745",376,"12.283,16","122,83"
1002,431490205001074P,CAMAQUÃ,0,FALSE,"0,059176","5,9176",581,276,276,0,"2,352227","2,834008",247,"9.818,17","98,18"
1003,431490205001075P,CAMAQUÃ,0,FALSE,"0,102316","10,2316",795,350,350,0,"2,623762","1,320132",303,"7.770,05","77,70"
1004,431490205001076P,CAMAQUÃ,0,FALSE,"0,057033","5,7033",373,177,177,0,"2,437908","3,921569",153,"6.540,07","65,40"
1005,431490205001077P,CAMAQUÃ,0,FALSE,"0,024228","2,4228",435,192,192,0,"2,54386",0,171,"17.954,43","179,54"
1006,431490205001078P,CAMAQUÃ,0,FALSE,"0,024556","2,4556",532,193,193,0,"3,00565","6,214689",177,"21.664,77","216,65"
1007,431490205001079P,CAMAQUÃ,0,FALSE,"0,034844","3,4844",600,264,264,0,"2,521008","4,621849",238,"17.219,61","172,20"
1008,431490205001081P,CAMAQUÃ,0,FALSE,"0,064784","6,4784",753,404,403,1,"2,098315","2,247191",356,"11.623,24","116,23"
1009,431490205001082P,CAMAQUÃ,0,FALSE,"0,143622","14,3622",747,367,366,1,"2,31761",0,318,"5.201,15","52,01"
1010,431490205001083P,CAMAQUÃ,0,FALSE,"0,067311","6,7311",581,356,356,0,"2,003448","1,724138",290,"8.631,58","86,32"
1011,431490205001084P,CAMAQUÃ,0,FALSE,"0,013636","1,3636",517,334,334,0,"1,846429","0,357143",280,"37.914,34","379,14"
1012,431490205001085P,CAMAQUÃ,0,FALSE,"0,01358","1,358",361,190,190,0,"2,242236","1,863354",161,"26.583,21","265,83"
1013,431490205001086P,CAMAQUÃ,0,FALSE,"0,047899","4,7899",294,164,164,0,"2,027586","7,586207",145,"6.137,92","61,38"
1014,431490205001087P,CAMAQUÃ,0,FALSE,"0,146287","14,6287",579,290,290,0,"2,363265","2,44898",245,"3.957,97","39,58"
1015,431490205001088P,CAMAQUÃ,0,FALSE,"0,096915","9,6915",585,323,323,0,"2,30315","6,299213",254,"6.036,22","60,36"
1016,431490205001089P,CAMAQUÃ,0,FALSE,"0,081275","8,1275",746,384,384,0,"2,267477","2,12766",329,"9.178,71","91,79"
1017,431490205001090P,CAMAQUÃ,0,FALSE,"0,076414","7,6414",530,252,252,0,"2,585366","1,463415",205,"6.935,90","69,36"
1018,431490205001091P,CAMAQUÃ,0,FALSE,"0,076919","7,6919",664,328,328,0,"2,603922","1,568627",255,"8.632,46","86,32"
1019,431490205001092P,CAMAQUÃ,0,FALSE,"0,076166","7,6166",590,255,255,0,"2,681818","0,909091",220,"7.746,24","77,46"
1020,431490205001093P,CAMAQUÃ,0,FALSE,"0,036303","3,6303",598,310,310,0,"2,30888","3,088803",259,"16.472,47","164,72"
1021,431490205001094P,CAMAQUÃ,0,FALSE,"0,078803","7,8803",573,235,235,0,"2,768116","1,449275",207,"7.271,30","72,71"
1022,431490205001095P,CAMAQUÃ,0,FALSE,"0,191707","19,1707",801,393,393,0,"2,583871","1,935484",310,"4.178,25","41,78"
1023,431490205001096P,CAMAQUÃ,0,FALSE,"0,113844","11,3844",867,374,374,0,"2,752381","0,952381",315,"7.615,68","76,16"
1024,431490205001097P,VILA ASSUNÇÃO,0,TRUE,"0,258224","25,8224",624,266,266,0,"2,6","5,833333",240,"2.416,51","24,17"
1025,431490205001098P,VILA ASSUNÇÃO,0,TRUE,"0,207201","20,7201",560,259,256,3,"2,040486","5,263158",247,"2.702,69","27,03"
1026,431490205001099P,VILA ASSUNÇÃO,0,FALSE,"0,202112","20,2112",442,189,189,0,"2,728395","4,938272",162,"2.186,91","21,87"
1027,431490205001100P,VILA ASSUNÇÃO,0,FALSE,"0,161938","16,1938",1145,546,543,3,"2,432373","3,991131",451,"7.070,61","70,71"
1028,431490205001101P,VILA ASSUNÇÃO,0,FALSE,"0,054724","5,4724",69,33,33,0,"2,225806","3,225806",31,"1.260,87","12,61"
1029,431490205001102P,VILA ASSUNÇÃO,0,FALSE,"0,211437","21,1437",544,220,218,2,"2,850267","5,882353",187,"2.572,87","25,73"
1030,431490205001103P,VILA ASSUNÇÃO,0,FALSE,"0,095468","9,5468",228,109,107,2,"2,447059","4,705882",85,"2.388,23","23,88"
1031,431490205001104P,VILA ASSUNÇÃO,0,FALSE,"0,127617","12,7617",362,159,157,2,"2,685039","9,448819",127,"2.836,61","28,37"
1032,431490205001105P,TRISTEZA,0,FALSE,"0,029691","2,9691",405,253,253,0,"2,00495","9,405941",202,"13.640,50","136,40"
1033,431490205001106P,TRISTEZA,0,FALSE,"0,083852","8,3852",818,469,468,1,"2,119171","4,404145",386,"9.755,28","97,55"
1034,431490205001107P,TRISTEZA,0,FALSE,"0,131993","13,1993",967,538,538,0,"2,120614","3,508772",456,"7.326,15","73,26"
1035,431490205001108P,TRISTEZA,0,FALSE,"0,031763","3,1763",356,203,203,0,"2,357616","1,324503",151,"11.208,01","112,08"
1036,431490205001109P,TRISTEZA,0,FALSE,"0,054608","5,4608",416,238,238,0,"1,925926",0,216,"7.617,93","76,18"
1037,431490205001110P,TRISTEZA,0,TRUE,"0,222565","22,2565",875,355,355,0,"2,742947","3,448276",319,"3.931,44","39,31"
1038,431490205001111P,TRISTEZA,"0,000540309",TRUE,"0,237534","23,7534",300,130,129,1,"2,504505","0,900901",111,"1.262,98","12,63"
1039,431490205001112P,TRISTEZA,0,FALSE,"0,004412","0,4412",169,134,134,0,"1,536364",10,110,"38.304,62","383,05"
1040,431490205001113P,TRISTEZA,0,FALSE,"0,105306","10,5306",746,409,409,0,"2,137536","4,011461",349,"7.084,12","70,84"
1041,431490205001114P,TRISTEZA,0,FALSE,"0,046707","4,6707",513,283,283,0,"2,102459","5,327869",244,"10.983,36","109,83"
1042,431490205001115P,TRISTEZA,0,FALSE,"0,033086","3,3086",500,267,267,0,"2,222222","3,111111",225,"15.112,13","151,12"
1043,431490205001116P,TRISTEZA,0,FALSE,"0,034359","3,4359",350,203,203,0,"2,083333","2,97619",168,"10.186,56","101,87"
1044,431490205001117P,TRISTEZA,0,FALSE,"0,030496","3,0496",345,198,198,0,"2,116564","1,840491",163,"11.312,96","113,13"
1045,431490205001118P,TRISTEZA,0,FALSE,"0,184644","18,4644",580,328,327,1,"2,095941","2,95203",271,"3.141,18","31,41"
1046,431490205001119P,TRISTEZA,0,FALSE,"0,104182","10,4182",987,589,588,1,"2,185102","8,126411",443,"9.473,81","94,74"
1047,431490205001120P,TRISTEZA,0,FALSE,"0,152556","15,2556",557,272,271,1,"2,261603","3,797468",237,"3.651,12","36,51"
1048,431490205001121P,TRISTEZA,0,FALSE,"0,206541","20,6541",640,344,343,1,"2,379182","4,460967",269,"3.098,66","30,99"
1049,431490205001123P,TRISTEZA,0,FALSE,"0,110734","11,0734",625,302,302,0,"2,394636","7,279693",261,"5.644,16","56,44"
1050,431490205001124P,TRISTEZA,0,FALSE,"0,06318","6,318",571,288,288,0,"2,213178","1,937984",258,"9.037,67","90,38"
1051,431490205001125P,TRISTEZA,0,FALSE,"0,056555","5,6555",782,433,433,0,"2,063325","5,804749",379,"13.827,25","138,27"
1052,431490205001126P,TRISTEZA,0,FALSE,"0,075445","7,5445",410,237,236,1,"2,159091","4,545455",176,"5.434,42","54,34"
1053,431490205001127P,TRISTEZA,0,FALSE,"0,141201","14,1201",787,388,388,0,"2,349254","4,776119",335,"5.573,61","55,74"
1054,431490205001128P,TRISTEZA,0,FALSE,"0,140363","14,0363",684,322,322,0,"2,442857","3,214286",280,"4.873,08","48,73"
1055,431490205001129P,VILA CONCEIÇÃO,0,FALSE,"0,061812","6,1812",406,192,192,0,"2,460606","1,818182",165,"6.568,30","65,68"
1056,431490205001130P,VILA CONCEIÇÃO,0,FALSE,"0,081189","8,1189",190,103,103,0,"2,435897","21,794872",78,"2.340,22","23,40"
1057,431490205001131P,VILA CONCEIÇÃO,0,TRUE,"0,268017","26,8017",373,203,203,0,"2,470199","11,92053",151,"1.391,70","13,92"
1058,431490205001132P,PEDRA REDONDA,"0,0002506817",TRUE,"0,597761","59,7761",526,207,206,1,"2,855491","9,82659",173,"879,95","8,80"
1059,431490205001136P,CAVALHADA,0,FALSE,"0,076928","7,6928",509,188,188,0,"2,875706","2,259887",177,"6.616,58","66,17"
1060,431490205001137P,CAVALHADA,0,FALSE,"0,271043","27,1043",295,112,112,0,"2,809524","3,809524",105,"1.088,39","10,88"
1061,431490205001138P,CAVALHADA,0,FALSE,"0,057641","5,7641",431,250,250,0,"2,176768",0,198,"7.477,32","74,77"
1062,431490205001139P,CAVALHADA,0,FALSE,"0,034797","3,4797",343,184,183,1,"2,253521","3,521127",142,"9.857,17","98,57"
1063,431490205001142P,IPANEMA,0,FALSE,"0,030916","3,0916",3,1,1,0,3,0,1,"97,04","0,97"
1064,431490205001143P,IPANEMA,0,FALSE,"0,090994","9,0994",508,254,254,0,"2,514851","12,871287",202,"5.582,79","55,83"
1065,431490205001144P,JARDIM ISABEL,0,FALSE,"0,174494","17,4494",863,395,392,3,"2,646104","8,441558",308,"4.945,73","49,46"
1066,431490205001145P,JARDIM ISABEL,0,FALSE,"0,157179","15,7179",582,248,247,1,"2,829146","6,532663",199,"3.702,78","37,03"
1067,431490205001146P,IPANEMA,0,TRUE,"0,203771","20,3771",496,230,230,0,"2,610526","3,684211",190,"2.434,10","24,34"
1068,431490205001147P,IPANEMA,0,TRUE,"0,217325","21,7325",747,319,315,4,"2,634241","10,505837",257,"3.437,25","34,37"
1069,431490205001148P,IPANEMA,0,TRUE,"0,182468","18,2468",469,229,228,1,"2,562842","1,639344",183,"2.570,31","25,70"
1070,431490205001149P,IPANEMA,0,FALSE,"0,106628","10,6628",291,124,124,0,"2,552632","6,140351",114,"2.729,11","27,29"
1071,431490205001150P,IPANEMA,0,FALSE,"0,177128","17,7128",887,415,415,0,"2,450276","7,458564",362,"5.007,68","50,08"
1072,431490205001151P,IPANEMA,0,FALSE,"0,143102","14,3102",833,406,406,0,"2,435673","4,385965",342,"5.821,02","58,21"
1073,431490205001152P,CAVALHADA,0,FALSE,"0,314942","31,4942",928,398,398,0,"2,721408","2,052786",341,"2.946,57","29,47"
1074,431490205001153P,IPANEMA,0,FALSE,"0,139585","13,9585",644,382,381,1,"2,413793","6,130268",261,"4.613,68","46,14"
1075,431490205001155P,IPANEMA,0,TRUE,"0,225696","22,5696",648,305,301,4,"2,537815","2,941176",238,"2.871,12","28,71"
1076,431490205001156P,IPANEMA,0,TRUE,"0,12971","12,971",459,228,228,0,"2,441489","1,06383",188,"3.538,66","35,39"
1077,431490205001157P,IPANEMA,0,FALSE,"0,12716","12,716",477,207,206,1,"2,637931","5,747126",174,"3.751,18","37,51"
1078,431490205001159P,ESPÍRITO SANTO,0,FALSE,"0,095236","9,5236",479,228,228,0,"2,371287","3,465347",202,"5.029,61","50,30"
1079,431490205001160P,ESPÍRITO SANTO,0,TRUE,"0,21434","21,434",692,325,325,0,"2,480287","1,792115",279,"3.228,52","32,29"
1080,431490205001161P,ESPÍRITO SANTO,0,TRUE,"0,217256","21,7256",762,396,396,0,"2,215116","3,488372",344,"3.507,38","35,07"
1081,431490205001162P,ESPÍRITO SANTO,0,FALSE,"0,299227","29,9227",337,154,154,0,"2,55303","4,545455",132,"1.126,24","11,26"
1082,431490205001163P,ESPÍRITO SANTO,0,FALSE,"0,051174","5,1174",343,166,166,0,"2,45","2,857143",140,"6.702,62","67,03"
1083,431490205001164P,ESPÍRITO SANTO,0,FALSE,"0,103998","10,3998",287,130,130,0,"2,609091","4,545455",110,"2.759,67","27,60"
1084,431490205001165P,ESPÍRITO SANTO,0,FALSE,"0,195651","19,5651",937,404,404,0,"2,654391","2,832861",353,"4.789,14","47,89"
1085,431490205001166P,ESPÍRITO SANTO,0,FALSE,"0,100213","10,0213",280,131,131,0,"2,616822","2,803738",107,"2.794,05","27,94"
1086,431490205001167P,GUARUJÁ,0,TRUE,"0,107515","10,7515",490,250,250,0,"2,437811","3,482587",201,"4.557,50","45,58"
1087,431490205001168P,GUARUJÁ,0,TRUE,"0,159827","15,9827",436,198,198,0,"2,477273","6,818182",176,"2.727,95","27,28"
1088,431490205001169P,GUARUJÁ,0,TRUE,"0,116735","11,6735",605,267,267,0,"2,552743","3,375527",237,"5.182,68","51,83"
1089,431490205001170P,GUARUJÁ,0,FALSE,"0,054607","5,4607",134,72,72,0,"2,16129","4,83871",62,"2.453,90","24,54"
1090,431490205001171P,SERRARIA,0,TRUE,"0,156724","15,6724",749,379,378,1,"2,401961","3,921569",306,"4.779,10","47,79"
1091,431490205001172P,SERRARIA,0,TRUE,"0,137052","13,7052",395,158,158,0,"2,762238",0,143,"2.882,12","28,82"
1092,431490205001173P,SERRARIA,0,TRUE,"0,029513","2,9513",242,138,138,0,"2,659341",0,91,"8.199,78","82,00"
1093,431490205001174P,SERRARIA,0,TRUE,"0,08013","8,013",735,304,304,0,"2,794677","3,422053",263,"9.172,59","91,73"
1094,431490205001175P,SERRARIA,0,TRUE,"0,050892","5,0892",316,140,140,0,"2,846847","3,603604",111,"6.209,23","62,09"
1095,431490205001176P,SERRARIA,0,TRUE,"0,061497","6,1497",823,307,307,0,"3,10566","2,641509",265,"13.382,77","133,83"
1096,431490205001177P,SERRARIA,0,TRUE,"0,042763","4,2763",504,193,193,0,"2,863636","2,840909",176,"11.785,89","117,86"
1097,431490205001178P,SERRARIA,0,TRUE,"1,413645","141,3645",621,208,208,0,3,"6,280193",207,"439,29","4,39"
1098,431490205001180P,GUARUJÁ,0,FALSE,"0,146103","14,6103",798,300,300,0,"2,912409","1,094891",274,"5.461,90","54,62"
1099,431490205001181P,ABERTA DOS MORROS,0,FALSE,"0,457666","45,7666",781,320,320,0,"2,586093",0,302,"1.706,48","17,06"
1100,431490205001182P,ABERTA DOS MORROS,0,FALSE,"0,063966","6,3966",912,386,386,0,"2,635838","2,312139",346,"14.257,57","142,58"
1101,431490205001183P,ABERTA DOS MORROS,0,FALSE,"0,171159","17,1159",1038,401,401,0,"2,753316","0,265252",377,"6.064,54","60,65"
1102,431490205001184P,ABERTA DOS MORROS,0,FALSE,"0,030467","3,0467",449,186,186,0,"2,641176",0,170,"14.737,26","147,37"
1103,431490205001185P,ABERTA DOS MORROS,0,FALSE,"0,015116","1,5116",251,120,120,0,"2,345794","7,476636",107,"16.604,92","166,05"
1104,431490205001186P,ABERTA DOS MORROS,0,FALSE,"0,125838","12,5838",668,285,284,1,"2,681633","1,632653",245,"5.308,41","53,08"
1105,431490205001187P,ABERTA DOS MORROS,0,FALSE,"0,10191","10,191",621,284,284,0,"2,291513",0,271,"6.093,61","60,94"
1106,431490205001188P,ABERTA DOS MORROS,0,TRUE,"1,691118","169,1118",779,366,366,0,"2,58804","2,325581",301,"460,64","4,61"
1107,431490205001189P,ABERTA DOS MORROS,0,FALSE,"0,498887","49,8887",1235,557,557,0,"2,605485","2,320675",474,"2.475,51","24,76"
1108,431490205001191P,PONTA GROSSA,0,TRUE,"2,090356","209,0356",298,142,142,0,"2,893204",0,103,"142,56","1,43"
1109,431490205001192P,PONTA GROSSA,0,TRUE,"0,469393","46,9393",97,106,106,0,"2,204545",0,44,"206,65","2,07"
1110,431490205001193P,PONTA GROSSA,0,TRUE,"1,154958","115,4958",291,147,147,0,"2,508621","3,448276",116,"251,96","2,52"
1111,431490205001194P,PONTA GROSSA,0,TRUE,"1,892166","189,2166",390,206,206,0,"2,61745","2,684564",149,"206,11","2,06"
1112,431490205001195P,PONTA GROSSA,0,TRUE,"3,317706","331,7706",1042,523,523,0,"2,440281","3,278689",427,"314,07","3,14"
1113,431490205001196P,PONTA GROSSA,0,FALSE,"0,09417","9,417",334,152,152,0,"2,672","0,8",125,"3.546,78","35,47"
1114,431490205001197P,IPANEMA,0,FALSE,"0,252812","25,2812",472,250,249,1,"2,292079","3,465347",202,"1.867,00","18,67"
1115,431490205001198P,IPANEMA,0,FALSE,"0,164662","16,4662",723,304,303,1,"2,546763","5,395683",278,"4.390,81","43,91"
1116,431490205001200P,IPANEMA,0,FALSE,"0,053336","5,3336",527,201,201,0,"2,895604","4,945055",182,"9.880,76","98,81"
1117,431490205001201P,IPANEMA,0,FALSE,"0,363197","36,3197",1106,535,535,0,"2,513636","1,136364",440,"3.045,18","30,45"
1118,431490205001202P,IPANEMA,0,FALSE,"0,170977","17,0977",447,206,206,0,"2,709091","3,030303",165,"2.614,39","26,14"
1119,431490205001203P,CAMPO NOVO,0,FALSE,"0,055911","5,5911",382,181,181,0,"2,402516","5,660377",159,"6.832,29","68,32"
1120,431490205001204P,CAMPO NOVO,0,FALSE,"0,171633","17,1633",722,349,349,0,"2,551237","3,533569",283,"4.206,65","42,07"
1121,431490205001205P,IPANEMA,0,FALSE,"0,188755","18,8755",539,224,224,0,"2,778351","3,608247",194,"2.855,55","28,56"
1122,431490205001207P,CAMPO NOVO,0,FALSE,"0,14045","14,045",718,310,310,0,"2,699248","9,774436",266,"5.112,14","51,12"
1123,431490205001208P,CAMPO NOVO,0,FALSE,"0,113123","11,3123",604,255,255,0,"2,672566","4,867257",226,"5.339,32","53,39"
1124,431490205001209P,CAMPO NOVO,0,FALSE,"0,311535","31,1535",767,374,374,0,"2,514754","6,557377",305,"2.462,00","24,62"
1125,431490205001211P,VILA NOVA,0,FALSE,"0,071805","7,1805",622,243,243,0,"2,764444","0,888889",225,"8.662,35","86,62"
1126,431490205001212P,VILA NOVA,0,FALSE,"0,0228","2,28",509,203,203,0,"2,721925","9,625668",187,"22.324,56","223,25"
1127,431490205001216P,HÍPICA,0,FALSE,"0,232939","23,2939",845,355,354,1,"2,747508","3,654485",301,"3.627,56","36,28"
1128,431490205001217P,HÍPICA,0,FALSE,"0,280376","28,0376",986,409,409,0,"2,708791","3,296703",364,"3.516,71","35,17"
1129,431490205001218P,HÍPICA,0,FALSE,"0,143174","14,3174",902,403,403,0,"2,569801",0,351,"6.300,03","63,00"
1130,431490205001219P,HÍPICA,0,FALSE,"0,040977","4,0977",407,156,156,0,"2,768707","5,442177",147,"9.932,40","99,32"
1131,431490205001220P,HÍPICA,0,FALSE,"0,033841","3,3841",318,137,137,0,"2,65","0,833333",120,"9.396,89","93,97"
1132,431490205001221P,HÍPICA,0,FALSE,"0,079895","7,9895",383,152,152,0,"2,735714","7,857143",140,"4.793,79","47,94"
1133,431490205001222P,HÍPICA,0,FALSE,"0,0391","3,91",478,186,186,0,"2,715909","1,136364",176,"12.225,06","122,25"
1134,431490205001223P,HÍPICA,0,FALSE,"0,091004","9,1004",603,250,250,0,"2,691964","1,785714",224,"6.626,08","66,26"
1135,431490205001224P,HÍPICA,0,FALSE,"0,03821","3,821",492,193,193,0,"2,733333","1,111111",180,"12.876,21","128,76"
1136,431490205001225P,HÍPICA,0,FALSE,"0,105536","10,5536",431,174,174,0,"2,835526","2,631579",152,"4.083,91","40,84"
1137,431490205001226P,HÍPICA,0,FALSE,"0,044379","4,4379",577,253,253,0,"2,61086","2,714932",221,"13.001,64","130,02"
1138,431490205001227P,HÍPICA,0,FALSE,"0,048518","4,8518",663,301,301,0,"2,530534","1,908397",262,"13.665,03","136,65"
1139,431490205001228P,HÍPICA,0,FALSE,"0,054167","5,4167",445,223,223,0,"2,170732","5,853659",205,"8.215,33","82,15"
1140,431490205001229P,HÍPICA,0,FALSE,"0,054868","5,4868",555,228,228,0,"2,80303","3,030303",198,"10.115,19","101,15"
1141,431490205001230P,HÍPICA,0,FALSE,"0,084109","8,4109",896,386,386,0,"2,765432",0,324,"10.652,84","106,53"
1142,431490205001231P,HÍPICA,0,FALSE,"0,050048","5,0048",706,300,300,0,"2,605166","1,845018",271,"14.106,46","141,06"
1143,431490205001234P,CHAPÉU DO SOL,0,FALSE,"0,033392","3,3392",485,186,186,0,"2,771429","5,142857",175,"14.524,44","145,24"
1144,431490205001235P,CHAPÉU DO SOL,0,FALSE,"0,106521","10,6521",818,312,312,0,"2,782313","4,421769",294,"7.679,24","76,79"
1145,431490205001236P,CHAPÉU DO SOL,0,FALSE,"0,027088","2,7088",478,181,181,0,"2,763006","4,624277",173,"17.646,19","176,46"
1146,431490205001237P,CHAPÉU DO SOL,0,FALSE,"3,038591","303,8591",311,141,141,0,"2,776786","4,464286",112,"102,35","1,02"
1147,431490205001238P,PONTA GROSSA,0,FALSE,"0,3315","33,15",1530,702,700,2,"2,569468","1,200686",583,"4.615,38","46,15"
1148,431490205001239P,PONTA GROSSA,0,FALSE,"0,282768","28,2768",995,436,436,0,"2,557841","2,056555",389,"3.518,79","35,19"
1149,431490205001240P,PONTA GROSSA,0,FALSE,"0,573855","57,3855",1025,495,495,0,"2,575377","7,788945",398,"1.786,17","17,86"
1150,431490205001241P,CHAPÉU DO SOL,0,FALSE,"0,412598","41,2598",591,277,277,0,"2,580786","1,310044",229,"1.432,39","14,32"
1151,431490205001242P,BELÉM NOVO,0,FALSE,"1,359957","135,9957",19,18,18,0,"2,714286",0,7,"13,97","0,14"
1152,431490205001243P,CHAPÉU DO SOL,0,FALSE,"0,313544","31,3544",224,100,100,0,"2,765432","4,938272",81,"714,41","7,14"
1153,431490205001244P,BELÉM NOVO,0,FALSE,"0,047346","4,7346",23,9,9,0,"2,875",0,8,"485,79","4,86"
1154,431490205001245P,BELÉM NOVO,0,TRUE,"2,244089","224,4089",292,149,149,0,"2,495726","5,128205",117,"130,12","1,30"
1155,431490205001248P,BELÉM NOVO,0,TRUE,"0,139037","13,9037",175,108,108,0,"2,1875","1,25",80,"1.258,66","12,59"
1156,431490205001249P,BELÉM NOVO,0,TRUE,"0,222417","22,2417",490,223,221,2,"2,412698","2,645503",189,"2.203,07","22,03"
1157,431490205001250P,BELÉM NOVO,0,FALSE,"0,123945","12,3945",438,190,189,1,"2,708861","4,43038",158,"3.533,83","35,34"
1158,431490205001251P,BELÉM NOVO,0,FALSE,"0,136715","13,6715",360,198,198,0,"2,416107","3,355705",149,"2.633,22","26,33"
1159,431490205001252P,BELÉM NOVO,0,FALSE,"0,080518","8,0518",480,214,214,0,"2,513089","3,141361",191,"5.961,40","59,61"
1160,431490205001253P,BELÉM NOVO,0,FALSE,"0,111121","11,1121",722,315,315,0,"2,625455","3,636364",275,"6.497,42","64,97"
1161,431490205001254P,BELÉM NOVO,0,FALSE,"0,07474","7,474",387,169,169,0,"2,449367",0,158,"5.177,95","51,78"
1162,431490205001255P,BELÉM NOVO,0,FALSE,"0,089721","8,9721",476,205,205,0,"2,572973","2,162162",185,"5.305,34","53,05"
1163,431490205001256P,BELÉM NOVO,0,FALSE,"0,113421","11,3421",629,326,326,0,"2,321033","1,476015",271,"5.545,71","55,46"
1164,431490205001257P,BELÉM NOVO,0,FALSE,"1,863027","186,3027",1036,464,464,0,"2,677003","4,134367",387,"556,08","5,56"
1165,431490205001258P,BELÉM NOVO,0,FALSE,"0,108441","10,8441",65,9,1,8,0,0,0,"599,40","5,99"
1166,431490205001259P,BELÉM NOVO,0,TRUE,"5,245651","524,5651",544,246,246,0,"2,666667","1,470588",204,"103,70","1,04"
1167,431490205001260P,BOA VISTA DO SUL,0,TRUE,"11,28362","1128,362",713,310,310,0,"2,650558","2,60223",269,"63,19","0,63"
1168,431490205001262P,LAMI,0,TRUE,"2,727245","272,7245",896,447,447,0,"2,454795","1,09589",365,"328,54","3,29"
1169,431490205001265P,LAMI,0,TRUE,"0,249663","24,9663",513,288,288,0,"2,454545",0,209,"2.054,77","20,55"
1170,431490205001266P,LAMI,0,TRUE,"0,265692","26,5692",578,330,330,0,"2,615385","0,452489",221,"2.175,45","21,75"
1171,431490205001267P,LAMI,0,FALSE,"2,158837","215,8837",1452,603,602,1,"2,654917","2,782931",539,"672,58","6,73"
1172,431490205001269P,LAMI,0,TRUE,"5,837168","583,7168",515,247,246,1,"2,617801","2,094241",191,"88,23","0,88"
1173,431490205001270P,RESTINGA,0,FALSE,"0,105786","10,5786",784,379,379,0,"2,473186","1,892744",317,"7.411,19","74,11"
1174,431490205001272P,LAGEADO,0,FALSE,"1,965634","196,5634",844,475,475,0,"2,645768","1,880878",319,"429,38","4,29"
1175,431490205001273P,LAGEADO,0,FALSE,"5,356331","535,6331",559,289,288,1,"2,462555","1,762115",227,"104,36","1,04"
1176,431490205001274P,BOA VISTA DO SUL,0,FALSE,"2,899549","289,9549",434,210,210,0,"2,508671","1,734104",173,"149,68","1,50"
1177,431490205001275P,BOA VISTA DO SUL,0,FALSE,"1,67122","167,122",1176,560,560,0,"2,545455","10,606061",462,"703,68","7,04"
1178,431490205001276P,LAGEADO,0,FALSE,"0,355136","35,5136",812,339,339,0,"2,974359",0,273,"2.286,45","22,86"
1179,431490205001277P,LAGEADO,0,TRUE,"0,833262","83,3262",397,192,192,0,"2,795775","4,225352",142,"476,44","4,76"
1180,431490205001278P,LAGEADO,0,FALSE,"3,842755","384,2755",1390,668,667,1,"2,707661","2,419355",496,"361,72","3,62"
1181,431490205001279P,LAGEADO,0,FALSE,"2,067675","206,7675",489,221,221,0,"2,657609","4,347826",184,"236,50","2,36"
1182,431490205001280P,PITINGA,0,FALSE,"0,60659","60,659",666,259,259,0,"2,752066",0,242,"1.097,94","10,98"
1183,431490205001281P,PITINGA,0,FALSE,"0,528496","52,8496",1091,461,461,0,"2,654501","0,729927",411,"2.064,35","20,64"
1184,431490205001285P,SÃO CAETANO,0,FALSE,"4,337519","433,7519",521,262,262,0,"2,631313",0,198,"120,11","1,20"
1185,431490205001287P,EXTREMA,0,FALSE,"5,353594","535,3594",397,195,195,0,"2,795775","4,225352",142,"74,16","0,74"
1186,431490205001288P,EXTREMA,0,FALSE,"3,291993","329,1993",95,100,100,0,"2,435897","5,128205",39,"28,86","0,29"
1187,431490205001289P,EXTREMA,0,FALSE,"1,550779","155,0779",188,110,110,0,"2,506667","2,666667",75,"121,23","1,21"
1188,431490205001290P,EXTREMA,0,FALSE,"3,241818","324,1818",767,355,354,1,"2,673759","0,70922",282,"236,60","2,37"
1189,431490205001292P,ARQUIPÉLAGO,"0,0000171",TRUE,"0,195826","19,5826",309,146,146,0,"2,414063","2,34375",128,"1.577,93","15,78"
1190,431490205001293P,ARQUIPÉLAGO,0,TRUE,"0,215942","21,5942",574,272,272,0,"2,645161","2,764977",217,"2.658,12","26,58"
1191,431490205001294P,ARQUIPÉLAGO,0,TRUE,"0,277538","27,7538",834,342,342,0,"2,885813","1,730104",289,"3.004,99","30,05"
1192,431490205001295P,ARQUIPÉLAGO,0,TRUE,"2,763572","276,3572",45,27,27,0,"2,5",0,18,"16,28","0,16"
1193,431490205001296P,ARQUIPÉLAGO,"0,0014355634",TRUE,"2,760916","276,0916",677,354,353,1,"2,686508","3,174603",252,"245,21","2,45"
1194,431490205001297P,ARQUIPÉLAGO,0,TRUE,"28,273357","2827,3357",11,12,12,0,"2,2",0,5,"0,39","0,00"
1195,431490205001298P,ARQUIPÉLAGO,0,TRUE,"3,736994","373,6994",628,313,313,0,"2,990476","0,952381",210,"168,05","1,68"
1196,431490205001299P,ARQUIPÉLAGO,"0,0009400907",TRUE,"5,869526","586,9526",844,391,391,0,"2,621118","2,795031",322,"143,79","1,44"
1197,431490205001300P,ARQUIPÉLAGO,"0,0017257079",TRUE,"8,103606","810,3606",7,7,7,0,"2,333333",0,3,"0,86","0,01"
1198,431490205001304P,FLORESTA,0,TRUE,"0,046574","4,6574",962,297,297,0,"3,375439","2,105263",285,"20.655,30","206,55"
1199,431490205001305P,FLORESTA,0,TRUE,"0,75859","75,859",10,10,7,3,"1,428571",0,7,"13,18","0,13"
1200,431490205001307P,FARRAPOS,0,TRUE,"0,735032","73,5032",116,69,69,0,"2,109091",0,55,"157,82","1,58"
1201,431490205001308P,FARRAPOS,0,TRUE,"0,020603","2,0603",516,176,176,0,"3,225","1,875",160,"25.044,90","250,45"
1202,431490205001309P,FARRAPOS,0,TRUE,"0,025825","2,5825",595,242,242,0,"2,767442","3,255814",215,"23.039,69","230,40"
1203,431490205001310P,FARRAPOS,0,TRUE,"0,018945","1,8945",308,145,145,0,"2,878505","2,803738",107,"16.257,59","162,58"
1204,431490205001311P,FARRAPOS,0,TRUE,"0,013374","1,3374",273,109,109,0,"3,102273","1,136364",88,"20.412,74","204,13"
1205,431490205001312P,FARRAPOS,0,TRUE,"0,03979","3,979",572,262,262,0,"2,403361",0,238,"14.375,47","143,75"
1206,431490205001313P,FARRAPOS,0,TRUE,"0,027857","2,7857",338,153,153,0,"2,6","4,615385",130,"12.133,40","121,33"
1207,431490205001314P,FARRAPOS,0,TRUE,"0,039612","3,9612",691,369,369,0,"2,119632","1,226994",326,"17.444,21","174,44"
1208,431490205001315P,FARRAPOS,0,TRUE,"0,041459","4,1459",644,282,282,0,"2,628571","0,408163",245,"15.533,42","155,33"
1209,431490205001316P,FARRAPOS,0,TRUE,"0,044892","4,4892",361,162,162,0,"2,635036","1,459854",137,"8.041,52","80,42"
1210,431490205001317P,FARRAPOS,0,TRUE,"0,051423","5,1423",282,140,140,0,"2,330579","4,958678",121,"5.483,93","54,84"
1211,431490205001318P,FARRAPOS,0,TRUE,"0,053208","5,3208",736,282,282,0,"2,705882","0,367647",272,"13.832,51","138,33"
1212,431490205001319P,FARRAPOS,0,TRUE,"0,026777","2,6777",394,189,189,0,"2,525641","5,128205",156,"14.714,12","147,14"
1213,431490205001320P,FARRAPOS,0,TRUE,"0,01736","1,736",316,138,138,0,"2,633333",5,120,"18.202,76","182,03"
1214,431490205001321P,FARRAPOS,0,TRUE,"0,015828","1,5828",407,256,256,0,"2,014851","1,485149",202,"25.713,92","257,14"
1215,431490205001322P,FARRAPOS,0,TRUE,"0,0217","2,17",327,140,140,0,"2,658537","3,252033",123,"15.069,12","150,69"
1216,431490205001323P,FARRAPOS,0,TRUE,"0,066384","6,6384",839,346,346,0,"2,778146","0,993377",302,"12.638,59","126,39"
1217,431490205001324P,FARRAPOS,0,TRUE,"0,031903","3,1903",450,190,190,0,"2,727273",0,165,"14.105,26","141,05"
1218,431490205001325P,FARRAPOS,0,TRUE,"0,044534","4,4534",482,228,228,0,"2,662983","6,077348",181,"10.823,19","108,23"
1219,431490205001327P,FARRAPOS,0,TRUE,"0,065863","6,5863",1272,563,563,0,"2,765217","0,434783",460,"19.312,82","193,13"
1220,431490205001328P,FARRAPOS,0,TRUE,"0,068716","6,8716",998,369,369,0,"2,935294","2,058824",340,"14.523,55","145,24"
1221,431490205001329P,FARRAPOS,0,TRUE,"0,046313","4,6313",875,328,328,0,"2,804487",0,312,"18.893,18","188,93"
1222,431490205001330P,FARRAPOS,0,TRUE,"0,048476","4,8476",871,317,317,0,"2,884106","1,324503",302,"17.967,65","179,68"
1223,431490205001331P,FARRAPOS,0,TRUE,"0,338545","33,8545",0,0,0,0,0,0,0,"0,00","0,00"
1224,431490205001333P,HUMAITÁ,0,TRUE,"0,181473","18,1473",361,284,284,0,"1,618834","4,932735",223,"1.989,28","19,89"
1225,431490205001334P,HUMAITÁ,0,TRUE,"0,007608","0,7608",369,237,237,0,"1,854271","0,502513",199,"48.501,58","485,02"
1226,431490205001335P,HUMAITÁ,0,TRUE,"0,009381","0,9381",396,238,238,0,"1,970149","1,492537",201,"42.212,98","422,13"
1227,431490205001336P,HUMAITÁ,0,TRUE,"0,021039","2,1039",378,190,190,0,"2,290909",0,165,"17.966,63","179,67"
1228,431490205001337P,HUMAITÁ,0,TRUE,"0,022974","2,2974",502,271,271,0,"2,182609","3,043478",230,"21.850,79","218,51"
1229,431490205001338P,HUMAITÁ,0,TRUE,"0,02389","2,389",478,239,239,0,"2,298077","3,846154",208,"20.008,37","200,08"
1230,431490205001339P,HUMAITÁ,0,TRUE,"0,013566","1,3566",426,207,207,0,"2,340659",0,182,"31.402,03","314,02"
1231,431490205001340P,HUMAITÁ,0,TRUE,"0,022999","2,2999",545,350,350,0,"2,003676","0,735294",272,"23.696,68","236,97"
1232,431490205001341P,HUMAITÁ,0,TRUE,"0,019996","1,9996",493,269,269,0,"2,220721","0,900901",222,"24.654,93","246,55"
1233,431490205001343P,HUMAITÁ,0,TRUE,"0,042347","4,2347",480,272,272,0,"2,142857","2,678571",224,"11.334,92","113,35"
1234,431490205001344P,HUMAITÁ,0,TRUE,"0,013391","1,3391",487,273,273,0,"2,046218","0,840336",238,"36.367,71","363,68"
1235,431490205001346P,HUMAITÁ,0,TRUE,"0,024397","2,4397",480,157,157,0,"3,2",0,150,"19.674,55","196,75"
1236,431490205001347P,HUMAITÁ,0,TRUE,"0,808344","80,8344",1066,376,376,0,"3,045714",0,350,"1.318,75","13,19"
1237,431490205001348P,HUMAITÁ,0,TRUE,"0,270146","27,0146",138,77,76,1,"2,155172","3,448276",58,"510,83","5,11"
1238,431490205001349P,HUMAITÁ,0,TRUE,"0,081034","8,1034",90,42,42,0,"2,571429","2,857143",35,"1.110,64","11,11"
1239,431490205001351P,NAVEGANTES,0,TRUE,"0,064045","6,4045",208,126,126,0,"2,212766","3,191489",94,"3.247,72","32,48"
1240,431490205001352P,NAVEGANTES,0,TRUE,"0,287962","28,7962",159,94,93,1,"2,564516","3,225806",62,"552,16","5,52"
1241,431490205001353P,NAVEGANTES,0,TRUE,"0,084273","8,4273",29,34,34,0,"1,526316","5,263158",19,"344,12","3,44"
1242,431490205001354P,NAVEGANTES,0,TRUE,"0,171424","17,1424",161,102,102,0,"2,236111","2,777778",72,"939,19","9,39"
1243,431490205001355P,NAVEGANTES,0,TRUE,"0,189672","18,9672",197,128,127,1,"2,095745","3,191489",94,"1.038,64","10,39"
1244,431490205001356P,NAVEGANTES,0,TRUE,"0,122724","12,2724",270,166,166,0,"2,347826","1,73913",115,"2.200,06","22,00"
1245,431490205001357P,NAVEGANTES,0,TRUE,"0,160381","16,0381",377,241,241,0,"2,257485","1,197605",167,"2.350,65","23,51"
1246,431490205001358P,NAVEGANTES,0,TRUE,"0,093517","9,3517",309,202,202,0,"2,073826","2,684564",149,"3.304,21","33,04"
1247,431490205001359P,NAVEGANTES,0,TRUE,"0,157521","15,7521",215,130,130,0,"2,388889","2,222222",90,"1.364,90","13,65"
1248,431490205001360P,NAVEGANTES,0,TRUE,"0,057105","5,7105",212,120,119,1,"2,382022",0,89,"3.712,46","37,12"
1249,431490205001361P,NAVEGANTES,0,TRUE,"0,056991","5,6991",315,245,245,0,"2,032258","1,290323",155,"5.527,19","55,27"
1250,431490205001362P,NAVEGANTES,0,TRUE,"0,079671","7,9671",305,180,180,0,"2,242647","1,470588",136,"3.828,24","38,28"
1251,431490205001363P,NAVEGANTES,0,TRUE,"0,05732","5,732",65,40,40,0,"2,166667","3,333333",30,"1.133,98","11,34"
1252,431490205001364P,SÃO GERALDO,0,TRUE,"0,126731","12,6731",249,167,166,1,"2,128205",0,117,"1.964,79","19,65"
1253,431490205001365P,SÃO GERALDO,0,TRUE,"0,083413","8,3413",342,205,203,2,"2,106918","4,402516",159,"4.100,08","41,00"
1254,431490205001366P,SÃO GERALDO,0,TRUE,"0,10389","10,389",620,354,352,2,"2,215827","3,597122",278,"5.967,85","59,68"
1255,431490205001367P,SÃO GERALDO,0,TRUE,"0,043668","4,3668",170,114,114,0,"2,048193","6,024096",83,"3.893,01","38,93"
1256,431490205001368P,SÃO GERALDO,0,TRUE,"0,133775","13,3775",117,118,117,1,"1,883333",0,60,"874,60","8,75"
1257,431490205001369P,SÃO GERALDO,0,TRUE,"0,100709","10,0709",321,165,162,3,"2,23622","5,511811",127,"3.187,40","31,87"
1258,431490205001370P,SÃO GERALDO,0,TRUE,"0,107824","10,7824",262,180,180,0,"1,898551","4,347826",138,"2.429,89","24,30"
1259,431490205001371P,SÃO GERALDO,0,TRUE,"0,065568","6,5568",464,269,268,1,"2,138249","6,451613",217,"7.076,62","70,77"
1260,431490205001372P,SÃO GERALDO,0,TRUE,"0,062363","6,2363",382,230,229,1,"2,066298","2,209945",181,"6.125,43","61,25"
1261,431490205001373P,SÃO GERALDO,0,TRUE,"0,073618","7,3618",405,217,216,1,"2,314286","1,714286",175,"5.501,37","55,01"
1262,431490205001375P,SÃO GERALDO,0,TRUE,"0,494284","49,4284",253,184,184,0,"2,219298","3,508772",114,"511,85","5,12"
1263,431490205001376P,SÃO GERALDO,0,TRUE,"0,075979","7,5979",225,151,150,1,"1,970874","1,941748",103,"2.961,34","29,61"
1264,431490205001377P,SÃO GERALDO,0,TRUE,"0,077534","7,7534",471,329,328,1,"2,227488","1,421801",211,"6.074,75","60,75"
1265,431490205001378P,SÃO GERALDO,0,TRUE,"0,068041","6,8041",308,189,188,1,"1,993056","0,694444",144,"4.526,68","45,27"
1266,431490205001379P,SÃO GERALDO,0,TRUE,"0,05365","5,365",401,288,288,0,"1,856481","3,703704",216,"7.474,37","74,74"
1267,431490205001380P,SÃO GERALDO,0,TRUE,"0,048445","4,8445",347,226,225,1,"1,971591","7,954545",176,"7.162,76","71,63"
1268,431490205001381P,SÃO GERALDO,0,FALSE,"0,00707","0,707",229,161,161,0,"1,832","1,6",125,"32.390,38","323,90"
1269,431490205001382P,FLORESTA,0,TRUE,"0,052371","5,2371",315,272,272,0,"1,759777","3,351955",179,"6.014,78","60,15"
1270,431490205001383P,FLORESTA,0,TRUE,"0,030513","3,0513",493,311,310,1,"1,995935","5,691057",246,"16.157,05","161,57"
1271,431490205001384P,FLORESTA,0,TRUE,"0,039059","3,9059",289,202,201,1,"1,932432","8,783784",148,"7.399,06","73,99"
1272,431490205001385P,FLORESTA,0,TRUE,"0,059959","5,9959",339,226,226,0,"2,079755","11,042945",163,"5.653,86","56,54"
1273,431490205001386P,FLORESTA,0,TRUE,"0,036586","3,6586",315,191,191,0,"2,128378","3,378378",148,"8.609,85","86,10"
1274,431490205001387P,FLORESTA,0,TRUE,"0,061611","6,1611",526,363,360,3,"1,904762","0,732601",273,"8.537,44","85,37"
1275,431490205001388P,SÃO GERALDO,0,TRUE,"0,029069","2,9069",239,166,162,4,2,"0,847458",118,"8.221,82","82,22"
1276,431490205001389P,FLORESTA,0,TRUE,"0,125403","12,5403",258,195,192,3,"2,183486","0,917431",109,"2.057,37","20,57"
1277,431490205001390P,FLORESTA,0,TRUE,"0,117122","11,7122",284,177,175,2,"2,262712","3,389831",118,"2.424,82","24,25"
1278,431490205001391P,FLORESTA,0,TRUE,"0,054535","5,4535",582,417,416,1,"1,966216","6,418919",296,"10.672,05","106,72"
1279,431490205001392P,FLORESTA,0,TRUE,"0,025813","2,5813",210,170,170,0,"1,842105","4,385965",114,"8.135,44","81,35"
1280,431490205001393P,MOINHOS DE VENTO,0,TRUE,"0,038939","3,8939",357,264,264,0,"1,80303","2,020202",198,"9.168,19","91,68"
1281,431490205001394P,MOINHOS DE VENTO,0,FALSE,"0,050617","5,0617",365,270,270,0,"1,931217","1,587302",189,"7.211,02","72,11"
1282,431490205001395P,MOINHOS DE VENTO,0,FALSE,"0,01972","1,972",203,209,209,0,"1,663934","4,098361",122,"10.294,12","102,94"
1283,431490205001396P,MOINHOS DE VENTO,0,FALSE,"0,008452","0,8452",371,268,268,0,"1,741784","6,103286",213,"43.894,94","438,95"
1284,431490205001397P,MOINHOS DE VENTO,0,FALSE,"0,047236","4,7236",788,419,419,0,"2,251429","4,285714",350,"16.682,19","166,82"
1285,431490205001398P,MOINHOS DE VENTO,0,TRUE,"0,0643","6,43",339,242,242,0,"1,926136","6,25",176,"5.272,16","52,72"
1286,431490205001399P,FLORESTA,0,TRUE,"0,033938","3,3938",283,161,161,0,"2,050725","3,623188",138,"8.338,74","83,39"
1287,431490205001400P,FLORESTA,0,TRUE,"0,026661","2,6661",546,370,370,0,"1,922535","2,816901",284,"20.479,35","204,79"
1288,431490205001401P,FLORESTA,0,TRUE,"0,185331","18,5331",448,283,283,0,"2,153846","3,365385",208,"2.417,30","24,17"
1289,431490205001402P,FLORESTA,0,TRUE,"0,169292","16,9292",234,213,209,4,"2,070796","0,884956",113,"1.382,23","13,82"
1290,431490205001403P,FLORESTA,0,TRUE,"0,051837","5,1837",317,250,248,2,"1,926829","4,878049",164,"6.115,32","61,15"
1291,431490205001404P,FLORESTA,0,TRUE,"0,049219","4,9219",402,298,298,0,"1,810811","6,306306",222,"8.167,58","81,68"
1292,431490205001405P,MOINHOS DE VENTO,0,TRUE,"0,028437","2,8437",248,187,187,0,"1,722222","4,861111",144,"8.721,03","87,21"
1293,431490205001406P,MOINHOS DE VENTO,0,FALSE,"0,026377","2,6377",326,224,224,0,"2,012346","4,320988",162,"12.359,25","123,59"
1294,431490205001407P,INDEPENDÊNCIA,0,TRUE,"0,093684","9,3684",465,326,326,0,"1,875","4,83871",248,"4.963,49","49,63"
1295,431490205001408P,FLORESTA,0,TRUE,"0,058483","5,8483",523,327,326,1,"2,325893","1,785714",224,"8.942,77","89,43"
1296,431490205001409P,FLORESTA,0,TRUE,"0,029957","2,9957",365,285,282,3,"1,929348","2,173913",184,"12.184,13","121,84"
1297,431490205001410P,FLORESTA,0,TRUE,"0,064023","6,4023",326,248,243,5,"2,044025","6,289308",159,"5.091,92","50,92"
1298,431490205001411P,FLORESTA,0,TRUE,"0,05802","5,802",385,293,286,7,"2,005376","2,688172",186,"6.635,64","66,36"
1299,431490205001412P,FLORESTA,0,TRUE,"0,031377","3,1377",386,335,330,5,"1,738739","4,504505",222,"12.302,00","123,02"
1300,431490205001413P,INDEPENDÊNCIA,0,TRUE,"0,017127","1,7127",277,203,203,0,"1,85906","3,355705",149,"16.173,29","161,73"
1301,431490205001414P,INDEPENDÊNCIA,0,FALSE,"0,020528","2,0528",197,193,193,0,"1,407143",0,140,"9.596,65","95,97"
1302,431490205001415P,INDEPENDÊNCIA,0,TRUE,"0,007463","0,7463",179,119,119,0,"2,057471","4,597701",87,"23.984,99","239,85"
1303,431490205001416P,INDEPENDÊNCIA,0,TRUE,"0,021488","2,1488",490,376,376,0,"1,821561","1,486989",269,"22.803,43","228,03"
1304,431490205001417P,INDEPENDÊNCIA,0,FALSE,"0,009879","0,9879",328,277,276,1,"1,641026",0,195,"33.201,74","332,02"
1305,431490205001418P,INDEPENDÊNCIA,0,TRUE,"0,011754","1,1754",255,205,203,2,"1,651316","7,236842",152,"21.694,74","216,95"
1306,431490205001419P,INDEPENDÊNCIA,0,TRUE,"0,011281","1,1281",329,250,248,2,"1,703125","3,125",192,"29.164,08","291,64"
1307,431490205001420P,INDEPENDÊNCIA,0,FALSE,"0,030587","3,0587",472,311,311,0,"1,918699","0,406504",246,"15.431,39","154,31"
1308,431490205001421P,INDEPENDÊNCIA,0,FALSE,"0,016099","1,6099",289,163,163,0,"2,189394",0,132,"17.951,43","179,51"
1309,431490205001422P,INDEPENDÊNCIA,0,FALSE,"0,015126","1,5126",410,332,332,0,"1,646586","4,417671",249,"27.105,65","271,06"
1310,431490205001423P,INDEPENDÊNCIA,0,FALSE,"0,012417","1,2417",419,269,269,0,"1,930876","8,75576",217,"33.744,06","337,44"
1311,431490205001424P,INDEPENDÊNCIA,0,FALSE,"0,009881","0,9881",179,112,112,0,"2,156627","2,409639",83,"18.115,58","181,16"
1312,431490205001425P,INDEPENDÊNCIA,0,FALSE,"0,041589","4,1589",490,268,265,3,"2,15",5,220,"11.781,96","117,82"
1313,431490205001426P,MOINHOS DE VENTO,0,FALSE,"0,052881","5,2881",447,325,323,2,"2,031818","0,909091",220,"8.452,94","84,53"
1314,431490205001427P,MOINHOS DE VENTO,0,FALSE,"0,053268","5,3268",276,154,154,0,"2,208","1,6",125,"5.181,35","51,81"
1315,431490205001428P,MOINHOS DE VENTO,0,FALSE,"0,016299","1,6299",153,115,115,0,"1,8","3,529412",85,"9.387,08","93,87"
1316,431490205001429P,INDEPENDÊNCIA,0,FALSE,"0,024528","2,4528",218,153,153,0,"1,912281","12,280702",114,"8.887,80","88,88"
1317,431490205001430P,BOM FIM,0,FALSE,"0,002775","0,2775",147,87,87,0,"1,986486","1,351351",74,"52.972,97","529,73"
1318,431490205001431P,BOM FIM,0,FALSE,"0,015342","1,5342",457,427,426,1,"1,592334","3,832753",287,"29.787,51","297,88"
1319,431490205001432P,BOM FIM,0,FALSE,"0,045605","4,5605",431,328,328,0,"1,651341","1,532567",261,"9.450,72","94,51"
1320,431490205001433P,INDEPENDÊNCIA,0,FALSE,"0,019335","1,9335",395,326,326,0,"1,78733","2,714932",221,"20.429,27","204,29"
1321,431490205001434P,BOM FIM,0,FALSE,"0,01524","1,524",416,321,321,0,"1,755274","3,375527",237,"27.296,59","272,97"
1322,431490205001435P,BOM FIM,0,FALSE,"0,016649","1,6649",299,232,232,0,"1,607527","3,763441",186,"17.959,04","179,59"
1323,431490205001436P,BOM FIM,0,FALSE,"0,021597","2,1597",377,286,285,1,"1,893939","5,555556",198,"17.456,13","174,56"
1324,431490205001437P,INDEPENDÊNCIA,0,FALSE,"0,014052","1,4052",285,237,237,0,"1,716867","1,204819",166,"20.281,81","202,82"
1325,431490205001438P,INDEPENDÊNCIA,0,FALSE,"0,020496","2,0496",443,325,325,0,"1,853556","3,76569",239,"21.613,97","216,14"
1326,431490205001439P,BOM FIM,0,FALSE,"0,025405","2,5405",414,370,370,0,"1,656","0,4",250,"16.296,00","162,96"
1327,431490205001440P,BOM FIM,0,FALSE,"0,007816","0,7816",442,372,372,0,"1,643123","4,460967",269,"56.550,67","565,51"
1328,431490205001441P,BOM FIM,0,FALSE,"0,015329","1,5329",245,165,165,0,"1,801471","0,735294",136,"15.982,78","159,83"
1329,431490205001442P,BOM FIM,0,FALSE,"0,009575","0,9575",478,321,321,0,"1,824427","1,145038",262,"49.921,67","499,22"
1330,431490205001443P,BOM FIM,0,FALSE,"0,0237","2,37",341,225,225,0,"1,766839","2,072539",193,"14.388,19","143,88"
1331,431490205001444P,INDEPENDÊNCIA,0,FALSE,"0,009932","0,9932",251,254,254,0,"1,859259","2,222222",135,"25.271,85","252,72"
1332,431490205001445P,BOM FIM,0,FALSE,"0,026024","2,6024",476,325,325,0,"1,74359","2,197802",273,"18.290,81","182,91"
1333,431490205001446P,BOM FIM,0,FALSE,"0,017689","1,7689",387,237,237,0,"1,860577",0,208,"21.878,00","218,78"
1334,431490205001447P,INDEPENDÊNCIA,0,FALSE,"0,015722","1,5722",237,147,147,0,"1,837209","6,976744",129,"15.074,42","150,74"
1335,431490205001448P,BOM FIM,0,FALSE,"0,022896","2,2896",515,370,370,0,"1,728188","1,006711",298,"22.493,01","224,93"
1336,431490205001449P,BOM FIM,0,FALSE,"0,019999","1,9999",193,128,128,0,"1,820755","1,886792",106,"9.650,48","96,50"
1337,431490205001450P,BOM FIM,0,FALSE,"0,022516","2,2516",425,289,289,0,"1,958525","3,225806",217,"18.875,47","188,75"
1338,431490205001451P,BOM FIM,0,FALSE,"0,024261","2,4261",461,324,324,0,"1,858871","1,612903",248,"19.001,69","190,02"
1339,431490205001452P,BOM FIM,0,FALSE,"0,01603","1,603",443,312,312,0,"1,744094","0,393701",254,"27.635,68","276,36"
1340,431490205001453P,BOM FIM,0,FALSE,"0,015175","1,5175",419,308,308,0,"1,717213","1,229508",244,"27.611,20","276,11"
1341,431490205001454P,BOM FIM,0,FALSE,"0,016855","1,6855",553,354,354,0,"1,855705","1,342282",298,"32.809,26","328,09"
1342,431490205001455P,INDEPENDÊNCIA,0,FALSE,"0,010463","1,0463",106,128,128,0,"1,859649",0,57,"10.130,94","101,31"
1343,431490205001456P,INDEPENDÊNCIA,0,FALSE,"0,017119","1,7119",171,115,115,0,"1,965517","10,344828",87,"9.988,90","99,89"
1344,431490205001457P,BOM FIM,0,FALSE,"0,022925","2,2925",512,449,449,0,"1,560976",0,328,"22.333,70","223,34"
1345,431490205001458P,BOM FIM,0,FALSE,"0,020339","2,0339",524,386,386,0,"1,776271","0,338983",295,"25.763,31","257,63"
1346,431490205001459P,BOM FIM,0,FALSE,"0,020881","2,0881",459,317,316,1,"1,735409","2,723735",257,"21.981,71","219,82"
1347,431490205001460P,BOM FIM,0,FALSE,"0,021094","2,1094",306,220,220,0,"1,900621","0,621118",161,"14.506,49","145,06"
1348,431490205001461P,RIO BRANCO,0,FALSE,"0,021814","2,1814",309,192,192,0,"1,980769",0,156,"14.165,21","141,65"
1349,431490205001462P,RIO BRANCO,0,FALSE,"0,016566","1,6566",209,142,141,1,"1,772727",0,110,"12.616,20","126,16"
1350,431490205001463P,RIO BRANCO,0,FALSE,"0,015021","1,5021",192,104,104,0,"2,133333","3,333333",90,"12.782,11","127,82"
1351,431490205001464P,RIO BRANCO,0,FALSE,"0,024127","2,4127",503,319,319,0,"1,957198","2,723735",257,"20.848,01","208,48"
1352,431490205001465P,RIO BRANCO,0,FALSE,"0,014678","1,4678",365,205,205,0,"2,097701","0,574713",174,"24.867,15","248,67"
1353,431490205001466P,RIO BRANCO,0,FALSE,"0,0168","1,68",272,175,175,0,"1,888889",0,144,"16.190,48","161,90"
1354,431490205001467P,RIO BRANCO,0,FALSE,"0,02307","2,307",325,265,265,0,"1,889535",0,172,"14.087,56","140,88"
1355,431490205001468P,RIO BRANCO,0,FALSE,"0,024605","2,4605",320,196,196,0,"1,927711",0,166,"13.005,49","130,05"
1356,431490205001469P,RIO BRANCO,0,FALSE,"0,035575","3,5575",275,172,172,0,"2,099237","5,343511",131,"7.730,15","77,30"
1357,431490205001470P,RIO BRANCO,0,FALSE,"0,028287","2,8287",336,226,226,0,"1,777778",0,189,"11.878,25","118,78"
1358,431490205001471P,RIO BRANCO,0,FALSE,"0,017857","1,7857",178,127,126,1,"1,797872",0,94,"9.968,08","99,68"
1359,431490205001472P,RIO BRANCO,0,FALSE,"0,033306","3,3306",487,345,344,1,"1,851711","1,140684",263,"14.621,99","146,22"
1360,431490205001473P,RIO BRANCO,0,FALSE,"0,032997","3,2997",335,232,232,0,"1,810811","4,864865",185,"10.152,44","101,52"
1361,431490205001474P,RIO BRANCO,0,FALSE,"0,031459","3,1459",292,197,197,0,"1,986395","2,040816",147,"9.281,92","92,82"
1362,431490205001475P,RIO BRANCO,0,FALSE,"0,028167","2,8167",443,285,283,2,"2,004587","0,458716",218,"15.727,62","157,28"
1363,431490205001476P,RIO BRANCO,0,FALSE,"0,016459","1,6459",403,222,222,0,"2,132275","0,529101",189,"24.485,08","244,85"
1364,431490205001477P,RIO BRANCO,0,FALSE,"0,082107","8,2107",917,419,419,0,"2,561453","0,837989",358,"11.168,35","111,68"
1365,431490205001478P,RIO BRANCO,0,FALSE,"0,01951","1,951",154,115,115,0,"1,901235","4,938272",81,"7.893,39","78,93"
1366,431490205001479P,RIO BRANCO,0,FALSE,"0,050847","5,0847",620,380,380,0,"2,145329","0,346021",289,"12.193,44","121,93"
1367,431490205001480P,RIO BRANCO,0,FALSE,"0,048439","4,8439",656,438,438,0,"1,879656","19,484241",349,"13.542,81","135,43"
1368,431490205001481P,RIO BRANCO,0,FALSE,"0,044734","4,4734",153,97,96,1,"1,961538",0,78,"3.420,22","34,20"
1369,431490205001482P,RIO BRANCO,0,FALSE,"0,041304","4,1304",259,198,198,0,"1,75",0,148,"6.270,58","62,71"
1370,431490205001483P,RIO BRANCO,0,FALSE,"0,047588","4,7588",541,323,323,0,"2,072797","2,298851",261,"11.368,41","113,68"
1371,431490205001484P,RIO BRANCO,0,FALSE,"0,02286","2,286",419,244,244,0,"2,116162","0,505051",198,"18.328,96","183,29"
1372,431490205001486P,RIO BRANCO,0,FALSE,"0,05744","5,744",604,337,336,1,"2,141844","6,382979",282,"10.515,32","105,15"
1373,431490205001487P,RIO BRANCO,0,FALSE,"0,063411","6,3411",689,317,315,2,"2,345324","0,359712",278,"10.865,62","108,66"
1374,431490205001488P,RIO BRANCO,0,FALSE,"0,007807","0,7807",403,221,221,0,"2,226519","1,657459",181,"51.620,34","516,20"
1375,431490205001489P,RIO BRANCO,0,FALSE,"0,031282","3,1282",413,244,244,0,"2,139896","2,072539",193,"13.202,48","132,02"
1376,431490205001490P,RIO BRANCO,0,FALSE,"0,032134","3,2134",504,336,336,0,"1,984252","1,574803",254,"15.684,32","156,84"
1377,431490205001491P,RIO BRANCO,0,FALSE,"0,050961","5,0961",712,400,400,0,"2,204334","4,95356",323,"13.971,47","139,71"
1378,431490205001492P,RIO BRANCO,0,FALSE,"0,013778","1,3778",119,74,74,0,"1,983333",0,60,"8.636,96","86,37"
1379,431490205001493P,BELA VISTA,0,FALSE,"0,064128","6,4128",422,199,196,3,"2,357542","6,145251",179,"6.580,59","65,81"
1380,431490205001494P,BELA VISTA,0,FALSE,"0,083954","8,3954",687,370,370,0,"2,267327","4,620462",303,"8.183,05","81,83"
1381,431490205001495P,BELA VISTA,0,FALSE,"0,082623","8,2623",805,355,355,0,"2,563694","4,140127",314,"9.743,05","97,43"
1382,431490205001496P,BELA VISTA,0,FALSE,"0,06677","6,677",615,321,321,0,"2,347328","1,145038",262,"9.210,72","92,11"
1383,431490205001497P,BELA VISTA,0,FALSE,"0,078257","7,8257",528,267,267,0,"2,275862","3,87931",232,"6.747,00","67,47"
1384,431490205001498P,BELA VISTA,0,FALSE,"0,041942","4,1942",668,320,320,0,"2,394265","2,150538",279,"15.926,76","159,27"
1385,431490205001499P,BELA VISTA,0,FALSE,"0,026009","2,6009",434,238,237,1,"2,099502",0,201,"16.686,53","166,87"
1386,431490205001500P,BELA VISTA,0,FALSE,"0,051954","5,1954",595,333,333,0,"2,203704",0,270,"11.452,44","114,52"
1387,431490205001501P,BELA VISTA,0,FALSE,"0,079888","7,9888",709,373,373,0,"2,301948","0,649351",308,"8.874,92","88,75"
1388,431490205001502P,BELA VISTA,0,FALSE,"0,02632","2,632",503,291,291,0,"2,028226","6,048387",248,"19.110,94","191,11"
1389,431490205001503P,BELA VISTA,0,FALSE,"0,028766","2,8766",387,229,229,0,"2,138122","6,077348",181,"13.453,38","134,53"
1390,431490205001504P,BELA VISTA,0,FALSE,"0,024646","2,4646",453,279,279,0,"1,911392","0,843882",237,"18.380,26","183,80"
1391,431490205001505P,BELA VISTA,0,FALSE,"0,019512","1,9512",345,240,240,0,"1,835106","0,531915",188,"17.681,43","176,81"
1392,431490205001506P,BELA VISTA,0,FALSE,"0,015409","1,5409",338,225,225,0,"1,909605",0,177,"21.935,23","219,35"
1393,431490205001507P,BELA VISTA,0,FALSE,"0,019811","1,9811",359,279,279,0,"1,822335","0,507614",197,"18.121,25","181,21"
1394,431490205001508P,MONTSERRAT,0,FALSE,"0,0441","4,41",533,377,377,0,"1,812925","8,163265",294,"12.086,17","120,86"
1395,431490205001509P,MONTSERRAT,0,FALSE,"0,04439","4,439",508,591,591,0,"1,795053","6,360424",283,"11.444,02","114,44"
1396,431490205001510P,MONTSERRAT,0,FALSE,"0,04458","4,458",649,420,419,1,"1,869942","1,734104",346,"14.558,10","145,58"
1397,431490205001511P,MONTSERRAT,0,FALSE,"0,047199","4,7199",539,388,388,0,"1,689655","5,329154",319,"11.419,73","114,20"
1398,431490205001512P,MONTSERRAT,0,FALSE,"0,046118","4,6118",537,332,332,0,"1,904255","3,191489",282,"11.644,04","116,44"
1399,431490205001513P,MONTSERRAT,0,FALSE,"0,039378","3,9378",367,220,220,0,"2,085227","1,136364",176,"9.319,92","93,20"
1400,431490205001514P,MONTSERRAT,0,FALSE,"0,02518","2,518",287,202,202,0,"1,888158","3,289474",152,"11.397,93","113,98"
1401,431490205001515P,MONTSERRAT,0,FALSE,"0,024596","2,4596",426,242,242,0,"1,901786","4,910714",224,"17.319,89","173,20"
1402,431490205001516P,MONTSERRAT,0,FALSE,"0,052679","5,2679",676,364,364,0,"2,152866","3,503185",314,"12.832,44","128,32"
1403,431490205001517P,MONTSERRAT,0,FALSE,"0,06128","6,128",546,309,309,0,"2,158103","4,743083",253,"8.909,92","89,10"
1404,431490205001518P,MONTSERRAT,0,FALSE,"0,030936","3,0936",387,245,245,0,"1,97449","7,142857",196,"12.509,70","125,10"
1405,431490205001519P,MONTSERRAT,0,FALSE,"0,06003","6,003",784,363,363,0,"2,419753","2,469136",324,"13.060,14","130,60"
1406,431490205001520P,MONTSERRAT,0,FALSE,"0,041759","4,1759",379,206,206,0,"2,141243","1,694915",177,"9.075,89","90,76"
1407,431490205001521P,MONTSERRAT,0,FALSE,"0,023483","2,3483",512,340,340,0,"1,855072","2,898551",276,"21.803,01","218,03"
1408,431490205001522P,MONTSERRAT,0,FALSE,"0,04961","4,961",630,350,350,0,"2,25","11,785714",280,"12.699,05","126,99"
1409,431490205001523P,MONTSERRAT,0,FALSE,"0,037342","3,7342",648,374,374,0,"2,090323","2,258065",310,"17.353,11","173,53"
1410,431490205001524P,MONTSERRAT,0,FALSE,"0,022054","2,2054",464,265,265,0,"2,044053","3,524229",227,"21.039,27","210,39"
1411,431490205001525P,MONTSERRAT,0,FALSE,"0,036455","3,6455",544,329,329,0,"1,956835","5,395683",278,"14.922,51","149,23"
1412,431490205001526P,MOINHOS DE VENTO,0,TRUE,"0,031405","3,1405",276,195,195,0,"2,059701","2,238806",134,"8.788,41","87,88"
1413,431490205001527P,MOINHOS DE VENTO,0,FALSE,"0,046493","4,6493",561,304,304,0,"2,253012","4,016064",249,"12.066,33","120,66"
1414,431490205001528P,MOINHOS DE VENTO,0,FALSE,"0,11278","11,278",563,392,390,2,"2,084942","5,405405",259,"4.992,02","49,92"
1415,431490205001529P,MOINHOS DE VENTO,0,FALSE,"0,038903","3,8903",216,181,180,1,"1,6875","3,125",128,"5.552,27","55,52"
1416,431490205001530P,MOINHOS DE VENTO,0,FALSE,"0,076819","7,6819",518,365,365,0,"2,047431","3,557312",253,"6.743,12","67,43"
1417,431490205001531P,MOINHOS DE VENTO,0,FALSE,"0,055897","5,5897",509,368,368,0,"1,942748","3,053435",262,"9.106,03","91,06"
1418,431490205001532P,MOINHOS DE VENTO,0,FALSE,"0,09158","9,158",477,352,352,0,"1,9875","4,166667",240,"5.208,56","52,09"
1419,431490205001533P,MOINHOS DE VENTO,0,FALSE,"0,042843","4,2843",325,222,222,0,"2,018634","3,726708",161,"7.585,84","75,86"
1420,431490205001534P,MOINHOS DE VENTO,0,FALSE,"0,040408","4,0408",501,439,438,1,"1,821818","4,727273",275,"12.398,53","123,99"
1421,431490205001535P,MOINHOS DE VENTO,0,FALSE,"0,032757","3,2757",321,203,203,0,"2,018868","2,515723",159,"9.799,43","97,99"
1422,431490205001537P,MOINHOS DE VENTO,0,FALSE,"0,038398","3,8398",271,196,196,0,"1,921986","5,673759",141,"7.057,66","70,58"
1423,431490205001538P,MOINHOS DE VENTO,0,FALSE,"0,021906","2,1906",382,237,236,1,"1,989583","5,729167",192,"17.438,14","174,38"
1424,431490205001539P,MOINHOS DE VENTO,0,FALSE,"0,04812","4,812",357,253,253,0,"1,919355","1,075269",186,"7.418,95","74,19"
1425,431490205001540P,MOINHOS DE VENTO,0,FALSE,"0,070368","7,0368",542,346,345,1,"1,970909","4,363636",275,"7.702,36","77,02"
1426,431490205001541P,AUXILIADORA,0,FALSE,"0,024868","2,4868",417,283,283,0,"1,853333",0,225,"16.768,54","167,69"
1427,431490205001542P,AUXILIADORA,0,FALSE,"0,066547","6,6547",591,384,384,0,"1,963455","4,983389",301,"8.880,94","88,81"
1428,431490205001543P,AUXILIADORA,0,FALSE,"0,03244","3,244",371,250,250,0,"1,783654","10,096154",208,"11.436,50","114,36"
1429,431490205001544P,AUXILIADORA,0,FALSE,"0,022522","2,2522",403,259,259,0,"1,865741","3,703704",216,"17.893,62","178,94"
1430,431490205001545P,AUXILIADORA,0,FALSE,"0,022271","2,2271",285,211,211,0,"1,803797","1,265823",158,"12.796,91","127,97"
1431,431490205001546P,AUXILIADORA,0,FALSE,"0,034167","3,4167",338,318,318,0,"1,495575","4,424779",226,"9.892,59","98,93"
1432,431490205001547P,AUXILIADORA,0,FALSE,"0,029084","2,9084",325,227,227,0,"1,836158","9,039548",177,"11.174,53","111,75"
1433,431490205001548P,AUXILIADORA,0,FALSE,"0,098745","9,8745",666,368,368,0,"2,304498","2,076125",289,"6.744,65","67,45"
1434,431490205001550P,AUXILIADORA,0,FALSE,"0,039978","3,9978",284,190,189,1,"1,880795","1,324503",151,"7.103,91","71,04"
1435,431490205001551P,AUXILIADORA,0,FALSE,"0,024496","2,4496",225,149,149,0,"2,008929","11,607143",112,"9.185,17","91,85"
1436,431490205001552P,AUXILIADORA,0,FALSE,"0,021063","2,1063",334,212,212,0,"1,908571","2,285714",175,"15.857,19","158,57"
1437,431490205001553P,AUXILIADORA,0,FALSE,"0,034672","3,4672",496,285,284,1,"2,16","4,444444",225,"14.305,49","143,05"
1438,431490205001554P,AUXILIADORA,0,FALSE,"0,05117","5,117",537,300,300,0,"2,156627","9,236948",249,"10.494,43","104,94"
1439,431490205001555P,AUXILIADORA,0,FALSE,"0,074438","7,4438",551,317,317,0,"2,071429","4,511278",266,"7.402,13","74,02"
1440,431490205001556P,AUXILIADORA,0,FALSE,"0,018315","1,8315",263,176,176,0,"1,813793","11,724138",145,"14.359,81","143,60"
1441,431490205001557P,AUXILIADORA,0,FALSE,"0,05765","5,765",562,351,351,0,"1,97193","8,070175",285,"9.748,48","97,48"
1442,431490205001558P,HIGIENÓPOLIS,0,FALSE,"0,04388","4,388",356,184,183,1,"2,311688","1,948052",154,"8.113,04","81,13"
1443,431490205001559P,HIGIENÓPOLIS,0,FALSE,"0,030979","3,0979",479,332,332,0,"1,885827","3,149606",254,"15.462,09","154,62"
1444,431490205001560P,HIGIENÓPOLIS,0,FALSE,"0,033855","3,3855",503,312,312,0,"2,140426","0,851064",235,"14.857,48","148,57"
1445,431490205001561P,HIGIENÓPOLIS,0,FALSE,"0,076321","7,6321",788,391,389,2,"2,318043","2,446483",327,"10.324,81","103,25"
1446,431490205001562P,HIGIENÓPOLIS,0,FALSE,"0,13585","13,585",741,352,350,2,"2,364821","2,931596",307,"5.454,55","54,55"
1447,431490205001563P,HIGIENÓPOLIS,0,FALSE,"0,035231","3,5231",374,242,242,0,"2,054945","2,747253",182,"10.615,65","106,16"
1448,431490205001564P,HIGIENÓPOLIS,0,FALSE,"0,097665","9,7665",968,471,471,0,"2,366748","3,178484",409,"9.911,43","99,11"
1449,431490205001565P,HIGIENÓPOLIS,0,FALSE,"0,050008","5,0008",431,342,342,0,"1,865801",0,231,"8.618,62","86,19"
1450,431490205001566P,HIGIENÓPOLIS,0,FALSE,"0,051566","5,1566",605,399,399,0,"1,9967",0,303,"11.732,54","117,33"
1451,431490205001568P,HIGIENÓPOLIS,0,FALSE,"0,037497","3,7497",541,385,385,0,"1,871972","0,346021",289,"14.427,82","144,28"
1452,431490205001569P,HIGIENÓPOLIS,0,FALSE,"0,040683","4,0683",561,347,347,0,"2,047445","1,824818",274,"13.789,54","137,90"
1453,431490205001570P,HIGIENÓPOLIS,0,FALSE,"0,068595","6,8595",620,406,406,0,"1,987179",0,312,"9.038,56","90,39"
1454,431490205001571P,HIGIENÓPOLIS,0,FALSE,"0,13005","13,005",294,209,209,0,"1,849057","1,257862",159,"2.260,67","22,61"
1455,431490205001572P,HIGIENÓPOLIS,0,FALSE,"0,085639","8,5639",635,379,379,0,"1,959877","0,308642",324,"7.414,85","74,15"
1456,431490205001573P,SÃO JOÃO,0,FALSE,"0,057505","5,7505",512,296,294,2,"2,033333","3,75",240,"8.903,57","89,04"
1457,431490205001574P,SÃO JOÃO,0,FALSE,"0,037633","3,7633",282,214,214,0,"1,905405","3,378378",148,"7.493,42","74,93"
1458,431490205001575P,SÃO JOÃO,0,FALSE,"0,036956","3,6956",401,284,283,1,"1,794393","3,271028",214,"10.850,74","108,51"
1459,431490205001576P,SÃO JOÃO,0,FALSE,"0,042003","4,2003",464,289,289,0,"2,199052","7,582938",211,"11.046,83","110,47"
1460,431490205001577P,SÃO JOÃO,0,TRUE,"0,057472","5,7472",276,187,186,1,"2,083969","0,763359",131,"4.802,34","48,02"
1461,431490205001578P,SÃO JOÃO,0,TRUE,"0,039034","3,9034",365,194,191,3,"2,186667","0,666667",150,"9.350,82","93,51"
1462,431490205001579P,SÃO JOÃO,0,FALSE,"0,036545","3,6545",585,339,339,0,"2,104317","3,597122",278,"16.007,66","160,08"
1463,431490205001580P,SÃO JOÃO,0,TRUE,"0,040016","4,0016",340,210,210,0,"2,207792","3,896104",154,"8.496,60","84,97"
1464,431490205001582P,SÃO JOÃO,0,FALSE,"0,057551","5,7551",429,263,263,0,"2,134328","3,9801",201,"7.454,26","74,54"
1465,431490205001583P,SÃO JOÃO,0,TRUE,"0,032212","3,2212",512,331,331,0,"2,178723","2,553191",235,"15.894,70","158,95"
1466,431490205001584P,SÃO JOÃO,0,TRUE,"0,165869","16,5869",509,311,311,0,"2,193966","2,586207",232,"3.068,69","30,69"
1467,431490205001585P,SÃO JOÃO,0,FALSE,"0,027826","2,7826",695,421,419,2,"1,99705","0,294985",339,"24.976,64","249,77"
1468,431490205001586P,SÃO JOÃO,0,FALSE,"0,063332","6,3332",572,299,298,1,"2,216","1,2",250,"9.031,77","90,32"
1469,431490205001587P,SÃO JOÃO,0,FALSE,"0,050864","5,0864",837,495,495,0,"2,097744","0,501253",399,"16.455,65","164,56"
1470,431490205001588P,SÃO JOÃO,0,FALSE,"0,018502","1,8502",404,267,267,0,"1,92381","1,428571",210,"21.835,48","218,35"
1471,431490205001589P,SÃO JOÃO,0,TRUE,"0,156115","15,6115",147,94,94,0,"2,227273","3,030303",66,"941,61","9,42"
1472,431490205001590P,SÃO JOÃO,0,TRUE,"0,083626","8,3626",387,208,208,0,"2,403727","1,863354",161,"4.627,75","46,28"
1473,431490205001591P,SÃO JOÃO,0,TRUE,"0,067843","6,7843",716,406,406,0,"2,099707","1,759531",341,"10.553,78","105,54"
1474,431490205001592P,SÃO JOÃO,0,TRUE,"0,02984","2,984",265,127,122,5,"2,145833","4,166667",96,"8.880,70","88,81"
1475,431490205001593P,SÃO JOÃO,0,TRUE,"0,08611","8,611",479,290,287,3,"2,116071","0,892857",224,"5.562,65","55,63"
1476,431490205001594P,SÃO JOÃO,0,TRUE,"0,046727","4,6727",201,140,140,0,"1,970588","6,862745",102,"4.301,58","43,02"
1477,431490205001595P,SÃO JOÃO,0,TRUE,"0,106337","10,6337",444,295,295,0,"2,018182","4,545455",220,"4.175,40","41,75"
1478,431490205001596P,SÃO JOÃO,0,TRUE,"0,183284","18,3284",36,29,29,0,"2,117647","5,882353",17,"196,42","1,96"
1479,431490205001597P,JARDIM SÃO PEDRO,0,TRUE,"0,555137","55,5137",79,42,42,0,"2,548387","9,677419",31,"142,31","1,42"
1480,431490205001598P,ANCHIETA,0,TRUE,"4,794722","479,4722",10,7,7,0,2,0,5,"2,09","0,02"
1481,431490205001599P,ANCHIETA,0,TRUE,"3,823057","382,3057",202,105,104,1,"2,409639","13,253012",83,"52,84","0,53"
1482,431490205001601P,SANTA MARIA GORETTI,0,TRUE,"0,122549","12,2549",347,205,205,0,"2,282895","5,263158",152,"2.831,52","28,32"
1483,431490205001602P,SANTA MARIA GORETTI,0,TRUE,"0,028926","2,8926",510,330,330,0,"1,976744","3,488372",258,"17.631,20","176,31"
1484,431490205001603P,SANTA MARIA GORETTI,0,TRUE,"0,131213","13,1213",335,198,198,0,"2,263514","3,378378",148,"2.553,10","25,53"
1485,431490205001604P,SANTA MARIA GORETTI,0,TRUE,"0,068941","6,8941",232,159,159,0,"2,12844","1,834862",109,"3.365,20","33,65"
1486,431490205001605P,SANTA MARIA GORETTI,0,TRUE,"0,103656","10,3656",681,393,393,0,"2,148265",0,317,"6.569,81","65,70"
1487,431490205001606P,SANTA MARIA GORETTI,0,TRUE,"0,162902","16,2902",534,316,316,0,"2,119048","3,571429",252,"3.278,04","32,78"
1488,431490205001607P,SANTA MARIA GORETTI,0,FALSE,"0,084964","8,4964",281,117,117,0,"2,754902","1,960784",102,"3.307,28","33,07"
1489,431490205001608P,SANTA MARIA GORETTI,0,FALSE,"0,097152","9,7152",115,78,78,0,"2,090909","1,818182",55,"1.183,71","11,84"
1490,431490205001609P,PASSO DA AREIA,0,FALSE,"0,035517","3,5517",433,281,281,0,"1,882609","7,826087",230,"12.191,34","121,91"
1491,431490205001610P,PASSO DA AREIA,0,FALSE,"0,043315","4,3315",237,121,120,1,"2,347368","6,315789",95,"5.471,55","54,72"
1492,431490205001611P,PASSO DA AREIA,0,FALSE,"0,045218","4,5218",312,150,150,0,"2,4",0,130,"6.899,91","69,00"
1493,431490205001612P,PASSO DA AREIA,0,FALSE,"0,113937","11,3937",632,321,321,0,"2,306569","2,554745",274,"5.546,93","55,47"
1494,431490205001613P,PASSO DA AREIA,0,FALSE,"0,090469","9,0469",689,342,342,0,"2,478417","3,23741",278,"7.615,87","76,16"
1495,431490205001614P,PASSO DA AREIA,0,FALSE,"0,03429","3,429",435,250,250,0,"2,301587","1,058201",189,"12.685,91","126,86"
1496,431490205001615P,PASSO DA AREIA,0,FALSE,"0,045034","4,5034",569,317,317,0,"2,249012","0,790514",253,"12.634,90","126,35"
1497,431490205001616P,PASSO DA AREIA,0,FALSE,"0,143185","14,3185",542,266,266,0,"2,430493",0,223,"3.785,31","37,85"
1498,431490205001617P,PASSO DA AREIA,0,FALSE,"0,054803","5,4803",441,233,233,0,"2,463687","1,675978",179,"8.047,00","80,47"
1499,431490205001618P,PASSO DA AREIA,0,FALSE,"0,021783","2,1783",280,184,184,0,"2,105263","1,503759",133,"12.854,06","128,54"
1500,431490205001619P,PASSO DA AREIA,0,TRUE,"0,060546","6,0546",619,326,326,0,"2,344697","3,030303",264,"10.223,63","102,24"
1501,431490205001620P,PASSO DA AREIA,0,FALSE,"0,070144","7,0144",430,239,238,1,"2,313514","2,162162",185,"6.130,25","61,30"
1502,431490205001621P,PASSO DA AREIA,0,FALSE,"0,063729","6,3729",575,369,369,0,"1,996528","5,555556",288,"9.022,58","90,23"
1503,431490205001622P,PASSO DA AREIA,0,FALSE,"0,025024","2,5024",344,237,237,0,"1,943503","0,564972",177,"13.746,80","137,47"
1504,431490205001623P,PASSO DA AREIA,0,FALSE,"0,024745","2,4745",255,195,195,0,"1,795775","7,746479",142,"10.305,11","103,05"
1505,431490205001624P,PASSO DA AREIA,0,FALSE,"0,059075","5,9075",342,224,224,0,"2,111111","5,555556",162,"5.789,25","57,89"
1506,431490205001625P,PASSO DA AREIA,0,FALSE,"0,042076","4,2076",390,242,242,0,"2,154696","7,18232",181,"9.268,94","92,69"
1507,431490205001626P,PASSO DA AREIA,0,FALSE,"0,064905","6,4905",607,352,352,0,"2,223443","3,296703",273,"9.352,13","93,52"
1508,431490205001627P,PASSO DA AREIA,0,FALSE,"0,079715","7,9715",578,381,381,0,2,"4,152249",289,"7.250,83","72,51"
1509,431490205001628P,PASSO DA AREIA,0,FALSE,"0,026005","2,6005",293,192,192,0,"2,02069","3,448276",145,"11.267,06","112,67"
1510,431490205001630P,PASSO DA AREIA,0,FALSE,"0,018522","1,8522",633,376,376,0,"2,138514","4,054054",296,"34.175,57","341,76"
1511,431490205001631P,PASSO DA AREIA,0,FALSE,"0,056776","5,6776",599,321,321,0,"2,202206","5,882353",272,"10.550,23","105,50"
1512,431490205001632P,PASSO DA AREIA,0,FALSE,"0,054602","5,4602",410,240,239,1,"1,950249","5,970149",201,"7.508,88","75,09"
1513,431490205001633P,PASSO DA AREIA,0,FALSE,"0,042333","4,2333",461,253,253,0,"2,154206","3,738318",214,"10.889,85","108,90"
1514,431490205001636P,PASSO DA AREIA,0,FALSE,"0,062259","6,2259",245,182,182,0,"1,96","5,6",125,"3.935,17","39,35"
1515,431490205001637P,PASSO DA AREIA,0,FALSE,"0,007826","0,7826",553,340,340,0,"2,033088","2,941176",272,"70.661,90","706,62"
1516,431490205001638P,PASSO DA AREIA,0,FALSE,"0,037352","3,7352",51,36,36,0,"1,961538","7,692308",26,"1.365,39","13,65"
1517,431490205001639P,PASSO DA AREIA,0,FALSE,"0,028442","2,8442",338,253,253,0,"1,877778","5,555556",180,"11.883,83","118,84"
1518,431490205001640P,PASSO DA AREIA,0,FALSE,"0,012554","1,2554",314,256,256,0,"1,509615","2,884615",208,"25.011,95","250,12"
1519,431490205001641P,PASSO DA AREIA,0,FALSE,"0,030614","3,0614",467,353,353,0,"1,627178","5,923345",287,"15.254,46","152,54"
1520,431490205001642P,PASSO DA AREIA,0,FALSE,"0,018617","1,8617",598,394,394,0,"1,812121","3,030303",330,"32.121,18","321,21"
1521,431490205001643P,PASSO DA AREIA,0,FALSE,"0,078502","7,8502",503,405,405,0,"2,069959","4,526749",243,"6.407,48","64,07"
1522,431490205001644P,BOA VISTA,0,FALSE,"0,273137","27,3137",386,259,259,0,"1,959391","1,522843",197,"1.413,21","14,13"
1523,431490205001646P,BOA VISTA,0,FALSE,"0,046174","4,6174",264,139,139,0,"2,378378","2,702703",111,"5.717,50","57,18"
1524,431490205001647P,BOA VISTA,0,FALSE,"0,184782","18,4782",631,290,288,2,"2,32549","4,313725",255,"3.414,83","34,15"
1525,431490205001648P,BOA VISTA,0,FALSE,"0,090984","9,0984",690,370,368,2,"2,125786","3,144654",318,"7.583,75","75,84"
1526,431490205001649P,BOA VISTA,0,FALSE,"0,080669","8,0669",229,92,91,1,"2,707317","4,878049",82,"2.838,76","28,39"
1527,431490205001650P,BOA VISTA,0,FALSE,"0,019582","1,9582",668,381,381,0,"2,094044","0,31348",319,"34.112,96","341,13"
1528,431490205001652P,BOA VISTA,0,FALSE,"0,024943","2,4943",414,246,245,1,"2,101523","2,030457",197,"16.597,84","165,98"
1529,431490205001653P,PASSO DA AREIA,0,FALSE,"0,041105","4,1105",311,239,239,0,"1,94375","2,5",160,"7.565,99","75,66"
1530,431490205001654P,BOA VISTA,0,FALSE,"0,014218","1,4218",732,348,346,2,"2,33121","4,140127",314,"51.484,03","514,84"
1531,431490205001655P,BOA VISTA,0,FALSE,"0,022691","2,2691",531,287,287,0,"2,124",8,250,"23.401,35","234,01"
1532,431490205001656P,BOA VISTA,0,FALSE,"0,05514","5,514",436,265,265,0,"1,946429","3,125",224,"7.907,15","79,07"
1533,431490205001657P,BOA VISTA,0,FALSE,"0,072269","7,2269",617,295,295,0,"2,448413","2,380952",252,"8.537,55","85,38"
1534,431490205001658P,BOA VISTA,0,FALSE,"0,114705","11,4705",577,437,436,1,"2,280992","4,132231",242,"5.030,30","50,30"
1535,431490205001659P,BOA VISTA,0,FALSE,"0,138091","13,8091",793,374,373,1,"2,457143","5,079365",315,"5.742,59","57,43"
1536,431490205001660P,TRÊS FIGUEIRAS,0,FALSE,"0,130846","13,0846",865,433,432,1,"2,344173","2,710027",369,"6.610,82","66,11"
1537,431490205001661P,TRÊS FIGUEIRAS,0,FALSE,"0,226683","22,6683",427,203,201,2,"2,710345","24,137931",145,"1.883,69","18,84"
1538,431490205001662P,TRÊS FIGUEIRAS,0,FALSE,"0,161515","16,1515",397,201,201,0,"2,294798","4,624277",173,"2.457,98","24,58"
1539,431490205001663P,TRÊS FIGUEIRAS,0,FALSE,"0,181168","18,1168",304,155,154,1,"2,700935","3,738318",107,"1.678,00","16,78"
1540,431490205001664P,TRÊS FIGUEIRAS,0,FALSE,"0,115204","11,5204",435,199,190,9,"2,47482","5,035971",139,"3.775,91","37,76"
1541,431490205001665P,CHÁCARA DAS PEDRAS,0,FALSE,"0,141465","14,1465",384,197,197,0,"2,43038","5,063291",158,"2.714,45","27,14"
1542,431490205001666P,CHÁCARA DAS PEDRAS,0,FALSE,"0,064151","6,4151",491,254,254,0,"2,273148","1,851852",216,"7.653,82","76,54"
1543,431490205001667P,VILA JARDIM,0,FALSE,"0,081294","8,1294",618,306,306,0,"2,340909","3,787879",264,"7.602,04","76,02"
1544,431490205001668P,CHÁCARA DAS PEDRAS,0,FALSE,"0,153471","15,3471",472,236,236,0,"2,36",2,200,"3.075,50","30,75"
1545,431490205001669P,CHÁCARA DAS PEDRAS,0,FALSE,"0,152353","15,2353",670,307,307,0,"2,509363","4,11985",267,"4.397,68","43,98"
1546,431490205001670P,CHÁCARA DAS PEDRAS,0,FALSE,"0,07663","7,663",391,162,162,0,"2,753521","2,112676",142,"5.102,44","51,02"
1547,431490205001671P,CHÁCARA DAS PEDRAS,0,FALSE,"0,099553","9,9553",973,515,515,0,"2,338942","6,009615",416,"9.773,69","97,74"
1548,431490205001672P,CHÁCARA DAS PEDRAS,0,FALSE,"0,142794","14,2794",738,375,374,1,"2,38961","4,545455",308,"5.168,28","51,68"
1549,431490205001673P,CHÁCARA DAS PEDRAS,0,FALSE,"0,128405","12,8405",472,254,254,0,"2,336634",0,202,"3.675,87","36,76"
1550,431490205001674P,VILA JARDIM,0,FALSE,"0,09976","9,976",670,315,315,0,"2,56705","1,532567",261,"6.716,12","67,16"
1551,431490205001675P,VILA JARDIM,0,FALSE,"0,014895","1,4895",113,50,50,0,"2,568182","9,090909",44,"7.586,44","75,86"
1552,431490205001676P,VILA JARDIM,0,FALSE,"0,063347","6,3347",319,177,177,0,"2,492188","7,8125",128,"5.035,76","50,36"
1553,431490205001677P,VILA JARDIM,0,FALSE,"0,052153","5,2153",485,220,220,0,"2,461929","5,076142",197,"9.299,56","93,00"
1554,431490205001678P,VILA JARDIM,0,FALSE,"0,065936","6,5936",392,199,199,0,"2,722222","3,472222",144,"5.945,16","59,45"
1555,431490205001679P,VILA JARDIM,0,FALSE,"0,064709","6,4709",233,112,112,0,"2,617978","2,247191",89,"3.600,74","36,01"
1556,431490205001680P,VILA JARDIM,0,FALSE,"0,068777","6,8777",520,295,295,0,"2,20339","4,237288",236,"7.560,67","75,61"
1557,431490205001681P,VILA JARDIM,0,FALSE,"0,059144","5,9144",452,232,232,0,"2,612717","1,734104",173,"7.642,36","76,42"
1558,431490205001682P,VILA JARDIM,0,FALSE,"0,057186","5,7186",350,215,215,0,"2,517986","2,158273",139,"6.120,38","61,20"
1559,431490205001683P,VILA JARDIM,0,FALSE,"0,040893","4,0893",373,153,153,0,"2,702899","0,724638",138,"9.121,37","91,21"
1560,431490205001684P,VILA JARDIM,0,FALSE,"0,04513","4,513",370,183,183,0,"2,466667","1,333333",150,"8.198,54","81,99"
1561,431490205001685P,VILA JARDIM,0,FALSE,"0,057584","5,7584",439,228,228,0,"2,412088","3,846154",182,"7.623,65","76,24"
1562,431490205001686P,VILA JARDIM,0,FALSE,"0,127255","12,7255",524,234,233,1,"2,536946","5,418719",203,"4.117,72","41,18"
1563,431490205001687P,VILA JARDIM,0,FALSE,"0,051626","5,1626",382,208,208,0,"2,247059","5,294118",170,"7.399,37","73,99"
1564,431490205001688P,VILA JARDIM,0,FALSE,"0,07024","7,024",493,269,268,1,"2,411765","4,411765",204,"7.018,79","70,19"
1565,431490205001689P,VILA JARDIM,0,FALSE,"0,103274","10,3274",506,228,227,1,"2,517588",0,199,"4.899,59","49,00"
1566,431490205001690P,VILA JARDIM,0,FALSE,"0,060081","6,0081",451,231,231,0,"2,30102","3,571429",196,"7.506,53","75,07"
1567,431490205001691P,VILA JARDIM,0,FALSE,"0,035621","3,5621",420,228,228,0,"2,27027","5,405405",185,"11.790,80","117,91"
1568,431490205001692P,VILA JARDIM,0,FALSE,"0,041696","4,1696",509,307,307,0,"2,077551","0,408163",245,"12.207,41","122,07"
1569,431490205001693P,VILA JARDIM,0,FALSE,"0,037864","3,7864",399,176,175,1,"2,573333",2,150,"10.537,71","105,38"
1570,431490205001694P,VILA JARDIM,0,FALSE,"0,045869","4,5869",424,176,176,0,"2,479532","5,263158",171,"9.243,72","92,44"
1571,431490205001695P,VILA JARDIM,0,FALSE,"0,054694","5,4694",264,148,148,0,"2,514286","2,857143",105,"4.826,85","48,27"
1572,431490205001696P,VILA IPIRANGA,0,FALSE,"0,010032","1,0032",309,272,272,0,"1,437209","0,930233",215,"30.801,44","308,01"
1573,431490205001697P,VILA IPIRANGA,0,FALSE,"0,005843","0,5843",177,167,167,0,"1,5","9,322034",118,"30.292,66","302,93"
1574,431490205001698P,VILA IPIRANGA,0,FALSE,"0,01731","1,731",458,231,231,0,"2,301508","0,502513",199,"26.458,69","264,59"
1575,431490205001699P,VILA IPIRANGA,0,FALSE,"0,035323","3,5323",289,191,191,0,"1,852564","1,923077",156,"8.181,64","81,82"
1576,431490205001700P,VILA IPIRANGA,0,FALSE,"0,009523","0,9523",292,270,270,0,"1,42439","3,902439",205,"30.662,61","306,63"
1577,431490205001701P,VILA IPIRANGA,0,FALSE,"0,008558","0,8558",276,231,231,0,"1,533333","5,555556",180,"32.250,53","322,51"
1578,431490205001702P,VILA IPIRANGA,0,FALSE,"0,015535","1,5535",436,355,355,0,"1,503448","6,551724",290,"28.065,66","280,66"
1579,431490205001704P,JARDIM EUROPA,0,FALSE,"0,023935","2,3935",320,124,124,0,"2,689076","3,361345",119,"13.369,54","133,70"
1580,431490205001706P,VILA IPIRANGA,0,FALSE,"0,037773","3,7773",543,298,295,3,"2,042969","7,03125",256,"14.375,35","143,75"
1581,431490205001707P,VILA IPIRANGA,0,FALSE,"0,011882","1,1882",371,381,381,0,"1,4","1,132075",265,"31.223,70","312,24"
1582,431490205001708P,VILA IPIRANGA,0,FALSE,"0,006115","0,6115",198,159,159,0,"1,767857","0,892857",112,"32.379,39","323,79"
1583,431490205001709P,VILA IPIRANGA,0,FALSE,"0,011683","1,1683",303,278,278,0,"1,456731","0,480769",208,"25.935,12","259,35"
1584,431490205001710P,VILA IPIRANGA,0,FALSE,"0,023381","2,3381",444,296,296,0,"1,790323","4,83871",248,"18.989,78","189,90"
1585,431490205001711P,VILA IPIRANGA,0,FALSE,"0,030013","3,0013",293,191,191,0,"2,092857",5,140,"9.762,44","97,62"
1586,431490205001712P,VILA IPIRANGA,0,FALSE,"0,095998","9,5998",501,289,286,3,"2,220657","6,57277",213,"5.218,86","52,19"
1587,431490205001713P,VILA IPIRANGA,0,FALSE,"0,035056","3,5056",332,166,164,2,"2,294118","9,558824",136,"9.470,56","94,71"
1588,431490205001714P,VILA IPIRANGA,0,FALSE,"0,055132","5,5132",185,112,111,1,"2,32",16,75,"3.355,58","33,56"
1589,431490205001715P,VILA IPIRANGA,0,FALSE,"0,077264","7,7264",419,188,186,2,"2,408805","1,257862",159,"5.422,97","54,23"
1590,431490205001716P,VILA IPIRANGA,0,FALSE,"0,04805","4,805",210,140,140,0,"2,164948","5,154639",97,"4.370,45","43,70"
1591,431490205001717P,VILA IPIRANGA,0,FALSE,"0,108462","10,8462",401,237,237,0,"2,191257","2,73224",183,"3.697,15","36,97"
1592,431490205001718P,VILA IPIRANGA,0,FALSE,"0,066429","6,6429",300,153,153,0,"2,586207","3,448276",116,"4.516,10","45,16"
1593,431490205001719P,VILA IPIRANGA,0,FALSE,"0,018435","1,8435",471,289,289,0,"1,995763","5,508475",236,"25.549,23","255,49"
1594,431490205001720P,VILA IPIRANGA,0,FALSE,"0,07401","7,401",460,235,233,2,"2,393617","13,297872",188,"6.215,38","62,15"
1595,431490205001721P,VILA IPIRANGA,0,FALSE,"0,065232","6,5232",417,219,219,0,"2,382857","9,714286",175,"6.392,57","63,93"
1596,431490205001722P,VILA IPIRANGA,0,FALSE,"0,039102","3,9102",368,208,208,0,"2,010929","3,825137",183,"9.411,28","94,11"
1597,431490205001723P,VILA IPIRANGA,0,FALSE,"0,01802","1,802",366,203,203,0,"2,067797","2,824859",177,"20.310,77","203,11"
1598,431490205001724P,VILA IPIRANGA,0,FALSE,"0,012885","1,2885",425,181,181,0,"2,591463",0,164,"32.984,09","329,84"
1599,431490205001725P,VILA IPIRANGA,0,FALSE,"0,047425","4,7425",482,334,333,1,"1,804598","3,065134",261,"10.163,42","101,63"
1600,431490205001726P,VILA IPIRANGA,0,FALSE,"0,024284","2,4284",456,280,280,0,"1,932203","1,694915",236,"18.777,80","187,78"
1601,431490205001727P,VILA IPIRANGA,0,FALSE,"0,016167","1,6167",439,304,304,0,"1,777328","4,453441",247,"27.154,08","271,54"
1602,431490205001728P,VILA IPIRANGA,0,FALSE,"0,067472","6,7472",620,295,291,4,"2,442623","4,098361",244,"9.189,00","91,89"
1603,431490205001729P,VILA IPIRANGA,0,FALSE,"0,077096","7,7096",415,184,184,0,"2,610063","10,691824",159,"5.382,90","53,83"
1604,431490205001730P,VILA IPIRANGA,0,FALSE,"0,105954","10,5954",423,217,216,1,"2,354651","8,139535",172,"3.992,30","39,92"
1605,431490205001731P,VILA IPIRANGA,0,FALSE,"0,065242","6,5242",541,266,266,0,"2,426009","1,793722",223,"8.292,20","82,92"
1606,431490205001732P,VILA IPIRANGA,0,FALSE,"0,104715","10,4715",830,409,409,0,"2,470238","1,190476",336,"7.926,28","79,26"
1607,431490205001733P,VILA IPIRANGA,0,FALSE,"0,076263","7,6263",368,191,191,0,"2,374194","2,580645",155,"4.825,41","48,25"
1608,431490205001734P,VILA IPIRANGA,0,FALSE,"0,093263","9,3263",602,261,260,1,"2,728111","4,147465",217,"6.454,86","64,55"
1609,431490205001735P,VILA IPIRANGA,0,FALSE,"0,132871","13,2871",500,238,237,1,"2,452736",0,201,"3.763,05","37,63"
1610,431490205001736P,CRISTO REDENTOR,0,FALSE,"0,086356","8,6356",625,303,303,0,"2,376426","1,901141",263,"7.237,48","72,37"
1611,431490205001737P,CRISTO REDENTOR,0,FALSE,"0,060248","6,0248",490,260,260,0,"2,344498","7,177033",209,"8.133,05","81,33"
1612,431490205001739P,CRISTO REDENTOR,0,FALSE,"0,053482","5,3482",511,316,316,0,"2,052209","4,819277",249,"9.554,62","95,55"
1613,431490205001740P,CRISTO REDENTOR,0,FALSE,"0,058771","5,8771",669,355,355,0,"2,215232","3,311258",302,"11.383,17","113,83"
1614,431490205001741P,CRISTO REDENTOR,0,FALSE,"0,071635","7,1635",722,343,342,1,"2,423077","1,748252",286,"10.078,87","100,79"
1615,431490205001742P,CRISTO REDENTOR,0,FALSE,"0,044472","4,4472",344,203,203,0,"2,263158","11,842105",152,"7.735,20","77,35"
1616,431490205001743P,CRISTO REDENTOR,0,FALSE,"0,063212","6,3212",474,311,310,1,"1,991597","2,10084",238,"7.498,58","74,99"
1617,431490205001744P,CRISTO REDENTOR,0,FALSE,"0,015623","1,5623",256,112,112,0,"2,415094",0,106,"16.386,10","163,86"
1618,431490205001745P,CRISTO REDENTOR,0,FALSE,"0,021275","2,1275",437,240,240,0,"2,131707","7,804878",205,"20.540,54","205,41"
1619,431490205001746P,CRISTO REDENTOR,0,FALSE,"0,025978","2,5978",342,216,216,0,"1,9",5,180,"13.164,99","131,65"
1620,431490205001747P,CRISTO REDENTOR,0,FALSE,"0,039676","3,9676",331,219,219,0,"1,993976","9,036145",166,"8.342,57","83,43"
1621,431490205001748P,CRISTO REDENTOR,0,FALSE,"0,048317","4,8317",529,325,325,0,"1,988722","3,007519",266,"10.948,53","109,49"
1622,431490205001749P,CRISTO REDENTOR,0,FALSE,"0,021138","2,1138",530,282,282,0,"2,255319","5,531915",235,"25.073,33","250,73"
1623,431490205001750P,CRISTO REDENTOR,0,FALSE,"0,067219","6,7219",290,227,227,0,2,"3,448276",145,"4.314,26","43,14"
1624,431490205001751P,CRISTO REDENTOR,0,FALSE,"0,04515","4,515",335,201,201,0,"2,055215",0,163,"7.419,71","74,20"
1625,431490205001752P,CRISTO REDENTOR,0,FALSE,"0,109845","10,9845",326,245,244,1,"2,012346","1,234568",162,"2.967,82","29,68"
1626,431490205001753P,CRISTO REDENTOR,0,FALSE,"0,016255","1,6255",435,255,254,1,"1,926267","3,225806",217,"26.761,00","267,61"
1627,431490205001754P,CRISTO REDENTOR,0,FALSE,"0,016767","1,6767",344,214,214,0,"2,191083","7,643312",157,"20.516,49","205,16"
1628,431490205001755P,CRISTO REDENTOR,0,FALSE,"0,019158","1,9158",494,308,308,0,"1,976",2,250,"25.785,57","257,86"
1629,431490205001756P,CRISTO REDENTOR,0,FALSE,"0,024805","2,4805",366,236,236,0,"2,091429","1,714286",175,"14.755,09","147,55"
1630,431490205001757P,CRISTO REDENTOR,0,FALSE,"0,021873","2,1873",263,162,162,0,"2,104","3,2",125,"12.023,96","120,24"
1631,431490205001758P,CRISTO REDENTOR,0,FALSE,"0,062456","6,2456",593,345,344,1,"2,110701","6,273063",271,"9.494,68","94,95"
1632,431490205001759P,CRISTO REDENTOR,0,FALSE,"0,032877","3,2877",665,394,394,0,"2,173203","3,267974",306,"20.226,91","202,27"
1633,431490205001760P,CRISTO REDENTOR,0,FALSE,"0,03073","3,073",370,259,259,0,"2,021858","5,464481",183,"12.040,35","120,40"
1634,431490205001761P,CRISTO REDENTOR,0,FALSE,"0,066547","6,6547",507,326,326,0,"2,044355","0,403226",248,"7.618,68","76,19"
1635,431490205001762P,CRISTO REDENTOR,0,FALSE,"0,091967","9,1967",691,407,407,0,"1,946479","11,830986",355,"7.513,56","75,14"
1636,431490205001764P,CRISTO REDENTOR,0,FALSE,"0,004998","0,4998",495,328,328,0,"1,826568","5,535055",271,"99.039,62","990,40"
1637,431490205001765P,JARDIM SÃO PEDRO,0,FALSE,"0,087747","8,7747",477,267,267,0,"2,373134","6,965174",201,"5.436,08","54,36"
1638,431490205001766P,JARDIM SÃO PEDRO,0,TRUE,"0,097514","9,7514",640,282,280,2,"2,442688","5,13834",253,"6.563,16","65,63"
1639,431490205001767P,JARDIM SÃO PEDRO,0,FALSE,"0,064638","6,4638",453,218,218,0,"2,588571","5,714286",175,"7.008,26","70,08"
1640,431490205001768P,JARDIM SÃO PEDRO,0,FALSE,"0,074697","7,4697",682,352,350,2,"2,335689","3,533569",283,"9.130,22","91,30"
1641,431490205001769P,JARDIM SÃO PEDRO,0,FALSE,"0,037842","3,7842",514,320,320,0,"2,064257","10,040161",249,"13.582,79","135,83"
1642,431490205001770P,JARDIM SÃO PEDRO,0,FALSE,"0,051356","5,1356",475,308,308,0,"1,946721","4,508197",244,"9.249,16","92,49"
1643,431490205001771P,JARDIM FLORESTA,0,TRUE,"0,170337","17,0337",118,64,64,0,"2,36",2,50,"692,74","6,93"
1644,431490205001772P,JARDIM FLORESTA,0,TRUE,"0,118145","11,8145",355,161,160,1,"2,62963","3,703704",135,"3.004,78","30,05"
1645,431490205001773P,JARDIM FLORESTA,0,FALSE,"0,119072","11,9072",633,310,310,0,"2,482353","3,921569",255,"5.316,11","53,16"
1646,431490205001774P,JARDIM FLORESTA,0,FALSE,"0,103889","10,3889",440,220,220,0,"2,189055","0,995025",201,"4.235,29","42,35"
1647,431490205001775P,JARDIM FLORESTA,0,TRUE,"0,129439","12,9439",682,323,323,0,"2,516605","2,95203",271,"5.268,89","52,69"
1648,431490205001776P,JARDIM LINDÓIA,0,TRUE,"0,061675","6,1675",470,225,225,0,"2,410256",0,195,"7.620,59","76,21"
1649,431490205001777P,JARDIM LINDÓIA,0,TRUE,"0,072076","7,2076",497,264,264,0,"2,366667",0,210,"6.895,50","68,95"
1650,431490205001778P,JARDIM LINDÓIA,0,FALSE,"0,06931","6,931",490,250,250,0,"2,322275","2,369668",211,"7.069,69","70,70"
1651,431490205001779P,JARDIM LINDÓIA,0,FALSE,"0,018945","1,8945",394,195,195,0,"2,345238","5,357143",168,"20.797,04","207,97"
1652,431490205001781P,JARDIM LINDÓIA,0,FALSE,"0,091788","9,1788",579,260,258,2,"2,55814","6,511628",215,"6.308,01","63,08"
1653,431490205001782P,JARDIM LINDÓIA,0,FALSE,"0,128052","12,8052",553,226,223,3,"2,567839","3,015075",199,"4.318,56","43,19"
1654,431490205001783P,JARDIM LINDÓIA,0,FALSE,"0,113328","11,3328",534,274,274,0,"2,301724","1,293103",232,"4.711,99","47,12"
1655,431490205001784P,JARDIM LINDÓIA,0,FALSE,"0,02205","2,205",343,325,325,0,"1,329457","1,937984",258,"15.555,56","155,56"
1656,431490205001785P,JARDIM LINDÓIA,0,FALSE,"0,095427","9,5427",692,334,327,7,"2,208633","1,438849",278,"7.251,62","72,52"
1657,431490205001786P,JARDIM LINDÓIA,0,FALSE,"0,049133","4,9133",593,254,252,2,"2,462222","1,333333",225,"12.069,28","120,69"
1658,431490205001787P,SÃO SEBASTIÃO,0,FALSE,"0,038913","3,8913",561,328,328,0,"2,101124","1,872659",267,"14.416,78","144,17"
1659,431490205001788P,SÃO SEBASTIÃO,0,FALSE,"0,01844","1,844",373,218,218,0,"2,083799","4,469274",179,"20.227,77","202,28"
1660,431490205001789P,SÃO SEBASTIÃO,0,FALSE,"0,013052","1,3052",234,139,139,0,"2,017241","4,310345",116,"17.928,29","179,28"
1661,431490205001790P,SÃO SEBASTIÃO,0,FALSE,"0,01991","1,991",279,172,172,0,"1,964789","7,042254",142,"14.013,06","140,13"
1662,431490205001791P,SÃO SEBASTIÃO,0,FALSE,"0,067295","6,7295",383,192,192,0,"2,364198","1,851852",162,"5.691,36","56,91"
1663,431490205001792P,SÃO SEBASTIÃO,0,FALSE,"0,087267","8,7267",375,198,198,0,"2,358491","0,628931",159,"4.297,16","42,97"
1664,431490205001793P,SÃO SEBASTIÃO,0,FALSE,"0,082221","8,2221",685,303,303,0,"2,5","1,824818",274,"8.331,20","83,31"
1665,431490205001794P,SÃO SEBASTIÃO,0,FALSE,"0,059643","5,9643",336,164,163,1,"2,357664","0,729927",137,"5.633,52","56,34"
1666,431490205001795P,SÃO SEBASTIÃO,0,FALSE,"0,059094","5,9094",418,218,218,0,"2,296703","4,395604",182,"7.073,48","70,73"
1667,431490205001796P,SÃO SEBASTIÃO,0,FALSE,"0,032363","3,2363",415,229,229,0,"2,184211","3,684211",190,"12.823,29","128,23"
1668,431490205001797P,SÃO SEBASTIÃO,0,FALSE,"0,044043","4,4043",318,173,172,1,"2,075862","4,827586",145,"7.220,22","72,20"
1669,431490205001799P,JARDIM ITU,0,FALSE,"0,129319","12,9319",761,396,396,0,"2,285285","5,705706",333,"5.884,67","58,85"
1670,431490205001800P,JARDIM ITU,0,FALSE,"0,11107","11,107",640,320,320,0,"2,415094","6,037736",265,"5.762,13","57,62"
1671,431490205001801P,JARDIM ITU,0,FALSE,"0,049614","4,9614",435,216,216,0,"2,33871","4,83871",186,"8.767,69","87,68"
1672,431490205001802P,JARDIM ITU,0,FALSE,"0,107","10,7",569,255,255,0,"2,574661","4,977376",221,"5.317,76","53,18"
1673,431490205001803P,JARDIM ITU,0,FALSE,"0,067987","6,7987",677,340,339,1,"2,407143","3,214286",280,"9.957,79","99,58"
1674,431490205001804P,JARDIM ITU,0,FALSE,"0,055966","5,5966",377,242,242,0,"2,037838","7,027027",185,"6.736,23","67,36"
1675,431490205001805P,JARDIM ITU,0,FALSE,"0,080088","8,0088",215,119,118,1,"2,559524","4,761905",84,"2.684,55","26,85"
1676,431490205001806P,JARDIM ITU,0,FALSE,"0,086422","8,6422",527,246,246,0,"2,451163","4,651163",215,"6.097,98","60,98"
1677,431490205001807P,JARDIM ITU,0,FALSE,"0,009449","0,9449",124,58,58,0,"2,530612",0,49,"13.123,08","131,23"
1678,431490205001808P,JARDIM ITU,0,FALSE,"0,100159","10,0159",572,278,278,0,"2,623853","10,550459",218,"5.710,92","57,11"
1679,431490205001809P,JARDIM ITU,0,FALSE,"0,056431","5,6431",711,333,333,0,"2,477352","3,832753",287,"12.599,46","125,99"
1680,431490205001810P,JARDIM ITU,0,FALSE,"0,0748","7,48",524,236,236,0,"2,507177","1,913876",209,"7.005,35","70,05"
1681,431490205001811P,JARDIM ITU,0,FALSE,"0,064687","6,4687",444,220,220,0,"2,537143","4,571429",175,"6.863,82","68,64"
1682,431490205001812P,JARDIM ITU,0,FALSE,"0,097134","9,7134",536,230,229,1,"2,77957","4,301075",186,"5.518,15","55,18"
1683,431490205001813P,JARDIM ITU,0,FALSE,"0,076119","7,6119",398,202,202,0,"2,327485","1,169591",171,"5.228,66","52,29"
1684,431490205001814P,JARDIM ITU,0,FALSE,"0,089852","8,9852",441,211,211,0,"2,491525","2,824859",177,"4.908,07","49,08"
1685,431490205001815P,JARDIM ITU,0,FALSE,"0,070376","7,0376",433,201,198,3,"2,550898","3,592814",167,"6.152,67","61,53"
1686,431490205001816P,JARDIM ITU,0,FALSE,"0,094225","9,4225",519,266,266,0,"2,29646","2,212389",226,"5.508,09","55,08"
1687,431490205001817P,JARDIM ITU,0,FALSE,"0,103307","10,3307",501,236,236,0,"2,556122","3,061224",196,"4.849,62","48,50"
1688,431490205001818P,JARDIM ITU,0,FALSE,"0,149026","14,9026",609,274,274,0,"2,580508","2,542373",236,"4.086,54","40,87"
1689,431490205001819P,JARDIM ITU,0,FALSE,"0,129779","12,9779",1144,543,543,0,"2,413502","3,375527",474,"8.814,99","88,15"
1690,431490205001820P,JARDIM ITU,0,FALSE,"0,116928","11,6928",632,251,250,1,"2,648148","10,648148",216,"5.405,04","54,05"
1691,431490205001821P,JARDIM ITU,0,FALSE,"0,014708","1,4708",439,254,254,0,"2,032407","9,259259",216,"29.847,70","298,48"
1692,431490205001822P,JARDIM ITU,0,FALSE,"0,011477","1,1477",360,190,190,0,"2,057143","8,571429",175,"31.367,08","313,67"
1693,431490205001824P,JARDIM ITU,0,FALSE,"0,069657","6,9657",378,222,221,1,"2,3625","1,25",160,"5.426,59","54,27"
1694,431490205001825P,JARDIM SABARÁ,0,FALSE,"0,072188","7,2188",408,185,185,0,"2,666667","4,575163",153,"5.651,91","56,52"
1695,431490205001826P,JARDIM SABARÁ,0,FALSE,"0,067245","6,7245",393,184,184,0,"2,519231","3,846154",156,"5.844,30","58,44"
1696,431490205001827P,JARDIM SABARÁ,0,FALSE,"0,100156","10,0156",337,178,178,0,"2,324138","5,517241",145,"3.364,75","33,65"
1697,431490205001829P,JARDIM SABARÁ,0,FALSE,"0,084242","8,4242",649,306,306,0,"2,525292","3,501946",257,"7.704,00","77,04"
1698,431490205001830P,JARDIM SABARÁ,0,FALSE,"0,07601","7,601",497,215,215,0,"2,57513","4,145078",193,"6.538,61","65,39"
1699,431490205001832P,JARDIM SABARÁ,0,FALSE,"0,099071","9,9071",535,229,229,0,"2,597087","2,912621",206,"5.400,17","54,00"
1700,431490205001833P,JARDIM SABARÁ,0,FALSE,"0,225379","22,5379",529,233,233,0,"2,69898","3,571429",196,"2.347,16","23,47"
1701,431490205001834P,JARDIM SABARÁ,0,FALSE,"0,5571","55,71",622,279,278,1,"2,620253","2,531646",237,"1.116,50","11,16"
1702,431490205001835P,JARDIM SABARÁ,0,FALSE,"0,021144","2,1144",527,311,311,0,"2,074803","2,755906",254,"24.924,33","249,24"
1703,431490205001836P,JARDIM SABARÁ,0,FALSE,"0,020559","2,0559",524,311,311,0,"2,248927","3,862661",233,"25.487,62","254,88"
1704,431490205001837P,JARDIM SABARÁ,0,FALSE,"0,013773","1,3773",208,97,97,0,"2,567901","3,703704",81,"15.102,01","151,02"
1705,431490205001838P,JARDIM SABARÁ,0,FALSE,"0,118336","11,8336",427,213,213,0,"2,587879","3,636364",165,"3.608,37","36,08"
1706,431490205001839P,JARDIM SABARÁ,0,FALSE,"0,018551","1,8551",476,303,303,0,"1,958848","6,17284",243,"25.658,99","256,59"
1707,431490205001840P,JARDIM SABARÁ,0,FALSE,"0,028035","2,8035",507,294,293,1,"2,060976","8,130081",246,"18.084,54","180,85"
1708,431490205001841P,JARDIM SABARÁ,0,FALSE,"0,016529","1,6529",331,156,156,0,"2,416058","0,729927",137,"20.025,41","200,25"
1709,431490205001842P,JARDIM SABARÁ,0,FALSE,"0,042539","4,2539",644,316,316,0,"2,402985","4,850746",268,"15.139,05","151,39"
1710,431490205001843P,JARDIM SABARÁ,0,FALSE,"0,018567","1,8567",362,227,227,0,"1,865979","1,546392",194,"19.496,96","194,97"
1711,431490205001844P,JARDIM SABARÁ,0,FALSE,"0,005884","0,5884",166,111,111,0,"1,824176","6,593407",91,"28.212,10","282,12"
1712,431490205001845P,JARDIM SABARÁ,0,FALSE,"0,226979","22,6979",503,268,268,0,"2,177489","3,896104",231,"2.216,06","22,16"
1713,431490205001846P,VILA JARDIM,0,FALSE,"0,014275","1,4275",296,113,113,0,"2,740741",0,108,"20.735,55","207,36"
1714,431490205001847P,SARANDI,0,TRUE,"0,307081","30,7081",207,93,93,0,"2,875","4,166667",72,"674,09","6,74"
1715,431490205001848P,SARANDI,0,TRUE,"0,032255","3,2255",234,112,112,0,"2,962025","5,063291",79,"7.254,69","72,55"
1716,431490205001849P,SARANDI,0,TRUE,"0,032433","3,2433",599,248,247,1,"2,733945","5,504587",218,"18.468,84","184,69"
1717,431490205001850P,SARANDI,0,TRUE,"0,060795","6,0795",586,274,274,0,"2,570175","4,385965",228,"9.638,95","96,39"
1718,431490205001851P,SARANDI,0,TRUE,"0,08106","8,106",949,389,389,0,"2,974922","3,448276",319,"11.707,38","117,07"
1719,431490205001852P,SARANDI,0,TRUE,"0,044602","4,4602",668,306,306,0,"2,818565",0,237,"14.976,91","149,77"
1720,431490205001853P,SARANDI,0,TRUE,"0,110721","11,0721",605,291,291,0,"2,449393","3,643725",247,"5.464,18","54,64"
1721,431490205001854P,SARANDI,0,TRUE,"0,05465","5,465",379,188,188,0,"2,509934","2,649007",151,"6.935,04","69,35"
1722,431490205001855P,SARANDI,0,TRUE,"0,038838","3,8838",276,123,122,1,"2,537736","0,943396",106,"7.106,44","71,06"
1723,431490205001856P,SARANDI,0,TRUE,"0,027711","2,7711",226,92,92,0,"2,756098",0,82,"8.155,61","81,56"
1724,431490205001857P,SARANDI,0,TRUE,"0,051534","5,1534",472,210,210,0,"2,510638","0,531915",188,"9.159,00","91,59"
1725,431490205001858P,SARANDI,0,TRUE,"0,059547","5,9547",439,234,233,1,"2,17",1,200,"7.372,33","73,72"
1726,431490205001859P,SARANDI,0,TRUE,"0,034032","3,4032",310,148,148,0,"2,5","5,645161",124,"9.109,07","91,09"
1727,431490205001860P,SARANDI,0,TRUE,"0,031915","3,1915",721,307,307,0,"2,700375","4,868914",267,"22.591,26","225,91"
1728,431490205001861P,SARANDI,0,TRUE,"0,051369","5,1369",553,255,255,0,"2,414847","0,873362",229,"10.765,25","107,65"
1729,431490205001862P,SARANDI,0,TRUE,"0,037963","3,7963",669,278,278,0,"2,730612","2,44898",245,"17.622,42","176,22"
1730,431490205001863P,SARANDI,0,TRUE,"0,041533","4,1533",312,144,144,0,"2,418605","3,100775",129,"7.512,10","75,12"
1731,431490205001864P,SARANDI,0,TRUE,"0,06664","6,664",367,175,175,0,"2,496599","0,680272",147,"5.507,20","55,07"
1732,431490205001865P,SARANDI,0,TRUE,"0,042115","4,2115",328,146,146,0,"2,542636","0,775194",129,"7.788,20","77,88"
1733,431490205001866P,SARANDI,0,TRUE,"0,046548","4,6548",258,137,137,0,"2,224138","2,586207",116,"5.542,67","55,43"
1734,431490205001869P,SARANDI,0,TRUE,"0,479336","47,9336",867,320,319,1,"3,107527","1,075269",279,"1.808,75","18,09"
1735,431490205001870P,SARANDI,0,TRUE,"0,088336","8,8336",563,269,269,0,"2,426724","1,724138",232,"6.373,39","63,73"
1736,431490205001871P,SARANDI,0,TRUE,"0,123208","12,3208",151,84,84,0,"2,323077",0,65,"1.225,57","12,26"
1737,431490205001872P,SARANDI,0,TRUE,"0,110687","11,0687",137,61,59,2,"2,537037","1,851852",54,"1.237,72","12,38"
1738,431490205001873P,SARANDI,0,TRUE,"0,098812","9,8812",925,486,486,0,"2,324121","0,251256",398,"9.361,21","93,61"
1739,431490205001874P,SARANDI,0,TRUE,"0,087741","8,7741",564,282,281,1,"2,61244","0,478469",209,"6.428,01","64,28"
1740,431490205001875P,SARANDI,0,TRUE,"0,054798","5,4798",362,174,172,2,"2,375887","0,70922",141,"6.606,08","66,06"
1741,431490205001876P,SARANDI,0,TRUE,"0,055934","5,5934",289,163,163,0,"2,275591",0,127,"5.166,80","51,67"
1742,431490205001877P,SARANDI,0,TRUE,"0,068202","6,8202",411,211,210,1,"2,402367",0,169,"6.026,22","60,26"
1743,431490205001878P,SARANDI,0,TRUE,"0,09656","9,656",594,279,279,0,"2,475","0,416667",240,"6.151,62","61,52"
1744,431490205001879P,SARANDI,0,TRUE,"0,037","3,7",619,286,286,0,"2,437008","0,787402",254,"16.729,73","167,30"
1745,431490205001880P,SARANDI,0,TRUE,"0,037024","3,7024",445,216,216,0,"2,329843","2,617801",191,"12.019,23","120,19"
1746,431490205001881P,SARANDI,0,TRUE,"0,035044","3,5044",460,192,192,0,"2,987013","2,597403",154,"13.126,36","131,26"
1747,431490205001882P,SARANDI,0,TRUE,"0,020121","2,0121",293,114,114,0,"2,93",0,100,"14.561,90","145,62"
1748,431490205001883P,SARANDI,0,FALSE,"0,022188","2,2188",426,188,188,0,"2,748387","1,935484",155,"19.199,57","192,00"
1749,431490205001884P,SARANDI,0,TRUE,"0,055354","5,5354",500,225,224,1,"2,63587",0,184,"9.032,77","90,33"
1750,431490205001885P,SARANDI,0,TRUE,"0,028215","2,8215",444,182,182,0,"2,810127","2,531646",158,"15.736,31","157,36"
1751,431490205001886P,SARANDI,0,TRUE,"0,026016","2,6016",427,185,185,0,"2,556886","0,598802",167,"16.412,98","164,13"
1752,431490205001887P,SARANDI,0,TRUE,"0,023255","2,3255",329,141,141,0,"2,632",4,125,"14.147,50","141,47"
1753,431490205001888P,SARANDI,0,TRUE,"0,072995","7,2995",501,254,254,0,"2,569231","3,589744",195,"6.863,48","68,63"
1754,431490205001889P,SARANDI,0,TRUE,"0,080692","8,0692",478,269,268,1,"2,622222","3,333333",180,"5.923,76","59,24"
1755,431490205001890P,SARANDI,0,TRUE,"0,137067","13,7067",576,366,366,0,"2,493506","0,4329",231,"4.202,32","42,02"
1756,431490205001891P,SARANDI,0,TRUE,"0,027718","2,7718",103,47,47,0,"2,861111",0,36,"3.716,00","37,16"
1757,431490205001892P,SARANDI,0,TRUE,"0,183538","18,3538",1010,406,406,0,"2,737127","2,98103",369,"5.502,95","55,03"
1758,431490205001893P,SARANDI,0,TRUE,"0,022807","2,2807",527,183,183,0,"3,193939","0,606061",165,"23.106,94","231,07"
1759,431490205001894P,SARANDI,0,FALSE,"0,043609","4,3609",581,206,206,0,"3,282486","1,694915",177,"13.322,94","133,23"
1760,431490205001895P,SARANDI,0,TRUE,"0,047082","4,7082",684,236,236,0,"3,109091",0,220,"14.527,85","145,28"
1761,431490205001896P,SARANDI,0,FALSE,"0,047158","4,7158",316,139,139,0,"2,412214",0,131,"6.700,88","67,01"
1762,431490205001897P,SARANDI,0,TRUE,"0,171585","17,1585",470,282,282,0,"2,126697","1,809955",221,"2.739,17","27,39"
1763,431490205001898P,SARANDI,0,TRUE,"0,168272","16,8272",463,203,202,1,"2,601124","5,05618",178,"2.751,50","27,51"
1764,431490205001899P,SARANDI,0,TRUE,"0,038472","3,8472",400,171,171,0,"2,797203","4,195804",143,"10.397,17","103,97"
1765,431490205001900P,SARANDI,0,TRUE,"0,036921","3,6921",418,177,177,0,"2,696774","1,935484",155,"11.321,47","113,21"
1766,431490205001901P,SARANDI,0,TRUE,"0,039148","3,9148",383,196,196,0,"2,05914","0,537634",186,"9.783,39","97,83"
1767,431490205001902P,SARANDI,0,TRUE,"0,035521","3,5521",365,135,135,0,"2,829457",0,129,"10.275,61","102,76"
1768,431490205001904P,SARANDI,0,FALSE,"0,832254","83,2254",1303,443,443,0,"3,154964","1,452785",413,"1.565,63","15,66"
1769,431490205001905P,SARANDI,0,FALSE,"0,16181","16,181",550,240,240,0,"2,644231",0,208,"3.399,05","33,99"
1770,431490205001906P,SARANDI,0,TRUE,"0,05806","5,806",176,104,104,0,"2,793651","4,761905",63,"3.031,35","30,31"
1771,431490205001907P,SARANDI,0,TRUE,"0,081051","8,1051",162,87,86,1,"2,347826","4,347826",69,"1.998,74","19,99"
1772,431490205001908P,SARANDI,0,TRUE,"0,057825","5,7825",372,178,178,0,"2,463576","0,662252",151,"6.433,20","64,33"
1773,431490205001909P,SARANDI,0,TRUE,"0,055962","5,5962",311,152,152,0,"2,338346","0,75188",133,"5.557,34","55,57"
1774,431490205001910P,SARANDI,0,TRUE,"0,028377","2,8377",296,153,153,0,"2,406504",0,123,"10.430,98","104,31"
1775,431490205001911P,SARANDI,0,TRUE,"0,076621","7,6621",356,187,187,0,"2,524823","3,546099",141,"4.646,25","46,46"
1776,431490205001912P,SARANDI,0,FALSE,"0,099206","9,9206",490,238,238,0,"2,512821","2,051282",195,"4.939,22","49,39"
1777,431490205001913P,SARANDI,0,TRUE,"0,053092","5,3092",410,176,176,0,"2,751678","0,671141",149,"7.722,44","77,22"
1778,431490205001914P,SARANDI,0,FALSE,"0,064825","6,4825",354,221,221,0,"2,11976","0,598802",167,"5.460,86","54,61"
1779,431490205001915P,SARANDI,0,FALSE,"0,167433","16,7433",240,105,105,0,"2,696629","4,494382",89,"1.433,41","14,33"
1780,431490205001917P,SARANDI,0,FALSE,"0,105967","10,5967",425,204,203,1,"2,580645","2,580645",155,"4.010,68","40,11"
1781,431490205001918P,SARANDI,0,FALSE,"0,069005","6,9005",506,251,250,1,"2,255924",0,211,"7.332,80","73,33"
1782,431490205001919P,SARANDI,0,FALSE,"0,058566","5,8566",412,221,221,0,"2,276243","3,314917",181,"7.034,80","70,35"
1783,431490205001920P,SARANDI,0,FALSE,"0,056198","5,6198",567,283,283,0,"2,268","0,8",250,"10.089,33","100,89"
1784,431490205001921P,SARANDI,0,FALSE,"0,111823","11,1823",492,242,242,0,"2,645161","3,225806",186,"4.399,81","44,00"
1785,431490205001922P,SARANDI,0,FALSE,"0,097979","9,7979",529,234,233,1,"2,702703","2,162162",185,"5.399,12","53,99"
1786,431490205001924P,SARANDI,0,FALSE,"0,149366","14,9366",299,192,192,0,"2,373016","3,174603",126,"2.001,79","20,02"
1787,431490205001926P,SARANDI,0,FALSE,"0,139834","13,9834",653,312,312,0,"2,464151","4,150943",265,"4.669,82","46,70"
1788,431490205001927P,SARANDI,0,FALSE,"0,015045","1,5045",603,341,341,0,"2,07931","2,413793",290,"40.079,76","400,80"
1789,431490205001928P,SARANDI,0,FALSE,"0,007702","0,7702",446,239,239,0,"2,154589","2,898551",207,"57.907,04","579,07"
1790,431490205001929P,SARANDI,0,FALSE,"0,067553","6,7553",247,146,146,0,"2,02459",0,122,"3.656,39","36,56"
1791,431490205001930P,SARANDI,0,FALSE,"0,00377","0,377",461,257,257,0,"2,105023",0,219,"122.281,17","1.222,81"
1792,431490205001931P,SARANDI,0,FALSE,"0,00355","0,355",472,324,324,0,"1,836576",0,257,"132.957,75","1.329,58"
1793,431490205001932P,SARANDI,0,FALSE,"0,066875","6,6875",479,240,239,1,"2,231884","2,415459",207,"7.162,62","71,63"
1794,431490205001933P,SARANDI,0,FALSE,"0,031245","3,1245",246,97,96,1,"2,595506","4,494382",89,"7.873,26","78,73"
1795,431490205001934P,SARANDI,0,FALSE,"0,029812","2,9812",410,209,209,0,"2,290503","1,675978",179,"13.752,85","137,53"
1796,431490205001935P,SARANDI,0,FALSE,"0,132179","13,2179",537,254,254,0,"2,474654","0,460829",217,"4.062,67","40,63"
1797,431490205001936P,SARANDI,0,FALSE,"0,076678","7,6678",355,206,206,0,"1,918919","12,432432",185,"4.629,75","46,30"
1798,431490205001937P,COSTA E SILVA,0,FALSE,"0,29487","29,487",366,167,167,0,"2,75188","3,007519",133,"1.241,22","12,41"
1799,431490205001938P,SARANDI,0,FALSE,"0,018017","1,8017",423,251,251,0,"2,023923","3,349282",209,"23.477,83","234,78"
1800,431490205001939P,SARANDI,0,FALSE,"0,053774","5,3774",386,231,231,0,"1,969388",0,196,"7.178,19","71,78"
1801,431490205001940P,COSTA E SILVA,0,FALSE,"0,03399","3,399",566,262,262,0,"2,418803","1,709402",234,"16.651,96","166,52"
1802,431490205001941P,COSTA E SILVA,0,FALSE,"0,048441","4,8441",521,255,255,0,"2,275109","0,436681",229,"10.755,35","107,55"
1803,431490205001943P,COSTA E SILVA,0,FALSE,"0,045244","4,5244",392,177,177,0,"2,512821","3,846154",156,"8.664,13","86,64"
1804,431490205001944P,COSTA E SILVA,0,FALSE,"0,033061","3,3061",472,183,183,0,"2,826347","0,598802",167,"14.276,64","142,77"
1805,431490205001945P,COSTA E SILVA,0,FALSE,"0,041994","4,1994",429,192,192,0,"2,71519","3,164557",158,"10.215,75","102,16"
1806,431490205001947P,SANTA ROSA DE LIMA,0,FALSE,"0,021432","2,1432",387,174,174,0,"2,668966","2,758621",145,"18.057,11","180,57"
1807,431490205001948P,SANTA ROSA DE LIMA,0,FALSE,"0,015824","1,5824",362,140,140,0,"2,991736","2,479339",121,"22.876,64","228,77"
1808,431490205001949P,SANTA ROSA DE LIMA,0,FALSE,"0,079647","7,9647",805,357,357,0,"2,588424","4,180064",311,"10.107,10","101,07"
1809,431490205001950P,SANTA ROSA DE LIMA,0,FALSE,"0,055711","5,5711",667,304,304,0,"2,545802","2,290076",262,"11.972,50","119,73"
1810,431490205001951P,SANTA ROSA DE LIMA,0,FALSE,"0,061119","6,1119",883,383,383,0,"2,759375","3,75",320,"14.447,23","144,47"
1811,431490205001952P,SANTA ROSA DE LIMA,0,FALSE,"0,051792","5,1792",622,294,294,0,"2,122867","3,071672",293,"12.009,58","120,10"
1812,431490205001953P,SANTA ROSA DE LIMA,0,FALSE,"0,069007","6,9007",669,352,352,0,"2,441606","3,649635",274,"9.694,67","96,95"
1813,431490205001954P,SANTA ROSA DE LIMA,0,FALSE,"0,061272","6,1272",630,364,364,0,"2,423077","0,384615",260,"10.282,02","102,82"
1814,431490205001955P,SANTA ROSA DE LIMA,0,FALSE,"0,039455","3,9455",552,286,286,0,"2,591549","4,225352",213,"13.990,62","139,91"
1815,431490205001956P,SANTA ROSA DE LIMA,0,FALSE,"0,050006","5,0006",560,279,279,0,"2,362869","1,265823",237,"11.198,66","111,99"
1816,431490205001957P,SANTA ROSA DE LIMA,0,FALSE,"0,049787","4,9787",397,201,201,0,"2,56129","3,870968",155,"7.973,97","79,74"
1817,431490205001958P,SANTA ROSA DE LIMA,0,FALSE,"0,01369","1,369",519,287,287,0,"2,199153","4,661017",236,"37.910,88","379,11"
1818,431490205001959P,SANTA ROSA DE LIMA,0,FALSE,"0,013272","1,3272",488,241,241,0,"2,334928","2,392344",209,"36.769,14","367,69"
1819,431490205001960P,SANTA ROSA DE LIMA,0,FALSE,"0,020158","2,0158",555,323,323,0,"2,110266","4,562738",263,"27.532,49","275,32"
1820,431490205001961P,SANTA ROSA DE LIMA,0,FALSE,"0,012267","1,2267",351,192,192,0,"1,97191","19,662921",178,"28.613,35","286,13"
1821,431490205001962P,SANTA ROSA DE LIMA,0,FALSE,"0,01205","1,205",310,197,197,0,"1,878788","1,818182",165,"25.726,14","257,26"
1822,431490205001964P,SANTA ROSA DE LIMA,0,TRUE,"0,254043","25,4043",388,193,193,0,"2,621622","5,405405",148,"1.527,30","15,27"
1823,431490205001965P,SANTA ROSA DE LIMA,0,TRUE,"0,177468","17,7468",331,181,181,0,"2,585938","1,5625",128,"1.865,12","18,65"
1824,431490205001966P,SANTA ROSA DE LIMA,0,TRUE,"0,025001","2,5001",447,246,246,0,"2,483333","4,444444",180,"17.879,28","178,79"
1825,431490205001967P,SANTA ROSA DE LIMA,0,TRUE,"0,181012","18,1012",858,371,371,0,"2,698113","3,459119",318,"4.740,02","47,40"
1826,431490205001968P,SANTA ROSA DE LIMA,0,FALSE,"0,078937","7,8937",531,258,258,0,"2,504717","4,245283",212,"6.726,88","67,27"
1827,431490205001969P,SANTA ROSA DE LIMA,0,FALSE,"0,04194","4,194",421,178,178,0,"2,769737","5,263158",152,"10.038,15","100,38"
1828,431490205001970P,SANTA ROSA DE LIMA,0,FALSE,"0,038152","3,8152",421,205,204,1,"2,45283","3,144654",159,"11.034,81","110,35"
1829,431490205001971P,SANTA ROSA DE LIMA,0,FALSE,"0,058069","5,8069",590,295,293,2,"2,430962","1,25523",239,"10.160,33","101,60"
1830,431490205001972P,SANTA ROSA DE LIMA,0,FALSE,"0,066352","6,6352",803,345,345,0,"2,768966","2,413793",290,"12.102,12","121,02"
1831,431490205001973P,SANTA ROSA DE LIMA,0,FALSE,"0,045121","4,5121",433,229,229,0,"2,405556","4,444444",180,"9.596,42","95,96"
1832,431490205001974P,SANTA ROSA DE LIMA,0,FALSE,"0,059239","5,9239",855,321,321,0,"2,918089","4,095563",293,"14.433,06","144,33"
1833,431490205001975P,SANTA ROSA DE LIMA,0,FALSE,"0,054714","5,4714",870,359,359,0,"2,770701","1,273885",314,"15.900,87","159,01"
1834,431490205001976P,SANTA ROSA DE LIMA,0,FALSE,"0,033706","3,3706",618,330,330,0,"2,255474","4,379562",274,"18.335,01","183,35"
1835,431490205001977P,SANTA ROSA DE LIMA,0,FALSE,"0,056035","5,6035",604,245,245,0,"2,809302","3,255814",215,"10.778,98","107,79"
1836,431490205001978P,SANTA ROSA DE LIMA,0,FALSE,"0,0289","2,89",630,256,256,0,"2,787611","3,539823",226,"21.799,31","217,99"
1837,431490205001979P,SANTA ROSA DE LIMA,0,FALSE,"0,03869","3,869",691,240,240,0,"3,126697",0,221,"17.859,91","178,60"
1838,431490205001980P,SANTA ROSA DE LIMA,0,FALSE,"0,021799","2,1799",516,302,302,0,"2,141079","1,659751",241,"23.670,81","236,71"
1839,431490205001981P,SANTA ROSA DE LIMA,0,FALSE,"0,027719","2,7719",647,386,386,0,"2,021875","7,8125",320,"23.341,39","233,41"
1840,431490205001982P,RUBEM BERTA,0,FALSE,"0,079021","7,9021",635,297,297,0,"2,46124",0,258,"8.035,84","80,36"
1841,431490205001983P,RUBEM BERTA,0,FALSE,"0,052609","5,2609",336,122,121,1,"2,953704","2,777778",108,"6.386,74","63,87"
1842,431490205001984P,RUBEM BERTA,0,FALSE,"0,196763","19,6763",1228,523,523,0,"2,882629","3,521127",426,"6.241,01","62,41"
1843,431490205001985P,RUBEM BERTA,0,FALSE,"0,044405","4,4405",267,112,112,0,"2,870968","3,225806",93,"6.012,84","60,13"
1844,431490205001986P,RUBEM BERTA,0,FALSE,"0,019624","1,9624",361,216,216,0,"2,375","5,921053",152,"18.395,84","183,96"
1845,431490205001987P,RUBEM BERTA,0,FALSE,"0,019589","1,9589",458,235,235,0,"2,43617","2,659574",188,"23.380,47","233,80"
1846,431490205001988P,RUBEM BERTA,0,FALSE,"0,04678","4,678",391,165,165,0,"2,659864","2,721088",147,"8.358,27","83,58"
1847,431490205001989P,RUBEM BERTA,0,FALSE,"0,034046","3,4046",397,249,249,0,"2,19337",0,181,"11.660,69","116,61"
1848,431490205001990P,RUBEM BERTA,0,FALSE,"0,014492","1,4492",409,266,266,0,"2,119171","3,626943",193,"28.222,47","282,22"
1849,431490205001991P,RUBEM BERTA,0,FALSE,"0,027478","2,7478",533,294,294,0,"2,17551","8,979592",245,"19.397,34","193,97"
1850,431490205001992P,RUBEM BERTA,0,FALSE,"0,019338","1,9338",614,331,331,0,"2,316981","6,792453",265,"31.750,96","317,51"
1851,431490205001993P,RUBEM BERTA,0,FALSE,"0,010562","1,0562",421,219,219,0,"2,536145","2,409639",166,"39.859,88","398,60"
1852,431490205001994P,RUBEM BERTA,0,FALSE,"0,041612","4,1612",592,335,335,0,"2,217228","1,123596",267,"14.226,67","142,27"
1853,431490205001995P,RUBEM BERTA,0,FALSE,"0,039111","3,9111",724,398,398,0,"2,381579","3,947368",304,"18.511,42","185,11"
1854,431490205001996P,SANTA ROSA DE LIMA,0,FALSE,"0,065387","6,5387",507,232,232,0,"2,696809","5,851064",188,"7.753,83","77,54"
1855,431490205001997P,PARQUE SANTA FÉ,0,FALSE,"0,263893","26,3893",536,217,217,0,"2,928962","2,73224",183,"2.031,13","20,31"
1856,431490205001999P,PARQUE SANTA FÉ,0,FALSE,"0,09419","9,419",607,336,336,0,"2,399209","1,581028",253,"6.444,42","64,44"
1857,431490205002001P,PARQUE SANTA FÉ,0,FALSE,"0,075276","7,5276",255,157,157,0,"2,236842","2,631579",114,"3.387,53","33,88"
1858,431490205002002P,PARQUE SANTA FÉ,0,FALSE,"0,105036","10,5036",491,221,220,1,"2,80117","1,169591",171,"4.674,59","46,75"
1859,431490205002003P,COSTA E SILVA,0,FALSE,"0,049675","4,9675",549,227,227,0,"2,772727","2,525253",198,"11.051,84","110,52"
1860,431490205002004P,COSTA E SILVA,0,FALSE,"0,02175","2,175",251,99,99,0,"2,698925","3,225806",93,"11.540,23","115,40"
1861,431490205002005P,COSTA E SILVA,0,FALSE,"0,100659","10,0659",541,207,205,2,"2,885057","1,724138",174,"5.374,58","53,75"
1862,431490205002006P,COSTA E SILVA,0,FALSE,"0,011772","1,1772",207,141,141,0,"1,899083","3,669725",109,"17.584,10","175,84"
1863,431490205002007P,COSTA E SILVA,0,FALSE,"0,054427","5,4427",294,204,203,1,"1,921569","4,575163",153,"5.401,73","54,02"
1864,431490205002008P,COSTA E SILVA,0,FALSE,"0,06826","6,826",588,309,309,0,"2,684932","2,283105",219,"8.614,12","86,14"
1865,431490205002009P,PARQUE SANTA FÉ,0,FALSE,"0,1386","13,86",500,210,210,0,"2,857143","1,714286",175,"3.607,50","36,08"
1866,431490205002010P,PARQUE SANTA FÉ,0,FALSE,"0,122344","12,2344",425,218,218,0,"2,75974","1,948052",154,"3.473,81","34,74"
1867,431490205002011P,PARQUE SANTA FÉ,0,FALSE,"0,22279","22,279",654,342,342,0,"2,352518",0,278,"2.935,50","29,35"
1868,431490205002013P,PARQUE SANTA FÉ,0,FALSE,"0,125967","12,5967",464,202,202,0,"2,682081","3,468208",173,"3.683,50","36,84"
1869,431490205002014P,RUBEM BERTA,0,FALSE,"0,083099","8,3099",376,210,210,0,"2,35","2,5",160,"4.524,72","45,25"
1870,431490205002015P,RUBEM BERTA,0,FALSE,"0,141161","14,1161",502,265,265,0,"2,356808","2,347418",213,"3.556,22","35,56"
1871,431490205002016P,RUBEM BERTA,0,FALSE,"0,062275","6,2275",290,134,133,1,"2,71028","3,738318",107,"4.656,76","46,57"
1872,431490205002017P,RUBEM BERTA,0,FALSE,"0,140866","14,0866",775,388,385,3,"2,493464","3,267974",306,"5.501,68","55,02"
1873,431490205002018P,RUBEM BERTA,0,FALSE,"0,085362","8,5362",324,168,168,0,"2,41791","4,477612",134,"3.795,60","37,96"
1874,431490205002019P,RUBEM BERTA,0,FALSE,"0,35993","35,993",1429,550,550,0,"2,753372","6,358382",519,"3.970,22","39,70"
1875,431490205002020P,RUBEM BERTA,0,FALSE,"0,289883","28,9883",623,274,274,0,"2,606695","6,694561",239,"2.149,14","21,49"
1876,431490205002021P,RUBEM BERTA,0,FALSE,"0,010922","1,0922",459,259,259,0,"2,196172","3,827751",209,"42.025,27","420,25"
1877,431490205002022P,RUBEM BERTA,0,FALSE,"0,011505","1,1505",467,252,252,0,"2,335",3,200,"40.591,05","405,91"
1878,431490205002023P,RUBEM BERTA,0,FALSE,"0,011275","1,1275",506,259,259,0,"2,421053","2,392344",209,"44.878,05","448,78"
1879,431490205002024P,RUBEM BERTA,0,FALSE,"0,011612","1,1612",450,257,257,0,"2,142857","3,333333",210,"38.753,01","387,53"
1880,431490205002025P,RUBEM BERTA,0,FALSE,"0,01173","1,173",501,264,264,0,"2,0875","7,5",240,"42.711,00","427,11"
1881,431490205002026P,RUBEM BERTA,0,FALSE,"0,121377","12,1377",281,138,138,0,"2,728155","0,970874",103,"2.315,10","23,15"
1882,431490205002027P,RUBEM BERTA,0,FALSE,"0,009619","0,9619",590,304,304,0,"2,332016","0,395257",253,"61.336,94","613,37"
1883,431490205002028P,RUBEM BERTA,0,FALSE,"0,01095","1,095",514,275,275,0,"2,274336","1,327434",226,"46.940,64","469,41"
1884,431490205002029P,RUBEM BERTA,0,FALSE,"0,011577","1,1577",521,289,289,0,"2,144033",0,243,"45.003,02","450,03"
1885,431490205002030P,RUBEM BERTA,0,FALSE,"0,011057","1,1057",458,283,283,0,"2,140187","0,934579",214,"41.421,72","414,22"
1886,431490205002031P,RUBEM BERTA,0,FALSE,"0,011215","1,1215",509,280,280,0,"2,435407","1,913876",209,"45.385,64","453,86"
1887,431490205002032P,RUBEM BERTA,0,FALSE,"0,011272","1,1272",523,266,266,0,"2,432558","3,72093",215,"46.398,15","463,98"
1888,431490205002033P,RUBEM BERTA,0,FALSE,"0,017499","1,7499",590,394,394,0,"2,234848","2,651515",264,"33.716,21","337,16"
1889,431490205002034P,RUBEM BERTA,0,FALSE,"0,01165","1,165",496,257,257,0,"2,328638","0,938967",213,"42.575,11","425,75"
1890,431490205002035P,RUBEM BERTA,0,FALSE,"0,054372","5,4372",287,189,189,0,"2,609091","4,545455",110,"5.278,45","52,78"
1891,431490205002036P,RUBEM BERTA,0,FALSE,"0,010868","1,0868",395,265,265,0,"1,975","4,5",200,"36.345,23","363,45"
1892,431490205002037P,RUBEM BERTA,0,FALSE,"0,010608","1,0608",584,303,303,0,"2,195489","10,526316",266,"55.052,79","550,53"
1893,431490205002038P,RUBEM BERTA,0,FALSE,"0,011148","1,1148",473,294,294,0,"1,876984","0,793651",252,"42.429,14","424,29"
1894,431490205002039P,MÁRIO QUINTANA,0,FALSE,"0,050852","5,0852",511,199,199,0,"2,79235","5,464481",183,"10.048,77","100,49"
1895,431490205002040P,MÁRIO QUINTANA,0,FALSE,"0,01376","1,376",286,112,112,0,"2,648148","0,925926",108,"20.784,88","207,85"
1896,431490205002041P,RUBEM BERTA,0,FALSE,"0,087684","8,7684",805,326,326,0,"2,795139","2,083333",288,"9.180,69","91,81"
1897,431490205002042P,RUBEM BERTA,0,FALSE,"0,011824","1,1824",482,280,280,0,"2,171171","1,351351",222,"40.764,55","407,65"
1898,431490205002043P,RUBEM BERTA,0,FALSE,"0,022671","2,2671",908,423,423,0,"2,281407",0,398,"40.051,17","400,51"
1899,431490205002046P,MÁRIO QUINTANA,0,FALSE,"0,082123","8,2123",840,333,333,0,"2,809365","5,016722",299,"10.228,56","102,29"
1900,431490205002048P,MÁRIO QUINTANA,0,FALSE,"0,018344","1,8344",443,246,246,0,"2,283505","3,092784",194,"24.149,59","241,50"
1901,431490205002049P,MÁRIO QUINTANA,0,FALSE,"0,040035","4,0035",792,274,274,0,"2,966292","9,363296",267,"19.782,69","197,83"
1902,431490205002050P,MÁRIO QUINTANA,0,FALSE,"0,106481","10,6481",624,286,286,0,"2,428016","1,945525",257,"5.860,20","58,60"
1903,431490205002051P,MÁRIO QUINTANA,0,FALSE,"0,031415","3,1415",365,171,171,0,"2,417219","1,986755",151,"11.618,65","116,19"
1904,431490205002053P,MÁRIO QUINTANA,0,FALSE,"0,05948","5,948",581,241,240,1,"2,707547","2,358491",212,"9.767,99","97,68"
1905,431490205002054P,MÁRIO QUINTANA,0,FALSE,"0,066242","6,6242",641,250,250,0,"2,861607","3,125",224,"9.676,64","96,77"
1906,431490205002055P,MÁRIO QUINTANA,0,FALSE,"0,063877","6,3877",482,220,220,0,"2,52356","0,52356",191,"7.545,75","75,46"
1907,431490205002056P,MÁRIO QUINTANA,0,FALSE,"0,055035","5,5035",571,248,248,0,"2,58371","4,072398",221,"10.375,22","103,75"
1908,431490205002057P,MÁRIO QUINTANA,0,FALSE,"0,169798","16,9798",630,353,353,0,"2,647059","11,764706",238,"3.710,29","37,10"
1909,431490205002058P,MÁRIO QUINTANA,0,FALSE,"0,033676","3,3676",477,207,207,0,"3,038217","4,458599",157,"14.164,39","141,64"
1910,431490205002059P,MÁRIO QUINTANA,0,FALSE,"0,046222","4,6222",447,178,178,0,"2,660714","8,333333",168,"9.670,72","96,71"
1911,431490205002060P,MÁRIO QUINTANA,0,FALSE,"0,020951","2,0951",445,194,194,0,"2,572254","4,624277",173,"21.240,04","212,40"
1912,431490205002061P,MÁRIO QUINTANA,0,FALSE,"0,038111","3,8111",523,232,232,0,"2,781915","2,12766",188,"13.723,07","137,23"
1913,431490205002062P,MÁRIO QUINTANA,0,FALSE,"0,038256","3,8256",724,262,262,0,"2,907631","3,614458",249,"18.925,14","189,25"
1914,431490205002063P,MÁRIO QUINTANA,0,FALSE,"0,032598","3,2598",634,235,235,0,"2,817778","3,555556",225,"19.449,05","194,49"
1915,431490205002064P,MÁRIO QUINTANA,0,FALSE,"0,047025","4,7025",770,279,279,0,"2,961538","3,076923",260,"16.374,27","163,74"
1916,431490205002065P,MÁRIO QUINTANA,0,FALSE,"0,037587","3,7587",693,262,262,0,"2,817073","1,219512",246,"18.437,23","184,37"
1917,431490205002066P,MÁRIO QUINTANA,0,FALSE,"0,090721","9,0721",608,224,223,1,"2,892683","0,487805",205,"6.701,87","67,02"
1918,431490205002067P,MÁRIO QUINTANA,0,FALSE,"0,22527","22,527",946,466,464,2,"2,378517","1,534527",391,"4.199,41","41,99"
1919,431490205002068P,MÁRIO QUINTANA,0,FALSE,"0,090697","9,0697",437,169,169,0,"2,972789",0,147,"4.818,24","48,18"
1920,431490205002069P,MÁRIO QUINTANA,0,FALSE,"0,059463","5,9463",261,115,115,0,"2,71875","1,041667",96,"4.389,28","43,89"
1921,431490205002070P,MÁRIO QUINTANA,0,FALSE,"0,035859","3,5859",384,162,162,0,"2,865672","2,985075",134,"10.708,61","107,09"
1922,431490205002071P,MÁRIO QUINTANA,0,FALSE,"0,097923","9,7923",1057,557,557,0,"2,880109","2,179837",367,"10.794,20","107,94"
1923,431490205002072P,MÁRIO QUINTANA,0,FALSE,"1,335837","133,5837",2295,877,877,0,"2,984395","0,910273",769,"1.718,02","17,18"
1924,431490205002073P,PASSO DAS PEDRAS,0,FALSE,"0,094973","9,4973",683,354,354,0,"2,371528","3,819444",288,"7.191,52","71,92"
1925,431490205002075P,PASSO DAS PEDRAS,0,FALSE,"0,068626","6,8626",617,279,278,1,"2,502075","3,73444",241,"8.990,76","89,91"
1926,431490205002076P,PASSO DAS PEDRAS,0,FALSE,"0,066537","6,6537",590,337,337,0,"2,379032","2,822581",248,"8.867,25","88,67"
1927,431490205002077P,PASSO DAS PEDRAS,0,FALSE,"0,102795","10,2795",504,273,273,0,"2,446602","3,398058",206,"4.902,96","49,03"
1928,431490205002078P,PASSO DAS PEDRAS,0,FALSE,"0,130384","13,0384",618,282,282,0,"2,585774","1,67364",239,"4.739,85","47,40"
1929,431490205002080P,JARDIM LEOPOLDINA,0,FALSE,"0,101354","10,1354",257,126,126,0,"2,519608","0,980392",102,"2.535,67","25,36"
1930,431490205002081P,JARDIM LEOPOLDINA,0,FALSE,"0,025632","2,5632",391,148,147,1,"2,744526","3,649635",137,"15.254,37","152,54"
1931,431490205002082P,JARDIM LEOPOLDINA,0,FALSE,"0,032303","3,2303",432,355,355,0,"1,862069","4,310345",232,"13.373,37","133,73"
1932,431490205002083P,JARDIM LEOPOLDINA,0,FALSE,"0,024066","2,4066",390,327,327,0,"1,61157","0,413223",242,"16.205,44","162,05"
1933,431490205002084P,JARDIM LEOPOLDINA,0,FALSE,"0,016765","1,6765",630,323,323,0,"2,1875","4,513889",288,"37.578,29","375,78"
1934,431490205002085P,JARDIM LEOPOLDINA,0,FALSE,"0,010514","1,0514",410,350,350,0,"1,673469","2,857143",245,"38.995,62","389,96"
1935,431490205002086P,JARDIM LEOPOLDINA,0,FALSE,"0,013965","1,3965",575,334,334,0,"2,083333","2,898551",276,"41.174,36","411,74"
1936,431490205002087P,JARDIM LEOPOLDINA,0,FALSE,"0,015248","1,5248",574,334,334,0,"2,102564","0,3663",273,"37.644,28","376,44"
1937,431490205002088P,JARDIM LEOPOLDINA,0,FALSE,"0,014015","1,4015",519,336,336,0,"1,860215","4,301075",279,"37.031,75","370,32"
1938,431490205002089P,JARDIM LEOPOLDINA,0,FALSE,"0,008805","0,8805",267,247,247,0,"1,443243","1,621622",185,"30.323,68","303,24"
1939,431490205002090P,JARDIM LEOPOLDINA,0,FALSE,"0,005487","0,5487",290,245,245,0,"1,479592","5,102041",196,"52.852,20","528,52"
1940,431490205002091P,JARDIM LEOPOLDINA,0,FALSE,"0,009138","0,9138",295,235,235,0,"1,594595","3,783784",185,"32.282,78","322,83"
1941,431490205002092P,JARDIM LEOPOLDINA,0,FALSE,"0,014012","1,4012",361,233,233,0,"2,02809","3,370787",178,"25.763,63","257,64"
1942,431490205002093P,JARDIM LEOPOLDINA,0,FALSE,"0,020156","2,0156",267,214,214,0,"1,589286","5,952381",168,"13.246,68","132,47"
1943,431490205002094P,JARDIM LEOPOLDINA,0,FALSE,"0,0075","0,75",272,235,235,0,"1,648485","2,424242",165,"36.266,67","362,67"
1944,431490205002095P,JARDIM LEOPOLDINA,0,FALSE,"0,009424","0,9424",356,283,283,0,"1,745098","1,470588",204,"37.775,89","377,76"
1945,431490205002096P,JARDIM LEOPOLDINA,0,FALSE,"0,010039","1,0039",393,313,313,0,"1,762332","6,726457",223,"39.147,33","391,47"
1946,431490205002098P,JARDIM LEOPOLDINA,0,FALSE,"0,016292","1,6292",325,265,265,0,"1,616915","1,492537",201,"19.948,44","199,48"
1947,431490205002099P,JARDIM LEOPOLDINA,0,FALSE,"0,032456","3,2456",545,292,292,0,"2,280335","5,439331",239,"16.791,96","167,92"
1948,431490205002100P,JARDIM LEOPOLDINA,0,FALSE,"0,011733","1,1733",380,224,224,0,"2,065217","4,347826",184,"32.387,28","323,87"
1949,431490205002101P,JARDIM LEOPOLDINA,0,FALSE,"0,01177","1,177",455,224,224,0,"2,345361","10,824742",194,"38.657,60","386,58"
1950,431490205002102P,JARDIM LEOPOLDINA,0,FALSE,"0,011827","1,1827",415,336,336,0,"1,714876",0,242,"35.089,20","350,89"
1951,431490205002103P,JARDIM LEOPOLDINA,0,FALSE,"0,011649","1,1649",434,334,334,0,"1,729084","6,374502",251,"37.256,42","372,56"
1952,431490205002104P,JARDIM LEOPOLDINA,0,FALSE,"0,012586","1,2586",379,336,336,0,"1,605932","1,271186",236,"30.112,82","301,13"
1953,431490205002105P,JARDIM LEOPOLDINA,0,FALSE,"0,012391","1,2391",410,224,224,0,"2,316384","3,389831",177,"33.088,53","330,89"
1954,431490205002106P,JARDIM LEOPOLDINA,0,FALSE,"0,053834","5,3834",535,297,297,0,"2,356828","4,405286",227,"9.937,96","99,38"
1955,431490205002107P,JARDIM LEOPOLDINA,0,FALSE,"0,077669","7,7669",308,126,126,0,"2,8","2,727273",110,"3.965,55","39,66"
1956,431490205002108P,JARDIM LEOPOLDINA,0,FALSE,"0,072385","7,2385",453,176,176,0,3,"1,324503",151,"6.258,20","62,58"
1957,431490205002109P,JARDIM LEOPOLDINA,0,FALSE,"0,053208","5,3208",446,226,226,0,"2,49162","4,469274",179,"8.382,20","83,82"
1958,431490205002110P,JARDIM LEOPOLDINA,0,FALSE,"0,094078","9,4078",542,237,237,0,"2,737374","5,555556",198,"5.761,18","57,61"
1959,431490205002111P,JARDIM LEOPOLDINA,0,FALSE,"0,148249","14,8249",473,204,204,0,"2,6875","1,704545",176,"3.190,58","31,91"
1960,431490205002112P,JARDIM LEOPOLDINA,0,FALSE,"0,13815","13,815",704,309,309,0,"2,607407","2,222222",270,"5.095,91","50,96"
1961,431490205002114P,PASSO DAS PEDRAS,0,FALSE,"0,053112","5,3112",652,287,287,0,"2,629032","5,645161",248,"12.275,95","122,76"
1962,431490205002115P,PASSO DAS PEDRAS,0,FALSE,"0,069178","6,9178",618,278,278,0,"2,522449","10,612245",245,"8.933,48","89,33"
1963,431490205002118P,PASSO DAS PEDRAS,0,FALSE,"0,065204","6,5204",764,307,307,0,"2,778182",4,275,"11.717,07","117,17"
1964,431490205002119P,PASSO DAS PEDRAS,0,FALSE,"0,059414","5,9414",948,369,369,0,"2,881459","1,519757",329,"15.955,84","159,56"
1965,431490205002120P,PASSO DAS PEDRAS,0,FALSE,"0,122528","12,2528",649,238,238,0,"2,910314","4,484305",223,"5.296,75","52,97"
1966,431490205002121P,PASSO DAS PEDRAS,0,FALSE,"0,076234","7,6234",727,300,300,0,"2,955285","2,845528",246,"9.536,43","95,36"
1967,431490205002122P,PASSO DAS PEDRAS,0,FALSE,"0,058703","5,8703",427,164,164,0,"2,719745","0,636943",157,"7.273,90","72,74"
1968,431490205002123P,PASSO DAS PEDRAS,0,FALSE,"0,068536","6,8536",752,299,299,0,"2,785185","0,740741",270,"10.972,34","109,72"
1969,431490205002124P,PASSO DAS PEDRAS,0,FALSE,"0,601651","60,1651",1023,371,370,1,"2,842857","1,428571",350,"1.700,32","17,00"
1970,431490205002125P,MORRO SANTANA,0,FALSE,"0,114994","11,4994",599,313,313,0,"2,627193","2,192982",228,"5.208,97","52,09"
1971,431490205002126P,MORRO SANTANA,0,FALSE,"0,185722","18,5722",691,334,334,0,"2,476703","2,150538",279,"3.720,61","37,21"
1972,431490205002127P,MORRO SANTANA,0,FALSE,"0,086798","8,6798",505,280,280,0,"2,234513","1,769912",226,"5.818,11","58,18"
1973,431490205002128P,MORRO SANTANA,0,FALSE,"0,061823","6,1823",328,180,180,0,"2,394161",0,137,"5.305,47","53,05"
1974,431490205002129P,MORRO SANTANA,0,FALSE,"0,011981","1,1981",285,199,199,0,"2,021277","1,41844",141,"23.787,66","237,88"
1975,431490205002130P,MORRO SANTANA,0,FALSE,"0,014349","1,4349",414,238,238,0,"2,145078","3,108808",193,"28.852,18","288,52"
1976,431490205002131P,MORRO SANTANA,0,FALSE,"0,253992","25,3992",492,245,244,1,"2,411168","3,045685",197,"1.937,07","19,37"
1977,431490205002132P,MORRO SANTANA,0,FALSE,"0,261312","26,1312",351,171,171,0,"2,471831","3,521127",142,"1.343,22","13,43"
1978,431490205002133P,MORRO SANTANA,0,FALSE,"0,021602","2,1602",316,192,192,0,"2,03871","2,580645",155,"14.628,28","146,28"
1979,431490205002134P,MORRO SANTANA,0,FALSE,"0,016252","1,6252",418,241,241,0,2,"1,913876",209,"25.719,91","257,20"
1980,431490205002135P,MORRO SANTANA,0,FALSE,"0,050644","5,0644",570,229,229,0,"2,85","0,5",200,"11.255,04","112,55"
1981,431490205002136P,MORRO SANTANA,0,FALSE,"0,086","8,6",725,353,353,0,"2,580071","2,846975",281,"8.430,23","84,30"
1982,431490205002137P,ANCHIETA,0,TRUE,"0,082139","8,2139",339,122,122,0,3,"0,884956",113,"4.127,15","41,27"
1983,431490205002138P,ANCHIETA,0,TRUE,"0,12062","12,062",149,44,44,0,"3,820513",0,39,"1.235,28","12,35"
1984,431490205002139P,ANCHIETA,0,TRUE,"0,021863","2,1863",53,17,17,0,"3,117647","5,882353",17,"2.424,19","24,24"
1985,431490205002140P,ANCHIETA,0,TRUE,"0,025737","2,5737",0,0,0,0,0,0,0,"0,00","0,00"
1986,431490205002141P,SARANDI,0,TRUE,"0,017166","1,7166",0,0,0,0,0,0,0,"0,00","0,00"
1987,431490205002143P,SARANDI,0,TRUE,"0,150125","15,0125",4,1,1,0,4,0,1,"26,64","0,27"
1988,431490205002144P,SARANDI,0,TRUE,"0,098928","9,8928",0,0,0,0,0,0,0,"0,00","0,00"
1989,431490205002145P,SARANDI,0,FALSE,"0,028131","2,8131",0,0,0,0,0,0,0,"0,00","0,00"
1990,431490205002146P,SARANDI,0,FALSE,"0,10205","10,205",50,16,16,0,"3,125","6,25",16,"489,96","4,90"
1991,431490205002148P,SANTA ROSA DE LIMA,0,FALSE,"0,192944","19,2944",378,199,199,0,"2,423077","1,923077",156,"1.959,12","19,59"
1992,431490205002149P,SANTA ROSA DE LIMA,0,FALSE,"0,050768","5,0768",243,117,117,0,"2,454545","2,020202",99,"4.786,48","47,86"
1993,431490205002150P,SANTA ROSA DE LIMA,0,TRUE,"0,046506","4,6506",263,170,170,0,"2,286957","1,73913",115,"5.655,18","56,55"
1994,431490205002151P,SANTA ROSA DE LIMA,0,TRUE,"0,039179","3,9179",449,235,235,0,"2,222772","4,950495",202,"11.460,22","114,60"
1995,431490205002152P,SANTA ROSA DE LIMA,0,TRUE,"0,039442","3,9442",373,191,191,0,"2,453947","0,657895",152,"9.456,92","94,57"
1996,431490205002153P,SANTA ROSA DE LIMA,0,TRUE,"0,039143","3,9143",410,207,207,0,"2,46988","4,216867",166,"10.474,41","104,74"
1997,431490205002154P,SANTA ROSA DE LIMA,0,TRUE,"1,38075","138,075",495,203,202,1,"2,711111","1,111111",180,"358,50","3,59"
1998,431490205002155P,SANTA ROSA DE LIMA,0,TRUE,"0,078101","7,8101",965,375,375,0,"2,872024","3,869048",336,"12.355,80","123,56"
1999,431490205002158P,CENTRO HISTÓRICO,0,FALSE,"0,002494","0,2494",148,181,181,0,"1,465347","1,980198",101,"59.342,42","593,42"
2000,431490205002159P,CENTRO HISTÓRICO,0,FALSE,"0,005479","0,5479",317,252,252,0,"1,569307","3,960396",202,"57.857,27","578,57"
2001,431490205002163P,CIDADE BAIXA,0,FALSE,"0,009417","0,9417",442,303,303,0,"1,834025","2,904564",241,"46.936,39","469,36"
2002,431490205002164P,CIDADE BAIXA,0,FALSE,"0,010009","1,0009",304,246,246,0,"1,558974","2,564103",195,"30.372,66","303,73"
2003,431490205002167P,SANTA CECÍLIA,0,FALSE,"0,023257","2,3257",318,210,210,0,"1,95092","1,840491",163,"13.673,30","136,73"
2004,431490205002168P,JARDIM BOTÂNICO,0,FALSE,"0,032506","3,2506",654,357,356,1,"2,035144","2,875399",313,"20.119,36","201,19"
2005,431490205002169P,BOM JESUS,0,FALSE,"0,036848","3,6848",340,184,184,0,"2,615385","4,615385",130,"9.227,10","92,27"
2006,431490205002170P,BOM JESUS,0,FALSE,"0,071476","7,1476",837,277,277,0,"3,158491","1,132075",265,"11.710,22","117,10"
2007,431490205002171P,GLÓRIA,0,FALSE,"0,086063","8,6063",759,396,396,0,"2,279279","3,003003",333,"8.819,12","88,19"
2008,431490205002172P,PARTENON,0,FALSE,"0,012823","1,2823",311,334,334,0,"1,672043",0,186,"24.253,29","242,53"
2009,431490205002173P,PARTENON,0,FALSE,"0,026852","2,6852",379,216,214,2,"2,123596","0,561798",178,"14.114,40","141,14"
2010,431490205002174P,SANTO ANTÔNIO,0,FALSE,"0,009247","0,9247",303,191,191,0,"1,881988","6,832298",161,"32.767,38","327,67"
2011,431490205002175P,AZENHA,0,FALSE,"0,00852","0,852",250,179,178,1,"1,680272","4,761905",147,"29.342,72","293,43"
2012,431490205002176P,AZENHA,0,FALSE,"0,010332","1,0332",603,230,230,0,"2,668142","30,088496",226,"58.362,37","583,62"
2013,431490205002177P,MENINO DEUS,0,FALSE,"0,013083","1,3083",401,226,226,0,"2,155914","1,075269",186,"30.650,46","306,50"
2014,431490205002178P,MENINO DEUS,0,FALSE,"0,014416","1,4416",295,163,162,1,"2,079137","4,316547",139,"20.463,37","204,63"
2015,431490205002179P,MENINO DEUS,0,FALSE,"0,010384","1,0384",350,175,175,0,"2,21519","3,164557",158,"33.705,70","337,06"
2016,431490205002180P,MENINO DEUS,0,FALSE,"0,012787","1,2787",518,261,261,0,"2,232759","1,293103",232,"40.509,89","405,10"
2017,431490205002181P,MENINO DEUS,0,FALSE,"0,008777","0,8777",396,198,198,0,"2,329412","2,941176",170,"45.117,92","451,18"
2018,431490205002182P,SANTA TEREZA,0,TRUE,"0,037564","3,7564",471,258,258,0,"2,200935","2,803738",214,"12.538,60","125,39"
2019,431490205002183P,SANTA TEREZA,0,FALSE,"0,029931","2,9931",731,241,241,0,"3,220264","5,286344",227,"24.422,84","244,23"
2020,431490205002184P,HÍPICA,0,FALSE,"0,365372","36,5372",1188,526,526,0,"2,64588",0,449,"3.251,48","32,51"
2021,431490205002185P,CASCATA,0,FALSE,"0,378323","37,8323",757,371,370,1,"2,434084","2,250804",311,"2.000,94","20,01"
2022,431490205002186P,CASCATA,0,FALSE,"0,032151","3,2151",471,208,208,0,"2,754386","9,356725",171,"14.649,62","146,50"
2023,431490205002187P,JARDIM ISABEL,0,FALSE,"0,124594","12,4594",381,167,167,0,"2,721429","8,571429",140,"3.057,93","30,58"
2024,431490205002188P,LOMBA DO PINHEIRO,0,FALSE,"0,083982","8,3982",743,258,258,0,"3,202586","3,017241",232,"8.847,13","88,47"
2025,431490205002189P,LOMBA DO PINHEIRO,0,FALSE,"0,102834","10,2834",470,191,191,0,"2,919255","4,347826",161,"4.570,47","45,70"
2026,431490205002190P,LOMBA DO PINHEIRO,0,FALSE,"0,134876","13,4876",999,407,407,0,"2,80618","1,685393",356,"7.406,80","74,07"
2027,431490205002191P,LOMBA DO PINHEIRO,0,FALSE,"0,211036","21,1036",1060,405,405,0,"2,880435","0,543478",368,"5.022,84","50,23"
2028,431490205002192P,LOMBA DO PINHEIRO,0,FALSE,"0,103323","10,3323",897,439,439,0,"2,607558","0,290698",344,"8.681,51","86,82"
2029,431490205002193P,LOMBA DO PINHEIRO,0,FALSE,"0,075542","7,5542",737,338,338,0,"2,559028","4,166667",288,"9.756,16","97,56"
2030,431490205002194P,RESTINGA,0,FALSE,"0,05422","5,422",586,204,204,0,"3,13369","3,743316",187,"10.807,82","108,08"
2031,431490205002195P,RESTINGA,0,FALSE,"0,105605","10,5605",828,347,347,0,"2,679612","8,737864",309,"7.840,54","78,41"
2032,431490205002196P,RESTINGA,0,FALSE,"0,07535","7,535",808,296,296,0,"2,927536","0,362319",276,"10.723,29","107,23"
2033,431490205002197P,RESTINGA,0,FALSE,"0,06768","6,768",705,288,288,0,"2,753906","1,953125",256,"10.416,67","104,17"
2034,431490205002199P,RESTINGA,0,FALSE,"0,064019","6,4019",555,250,250,0,"2,720588","27,941176",204,"8.669,30","86,69"
2035,431490205002200P,BELÉM VELHO,0,FALSE,"0,330781","33,0781",521,281,281,0,"2,346847","4,054054",222,"1.575,06","15,75"
2036,431490205002201P,BELÉM VELHO,0,FALSE,"0,376479","37,6479",1302,556,556,0,"2,735294","2,310924",476,"3.458,36","34,58"
2037,431490205002206P,CAVALHADA,0,FALSE,"0,028516","2,8516",1138,588,588,0,"2,280561","3,807615",499,"39.907,42","399,07"
2038,431490205002207P,VILA NOVA,0,FALSE,"0,110106","11,0106",911,417,417,0,"2,743976","3,012048",332,"8.273,85","82,74"
2039,431490205002208P,CAMAQUÃ,0,FALSE,"0,017278","1,7278",371,202,201,1,"2,187879","1,212121",165,"21.472,39","214,72"
2040,431490205002209P,TRISTEZA,0,FALSE,"0,005541","0,5541",322,240,240,0,"1,594059","4,455446",202,"58.112,25","581,12"
2041,431490205002210P,JARDIM ISABEL,0,FALSE,"0,259631","25,9631",766,315,315,0,"2,785455",4,275,"2.950,34","29,50"
2042,431490205002212P,SERRARIA,0,TRUE,"0,577977","57,7977",725,370,369,1,"2,508651","2,768166",289,"1.254,38","12,54"
2043,431490205002213P,IPANEMA,0,FALSE,"0,169485","16,9485",967,417,416,1,"2,647887","3,098592",355,"5.705,52","57,06"
2044,431490205002214P,LOMBA DO PINHEIRO,0,FALSE,"0,080851","8,0851",816,324,324,0,"2,945848","0,722022",277,"10.092,64","100,93"
2045,431490205002215P,EXTREMA,0,FALSE,"0,182114","18,2114",540,266,265,1,"2,583732","2,392344",209,"2.965,18","29,65"
2046,431490205002216P,FARRAPOS,0,TRUE,"0,037703","3,7703",431,170,170,0,"2,762821","3,846154",156,"11.431,45","114,31"
2047,431490205002219P,INDEPENDÊNCIA,0,FALSE,"0,00799","0,799",224,204,203,1,"1,544828","2,068966",145,"28.035,04","280,35"
2048,431490205002220P,RIO BRANCO,0,FALSE,"0,047403","4,7403",353,261,261,0,"1,765",0,200,"7.446,79","74,47"
2049,431490205002221P,RIO BRANCO,0,FALSE,"0,044996","4,4996",256,196,196,0,"1,718121",0,149,"5.689,39","56,89"
2050,431490205002224P,AUXILIADORA,0,FALSE,"0,02539","2,539",454,355,354,1,"1,845528","12,601626",246,"17.881,06","178,81"
2051,431490205002225P,AUXILIADORA,0,FALSE,"0,053711","5,3711",350,234,234,0,"1,794872","8,717949",195,"6.516,36","65,16"
2052,431490205002226P,HIGIENÓPOLIS,0,FALSE,"0,053555","5,3555",918,373,373,0,"2,715976","1,47929",338,"17.141,26","171,41"
2053,431490205002227P,PASSO DA AREIA,0,FALSE,"0,055172","5,5172",491,286,286,0,"2,153509","10,087719",228,"8.899,44","88,99"
2054,431490205002229P,BOA VISTA,0,FALSE,"0,015431","1,5431",383,221,221,0,"2,201149","2,873563",174,"24.820,17","248,20"
2055,431490205002230P,BOA VISTA,0,FALSE,"0,038351","3,8351",382,240,240,0,"2,010526","2,631579",190,"9.960,63","99,61"
2056,431490205002231P,TRÊS FIGUEIRAS,0,FALSE,"0,282221","28,2221",684,359,358,1,"2,397163","5,673759",282,"2.423,63","24,24"
2057,431490205002232P,JARDIM BOTÂNICO,0,FALSE,"0,00597","0,597",520,276,276,0,"2,14876","4,545455",242,"87.102,18","871,02"
2058,431490205002233P,JARDIM LINDÓIA,0,FALSE,"0,03448","3,448",433,406,406,0,"2,00463","3,240741",216,"12.558,00","125,58"
2059,431490205002234P,PETRÓPOLIS,0,FALSE,"0,028136","2,8136",427,249,249,0,"2,014151","4,245283",212,"15.176,29","151,76"
2060,431490205002235P,PETRÓPOLIS,0,FALSE,"0,026516","2,6516",397,201,200,1,"2,27907","2,906977",172,"14.972,09","149,72"
2061,431490205002236P,PETRÓPOLIS,0,FALSE,"0,03323","3,323",531,261,260,1,"2,193966","4,310345",232,"15.979,54","159,80"
2062,431490205002237P,PETRÓPOLIS,0,FALSE,"0,06483","6,483",565,310,310,0,"2,233202","1,581028",253,"8.715,10","87,15"
2063,431490205002238P,PETRÓPOLIS,0,FALSE,"0,049186","4,9186",648,306,305,1,"2,511811","1,968504",254,"13.174,48","131,74"
2064,431490205002239P,PETRÓPOLIS,0,FALSE,"0,050696","5,0696",478,321,321,0,"2,153153","1,351351",222,"9.428,75","94,29"
2065,431490205002240P,PETRÓPOLIS,0,FALSE,"0,038668","3,8668",429,275,275,0,"1,941176","7,239819",221,"11.094,45","110,94"
2066,431490205002242P,JARDIM BOTÂNICO,0,FALSE,"0,011201","1,1201",216,131,131,0,"2,076923","4,807692",104,"19.283,99","192,84"
2067,431490205002243P,JARDIM CARVALHO,0,FALSE,"0,145833","14,5833",515,195,195,0,"3,179012","1,234568",162,"3.531,44","35,31"
2068,431490205002244P,GLÓRIA,0,FALSE,"0,054217","5,4217",321,170,170,0,"2,431818","9,090909",132,"5.920,65","59,21"
2069,431490205002245P,VILA NOVA,0,FALSE,"0,048584","4,8584",261,135,135,0,"2,230769","17,948718",117,"5.372,14","53,72"
2070,431490205002246P,VILA NOVA,0,FALSE,"0,011001","1,1001",283,161,161,0,"2,12782",0,133,"25.724,93","257,25"
2071,431490205002247P,VILA NOVA,0,FALSE,"0,058776","5,8776",540,244,244,0,"2,559242","2,843602",211,"9.187,42","91,87"
2072,431490205002248P,VILA NOVA,0,FALSE,"0,056181","5,6181",750,305,305,0,"2,873563","6,130268",261,"13.349,71","133,50"
2073,431490205002249P,VILA NOVA,0,FALSE,"0,048971","4,8971",415,183,183,0,"2,626582","1,898734",158,"8.474,40","84,74"
2074,431490205002250P,TRISTEZA,0,FALSE,"0,074068","7,4068",687,356,355,1,"2,237785","12,37785",307,"9.275,26","92,75"
2075,431490205002251P,PONTA GROSSA,0,FALSE,"0,134731","13,4731",675,273,273,0,"2,710843","1,204819",249,"5.009,98","50,10"
2076,431490205002252P,PONTA GROSSA,0,FALSE,"0,116215","11,6215",822,346,346,0,"2,475904","1,807229",332,"7.073,10","70,73"
2077,431490205002253P,PONTA GROSSA,0,FALSE,"0,222336","22,2336",444,197,197,0,"2,846154","3,846154",156,"1.996,98","19,97"
2078,431490205002254P,VILA NOVA,0,FALSE,"0,027276","2,7276",594,223,223,0,"2,855769","3,365385",208,"21.777,39","217,77"
2079,431490205002255P,HÍPICA,0,FALSE,"0,23867","23,867",749,325,325,0,"2,600694","4,513889",288,"3.138,22","31,38"
2080,431490205002256P,FARRAPOS,0,TRUE,"0,090801","9,0801",860,318,318,0,"2,866667",5,300,"9.471,26","94,71"
2081,431490205002257P,RIO BRANCO,0,FALSE,"0,016915","1,6915",267,156,156,0,"1,880282","4,929577",142,"15.784,81","157,85"
2082,431490205002258P,RIO BRANCO,0,FALSE,"0,026763","2,6763",450,244,244,0,"2,25","1,5",200,"16.814,26","168,14"
2083,431490205002259P,RIO BRANCO,0,FALSE,"0,03439","3,439",527,231,230,1,"2,542289","2,985075",201,"15.324,22","153,24"
2084,431490205002260P,BELA VISTA,0,FALSE,"0,014588","1,4588",265,133,133,0,"2,387387",0,111,"18.165,62","181,66"
2085,431490205002261P,BELA VISTA,0,FALSE,"0,078467","7,8467",741,386,386,0,"2,405844","3,571429",308,"9.443,46","94,43"
2086,431490205002262P,BELA VISTA,0,FALSE,"0,047812","4,7812",970,509,509,0,"2,224771","1,376147",436,"20.287,79","202,88"
2087,431490205002263P,MONTSERRAT,0,FALSE,"0,02126","2,126",243,147,146,1,"1,965217","6,956522",115,"11.429,92","114,30"
2088,431490205002264P,MONTSERRAT,0,FALSE,"0,042699","4,2699",698,380,380,0,"2,167702","1,863354",322,"16.346,99","163,47"
2089,431490205002265P,COSTA E SILVA,0,FALSE,"0,056059","5,6059",596,270,270,0,"2,60262","1,310044",229,"10.631,66","106,32"
2090,431490205002266P,COSTA E SILVA,0,FALSE,"0,099864","9,9864",1114,543,543,0,"2,578704","1,388889",432,"11.155,17","111,55"
2091,431490205002267P,AUXILIADORA,0,FALSE,"0,03712","3,712",436,228,228,0,"2,22449","12,755102",196,"11.745,69","117,46"
2092,431490205002268P,PASSO DA AREIA,0,FALSE,"0,045055","4,5055",901,475,475,0,"2,246883",0,401,"19.997,78","199,98"
2093,431490205002269P,BOA VISTA,0,FALSE,"0,022628","2,2628",445,297,297,0,"1,816327",0,245,"19.665,90","196,66"
2094,431490205002272P,CHÁCARA DAS PEDRAS,0,FALSE,"0,043871","4,3871",430,251,251,0,"2,311828","1,612903",186,"9.801,46","98,01"
2095,431490205002273P,VILA IPIRANGA,0,FALSE,"0,023971","2,3971",307,189,189,0,"2,046667","4,666667",150,"12.807,14","128,07"
2096,431490205002274P,JARDIM ITU,0,FALSE,"0,082741","8,2741",531,240,240,0,"2,628713","6,930693",202,"6.417,62","64,18"
2097,431490205002275P,JARDIM ITU,0,FALSE,"0,037958","3,7958",591,323,323,0,"2,141304","8,333333",276,"15.569,84","155,70"
2098,431490205002276P,JARDIM ITU,0,FALSE,"0,115529","11,5529",605,276,276,0,"2,688889","2,222222",225,"5.236,78","52,37"
2099,431490205002278P,SARANDI,0,FALSE,"0,028265","2,8265",516,280,280,0,"2,205128","2,991453",234,"18.255,79","182,56"
2100,431490205002279P,MÁRIO QUINTANA,0,FALSE,"0,078091","7,8091",595,215,215,0,"2,916667","6,372549",204,"7.619,32","76,19"
2101,431490205002282P,RESTINGA,0,FALSE,"0,052957","5,2957",784,271,271,0,"3,186992","0,813008",246,"14.804,46","148,04"
2102,431490205002283P,JARDIM BOTÂNICO,0,FALSE,"0,061927","6,1927",451,283,283,0,"2,078341","6,451613",217,"7.282,77","72,83"
2103,431490205002284P,JARDIM LEOPOLDINA,0,FALSE,"0,022903","2,2903",782,440,440,0,"2,215297","4,815864",353,"34.144,00","341,44"
2104,431490205002285P,JARDIM LEOPOLDINA,0,FALSE,"0,020474","2,0474",672,422,422,0,"2,225166","3,311258",302,"32.822,12","328,22"
2105,431490205002286P,TERESÓPOLIS,0,FALSE,"0,13868","13,868",984,375,375,0,"3,018405","3,98773",326,"7.095,47","70,95"
2106,431490205002287P,RUBEM BERTA,0,FALSE,"0,006875","0,6875",326,198,198,0,"2,15894","3,97351",151,"47.418,18","474,18"
2107,431490205002288P,RUBEM BERTA,0,FALSE,"0,006371","0,6371",382,200,200,0,"2,247059","1,764706",170,"59.959,19","599,59"
2108,431490205002289P,RUBEM BERTA,0,FALSE,"0,006002","0,6002",330,199,199,0,"2,156863","1,30719",153,"54.981,67","549,82"
2109,431490205002290P,RUBEM BERTA,0,FALSE,"0,007882","0,7882",356,200,200,0,"2,197531","3,703704",162,"45.166,20","451,66"
2110,431490205002291P,RUBEM BERTA,0,FALSE,"0,005556","0,5556",285,159,159,0,"2,192308","1,538462",130,"51.295,90","512,96"
2111,431490205002292P,RUBEM BERTA,0,FALSE,"0,009277","0,9277",417,240,240,0,"2,085",3,200,"44.949,88","449,50"
2112,431490205002293P,SANTO ANTÔNIO,0,FALSE,"0,005384","0,5384",450,215,215,0,"2,34375","1,5625",192,"83.580,98","835,81"
2113,431490205002294P,SANTO ANTÔNIO,0,FALSE,"0,004815","0,4815",347,199,199,0,"2,196203","2,531646",158,"72.066,46","720,66"
2114,431490205002295P,SANTO ANTÔNIO,0,FALSE,"0,004334","0,4334",362,216,216,0,"2,104651","3,488372",172,"83.525,61","835,26"
2115,431490205002296P,SANTO ANTÔNIO,0,FALSE,"0,004201","0,4201",399,198,198,0,"2,267045","0,568182",176,"94.977,39","949,77"
2116,431490205002297P,SANTO ANTÔNIO,0,FALSE,"0,004612","0,4612",380,215,215,0,"2,222222","4,093567",171,"82.393,76","823,94"
2117,431490205002298P,SANTO ANTÔNIO,0,FALSE,"0,004343","0,4343",379,202,202,0,"2,141243","3,954802",177,"87.266,87","872,67"
2118,431490205002299P,VILA IPIRANGA,0,FALSE,"0,020174","2,0174",567,272,272,0,"2,277108","0,803213",249,"28.105,48","281,05"
2119,431490205002300P,MÁRIO QUINTANA,0,FALSE,"0,326174","32,6174",769,312,312,0,"2,969112","0,772201",259,"2.357,64","23,58"
2120,431490205002301P,JARDIM SABARÁ,0,FALSE,"0,042574","4,2574",345,148,148,0,"2,695313","4,6875",128,"8.103,54","81,04"
2121,431490205002302P,SARANDI,0,FALSE,"0,031301","3,1301",305,192,192,0,"1,783626",0,171,"9.744,10","97,44"
2122,431490205002305P,CAMPO NOVO,0,FALSE,"0,019056","1,9056",774,380,380,0,"2,403727","5,900621",322,"40.617,13","406,17"
2123,431490205002306P,CRISTO REDENTOR,0,FALSE,"0,009712","0,9712",401,239,239,0,"1,91866",0,209,"41.289,13","412,89"
2124,431490205002307P,CRISTO REDENTOR,0,FALSE,"0,007823","0,7823",486,248,248,0,"2,239631","0,460829",217,"62.124,50","621,25"
2125,431490205002308P,MÁRIO QUINTANA,0,FALSE,"0,057873","5,7873",653,292,292,0,"2,766949","2,118644",236,"11.283,33","112,83"
2126,431490205002309P,JARDIM CARVALHO,0,FALSE,"0,047223","4,7223",678,389,389,0,"2,362369","2,787456",287,"14.357,41","143,57"
2127,431490205002311P,JARDIM ITU,0,FALSE,"0,072386","7,2386",955,413,413,0,"2,616438","1,643836",365,"13.193,16","131,93"
2128,431490205002312P,LAGEADO,0,FALSE,"0,158743","15,8743",675,281,281,0,"2,934783","4,347826",230,"4.252,16","42,52"
2129,431490205002313P,MÁRIO QUINTANA,0,FALSE,"0,069005","6,9005",1141,450,450,0,"2,881313","5,808081",396,"16.535,03","165,35"
2130,431490205002314P,MÁRIO QUINTANA,0,FALSE,"0,078038","7,8038",1192,437,437,0,"3,048593","0,511509",391,"15.274,61","152,75"
2131,431490205002315P,MÁRIO QUINTANA,0,FALSE,"0,034806","3,4806",544,202,202,0,"2,833333","4,166667",192,"15.629,49","156,29"
2132,431490205002316P,CRISTO REDENTOR,0,FALSE,"0,005119","0,5119",330,192,192,0,"2,012195","4,878049",164,"64.465,72","644,66"
2133,431490205002317P,MÁRIO QUINTANA,0,FALSE,"0,052755","5,2755",800,279,279,0,"2,95203","1,845018",271,"15.164,44","151,64"
2134,431490205002318P,ABERTA DOS MORROS,0,FALSE,"0,321812","32,1812",1538,649,649,0,"2,684119","0,17452",573,"4.779,19","47,79"
2135,431490205002319P,CAMPO NOVO,0,FALSE,"0,068113","6,8113",327,135,135,0,"2,794872","0,854701",117,"4.800,85","48,01"
2136,431490205002320P,HIGIENÓPOLIS,0,FALSE,"0,03993","3,993",413,272,272,0,"1,938967","3,286385",213,"10.343,10","103,43"
2137,431490205002321P,RESTINGA,0,FALSE,"0,169151","16,9151",564,256,253,3,"2,734694","15,306122",196,"3.334,30","33,34"
2138,431490205002324P,LAMI,0,FALSE,"0,22993","22,993",729,340,340,0,"2,7",0,270,"3.170,53","31,71"
2139,431490205002325P,BELÉM NOVO,0,FALSE,"0,08901","8,901",635,254,253,1,"2,762115","5,286344",227,"7.134,03","71,34"
2140,431490205002326P,CAMPO NOVO,0,FALSE,"0,357913","35,7913",607,280,278,2,"2,570815","8,154506",233,"1.695,94","16,96"
2141,431490205002327P,RESTINGA,0,FALSE,"0,892599","89,2599",579,286,286,0,"2,693023","3,255814",215,"648,67","6,49"
2142,431490205002328P,PRAIA DE BELAS,0,TRUE,"0,005764","0,5764",0,0,0,0,0,0,0,"0,00","0,00"
2143,431490205002329P,VILA JOÃO PESSOA,0,FALSE,"0,01747","1,747",308,100,100,0,"3,5","4,545455",88,"17.630,22","176,30"
2144,431490205002330P,CRISTAL,0,FALSE,"0,033441","3,3441",427,154,154,0,"2,965278","5,555556",144,"12.768,76","127,69"
2145,431490205002331P,SANTA TEREZA,0,FALSE,"0,021205","2,1205",395,157,157,0,"2,821429","6,428571",140,"18.627,68","186,28"
2146,431490205002332P,CAVALHADA,0,FALSE,"0,010441","1,0441",720,401,401,0,"2,080925","6,069364",346,"68.958,91","689,59"
2147,431490205002333P,CAVALHADA,0,FALSE,"0,006734","0,6734",0,1,1,0,0,0,0,"0,00","0,00"
2148,431490205002334P,CAVALHADA,0,FALSE,"0,008213","0,8213",368,240,240,0,"2,139535","1,744186",172,"44.807,01","448,07"
2149,431490205002335P,COSTA E SILVA,0,FALSE,"0,194518","19,4518",791,307,307,0,"2,984906","2,641509",265,"4.066,46","40,66"
2150,431490205002336P,COSTA E SILVA,0,FALSE,"0,093844","9,3844",729,282,282,0,3,"2,057613",243,"7.768,21","77,68"
2151,431490205002337P,COSTA E SILVA,0,FALSE,"0,070985","7,0985",720,288,288,0,"2,926829","1,626016",246,"10.142,99","101,43"
2152,431490205002341P,MÁRIO QUINTANA,0,FALSE,"0,039476","3,9476",634,234,234,0,"3,033493","3,349282",209,"16.060,39","160,60"
2153,431490205002342P,SANTA TEREZA,0,FALSE,"0,035578","3,5578",604,235,235,0,"2,696429","4,464286",224,"16.976,78","169,77"
2154,431490205002343P,VILA IPIRANGA,0,FALSE,"0,00463","0,463",447,204,204,0,"2,328125","6,770833",192,"96.544,28","965,44"
2155,431490205002344P,VILA IPIRANGA,0,FALSE,"0,004543","0,4543",444,204,204,0,"2,324607","6,282723",191,"97.732,78","977,33"
2156,431490205002345P,VILA IPIRANGA,0,FALSE,"0,005","0,5",467,216,216,0,"2,323383","9,950249",201,"93.400,00","934,00"
2157,431490205002346P,VILA IPIRANGA,0,FALSE,"0,004503","0,4503",454,204,204,0,"2,44086","2,688172",186,"100.821,67","1.008,22"
2158,431490205002347P,VILA IPIRANGA,0,FALSE,"0,003497","0,3497",435,203,203,0,"2,377049","13,661202",183,"124.392,34","1.243,92"
2159,431490205002348P,LOMBA DO PINHEIRO,0,FALSE,"0,133983","13,3983",689,232,232,0,"3,175115","11,981567",217,"5.142,44","51,42"
2160,431490205002349P,SARANDI,0,FALSE,"0,038701","3,8701",169,77,75,2,"2,453125","1,5625",64,"4.366,81","43,67"
2161,431490205002350P,MÁRIO QUINTANA,0,FALSE,"0,015379","1,5379",436,206,205,1,"2,218935","4,733728",169,"28.350,35","283,50"
2162,431490205002351P,VILA JARDIM,0,FALSE,"0,021811","2,1811",210,100,100,0,"2,258065","4,301075",93,"9.628,17","96,28"
2163,431490205002352P,VILA JARDIM,0,FALSE,"0,017197","1,7197",218,97,97,0,"2,395604","4,395604",91,"12.676,63","126,77"
2164,431490205002353P,ANCHIETA,0,TRUE,"0,01249","1,249",129,51,51,0,"2,866667","13,333333",45,"10.328,26","103,28"
2165,431490205002354P,VILA JARDIM,0,FALSE,"0,005398","0,5398",144,54,54,0,"2,823529","3,921569",51,"26.676,55","266,77"
2166,431490205002355P,JARDIM CARVALHO,0,FALSE,"0,009006","0,9006",104,56,56,0,"2,47619",0,42,"11.547,86","115,48"
2167,431490205002356P,GUARUJÁ,0,FALSE,"0,03051","3,051",405,137,137,0,"3,188976","1,574803",127,"13.274,34","132,74"
2168,431490205002357P,GUARUJÁ,0,TRUE,"0,017995","1,7995",150,69,69,0,"2,5","6,666667",60,"8.335,65","83,36"
2169,431490205002358P,ARQUIPÉLAGO,0,TRUE,"0,241128","24,1128",177,60,60,0,"3,160714","1,785714",56,"734,05","7,34"
2170,431490205002359P,ARQUIPÉLAGO,"0,0003776743",TRUE,"1,016743","101,6743",608,197,197,0,"3,823899","2,515723",159,"597,99","5,98"
2171,431490205002360P,ARQUIPÉLAGO,0,TRUE,"0,10798","10,798",279,113,113,0,3,"3,225806",93,"2.583,81","25,84"
2172,431490205002361P,BELÉM NOVO,0,FALSE,"0,022495","2,2495",348,169,169,0,"2,485714","1,428571",140,"15.470,10","154,70"
2173,431490205002362P,VILA NOVA,0,FALSE,"0,036303","3,6303",342,167,167,0,"2,780488","3,252033",123,"9.420,71","94,21"
2174,431490205002363P,GLÓRIA,0,FALSE,"0,054554","5,4554",184,121,121,0,"2,520548","4,109589",73,"3.372,80","33,73"
2175,431490205002364P,GLÓRIA,0,FALSE,"0,100171","10,0171",394,195,194,1,"2,496815","1,273885",157,"3.933,27","39,33"
2176,431490205002365P,VILA NOVA,0,FALSE,"0,039265","3,9265",525,187,187,0,"3,125","5,952381",168,"13.370,69","133,71"
2177,431490205002366P,TERESÓPOLIS,0,FALSE,"0,073849","7,3849",985,362,362,0,"2,975831","3,927492",331,"13.338,03","133,38"
2178,431490205002368P,MENINO DEUS,0,FALSE,"0,027583","2,7583",410,234,234,0,"2,060302","3,517588",199,"14.864,23","148,64"
2179,431490205002369P,MENINO DEUS,0,FALSE,"0,032095","3,2095",443,312,312,0,"1,885106","4,680851",235,"13.802,77","138,03"
2180,431490205002370P,VILA NOVA,0,FALSE,"0,167803","16,7803",368,180,180,0,"2,666667",0,138,"2.193,05","21,93"
2181,431490205002371P,TRISTEZA,0,FALSE,"0,07619","7,619",591,286,286,0,"2,432099","4,115226",243,"7.756,92","77,57"
2182,431490205002372P,RESTINGA,0,FALSE,"0,056701","5,6701",686,276,276,0,"2,766129","1,612903",248,"12.098,55","120,99"
2183,431490205002373P,LAGEADO,0,FALSE,"10,527466","1052,7466",668,319,319,0,"2,737705","1,639344",244,"63,45","0,63"
2184,431490205002374P,PONTA GROSSA,0,FALSE,"0,196042","19,6042",996,461,461,0,"2,614173","6,036745",381,"5.080,54","50,81"
2185,431490205002375P,LOMBA DO PINHEIRO,0,FALSE,"0,123684","12,3684",1248,491,490,1,"2,662393","5,769231",468,"10.090,23","100,90"
2186,431490205002376P,JARDIM LINDÓIA,0,FALSE,"0,017319","1,7319",570,240,240,0,"2,567568","2,252252",222,"32.911,83","329,12"
2187,431490205002378P,SANTA ROSA DE LIMA,0,FALSE,"0,031238","3,1238",795,288,288,0,"3,022814","1,901141",263,"25.449,77","254,50"
2188,431490205002379P,SANTA ROSA DE LIMA,0,FALSE,"0,035367","3,5367",836,320,320,0,"2,688103","4,180064",311,"23.637,85","236,38"
2189,431490205002380P,SANTA ROSA DE LIMA,0,FALSE,"0,03544","3,544",840,301,301,0,"2,926829","6,271777",287,"23.702,03","237,02"
2190,431490205002382P,SANTA ROSA DE LIMA,0,FALSE,"0,072585","7,2585",979,348,348,0,"2,879412","0,294118",340,"13.487,64","134,88"
2191,431490205002385P,SARANDI,0,FALSE,"0,157705","15,7705",810,293,293,0,"2,977941","15,808824",272,"5.136,17","51,36"
2192,431490205002386P,SARANDI,0,FALSE,"0,105398","10,5398",1233,400,400,0,"3,194301","3,626943",386,"11.698,51","116,99"
2193,431490205002387P,HÍPICA,0,FALSE,"0,096335","9,6335",692,277,277,0,"2,801619","0,404858",247,"7.183,27","71,83"
2194,431490205002388P,HÍPICA,0,FALSE,"0,08965","8,965",982,366,366,0,"2,905325","3,846154",338,"10.953,71","109,54"
2195,431490205002389P,HÍPICA,0,FALSE,"0,063667","6,3667",587,224,224,0,"2,835749","3,864734",207,"9.219,85","92,20"
2196,431490205002390P,PASSO DAS PEDRAS,0,FALSE,"0,030417","3,0417",475,186,186,0,"2,777778","3,508772",171,"15.616,27","156,16"
2197,431490205002391P,PASSO DAS PEDRAS,0,FALSE,"0,041551","4,1551",567,201,201,0,"2,907692","17,948718",195,"13.645,88","136,46"
2198,431490205002392P,JARDIM EUROPA,0,FALSE,"0,033223","3,3223",384,192,192,0,"2,181818","3,977273",176,"11.558,26","115,58"
2199,431490205002393P,SANTANA,0,FALSE,"0,010279","1,0279",407,320,320,0,"1,792952","2,202643",227,"39.595,29","395,95"
2200,431490205002394P,PRAIA DE BELAS,0,TRUE,"0,025976","2,5976",239,179,179,0,"1,796992","3,007519",133,"9.200,80","92,01"
2201,431490205002395P,GLÓRIA,0,FALSE,"0,143774","14,3774",295,118,118,0,"2,920792","2,970297",101,"2.051,83","20,52"
2202,431490205002396P,PARTENON,0,FALSE,"0,027366","2,7366",606,369,369,0,"1,858896","1,226994",326,"22.144,27","221,44"
2203,431490205002397P,CASCATA,0,FALSE,"0,029821","2,9821",382,174,174,0,"2,652778",0,144,"12.809,76","128,10"
2204,431490205002398P,RESTINGA,0,FALSE,"0,177699","17,7699",1094,376,376,0,"3,055866","3,351955",358,"6.156,48","61,56"
2205,431490205002399P,VILA NOVA,0,FALSE,"0,040924","4,0924",545,232,232,0,"2,658537","3,414634",205,"13.317,37","133,17"
2206,431490205002400P,TRISTEZA,0,FALSE,"0,059175","5,9175",762,378,378,0,"2,411392","1,265823",316,"12.877,06","128,77"
2207,431490205002401P,FARRAPOS,0,TRUE,"0,059728","5,9728",695,298,298,0,"2,642586","4,562738",263,"11.636,08","116,36"
2208,431490205002402P,RIO BRANCO,0,FALSE,"0,044855","4,4855",442,276,276,0,"2,055814",0,215,"9.853,97","98,54"
2209,431490205002403P,BOM FIM,0,FALSE,"0,008161","0,8161",216,182,182,0,"1,479452","0,684932",146,"26.467,34","264,67"
2210,431490205002404P,RIO BRANCO,0,FALSE,"0,042663","4,2663",602,391,391,0,2,"2,990033",301,"14.110,59","141,11"
2211,431490205002405P,JARDIM ITU,0,FALSE,"0,103426","10,3426",267,150,150,0,"2,72449","4,081633",98,"2.581,56","25,82"
2212,431490205002406P,SARANDI,0,TRUE,"0,033131","3,3131",540,204,204,0,"3,050847",0,177,"16.298,93","162,99"
2213,431490205002407P,SARANDI,0,FALSE,"0,024937","2,4937",496,182,182,0,"2,900585","0,584795",171,"19.890,12","198,90"
2214,431490205002408P,RUBEM BERTA,0,FALSE,"0,005436","0,5436",295,143,143,0,"2,36","2,4",125,"54.267,84","542,68"
2215,431490205002409P,MÁRIO QUINTANA,0,FALSE,"0,025039","2,5039",455,201,201,0,"2,660819",0,171,"18.171,65","181,72"
2216,431490205002410P,FARRAPOS,0,TRUE,"0,029797","2,9797",401,145,145,0,"3,084615","3,846154",130,"13.457,73","134,58"
2217,431490205002411P,CAVALHADA,0,FALSE,"0,009552","0,9552",386,206,206,0,"2,353659","2,439024",164,"40.410,39","404,10"
2218,431490205002412P,CAVALHADA,0,FALSE,"0,047161","4,7161",550,175,175,0,"3,254438","7,100592",169,"11.662,18","116,62"
2219,431490205002413P,LOMBA DO PINHEIRO,0,FALSE,"0,033106","3,3106",372,122,122,0,"3,07438","9,090909",121,"11.236,63","112,37"
2220,431490205002414P,BELÉM VELHO,0,FALSE,"0,079134","7,9134",597,264,264,0,"2,562232","2,145923",233,"7.544,17","75,44"
2221,431490205002415P,MORRO SANTANA,0,FALSE,"0,012224","1,2224",259,159,159,0,"2,03937","2,362205",127,"21.187,83","211,88"
2222,431490205002416P,MÁRIO QUINTANA,0,FALSE,"0,035532","3,5532",386,138,138,0,"2,859259","0,740741",135,"10.863,45","108,63"
2223,431490205002417P,LOMBA DO PINHEIRO,0,FALSE,"0,03338","3,338",485,202,202,0,"2,63587","4,891304",184,"14.529,66","145,30"
2224,431490205002418P,CEL. APARICIO BORGES,0,FALSE,"0,094581","9,4581",740,288,288,0,"2,730627","5,535055",271,"7.823,98","78,24"
2225,431490205002419P,VILA SÃO JOSÉ,0,FALSE,"0,022017","2,2017",386,155,155,0,"2,817518","0,729927",137,"17.531,91","175,32"
2226,431490205002420P,RESTINGA,0,FALSE,"0,051782","5,1782",453,171,171,0,"2,980263","3,947368",152,"8.748,21","87,48"
2227,431490205002421P,CAVALHADA,0,FALSE,"0,017367","1,7367",329,195,195,0,"1,958333","1,785714",168,"18.943,97","189,44"
2228,431490205002422P,CAVALHADA,0,FALSE,"0,019134","1,9134",485,255,255,0,"2,331731","4,807692",208,"25.347,55","253,48"
2229,431490205002423P,MÁRIO QUINTANA,0,FALSE,"0,127078","12,7078",1215,463,463,0,"2,927711","1,686747",415,"9.561,06","95,61"
2230,431490205002426P,HÍPICA,0,FALSE,"0,106393","10,6393",1166,471,471,0,"2,608501","3,579418",447,"10.959,37","109,59"
2231,431490205002427P,HÍPICA,0,FALSE,"0,187046","18,7046",1139,472,472,0,"2,686321","10,141509",424,"6.089,41","60,89"
2232,431490205002428P,HÍPICA,0,FALSE,"0,093714","9,3714",836,322,322,0,"2,64557","3,164557",316,"8.920,76","89,21"
2233,431490205002429P,HÍPICA,0,FALSE,"0,097895","9,7895",740,298,298,0,"2,633452","4,982206",281,"7.559,12","75,59"
2234,431490205002430P,HÍPICA,0,FALSE,"0,100602","10,0602",723,288,288,0,"2,791506","3,474903",259,"7.186,74","71,87"
2235,431490205002431P,HÍPICA,0,FALSE,"0,380322","38,0322",1043,403,403,0,"2,938028","6,478873",355,"2.742,41","27,42"
2236,431490205002432P,SANTA ROSA DE LIMA,0,FALSE,"0,013746","1,3746",704,470,470,0,"2,25641","1,602564",312,"51.214,90","512,15"
2237,431490205002433P,SANTA ROSA DE LIMA,0,TRUE,"0,629419","62,9419",1445,558,558,0,"2,913306","3,427419",496,"2.295,77","22,96"
2238,431490205002434P,JARDIM CARVALHO,0,FALSE,"0,066251","6,6251",374,160,160,0,"2,899225","1,550388",129,"5.645,20","56,45"
2239,431490205002435P,JARDIM CARVALHO,0,FALSE,"0,011295","1,1295",301,124,124,0,"2,640351","2,631579",114,"26.648,96","266,49"
2240,431490205002436P,CEL. APARICIO BORGES,0,FALSE,"0,25884","25,884",480,212,210,2,"2,695402","5,172414",174,"1.854,43","18,54"
2241,431490205002437P,CEL. APARICIO BORGES,0,FALSE,"0,014265","1,4265",176,75,75,0,"2,514286","2,857143",70,"12.337,89","123,38"
2242,431490205002438P,CEL. APARICIO BORGES,0,FALSE,"0,013017","1,3017",167,65,65,0,"2,929825","1,754386",57,"12.829,38","128,29"
2243,431490205002439P,CEL. APARICIO BORGES,0,FALSE,"0,030216","3,0216",454,159,159,0,"2,986842","2,631579",152,"15.025,15","150,25"
2244,431490205002440P,CRISTAL,0,FALSE,"0,031228","3,1228",177,88,88,0,"2,528571","12,857143",70,"5.667,99","56,68"
2245,431490205002441P,CRISTAL,0,FALSE,"0,011142","1,1142",250,93,93,0,"2,747253","7,692308",91,"22.437,62","224,38"
2246,431490205002442P,BELÉM VELHO,0,FALSE,"0,127418","12,7418",668,284,284,0,"3,036364","0,909091",220,"5.242,59","52,43"
2247,431490205002443P,BELÉM VELHO,0,FALSE,"0,079538","7,9538",674,277,277,0,"2,843882","0,421941",237,"8.473,94","84,74"
2248,431490205002444P,HUMAITÁ,0,TRUE,"0,194085","19,4085",724,254,254,0,"3,029289",0,239,"3.730,32","37,30"
2249,431490205002445P,HUMAITÁ,0,TRUE,"0,020588","2,0588",302,107,107,0,"2,960784","2,941176",102,"14.668,74","146,69"
2250,431490205002446P,PASSO DAS PEDRAS,0,FALSE,"0,122225","12,2225",361,165,165,0,"2,578571","2,857143",140,"2.953,57","29,54"
2251,431490205002447P,PASSO DAS PEDRAS,0,FALSE,"0,019479","1,9479",304,114,114,0,"2,841121","2,803738",107,"15.606,55","156,07"
2252,431490205002448P,RESTINGA,0,FALSE,"3,058055","305,8055",279,168,168,0,"2,491071","3,571429",112,"91,23","0,91"
2253,431490205002449P,RESTINGA,0,FALSE,"2,258148","225,8148",658,309,309,0,"2,911504","3,097345",226,"291,39","2,91"
2254,431490205002450P,RESTINGA,0,FALSE,"0,046053","4,6053",499,185,185,0,"2,901163","4,651163",172,"10.835,34","108,35"
2255,431490205002451P,JARDIM BOTÂNICO,0,FALSE,"0,48819","48,819",116,57,57,0,"2,521739","2,173913",46,"237,61","2,38"
2256,431490205002452P,JARDIM BOTÂNICO,0,FALSE,"0,044721","4,4721",439,157,157,0,"3,113475","3,546099",141,"9.816,42","98,16"
2257,431490205002453P,TRÊS FIGUEIRAS,0,FALSE,"0,059655","5,9655",365,247,247,0,"1,789216","8,333333",204,"6.118,51","61,19"
2258,431490205002454P,TRÊS FIGUEIRAS,0,FALSE,"0,170361","17,0361",476,166,165,1,"3,223776","1,398601",143,"2.794,07","27,94"
2259,431490205002455P,TRÊS FIGUEIRAS,0,FALSE,"0,006516","0,6516",63,26,26,0,"2,73913",0,23,"9.668,51","96,69"
2260,431490205002456P,AZENHA,0,FALSE,"0,077643","7,7643",442,268,268,0,"1,91342","3,896104",231,"5.692,72","56,93"
2261,431490205002457P,AZENHA,0,FALSE,"0,006647","0,6647",80,38,38,0,"2,222222","2,777778",36,"12.035,50","120,36"
2262,431490205002458P,MENINO DEUS,0,FALSE,"0,015034","1,5034",275,112,112,0,"2,835052","1,030928",97,"18.291,87","182,92"
2263,431490205002459P,MENINO DEUS,0,FALSE,"0,005112","0,5112",218,65,65,0,"3,633333",0,60,"42.644,76","426,45"
2264,431490205002460P,CAMPO NOVO,0,FALSE,"1,025787","102,5787",557,249,249,0,"2,85641","2,051282",195,"543,00","5,43"
2265,431490205002461P,ABERTA DOS MORROS,0,FALSE,"0,099265","9,9265",469,196,196,0,"2,576923","2,747253",182,"4.724,73","47,25"
2266,431490205002462P,ABERTA DOS MORROS,0,FALSE,"1,152949","115,2949",1113,473,473,0,"2,662679","0,717703",418,"965,35","9,65"
2267,431490205002463P,HÍPICA,0,FALSE,"1,787362","178,7362",942,409,409,0,"2,587912","1,098901",364,"527,03","5,27"
2268,431490205002464P,JARDIM CARVALHO,0,FALSE,"0,070171","7,0171",423,222,221,1,"2,425287","1,149425",174,"6.028,13","60,28"
2269,431490205002465P,AGRONOMIA,0,FALSE,"0,090921","9,0921",164,63,62,1,"2,36",14,50,"1.803,76","18,04"
2270,431490205002466P,NAVEGANTES,0,TRUE,"0,877736","87,7736",493,162,162,0,"3,264901","2,649007",151,"561,67","5,62"
2271,431490205002467P,RIO BRANCO,0,FALSE,"0,088348","8,8348",406,288,288,0,"2,0199","1,99005",201,"4.595,46","45,95"
2272,431490205002468P,BELA VISTA,0,FALSE,"0,026332","2,6332",365,167,167,0,"2,570423","0,704225",142,"13.861,46","138,61"
2273,431490205002469P,PARTENON,0,FALSE,"0,018411","1,8411",194,123,123,0,"1,979592","3,061224",98,"10.537,18","105,37"
2274,431490205002470P,PARTENON,0,FALSE,"0,040978","4,0978",703,473,473,0,"2,067647","1,470588",340,"17.155,55","171,56"
2275,431490205002471P,PETRÓPOLIS,0,FALSE,"0,018385","1,8385",349,196,196,0,"2,208861","3,164557",158,"18.982,87","189,83"
2276,431490205002472P,PETRÓPOLIS,0,FALSE,"0,044028","4,4028",612,317,317,0,"2,185714",0,280,"13.900,25","139,00"
2277,431490205002473P,CAVALHADA,0,FALSE,"0,103062","10,3062",460,307,307,0,"2,5","3,804348",184,"4.463,33","44,63"
2278,431490205002474P,CAVALHADA,0,FALSE,"0,060529","6,0529",470,191,190,1,"2,85","0,625",160,"7.764,87","77,65"
2279,431490205002475P,CEL. APARICIO BORGES,0,FALSE,"0,022343","2,2343",260,93,93,0,"2,857143",0,91,"11.636,75","116,37"
2280,431490205002476P,CEL. APARICIO BORGES,0,FALSE,"0,094809","9,4809",573,199,199,0,"3,047872","2,659574",188,"6.043,73","60,44"
2281,431490205002477P,BOM JESUS,0,FALSE,"0,030955","3,0955",537,185,185,0,"3,051136","2,272727",176,"17.347,76","173,48"
2282,431490205002478P,JARDIM DO SALSO,0,FALSE,"0,057314","5,7314",1106,363,363,0,"3,142045","3,977273",352,"19.297,20","192,97"
2283,431490205002479P,JARDIM DO SALSO,0,FALSE,"0,050161","5,0161",981,400,400,0,"2,786932","3,693182",352,"19.557,03","195,57"
2284,431490205002480P,JARDIM DO SALSO,0,FALSE,"0,225233","22,5233",470,270,270,0,"2,196262","1,401869",214,"2.086,73","20,87"
2285,431490205002481P,JARDIM CARVALHO,0,FALSE,"0,435549","43,5549",506,438,438,0,"1,681063","1,328904",301,"1.161,75","11,62"
2286,431490205002482P,BOM JESUS,0,FALSE,"0,015455","1,5455",295,109,109,0,"2,836538","1,923077",104,"19.087,67","190,88"
2287,431490205002483P,JARDIM CARVALHO,0,FALSE,"0,051585","5,1585",273,126,126,0,"2,504587","0,917431",109,"5.292,24","52,92"
2288,431490205002484P,CAMAQUÃ,0,FALSE,"0,025746","2,5746",366,152,152,0,"2,691176","1,470588",136,"14.215,80","142,16"
2289,431490205002485P,CAVALHADA,0,FALSE,"0,450685","45,0685",875,339,339,0,"2,708978","9,597523",323,"1.941,49","19,41"
2290,431490205002486P,IPANEMA,0,FALSE,"0,248984","24,8984",479,222,222,0,"2,603261","3,804348",184,"1.923,82","19,24"
2291,431490205002487P,CAVALHADA,0,FALSE,"0,031003","3,1003",131,101,101,0,"1,898551","4,347826",69,"4.225,40","42,25"
2292,431490205002488P,SANTA TEREZA,0,FALSE,"0,026187","2,6187",161,77,77,0,"2,875",0,56,"6.148,09","61,48"
2293,431490205002489P,CRISTAL,0,FALSE,"0,024704","2,4704",168,79,78,1,"2,507463","4,477612",67,"6.800,52","68,01"
2294,431490205002490P,JARDIM LINDÓIA,0,FALSE,"0,024983","2,4983",204,117,117,0,2,"1,960784",102,"8.165,55","81,66"
2295,431490205002491P,CRISTO REDENTOR,0,FALSE,"0,033192","3,3192",324,182,182,0,"2,174497","1,342282",149,"9.761,39","97,61"
2296,431490205002492P,IPANEMA,0,FALSE,"0,200525","20,0525",97,49,49,0,"2,204545","6,818182",44,"483,73","4,84"
2297,431490205002493P,ESPÍRITO SANTO,0,FALSE,"0,23018","23,018",512,234,234,0,"2,572864","1,507538",199,"2.224,35","22,24"
2298,431490205002494P,ESPÍRITO SANTO,0,FALSE,"0,089066","8,9066",324,150,150,0,"2,769231","2,564103",117,"3.637,75","36,38"
2299,431490205002495P,GUARUJÁ,0,FALSE,"0,150691","15,0691",715,301,300,1,"2,656604","3,018868",265,"4.744,81","47,45"
2300,431490205002496P,GUARUJÁ,0,FALSE,"0,368522","36,8522",1077,455,455,0,"2,70603","0,502513",398,"2.922,48","29,22"
2301,431490205002497P,GUARUJÁ,0,FALSE,"0,294546","29,4546",610,276,276,0,"2,760181","3,167421",221,"2.070,98","20,71"
2302,431490205002499P,HUMAITÁ,0,TRUE,"1,059676","105,9676",700,242,242,0,"3,381643","3,864734",207,"660,58","6,61"
2303,431490205002500P,HUMAITÁ,0,TRUE,"0,233628","23,3628",822,380,380,0,"2,439169","0,890208",337,"3.518,41","35,18"
2304,431490205002501P,HUMAITÁ,0,TRUE,"0,014069","1,4069",607,352,352,0,"2,183453","0,359712",278,"43.144,50","431,45"
2305,431490205002502P,HÍPICA,0,FALSE,"0,997027","99,7027",173,73,73,0,"2,621212",0,66,"173,52","1,74"
2306,431490205002503P,VILA NOVA,0,FALSE,"2,292729","229,2729",1535,1003,1003,0,"2,885338","4,323308",532,"669,51","6,70"
2307,431490205002504P,VILA NOVA,0,FALSE,"0,125154","12,5154",843,367,367,0,"2,618012","3,10559",322,"6.735,70","67,36"
2308,431490205002505P,VILA NOVA,0,FALSE,"0,021443","2,1443",768,400,400,0,"2,43038","3,797468",316,"35.815,88","358,16"
2309,431490205002506P,CAMAQUÃ,0,FALSE,"0,053717","5,3717",606,249,249,0,"2,872038","0,473934",211,"11.281,34","112,81"
2310,431490205002507P,CAVALHADA,0,FALSE,"0,024606","2,4606",225,107,107,0,"2,445652","1,086957",92,"9.144,11","91,44"
2311,431490205002508P,HÍPICA,0,FALSE,"1,426663","142,6663",43,20,20,0,"2,866667",0,15,"30,14","0,30"
2312,431490205002509P,CHAPÉU DO SOL,0,FALSE,"1,903122","190,3122",290,115,114,1,"2,840909","3,409091",88,"152,38","1,52"
2313,431490205002510P,CHAPÉU DO SOL,0,FALSE,"0,02331","2,331",732,360,360,0,"2,178571","8,035714",336,"31.402,83","314,03"
2314,431490205002511P,CHAPÉU DO SOL,0,FALSE,"0,020468","2,0468",595,280,280,0,"2,479167","3,333333",240,"29.069,77","290,70"
2315,431490205002512P,CHAPÉU DO SOL,0,FALSE,"0,017373","1,7373",1023,440,440,0,"2,685039","4,724409",381,"58.884,48","588,84"
2316,431490205002513P,JARDIM ITU,0,FALSE,"0,06047","6,047",409,200,200,0,"2,420118","2,95858",169,"6.763,68","67,64"
2317,431490205002514P,JARDIM SABARÁ,0,FALSE,"0,05004","5,004",248,140,140,0,"2,19469","1,769912",113,"4.956,04","49,56"
2318,431490205002515P,BOA VISTA,0,FALSE,"0,392987","39,2987",189,91,91,0,"2,304878","3,658537",82,"480,93","4,81"
2319,431490205002516P,PASSO DA AREIA,0,FALSE,"0,037803","3,7803",567,287,286,1,"2,486842","5,701754",228,"14.998,81","149,99"
2320,431490205002517P,SANTA ROSA DE LIMA,0,TRUE,"0,101218","10,1218",997,493,493,0,"2,345882","1,411765",425,"9.850,03","98,50"
2321,431490205002518P,SANTA ROSA DE LIMA,0,FALSE,"0,049002","4,9002",786,404,404,0,"2,332344","1,186944",337,"16.040,16","160,40"
2322,431490205002519P,SARANDI,0,FALSE,"0,137559","13,7559",531,243,243,0,"2,504717","4,716981",212,"3.860,16","38,60"
2323,431490205002520P,SÃO SEBASTIÃO,0,FALSE,"0,300293","30,0293",758,399,399,0,"2,229412","2,058824",340,"2.524,20","25,24"
2324,431490205002521P,SÃO SEBASTIÃO,0,FALSE,"0,040644","4,0644",971,452,452,0,"2,433584","3,258145",399,"23.890,37","238,90"
2325,431490205002522P,TRISTEZA,0,FALSE,"0,038183","3,8183",192,90,90,0,"2,782609","4,347826",69,"5.028,42","50,28"
2326,431490205002523P,SÉTIMO CÉU,0,FALSE,"0,089765","8,9765",308,141,141,0,"2,588235","5,042017",119,"3.431,18","34,31"
2327,431490205002524P,CENTRO HISTÓRICO,"0,0005779823",TRUE,"1,262474","126,2474",247,185,183,2,"2,147826","3,478261",115,"195,65","1,96"
2328,431490205002525P,AZENHA,0,FALSE,"0,086424","8,6424",453,442,442,0,"1,841463","0,406504",246,"5.241,60","52,42"
2329,431490205002526P,IPANEMA,0,FALSE,"0,281522","28,1522",337,147,147,0,"2,674603","16,666667",126,"1.197,06","11,97"
2330,431490205002527P,BELÉM NOVO,0,TRUE,"0,535604","53,5604",465,284,284,0,"2,279412","0,490196",204,"868,18","8,68"
2331,431490205002528P,LAMI,0,TRUE,"3,025264","302,5264",286,148,148,0,"2,831683","0,990099",101,"94,54","0,95"
2332,431490205002529P,ANCHIETA,0,TRUE,"1,05101","105,101",58,44,44,0,"2,32",0,25,"55,19","0,55"
2333,431490205002530P,FARROUPILHA,0,FALSE,"0,569912","56,9912",339,215,214,1,"2,030488","6,097561",164,"594,83","5,95"
2334,431490205002531P,VILA NOVA,0,FALSE,"1,129958","112,9958",690,374,372,2,"2,537879","2,272727",264,"610,64","6,11"
2335,431490205002532P,HUMAITÁ,0,TRUE,"0,26541","26,541",312,178,178,0,"2,09396","2,684564",149,"1.175,54","11,76"
2336,431490205002533P,MOINHOS DE VENTO,0,FALSE,"0,156473","15,6473",303,174,174,0,"2,061224","10,204082",147,"1.936,44","19,36"
2337,431490205002534P,SANTA ROSA DE LIMA,0,FALSE,"0,276233","27,6233",593,210,210,0,"3,137566","3,703704",189,"2.146,74","21,47"
2338,431490205002535P,SANTANA,0,FALSE,"0,053906","5,3906",445,300,300,0,"1,986607","4,017857",224,"8.255,11","82,55"
2339,431490205002536P,SANTANA,0,FALSE,"0,033299","3,3299",384,257,257,0,"1,873171","3,902439",205,"11.531,88","115,32"
2340,431490205002537P,PETRÓPOLIS,0,FALSE,"0,053162","5,3162",421,308,308,0,"2,043689","14,563107",206,"7.919,19","79,19"
2341,431490205002538P,PETRÓPOLIS,0,FALSE,"0,063861","6,3861",575,421,421,0,"1,837061","5,43131",313,"9.003,93","90,04"
2342,431490205002539P,JARDIM CARVALHO,0,FALSE,"0,017388","1,7388",1139,563,563,0,"2,319756","0,610998",491,"65.504,95","655,05"
2343,431490205002540P,JARDIM CARVALHO,0,FALSE,"0,020649","2,0649",0,0,0,0,0,0,0,"0,00","0,00"
2344,431490205002541P,JARDIM CARVALHO,0,FALSE,"0,101749","10,1749",792,383,383,0,"2,322581","0,293255",341,"7.783,86","77,84"
2345,431490205002542P,JARDIM CARVALHO,0,FALSE,"0,234559","23,4559",820,395,395,0,"2,356322","2,298851",348,"3.495,92","34,96"
2346,431490205002543P,PARTENON,0,FALSE,"0,0357","3,57",359,278,278,0,"1,889474","1,052632",190,"10.056,02","100,56"
2347,431490205002544P,PARTENON,0,FALSE,"0,055615","5,5615",679,444,438,6,"1,98538","3,80117",342,"12.208,94","122,09"
2348,431490205002545P,AZENHA,0,FALSE,"0,020249","2,0249",357,200,199,1,"2,19375","2,5",160,"17.630,50","176,31"
2349,431490205002546P,AZENHA,0,FALSE,"0,019535","1,9535",463,257,257,0,"2,258537","1,463415",205,"23.701,05","237,01"
2350,431490205002547P,MENINO DEUS,0,TRUE,"0,053601","5,3601",363,251,250,1,"1,741294","3,482587",201,"6.772,26","67,72"
2351,431490205002548P,MENINO DEUS,0,FALSE,"0,027111","2,7111",825,307,307,0,"2,915194","1,413428",283,"30.430,45","304,30"
2352,431490205002549P,LOMBA DO PINHEIRO,0,TRUE,"0,155967","15,5967",658,294,294,0,"2,707819","3,292181",243,"4.218,84","42,19"
2353,431490205002550P,LOMBA DO PINHEIRO,0,TRUE,"0,025166","2,5166",789,440,440,0,"2,126685","3,234501",371,"31.351,82","313,52"
2354,431490205002551P,MORRO SANTANA,0,FALSE,"0,038793","3,8793",494,293,293,0,"1,960317","3,571429",252,"12.734,26","127,34"
2355,431490205002552P,MORRO SANTANA,0,FALSE,"0,145877","14,5877",587,299,299,0,"2,292969","1,171875",256,"4.023,94","40,24"
2356,431490205002553P,AZENHA,0,FALSE,"0,073813","7,3813",435,280,280,0,"1,968326",0,221,"5.893,27","58,93"
2357,431490205002554P,AZENHA,0,FALSE,"0,010508","1,0508",566,328,328,0,"2,065693","1,459854",274,"53.863,72","538,64"
2358,431490205002555P,RESTINGA,0,FALSE,"0,063821","6,3821",447,193,193,0,3,"4,697987",149,"7.003,96","70,04"
2359,431490205002556P,RESTINGA,0,FALSE,"0,079842","7,9842",594,248,247,1,"2,56","0,888889",225,"7.439,69","74,40"
2360,431490205002557P,RESTINGA,0,FALSE,"0,542568","54,2568",754,456,456,0,"2,65493","3,873239",284,"1.389,69","13,90"
2361,431490205002558P,CAVALHADA,0,FALSE,"0,12807","12,807",529,233,232,1,"2,59901","2,475248",202,"4.130,55","41,31"
2362,431490205002559P,CAVALHADA,0,FALSE,"0,015179","1,5179",523,260,260,0,"2,388128","1,369863",219,"34.455,50","344,55"
2363,431490205002560P,CAVALHADA,0,FALSE,"0,011388","1,1388",577,300,300,0,"2,245136","1,55642",257,"50.667,37","506,67"
2364,431490205002561P,CAMAQUÃ,0,FALSE,"0,017572","1,7572",732,377,377,0,"2,172107","2,670623",337,"41.657,18","416,57"
2365,431490205002562P,CAMAQUÃ,0,FALSE,"0,04212","4,212",705,363,363,0,"2,231013","1,582278",316,"16.737,89","167,38"
2366,431490205002563P,CAMAQUÃ,0,FALSE,"0,016398","1,6398",252,165,165,0,"1,880597","2,985075",134,"15.367,73","153,68"
2367,431490205002564P,HÍPICA,0,FALSE,"0,024173","2,4173",511,243,243,0,"2,174468","0,851064",235,"21.139,29","211,39"
2368,431490205002565P,HÍPICA,0,FALSE,"0,064185","6,4185",691,315,315,0,"2,540441","4,779412",272,"10.765,76","107,66"
2369,431490205002566P,HÍPICA,0,FALSE,"0,76035","76,035",1276,585,585,0,"2,620123","8,829569",487,"1.678,17","16,78"
2370,431490205002567P,CAMPO NOVO,0,FALSE,"0,015764","1,5764",582,345,345,0,"2,300395","2,371542",253,"36.919,56","369,20"
2371,431490205002568P,CAMPO NOVO,0,FALSE,"0,762776","76,2776",537,257,257,0,"2,606796","3,398058",206,"704,01","7,04"
2372,431490205002569P,FARRAPOS,0,TRUE,"0,044866","4,4866",1119,387,387,0,"3,161017","3,672316",354,"24.940,94","249,41"
2373,431490205002570P,FARRAPOS,0,TRUE,"0,057503","5,7503",521,232,232,0,"2,894444","3,333333",180,"9.060,40","90,60"
2374,431490205002571P,FARRAPOS,0,TRUE,"0,048306","4,8306",368,138,138,0,"3,145299","4,273504",117,"7.618,10","76,18"
2375,431490205002572P,HUMAITÁ,0,TRUE,"0,079192","7,9192",943,388,388,0,"2,648876",0,356,"11.907,77","119,08"
2376,431490205002573P,HUMAITÁ,0,TRUE,"0,078206","7,8206",726,379,379,0,"2,290221","3,470032",317,"9.283,18","92,83"
2377,431490205002574P,HUMAITÁ,0,TRUE,"0,078031","7,8031",704,341,341,0,"2,435986","0,692042",289,"9.022,06","90,22"
2378,431490205002575P,HUMAITÁ,0,TRUE,"0,079275","7,9275",215,279,279,0,"2,009346",0,107,"2.712,08","27,12"
2379,431490205002576P,SÃO GERALDO,0,TRUE,"0,036631","3,6631",527,287,287,0,"2,108","2,4",250,"14.386,72","143,87"
2380,431490205002577P,SÃO GERALDO,0,TRUE,"0,009003","0,9003",268,144,144,0,"2,030303","4,545455",132,"29.767,86","297,68"
2381,431490205002578P,SÃO GERALDO,0,TRUE,"0,059986","5,9986",348,258,258,0,"1,757576","5,050505",198,"5.801,35","58,01"
2382,431490205002579P,PASSO DA AREIA,0,FALSE,"0,09221","9,221",1088,534,534,0,"2,271399","2,505219",479,"11.799,15","117,99"
2383,431490205002580P,PASSO DA AREIA,0,FALSE,"0,031195","3,1195",673,363,363,0,"2,07716","1,54321",324,"21.573,97","215,74"
2384,431490205002581P,BOA VISTA,0,FALSE,"0,043407","4,3407",376,191,191,0,"2,186047","1,744186",172,"8.662,20","86,62"
2385,431490205002582P,BOA VISTA,0,FALSE,"0,027262","2,7262",511,322,322,0,"1,838129","3,23741",278,"18.744,04","187,44"
2386,431490205002583P,JARDIM EUROPA,0,FALSE,"0,026607","2,6607",733,272,272,0,"2,920319","5,976096",251,"27.549,14","275,49"
2387,431490205002584P,JARDIM EUROPA,0,FALSE,"0,334013","33,4013",269,205,205,0,"1,829932","4,081633",147,"805,36","8,05"
2388,431490205002585P,JARDIM ITU,0,FALSE,"0,124482","12,4482",1081,463,463,0,"2,662562","0,492611",406,"8.683,99","86,84"
2389,431490205002586P,JARDIM ITU,0,FALSE,"0,011667","1,1667",538,314,314,0,"2,169355","3,629032",248,"46.112,97","461,13"
2390,431490205002587P,JARDIM SABARÁ,0,FALSE,"0,082097","8,2097",1353,640,640,0,"2,464481","7,468124",549,"16.480,50","164,81"
2391,431490205002588P,JARDIM SABARÁ,0,FALSE,"0,025699","2,5699",301,128,128,0,"2,594828","6,034483",116,"11.712,52","117,13"
2392,431490205002589P,SARANDI,0,TRUE,"0,015202","1,5202",577,321,321,0,"2,487069","3,017241",232,"37.955,53","379,56"
2393,431490205002590P,SARANDI,0,TRUE,"0,017756","1,7756",536,279,279,0,"2,403587",0,223,"30.186,98","301,87"
2394,431490205002591P,SARANDI,0,TRUE,"0,016791","1,6791",500,280,280,0,"2,192982","2,631579",228,"29.777,86","297,78"
2395,431490205002592P,SARANDI,0,TRUE,"0,081602","8,1602",776,369,369,0,"2,604027","2,013423",298,"9.509,57","95,10"
2396,431490205002593P,SANTA ROSA DE LIMA,0,FALSE,"0,176136","17,6136",974,390,390,0,"2,823188","0,289855",345,"5.529,82","55,30"
2397,431490205002594P,SANTA ROSA DE LIMA,0,FALSE,"0,099279","9,9279",1200,443,443,0,"3,015075","2,261307",398,"12.087,15","120,87"
2398,431490205002595P,PARQUE SANTA FÉ,0,FALSE,"0,136225","13,6225",624,360,360,0,"2,228571","0,714286",280,"4.580,66","45,81"
2399,431490205002596P,PARQUE SANTA FÉ,0,FALSE,"0,048306","4,8306",511,266,266,0,"2,38785","10,747664",214,"10.578,40","105,78"
2400,431490205002597P,PASSO DAS PEDRAS,0,FALSE,"0,050522","5,0522",494,317,317,0,"2,138528","7,359307",231,"9.777,92","97,78"
2401,431490205002598P,PASSO DAS PEDRAS,0,FALSE,"0,066124","6,6124",504,208,207,1,"2,616216","2,702703",185,"7.622,04","76,22"
2402,431490205002599P,PASSO DAS PEDRAS,0,FALSE,"0,15489","15,489",473,208,208,0,"2,642458","1,117318",179,"3.053,78","30,54"
2403,431490205002600P,PASSO DAS PEDRAS,0,FALSE,"0,034009","3,4009",664,297,297,0,"2,666667","4,016064",249,"19.524,24","195,24"
2404,431490205002601P,VILA NOVA,0,FALSE,"0,114117","11,4117",462,250,250,0,"2,210526",0,209,"4.048,48","40,48"
2405,431490205002602P,VILA NOVA,0,FALSE,"0,009402","0,9402",555,200,200,0,"2,788945","1,005025",199,"59.029,99","590,30"
2406,431490205002603P,VILA NOVA,0,FALSE,"0,130638","13,0638",654,330,329,1,"2,446565","3,435115",262,"5.006,20","50,06"
2407,431490205002604P,BELA VISTA,0,FALSE,"0,049428","4,9428",660,285,285,0,"2,672065","5,668016",247,"13.352,76","133,53"
2408,431490205002605P,BELA VISTA,0,FALSE,"0,061393","6,1393",442,206,206,0,"2,497175","2,824859",177,"7.199,52","72,00"
2409,431490205002606P,MÁRIO QUINTANA,0,FALSE,"0,047735","4,7735",440,203,203,0,"2,5","3,409091",176,"9.217,56","92,18"
2410,431490205002607P,MÁRIO QUINTANA,0,FALSE,"0,010587","1,0587",513,338,337,1,"1,988372","2,325581",258,"48.455,65","484,56"
2411,431490205002608P,MÁRIO QUINTANA,0,FALSE,"0,043329","4,3329",541,227,227,0,"2,803109","1,036269",193,"12.485,86","124,86"
2412,431490205002609P,MÁRIO QUINTANA,0,FALSE,"0,127518","12,7518",1013,369,368,1,"3,088415",0,328,"7.943,98","79,44"
2413,431490205002610P,RESTINGA,0,FALSE,"0,187926","18,7926",983,468,468,0,"2,707989","7,713499",363,"5.230,78","52,31"
2414,431490205002611P,RESTINGA,0,FALSE,"0,0209","2,09",678,401,401,0,"2,577947","1,901141",263,"32.440,19","324,40"
2415,431490205002612P,RESTINGA,0,FALSE,"0,029577","2,9577",318,190,190,0,"2,355556","4,444444",135,"10.751,60","107,52"
2416,431490205002613P,RESTINGA,0,FALSE,"0,10427","10,427",483,287,287,0,"2,37931","12,315271",203,"4.632,20","46,32"
2417,431490205002614P,HÍPICA,0,FALSE,"0,419816","41,9816",766,322,322,0,"2,587838","3,040541",296,"1.824,61","18,25"
2418,431490205002615P,HÍPICA,0,FALSE,"0,037035","3,7035",912,460,460,0,"2,368831","5,194805",385,"24.625,35","246,25"
2419,431490205002616P,HÍPICA,0,FALSE,"0,030078","3,0078",1001,517,517,0,"2,327907","2,55814",430,"33.280,14","332,80"
2420,431490205002617P,JARDIM EUROPA,0,FALSE,"0,026669","2,6669",899,357,357,0,"2,716012","6,646526",331,"33.709,55","337,10"
2421,431490205002618P,JARDIM EUROPA,0,FALSE,"0,057116","5,7116",943,363,362,1,"2,858896","6,748466",326,"16.510,26","165,10"
2422,431490205002619P,JARDIM EUROPA,0,FALSE,"0,262785","26,2785",824,363,361,2,"2,856115","8,992806",278,"3.135,64","31,36"
2423,431490205002620P,JARDIM LEOPOLDINA,0,FALSE,"0,134643","13,4643",704,368,368,0,"2,346667",1,300,"5.228,64","52,29"
2424,431490205002621P,JARDIM LEOPOLDINA,0,FALSE,"0,023369","2,3369",510,255,255,0,"2,487805","1,95122",205,"21.823,78","218,24"
2425,431490205002622P,PASSO DA AREIA,0,FALSE,"0,061145","6,1145",927,508,508,0,"2,191489","4,018913",423,"15.160,68","151,61"
2426,431490205002623P,PASSO DA AREIA,0,FALSE,"0,031473","3,1473",1350,540,540,0,"2,716298","0,603622",497,"42.893,91","428,94"
2427,431490205002624P,VILA JARDIM,0,FALSE,"0,030842","3,0842",551,399,399,0,"1,9","0,689655",290,"17.865,25","178,65"
2428,431490205002625P,VILA JARDIM,0,FALSE,"0,059092","5,9092",904,455,455,0,"2,335917","2,067183",387,"15.298,18","152,98"
2429,431490205002626P,SARANDI,0,FALSE,"0,029675","2,9675",561,274,274,0,"2,262097","1,612903",248,"18.904,80","189,05"
2430,431490205002627P,SARANDI,0,FALSE,"0,070595","7,0595",877,508,508,0,"2,144254","1,466993",409,"12.422,98","124,23"
2431,431490205002628P,RESTINGA,0,FALSE,"0,484653","48,4653",780,396,393,3,"2,51","4,666667",300,"1.609,40","16,09"
2432,431490205002629P,RESTINGA,0,FALSE,"0,020837","2,0837",120,400,400,0,"2,352941","1,960784",51,"5.758,99","57,59"
2433,431490205002630P,RESTINGA,0,FALSE,"0,015466","1,5466",468,253,253,0,"2,502674","2,673797",187,"30.259,92","302,60"
2434,431490205002631P,JARDIM BOTÂNICO,0,FALSE,"0,081306","8,1306",488,325,325,0,"2,059072","9,2827",237,"6.002,02","60,02"
2435,431490205002632P,JARDIM BOTÂNICO,0,FALSE,"0,374729","37,4729",481,272,272,0,"2,3125","7,211538",208,"1.283,59","12,84"
2436,431490205002633P,PARTENON,0,FALSE,"0,015906","1,5906",636,320,320,0,"2,639004",0,241,"39.984,91","399,85"
2437,431490205002634P,PARTENON,0,FALSE,"0,012126","1,2126",528,221,221,0,"2,680203","1,015228",197,"43.542,80","435,43"
2438,431490205002635P,PARTENON,0,FALSE,"0,034472","3,4472",822,329,329,0,"2,626198","2,236422",313,"23.845,44","238,45"
2439,431490205002636P,PARTENON,0,FALSE,"0,240395","24,0395",1603,620,620,0,"3,118677","3,501946",514,"6.668,19","66,68"
2440,431490205002637P,PARTENON,0,FALSE,"0,134317","13,4317",614,206,206,0,"3,248677","1,058201",189,"4.571,28","45,71"
2441,431490205002638P,TERESÓPOLIS,0,FALSE,"0,083303","8,3303",662,370,369,1,"2,094937","4,746835",316,"7.946,89","79,47"
2442,431490205002639P,TERESÓPOLIS,0,FALSE,"0,01259","1,259",447,227,227,0,"2,416216","4,864865",185,"35.504,37","355,04"
2443,431490205002640P,BELÉM VELHO,0,FALSE,"0,123042","12,3042",287,141,141,0,"2,5625","0,892857",112,"2.332,54","23,33"
2444,431490205002641P,BELÉM VELHO,0,FALSE,"0,292246","29,2246",444,199,199,0,"2,674699","3,012048",166,"1.519,27","15,19"
2445,431490205002642P,LOMBA DO PINHEIRO,0,FALSE,"4,267608","426,7608",1817,773,773,0,"2,724138","5,247376",667,"425,77","4,26"
2446,431490205002643P,LOMBA DO PINHEIRO,0,FALSE,"0,079076","7,9076",470,186,186,0,"2,764706","2,352941",170,"5.943,65","59,44"
2447,431490205002644P,LOMBA DO PINHEIRO,0,FALSE,"0,090423","9,0423",395,262,262,0,"2,633333","4,666667",150,"4.368,36","43,68"
2448,431490205002645P,LOMBA DO PINHEIRO,0,FALSE,"2,225978","222,5978",181,90,90,0,"2,479452","4,109589",73,"81,31","0,81"
2449,431490205002646P,PITINGA,0,FALSE,"0,563458","56,3458",750,339,339,0,"2,757353","4,411765",272,"1.331,07","13,31"
2450,431490205002647P,PITINGA,0,FALSE,"0,523594","52,3594",368,154,154,0,"2,830769","1,538462",130,"702,83","7,03"
2451,431490205002648P,PITINGA,0,FALSE,"0,023102","2,3102",811,351,351,0,"2,650327","12,091503",306,"35.105,19","351,05"
2452,431490205002649P,PITINGA,0,FALSE,"0,019098","1,9098",818,415,415,0,"2,412979","0,589971",339,"42.831,71","428,32"
2453,431490205002650P,PITINGA,0,FALSE,"0,02053","2,053",503,192,192,0,"2,810056","3,910615",179,"24.500,73","245,01"
2454,431490205002651P,RESTINGA,0,FALSE,"0,095477","9,5477",323,155,154,1,"2,392593","11,111111",135,"3.383,01","33,83"
2455,431490205002652P,RESTINGA,0,FALSE,"0,009118","0,9118",185,99,99,0,"2,283951","2,469136",81,"20.289,54","202,90"
2456,431490205002653P,RESTINGA,0,FALSE,"0,030382","3,0382",423,248,248,0,"2,64375","4,375",160,"13.922,72","139,23"
2457,431490205002654P,RESTINGA,0,FALSE,"0,022649","2,2649",579,220,220,0,"2,954082","2,040816",196,"25.564,04","255,64"
2458,431490205002655P,RESTINGA,0,FALSE,"0,028196","2,8196",757,281,281,0,"2,900383","0,766284",261,"26.847,78","268,48"
2459,431490205002656P,RESTINGA,0,FALSE,"0,010776","1,0776",666,260,260,0,"2,763485","7,053942",241,"61.804,01","618,04"
2460,431490205002657P,RESTINGA,0,FALSE,"0,009397","0,9397",431,180,180,0,"2,727848","5,696203",158,"45.865,70","458,66"
2461,431490205002658P,RESTINGA,0,FALSE,"0,012996","1,2996",769,320,320,0,"2,806569","3,284672",274,"59.172,05","591,72"
2462,431490205002659P,RESTINGA,0,FALSE,"0,218271","21,8271",602,238,238,0,"3,01",7,200,"2.758,04","27,58"
2463,431490205002660P,CRISTO REDENTOR,0,FALSE,"0,144983","14,4983",436,221,221,0,"2,158416","9,90099",202,"3.007,25","30,07"
2464,431490205002661P,CRISTO REDENTOR,0,FALSE,"0,010474","1,0474",733,379,379,0,"2,030471","1,108033",361,"69.982,81","699,83"
2465,431490205002662P,COSTA E SILVA,0,FALSE,"0,048512","4,8512",771,292,292,0,"2,965385","4,615385",260,"15.892,97","158,93"
2466,431490205002663P,COSTA E SILVA,0,FALSE,"0,045066","4,5066",873,363,362,1,"2,852941","0,326797",306,"19.371,59","193,72"
2467,431490205002664P,COSTA E SILVA,0,FALSE,"0,067955","6,7955",746,305,305,0,"2,880309","3,861004",259,"10.977,85","109,78"
2468,431490205002665P,RUBEM BERTA,0,FALSE,"0,03785","3,785",528,185,185,0,"3,12426","1,183432",169,"13.949,80","139,50"
2469,431490205002666P,MÁRIO QUINTANA,0,FALSE,"0,063572","6,3572",766,275,275,0,"3,152263","2,057613",243,"12.049,33","120,49"
2470,431490205002667P,MÁRIO QUINTANA,0,FALSE,"0,041876","4,1876",411,163,163,0,"2,634615","5,128205",156,"9.814,69","98,15"
2471,431490205002668P,MÁRIO QUINTANA,0,FALSE,"0,034726","3,4726",530,211,211,0,"2,717949","1,538462",195,"15.262,34","152,62"
2472,431490205002669P,MÁRIO QUINTANA,0,FALSE,"0,114009","11,4009",387,177,177,0,"2,764286","2,857143",140,"3.394,47","33,94"
2473,431490205002670P,MÁRIO QUINTANA,0,FALSE,"0,013984","1,3984",385,201,201,0,"2,421384","1,257862",159,"27.531,46","275,31"
2474,431490205002671P,MÁRIO QUINTANA,0,FALSE,"0,021637","2,1637",539,279,279,0,"2,353712","4,803493",229,"24.911,03","249,11"
2475,431490205002672P,MÁRIO QUINTANA,0,FALSE,"0,037135","3,7135",570,211,211,0,"3,081081","4,864865",185,"15.349,40","153,49"
2476,431490205002673P,MÁRIO QUINTANA,0,FALSE,"0,107796","10,7796",820,309,308,1,"2,941606","1,824818",274,"7.606,96","76,07"
2477,431490205002674P,MÁRIO QUINTANA,0,FALSE,"0,021717","2,1717",595,347,347,0,"2,262357","3,422053",263,"27.397,89","273,98"
2478,431490205002675P,RESTINGA,0,FALSE,"0,410768","41,0768",1086,445,445,0,3,"4,972376",362,"2.643,83","26,44"
2479,431490205002676P,RESTINGA,0,FALSE,"0,539076","53,9076",193,84,83,1,"2,71831","2,816901",71,"358,02","3,58"
2480,431490205002677P,RESTINGA,0,FALSE,"0,149367","14,9367",1028,429,429,0,"2,770889","2,695418",371,"6.882,38","68,82"
2481,431490205002678P,RESTINGA,0,FALSE,"0,057755","5,7755",681,266,266,0,"2,73494","4,417671",249,"11.791,19","117,91"
2482,431490205002679P,RESTINGA,0,FALSE,"0,074954","7,4954",989,417,416,1,"2,724518","3,856749",363,"13.194,76","131,95"
2483,431490205002680P,RESTINGA,0,FALSE,"0,119159","11,9159",734,264,263,1,"2,87931","3,017241",232,"6.159,84","61,60"
2484,431490205002681P,PITINGA,0,FALSE,"0,187481","18,7481",520,218,218,0,"2,694301","1,036269",193,"2.773,61","27,74"
2485,431490205002682P,LOMBA DO PINHEIRO,0,FALSE,"0,027472","2,7472",581,379,379,0,"2,461864","1,271186",236,"21.148,81","211,49"
2486,431490205002683P,LOMBA DO PINHEIRO,0,FALSE,"1,475857","147,5857",437,216,216,0,"2,616766","4,790419",167,"296,10","2,96"
2487,431490205002684P,MÁRIO QUINTANA,0,FALSE,"0,168973","16,8973",458,175,175,0,"2,898734","3,164557",158,"2.710,49","27,10"
2488,431490205002685P,MÁRIO QUINTANA,0,FALSE,"0,141432","14,1432",1455,680,680,0,"2,755682","4,734848",528,"10.287,63","102,88"
2489,431490205002686P,MÁRIO QUINTANA,0,FALSE,"0,025959","2,5959",858,359,359,0,"2,706625","1,892744",317,"33.052,12","330,52"
2490,431490205002687P,MÁRIO QUINTANA,0,FALSE,"0,113576","11,3576",329,118,118,0,"3,163462","1,923077",104,"2.896,74","28,97"
2491,431490205002688P,MÁRIO QUINTANA,0,FALSE,"0,560435","56,0435",708,272,272,0,"2,937759","2,489627",241,"1.263,30","12,63"
2492,431490205002689P,MÁRIO QUINTANA,0,FALSE,"0,133051","13,3051",1161,443,443,0,"2,859606","2,216749",406,"8.725,98","87,26"
2493,431490205002690P,ARQUIPÉLAGO,"0,0012921537",TRUE,"10,51599","1051,599",209,88,88,0,"2,943662",0,71,"19,87","0,20"
2494,431490205002691P,CENTRO HISTÓRICO,0,TRUE,"0,208422","20,8422",125,90,79,11,"1,866667",25,60,"599,74","6,00"
2495,431490205002692P,SARANDI,0,TRUE,"8,686561","868,6561",42,20,20,0,"2,470588",0,17,"4,84","0,05"
2496,431490205002693P,PRAIA DE BELAS,0,TRUE,"1,100669","110,0669",355,427,427,0,"1,643519","5,555556",216,"322,53","3,23"
2497,431490205002694P,PRAIA DE BELAS,0,TRUE,"1,21391","121,391",6,2,2,0,3,50,2,"4,94","0,05"
2498,431490205002695P,VILA SÃO JOSÉ,0,FALSE,"0,138975","13,8975",867,333,333,0,"3,031469","11,538462",286,"6.238,53","62,39"
2499,431490205002696P,AGRONOMIA,0,FALSE,"0,121887","12,1887",250,118,118,0,"2,57732",0,97,"2.051,08","20,51"
2500,431490205002697P,PARTENON,0,FALSE,"0,120664","12,0664",645,281,281,0,"3,028169",0,213,"5.345,42","53,45"
2501,431490205002698P,VILA JOÃO PESSOA,0,FALSE,"0,052236","5,2236",529,226,223,3,"2,567961","0,485437",206,"10.127,12","101,27"
2502,431490205002699P,CEL. APARICIO BORGES,0,FALSE,"0,024396","2,4396",285,125,125,0,"2,415254","4,237288",118,"11.682,24","116,82"
2503,431490205002700P,LAMI,0,FALSE,"1,128875","112,8875",244,114,114,0,"2,711111","2,222222",90,"216,14","2,16"
2504,431490205002701P,EXTREMA,0,FALSE,"2,503755","250,3755",206,113,113,0,"2,512195",0,82,"82,28","0,82"
2505,431490205002702P,RESTINGA,0,FALSE,"0,199781","19,9781",298,134,134,0,"2,733945","6,422018",109,"1.491,63","14,92"
2506,431490205002703P,LAGEADO,0,FALSE,"3,242271","324,2271",463,224,224,0,"2,502703","3,243243",185,"142,80","1,43"
2507,431490205002704P,RUBEM BERTA,0,FALSE,"0,022399","2,2399",34,29,29,0,"2,428571",0,14,"1.517,92","15,18"
2508,431490205002705P,MÁRIO QUINTANA,0,FALSE,"0,015029","1,5029",269,100,100,0,"2,861702","2,12766",94,"17.898,73","178,99"
2509,431490205002706P,RUBEM BERTA,0,FALSE,"0,206457","20,6457",666,239,239,0,"3,027273","1,363636",220,"3.225,85","32,26"
2510,431490205002707P,MÁRIO QUINTANA,0,FALSE,"0,082966","8,2966",812,283,283,0,"3,064151","3,396226",265,"9.787,14","97,87"
2511,431490205002708P,PASSO DAS PEDRAS,0,FALSE,"0,18116","18,116",189,74,73,1,"2,557377","1,639344",61,"1.043,28","10,43"
2512,431490205002709P,MORRO SANTANA,0,FALSE,"0,066444","6,6444",284,145,145,0,"2,42735","3,418803",117,"4.274,28","42,74"
2513,431490205002710P,TERESÓPOLIS,0,FALSE,"0,056112","5,6112",274,130,128,2,"2,257143","5,714286",105,"4.883,09","48,83"
2514,431490205002711P,NONOAI,0,FALSE,"0,025335","2,5335",404,214,214,0,"2,195652","7,608696",184,"15.946,32","159,46"
2515,431490205002712P,BELÉM VELHO,0,FALSE,"0,582137","58,2137",1126,574,574,0,"2,553288","0,453515",441,"1.934,25","19,34"
2516,431490205002713P,LOMBA DO PINHEIRO,0,FALSE,"1,630408","163,0408",59,28,27,1,"2,47619",0,21,"36,19","0,36"
2517,431490205002714P,TERESÓPOLIS,0,FALSE,"0,012501","1,2501",288,161,161,0,"2,133333","2,222222",135,"23.038,16","230,38"
2518,431490205002715P,NONOAI,0,FALSE,"0,074977","7,4977",280,153,153,0,"2,276423",0,123,"3.734,48","37,34"
2519,431490205002716P,SÉTIMO CÉU,0,FALSE,"0,196062","19,6062",685,284,284,0,"2,795918","6,122449",245,"3.493,79","34,94"
2520,431490205002717P,PEDRA REDONDA,0,FALSE,"0,088432","8,8432",44,27,27,0,"2,933333","6,666667",15,"497,56","4,98"
2521,431490205002718P,TERESÓPOLIS,0,FALSE,"0,064001","6,4001",327,193,193,0,"2,404412","2,941176",136,"5.109,30","51,09"
2522,431490205002719P,GLÓRIA,0,FALSE,"0,036303","3,6303",298,191,189,2,"2,18797","4,511278",133,"8.208,69","82,09"
2523,431490205002720P,TERESÓPOLIS,0,FALSE,"0,056743","5,6743",375,152,152,0,"2,862595","1,526718",131,"6.608,74","66,09"
2524,431490205002721P,GLÓRIA,0,FALSE,"0,070978","7,0978",241,119,119,0,"2,536842","7,368421",95,"3.395,42","33,95"
2525,431490205002722P,SARANDI,0,FALSE,"0,171954","17,1954",430,180,180,0,"2,792208",0,154,"2.500,67","25,01"
2526,431490205002723P,SARANDI,0,FALSE,"0,031923","3,1923",300,96,96,0,"3,448276","4,597701",87,"9.397,61","93,98"
2527,431490205002724P,BELÉM NOVO,0,FALSE,"1,35924","135,924",1354,529,529,0,"2,832636","49,16318",478,"996,14","9,96"
2528,431490205002725P,BELÉM NOVO,0,FALSE,"0,976383","97,6383",913,379,379,0,"2,907643","25,796178",314,"935,08","9,35"
2529,431490205002726P,LOMBA DO PINHEIRO,0,FALSE,"0,645032","64,5032",82,48,48,0,"2,733333","3,333333",30,"127,13","1,27"
2530,431490205002727P,SÃO CAETANO,0,FALSE,"1,616872","161,6872",206,112,112,0,"2,575",5,80,"127,41","1,27"
2531,431490205002728P,MORRO SANTANA,0,FALSE,"2,355904","235,5904",901,347,347,0,"2,925325","0,649351",308,"382,44","3,82"
2532,431490205002729P,MORRO SANTANA,0,FALSE,"0,006821","0,6821",290,203,203,0,"2,071429","2,142857",140,"42.515,76","425,16"
2533,431490205002730P,MORRO SANTANA,0,FALSE,"0,011916","1,1916",520,320,320,0,"2,26087","1,304348",230,"43.638,80","436,39"
2534,431490205002731P,MORRO SANTANA,0,FALSE,"0,039351","3,9351",421,274,274,0,"2,288043","0,543478",184,"10.698,58","106,99"
2535,431490205002732P,BELÉM VELHO,0,FALSE,"0,106093","10,6093",842,359,359,0,"2,825503",0,298,"7.936,43","79,36"
2536,431490205002733P,BELÉM VELHO,0,FALSE,"0,163123","16,3123",770,377,377,0,"2,789855","1,086957",276,"4.720,36","47,20"
2537,431490205002734P,IPANEMA,0,FALSE,"0,146495","14,6495",593,285,283,2,"2,382979","4,255319",235,"4.047,92","40,48"
2538,431490205002735P,IPANEMA,0,FALSE,"0,017853","1,7853",654,360,360,0,"2,209459","7,094595",296,"36.632,50","366,32"
2539,431490205002736P,SÃO SEBASTIÃO,0,FALSE,"0,032494","3,2494",478,314,314,0,"1,824427","3,053435",262,"14.710,41","147,10"
2540,431490205002737P,SÃO SEBASTIÃO,0,FALSE,"0,066131","6,6131",671,476,476,0,"2,266892","2,702703",296,"10.146,53","101,47"
2541,431490205002738P,SÃO SEBASTIÃO,0,FALSE,"0,107135","10,7135",259,142,142,0,"2,105691",0,123,"2.417,51","24,18"
2542,431490205002739P,SARANDI,0,TRUE,"6,628512","662,8512",15,6,6,0,"2,5","16,666667",6,"2,26","0,02"
2543,431490205002740P,SARANDI,0,TRUE,"0,129803","12,9803",448,173,173,0,"2,986667","3,333333",150,"3.451,38","34,51"
2544,431490205002741P,VILA NOVA,0,FALSE,"0,033242","3,3242",656,382,381,1,"2,056426","5,015674",319,"19.734,07","197,34"
2545,431490205002742P,VILA NOVA,0,FALSE,"0,279835","27,9835",830,449,448,1,"2,105263","7,894737",380,"2.966,03","29,66"
2546,431490205002743P,MORRO SANTANA,0,FALSE,"0,221234","22,1234",1124,400,400,0,"3,113573","4,98615",361,"5.080,59","50,81"
2547,431490205002744P,MORRO SANTANA,0,FALSE,"0,01461","1,461",765,413,413,0,"2,107438","3,856749",363,"52.361,40","523,61"
2548,431490205002745P,MORRO SANTANA,0,FALSE,"0,022135","2,2135",738,387,387,0,"2,170588","0,294118",340,"33.340,86","333,41"
2549,431490205002746P,MORRO SANTANA,0,FALSE,"0,014184","1,4184",292,256,256,0,"2,195489","8,270677",133,"20.586,58","205,87"
2550,431490205002747P,EXTREMA,0,FALSE,"10,551445","1055,1445",176,116,116,0,"2,410959","1,369863",73,"16,68","0,17"
2551,431490205002748P,SÃO CAETANO,0,FALSE,"0,129373","12,9373",45,22,22,0,"2,045455",0,22,"347,83","3,48"
2552,431490205002749P,COSTA E SILVA,0,FALSE,"0,099017","9,9017",1008,528,528,0,"2,196078","3,703704",459,"10.180,07","101,80"
2553,431490205002750P,COSTA E SILVA,0,FALSE,"0,162664","16,2664",701,284,282,2,"2,744939","2,024291",247,"4.309,50","43,09"
2554,431490205002751P,RUBEM BERTA,0,FALSE,"0,04318","4,318",315,134,134,0,"2,581967","2,459016",122,"7.295,04","72,95"
2555,431490205002752P,RUBEM BERTA,0,FALSE,"0,11814","11,814",859,338,338,0,"2,788961","7,142857",308,"7.271,03","72,71"
2556,431490205002753P,LOMBA DO PINHEIRO,0,FALSE,"0,014902","1,4902",552,248,248,0,"2,38961","6,060606",231,"37.042,01","370,42"
2557,431490205002754P,LOMBA DO PINHEIRO,0,FALSE,"0,263332","26,3332",570,205,205,0,"3,015873","1,587302",189,"2.164,57","21,65"
2558,431490205002755P,SÃO JOÃO,0,FALSE,"0,019289","1,9289",502,276,275,1,"2,283019","1,415094",212,"26.025,20","260,25"
2559,431490205002756P,SÃO JOÃO,0,FALSE,"0,019612","1,9612",261,170,170,0,"1,838028","3,521127",142,"13.308,18","133,08"
2560,431490205002757P,CASCATA,0,FALSE,"0,748364","74,8364",763,301,301,0,"3,027778","17,460317",252,"1.019,56","10,20"
2561,431490205002758P,CEL. APARICIO BORGES,0,FALSE,"0,067412","6,7412",694,239,239,0,"3,16895","4,56621",219,"10.294,90","102,95"
2562,431490205002759P,PASSO DA AREIA,0,FALSE,"0,012569","1,2569",314,177,177,0,"2,22695","2,12766",141,"24.982,10","249,82"
2563,431490205002760P,PASSO DA AREIA,0,FALSE,"0,039692","3,9692",821,524,524,0,"2,206989","2,150538",372,"20.684,27","206,84"
2564,431490205002761P,PASSO DA AREIA,0,FALSE,"0,019327","1,9327",248,174,174,0,"1,771429",0,140,"12.831,79","128,32"
2565,431490205002762P,PASSO DA AREIA,0,FALSE,"0,051198","5,1198",664,372,372,0,"2,08805","11,006289",318,"12.969,26","129,69"
2566,431490205002763P,SARANDI,0,FALSE,"0,051103","5,1103",560,282,282,0,"2,295082","9,42623",244,"10.958,26","109,58"
2567,431490205002764P,SARANDI,0,FALSE,"0,077106","7,7106",282,136,135,1,"2,635514","4,672897",107,"3.657,30","36,57"
2568,431490205002765P,SANTA ROSA DE LIMA,0,FALSE,"0,018423","1,8423",635,373,373,0,"2,414449","18,250951",263,"34.467,78","344,68"
2569,431490205002766P,SANTA ROSA DE LIMA,0,FALSE,"0,095914","9,5914",349,176,176,0,"2,604478","5,223881",134,"3.638,68","36,39"
2570,431490205002767P,RESTINGA,0,FALSE,"1,200834","120,0834",517,220,220,0,"2,856354","9,944751",181,"430,53","4,31"
2571,431490205002768P,RESTINGA,0,FALSE,"1,0668","106,68",1877,771,771,0,"3,022544","4,669887",621,"1.759,47","17,59"
2572,431490205002769P,BELÉM VELHO,0,FALSE,"1,340156","134,0156",404,217,217,0,"2,525","3,125",160,"301,46","3,01"
2573,431490205002770P,BELÉM VELHO,0,FALSE,"0,05085","5,085",0,565,565,0,0,0,0,"0,00","0,00"
2574,431490205002771P,HIGIENÓPOLIS,0,FALSE,"0,025602","2,5602",606,324,323,1,"2,152672","2,290076",262,"23.670,03","236,70"
2575,431490205002772P,HIGIENÓPOLIS,0,FALSE,"0,025891","2,5891",451,281,281,0,"1,911017","0,847458",236,"17.419,18","174,19"
2576,431490205002773P,VILA SÃO JOSÉ,0,FALSE,"0,565049","56,5049",411,156,156,0,"2,935714",0,140,"727,37","7,27"
2577,431490205002774P,VILA SÃO JOSÉ,0,FALSE,"0,099547","9,9547",1116,408,408,0,"2,983957","2,941176",374,"11.210,78","112,11"
2578,431490205002775P,PITINGA,0,FALSE,"1,566067","156,6067",748,288,287,1,"2,869231","3,461538",260,"477,63","4,78"
2579,431490205002776P,PITINGA,0,FALSE,"1,352473","135,2473",666,291,291,0,"2,96","4,888889",225,"492,43","4,92"
2580,431490205002777P,CAMAQUÃ,0,FALSE,"0,018572","1,8572",752,396,396,0,"2,17971","1,449275",345,"40.491,06","404,91"
2581,431490205002778P,CAMAQUÃ,0,FALSE,"0,016718","1,6718",137,54,54,0,"2,584906","5,660377",53,"8.194,76","81,95"
2582,431490205002779P,SÉTIMO CÉU,0,FALSE,"0,027347","2,7347",154,45,45,0,"3,756098",0,41,"5.631,33","56,31"
2583,431490205002780P,SÉTIMO CÉU,0,FALSE,"1,232861","123,2861",23,8,8,0,"2,875",0,8,"18,66","0,19"
2584,431490205002781P,NONOAI,0,FALSE,"0,025228","2,5228",413,260,260,0,"2,085859","3,030303",198,"16.370,70","163,71"
2585,431490205002782P,NONOAI,0,FALSE,"0,010864","1,0864",701,416,416,0,"2,037791","3,197674",344,"64.525,04","645,25"
2586,431490205002783P,MÁRIO QUINTANA,0,FALSE,"0,187648","18,7648",645,244,244,0,"3,014019","4,205607",214,"3.437,29","34,37"
2587,431490205002784P,MÁRIO QUINTANA,0,FALSE,"0,339466","33,9466",919,352,352,0,"2,993485","3,908795",307,"2.707,19","27,07"
2588,431490205002785P,FARRAPOS,0,TRUE,"0,014981","1,4981",437,523,523,0,"2,090909","3,827751",209,"29.170,28","291,70"
2589,431490205002786P,FARRAPOS,0,TRUE,"0,009376","0,9376",96,395,395,0,"2,232558","62,790698",43,"10.238,91","102,39"
2590,431490205002787P,FARRAPOS,0,TRUE,"0,332223","33,2223",0,0,0,0,0,0,0,"0,00","0,00"
2591,431490205002788P,PETRÓPOLIS,0,FALSE,"0,028432","2,8432",295,143,143,0,"2,286822","2,325581",129,"10.375,63","103,76"
2592,431490205002789P,PETRÓPOLIS,0,FALSE,"0,033186","3,3186",518,318,318,0,"1,897436","2,197802",273,"15.608,99","156,09"
2593,431490205002790P,PETRÓPOLIS,0,FALSE,"0,033255","3,3255",560,288,288,0,"2,178988",0,257,"16.839,57","168,40"
2594,431490205002791P,PETRÓPOLIS,0,FALSE,"0,023993","2,3993",400,221,220,1,"2,079096",0,177,"16.671,53","166,72"
2595,431490205002792P,PARTENON,0,FALSE,"0,131497","13,1497",1046,450,449,1,"2,582716","1,728395",405,"7.954,55","79,55"
2596,431490205002793P,PARTENON,0,FALSE,"0,268425","26,8425",0,0,0,0,0,0,0,"0,00","0,00"
2597,431490205002794P,VILA NOVA,0,FALSE,"0,012835","1,2835",496,205,205,0,"2,419512","0,97561",205,"38.644,33","386,44"
2598,431490205002795P,VILA NOVA,0,FALSE,"0,015042","1,5042",574,220,220,0,"2,609091","1,818182",220,"38.159,82","381,60"
2599,431490205002796P,PETRÓPOLIS,0,FALSE,"0,069553","6,9553",726,617,617,0,"1,989041","12,328767",365,"10.438,08","104,38"
2600,431490205002797P,PETRÓPOLIS,0,FALSE,"0,059466","5,9466",107,49,49,0,"2,229167","4,166667",48,"1.799,35","17,99"
2601,431490205002798P,CENTRO HISTÓRICO,0,FALSE,"0,023128","2,3128",382,249,248,1,"1,77451","1,470588",204,"16.516,78","165,17"
2602,431490205002799P,CENTRO HISTÓRICO,0,FALSE,"0,010339","1,0339",245,229,229,0,"1,611842","3,947368",152,"23.696,68","236,97"
2603,431490205002800P,JARDIM CARVALHO,0,FALSE,"0,086369","8,6369",607,429,429,0,"1,977199","11,074919",307,"7.027,98","70,28"
2604,431490205002801P,JARDIM CARVALHO,0,FALSE,"0,054302","5,4302",236,99,99,0,"2,484211","1,052632",95,"4.346,06","43,46"
2605,431490205002802P,JARDIM CARVALHO,0,FALSE,"0,085389","8,5389",569,305,305,0,"2,452586","4,741379",232,"6.663,62","66,64"
2606,431490205002803P,JARDIM CARVALHO,0,FALSE,"0,04336","4,336",358,147,147,0,"2,887097","3,225806",124,"8.256,46","82,56"
2607,431490205002804P,HÍPICA,0,FALSE,"0,363638","36,3638",254,122,122,0,"2,645833","5,208333",96,"698,50","6,98"
2608,431490205002805P,HÍPICA,0,FALSE,"0,078784","7,8784",516,221,221,0,"2,835165","2,197802",182,"6.549,55","65,50"
2609,431490205002806P,HÍPICA,0,FALSE,"0,672761","67,2761",864,396,396,0,"2,778135","4,501608",311,"1.284,26","12,84"
2610,431490205002807P,JARDIM CARVALHO,0,FALSE,"0,031172","3,1172",549,288,288,0,"2,268595","1,239669",242,"17.611,96","176,12"
2611,431490205002808P,JARDIM CARVALHO,0,FALSE,"0,097303","9,7303",394,200,200,0,"2,188889","2,222222",180,"4.049,21","40,49"
2612,431490205002809P,JARDIM LINDÓIA,0,FALSE,"0,021879","2,1879",702,353,353,0,"2,347826","1,672241",299,"32.085,56","320,86"
2613,431490205002810P,JARDIM LINDÓIA,0,FALSE,"0,057923","5,7923",533,310,310,0,"2,202479","5,371901",242,"9.201,87","92,02"
2614,431490205002811P,PASSO DAS PEDRAS,0,FALSE,"0,025731","2,5731",341,153,153,0,"2,865546","4,201681",119,"13.252,50","132,52"
2615,431490205002812P,PASSO DAS PEDRAS,0,FALSE,"0,041648","4,1648",491,286,286,0,"2,349282","4,30622",209,"11.789,28","117,89"
2616,431490205002813P,TERESÓPOLIS,0,FALSE,"0,023732","2,3732",146,80,80,0,"2,28125",0,64,"6.152,03","61,52"
2617,431490205002814P,TERESÓPOLIS,0,FALSE,"0,056133","5,6133",621,330,330,0,"2,317164","3,358209",268,"11.063,01","110,63"
2618,431490205002815P,PARQUE SANTA FÉ,0,FALSE,"0,194151","19,4151",281,130,130,0,"2,67619","2,857143",105,"1.447,33","14,47"
2619,431490205002816P,PARQUE SANTA FÉ,0,FALSE,"0,204722","20,4722",1325,888,888,0,"2,533461",0,523,"6.472,19","64,72"
2620,431490205002817P,ARQUIPÉLAGO,0,TRUE,"0,113064","11,3064",500,244,244,0,"2,427184","0,485437",206,"4.422,27","44,22"
2621,431490205002818P,ARQUIPÉLAGO,0,TRUE,"0,180668","18,0668",709,287,287,0,"2,769531","0,390625",256,"3.924,33","39,24"
2622,431490205002819P,CEL. APARICIO BORGES,0,FALSE,"0,075168","7,5168",530,204,204,0,"2,849462",0,186,"7.050,87","70,51"
2623,431490205002820P,CEL. APARICIO BORGES,0,FALSE,"0,053284","5,3284",639,246,246,0,"2,75431","1,724138",232,"11.992,34","119,92"
2624,431490205002821P,CRISTAL,0,TRUE,"0,023207","2,3207",330,137,137,0,"2,727273","0,826446",121,"14.219,85","142,20"
2625,431490205002822P,CRISTAL,0,TRUE,"0,052969","5,2969",354,183,183,0,"2,36",2,150,"6.683,15","66,83"
2626,431490205002823P,SARANDI,0,TRUE,"0,094015","9,4015",817,354,354,0,"2,741611",0,298,"8.690,10","86,90"
2627,431490205002824P,SARANDI,0,TRUE,"0,077623","7,7623",181,112,112,0,"2,320513","1,282051",78,"2.331,78","23,32"
2628,431490205002825P,MÁRIO QUINTANA,0,FALSE,"0,274771","27,4771",222,84,84,0,"2,96","2,666667",75,"807,95","8,08"
2629,431490205002826P,MÁRIO QUINTANA,0,FALSE,"0,047707","4,7707",395,201,201,0,"2,453416","3,726708",161,"8.279,71","82,80"
2630,431490205002827P,SANTA TEREZA,0,FALSE,"0,017829","1,7829",209,83,83,0,"2,64557","3,797468",79,"11.722,47","117,22"
2631,431490205002828P,SANTA TEREZA,0,FALSE,"0,021929","2,1929",554,216,216,0,"3,01087","4,891304",184,"25.263,35","252,63"
2632,431490205002829P,SARANDI,0,FALSE,"0,069311","6,9311",187,119,119,0,"2,101124","2,247191",89,"2.697,98","26,98"
2633,431490205002830P,SARANDI,0,FALSE,"0,0488","4,88",800,417,417,0,"2,222222",0,360,"16.393,44","163,93"
2634,431490205002831P,AZENHA,0,FALSE,"0,004891","0,4891",331,175,175,0,"2,094937","3,164557",158,"67.675,32","676,75"
2635,431490205002832P,AZENHA,0,FALSE,"0,051979","5,1979",317,232,232,0,"1,87574",0,169,"6.098,62","60,99"
2636,431490205002833P,BOA VISTA DO SUL,0,TRUE,"8,861566","886,1566",373,271,271,0,"2,422078","6,493506",154,"42,09","0,42"
2637,431490205002834P,BOA VISTA DO SUL,0,FALSE,"0,008597","0,8597",19,4,4,0,"4,75",0,4,"2.210,07","22,10"
2638,431490205002835P,VILA SÃO JOSÉ,0,FALSE,"0,041369","4,1369",419,271,271,0,"2,216931","3,703704",189,"10.128,36","101,28"
2639,431490205002836P,VILA SÃO JOSÉ,0,FALSE,"0,005997","0,5997",175,129,129,0,"2,034884","10,465116",86,"29.181,26","291,81"
2640,431490205002837P,VILA SÃO JOSÉ,0,FALSE,"0,007158","0,7158",235,158,158,0,"2,216981","8,490566",106,"32.830,40","328,30"
2641,431490205002838P,AUXILIADORA,0,FALSE,"0,031712","3,1712",438,267,267,0,"2,460674","3,932584",178,"13.811,81","138,12"
2642,431490205002839P,AUXILIADORA,0,FALSE,"0,043548","4,3548",583,329,329,0,"2,067376","3,546099",282,"13.387,53","133,88"
2643,431490205002840P,VILA NOVA,0,FALSE,"0,231745","23,1745",829,393,393,0,"2,558642","1,54321",324,"3.577,21","35,77"
2644,431490205002841P,VILA NOVA,0,FALSE,"0,16213","16,213",454,207,207,0,"2,639535","3,488372",172,"2.800,22","28,00"
2645,431490205002842P,HÍPICA,0,FALSE,"0,113793","11,3793",754,367,366,1,"2,29878","11,585366",328,"6.626,07","66,26"
2646,431490205002843P,HÍPICA,0,FALSE,"0,304627","30,4627",408,217,217,0,"2,136126","1,570681",191,"1.339,34","13,39"
2647,431490205002844P,LAMI,0,FALSE,"0,430832","43,0832",788,346,346,0,"2,814286","0,357143",280,"1.829,02","18,29"
2648,431490205002845P,LAMI,0,FALSE,"0,575961","57,5961",626,264,264,0,"2,757709","0,440529",227,"1.086,88","10,87"