Simulation_Step,Cycle_Step,Cycle,Node,age,occupation
0,0,0,Aberta dos Morros//home,0.24496433067561896,0.22100993145894532
0,0,0,Aberta dos Morros//work,nan,nan
0,0,0,Aberta dos Morros//school,nan,nan
0,0,0,Aberta dos Morros//marketplace,nan,nan
0,0,0,Aberta dos Morros//pharmacy,nan,nan
0,0,0,Aberta dos Morros//gas_station,nan,nan
0,0,0,Agronomia//home,0.2294079794079794,0.22165022165022166
0,0,0,Agronomia//work,nan,nan
0,0,0,Agronomia//school,nan,nan
0,0,0,Agronomia//marketplace,nan,nan
0,0,0,Agronomia//pharmacy,nan,nan
0,0,0,Agronomia//gas_station,nan,nan
0,0,0,Anchieta//home,0.28829051383399207,0.22134387351778656
0,0,0,Anchieta//work,0.404,0.6666666666666666
0,0,0,Anchieta//school,nan,nan
0,0,0,Anchieta//marketplace,nan,nan
0,0,0,Anchieta//pharmacy,nan,nan
0,0,0,Anchieta//gas_station,nan,nan
0,0,0,Arquipélago//home,0.25241336633663364,0.20717821782178217
0,0,0,Arquipélago//work,nan,nan
0,0,0,Arquipélago//school,nan,nan
0,0,0,Arquipélago//marketplace,nan,nan
0,0,0,Arquipélago//pharmacy,nan,nan
0,0,0,Arquipélago//gas_station,nan,nan
0,0,0,Auxiliadora//home,0.24834761953939893,0.22093703741953252
0,0,0,Auxiliadora//work,nan,nan
0,0,0,Auxiliadora//school,nan,nan
0,0,0,Auxiliadora//marketplace,nan,nan
0,0,0,Auxiliadora//pharmacy,nan,nan
0,0,0,Auxiliadora//gas_station,nan,nan
0,0,0,Azenha//home,0.19200956244566791,0.2209021539650343
0,0,0,Azenha//work,0.408,0.6666666666666666
0,0,0,Azenha//school,nan,nan
0,0,0,Azenha//marketplace,nan,nan
0,0,0,Azenha//pharmacy,nan,nan
0,0,0,Azenha//gas_station,nan,nan
0,0,0,Azenha//hospital,nan,nan
0,0,0,Azenha//shopping_mall,nan,nan
0,0,0,Bela Vista//home,0.24957580385170103,0.22092135403410537
0,0,0,Bela Vista//work,0.382,0.6666666666666666
0,0,0,Bela Vista//school,nan,nan
0,0,0,Bela Vista//marketplace,nan,nan
0,0,0,Bela Vista//pharmacy,nan,nan
0,0,0,Bela Vista//gas_station,nan,nan
0,0,0,Belém Novo//home,0.21475247524752475,0.22092409240924094
0,0,0,Belém Novo//work,nan,nan
0,0,0,Belém Novo//school,nan,nan
0,0,0,Belém Novo//marketplace,nan,nan
0,0,0,Belém Novo//pharmacy,nan,nan
0,0,0,Belém Novo//gas_station,nan,nan
0,0,0,Belém Velho//home,0.2483467170524327,0.21048653755314123
0,0,0,Belém Velho//work,nan,nan
0,0,0,Belém Velho//school,nan,nan
0,0,0,Belém Velho//marketplace,nan,nan
0,0,0,Belém Velho//pharmacy,nan,nan
0,0,0,Belém Velho//gas_station,nan,nan
0,0,0,Boa Vista//home,0.2169252959315627,0.22102854869193275
0,0,0,Boa Vista//work,0.324,0.6666666666666666
0,0,0,Boa Vista//school,nan,nan
0,0,0,Boa Vista//marketplace,nan,nan
0,0,0,Boa Vista//pharmacy,nan,nan
0,0,0,Boa Vista//gas_station,nan,nan
0,0,0,Boa Vista do Sul//home,0.23722390645300995,0.22116356286992928
0,0,0,Boa Vista do Sul//work,nan,nan
0,0,0,Boa Vista do Sul//school,nan,nan
0,0,0,Boa Vista do Sul//marketplace,nan,nan
0,0,0,Boa Vista do Sul//pharmacy,nan,nan
0,0,0,Boa Vista do Sul//gas_station,nan,nan
0,0,0,Bom Fim//home,0.2213038878603544,0.2111140497810691
0,0,0,Bom Fim//work,nan,nan
0,0,0,Bom Fim//school,nan,nan
0,0,0,Bom Fim//marketplace,nan,nan
0,0,0,Bom Fim//pharmacy,nan,nan
0,0,0,Bom Fim//gas_station,nan,nan
0,0,0,Bom Jesus//home,0.23015831134564643,0.21699208443271767
0,0,0,Bom Jesus//work,nan,nan
0,0,0,Bom Jesus//school,nan,nan
0,0,0,Bom Jesus//marketplace,nan,nan
0,0,0,Bom Jesus//pharmacy,nan,nan
0,0,0,Bom Jesus//gas_station,nan,nan
0,0,0,Camaquã//home,0.21476753261233136,0.22090905712268183
0,0,0,Camaquã//work,0.422,0.6666666666666666
0,0,0,Camaquã//school,nan,nan
0,0,0,Camaquã//marketplace,nan,nan
0,0,0,Camaquã//pharmacy,nan,nan
0,0,0,Camaquã//gas_station,nan,nan
0,0,0,Campo Novo//home,0.25079853981291356,0.22092934823940985
0,0,0,Campo Novo//work,nan,nan
0,0,0,Campo Novo//school,nan,nan
0,0,0,Campo Novo//marketplace,nan,nan
0,0,0,Campo Novo//pharmacy,nan,nan
0,0,0,Campo Novo//gas_station,nan,nan
0,0,0,Cascata//home,0.25101856930188826,0.21222805505497663
0,0,0,Cascata//work,nan,nan
0,0,0,Cascata//school,nan,nan
0,0,0,Cascata//marketplace,nan,nan
0,0,0,Cascata//pharmacy,nan,nan
0,0,0,Cascata//gas_station,nan,nan
0,0,0,Cavalhada//home,0.2128214396364763,0.21705853328284394
0,0,0,Cavalhada//work,0.422,0.6666666666666666
0,0,0,Cavalhada//school,nan,nan
0,0,0,Cavalhada//marketplace,nan,nan
0,0,0,Cavalhada//pharmacy,nan,nan
0,0,0,Cavalhada//gas_station,nan,nan
0,0,0,Cavalhada//shopping_mall,nan,nan
0,0,0,Centro Histórico//home,0.2504883816574131,0.21804098978682568
0,0,0,Centro Histórico//work,0.406,0.6666666666666666
0,0,0,Centro Histórico//school,nan,nan
0,0,0,Centro Histórico//marketplace,nan,nan
0,0,0,Centro Histórico//pharmacy,nan,nan
0,0,0,Centro Histórico//gas_station,nan,nan
0,0,0,Centro Histórico//hospital,nan,nan
0,0,0,Centro Histórico//shopping_mall,nan,nan
0,0,0,Chácara das Pedras//home,0.22622975404919016,0.22105578884223157
0,0,0,Chácara das Pedras//work,0.458,0.6666666666666666
0,0,0,Chácara das Pedras//school,nan,nan
0,0,0,Chácara das Pedras//marketplace,nan,nan
0,0,0,Chácara das Pedras//pharmacy,nan,nan
0,0,0,Chácara das Pedras//gas_station,nan,nan
0,0,0,Chapéu do Sol//home,0.25720906282183315,0.22130678567341802
0,0,0,Chapéu do Sol//work,nan,nan
0,0,0,Chapéu do Sol//school,nan,nan
0,0,0,Chapéu do Sol//marketplace,nan,nan
0,0,0,Chapéu do Sol//pharmacy,nan,nan
0,0,0,Chapéu do Sol//gas_station,nan,nan
0,0,0,Cidade Baixa//home,0.2589893581862648,0.21354132240509396
0,0,0,Cidade Baixa//work,nan,nan
0,0,0,Cidade Baixa//school,nan,nan
0,0,0,Cidade Baixa//marketplace,nan,nan
0,0,0,Cidade Baixa//pharmacy,nan,nan
0,0,0,Cidade Baixa//gas_station,nan,nan
0,0,0,Cel. Aparício Borges//home,0.23695743452474677,0.21508423870256652
0,0,0,Cel. Aparício Borges//work,nan,nan
0,0,0,Cel. Aparício Borges//school,nan,nan
0,0,0,Cel. Aparício Borges//marketplace,nan,nan
0,0,0,Cel. Aparício Borges//pharmacy,nan,nan
0,0,0,Cel. Aparício Borges//gas_station,nan,nan
0,0,0,Costa e Silva//home,0.2730084585279636,0.2209737827715356
0,0,0,Costa e Silva//work,0.444,0.6666666666666666
0,0,0,Costa e Silva//school,nan,nan
0,0,0,Costa e Silva//marketplace,nan,nan
0,0,0,Costa e Silva//pharmacy,nan,nan
0,0,0,Costa e Silva//gas_station,nan,nan
0,0,0,Cristal//home,0.22055712270803948,0.2101978886181989
0,0,0,Cristal//work,nan,nan
0,0,0,Cristal//school,nan,nan
0,0,0,Cristal//marketplace,nan,nan
0,0,0,Cristal//pharmacy,nan,nan
0,0,0,Cristal//gas_station,nan,nan
0,0,0,Cristo Redentor//home,0.222956548161653,0.22092575711536513
0,0,0,Cristo Redentor//work,nan,nan
0,0,0,Cristo Redentor//school,nan,nan
0,0,0,Cristo Redentor//marketplace,nan,nan
0,0,0,Cristo Redentor//pharmacy,nan,nan
0,0,0,Cristo Redentor//gas_station,nan,nan
0,0,0,Cristo Redentor//hospital,nan,nan
0,0,0,Cristo Redentor//shopping_mall,nan,nan
0,0,0,Espírito Santo//home,0.21459150909739566,0.22107266024497563
0,0,0,Espírito Santo//work,nan,nan
0,0,0,Espírito Santo//school,nan,nan
0,0,0,Espírito Santo//marketplace,nan,nan
0,0,0,Espírito Santo//pharmacy,nan,nan
0,0,0,Espírito Santo//gas_station,nan,nan
0,0,0,Extrema//home,0.22602221100454317,0.22143698468786807
0,0,0,Extrema//work,nan,nan
0,0,0,Extrema//school,nan,nan
0,0,0,Extrema//marketplace,nan,nan
0,0,0,Extrema//pharmacy,nan,nan
0,0,0,Extrema//gas_station,nan,nan
0,0,0,Farrapos//home,0.24489097229537554,0.22089961023912358
0,0,0,Farrapos//work,nan,nan
0,0,0,Farrapos//school,nan,nan
0,0,0,Farrapos//marketplace,nan,nan
0,0,0,Farrapos//pharmacy,nan,nan
0,0,0,Farrapos//gas_station,nan,nan
0,0,0,Farrapos//stadium,nan,nan
0,0,0,Farroupilha//home,0.2515608740894901,0.22199098161637185
0,0,0,Farroupilha//work,0.43,0.6666666666666666
0,0,0,Farroupilha//school,nan,nan
0,0,0,Farroupilha//marketplace,nan,nan
0,0,0,Farroupilha//pharmacy,nan,nan
0,0,0,Farroupilha//gas_station,nan,nan
0,0,0,Farroupilha//hospital,nan,nan
0,0,0,Floresta//home,0.1871334943083822,0.2209957456594228
0,0,0,Floresta//work,0.37,0.6666666666666666
0,0,0,Floresta//school,nan,nan
0,0,0,Floresta//marketplace,nan,nan
0,0,0,Floresta//pharmacy,nan,nan
0,0,0,Floresta//gas_station,nan,nan
0,0,0,Glória//home,0.19362286473109194,0.20748073479406853
0,0,0,Glória//work,0.442,0.6666666666666666
0,0,0,Glória//school,nan,nan
0,0,0,Glória//marketplace,nan,nan
0,0,0,Glória//pharmacy,nan,nan
0,0,0,Glória//gas_station,nan,nan
0,0,0,Glória//hospital,nan,nan
0,0,0,Guarujá//home,0.24480357514030346,0.22115984202868427
0,0,0,Guarujá//work,nan,nan
0,0,0,Guarujá//school,nan,nan
0,0,0,Guarujá//marketplace,nan,nan
0,0,0,Guarujá//pharmacy,nan,nan
0,0,0,Guarujá//gas_station,nan,nan
0,0,0,Higienópolis//home,0.22598816116097,0.21036216663484184
0,0,0,Higienópolis//work,0.364,0.6666666666666666
0,0,0,Higienópolis//school,nan,nan
0,0,0,Higienópolis//marketplace,nan,nan
0,0,0,Higienópolis//pharmacy,nan,nan
0,0,0,Higienópolis//gas_station,nan,nan
0,0,0,Hípica//home,0.2936531666213645,0.21487723113164808
0,0,0,Hípica//work,0.51,0.6666666666666666
0,0,0,Hípica//school,nan,nan
0,0,0,Hípica//marketplace,nan,nan
0,0,0,Hípica//pharmacy,nan,nan
0,0,0,Hípica//gas_station,nan,nan
0,0,0,Humaitá//home,0.272618201208674,0.21104396255480506
0,0,0,Humaitá//work,nan,nan
0,0,0,Humaitá//school,nan,nan
0,0,0,Humaitá//marketplace,nan,nan
0,0,0,Humaitá//pharmacy,nan,nan
0,0,0,Humaitá//gas_station,nan,nan
0,0,0,Independência//home,0.21190225959012085,0.19162725521107024
0,0,0,Independência//work,0.4,0.6666666666666666
0,0,0,Independência//school,nan,nan
0,0,0,Independência//marketplace,nan,nan
0,0,0,Independência//pharmacy,nan,nan
0,0,0,Independência//gas_station,nan,nan
0,0,0,Independência//hospital,nan,nan
0,0,0,Independência//shopping_mall,nan,nan
0,0,0,Ipanema//home,0.22366695804195805,0.22095959595959597
0,0,0,Ipanema//work,nan,nan
0,0,0,Ipanema//school,nan,nan
0,0,0,Ipanema//marketplace,nan,nan
0,0,0,Ipanema//pharmacy,nan,nan
0,0,0,Ipanema//gas_station,nan,nan
0,0,0,Jardim Botânico//home,0.2196110534302372,0.22096211697681228
0,0,0,Jardim Botânico//work,nan,nan
0,0,0,Jardim Botânico//school,nan,nan
0,0,0,Jardim Botânico//marketplace,nan,nan
0,0,0,Jardim Botânico//pharmacy,nan,nan
0,0,0,Jardim Botânico//gas_station,nan,nan
0,0,0,Jardim Botânico//hospital,nan,nan
0,0,0,Jardim Botânico//shopping_mall,nan,nan
0,0,0,Jardim Carvalho//home,0.23329089751750479,0.2164491831105453
0,0,0,Jardim Carvalho//work,0.45866666666666667,0.6666666666666666
0,0,0,Jardim Carvalho//school,nan,nan
0,0,0,Jardim Carvalho//marketplace,nan,nan
0,0,0,Jardim Carvalho//pharmacy,nan,nan
0,0,0,Jardim Carvalho//gas_station,nan,nan
0,0,0,Jardim Carvalho//hospital,nan,nan
0,0,0,Jardim do Salso//home,0.23683314415437004,0.22111237230419978
0,0,0,Jardim do Salso//work,0.452,0.6666666666666666
0,0,0,Jardim do Salso//school,nan,nan
0,0,0,Jardim do Salso//marketplace,nan,nan
0,0,0,Jardim do Salso//pharmacy,nan,nan
0,0,0,Jardim do Salso//gas_station,nan,nan
0,0,0,Jardim Leopoldina//home,0.24358324890239783,0.21467972531802318
0,0,0,Jardim Leopoldina//work,0.388,0.6666666666666666
0,0,0,Jardim Leopoldina//school,nan,nan
0,0,0,Jardim Leopoldina//marketplace,nan,nan
0,0,0,Jardim Leopoldina//pharmacy,nan,nan
0,0,0,Jardim Leopoldina//gas_station,nan,nan
0,0,0,Jardim Europa//home,0.25021748586341885,0.22096563723357981
0,0,0,Jardim Europa//work,nan,nan
0,0,0,Jardim Europa//school,nan,nan
0,0,0,Jardim Europa//marketplace,nan,nan
0,0,0,Jardim Europa//pharmacy,nan,nan
0,0,0,Jardim Europa//gas_station,nan,nan
0,0,0,Jardim Europa//shopping_mall,nan,nan
0,0,0,Jardim Floresta//home,0.1982915028726943,0.2211470617881262
0,0,0,Jardim Floresta//work,nan,nan
0,0,0,Jardim Floresta//school,nan,nan
0,0,0,Jardim Floresta//marketplace,nan,nan
0,0,0,Jardim Floresta//pharmacy,nan,nan
0,0,0,Jardim Floresta//gas_station,nan,nan
0,0,0,Jardim Isabel//home,0.25458553791887123,0.22128159905937683
0,0,0,Jardim Isabel//work,0.43,0.6666666666666666
0,0,0,Jardim Isabel//school,nan,nan
0,0,0,Jardim Isabel//marketplace,nan,nan
0,0,0,Jardim Isabel//pharmacy,nan,nan
0,0,0,Jardim Isabel//gas_station,nan,nan
0,0,0,Jardim Itú//home,0.2328600235254579,0.2209525943352191
0,0,0,Jardim Itú//work,nan,nan
0,0,0,Jardim Itú//school,nan,nan
0,0,0,Jardim Itú//marketplace,nan,nan
0,0,0,Jardim Itú//pharmacy,nan,nan
0,0,0,Jardim Itú//gas_station,nan,nan
0,0,0,Jardim Lindóia//home,0.2251639458629831,0.20538579600948792
0,0,0,Jardim Lindóia//work,nan,nan
0,0,0,Jardim Lindóia//school,nan,nan
0,0,0,Jardim Lindóia//marketplace,nan,nan
0,0,0,Jardim Lindóia//pharmacy,nan,nan
0,0,0,Jardim Lindóia//gas_station,nan,nan
0,0,0,Jardim Lindóia//shopping_mall,nan,nan
0,0,0,Jardim Sabará//home,0.18488104374520337,0.20378613456126887
0,0,0,Jardim Sabará//work,0.486,0.6666666666666666
0,0,0,Jardim Sabará//school,nan,nan
0,0,0,Jardim Sabará//marketplace,nan,nan
0,0,0,Jardim Sabará//pharmacy,nan,nan
0,0,0,Jardim Sabará//gas_station,nan,nan
0,0,0,Jardim São Pedro//home,0.2196244013108142,0.22132593899672295
0,0,0,Jardim São Pedro//work,nan,nan
0,0,0,Jardim São Pedro//school,nan,nan
0,0,0,Jardim São Pedro//marketplace,nan,nan
0,0,0,Jardim São Pedro//pharmacy,nan,nan
0,0,0,Jardim São Pedro//gas_station,nan,nan
0,0,0,Lageado//home,0.2576991742914528,0.22123038012348434
0,0,0,Lageado//work,nan,nan
0,0,0,Lageado//school,nan,nan
0,0,0,Lageado//marketplace,nan,nan
0,0,0,Lageado//pharmacy,nan,nan
0,0,0,Lageado//gas_station,nan,nan
0,0,0,Lami//home,0.2574609466076008,0.22103054325017488
0,0,0,Lami//work,nan,nan
0,0,0,Lami//school,nan,nan
0,0,0,Lami//marketplace,nan,nan
0,0,0,Lami//pharmacy,nan,nan
0,0,0,Lami//gas_station,nan,nan
0,0,0,Lomba do Pinheiro//home,0.25596292052911157,0.2170260042356699
0,0,0,Lomba do Pinheiro//work,0.476,0.6666666666666666
0,0,0,Lomba do Pinheiro//school,nan,nan
0,0,0,Lomba do Pinheiro//marketplace,nan,nan
0,0,0,Lomba do Pinheiro//pharmacy,nan,nan
0,0,0,Lomba do Pinheiro//gas_station,nan,nan
0,0,0,Mário Quintana//home,0.28962158111652303,0.21195739442273726
0,0,0,Mário Quintana//work,0.46,0.6666666666666666
0,0,0,Mário Quintana//school,nan,nan
0,0,0,Mário Quintana//marketplace,nan,nan
0,0,0,Mário Quintana//pharmacy,nan,nan
0,0,0,Mário Quintana//gas_station,nan,nan
0,0,0,Medianeira//home,0.17715851376637262,0.22097478392586653
0,0,0,Medianeira//work,nan,nan
0,0,0,Medianeira//school,nan,nan
0,0,0,Medianeira//marketplace,nan,nan
0,0,0,Medianeira//pharmacy,nan,nan
0,0,0,Medianeira//gas_station,nan,nan
0,0,0,Menino Deus//home,0.224126213592233,0.21009708737864077
0,0,0,Menino Deus//work,nan,nan
0,0,0,Menino Deus//school,nan,nan
0,0,0,Menino Deus//marketplace,nan,nan
0,0,0,Menino Deus//pharmacy,nan,nan
0,0,0,Menino Deus//gas_station,nan,nan
0,0,0,Menino Deus//hospital,nan,nan
0,0,0,Moinhos de Vento//home,0.24736114601658707,0.22093770070648683
0,0,0,Moinhos de Vento//work,0.368,0.6666666666666666
0,0,0,Moinhos de Vento//school,nan,nan
0,0,0,Moinhos de Vento//marketplace,nan,nan
0,0,0,Moinhos de Vento//pharmacy,nan,nan
0,0,0,Moinhos de Vento//gas_station,nan,nan
0,0,0,Moinhos de Vento//hospital,nan,nan
0,0,0,Moinhos de Vento//shopping_mall,nan,nan
0,0,0,Mont'Serrat//home,0.23843983251410886,0.21081376297105406
0,0,0,Mont'Serrat//work,0.434,0.6666666666666666
0,0,0,Mont'Serrat//school,nan,nan
0,0,0,Mont'Serrat//marketplace,nan,nan
0,0,0,Mont'Serrat//pharmacy,nan,nan
0,0,0,Mont'Serrat//gas_station,nan,nan
0,0,0,Morro Santana//home,0.23853067196154248,0.2151391646636709
0,0,0,Morro Santana//work,0.442,0.6666666666666666
0,0,0,Morro Santana//school,nan,nan
0,0,0,Morro Santana//marketplace,nan,nan
0,0,0,Morro Santana//pharmacy,nan,nan
0,0,0,Morro Santana//gas_station,nan,nan
0,0,0,Navegantes//home,0.1884099838225098,0.22109236576534935
0,0,0,Navegantes//work,nan,nan
0,0,0,Navegantes//school,nan,nan
0,0,0,Navegantes//marketplace,nan,nan
0,0,0,Navegantes//pharmacy,nan,nan
0,0,0,Navegantes//gas_station,nan,nan
0,0,0,Navegantes//shopping_mall,nan,nan
0,0,0,Nonoai//home,0.21551585708550783,0.2164324902984076
0,0,0,Nonoai//work,nan,nan
0,0,0,Nonoai//school,nan,nan
0,0,0,Nonoai//marketplace,nan,nan
0,0,0,Nonoai//pharmacy,nan,nan
0,0,0,Nonoai//gas_station,nan,nan
0,0,0,Parque Santa Fé//home,0.24835319949811793,0.22103722291928063
0,0,0,Parque Santa Fé//work,nan,nan
0,0,0,Parque Santa Fé//school,nan,nan
0,0,0,Parque Santa Fé//marketplace,nan,nan
0,0,0,Parque Santa Fé//pharmacy,nan,nan
0,0,0,Parque Santa Fé//gas_station,nan,nan
0,0,0,Partenon//home,0.20281778334376957,0.21857649759966605
0,0,0,Partenon//work,0.378,0.6666666666666666
0,0,0,Partenon//school,nan,nan
0,0,0,Partenon//marketplace,nan,nan
0,0,0,Partenon//pharmacy,nan,nan
0,0,0,Partenon//gas_station,nan,nan
0,0,0,Passo D'Areia//home,0.05756904515034405,0.20517170955478053
0,0,0,Passo D'Areia//work,nan,nan
0,0,0,Passo D'Areia//school,nan,nan
0,0,0,Passo D'Areia//marketplace,nan,nan
0,0,0,Passo D'Areia//pharmacy,nan,nan
0,0,0,Passo D'Areia//gas_station,nan,nan
0,0,0,Passo das Pedras//home,0.23022261350773487,0.22097849327128663
0,0,0,Passo das Pedras//work,0.44666666666666666,0.6666666666666666
0,0,0,Passo das Pedras//school,nan,nan
0,0,0,Passo das Pedras//marketplace,nan,nan
0,0,0,Passo das Pedras//pharmacy,nan,nan
0,0,0,Passo das Pedras//gas_station,nan,nan
0,0,0,Pedra Redonda//home,0.30656934306569344,0.22384428223844283
0,0,0,Pedra Redonda//work,nan,nan
0,0,0,Pedra Redonda//school,nan,nan
0,0,0,Pedra Redonda//marketplace,nan,nan
0,0,0,Pedra Redonda//pharmacy,nan,nan
0,0,0,Pedra Redonda//gas_station,nan,nan
0,0,0,Petrópolis//home,0.24143532191376255,0.2179204925808588
0,0,0,Petrópolis//work,0.43,0.6666666666666666
0,0,0,Petrópolis//school,nan,nan
0,0,0,Petrópolis//marketplace,nan,nan
0,0,0,Petrópolis//pharmacy,nan,nan
0,0,0,Petrópolis//gas_station,nan,nan
0,0,0,Pitinga//home,0.2587316176470588,0.22120098039215685
0,0,0,Pitinga//work,nan,nan
0,0,0,Pitinga//school,nan,nan
0,0,0,Pitinga//marketplace,nan,nan
0,0,0,Pitinga//pharmacy,nan,nan
0,0,0,Pitinga//gas_station,nan,nan
0,0,0,Ponta Grossa//home,0.2631019830028329,0.2079005350960025
0,0,0,Ponta Grossa//work,nan,nan
0,0,0,Ponta Grossa//school,nan,nan
0,0,0,Ponta Grossa//marketplace,nan,nan
0,0,0,Ponta Grossa//pharmacy,nan,nan
0,0,0,Ponta Grossa//gas_station,nan,nan
0,0,0,Praia de Belas//home,0.18906181499342395,0.2209557211749233
0,0,0,Praia de Belas//work,nan,nan
0,0,0,Praia de Belas//school,nan,nan
0,0,0,Praia de Belas//marketplace,nan,nan
0,0,0,Praia de Belas//pharmacy,nan,nan
0,0,0,Praia de Belas//gas_station,nan,nan
0,0,0,Praia de Belas//stadium,nan,nan
0,0,0,Praia de Belas//shopping_mall,nan,nan
0,0,0,Restinga//home,0.23957704497434348,0.2166842740718382
0,0,0,Restinga//work,0.424,0.6666666666666666
0,0,0,Restinga//school,nan,nan
0,0,0,Restinga//marketplace,nan,nan
0,0,0,Restinga//pharmacy,nan,nan
0,0,0,Restinga//gas_station,nan,nan
0,0,0,Restinga//hospital,nan,nan
0,0,0,Rio Branco//home,0.23414237636187327,0.22090392257524766
0,0,0,Rio Branco//work,nan,nan
0,0,0,Rio Branco//school,nan,nan
0,0,0,Rio Branco//marketplace,nan,nan
0,0,0,Rio Branco//pharmacy,nan,nan
0,0,0,Rio Branco//gas_station,nan,nan
0,0,0,Rio Branco//hospital,nan,nan
0,0,0,Rubem Berta//home,0.17132477086348288,0.220935841775205
0,0,0,Rubem Berta//work,nan,nan
0,0,0,Rubem Berta//school,nan,nan
0,0,0,Rubem Berta//marketplace,nan,nan
0,0,0,Rubem Berta//pharmacy,nan,nan
0,0,0,Rubem Berta//gas_station,nan,nan
0,0,0,Santa Cecília//home,0.23231622746185854,0.22098936662043459
0,0,0,Santa Cecília//work,0.512,0.6666666666666666
0,0,0,Santa Cecília//school,nan,nan
0,0,0,Santa Cecília//marketplace,nan,nan
0,0,0,Santa Cecília//pharmacy,nan,nan
0,0,0,Santa Cecília//gas_station,nan,nan
0,0,0,Santa Cecília//hospital,nan,nan
0,0,0,Santa Maria Goretti//home,0.32252778569392987,0.22095563788353756
0,0,0,Santa Maria Goretti//work,0.278,0.6666666666666666
0,0,0,Santa Maria Goretti//school,nan,nan
0,0,0,Santa Maria Goretti//marketplace,nan,nan
0,0,0,Santa Maria Goretti//pharmacy,nan,nan
0,0,0,Santa Maria Goretti//gas_station,nan,nan
0,0,0,Santa Rosa de Lima//home,0.23587722525684204,0.22088887631015386
0,0,0,Santa Rosa de Lima//work,nan,nan
0,0,0,Santa Rosa de Lima//school,nan,nan
0,0,0,Santa Rosa de Lima//marketplace,nan,nan
0,0,0,Santa Rosa de Lima//pharmacy,nan,nan
0,0,0,Santa Rosa de Lima//gas_station,nan,nan
0,0,0,Santa Tereza//home,0.22497283775930466,0.22091955765554067
0,0,0,Santa Tereza//work,0.422,0.6666666666666666
0,0,0,Santa Tereza//school,nan,nan
0,0,0,Santa Tereza//marketplace,nan,nan
0,0,0,Santa Tereza//pharmacy,nan,nan
0,0,0,Santa Tereza//gas_station,nan,nan
0,0,0,Santana//home,0.21908122893567136,0.21550334587017048
0,0,0,Santana//work,0.3466666666666667,0.6666666666666666
0,0,0,Santana//school,nan,nan
0,0,0,Santana//marketplace,nan,nan
0,0,0,Santana//pharmacy,nan,nan
0,0,0,Santana//gas_station,nan,nan
0,0,0,Santana//hospital,nan,nan
0,0,0,Santo Antônio//home,0.1958213926109519,0.21232540727544988
0,0,0,Santo Antônio//work,nan,nan
0,0,0,Santo Antônio//school,nan,nan
0,0,0,Santo Antônio//marketplace,nan,nan
0,0,0,Santo Antônio//pharmacy,nan,nan
0,0,0,Santo Antônio//gas_station,nan,nan
0,0,0,São Caetano//home,0.25726552179656537,0.22192866578599735
0,0,0,São Caetano//work,nan,nan
0,0,0,São Caetano//school,nan,nan
0,0,0,São Caetano//marketplace,nan,nan
0,0,0,São Caetano//pharmacy,nan,nan
0,0,0,São Caetano//gas_station,nan,nan
0,0,0,São Geraldo//home,0.21457781361594286,0.2210958798909496
0,0,0,São Geraldo//work,nan,nan
0,0,0,São Geraldo//school,nan,nan
0,0,0,São Geraldo//marketplace,nan,nan
0,0,0,São Geraldo//pharmacy,nan,nan
0,0,0,São Geraldo//gas_station,nan,nan
0,0,0,São João//home,0.21956412825651303,0.2117011801380539
0,0,0,São João//work,nan,nan
0,0,0,São João//school,nan,nan
0,0,0,São João//marketplace,nan,nan
0,0,0,São João//pharmacy,nan,nan
0,0,0,São João//gas_station,nan,nan
0,0,0,São João//shopping_mall,nan,nan
0,0,0,São Sebastião//home,0.2270622595811369,0.2210191385287553
0,0,0,São Sebastião//work,0.446,0.6666666666666666
0,0,0,São Sebastião//school,nan,nan
0,0,0,São Sebastião//marketplace,nan,nan
0,0,0,São Sebastião//pharmacy,nan,nan
0,0,0,São Sebastião//gas_station,nan,nan
0,0,0,São Sebastião//shopping_mall,nan,nan
0,0,0,Sarandi//home,0.21820536181269087,0.21713822948828262
0,0,0,Sarandi//work,0.384,0.6666666666666666
0,0,0,Sarandi//school,nan,nan
0,0,0,Sarandi//marketplace,nan,nan
0,0,0,Sarandi//pharmacy,nan,nan
0,0,0,Sarandi//gas_station,nan,nan
0,0,0,Sarandi//shopping_mall,nan,nan
0,0,0,Serraria//home,0.20744510338195224,0.22097558369396805
0,0,0,Serraria//work,nan,nan
0,0,0,Serraria//school,nan,nan
0,0,0,Serraria//marketplace,nan,nan
0,0,0,Serraria//pharmacy,nan,nan
0,0,0,Serraria//gas_station,nan,nan
0,0,0,Sétimo Céu//home,0.24887133182844243,0.2217205919237522
0,0,0,Sétimo Céu//work,nan,nan
0,0,0,Sétimo Céu//school,nan,nan
0,0,0,Sétimo Céu//marketplace,nan,nan
0,0,0,Sétimo Céu//pharmacy,nan,nan
0,0,0,Sétimo Céu//gas_station,nan,nan
0,0,0,Teresópolis//home,0.23000951927653498,0.22089254549987533
0,0,0,Teresópolis//work,nan,nan
0,0,0,Teresópolis//school,nan,nan
0,0,0,Teresópolis//marketplace,nan,nan
0,0,0,Teresópolis//pharmacy,nan,nan
0,0,0,Teresópolis//gas_station,nan,nan
0,0,0,Teresópolis//hospital,nan,nan
0,0,0,Três Figueiras//home,0.18034398034398033,0.22096642096642097
0,0,0,Três Figueiras//work,0.446,0.6666666666666666
0,0,0,Três Figueiras//school,nan,nan
0,0,0,Três Figueiras//marketplace,nan,nan
0,0,0,Três Figueiras//pharmacy,nan,nan
0,0,0,Três Figueiras//gas_station,nan,nan
0,0,0,Três Figueiras//shopping_mall,nan,nan
0,0,0,Tristeza//home,0.21785670842963142,0.2141264241981916
0,0,0,Tristeza//work,0.44,0.6666666666666666
0,0,0,Tristeza//school,nan,nan
0,0,0,Tristeza//marketplace,nan,nan
0,0,0,Tristeza//pharmacy,nan,nan
0,0,0,Tristeza//gas_station,nan,nan
0,0,0,Vila Assunção//home,0.20778632865550023,0.22106533876565565
0,0,0,Vila Assunção//work,nan,nan
0,0,0,Vila Assunção//school,nan,nan
0,0,0,Vila Assunção//marketplace,nan,nan
0,0,0,Vila Assunção//pharmacy,nan,nan
0,0,0,Vila Assunção//gas_station,nan,nan
0,0,0,Vila Assunção//hospital,nan,nan
0,0,0,Vila Conceição//home,0.23072646404744254,0.2213985668396343
0,0,0,Vila Conceição//work,nan,nan
0,0,0,Vila Conceição//school,nan,nan
0,0,0,Vila Conceição//marketplace,nan,nan
0,0,0,Vila Conceição//pharmacy,nan,nan
0,0,0,Vila Conceição//gas_station,nan,nan
0,0,0,Vila Ipiranga//home,0.2105084469552936,0.2148948883698191
0,0,0,Vila Ipiranga//work,nan,nan
0,0,0,Vila Ipiranga//school,nan,nan
0,0,0,Vila Ipiranga//marketplace,nan,nan
0,0,0,Vila Ipiranga//pharmacy,nan,nan
0,0,0,Vila Ipiranga//gas_station,nan,nan
0,0,0,Vila Jardim//home,0.21493289862764425,0.22094169383577222
0,0,0,Vila Jardim//work,nan,nan
0,0,0,Vila Jardim//school,nan,nan
0,0,0,Vila Jardim//marketplace,nan,nan
0,0,0,Vila Jardim//pharmacy,nan,nan
0,0,0,Vila Jardim//gas_station,nan,nan
0,0,0,Vila João Pessoa//home,0.2181006057817652,0.22094420162053013
0,0,0,Vila João Pessoa//work,0.366,0.6666666666666666
0,0,0,Vila João Pessoa//school,nan,nan
0,0,0,Vila João Pessoa//marketplace,nan,nan
0,0,0,Vila João Pessoa//pharmacy,nan,nan
0,0,0,Vila João Pessoa//gas_station,nan,nan
0,0,0,Vila Nova//home,0.2038174874495673,0.22090814828503086
0,0,0,Vila Nova//work,nan,nan
0,0,0,Vila Nova//school,nan,nan
0,0,0,Vila Nova//marketplace,nan,nan
0,0,0,Vila Nova//pharmacy,nan,nan
0,0,0,Vila Nova//gas_station,nan,nan
0,0,0,Vila Nova//hospital,nan,nan
0,0,0,São José//home,0.2513642302666974,0.2123331539978992
0,0,0,São José//work,0.455,0.6666666666666666
0,0,0,São José//school,nan,nan
0,0,0,São José//marketplace,nan,nan
0,0,0,São José//pharmacy,nan,nan
0,0,0,São José//gas_station,nan,nan
1,1,0,Aberta dos Morros//home,0.24496433067561896,0.22100993145894532
1,1,0,Aberta dos Morros//work,nan,nan
1,1,0,Aberta dos Morros//school,nan,nan
1,1,0,Aberta dos Morros//marketplace,nan,nan
1,1,0,Aberta dos Morros//pharmacy,nan,nan
1,1,0,Aberta dos Morros//gas_station,nan,nan
1,1,0,Agronomia//home,0.2294079794079794,0.22165022165022166
1,1,0,Agronomia//work,nan,nan
1,1,0,Agronomia//school,nan,nan
1,1,0,Agronomia//marketplace,nan,nan
1,1,0,Agronomia//pharmacy,nan,nan
1,1,0,Agronomia//gas_station,nan,nan
1,1,0,Anchieta//home,0.28829051383399207,0.22134387351778656
1,1,0,Anchieta//work,0.404,0.6666666666666666
1,1,0,Anchieta//school,nan,nan
1,1,0,Anchieta//marketplace,nan,nan
1,1,0,Anchieta//pharmacy,nan,nan
1,1,0,Anchieta//gas_station,nan,nan
1,1,0,Arquipélago//home,0.25241336633663364,0.20717821782178217
1,1,0,Arquipélago//work,0.404,0.6666666666666666
1,1,0,Arquipélago//school,nan,nan
1,1,0,Arquipélago//marketplace,nan,nan
1,1,0,Arquipélago//pharmacy,nan,nan
1,1,0,Arquipélago//gas_station,nan,nan
1,1,0,Auxiliadora//home,0.24834761953939893,0.22093703741953252
1,1,0,Auxiliadora//work,0.45,0.6666666666666666
1,1,0,Auxiliadora//school,nan,nan
1,1,0,Auxiliadora//marketplace,nan,nan
1,1,0,Auxiliadora//pharmacy,nan,nan
1,1,0,Auxiliadora//gas_station,nan,nan
1,1,0,Azenha//home,0.19200956244566791,0.2209021539650343
1,1,0,Azenha//work,0.404,0.6666666666666666
1,1,0,Azenha//school,nan,nan
1,1,0,Azenha//marketplace,nan,nan
1,1,0,Azenha//pharmacy,nan,nan
1,1,0,Azenha//gas_station,nan,nan
1,1,0,Azenha//hospital,nan,nan
1,1,0,Azenha//shopping_mall,nan,nan
1,1,0,Bela Vista//home,0.24957580385170103,0.22092135403410537
1,1,0,Bela Vista//work,0.382,0.6666666666666666
1,1,0,Bela Vista//school,nan,nan
1,1,0,Bela Vista//marketplace,nan,nan
1,1,0,Bela Vista//pharmacy,nan,nan
1,1,0,Bela Vista//gas_station,nan,nan
1,1,0,Belém Novo//home,0.21475247524752475,0.22092409240924094
1,1,0,Belém Novo//work,nan,nan
1,1,0,Belém Novo//school,nan,nan
1,1,0,Belém Novo//marketplace,nan,nan
1,1,0,Belém Novo//pharmacy,nan,nan
1,1,0,Belém Novo//gas_station,nan,nan
1,1,0,Belém Velho//home,0.2483467170524327,0.21048653755314123
1,1,0,Belém Velho//work,0.408,0.6666666666666666
1,1,0,Belém Velho//school,nan,nan
1,1,0,Belém Velho//marketplace,nan,nan
1,1,0,Belém Velho//pharmacy,nan,nan
1,1,0,Belém Velho//gas_station,nan,nan
1,1,0,Boa Vista//home,0.21812200346832603,0.20966370838858853
1,1,0,Boa Vista//work,0.324,0.6666666666666666
1,1,0,Boa Vista//school,nan,nan
1,1,0,Boa Vista//marketplace,nan,nan
1,1,0,Boa Vista//pharmacy,nan,nan
1,1,0,Boa Vista//gas_station,nan,nan
1,1,0,Boa Vista do Sul//home,0.2407722195240408,0.16707139388052453
1,1,0,Boa Vista do Sul//work,nan,nan
1,1,0,Boa Vista do Sul//school,nan,nan
1,1,0,Boa Vista do Sul//marketplace,nan,nan
1,1,0,Boa Vista do Sul//pharmacy,nan,nan
1,1,0,Boa Vista do Sul//gas_station,nan,nan
1,1,0,Bom Fim//home,0.21871901198954297,0.2008473812314072
1,1,0,Bom Fim//work,0.435,0.6666666666666666
1,1,0,Bom Fim//school,nan,nan
1,1,0,Bom Fim//marketplace,nan,nan
1,1,0,Bom Fim//pharmacy,nan,nan
1,1,0,Bom Fim//gas_station,nan,nan
1,1,0,Bom Jesus//home,0.23015831134564643,0.21699208443271767
1,1,0,Bom Jesus//work,nan,nan
1,1,0,Bom Jesus//school,nan,nan
1,1,0,Bom Jesus//marketplace,nan,nan
1,1,0,Bom Jesus//pharmacy,nan,nan
1,1,0,Bom Jesus//gas_station,nan,nan
1,1,0,Camaquã//home,0.21476753261233136,0.22090905712268183
1,1,0,Camaquã//work,0.422,0.6666666666666666
1,1,0,Camaquã//school,nan,nan
1,1,0,Camaquã//marketplace,nan,nan
1,1,0,Camaquã//pharmacy,nan,nan
1,1,0,Camaquã//gas_station,nan,nan
1,1,0,Campo Novo//home,0.25079853981291356,0.22092934823940985
1,1,0,Campo Novo//work,nan,nan
1,1,0,Campo Novo//school,nan,nan
1,1,0,Campo Novo//marketplace,nan,nan
1,1,0,Campo Novo//pharmacy,nan,nan
1,1,0,Campo Novo//gas_station,nan,nan
1,1,0,Cascata//home,0.2507192519779429,0.2031487253256613
1,1,0,Cascata//work,0.456,0.6666666666666666
1,1,0,Cascata//school,nan,nan
1,1,0,Cascata//marketplace,nan,nan
1,1,0,Cascata//pharmacy,nan,nan
1,1,0,Cascata//gas_station,nan,nan
1,1,0,Cavalhada//home,0.21249869787145387,0.2131555493825017
1,1,0,Cavalhada//work,0.422,0.6666666666666666
1,1,0,Cavalhada//school,nan,nan
1,1,0,Cavalhada//marketplace,nan,nan
1,1,0,Cavalhada//pharmacy,nan,nan
1,1,0,Cavalhada//gas_station,nan,nan
1,1,0,Cavalhada//shopping_mall,nan,nan
1,1,0,Centro Histórico//home,0.2504883816574131,0.21804098978682568
1,1,0,Centro Histórico//work,0.406,0.6666666666666666
1,1,0,Centro Histórico//school,nan,nan
1,1,0,Centro Histórico//marketplace,nan,nan
1,1,0,Centro Histórico//pharmacy,nan,nan
1,1,0,Centro Histórico//gas_station,nan,nan
1,1,0,Centro Histórico//hospital,nan,nan
1,1,0,Centro Histórico//shopping_mall,nan,nan
1,1,0,Chácara das Pedras//home,0.22622975404919016,0.22105578884223157
1,1,0,Chácara das Pedras//work,0.445,0.6666666666666666
1,1,0,Chácara das Pedras//school,nan,nan
1,1,0,Chácara das Pedras//marketplace,nan,nan
1,1,0,Chácara das Pedras//pharmacy,nan,nan
1,1,0,Chácara das Pedras//gas_station,nan,nan
1,1,0,Chapéu do Sol//home,0.25720906282183315,0.22130678567341802
1,1,0,Chapéu do Sol//work,nan,nan
1,1,0,Chapéu do Sol//school,nan,nan
1,1,0,Chapéu do Sol//marketplace,nan,nan
1,1,0,Chapéu do Sol//pharmacy,nan,nan
1,1,0,Chapéu do Sol//gas_station,nan,nan
1,1,0,Cidade Baixa//home,0.2589893581862648,0.21354132240509396
1,1,0,Cidade Baixa//work,0.378,0.6666666666666666
1,1,0,Cidade Baixa//school,nan,nan
1,1,0,Cidade Baixa//marketplace,nan,nan
1,1,0,Cidade Baixa//pharmacy,nan,nan
1,1,0,Cidade Baixa//gas_station,nan,nan
1,1,0,Cel. Aparício Borges//home,0.23691698133276604,0.20908011132975235
1,1,0,Cel. Aparício Borges//work,nan,nan
1,1,0,Cel. Aparício Borges//school,nan,nan
1,1,0,Cel. Aparício Borges//marketplace,nan,nan
1,1,0,Cel. Aparício Borges//pharmacy,nan,nan
1,1,0,Cel. Aparício Borges//gas_station,nan,nan
1,1,0,Costa e Silva//home,0.27270395074397125,0.21382760389943561
1,1,0,Costa e Silva//work,0.444,0.6666666666666666
1,1,0,Costa e Silva//school,nan,nan
1,1,0,Costa e Silva//marketplace,nan,nan
1,1,0,Costa e Silva//pharmacy,nan,nan
1,1,0,Costa e Silva//gas_station,nan,nan
1,1,0,Cristal//home,0.22059877508470158,0.20276257492832941
1,1,0,Cristal//work,nan,nan
1,1,0,Cristal//school,nan,nan
1,1,0,Cristal//marketplace,nan,nan
1,1,0,Cristal//pharmacy,nan,nan
1,1,0,Cristal//gas_station,nan,nan
1,1,0,Cristo Redentor//home,0.2167188968975243,0.20695706675023504
1,1,0,Cristo Redentor//work,nan,nan
1,1,0,Cristo Redentor//school,nan,nan
1,1,0,Cristo Redentor//marketplace,nan,nan
1,1,0,Cristo Redentor//pharmacy,nan,nan
1,1,0,Cristo Redentor//gas_station,nan,nan
1,1,0,Cristo Redentor//hospital,nan,nan
1,1,0,Cristo Redentor//shopping_mall,nan,nan
1,1,0,Espírito Santo//home,0.21459150909739566,0.22107266024497563
1,1,0,Espírito Santo//work,nan,nan
1,1,0,Espírito Santo//school,nan,nan
1,1,0,Espírito Santo//marketplace,nan,nan
1,1,0,Espírito Santo//pharmacy,nan,nan
1,1,0,Espírito Santo//gas_station,nan,nan
1,1,0,Extrema//home,0.22602221100454317,0.22143698468786807
1,1,0,Extrema//work,0.4,0.6666666666666666
1,1,0,Extrema//school,nan,nan
1,1,0,Extrema//marketplace,nan,nan
1,1,0,Extrema//pharmacy,nan,nan
1,1,0,Extrema//gas_station,nan,nan
1,1,0,Farrapos//home,0.24489097229537554,0.22089961023912358
1,1,0,Farrapos//work,nan,nan
1,1,0,Farrapos//school,nan,nan
1,1,0,Farrapos//marketplace,nan,nan
1,1,0,Farrapos//pharmacy,nan,nan
1,1,0,Farrapos//gas_station,nan,nan
1,1,0,Farrapos//stadium,nan,nan
1,1,0,Farroupilha//home,0.2515608740894901,0.22199098161637185
1,1,0,Farroupilha//work,0.43,0.6666666666666666
1,1,0,Farroupilha//school,nan,nan
1,1,0,Farroupilha//marketplace,nan,nan
1,1,0,Farroupilha//pharmacy,nan,nan
1,1,0,Farroupilha//gas_station,nan,nan
1,1,0,Farroupilha//hospital,nan,nan
1,1,0,Floresta//home,0.1871334943083822,0.2209957456594228
1,1,0,Floresta//work,0.37,0.6666666666666666
1,1,0,Floresta//school,nan,nan
1,1,0,Floresta//marketplace,nan,nan
1,1,0,Floresta//pharmacy,nan,nan
1,1,0,Floresta//gas_station,nan,nan
1,1,0,Glória//home,0.19362286473109194,0.20748073479406853
1,1,0,Glória//work,0.3953333333333333,0.6666666666666666
1,1,0,Glória//school,nan,nan
1,1,0,Glória//marketplace,nan,nan
1,1,0,Glória//pharmacy,nan,nan
1,1,0,Glória//gas_station,nan,nan
1,1,0,Glória//hospital,nan,nan
1,1,0,Guarujá//home,0.24480357514030346,0.22115984202868427
1,1,0,Guarujá//work,nan,nan
1,1,0,Guarujá//school,nan,nan
1,1,0,Guarujá//marketplace,nan,nan
1,1,0,Guarujá//pharmacy,nan,nan
1,1,0,Guarujá//gas_station,nan,nan
1,1,0,Higienópolis//home,0.2266725352112676,0.19920448617631717
1,1,0,Higienópolis//work,0.3913333333333333,0.6666666666666666
1,1,0,Higienópolis//school,nan,nan
1,1,0,Higienópolis//marketplace,nan,nan
1,1,0,Higienópolis//pharmacy,nan,nan
1,1,0,Higienópolis//gas_station,nan,nan
1,1,0,Hípica//home,0.2936531666213645,0.21487723113164808
1,1,0,Hípica//work,0.51,0.6666666666666666
1,1,0,Hípica//school,nan,nan
1,1,0,Hípica//marketplace,nan,nan
1,1,0,Hípica//pharmacy,nan,nan
1,1,0,Hípica//gas_station,nan,nan
1,1,0,Humaitá//home,0.272618201208674,0.21104396255480506
1,1,0,Humaitá//work,nan,nan
1,1,0,Humaitá//school,nan,nan
1,1,0,Humaitá//marketplace,nan,nan
1,1,0,Humaitá//pharmacy,nan,nan
1,1,0,Humaitá//gas_station,nan,nan
1,1,0,Independência//home,0.21190225959012085,0.19162725521107024
1,1,0,Independência//work,0.361,0.6666666666666666
1,1,0,Independência//school,nan,nan
1,1,0,Independência//marketplace,nan,nan
1,1,0,Independência//pharmacy,nan,nan
1,1,0,Independência//gas_station,nan,nan
1,1,0,Independência//hospital,nan,nan
1,1,0,Independência//shopping_mall,nan,nan
1,1,0,Ipanema//home,0.22347529307018846,0.2126922886679527
1,1,0,Ipanema//work,nan,nan
1,1,0,Ipanema//school,nan,nan
1,1,0,Ipanema//marketplace,nan,nan
1,1,0,Ipanema//pharmacy,nan,nan
1,1,0,Ipanema//gas_station,nan,nan
1,1,0,Jardim Botânico//home,0.2196110534302372,0.22096211697681228
1,1,0,Jardim Botânico//work,0.436,0.6666666666666666
1,1,0,Jardim Botânico//school,nan,nan
1,1,0,Jardim Botânico//marketplace,nan,nan
1,1,0,Jardim Botânico//pharmacy,nan,nan
1,1,0,Jardim Botânico//gas_station,nan,nan
1,1,0,Jardim Botânico//hospital,nan,nan
1,1,0,Jardim Botânico//shopping_mall,nan,nan
1,1,0,Jardim Carvalho//home,0.23378606445390984,0.21192638431246483
1,1,0,Jardim Carvalho//work,0.463,0.6666666666666666
1,1,0,Jardim Carvalho//school,nan,nan
1,1,0,Jardim Carvalho//marketplace,nan,nan
1,1,0,Jardim Carvalho//pharmacy,nan,nan
1,1,0,Jardim Carvalho//gas_station,nan,nan
1,1,0,Jardim Carvalho//hospital,nan,nan
1,1,0,Jardim do Salso//home,0.23683314415437004,0.22111237230419978
1,1,0,Jardim do Salso//work,0.452,0.6666666666666666
1,1,0,Jardim do Salso//school,nan,nan
1,1,0,Jardim do Salso//marketplace,nan,nan
1,1,0,Jardim do Salso//pharmacy,nan,nan
1,1,0,Jardim do Salso//gas_station,nan,nan
1,1,0,Jardim Leopoldina//home,0.24358324890239783,0.21467972531802318
1,1,0,Jardim Leopoldina//work,0.388,0.6666666666666666
1,1,0,Jardim Leopoldina//school,nan,nan
1,1,0,Jardim Leopoldina//marketplace,nan,nan
1,1,0,Jardim Leopoldina//pharmacy,nan,nan
1,1,0,Jardim Leopoldina//gas_station,nan,nan
1,1,0,Jardim Europa//home,0.25021748586341885,0.22096563723357981
1,1,0,Jardim Europa//work,nan,nan
1,1,0,Jardim Europa//school,nan,nan
1,1,0,Jardim Europa//marketplace,nan,nan
1,1,0,Jardim Europa//pharmacy,nan,nan
1,1,0,Jardim Europa//gas_station,nan,nan
1,1,0,Jardim Europa//shopping_mall,nan,nan
1,1,0,Jardim Floresta//home,0.19618907425580634,0.18471268127794133
1,1,0,Jardim Floresta//work,0.419,0.6666666666666666
1,1,0,Jardim Floresta//school,nan,nan
1,1,0,Jardim Floresta//marketplace,nan,nan
1,1,0,Jardim Floresta//pharmacy,nan,nan
1,1,0,Jardim Floresta//gas_station,nan,nan
1,1,0,Jardim Isabel//home,0.25458553791887123,0.22128159905937683
1,1,0,Jardim Isabel//work,0.42133333333333334,0.6666666666666666
1,1,0,Jardim Isabel//school,nan,nan
1,1,0,Jardim Isabel//marketplace,nan,nan
1,1,0,Jardim Isabel//pharmacy,nan,nan
1,1,0,Jardim Isabel//gas_station,nan,nan
1,1,0,Jardim Itú//home,0.2328600235254579,0.2209525943352191
1,1,0,Jardim Itú//work,nan,nan
1,1,0,Jardim Itú//school,nan,nan
1,1,0,Jardim Itú//marketplace,nan,nan
1,1,0,Jardim Itú//pharmacy,nan,nan
1,1,0,Jardim Itú//gas_station,nan,nan
1,1,0,Jardim Lindóia//home,0.22217001590284804,0.18871379692544937
1,1,0,Jardim Lindóia//work,0.39,0.6666666666666666
1,1,0,Jardim Lindóia//school,nan,nan
1,1,0,Jardim Lindóia//marketplace,nan,nan
1,1,0,Jardim Lindóia//pharmacy,nan,nan
1,1,0,Jardim Lindóia//gas_station,nan,nan
1,1,0,Jardim Lindóia//shopping_mall,nan,nan
1,1,0,Jardim Sabará//home,0.186512370311253,0.18531524341580208
1,1,0,Jardim Sabará//work,0.486,0.6666666666666666
1,1,0,Jardim Sabará//school,nan,nan
1,1,0,Jardim Sabará//marketplace,nan,nan
1,1,0,Jardim Sabará//pharmacy,nan,nan
1,1,0,Jardim Sabará//gas_station,nan,nan
1,1,0,Jardim São Pedro//home,0.2196244013108142,0.22132593899672295
1,1,0,Jardim São Pedro//work,0.454,0.6666666666666666
1,1,0,Jardim São Pedro//school,nan,nan
1,1,0,Jardim São Pedro//marketplace,nan,nan
1,1,0,Jardim São Pedro//pharmacy,nan,nan
1,1,0,Jardim São Pedro//gas_station,nan,nan
1,1,0,Lageado//home,0.2576991742914528,0.22123038012348434
1,1,0,Lageado//work,nan,nan
1,1,0,Lageado//school,nan,nan
1,1,0,Lageado//marketplace,nan,nan
1,1,0,Lageado//pharmacy,nan,nan
1,1,0,Lageado//gas_station,nan,nan
1,1,0,Lami//home,0.2574609466076008,0.22103054325017488
1,1,0,Lami//work,nan,nan
1,1,0,Lami//school,nan,nan
1,1,0,Lami//marketplace,nan,nan
1,1,0,Lami//pharmacy,nan,nan
1,1,0,Lami//gas_station,nan,nan
1,1,0,Lomba do Pinheiro//home,0.2551849627247995,0.20908266497073338
1,1,0,Lomba do Pinheiro//work,0.481,0.6666666666666666
1,1,0,Lomba do Pinheiro//school,nan,nan
1,1,0,Lomba do Pinheiro//marketplace,nan,nan
1,1,0,Lomba do Pinheiro//pharmacy,nan,nan
1,1,0,Lomba do Pinheiro//gas_station,nan,nan
1,1,0,Mário Quintana//home,0.28962158111652303,0.21195739442273726
1,1,0,Mário Quintana//work,0.46,0.6666666666666666
1,1,0,Mário Quintana//school,nan,nan
1,1,0,Mário Quintana//marketplace,nan,nan
1,1,0,Mário Quintana//pharmacy,nan,nan
1,1,0,Mário Quintana//gas_station,nan,nan
1,1,0,Medianeira//home,0.1772304748017862,0.21082049880008505
1,1,0,Medianeira//work,nan,nan
1,1,0,Medianeira//school,nan,nan
1,1,0,Medianeira//marketplace,nan,nan
1,1,0,Medianeira//pharmacy,nan,nan
1,1,0,Medianeira//gas_station,nan,nan
1,1,0,Menino Deus//home,0.22287112561174552,0.20637302882001088
1,1,0,Menino Deus//work,0.406,0.6666666666666666
1,1,0,Menino Deus//school,nan,nan
1,1,0,Menino Deus//marketplace,nan,nan
1,1,0,Menino Deus//pharmacy,nan,nan
1,1,0,Menino Deus//gas_station,nan,nan
1,1,0,Menino Deus//hospital,nan,nan
1,1,0,Moinhos de Vento//home,0.24147503716009444,0.20145142957069162
1,1,0,Moinhos de Vento//work,0.368,0.6666666666666666
1,1,0,Moinhos de Vento//school,nan,nan
1,1,0,Moinhos de Vento//marketplace,nan,nan
1,1,0,Moinhos de Vento//pharmacy,nan,nan
1,1,0,Moinhos de Vento//gas_station,nan,nan
1,1,0,Moinhos de Vento//hospital,nan,nan
1,1,0,Moinhos de Vento//shopping_mall,nan,nan
1,1,0,Mont'Serrat//home,0.23843983251410886,0.21081376297105406
1,1,0,Mont'Serrat//work,0.41733333333333333,0.6666666666666666
1,1,0,Mont'Serrat//school,nan,nan
1,1,0,Mont'Serrat//marketplace,nan,nan
1,1,0,Mont'Serrat//pharmacy,nan,nan
1,1,0,Mont'Serrat//gas_station,nan,nan
1,1,0,Morro Santana//home,0.23800825921219823,0.20916278413101794
1,1,0,Morro Santana//work,0.457,0.6666666666666666
1,1,0,Morro Santana//school,nan,nan
1,1,0,Morro Santana//marketplace,nan,nan
1,1,0,Morro Santana//pharmacy,nan,nan
1,1,0,Morro Santana//gas_station,nan,nan
1,1,0,Navegantes//home,0.1907652685798381,0.1937699288692666
1,1,0,Navegantes//work,0.388,0.6666666666666666
1,1,0,Navegantes//school,nan,nan
1,1,0,Navegantes//marketplace,nan,nan
1,1,0,Navegantes//pharmacy,nan,nan
1,1,0,Navegantes//gas_station,nan,nan
1,1,0,Navegantes//shopping_mall,nan,nan
1,1,0,Nonoai//home,0.21670115894039735,0.20245584988962473
1,1,0,Nonoai//work,0.41,0.6666666666666666
1,1,0,Nonoai//school,nan,nan
1,1,0,Nonoai//marketplace,nan,nan
1,1,0,Nonoai//pharmacy,nan,nan
1,1,0,Nonoai//gas_station,nan,nan
1,1,0,Parque Santa Fé//home,0.24828599412340843,0.20285123517248885
1,1,0,Parque Santa Fé//work,0.491,0.6666666666666666
1,1,0,Parque Santa Fé//school,nan,nan
1,1,0,Parque Santa Fé//marketplace,nan,nan
1,1,0,Parque Santa Fé//pharmacy,nan,nan
1,1,0,Parque Santa Fé//gas_station,nan,nan
1,1,0,Partenon//home,0.20281778334376957,0.21857649759966605
1,1,0,Partenon//work,0.378,0.6666666666666666
1,1,0,Partenon//school,nan,nan
1,1,0,Partenon//marketplace,nan,nan
1,1,0,Partenon//pharmacy,nan,nan
1,1,0,Partenon//gas_station,nan,nan
1,1,0,Passo D'Areia//home,0.055179320869896985,0.19966933740302684
1,1,0,Passo D'Areia//work,nan,nan
1,1,0,Passo D'Areia//school,nan,nan
1,1,0,Passo D'Areia//marketplace,nan,nan
1,1,0,Passo D'Areia//pharmacy,nan,nan
1,1,0,Passo D'Areia//gas_station,nan,nan
1,1,0,Passo das Pedras//home,0.23022261350773487,0.22097849327128663
1,1,0,Passo das Pedras//work,0.44666666666666666,0.6666666666666666
1,1,0,Passo das Pedras//school,nan,nan
1,1,0,Passo das Pedras//marketplace,nan,nan
1,1,0,Passo das Pedras//pharmacy,nan,nan
1,1,0,Passo das Pedras//gas_station,nan,nan
1,1,0,Pedra Redonda//home,0.30656934306569344,0.22384428223844283
1,1,0,Pedra Redonda//work,nan,nan
1,1,0,Pedra Redonda//school,nan,nan
1,1,0,Pedra Redonda//marketplace,nan,nan
1,1,0,Pedra Redonda//pharmacy,nan,nan
1,1,0,Pedra Redonda//gas_station,nan,nan
1,1,0,Petrópolis//home,0.24143532191376255,0.2179204925808588
1,1,0,Petrópolis//work,0.43,0.6666666666666666
1,1,0,Petrópolis//school,nan,nan
1,1,0,Petrópolis//marketplace,nan,nan
1,1,0,Petrópolis//pharmacy,nan,nan
1,1,0,Petrópolis//gas_station,nan,nan
1,1,0,Pitinga//home,0.2587316176470588,0.22120098039215685
1,1,0,Pitinga//work,0.498,0.6666666666666666
1,1,0,Pitinga//school,nan,nan
1,1,0,Pitinga//marketplace,nan,nan
1,1,0,Pitinga//pharmacy,nan,nan
1,1,0,Pitinga//gas_station,nan,nan
1,1,0,Ponta Grossa//home,0.2631019830028329,0.2079005350960025
1,1,0,Ponta Grossa//work,nan,nan
1,1,0,Ponta Grossa//school,nan,nan
1,1,0,Ponta Grossa//marketplace,nan,nan
1,1,0,Ponta Grossa//pharmacy,nan,nan
1,1,0,Ponta Grossa//gas_station,nan,nan
1,1,0,Praia de Belas//home,0.18906181499342395,0.2209557211749233
1,1,0,Praia de Belas//work,nan,nan
1,1,0,Praia de Belas//school,nan,nan
1,1,0,Praia de Belas//marketplace,nan,nan
1,1,0,Praia de Belas//pharmacy,nan,nan
1,1,0,Praia de Belas//gas_station,nan,nan
1,1,0,Praia de Belas//stadium,nan,nan
1,1,0,Praia de Belas//shopping_mall,nan,nan
1,1,0,Restinga//home,0.23957704497434348,0.2166842740718382
1,1,0,Restinga//work,0.424,0.6666666666666666
1,1,0,Restinga//school,nan,nan
1,1,0,Restinga//marketplace,nan,nan
1,1,0,Restinga//pharmacy,nan,nan
1,1,0,Restinga//gas_station,nan,nan
1,1,0,Restinga//hospital,nan,nan
1,1,0,Rio Branco//home,0.23414237636187327,0.22090392257524766
1,1,0,Rio Branco//work,nan,nan
1,1,0,Rio Branco//school,nan,nan
1,1,0,Rio Branco//marketplace,nan,nan
1,1,0,Rio Branco//pharmacy,nan,nan
1,1,0,Rio Branco//gas_station,nan,nan
1,1,0,Rio Branco//hospital,nan,nan
1,1,0,Rubem Berta//home,0.17093991129473238,0.21755068149138262
1,1,0,Rubem Berta//work,0.444,0.6666666666666666
1,1,0,Rubem Berta//school,nan,nan
1,1,0,Rubem Berta//marketplace,nan,nan
1,1,0,Rubem Berta//pharmacy,nan,nan
1,1,0,Rubem Berta//gas_station,nan,nan
1,1,0,Santa Cecília//home,0.22354113809351214,0.20079739035882566
1,1,0,Santa Cecília//work,0.512,0.6666666666666666
1,1,0,Santa Cecília//school,nan,nan
1,1,0,Santa Cecília//marketplace,nan,nan
1,1,0,Santa Cecília//pharmacy,nan,nan
1,1,0,Santa Cecília//gas_station,nan,nan
1,1,0,Santa Cecília//hospital,nan,nan
1,1,0,Santa Maria Goretti//home,0.32252778569392987,0.22095563788353756
1,1,0,Santa Maria Goretti//work,0.278,0.6666666666666666
1,1,0,Santa Maria Goretti//school,nan,nan
1,1,0,Santa Maria Goretti//marketplace,nan,nan
1,1,0,Santa Maria Goretti//pharmacy,nan,nan
1,1,0,Santa Maria Goretti//gas_station,nan,nan
1,1,0,Santa Rosa de Lima//home,0.235932879740476,0.21449009081426618
1,1,0,Santa Rosa de Lima//work,nan,nan
1,1,0,Santa Rosa de Lima//school,nan,nan
1,1,0,Santa Rosa de Lima//marketplace,nan,nan
1,1,0,Santa Rosa de Lima//pharmacy,nan,nan
1,1,0,Santa Rosa de Lima//gas_station,nan,nan
1,1,0,Santa Tereza//home,0.2249535942227986,0.21808596299404143
1,1,0,Santa Tereza//work,0.422,0.6666666666666666
1,1,0,Santa Tereza//school,nan,nan
1,1,0,Santa Tereza//marketplace,nan,nan
1,1,0,Santa Tereza//pharmacy,nan,nan
1,1,0,Santa Tereza//gas_station,nan,nan
1,1,0,Santana//home,0.21908122893567136,0.21550334587017048
1,1,0,Santana//work,0.3466666666666667,0.6666666666666666
1,1,0,Santana//school,nan,nan
1,1,0,Santana//marketplace,nan,nan
1,1,0,Santana//pharmacy,nan,nan
1,1,0,Santana//gas_station,nan,nan
1,1,0,Santana//hospital,nan,nan
1,1,0,Santo Antônio//home,0.1958213926109519,0.21232540727544988
1,1,0,Santo Antônio//work,0.403,0.6666666666666666
1,1,0,Santo Antônio//school,nan,nan
1,1,0,Santo Antônio//marketplace,nan,nan
1,1,0,Santo Antônio//pharmacy,nan,nan
1,1,0,Santo Antônio//gas_station,nan,nan
1,1,0,São Caetano//home,0.25726552179656537,0.22192866578599735
1,1,0,São Caetano//work,nan,nan
1,1,0,São Caetano//school,nan,nan
1,1,0,São Caetano//marketplace,nan,nan
1,1,0,São Caetano//pharmacy,nan,nan
1,1,0,São Caetano//gas_station,nan,nan
1,1,0,São Geraldo//home,0.21457781361594286,0.2210958798909496
1,1,0,São Geraldo//work,nan,nan
1,1,0,São Geraldo//school,nan,nan
1,1,0,São Geraldo//marketplace,nan,nan
1,1,0,São Geraldo//pharmacy,nan,nan
1,1,0,São Geraldo//gas_station,nan,nan
1,1,0,São João//home,0.21956412825651303,0.2117011801380539
1,1,0,São João//work,nan,nan
1,1,0,São João//school,nan,nan
1,1,0,São João//marketplace,nan,nan
1,1,0,São João//pharmacy,nan,nan
1,1,0,São João//gas_station,nan,nan
1,1,0,São João//shopping_mall,nan,nan
1,1,0,São Sebastião//home,0.2270622595811369,0.2210191385287553
1,1,0,São Sebastião//work,0.456,0.6666666666666666
1,1,0,São Sebastião//school,nan,nan
1,1,0,São Sebastião//marketplace,nan,nan
1,1,0,São Sebastião//pharmacy,nan,nan
1,1,0,São Sebastião//gas_station,nan,nan
1,1,0,São Sebastião//shopping_mall,nan,nan
1,1,0,Sarandi//home,0.21820536181269087,0.21713822948828262
1,1,0,Sarandi//work,0.384,0.6666666666666666
1,1,0,Sarandi//school,nan,nan
1,1,0,Sarandi//marketplace,nan,nan
1,1,0,Sarandi//pharmacy,nan,nan
1,1,0,Sarandi//gas_station,nan,nan
1,1,0,Sarandi//shopping_mall,nan,nan
1,1,0,Serraria//home,0.20744510338195224,0.22097558369396805
1,1,0,Serraria//work,nan,nan
1,1,0,Serraria//school,nan,nan
1,1,0,Serraria//marketplace,nan,nan
1,1,0,Serraria//pharmacy,nan,nan
1,1,0,Serraria//gas_station,nan,nan
1,1,0,Sétimo Céu//home,0.24887133182844243,0.2217205919237522
1,1,0,Sétimo Céu//work,nan,nan
1,1,0,Sétimo Céu//school,nan,nan
1,1,0,Sétimo Céu//marketplace,nan,nan
1,1,0,Sétimo Céu//pharmacy,nan,nan
1,1,0,Sétimo Céu//gas_station,nan,nan
1,1,0,Teresópolis//home,0.2296292453482742,0.21318392474233935
1,1,0,Teresópolis//work,0.452,0.6666666666666666
1,1,0,Teresópolis//school,nan,nan
1,1,0,Teresópolis//marketplace,nan,nan
1,1,0,Teresópolis//pharmacy,nan,nan
1,1,0,Teresópolis//gas_station,nan,nan
1,1,0,Teresópolis//hospital,nan,nan
1,1,0,Três Figueiras//home,0.18034398034398033,0.22096642096642097
1,1,0,Três Figueiras//work,0.446,0.6666666666666666
1,1,0,Três Figueiras//school,nan,nan
1,1,0,Três Figueiras//marketplace,nan,nan
1,1,0,Três Figueiras//pharmacy,nan,nan
1,1,0,Três Figueiras//gas_station,nan,nan
1,1,0,Três Figueiras//shopping_mall,nan,nan
1,1,0,Tristeza//home,0.21465311755112282,0.1999330907874378
1,1,0,Tristeza//work,0.44,0.6666666666666666
1,1,0,Tristeza//school,nan,nan
1,1,0,Tristeza//marketplace,nan,nan
1,1,0,Tristeza//pharmacy,nan,nan
1,1,0,Tristeza//gas_station,nan,nan
1,1,0,Vila Assunção//home,0.20778632865550023,0.22106533876565565
1,1,0,Vila Assunção//work,0.439,0.6666666666666666
1,1,0,Vila Assunção//school,nan,nan
1,1,0,Vila Assunção//marketplace,nan,nan
1,1,0,Vila Assunção//pharmacy,nan,nan
1,1,0,Vila Assunção//gas_station,nan,nan
1,1,0,Vila Assunção//hospital,nan,nan
1,1,0,Vila Conceição//home,0.23072646404744254,0.2213985668396343
1,1,0,Vila Conceição//work,0.432,0.6666666666666666
1,1,0,Vila Conceição//school,nan,nan
1,1,0,Vila Conceição//marketplace,nan,nan
1,1,0,Vila Conceição//pharmacy,nan,nan
1,1,0,Vila Conceição//gas_station,nan,nan
1,1,0,Vila Ipiranga//home,0.2105084469552936,0.2148948883698191
1,1,0,Vila Ipiranga//work,nan,nan
1,1,0,Vila Ipiranga//school,nan,nan
1,1,0,Vila Ipiranga//marketplace,nan,nan
1,1,0,Vila Ipiranga//pharmacy,nan,nan
1,1,0,Vila Ipiranga//gas_station,nan,nan
1,1,0,Vila Jardim//home,0.21493289862764425,0.22094169383577222
1,1,0,Vila Jardim//work,0.392,0.6666666666666666
1,1,0,Vila Jardim//school,nan,nan
1,1,0,Vila Jardim//marketplace,nan,nan
1,1,0,Vila Jardim//pharmacy,nan,nan
1,1,0,Vila Jardim//gas_station,nan,nan
1,1,0,Vila João Pessoa//home,0.2178255322542062,0.20317359062275736
1,1,0,Vila João Pessoa//work,0.3953333333333333,0.6666666666666666
1,1,0,Vila João Pessoa//school,nan,nan
1,1,0,Vila João Pessoa//marketplace,nan,nan
1,1,0,Vila João Pessoa//pharmacy,nan,nan
1,1,0,Vila João Pessoa//gas_station,nan,nan
1,1,0,Vila Nova//home,0.2039553942882167,0.21393641757118875
1,1,0,Vila Nova//work,0.452,0.6666666666666666
1,1,0,Vila Nova//school,nan,nan
1,1,0,Vila Nova//marketplace,nan,nan
1,1,0,Vila Nova//pharmacy,nan,nan
1,1,0,Vila Nova//gas_station,nan,nan
1,1,0,Vila Nova//hospital,nan,nan
1,1,0,São José//home,0.2513642302666974,0.2123331539978992
1,1,0,São José//work,0.472,0.6666666666666666
1,1,0,São José//school,nan,nan
1,1,0,São José//marketplace,nan,nan
1,1,0,São José//pharmacy,nan,nan
1,1,0,São José//gas_station,nan,nan
2,2,0,Aberta dos Morros//home,0.24496433067561896,0.22100993145894532
2,2,0,Aberta dos Morros//work,nan,nan
2,2,0,Aberta dos Morros//school,nan,nan
2,2,0,Aberta dos Morros//marketplace,nan,nan
2,2,0,Aberta dos Morros//pharmacy,nan,nan
2,2,0,Aberta dos Morros//gas_station,nan,nan
2,2,0,Agronomia//home,0.2294079794079794,0.22165022165022166
2,2,0,Agronomia//work,nan,nan
2,2,0,Agronomia//school,nan,nan
2,2,0,Agronomia//marketplace,nan,nan
2,2,0,Agronomia//pharmacy,nan,nan
2,2,0,Agronomia//gas_station,nan,nan
2,2,0,Anchieta//home,0.28829051383399207,0.22134387351778656
2,2,0,Anchieta//work,0.398,0.6666666666666666
2,2,0,Anchieta//school,nan,nan
2,2,0,Anchieta//marketplace,nan,nan
2,2,0,Anchieta//pharmacy,nan,nan
2,2,0,Anchieta//gas_station,nan,nan
2,2,0,Arquipélago//home,0.25241336633663364,0.20717821782178217
2,2,0,Arquipélago//work,0.404,0.6666666666666666
2,2,0,Arquipélago//school,nan,nan
2,2,0,Arquipélago//marketplace,nan,nan
2,2,0,Arquipélago//pharmacy,nan,nan
2,2,0,Arquipélago//gas_station,nan,nan
2,2,0,Auxiliadora//home,0.24834761953939893,0.22093703741953252
2,2,0,Auxiliadora//work,0.45,0.6666666666666666
2,2,0,Auxiliadora//school,nan,nan
2,2,0,Auxiliadora//marketplace,nan,nan
2,2,0,Auxiliadora//pharmacy,nan,nan
2,2,0,Auxiliadora//gas_station,nan,nan
2,2,0,Azenha//home,0.19200956244566791,0.2209021539650343
2,2,0,Azenha//work,0.4,0.6666666666666666
2,2,0,Azenha//school,nan,nan
2,2,0,Azenha//marketplace,nan,nan
2,2,0,Azenha//pharmacy,nan,nan
2,2,0,Azenha//gas_station,nan,nan
2,2,0,Azenha//hospital,nan,nan
2,2,0,Azenha//shopping_mall,nan,nan
2,2,0,Bela Vista//home,0.24957580385170103,0.22092135403410537
2,2,0,Bela Vista//work,0.382,0.6666666666666666
2,2,0,Bela Vista//school,nan,nan
2,2,0,Bela Vista//marketplace,nan,nan
2,2,0,Bela Vista//pharmacy,nan,nan
2,2,0,Bela Vista//gas_station,nan,nan
2,2,0,Belém Novo//home,0.21475247524752475,0.22092409240924094
2,2,0,Belém Novo//work,nan,nan
2,2,0,Belém Novo//school,nan,nan
2,2,0,Belém Novo//marketplace,nan,nan
2,2,0,Belém Novo//pharmacy,nan,nan
2,2,0,Belém Novo//gas_station,nan,nan
2,2,0,Belém Velho//home,0.2483467170524327,0.21048653755314123
2,2,0,Belém Velho//work,0.408,0.6666666666666666
2,2,0,Belém Velho//school,nan,nan
2,2,0,Belém Velho//marketplace,nan,nan
2,2,0,Belém Velho//pharmacy,nan,nan
2,2,0,Belém Velho//gas_station,nan,nan
2,2,0,Boa Vista//home,0.21812200346832603,0.20966370838858853
2,2,0,Boa Vista//work,0.342,0.6666666666666666
2,2,0,Boa Vista//school,nan,nan
2,2,0,Boa Vista//marketplace,nan,nan
2,2,0,Boa Vista//pharmacy,nan,nan
2,2,0,Boa Vista//gas_station,nan,nan
2,2,0,Boa Vista do Sul//home,0.2407722195240408,0.16707139388052453
2,2,0,Boa Vista do Sul//work,nan,nan
2,2,0,Boa Vista do Sul//school,nan,nan
2,2,0,Boa Vista do Sul//marketplace,nan,nan
2,2,0,Boa Vista do Sul//pharmacy,nan,nan
2,2,0,Boa Vista do Sul//gas_station,nan,nan
2,2,0,Bom Fim//home,0.21871901198954297,0.2008473812314072
2,2,0,Bom Fim//work,0.435,0.6666666666666666
2,2,0,Bom Fim//school,nan,nan
2,2,0,Bom Fim//marketplace,nan,nan
2,2,0,Bom Fim//pharmacy,nan,nan
2,2,0,Bom Fim//gas_station,nan,nan
2,2,0,Bom Jesus//home,0.23097604259094942,0.21300207039337474
2,2,0,Bom Jesus//work,0.39,0.6666666666666666
2,2,0,Bom Jesus//school,nan,nan
2,2,0,Bom Jesus//marketplace,nan,nan
2,2,0,Bom Jesus//pharmacy,nan,nan
2,2,0,Bom Jesus//gas_station,nan,nan
2,2,0,Camaquã//home,0.2131838513591008,0.20812784340711854
2,2,0,Camaquã//work,0.422,0.6666666666666666
2,2,0,Camaquã//school,nan,nan
2,2,0,Camaquã//marketplace,nan,nan
2,2,0,Camaquã//pharmacy,nan,nan
2,2,0,Camaquã//gas_station,nan,nan
2,2,0,Campo Novo//home,0.25079853981291356,0.22092934823940985
2,2,0,Campo Novo//work,nan,nan
2,2,0,Campo Novo//school,nan,nan
2,2,0,Campo Novo//marketplace,nan,nan
2,2,0,Campo Novo//pharmacy,nan,nan
2,2,0,Campo Novo//gas_station,nan,nan
2,2,0,Cascata//home,0.25048927668596593,0.1936992035662834
2,2,0,Cascata//work,0.456,0.6666666666666666
2,2,0,Cascata//school,nan,nan
2,2,0,Cascata//marketplace,nan,nan
2,2,0,Cascata//pharmacy,nan,nan
2,2,0,Cascata//gas_station,nan,nan
2,2,0,Cavalhada//home,0.21249869787145387,0.2131555493825017
2,2,0,Cavalhada//work,0.422,0.6666666666666666
2,2,0,Cavalhada//school,nan,nan
2,2,0,Cavalhada//marketplace,nan,nan
2,2,0,Cavalhada//pharmacy,nan,nan
2,2,0,Cavalhada//gas_station,nan,nan
2,2,0,Cavalhada//shopping_mall,nan,nan
2,2,0,Centro Histórico//home,0.24832048744922403,0.2122001180432594
2,2,0,Centro Histórico//work,0.406,0.6666666666666666
2,2,0,Centro Histórico//school,nan,nan
2,2,0,Centro Histórico//marketplace,nan,nan
2,2,0,Centro Histórico//pharmacy,nan,nan
2,2,0,Centro Histórico//gas_station,nan,nan
2,2,0,Centro Histórico//hospital,nan,nan
2,2,0,Centro Histórico//shopping_mall,nan,nan
2,2,0,Chácara das Pedras//home,0.22622975404919016,0.22105578884223157
2,2,0,Chácara das Pedras//work,0.445,0.6666666666666666
2,2,0,Chácara das Pedras//school,nan,nan
2,2,0,Chácara das Pedras//marketplace,nan,nan
2,2,0,Chácara das Pedras//pharmacy,nan,nan
2,2,0,Chácara das Pedras//gas_station,nan,nan
2,2,0,Chapéu do Sol//home,0.28248216297408935,0.17949680811115284
2,2,0,Chapéu do Sol//work,0.516,0.6666666666666666
2,2,0,Chapéu do Sol//school,nan,nan
2,2,0,Chapéu do Sol//marketplace,nan,nan
2,2,0,Chapéu do Sol//pharmacy,nan,nan
2,2,0,Chapéu do Sol//gas_station,nan,nan
2,2,0,Cidade Baixa//home,0.2589893581862648,0.21354132240509396
2,2,0,Cidade Baixa//work,0.378,0.6666666666666666
2,2,0,Cidade Baixa//school,nan,nan
2,2,0,Cidade Baixa//marketplace,nan,nan
2,2,0,Cidade Baixa//pharmacy,nan,nan
2,2,0,Cidade Baixa//gas_station,nan,nan
2,2,0,Cel. Aparício Borges//home,0.2366142162487024,0.19657979566191336
2,2,0,Cel. Aparício Borges//work,0.426,0.6666666666666666
2,2,0,Cel. Aparício Borges//school,nan,nan
2,2,0,Cel. Aparício Borges//marketplace,nan,nan
2,2,0,Cel. Aparício Borges//pharmacy,nan,nan
2,2,0,Cel. Aparício Borges//gas_station,nan,nan
2,2,0,Costa e Silva//home,0.2728597932679565,0.19882498453927025
2,2,0,Costa e Silva//work,0.44533333333333336,0.6666666666666666
2,2,0,Costa e Silva//school,nan,nan
2,2,0,Costa e Silva//marketplace,nan,nan
2,2,0,Costa e Silva//pharmacy,nan,nan
2,2,0,Costa e Silva//gas_station,nan,nan
2,2,0,Cristal//home,0.2213427051172568,0.19895333815060545
2,2,0,Cristal//work,nan,nan
2,2,0,Cristal//school,nan,nan
2,2,0,Cristal//marketplace,nan,nan
2,2,0,Cristal//pharmacy,nan,nan
2,2,0,Cristal//gas_station,nan,nan
2,2,0,Cristo Redentor//home,0.2167188968975243,0.20695706675023504
2,2,0,Cristo Redentor//work,nan,nan
2,2,0,Cristo Redentor//school,nan,nan
2,2,0,Cristo Redentor//marketplace,nan,nan
2,2,0,Cristo Redentor//pharmacy,nan,nan
2,2,0,Cristo Redentor//gas_station,nan,nan
2,2,0,Cristo Redentor//hospital,nan,nan
2,2,0,Cristo Redentor//shopping_mall,nan,nan
2,2,0,Espírito Santo//home,0.21459150909739566,0.22107266024497563
2,2,0,Espírito Santo//work,nan,nan
2,2,0,Espírito Santo//school,nan,nan
2,2,0,Espírito Santo//marketplace,nan,nan
2,2,0,Espírito Santo//pharmacy,nan,nan
2,2,0,Espírito Santo//gas_station,nan,nan
2,2,0,Extrema//home,0.22602221100454317,0.22143698468786807
2,2,0,Extrema//work,0.4,0.6666666666666666
2,2,0,Extrema//school,nan,nan
2,2,0,Extrema//marketplace,nan,nan
2,2,0,Extrema//pharmacy,nan,nan
2,2,0,Extrema//gas_station,nan,nan
2,2,0,Farrapos//home,0.24489097229537554,0.22089961023912358
2,2,0,Farrapos//work,nan,nan
2,2,0,Farrapos//school,nan,nan
2,2,0,Farrapos//marketplace,nan,nan
2,2,0,Farrapos//pharmacy,nan,nan
2,2,0,Farrapos//gas_station,nan,nan
2,2,0,Farrapos//stadium,nan,nan
2,2,0,Farroupilha//home,0.2515608740894901,0.22199098161637185
2,2,0,Farroupilha//work,0.43,0.6666666666666666
2,2,0,Farroupilha//school,nan,nan
2,2,0,Farroupilha//marketplace,nan,nan
2,2,0,Farroupilha//pharmacy,nan,nan
2,2,0,Farroupilha//gas_station,nan,nan
2,2,0,Farroupilha//hospital,nan,nan
2,2,0,Floresta//home,0.1871334943083822,0.2209957456594228
2,2,0,Floresta//work,0.37,0.6666666666666666
2,2,0,Floresta//school,nan,nan
2,2,0,Floresta//marketplace,nan,nan
2,2,0,Floresta//pharmacy,nan,nan
2,2,0,Floresta//gas_station,nan,nan
2,2,0,Glória//home,0.19362286473109194,0.20748073479406853
2,2,0,Glória//work,0.3953333333333333,0.6666666666666666
2,2,0,Glória//school,nan,nan
2,2,0,Glória//marketplace,nan,nan
2,2,0,Glória//pharmacy,nan,nan
2,2,0,Glória//gas_station,nan,nan
2,2,0,Glória//hospital,nan,nan
2,2,0,Guarujá//home,0.24480357514030346,0.22115984202868427
2,2,0,Guarujá//work,0.486,0.6666666666666666
2,2,0,Guarujá//school,nan,nan
2,2,0,Guarujá//marketplace,nan,nan
2,2,0,Guarujá//pharmacy,nan,nan
2,2,0,Guarujá//gas_station,nan,nan
2,2,0,Higienópolis//home,0.22548626428714658,0.18748746741527972
2,2,0,Higienópolis//work,0.3913333333333333,0.6666666666666666
2,2,0,Higienópolis//school,nan,nan
2,2,0,Higienópolis//marketplace,nan,nan
2,2,0,Higienópolis//pharmacy,nan,nan
2,2,0,Higienópolis//gas_station,nan,nan
2,2,0,Hípica//home,0.29301460457426287,0.20865252135574539
2,2,0,Hípica//work,0.485,0.6666666666666666
2,2,0,Hípica//school,nan,nan
2,2,0,Hípica//marketplace,nan,nan
2,2,0,Hípica//pharmacy,nan,nan
2,2,0,Hípica//gas_station,nan,nan
2,2,0,Humaitá//home,0.272618201208674,0.21104396255480506
2,2,0,Humaitá//work,nan,nan
2,2,0,Humaitá//school,nan,nan
2,2,0,Humaitá//marketplace,nan,nan
2,2,0,Humaitá//pharmacy,nan,nan
2,2,0,Humaitá//gas_station,nan,nan
2,2,0,Independência//home,0.21190225959012085,0.19162725521107024
2,2,0,Independência//work,0.361,0.6666666666666666
2,2,0,Independência//school,nan,nan
2,2,0,Independência//marketplace,nan,nan
2,2,0,Independência//pharmacy,nan,nan
2,2,0,Independência//gas_station,nan,nan
2,2,0,Independência//hospital,nan,nan
2,2,0,Independência//shopping_mall,nan,nan
2,2,0,Ipanema//home,0.22347529307018846,0.2126922886679527
2,2,0,Ipanema//work,nan,nan
2,2,0,Ipanema//school,nan,nan
2,2,0,Ipanema//marketplace,nan,nan
2,2,0,Ipanema//pharmacy,nan,nan
2,2,0,Ipanema//gas_station,nan,nan
2,2,0,Jardim Botânico//home,0.2196110534302372,0.22096211697681228
2,2,0,Jardim Botânico//work,0.436,0.6666666666666666
2,2,0,Jardim Botânico//school,nan,nan
2,2,0,Jardim Botânico//marketplace,nan,nan
2,2,0,Jardim Botânico//pharmacy,nan,nan
2,2,0,Jardim Botânico//gas_station,nan,nan
2,2,0,Jardim Botânico//hospital,nan,nan
2,2,0,Jardim Botânico//shopping_mall,nan,nan
2,2,0,Jardim Carvalho//home,0.23392596200681928,0.20731179303999567
2,2,0,Jardim Carvalho//work,0.463,0.6666666666666666
2,2,0,Jardim Carvalho//school,nan,nan
2,2,0,Jardim Carvalho//marketplace,nan,nan
2,2,0,Jardim Carvalho//pharmacy,nan,nan
2,2,0,Jardim Carvalho//gas_station,nan,nan
2,2,0,Jardim Carvalho//hospital,nan,nan
2,2,0,Jardim do Salso//home,0.22503201024327785,0.16406316688006828
2,2,0,Jardim do Salso//work,0.43466666666666665,0.6666666666666666
2,2,0,Jardim do Salso//school,nan,nan
2,2,0,Jardim do Salso//marketplace,nan,nan
2,2,0,Jardim do Salso//pharmacy,nan,nan
2,2,0,Jardim do Salso//gas_station,nan,nan
2,2,0,Jardim Leopoldina//home,0.24129367435487553,0.20822866712339194
2,2,0,Jardim Leopoldina//work,0.423,0.6666666666666666
2,2,0,Jardim Leopoldina//school,nan,nan
2,2,0,Jardim Leopoldina//marketplace,nan,nan
2,2,0,Jardim Leopoldina//pharmacy,nan,nan
2,2,0,Jardim Leopoldina//gas_station,nan,nan
2,2,0,Jardim Europa//home,0.25021748586341885,0.22096563723357981
2,2,0,Jardim Europa//work,0.466,0.6666666666666666
2,2,0,Jardim Europa//school,nan,nan
2,2,0,Jardim Europa//marketplace,nan,nan
2,2,0,Jardim Europa//pharmacy,nan,nan
2,2,0,Jardim Europa//gas_station,nan,nan
2,2,0,Jardim Europa//shopping_mall,nan,nan
2,2,0,Jardim Floresta//home,0.19618907425580634,0.18471268127794133
2,2,0,Jardim Floresta//work,0.446,0.6666666666666666
2,2,0,Jardim Floresta//school,nan,nan
2,2,0,Jardim Floresta//marketplace,nan,nan
2,2,0,Jardim Floresta//pharmacy,nan,nan
2,2,0,Jardim Floresta//gas_station,nan,nan
2,2,0,Jardim Isabel//home,0.25458553791887123,0.22128159905937683
2,2,0,Jardim Isabel//work,0.42133333333333334,0.6666666666666666
2,2,0,Jardim Isabel//school,nan,nan
2,2,0,Jardim Isabel//marketplace,nan,nan
2,2,0,Jardim Isabel//pharmacy,nan,nan
2,2,0,Jardim Isabel//gas_station,nan,nan
2,2,0,Jardim Itú//home,0.2328600235254579,0.2209525943352191
2,2,0,Jardim Itú//work,nan,nan
2,2,0,Jardim Itú//school,nan,nan
2,2,0,Jardim Itú//marketplace,nan,nan
2,2,0,Jardim Itú//pharmacy,nan,nan
2,2,0,Jardim Itú//gas_station,nan,nan
2,2,0,Jardim Lindóia//home,0.21842657867106643,0.17079146042697865
2,2,0,Jardim Lindóia//work,0.39,0.6666666666666666
2,2,0,Jardim Lindóia//school,nan,nan
2,2,0,Jardim Lindóia//marketplace,nan,nan
2,2,0,Jardim Lindóia//pharmacy,nan,nan
2,2,0,Jardim Lindóia//gas_station,nan,nan
2,2,0,Jardim Lindóia//shopping_mall,nan,nan
2,2,0,Jardim Sabará//home,0.186512370311253,0.18531524341580208
2,2,0,Jardim Sabará//work,0.486,0.6666666666666666
2,2,0,Jardim Sabará//school,nan,nan
2,2,0,Jardim Sabará//marketplace,nan,nan
2,2,0,Jardim Sabará//pharmacy,nan,nan
2,2,0,Jardim Sabará//gas_station,nan,nan
2,2,0,Jardim São Pedro//home,0.2196244013108142,0.22132593899672295
2,2,0,Jardim São Pedro//work,0.454,0.6666666666666666
2,2,0,Jardim São Pedro//school,nan,nan
2,2,0,Jardim São Pedro//marketplace,nan,nan
2,2,0,Jardim São Pedro//pharmacy,nan,nan
2,2,0,Jardim São Pedro//gas_station,nan,nan
2,2,0,Lageado//home,0.2576991742914528,0.22123038012348434
2,2,0,Lageado//work,nan,nan
2,2,0,Lageado//school,nan,nan
2,2,0,Lageado//marketplace,nan,nan
2,2,0,Lageado//pharmacy,nan,nan
2,2,0,Lageado//gas_station,nan,nan
2,2,0,Lami//home,0.2574609466076008,0.22103054325017488
2,2,0,Lami//work,0.488,0.6666666666666666
2,2,0,Lami//school,nan,nan
2,2,0,Lami//marketplace,nan,nan
2,2,0,Lami//pharmacy,nan,nan
2,2,0,Lami//gas_station,nan,nan
2,2,0,Lomba do Pinheiro//home,0.2551849627247995,0.20908266497073338
2,2,0,Lomba do Pinheiro//work,0.482,0.6666666666666666
2,2,0,Lomba do Pinheiro//school,nan,nan
2,2,0,Lomba do Pinheiro//marketplace,nan,nan
2,2,0,Lomba do Pinheiro//pharmacy,nan,nan
2,2,0,Lomba do Pinheiro//gas_station,nan,nan
2,2,0,Mário Quintana//home,0.28962158111652303,0.21195739442273726
2,2,0,Mário Quintana//work,0.46,0.6666666666666666
2,2,0,Mário Quintana//school,nan,nan
2,2,0,Mário Quintana//marketplace,nan,nan
2,2,0,Mário Quintana//pharmacy,nan,nan
2,2,0,Mário Quintana//gas_station,nan,nan
2,2,0,Medianeira//home,0.1772304748017862,0.21082049880008505
2,2,0,Medianeira//work,0.47,0.6666666666666666
2,2,0,Medianeira//school,nan,nan
2,2,0,Medianeira//marketplace,nan,nan
2,2,0,Medianeira//pharmacy,nan,nan
2,2,0,Medianeira//gas_station,nan,nan
2,2,0,Menino Deus//home,0.22167763157894738,0.20258771929824562
2,2,0,Menino Deus//work,0.406,0.6666666666666666
2,2,0,Menino Deus//school,nan,nan
2,2,0,Menino Deus//marketplace,nan,nan
2,2,0,Menino Deus//pharmacy,nan,nan
2,2,0,Menino Deus//gas_station,nan,nan
2,2,0,Menino Deus//hospital,nan,nan
2,2,0,Moinhos de Vento//home,0.24147503716009444,0.20145142957069162
2,2,0,Moinhos de Vento//work,0.368,0.6666666666666666
2,2,0,Moinhos de Vento//school,nan,nan
2,2,0,Moinhos de Vento//marketplace,nan,nan
2,2,0,Moinhos de Vento//pharmacy,nan,nan
2,2,0,Moinhos de Vento//gas_station,nan,nan
2,2,0,Moinhos de Vento//hospital,nan,nan
2,2,0,Moinhos de Vento//shopping_mall,nan,nan
2,2,0,Mont'Serrat//home,0.23843983251410886,0.21081376297105406
2,2,0,Mont'Serrat//work,0.41733333333333333,0.6666666666666666
2,2,0,Mont'Serrat//school,nan,nan
2,2,0,Mont'Serrat//marketplace,nan,nan
2,2,0,Mont'Serrat//pharmacy,nan,nan
2,2,0,Mont'Serrat//gas_station,nan,nan
2,2,0,Morro Santana//home,0.23800825921219823,0.20916278413101794
2,2,0,Morro Santana//work,0.457,0.6666666666666666
2,2,0,Morro Santana//school,nan,nan
2,2,0,Morro Santana//marketplace,nan,nan
2,2,0,Morro Santana//pharmacy,nan,nan
2,2,0,Morro Santana//gas_station,nan,nan
2,2,0,Navegantes//home,0.1907652685798381,0.1937699288692666
2,2,0,Navegantes//work,0.388,0.6666666666666666
2,2,0,Navegantes//school,nan,nan
2,2,0,Navegantes//marketplace,nan,nan
2,2,0,Navegantes//pharmacy,nan,nan
2,2,0,Navegantes//gas_station,nan,nan
2,2,0,Navegantes//shopping_mall,nan,nan
2,2,0,Nonoai//home,0.21666666666666667,0.19760211905757702
2,2,0,Nonoai//work,0.427,0.6666666666666666
2,2,0,Nonoai//school,nan,nan
2,2,0,Nonoai//marketplace,nan,nan
2,2,0,Nonoai//pharmacy,nan,nan
2,2,0,Nonoai//gas_station,nan,nan
2,2,0,Parque Santa Fé//home,0.24828599412340843,0.20285123517248885
2,2,0,Parque Santa Fé//work,0.492,0.6666666666666666
2,2,0,Parque Santa Fé//school,nan,nan
2,2,0,Parque Santa Fé//marketplace,nan,nan
2,2,0,Parque Santa Fé//pharmacy,nan,nan
2,2,0,Parque Santa Fé//gas_station,nan,nan
2,2,0,Partenon//home,0.20291077831681079,0.2138508050340997
2,2,0,Partenon//work,0.39266666666666666,0.6666666666666666
2,2,0,Partenon//school,nan,nan
2,2,0,Partenon//marketplace,nan,nan
2,2,0,Partenon//pharmacy,nan,nan
2,2,0,Partenon//gas_station,nan,nan
2,2,0,Passo D'Areia//home,0.055179320869896985,0.19966933740302684
2,2,0,Passo D'Areia//work,0.48,0.6666666666666666
2,2,0,Passo D'Areia//school,nan,nan
2,2,0,Passo D'Areia//marketplace,nan,nan
2,2,0,Passo D'Areia//pharmacy,nan,nan
2,2,0,Passo D'Areia//gas_station,nan,nan
2,2,0,Passo das Pedras//home,0.2297789419882443,0.2138597836272255
2,2,0,Passo das Pedras//work,0.44666666666666666,0.6666666666666666
2,2,0,Passo das Pedras//school,nan,nan
2,2,0,Passo das Pedras//marketplace,nan,nan
2,2,0,Passo das Pedras//pharmacy,nan,nan
2,2,0,Passo das Pedras//gas_station,nan,nan
2,2,0,Pedra Redonda//home,0.30656934306569344,0.22384428223844283
2,2,0,Pedra Redonda//work,nan,nan
2,2,0,Pedra Redonda//school,nan,nan
2,2,0,Pedra Redonda//marketplace,nan,nan
2,2,0,Pedra Redonda//pharmacy,nan,nan
2,2,0,Pedra Redonda//gas_station,nan,nan
2,2,0,Petrópolis//home,0.24005297870040004,0.2148880960103795
2,2,0,Petrópolis//work,0.43,0.6666666666666666
2,2,0,Petrópolis//school,nan,nan
2,2,0,Petrópolis//marketplace,nan,nan
2,2,0,Petrópolis//pharmacy,nan,nan
2,2,0,Petrópolis//gas_station,nan,nan
2,2,0,Pitinga//home,0.2690151145782545,0.19405168210628962
2,2,0,Pitinga//work,0.498,0.6666666666666666
2,2,0,Pitinga//school,nan,nan
2,2,0,Pitinga//marketplace,nan,nan
2,2,0,Pitinga//pharmacy,nan,nan
2,2,0,Pitinga//gas_station,nan,nan
2,2,0,Ponta Grossa//home,0.2631019830028329,0.2079005350960025
2,2,0,Ponta Grossa//work,nan,nan
2,2,0,Ponta Grossa//school,nan,nan
2,2,0,Ponta Grossa//marketplace,nan,nan
2,2,0,Ponta Grossa//pharmacy,nan,nan
2,2,0,Ponta Grossa//gas_station,nan,nan
2,2,0,Praia de Belas//home,0.18906181499342395,0.2209557211749233
2,2,0,Praia de Belas//work,nan,nan
2,2,0,Praia de Belas//school,nan,nan
2,2,0,Praia de Belas//marketplace,nan,nan
2,2,0,Praia de Belas//pharmacy,nan,nan
2,2,0,Praia de Belas//gas_station,nan,nan
2,2,0,Praia de Belas//stadium,nan,nan
2,2,0,Praia de Belas//shopping_mall,nan,nan
2,2,0,Restinga//home,0.2393760188028356,0.21455197947862567
2,2,0,Restinga//work,0.424,0.6666666666666666
2,2,0,Restinga//school,nan,nan
2,2,0,Restinga//marketplace,nan,nan
2,2,0,Restinga//pharmacy,nan,nan
2,2,0,Restinga//gas_station,nan,nan
2,2,0,Restinga//hospital,nan,nan
2,2,0,Rio Branco//home,0.23414237636187327,0.22090392257524766
2,2,0,Rio Branco//work,0.368,0.6666666666666666
2,2,0,Rio Branco//school,nan,nan
2,2,0,Rio Branco//marketplace,nan,nan
2,2,0,Rio Branco//pharmacy,nan,nan
2,2,0,Rio Branco//gas_station,nan,nan
2,2,0,Rio Branco//hospital,nan,nan
2,2,0,Rubem Berta//home,0.1714827966205461,0.2141137096445043
2,2,0,Rubem Berta//work,0.444,0.6666666666666666
2,2,0,Rubem Berta//school,nan,nan
2,2,0,Rubem Berta//marketplace,nan,nan
2,2,0,Rubem Berta//pharmacy,nan,nan
2,2,0,Rubem Berta//gas_station,nan,nan
2,2,0,Santa Cecília//home,0.22354113809351214,0.20079739035882566
2,2,0,Santa Cecília//work,0.455,0.6666666666666666
2,2,0,Santa Cecília//school,nan,nan
2,2,0,Santa Cecília//marketplace,nan,nan
2,2,0,Santa Cecília//pharmacy,nan,nan
2,2,0,Santa Cecília//gas_station,nan,nan
2,2,0,Santa Cecília//hospital,nan,nan
2,2,0,Santa Maria Goretti//home,0.3247161706044799,0.18676485629538714
2,2,0,Santa Maria Goretti//work,0.368,0.6666666666666666
2,2,0,Santa Maria Goretti//school,nan,nan
2,2,0,Santa Maria Goretti//marketplace,nan,nan
2,2,0,Santa Maria Goretti//pharmacy,nan,nan
2,2,0,Santa Maria Goretti//gas_station,nan,nan
2,2,0,Santa Rosa de Lima//home,0.2357733568516323,0.21122131297651062
2,2,0,Santa Rosa de Lima//work,0.472,0.6666666666666666
2,2,0,Santa Rosa de Lima//school,nan,nan
2,2,0,Santa Rosa de Lima//marketplace,nan,nan
2,2,0,Santa Rosa de Lima//pharmacy,nan,nan
2,2,0,Santa Rosa de Lima//gas_station,nan,nan
2,2,0,Santa Tereza//home,0.2253264480902465,0.2123093036632584
2,2,0,Santa Tereza//work,0.426,0.6666666666666666
2,2,0,Santa Tereza//school,nan,nan
2,2,0,Santa Tereza//marketplace,nan,nan
2,2,0,Santa Tereza//pharmacy,nan,nan
2,2,0,Santa Tereza//gas_station,nan,nan
2,2,0,Santana//home,0.21908122893567136,0.21550334587017048
2,2,0,Santana//work,0.3466666666666667,0.6666666666666666
2,2,0,Santana//school,nan,nan
2,2,0,Santana//marketplace,nan,nan
2,2,0,Santana//pharmacy,nan,nan
2,2,0,Santana//gas_station,nan,nan
2,2,0,Santana//hospital,nan,nan
2,2,0,Santo Antônio//home,0.19254008372166495,0.2033541321117342
2,2,0,Santo Antônio//work,0.403,0.6666666666666666
2,2,0,Santo Antônio//school,nan,nan
2,2,0,Santo Antônio//marketplace,nan,nan
2,2,0,Santo Antônio//pharmacy,nan,nan
2,2,0,Santo Antônio//gas_station,nan,nan
2,2,0,São Caetano//home,0.25726552179656537,0.22192866578599735
2,2,0,São Caetano//work,nan,nan
2,2,0,São Caetano//school,nan,nan
2,2,0,São Caetano//marketplace,nan,nan
2,2,0,São Caetano//pharmacy,nan,nan
2,2,0,São Caetano//gas_station,nan,nan
2,2,0,São Geraldo//home,0.21457781361594286,0.2210958798909496
2,2,0,São Geraldo//work,nan,nan
2,2,0,São Geraldo//school,nan,nan
2,2,0,São Geraldo//marketplace,nan,nan
2,2,0,São Geraldo//pharmacy,nan,nan
2,2,0,São Geraldo//gas_station,nan,nan
2,2,0,São João//home,0.21956412825651303,0.2117011801380539
2,2,0,São João//work,nan,nan
2,2,0,São João//school,nan,nan
2,2,0,São João//marketplace,nan,nan
2,2,0,São João//pharmacy,nan,nan
2,2,0,São João//gas_station,nan,nan
2,2,0,São João//shopping_mall,nan,nan
2,2,0,São Sebastião//home,0.2270622595811369,0.2210191385287553
2,2,0,São Sebastião//work,0.456,0.6666666666666666
2,2,0,São Sebastião//school,nan,nan
2,2,0,São Sebastião//marketplace,nan,nan
2,2,0,São Sebastião//pharmacy,nan,nan
2,2,0,São Sebastião//gas_station,nan,nan
2,2,0,São Sebastião//shopping_mall,nan,nan
2,2,0,Sarandi//home,0.21603783257292253,0.21137711248953367
2,2,0,Sarandi//work,0.384,0.6666666666666666
2,2,0,Sarandi//school,nan,nan
2,2,0,Sarandi//marketplace,nan,nan
2,2,0,Sarandi//pharmacy,nan,nan
2,2,0,Sarandi//gas_station,nan,nan
2,2,0,Sarandi//shopping_mall,nan,nan
2,2,0,Serraria//home,0.2041659709467357,0.20237101352479545
2,2,0,Serraria//work,nan,nan
2,2,0,Serraria//school,nan,nan
2,2,0,Serraria//marketplace,nan,nan
2,2,0,Serraria//pharmacy,nan,nan
2,2,0,Serraria//gas_station,nan,nan
2,2,0,Sétimo Céu//home,0.24887133182844243,0.2217205919237522
2,2,0,Sétimo Céu//work,nan,nan
2,2,0,Sétimo Céu//school,nan,nan
2,2,0,Sétimo Céu//marketplace,nan,nan
2,2,0,Sétimo Céu//pharmacy,nan,nan
2,2,0,Sétimo Céu//gas_station,nan,nan
2,2,0,Teresópolis//home,0.2296292453482742,0.21318392474233935
2,2,0,Teresópolis//work,0.452,0.6666666666666666
2,2,0,Teresópolis//school,nan,nan
2,2,0,Teresópolis//marketplace,nan,nan
2,2,0,Teresópolis//pharmacy,nan,nan
2,2,0,Teresópolis//gas_station,nan,nan
2,2,0,Teresópolis//hospital,nan,nan
2,2,0,Três Figueiras//home,0.18034398034398033,0.22096642096642097
2,2,0,Três Figueiras//work,0.412,0.6666666666666666
2,2,0,Três Figueiras//school,nan,nan
2,2,0,Três Figueiras//marketplace,nan,nan
2,2,0,Três Figueiras//pharmacy,nan,nan
2,2,0,Três Figueiras//gas_station,nan,nan
2,2,0,Três Figueiras//shopping_mall,nan,nan
2,2,0,Tristeza//home,0.21558756054040276,0.1924972385079446
2,2,0,Tristeza//work,0.44,0.6666666666666666
2,2,0,Tristeza//school,nan,nan
2,2,0,Tristeza//marketplace,nan,nan
2,2,0,Tristeza//pharmacy,nan,nan
2,2,0,Tristeza//gas_station,nan,nan
2,2,0,Vila Assunção//home,0.20778632865550023,0.22106533876565565
2,2,0,Vila Assunção//work,0.456,0.6666666666666666
2,2,0,Vila Assunção//school,nan,nan
2,2,0,Vila Assunção//marketplace,nan,nan
2,2,0,Vila Assunção//pharmacy,nan,nan
2,2,0,Vila Assunção//gas_station,nan,nan
2,2,0,Vila Assunção//hospital,nan,nan
2,2,0,Vila Conceição//home,0.23072646404744254,0.2213985668396343
2,2,0,Vila Conceição//work,0.432,0.6666666666666666
2,2,0,Vila Conceição//school,nan,nan
2,2,0,Vila Conceição//marketplace,nan,nan
2,2,0,Vila Conceição//pharmacy,nan,nan
2,2,0,Vila Conceição//gas_station,nan,nan
2,2,0,Vila Ipiranga//home,0.2105084469552936,0.2148948883698191
2,2,0,Vila Ipiranga//work,0.422,0.6666666666666666
2,2,0,Vila Ipiranga//school,nan,nan
2,2,0,Vila Ipiranga//marketplace,nan,nan
2,2,0,Vila Ipiranga//pharmacy,nan,nan
2,2,0,Vila Ipiranga//gas_station,nan,nan
2,2,0,Vila Jardim//home,0.21493289862764425,0.22094169383577222
2,2,0,Vila Jardim//work,0.392,0.6666666666666666
2,2,0,Vila Jardim//school,nan,nan
2,2,0,Vila Jardim//marketplace,nan,nan
2,2,0,Vila Jardim//pharmacy,nan,nan
2,2,0,Vila Jardim//gas_station,nan,nan
2,2,0,Vila João Pessoa//home,0.2178255322542062,0.20317359062275736
2,2,0,Vila João Pessoa//work,0.4272,0.6666666666666666
2,2,0,Vila João Pessoa//school,nan,nan
2,2,0,Vila João Pessoa//marketplace,nan,nan
2,2,0,Vila João Pessoa//pharmacy,nan,nan
2,2,0,Vila João Pessoa//gas_station,nan,nan
2,2,0,Vila Nova//home,0.20334026923925722,0.21036812846138486
2,2,0,Vila Nova//work,0.427,0.6666666666666666
2,2,0,Vila Nova//school,nan,nan
2,2,0,Vila Nova//marketplace,nan,nan
2,2,0,Vila Nova//pharmacy,nan,nan
2,2,0,Vila Nova//gas_station,nan,nan
2,2,0,Vila Nova//hospital,nan,nan
2,2,0,São José//home,0.2513642302666974,0.2123331539978992
2,2,0,São José//work,0.472,0.6666666666666666
2,2,0,São José//school,nan,nan
2,2,0,São José//marketplace,nan,nan
2,2,0,São José//pharmacy,nan,nan
2,2,0,São José//gas_station,nan,nan
3,3,0,Aberta dos Morros//home,0.24496433067561896,0.22100993145894532
3,3,0,Aberta dos Morros//work,0.408,0.6666666666666666
3,3,0,Aberta dos Morros//school,nan,nan
3,3,0,Aberta dos Morros//marketplace,nan,nan
3,3,0,Aberta dos Morros//pharmacy,nan,nan
3,3,0,Aberta dos Morros//gas_station,nan,nan
3,3,0,Agronomia//home,0.2294079794079794,0.22165022165022166
3,3,0,Agronomia//work,nan,nan
3,3,0,Agronomia//school,nan,nan
3,3,0,Agronomia//marketplace,nan,nan
3,3,0,Agronomia//pharmacy,nan,nan
3,3,0,Agronomia//gas_station,nan,nan
3,3,0,Anchieta//home,0.28829051383399207,0.22134387351778656
3,3,0,Anchieta//work,0.398,0.6666666666666666
3,3,0,Anchieta//school,nan,nan
3,3,0,Anchieta//marketplace,nan,nan
3,3,0,Anchieta//pharmacy,nan,nan
3,3,0,Anchieta//gas_station,nan,nan
3,3,0,Arquipélago//home,0.25241336633663364,0.20717821782178217
3,3,0,Arquipélago//work,0.404,0.6666666666666666
3,3,0,Arquipélago//school,nan,nan
3,3,0,Arquipélago//marketplace,nan,nan
3,3,0,Arquipélago//pharmacy,nan,nan
3,3,0,Arquipélago//gas_station,nan,nan
3,3,0,Auxiliadora//home,0.24834761953939893,0.22093703741953252
3,3,0,Auxiliadora//work,0.45,0.6666666666666666
3,3,0,Auxiliadora//school,nan,nan
3,3,0,Auxiliadora//marketplace,nan,nan
3,3,0,Auxiliadora//pharmacy,nan,nan
3,3,0,Auxiliadora//gas_station,nan,nan
3,3,0,Azenha//home,0.19200956244566791,0.2209021539650343
3,3,0,Azenha//work,0.4095,0.6666666666666666
3,3,0,Azenha//school,nan,nan
3,3,0,Azenha//marketplace,nan,nan
3,3,0,Azenha//pharmacy,nan,nan
3,3,0,Azenha//gas_station,nan,nan
3,3,0,Azenha//hospital,nan,nan
3,3,0,Azenha//shopping_mall,nan,nan
3,3,0,Bela Vista//home,0.24735633180202826,0.21126231544884574
3,3,0,Bela Vista//work,0.382,0.6666666666666666
3,3,0,Bela Vista//school,nan,nan
3,3,0,Bela Vista//marketplace,nan,nan
3,3,0,Bela Vista//pharmacy,nan,nan
3,3,0,Bela Vista//gas_station,nan,nan
3,3,0,Belém Novo//home,0.21475247524752475,0.22092409240924094
3,3,0,Belém Novo//work,0.412,0.6666666666666666
3,3,0,Belém Novo//school,nan,nan
3,3,0,Belém Novo//marketplace,nan,nan
3,3,0,Belém Novo//pharmacy,nan,nan
3,3,0,Belém Novo//gas_station,nan,nan
3,3,0,Belém Velho//home,0.2483467170524327,0.21048653755314123
3,3,0,Belém Velho//work,0.481,0.6666666666666666
3,3,0,Belém Velho//school,nan,nan
3,3,0,Belém Velho//marketplace,nan,nan
3,3,0,Belém Velho//pharmacy,nan,nan
3,3,0,Belém Velho//gas_station,nan,nan
3,3,0,Boa Vista//home,0.21812200346832603,0.20966370838858853
3,3,0,Boa Vista//work,0.342,0.6666666666666666
3,3,0,Boa Vista//school,nan,nan
3,3,0,Boa Vista//marketplace,nan,nan
3,3,0,Boa Vista//pharmacy,nan,nan
3,3,0,Boa Vista//gas_station,nan,nan
3,3,0,Boa Vista do Sul//home,0.2407722195240408,0.16707139388052453
3,3,0,Boa Vista do Sul//work,nan,nan
3,3,0,Boa Vista do Sul//school,nan,nan
3,3,0,Boa Vista do Sul//marketplace,nan,nan
3,3,0,Boa Vista do Sul//pharmacy,nan,nan
3,3,0,Boa Vista do Sul//gas_station,nan,nan
3,3,0,Bom Fim//home,0.21871901198954297,0.2008473812314072
3,3,0,Bom Fim//work,0.435,0.6666666666666666
3,3,0,Bom Fim//school,nan,nan
3,3,0,Bom Fim//marketplace,nan,nan
3,3,0,Bom Fim//pharmacy,nan,nan
3,3,0,Bom Fim//gas_station,nan,nan
3,3,0,Bom Jesus//home,0.23097604259094942,0.21300207039337474
3,3,0,Bom Jesus//work,0.39,0.6666666666666666
3,3,0,Bom Jesus//school,nan,nan
3,3,0,Bom Jesus//marketplace,nan,nan
3,3,0,Bom Jesus//pharmacy,nan,nan
3,3,0,Bom Jesus//gas_station,nan,nan
3,3,0,Camaquã//home,0.2131838513591008,0.20812784340711854
3,3,0,Camaquã//work,0.424,0.6666666666666666
3,3,0,Camaquã//school,nan,nan
3,3,0,Camaquã//marketplace,nan,nan
3,3,0,Camaquã//pharmacy,nan,nan
3,3,0,Camaquã//gas_station,nan,nan
3,3,0,Campo Novo//home,0.24947158290277124,0.2078440582433067
3,3,0,Campo Novo//work,nan,nan
3,3,0,Campo Novo//school,nan,nan
3,3,0,Campo Novo//marketplace,nan,nan
3,3,0,Campo Novo//pharmacy,nan,nan
3,3,0,Campo Novo//gas_station,nan,nan
3,3,0,Cascata//home,0.25048927668596593,0.1936992035662834
3,3,0,Cascata//work,0.456,0.6666666666666666
3,3,0,Cascata//school,nan,nan
3,3,0,Cascata//marketplace,nan,nan
3,3,0,Cascata//pharmacy,nan,nan
3,3,0,Cascata//gas_station,nan,nan
3,3,0,Cavalhada//home,0.21249869787145387,0.2131555493825017
3,3,0,Cavalhada//work,0.422,0.6666666666666666
3,3,0,Cavalhada//school,nan,nan
3,3,0,Cavalhada//marketplace,nan,nan
3,3,0,Cavalhada//pharmacy,nan,nan
3,3,0,Cavalhada//gas_station,nan,nan
3,3,0,Cavalhada//shopping_mall,nan,nan
3,3,0,Centro Histórico//home,0.24832048744922403,0.2122001180432594
3,3,0,Centro Histórico//work,0.406,0.6666666666666666
3,3,0,Centro Histórico//school,nan,nan
3,3,0,Centro Histórico//marketplace,nan,nan
3,3,0,Centro Histórico//pharmacy,nan,nan
3,3,0,Centro Histórico//gas_station,nan,nan
3,3,0,Centro Histórico//hospital,nan,nan
3,3,0,Centro Histórico//shopping_mall,nan,nan
3,3,0,Chácara das Pedras//home,0.22622975404919016,0.22105578884223157
3,3,0,Chácara das Pedras//work,0.445,0.6666666666666666
3,3,0,Chácara das Pedras//school,nan,nan
3,3,0,Chácara das Pedras//marketplace,nan,nan
3,3,0,Chácara das Pedras//pharmacy,nan,nan
3,3,0,Chácara das Pedras//gas_station,nan,nan
3,3,0,Chapéu do Sol//home,0.28248216297408935,0.17949680811115284
3,3,0,Chapéu do Sol//work,0.516,0.6666666666666666
3,3,0,Chapéu do Sol//school,nan,nan
3,3,0,Chapéu do Sol//marketplace,nan,nan
3,3,0,Chapéu do Sol//pharmacy,nan,nan
3,3,0,Chapéu do Sol//gas_station,nan,nan
3,3,0,Cidade Baixa//home,0.2589893581862648,0.21354132240509396
3,3,0,Cidade Baixa//work,0.388,0.6666666666666666
3,3,0,Cidade Baixa//school,nan,nan
3,3,0,Cidade Baixa//marketplace,nan,nan
3,3,0,Cidade Baixa//pharmacy,nan,nan
3,3,0,Cidade Baixa//gas_station,nan,nan
3,3,0,Cel. Aparício Borges//home,0.23730551030725158,0.18337733340822707
3,3,0,Cel. Aparício Borges//work,0.43333333333333335,0.6666666666666666
3,3,0,Cel. Aparício Borges//school,nan,nan
3,3,0,Cel. Aparício Borges//marketplace,nan,nan
3,3,0,Cel. Aparício Borges//pharmacy,nan,nan
3,3,0,Cel. Aparício Borges//gas_station,nan,nan
3,3,0,Costa e Silva//home,0.27300902843282576,0.19094461662848672
3,3,0,Costa e Silva//work,0.44533333333333336,0.6666666666666666
3,3,0,Costa e Silva//school,nan,nan
3,3,0,Costa e Silva//marketplace,nan,nan
3,3,0,Costa e Silva//pharmacy,nan,nan
3,3,0,Costa e Silva//gas_station,nan,nan
3,3,0,Cristal//home,0.22092330109948338,0.19508102618448359
3,3,0,Cristal//work,nan,nan
3,3,0,Cristal//school,nan,nan
3,3,0,Cristal//marketplace,nan,nan
3,3,0,Cristal//pharmacy,nan,nan
3,3,0,Cristal//gas_station,nan,nan
3,3,0,Cristo Redentor//home,0.2167188968975243,0.20695706675023504
3,3,0,Cristo Redentor//work,nan,nan
3,3,0,Cristo Redentor//school,nan,nan
3,3,0,Cristo Redentor//marketplace,nan,nan
3,3,0,Cristo Redentor//pharmacy,nan,nan
3,3,0,Cristo Redentor//gas_station,nan,nan
3,3,0,Cristo Redentor//hospital,nan,nan
3,3,0,Cristo Redentor//shopping_mall,nan,nan
3,3,0,Espírito Santo//home,0.21459150909739566,0.22107266024497563
3,3,0,Espírito Santo//work,nan,nan
3,3,0,Espírito Santo//school,nan,nan
3,3,0,Espírito Santo//marketplace,nan,nan
3,3,0,Espírito Santo//pharmacy,nan,nan
3,3,0,Espírito Santo//gas_station,nan,nan
3,3,0,Extrema//home,0.22602221100454317,0.22143698468786807
3,3,0,Extrema//work,0.4,0.6666666666666666
3,3,0,Extrema//school,nan,nan
3,3,0,Extrema//marketplace,nan,nan
3,3,0,Extrema//pharmacy,nan,nan
3,3,0,Extrema//gas_station,nan,nan
3,3,0,Farrapos//home,0.24489097229537554,0.22089961023912358
3,3,0,Farrapos//work,nan,nan
3,3,0,Farrapos//school,nan,nan
3,3,0,Farrapos//marketplace,nan,nan
3,3,0,Farrapos//pharmacy,nan,nan
3,3,0,Farrapos//gas_station,nan,nan
3,3,0,Farrapos//stadium,nan,nan
3,3,0,Farroupilha//home,0.2515608740894901,0.22199098161637185
3,3,0,Farroupilha//work,0.43,0.6666666666666666
3,3,0,Farroupilha//school,nan,nan
3,3,0,Farroupilha//marketplace,nan,nan
3,3,0,Farroupilha//pharmacy,nan,nan
3,3,0,Farroupilha//gas_station,nan,nan
3,3,0,Farroupilha//hospital,nan,nan
3,3,0,Floresta//home,0.1871334943083822,0.2209957456594228
3,3,0,Floresta//work,0.37,0.6666666666666666
3,3,0,Floresta//school,nan,nan
3,3,0,Floresta//marketplace,nan,nan
3,3,0,Floresta//pharmacy,nan,nan
3,3,0,Floresta//gas_station,nan,nan
3,3,0,Glória//home,0.1948121590978734,0.20044534330248617
3,3,0,Glória//work,0.3953333333333333,0.6666666666666666
3,3,0,Glória//school,nan,nan
3,3,0,Glória//marketplace,nan,nan
3,3,0,Glória//pharmacy,nan,nan
3,3,0,Glória//gas_station,nan,nan
3,3,0,Glória//hospital,nan,nan
3,3,0,Guarujá//home,0.24462837097127824,0.196740480888694
3,3,0,Guarujá//work,0.468,0.6666666666666666
3,3,0,Guarujá//school,nan,nan
3,3,0,Guarujá//marketplace,nan,nan
3,3,0,Guarujá//pharmacy,nan,nan
3,3,0,Guarujá//gas_station,nan,nan
3,3,0,Higienópolis//home,0.22548626428714658,0.18748746741527972
3,3,0,Higienópolis//work,0.3913333333333333,0.6666666666666666
3,3,0,Higienópolis//school,nan,nan
3,3,0,Higienópolis//marketplace,nan,nan
3,3,0,Higienópolis//pharmacy,nan,nan
3,3,0,Higienópolis//gas_station,nan,nan
3,3,0,Hípica//home,0.2932523051131601,0.20225388842320946
3,3,0,Hípica//work,0.47933333333333333,0.6666666666666666
3,3,0,Hípica//school,nan,nan
3,3,0,Hípica//marketplace,nan,nan
3,3,0,Hípica//pharmacy,nan,nan
3,3,0,Hípica//gas_station,nan,nan
3,3,0,Humaitá//home,0.272618201208674,0.21104396255480506
3,3,0,Humaitá//work,nan,nan
3,3,0,Humaitá//school,nan,nan
3,3,0,Humaitá//marketplace,nan,nan
3,3,0,Humaitá//pharmacy,nan,nan
3,3,0,Humaitá//gas_station,nan,nan
3,3,0,Independência//home,0.21190225959012085,0.19162725521107024
3,3,0,Independência//work,0.361,0.6666666666666666
3,3,0,Independência//school,nan,nan
3,3,0,Independência//marketplace,nan,nan
3,3,0,Independência//pharmacy,nan,nan
3,3,0,Independência//gas_station,nan,nan
3,3,0,Independência//hospital,nan,nan
3,3,0,Independência//shopping_mall,nan,nan
3,3,0,Ipanema//home,0.2242591472633807,0.20411248866041729
3,3,0,Ipanema//work,0.49,0.6666666666666666
3,3,0,Ipanema//school,nan,nan
3,3,0,Ipanema//marketplace,nan,nan
3,3,0,Ipanema//pharmacy,nan,nan
3,3,0,Ipanema//gas_station,nan,nan
3,3,0,Jardim Botânico//home,0.2196110534302372,0.22096211697681228
3,3,0,Jardim Botânico//work,0.436,0.6666666666666666
3,3,0,Jardim Botânico//school,nan,nan
3,3,0,Jardim Botânico//marketplace,nan,nan
3,3,0,Jardim Botânico//pharmacy,nan,nan
3,3,0,Jardim Botânico//gas_station,nan,nan
3,3,0,Jardim Botânico//hospital,nan,nan
3,3,0,Jardim Botânico//shopping_mall,nan,nan
3,3,0,Jardim Carvalho//home,0.23396621012056099,0.20260258618332924
3,3,0,Jardim Carvalho//work,0.463,0.6666666666666666
3,3,0,Jardim Carvalho//school,nan,nan
3,3,0,Jardim Carvalho//marketplace,nan,nan
3,3,0,Jardim Carvalho//pharmacy,nan,nan
3,3,0,Jardim Carvalho//gas_station,nan,nan
3,3,0,Jardim Carvalho//hospital,nan,nan
3,3,0,Jardim do Salso//home,0.22503201024327785,0.16406316688006828
3,3,0,Jardim do Salso//work,0.43466666666666665,0.6666666666666666
3,3,0,Jardim do Salso//school,nan,nan
3,3,0,Jardim do Salso//marketplace,nan,nan
3,3,0,Jardim do Salso//pharmacy,nan,nan
3,3,0,Jardim do Salso//gas_station,nan,nan
3,3,0,Jardim Leopoldina//home,0.24129367435487553,0.20822866712339194
3,3,0,Jardim Leopoldina//work,0.423,0.6666666666666666
3,3,0,Jardim Leopoldina//school,nan,nan
3,3,0,Jardim Leopoldina//marketplace,nan,nan
3,3,0,Jardim Leopoldina//pharmacy,nan,nan
3,3,0,Jardim Leopoldina//gas_station,nan,nan
3,3,0,Jardim Europa//home,0.25021748586341885,0.22096563723357981
3,3,0,Jardim Europa//work,0.455,0.6666666666666666
3,3,0,Jardim Europa//school,nan,nan
3,3,0,Jardim Europa//marketplace,nan,nan
3,3,0,Jardim Europa//pharmacy,nan,nan
3,3,0,Jardim Europa//gas_station,nan,nan
3,3,0,Jardim Europa//shopping_mall,nan,nan
3,3,0,Jardim Floresta//home,0.19618907425580634,0.18471268127794133
3,3,0,Jardim Floresta//work,0.43,0.6666666666666666
3,3,0,Jardim Floresta//school,nan,nan
3,3,0,Jardim Floresta//marketplace,nan,nan
3,3,0,Jardim Floresta//pharmacy,nan,nan
3,3,0,Jardim Floresta//gas_station,nan,nan
3,3,0,Jardim Isabel//home,0.25458553791887123,0.22128159905937683
3,3,0,Jardim Isabel//work,0.42133333333333334,0.6666666666666666
3,3,0,Jardim Isabel//school,nan,nan
3,3,0,Jardim Isabel//marketplace,nan,nan
3,3,0,Jardim Isabel//pharmacy,nan,nan
3,3,0,Jardim Isabel//gas_station,nan,nan
3,3,0,Jardim Itú//home,0.23224734420269272,0.21462250752712606
3,3,0,Jardim Itú//work,nan,nan
3,3,0,Jardim Itú//school,nan,nan
3,3,0,Jardim Itú//marketplace,nan,nan
3,3,0,Jardim Itú//pharmacy,nan,nan
3,3,0,Jardim Itú//gas_station,nan,nan
3,3,0,Jardim Lindóia//home,0.2153264765466729,0.1514726507713885
3,3,0,Jardim Lindóia//work,0.418,0.6666666666666666
3,3,0,Jardim Lindóia//school,nan,nan
3,3,0,Jardim Lindóia//marketplace,nan,nan
3,3,0,Jardim Lindóia//pharmacy,nan,nan
3,3,0,Jardim Lindóia//gas_station,nan,nan
3,3,0,Jardim Lindóia//shopping_mall,nan,nan
3,3,0,Jardim Sabará//home,0.186512370311253,0.18531524341580208
3,3,0,Jardim Sabará//work,0.486,0.6666666666666666
3,3,0,Jardim Sabará//school,nan,nan
3,3,0,Jardim Sabará//marketplace,nan,nan
3,3,0,Jardim Sabará//pharmacy,nan,nan
3,3,0,Jardim Sabará//gas_station,nan,nan
3,3,0,Jardim São Pedro//home,0.2112590799031477,0.19137297103398798
3,3,0,Jardim São Pedro//work,0.454,0.6666666666666666
3,3,0,Jardim São Pedro//school,nan,nan
3,3,0,Jardim São Pedro//marketplace,nan,nan
3,3,0,Jardim São Pedro//pharmacy,nan,nan
3,3,0,Jardim São Pedro//gas_station,nan,nan
3,3,0,Lageado//home,0.2576991742914528,0.22123038012348434
3,3,0,Lageado//work,nan,nan
3,3,0,Lageado//school,nan,nan
3,3,0,Lageado//marketplace,nan,nan
3,3,0,Lageado//pharmacy,nan,nan
3,3,0,Lageado//gas_station,nan,nan
3,3,0,Lami//home,0.2574609466076008,0.22103054325017488
3,3,0,Lami//work,0.488,0.6666666666666666
3,3,0,Lami//school,nan,nan
3,3,0,Lami//marketplace,nan,nan
3,3,0,Lami//pharmacy,nan,nan
3,3,0,Lami//gas_station,nan,nan
3,3,0,Lomba do Pinheiro//home,0.2551192419618142,0.2070527834953983
3,3,0,Lomba do Pinheiro//work,0.456,0.6666666666666666
3,3,0,Lomba do Pinheiro//school,nan,nan
3,3,0,Lomba do Pinheiro//marketplace,nan,nan
3,3,0,Lomba do Pinheiro//pharmacy,nan,nan
3,3,0,Lomba do Pinheiro//gas_station,nan,nan
3,3,0,Mário Quintana//home,0.28962158111652303,0.21195739442273726
3,3,0,Mário Quintana//work,0.46,0.6666666666666666
3,3,0,Mário Quintana//school,nan,nan
3,3,0,Mário Quintana//marketplace,nan,nan
3,3,0,Mário Quintana//pharmacy,nan,nan
3,3,0,Mário Quintana//gas_station,nan,nan
3,3,0,Medianeira//home,0.1772304748017862,0.21082049880008505
3,3,0,Medianeira//work,0.43466666666666665,0.6666666666666666
3,3,0,Medianeira//school,nan,nan
3,3,0,Medianeira//marketplace,nan,nan
3,3,0,Medianeira//pharmacy,nan,nan
3,3,0,Medianeira//gas_station,nan,nan
3,3,0,Menino Deus//home,0.2199502487562189,0.1987396351575456
3,3,0,Menino Deus//work,0.406,0.6666666666666666
3,3,0,Menino Deus//school,nan,nan
3,3,0,Menino Deus//marketplace,nan,nan
3,3,0,Menino Deus//pharmacy,nan,nan
3,3,0,Menino Deus//gas_station,nan,nan
3,3,0,Menino Deus//hospital,nan,nan
3,3,0,Moinhos de Vento//home,0.24147503716009444,0.20145142957069162
3,3,0,Moinhos de Vento//work,0.371,0.6666666666666666
3,3,0,Moinhos de Vento//school,nan,nan
3,3,0,Moinhos de Vento//marketplace,nan,nan
3,3,0,Moinhos de Vento//pharmacy,nan,nan
3,3,0,Moinhos de Vento//gas_station,nan,nan
3,3,0,Moinhos de Vento//hospital,nan,nan
3,3,0,Moinhos de Vento//shopping_mall,nan,nan
3,3,0,Mont'Serrat//home,0.23843983251410886,0.21081376297105406
3,3,0,Mont'Serrat//work,0.41733333333333333,0.6666666666666666
3,3,0,Mont'Serrat//school,nan,nan
3,3,0,Mont'Serrat//marketplace,nan,nan
3,3,0,Mont'Serrat//pharmacy,nan,nan
3,3,0,Mont'Serrat//gas_station,nan,nan
3,3,0,Morro Santana//home,0.23763279321815645,0.20302607575920162
3,3,0,Morro Santana//work,0.462,0.6666666666666666
3,3,0,Morro Santana//school,nan,nan
3,3,0,Morro Santana//marketplace,nan,nan
3,3,0,Morro Santana//pharmacy,nan,nan
3,3,0,Morro Santana//gas_station,nan,nan
3,3,0,Navegantes//home,0.1907652685798381,0.1937699288692666
3,3,0,Navegantes//work,0.388,0.6666666666666666
3,3,0,Navegantes//school,nan,nan
3,3,0,Navegantes//marketplace,nan,nan
3,3,0,Navegantes//pharmacy,nan,nan
3,3,0,Navegantes//gas_station,nan,nan
3,3,0,Navegantes//shopping_mall,nan,nan
3,3,0,Nonoai//home,0.21680050718512256,0.1926458157227388
3,3,0,Nonoai//work,0.427,0.6666666666666666
3,3,0,Nonoai//school,nan,nan
3,3,0,Nonoai//marketplace,nan,nan
3,3,0,Nonoai//pharmacy,nan,nan
3,3,0,Nonoai//gas_station,nan,nan
3,3,0,Parque Santa Fé//home,0.24828599412340843,0.20285123517248885
3,3,0,Parque Santa Fé//work,0.487,0.6666666666666666
3,3,0,Parque Santa Fé//school,nan,nan
3,3,0,Parque Santa Fé//marketplace,nan,nan
3,3,0,Parque Santa Fé//pharmacy,nan,nan
3,3,0,Parque Santa Fé//gas_station,nan,nan
3,3,0,Partenon//home,0.20291077831681079,0.2138508050340997
3,3,0,Partenon//work,0.39266666666666666,0.6666666666666666
3,3,0,Partenon//school,nan,nan
3,3,0,Partenon//marketplace,nan,nan
3,3,0,Partenon//pharmacy,nan,nan
3,3,0,Partenon//gas_station,nan,nan
3,3,0,Passo D'Areia//home,0.055179320869896985,0.19966933740302684
3,3,0,Passo D'Areia//work,0.48,0.6666666666666666
3,3,0,Passo D'Areia//school,nan,nan
3,3,0,Passo D'Areia//marketplace,nan,nan
3,3,0,Passo D'Areia//pharmacy,nan,nan
3,3,0,Passo D'Areia//gas_station,nan,nan
3,3,0,Passo das Pedras//home,0.2297789419882443,0.2138597836272255
3,3,0,Passo das Pedras//work,0.4116,0.6666666666666666
3,3,0,Passo das Pedras//school,nan,nan
3,3,0,Passo das Pedras//marketplace,nan,nan
3,3,0,Passo das Pedras//pharmacy,nan,nan
3,3,0,Passo das Pedras//gas_station,nan,nan
3,3,0,Pedra Redonda//home,0.30656934306569344,0.22384428223844283
3,3,0,Pedra Redonda//work,0.428,0.6666666666666666
3,3,0,Pedra Redonda//school,nan,nan
3,3,0,Pedra Redonda//marketplace,nan,nan
3,3,0,Pedra Redonda//pharmacy,nan,nan
3,3,0,Pedra Redonda//gas_station,nan,nan
3,3,0,Petrópolis//home,0.23646747227280251,0.2055399216465265
3,3,0,Petrópolis//work,0.43,0.6666666666666666
3,3,0,Petrópolis//school,nan,nan
3,3,0,Petrópolis//marketplace,nan,nan
3,3,0,Petrópolis//pharmacy,nan,nan
3,3,0,Petrópolis//gas_station,nan,nan
3,3,0,Pitinga//home,0.2690151145782545,0.19405168210628962
3,3,0,Pitinga//work,0.498,0.6666666666666666
3,3,0,Pitinga//school,nan,nan
3,3,0,Pitinga//marketplace,nan,nan
3,3,0,Pitinga//pharmacy,nan,nan
3,3,0,Pitinga//gas_station,nan,nan
3,3,0,Ponta Grossa//home,0.2631019830028329,0.2079005350960025
3,3,0,Ponta Grossa//work,nan,nan
3,3,0,Ponta Grossa//school,nan,nan
3,3,0,Ponta Grossa//marketplace,nan,nan
3,3,0,Ponta Grossa//pharmacy,nan,nan
3,3,0,Ponta Grossa//gas_station,nan,nan
3,3,0,Praia de Belas//home,0.18906181499342395,0.2209557211749233
3,3,0,Praia de Belas//work,0.39,0.6666666666666666
3,3,0,Praia de Belas//school,nan,nan
3,3,0,Praia de Belas//marketplace,nan,nan
3,3,0,Praia de Belas//pharmacy,nan,nan
3,3,0,Praia de Belas//gas_station,nan,nan
3,3,0,Praia de Belas//stadium,nan,nan
3,3,0,Praia de Belas//shopping_mall,nan,nan
3,3,0,Restinga//home,0.23971585282242705,0.21239938041187376
3,3,0,Restinga//work,0.424,0.6666666666666666
3,3,0,Restinga//school,nan,nan
3,3,0,Restinga//marketplace,nan,nan
3,3,0,Restinga//pharmacy,nan,nan
3,3,0,Restinga//gas_station,nan,nan
3,3,0,Restinga//hospital,nan,nan
3,3,0,Rio Branco//home,0.23414237636187327,0.22090392257524766
3,3,0,Rio Branco//work,0.368,0.6666666666666666
3,3,0,Rio Branco//school,nan,nan
3,3,0,Rio Branco//marketplace,nan,nan
3,3,0,Rio Branco//pharmacy,nan,nan
3,3,0,Rio Branco//gas_station,nan,nan
3,3,0,Rio Branco//hospital,nan,nan
3,3,0,Rubem Berta//home,0.17192609044358073,0.21062372755876366
3,3,0,Rubem Berta//work,0.413,0.6666666666666666
3,3,0,Rubem Berta//school,nan,nan
3,3,0,Rubem Berta//marketplace,nan,nan
3,3,0,Rubem Berta//pharmacy,nan,nan
3,3,0,Rubem Berta//gas_station,nan,nan
3,3,0,Santa Cecília//home,0.22354113809351214,0.20079739035882566
3,3,0,Santa Cecília//work,0.455,0.6666666666666666
3,3,0,Santa Cecília//school,nan,nan
3,3,0,Santa Cecília//marketplace,nan,nan
3,3,0,Santa Cecília//pharmacy,nan,nan
3,3,0,Santa Cecília//gas_station,nan,nan
3,3,0,Santa Cecília//hospital,nan,nan
3,3,0,Santa Maria Goretti//home,0.34205716184778995,0.14689265536723164
3,3,0,Santa Maria Goretti//work,0.368,0.6666666666666666
3,3,0,Santa Maria Goretti//school,nan,nan
3,3,0,Santa Maria Goretti//marketplace,nan,nan
3,3,0,Santa Maria Goretti//pharmacy,nan,nan
3,3,0,Santa Maria Goretti//gas_station,nan,nan
3,3,0,Santa Rosa de Lima//home,0.23593190225147817,0.20790493111583608
3,3,0,Santa Rosa de Lima//work,0.472,0.6666666666666666
3,3,0,Santa Rosa de Lima//school,nan,nan
3,3,0,Santa Rosa de Lima//marketplace,nan,nan
3,3,0,Santa Rosa de Lima//pharmacy,nan,nan
3,3,0,Santa Rosa de Lima//gas_station,nan,nan
3,3,0,Santa Tereza//home,0.2253264480902465,0.2123093036632584
3,3,0,Santa Tereza//work,0.426,0.6666666666666666
3,3,0,Santa Tereza//school,nan,nan
3,3,0,Santa Tereza//marketplace,nan,nan
3,3,0,Santa Tereza//pharmacy,nan,nan
3,3,0,Santa Tereza//gas_station,nan,nan
3,3,0,Santana//home,0.21324088627490748,0.19834710743801653
3,3,0,Santana//work,0.3466666666666667,0.6666666666666666
3,3,0,Santana//school,nan,nan
3,3,0,Santana//marketplace,nan,nan
3,3,0,Santana//pharmacy,nan,nan
3,3,0,Santana//gas_station,nan,nan
3,3,0,Santana//hospital,nan,nan
3,3,0,Santo Antônio//home,0.19391908560151302,0.18430501877586822
3,3,0,Santo Antônio//work,0.412,0.6666666666666666
3,3,0,Santo Antônio//school,nan,nan
3,3,0,Santo Antônio//marketplace,nan,nan
3,3,0,Santo Antônio//pharmacy,nan,nan
3,3,0,Santo Antônio//gas_station,nan,nan
3,3,0,São Caetano//home,0.25726552179656537,0.22192866578599735
3,3,0,São Caetano//work,nan,nan
3,3,0,São Caetano//school,nan,nan
3,3,0,São Caetano//marketplace,nan,nan
3,3,0,São Caetano//pharmacy,nan,nan
3,3,0,São Caetano//gas_station,nan,nan
3,3,0,São Geraldo//home,0.21457781361594286,0.2210958798909496
3,3,0,São Geraldo//work,nan,nan
3,3,0,São Geraldo//school,nan,nan
3,3,0,São Geraldo//marketplace,nan,nan
3,3,0,São Geraldo//pharmacy,nan,nan
3,3,0,São Geraldo//gas_station,nan,nan
3,3,0,São João//home,0.21956412825651303,0.2117011801380539
3,3,0,São João//work,nan,nan
3,3,0,São João//school,nan,nan
3,3,0,São João//marketplace,nan,nan
3,3,0,São João//pharmacy,nan,nan
3,3,0,São João//gas_station,nan,nan
3,3,0,São João//shopping_mall,nan,nan
3,3,0,São Sebastião//home,0.2265844290146255,0.20456000393952825
3,3,0,São Sebastião//work,0.45666666666666667,0.6666666666666666
3,3,0,São Sebastião//school,nan,nan
3,3,0,São Sebastião//marketplace,nan,nan
3,3,0,São Sebastião//pharmacy,nan,nan
3,3,0,São Sebastião//gas_station,nan,nan
3,3,0,São Sebastião//shopping_mall,nan,nan
3,3,0,Sarandi//home,0.21345052015717228,0.20546641048276817
3,3,0,Sarandi//work,0.384,0.6666666666666666
3,3,0,Sarandi//school,nan,nan
3,3,0,Sarandi//marketplace,nan,nan
3,3,0,Sarandi//pharmacy,nan,nan
3,3,0,Sarandi//gas_station,nan,nan
3,3,0,Sarandi//shopping_mall,nan,nan
3,3,0,Serraria//home,0.2041659709467357,0.20237101352479545
3,3,0,Serraria//work,nan,nan
3,3,0,Serraria//school,nan,nan
3,3,0,Serraria//marketplace,nan,nan
3,3,0,Serraria//pharmacy,nan,nan
3,3,0,Serraria//gas_station,nan,nan
3,3,0,Sétimo Céu//home,0.24887133182844243,0.2217205919237522
3,3,0,Sétimo Céu//work,0.414,0.6666666666666666
3,3,0,Sétimo Céu//school,nan,nan
3,3,0,Sétimo Céu//marketplace,nan,nan
3,3,0,Sétimo Céu//pharmacy,nan,nan
3,3,0,Sétimo Céu//gas_station,nan,nan
3,3,0,Teresópolis//home,0.2296292453482742,0.21318392474233935
3,3,0,Teresópolis//work,0.452,0.6666666666666666
3,3,0,Teresópolis//school,nan,nan
3,3,0,Teresópolis//marketplace,nan,nan
3,3,0,Teresópolis//pharmacy,nan,nan
3,3,0,Teresópolis//gas_station,nan,nan
3,3,0,Teresópolis//hospital,nan,nan
3,3,0,Três Figueiras//home,0.18034398034398033,0.22096642096642097
3,3,0,Três Figueiras//work,0.4208,0.6666666666666666
3,3,0,Três Figueiras//school,nan,nan
3,3,0,Três Figueiras//marketplace,nan,nan
3,3,0,Três Figueiras//pharmacy,nan,nan
3,3,0,Três Figueiras//gas_station,nan,nan
3,3,0,Três Figueiras//shopping_mall,nan,nan
3,3,0,Tristeza//home,0.21558756054040276,0.1924972385079446
3,3,0,Tristeza//work,0.412,0.6666666666666666
3,3,0,Tristeza//school,nan,nan
3,3,0,Tristeza//marketplace,nan,nan
3,3,0,Tristeza//pharmacy,nan,nan
3,3,0,Tristeza//gas_station,nan,nan
3,3,0,Vila Assunção//home,0.20778632865550023,0.22106533876565565
3,3,0,Vila Assunção//work,0.456,0.6666666666666666
3,3,0,Vila Assunção//school,nan,nan
3,3,0,Vila Assunção//marketplace,nan,nan
3,3,0,Vila Assunção//pharmacy,nan,nan
3,3,0,Vila Assunção//gas_station,nan,nan
3,3,0,Vila Assunção//hospital,nan,nan
3,3,0,Vila Conceição//home,0.23072646404744254,0.2213985668396343
3,3,0,Vila Conceição//work,0.432,0.6666666666666666
3,3,0,Vila Conceição//school,nan,nan
3,3,0,Vila Conceição//marketplace,nan,nan
3,3,0,Vila Conceição//pharmacy,nan,nan
3,3,0,Vila Conceição//gas_station,nan,nan
3,3,0,Vila Ipiranga//home,0.2105084469552936,0.2148948883698191
3,3,0,Vila Ipiranga//work,0.422,0.6666666666666666
3,3,0,Vila Ipiranga//school,nan,nan
3,3,0,Vila Ipiranga//marketplace,nan,nan
3,3,0,Vila Ipiranga//pharmacy,nan,nan
3,3,0,Vila Ipiranga//gas_station,nan,nan
3,3,0,Vila Jardim//home,0.21493289862764425,0.22094169383577222
3,3,0,Vila Jardim//work,0.392,0.6666666666666666
3,3,0,Vila Jardim//school,nan,nan
3,3,0,Vila Jardim//marketplace,nan,nan
3,3,0,Vila Jardim//pharmacy,nan,nan
3,3,0,Vila Jardim//gas_station,nan,nan
3,3,0,Vila João Pessoa//home,0.2178255322542062,0.20317359062275736
3,3,0,Vila João Pessoa//work,0.4272,0.6666666666666666
3,3,0,Vila João Pessoa//school,nan,nan
3,3,0,Vila João Pessoa//marketplace,nan,nan
3,3,0,Vila João Pessoa//pharmacy,nan,nan
3,3,0,Vila João Pessoa//gas_station,nan,nan
3,3,0,Vila Nova//home,0.20334026923925722,0.21036812846138486
3,3,0,Vila Nova//work,0.427,0.6666666666666666
3,3,0,Vila Nova//school,nan,nan
3,3,0,Vila Nova//marketplace,nan,nan
3,3,0,Vila Nova//pharmacy,nan,nan
3,3,0,Vila Nova//gas_station,nan,nan
3,3,0,Vila Nova//hospital,nan,nan
3,3,0,São José//home,0.2513642302666974,0.2123331539978992
3,3,0,São José//work,0.472,0.6666666666666666
3,3,0,São José//school,nan,nan
3,3,0,São José//marketplace,nan,nan
3,3,0,São José//pharmacy,nan,nan
3,3,0,São José//gas_station,nan,nan
4,4,0,Aberta dos Morros//home,0.24496433067561896,0.22100993145894532
4,4,0,Aberta dos Morros//work,0.446,0.6666666666666666
4,4,0,Aberta dos Morros//school,nan,nan
4,4,0,Aberta dos Morros//marketplace,nan,nan
4,4,0,Aberta dos Morros//pharmacy,nan,nan
4,4,0,Aberta dos Morros//gas_station,nan,nan
4,4,0,Agronomia//home,0.2294079794079794,0.22165022165022166
4,4,0,Agronomia//work,0.378,0.6666666666666666
4,4,0,Agronomia//school,nan,nan
4,4,0,Agronomia//marketplace,nan,nan
4,4,0,Agronomia//pharmacy,nan,nan
4,4,0,Agronomia//gas_station,nan,nan
4,4,0,Anchieta//home,0.28829051383399207,0.22134387351778656
4,4,0,Anchieta//work,0.398,0.6666666666666666
4,4,0,Anchieta//school,nan,nan
4,4,0,Anchieta//marketplace,nan,nan
4,4,0,Anchieta//pharmacy,nan,nan
4,4,0,Anchieta//gas_station,nan,nan
4,4,0,Arquipélago//home,0.25241336633663364,0.20717821782178217
4,4,0,Arquipélago//work,0.404,0.6666666666666666
4,4,0,Arquipélago//school,nan,nan
4,4,0,Arquipélago//marketplace,nan,nan
4,4,0,Arquipélago//pharmacy,nan,nan
4,4,0,Arquipélago//gas_station,nan,nan
4,4,0,Auxiliadora//home,0.24834761953939893,0.22093703741953252
4,4,0,Auxiliadora//work,0.45,0.6666666666666666
4,4,0,Auxiliadora//school,nan,nan
4,4,0,Auxiliadora//marketplace,nan,nan
4,4,0,Auxiliadora//pharmacy,nan,nan
4,4,0,Auxiliadora//gas_station,nan,nan
4,4,0,Azenha//home,0.18832079091043236,0.21268014362303872
4,4,0,Azenha//work,0.422,0.6666666666666666
4,4,0,Azenha//school,nan,nan
4,4,0,Azenha//marketplace,nan,nan
4,4,0,Azenha//pharmacy,nan,nan
4,4,0,Azenha//gas_station,nan,nan
4,4,0,Azenha//hospital,nan,nan
4,4,0,Azenha//shopping_mall,nan,nan
4,4,0,Bela Vista//home,0.24735633180202826,0.21126231544884574
4,4,0,Bela Vista//work,0.402,0.6666666666666666
4,4,0,Bela Vista//school,nan,nan
4,4,0,Bela Vista//marketplace,nan,nan
4,4,0,Bela Vista//pharmacy,nan,nan
4,4,0,Bela Vista//gas_station,nan,nan
4,4,0,Belém Novo//home,0.21475247524752475,0.22092409240924094
4,4,0,Belém Novo//work,0.412,0.6666666666666666
4,4,0,Belém Novo//school,nan,nan
4,4,0,Belém Novo//marketplace,nan,nan
4,4,0,Belém Novo//pharmacy,nan,nan
4,4,0,Belém Novo//gas_station,nan,nan
4,4,0,Belém Velho//home,0.2483467170524327,0.21048653755314123
4,4,0,Belém Velho//work,0.474,0.6666666666666666
4,4,0,Belém Velho//school,nan,nan
4,4,0,Belém Velho//marketplace,nan,nan
4,4,0,Belém Velho//pharmacy,nan,nan
4,4,0,Belém Velho//gas_station,nan,nan
4,4,0,Boa Vista//home,0.21812200346832603,0.20966370838858853
4,4,0,Boa Vista//work,0.342,0.6666666666666666
4,4,0,Boa Vista//school,nan,nan
4,4,0,Boa Vista//marketplace,nan,nan
4,4,0,Boa Vista//pharmacy,nan,nan
4,4,0,Boa Vista//gas_station,nan,nan
4,4,0,Boa Vista do Sul//home,0.2407722195240408,0.16707139388052453
4,4,0,Boa Vista do Sul//work,nan,nan
4,4,0,Boa Vista do Sul//school,nan,nan
4,4,0,Boa Vista do Sul//marketplace,nan,nan
4,4,0,Boa Vista do Sul//pharmacy,nan,nan
4,4,0,Boa Vista do Sul//gas_station,nan,nan
4,4,0,Bom Fim//home,0.21389124893797792,0.17886025362660876
4,4,0,Bom Fim//work,0.435,0.6666666666666666
4,4,0,Bom Fim//school,nan,nan
4,4,0,Bom Fim//marketplace,nan,nan
4,4,0,Bom Fim//pharmacy,nan,nan
4,4,0,Bom Fim//gas_station,nan,nan
4,4,0,Bom Jesus//home,0.23173441734417344,0.20480578139114725
4,4,0,Bom Jesus//work,0.39,0.6666666666666666
4,4,0,Bom Jesus//school,nan,nan
4,4,0,Bom Jesus//marketplace,nan,nan
4,4,0,Bom Jesus//pharmacy,nan,nan
4,4,0,Bom Jesus//gas_station,nan,nan
4,4,0,Camaquã//home,0.21327783681662535,0.1945920415633487
4,4,0,Camaquã//work,0.41333333333333333,0.6666666666666666
4,4,0,Camaquã//school,nan,nan
4,4,0,Camaquã//marketplace,nan,nan
4,4,0,Camaquã//pharmacy,nan,nan
4,4,0,Camaquã//gas_station,nan,nan
4,4,0,Campo Novo//home,0.24915315751270264,0.1939672554238245
4,4,0,Campo Novo//work,nan,nan
4,4,0,Campo Novo//school,nan,nan
4,4,0,Campo Novo//marketplace,nan,nan
4,4,0,Campo Novo//pharmacy,nan,nan
4,4,0,Campo Novo//gas_station,nan,nan
4,4,0,Cascata//home,0.2562016149171731,0.18385637781292488
4,4,0,Cascata//work,0.4493333333333333,0.6666666666666666
4,4,0,Cascata//school,nan,nan
4,4,0,Cascata//marketplace,nan,nan
4,4,0,Cascata//pharmacy,nan,nan
4,4,0,Cascata//gas_station,nan,nan
4,4,0,Cavalhada//home,0.21249869787145387,0.2131555493825017
4,4,0,Cavalhada//work,0.424,0.6666666666666666
4,4,0,Cavalhada//school,nan,nan
4,4,0,Cavalhada//marketplace,nan,nan
4,4,0,Cavalhada//pharmacy,nan,nan
4,4,0,Cavalhada//gas_station,nan,nan
4,4,0,Cavalhada//shopping_mall,nan,nan
4,4,0,Centro Histórico//home,0.24832048744922403,0.2122001180432594
4,4,0,Centro Histórico//work,0.406,0.6666666666666666
4,4,0,Centro Histórico//school,nan,nan
4,4,0,Centro Histórico//marketplace,nan,nan
4,4,0,Centro Histórico//pharmacy,nan,nan
4,4,0,Centro Histórico//gas_station,nan,nan
4,4,0,Centro Histórico//hospital,nan,nan
4,4,0,Centro Histórico//shopping_mall,nan,nan
4,4,0,Chácara das Pedras//home,0.22622975404919016,0.22105578884223157
4,4,0,Chácara das Pedras//work,0.445,0.6666666666666666
4,4,0,Chácara das Pedras//school,nan,nan
4,4,0,Chácara das Pedras//marketplace,nan,nan
4,4,0,Chácara das Pedras//pharmacy,nan,nan
4,4,0,Chácara das Pedras//gas_station,nan,nan
4,4,0,Chapéu do Sol//home,0.28248216297408935,0.17949680811115284
4,4,0,Chapéu do Sol//work,0.516,0.6666666666666666
4,4,0,Chapéu do Sol//school,nan,nan
4,4,0,Chapéu do Sol//marketplace,nan,nan
4,4,0,Chapéu do Sol//pharmacy,nan,nan
4,4,0,Chapéu do Sol//gas_station,nan,nan
4,4,0,Cidade Baixa//home,0.25682169500638485,0.20592781772968613
4,4,0,Cidade Baixa//work,0.3993333333333333,0.6666666666666666
4,4,0,Cidade Baixa//school,nan,nan
4,4,0,Cidade Baixa//marketplace,nan,nan
4,4,0,Cidade Baixa//pharmacy,nan,nan
4,4,0,Cidade Baixa//gas_station,nan,nan
4,4,0,Cel. Aparício Borges//home,0.2438161012541178,0.16941185536226858
4,4,0,Cel. Aparício Borges//work,0.43333333333333335,0.6666666666666666
4,4,0,Cel. Aparício Borges//school,nan,nan
4,4,0,Cel. Aparício Borges//marketplace,nan,nan
4,4,0,Cel. Aparício Borges//pharmacy,nan,nan
4,4,0,Cel. Aparício Borges//gas_station,nan,nan
4,4,0,Costa e Silva//home,0.27175428810486685,0.17435968949007577
4,4,0,Costa e Silva//work,0.437,0.6666666666666666
4,4,0,Costa e Silva//school,nan,nan
4,4,0,Costa e Silva//marketplace,nan,nan
4,4,0,Costa e Silva//pharmacy,nan,nan
4,4,0,Costa e Silva//gas_station,nan,nan
4,4,0,Cristal//home,0.22051406066468596,0.17471613809622516
4,4,0,Cristal//work,0.458,0.6666666666666666
4,4,0,Cristal//school,nan,nan
4,4,0,Cristal//marketplace,nan,nan
4,4,0,Cristal//pharmacy,nan,nan
4,4,0,Cristal//gas_station,nan,nan
4,4,0,Cristo Redentor//home,0.21310092327284305,0.19963918072800593
4,4,0,Cristo Redentor//work,nan,nan
4,4,0,Cristo Redentor//school,nan,nan
4,4,0,Cristo Redentor//marketplace,nan,nan
4,4,0,Cristo Redentor//pharmacy,nan,nan
4,4,0,Cristo Redentor//gas_station,nan,nan
4,4,0,Cristo Redentor//hospital,nan,nan
4,4,0,Cristo Redentor//shopping_mall,nan,nan
4,4,0,Espírito Santo//home,0.21704630321135177,0.2002738361961663
4,4,0,Espírito Santo//work,nan,nan
4,4,0,Espírito Santo//school,nan,nan
4,4,0,Espírito Santo//marketplace,nan,nan
4,4,0,Espírito Santo//pharmacy,nan,nan
4,4,0,Espírito Santo//gas_station,nan,nan
4,4,0,Extrema//home,0.22602221100454317,0.22143698468786807
4,4,0,Extrema//work,0.4,0.6666666666666666
4,4,0,Extrema//school,nan,nan
4,4,0,Extrema//marketplace,nan,nan
4,4,0,Extrema//pharmacy,nan,nan
4,4,0,Extrema//gas_station,nan,nan
4,4,0,Farrapos//home,0.24471605465414176,0.21495160831198407
4,4,0,Farrapos//work,nan,nan
4,4,0,Farrapos//school,nan,nan
4,4,0,Farrapos//marketplace,nan,nan
4,4,0,Farrapos//pharmacy,nan,nan
4,4,0,Farrapos//gas_station,nan,nan
4,4,0,Farrapos//stadium,nan,nan
4,4,0,Farroupilha//home,0.1958509142053446,0.06563525550867323
4,4,0,Farroupilha//work,0.43,0.6666666666666666
4,4,0,Farroupilha//school,nan,nan
4,4,0,Farroupilha//marketplace,nan,nan
4,4,0,Farroupilha//pharmacy,nan,nan
4,4,0,Farroupilha//gas_station,nan,nan
4,4,0,Farroupilha//hospital,nan,nan
4,4,0,Floresta//home,0.1871334943083822,0.2209957456594228
4,4,0,Floresta//work,0.37,0.6666666666666666
4,4,0,Floresta//school,nan,nan
4,4,0,Floresta//marketplace,nan,nan
4,4,0,Floresta//pharmacy,nan,nan
4,4,0,Floresta//gas_station,nan,nan
4,4,0,Glória//home,0.19526047177444453,0.19319101263459265
4,4,0,Glória//work,0.4075,0.6666666666666666
4,4,0,Glória//school,nan,nan
4,4,0,Glória//marketplace,nan,nan
4,4,0,Glória//pharmacy,nan,nan
4,4,0,Glória//gas_station,nan,nan
4,4,0,Glória//hospital,nan,nan
4,4,0,Guarujá//home,0.24462837097127824,0.196740480888694
4,4,0,Guarujá//work,0.468,0.6666666666666666
4,4,0,Guarujá//school,nan,nan
4,4,0,Guarujá//marketplace,nan,nan
4,4,0,Guarujá//pharmacy,nan,nan
4,4,0,Guarujá//gas_station,nan,nan
4,4,0,Higienópolis//home,0.22548626428714658,0.18748746741527972
4,4,0,Higienópolis//work,0.3765,0.6666666666666666
4,4,0,Higienópolis//school,nan,nan
4,4,0,Higienópolis//marketplace,nan,nan
4,4,0,Higienópolis//pharmacy,nan,nan
4,4,0,Higienópolis//gas_station,nan,nan
4,4,0,Hípica//home,0.2932523051131601,0.20225388842320946
4,4,0,Hípica//work,0.4575,0.6666666666666666
4,4,0,Hípica//school,nan,nan
4,4,0,Hípica//marketplace,nan,nan
4,4,0,Hípica//pharmacy,nan,nan
4,4,0,Hípica//gas_station,nan,nan
4,4,0,Humaitá//home,0.272618201208674,0.21104396255480506
4,4,0,Humaitá//work,nan,nan
4,4,0,Humaitá//school,nan,nan
4,4,0,Humaitá//marketplace,nan,nan
4,4,0,Humaitá//pharmacy,nan,nan
4,4,0,Humaitá//gas_station,nan,nan
4,4,0,Independência//home,0.21190225959012085,0.19162725521107024
4,4,0,Independência//work,0.366,0.6666666666666666
4,4,0,Independência//school,nan,nan
4,4,0,Independência//marketplace,nan,nan
4,4,0,Independência//pharmacy,nan,nan
4,4,0,Independência//gas_station,nan,nan
4,4,0,Independência//hospital,nan,nan
4,4,0,Independência//shopping_mall,nan,nan
4,4,0,Ipanema//home,0.2242591472633807,0.20411248866041729
4,4,0,Ipanema//work,0.443,0.6666666666666666
4,4,0,Ipanema//school,nan,nan
4,4,0,Ipanema//marketplace,nan,nan
4,4,0,Ipanema//pharmacy,nan,nan
4,4,0,Ipanema//gas_station,nan,nan
4,4,0,Jardim Botânico//home,0.2196110534302372,0.22096211697681228
4,4,0,Jardim Botânico//work,0.4726666666666667,0.6666666666666666
4,4,0,Jardim Botânico//school,nan,nan
4,4,0,Jardim Botânico//marketplace,nan,nan
4,4,0,Jardim Botânico//pharmacy,nan,nan
4,4,0,Jardim Botânico//gas_station,nan,nan
4,4,0,Jardim Botânico//hospital,nan,nan
4,4,0,Jardim Botânico//shopping_mall,nan,nan
4,4,0,Jardim Carvalho//home,0.23396621012056099,0.20260258618332924
4,4,0,Jardim Carvalho//work,0.42633333333333334,0.6666666666666666
4,4,0,Jardim Carvalho//school,nan,nan
4,4,0,Jardim Carvalho//marketplace,nan,nan
4,4,0,Jardim Carvalho//pharmacy,nan,nan
4,4,0,Jardim Carvalho//gas_station,nan,nan
4,4,0,Jardim Carvalho//hospital,nan,nan
4,4,0,Jardim do Salso//home,0.22503201024327785,0.16406316688006828
4,4,0,Jardim do Salso//work,0.4295,0.6666666666666666
4,4,0,Jardim do Salso//school,nan,nan
4,4,0,Jardim do Salso//marketplace,nan,nan
4,4,0,Jardim do Salso//pharmacy,nan,nan
4,4,0,Jardim do Salso//gas_station,nan,nan
4,4,0,Jardim Leopoldina//home,0.23911154870844434,0.2015907950113904
4,4,0,Jardim Leopoldina//work,0.44,0.6666666666666666
4,4,0,Jardim Leopoldina//school,nan,nan
4,4,0,Jardim Leopoldina//marketplace,nan,nan
4,4,0,Jardim Leopoldina//pharmacy,nan,nan
4,4,0,Jardim Leopoldina//gas_station,nan,nan
4,4,0,Jardim Europa//home,0.2497559785261103,0.1665853261753701
4,4,0,Jardim Europa//work,0.4245,0.6666666666666666
4,4,0,Jardim Europa//school,nan,nan
4,4,0,Jardim Europa//marketplace,nan,nan
4,4,0,Jardim Europa//pharmacy,nan,nan
4,4,0,Jardim Europa//gas_station,nan,nan
4,4,0,Jardim Europa//shopping_mall,nan,nan
4,4,0,Jardim Floresta//home,0.19618907425580634,0.18471268127794133
4,4,0,Jardim Floresta//work,0.4266666666666667,0.6666666666666666
4,4,0,Jardim Floresta//school,nan,nan
4,4,0,Jardim Floresta//marketplace,nan,nan
4,4,0,Jardim Floresta//pharmacy,nan,nan
4,4,0,Jardim Floresta//gas_station,nan,nan
4,4,0,Jardim Isabel//home,0.25458553791887123,0.22128159905937683
4,4,0,Jardim Isabel//work,0.42133333333333334,0.6666666666666666
4,4,0,Jardim Isabel//school,nan,nan
4,4,0,Jardim Isabel//marketplace,nan,nan
4,4,0,Jardim Isabel//pharmacy,nan,nan
4,4,0,Jardim Isabel//gas_station,nan,nan
4,4,0,Jardim Itú//home,0.23224734420269272,0.21462250752712606
4,4,0,Jardim Itú//work,nan,nan
4,4,0,Jardim Itú//school,nan,nan
4,4,0,Jardim Itú//marketplace,nan,nan
4,4,0,Jardim Itú//pharmacy,nan,nan
4,4,0,Jardim Itú//gas_station,nan,nan
4,4,0,Jardim Lindóia//home,0.21067780119993515,0.1305875358088752
4,4,0,Jardim Lindóia//work,0.418,0.6666666666666666
4,4,0,Jardim Lindóia//school,nan,nan
4,4,0,Jardim Lindóia//marketplace,nan,nan
4,4,0,Jardim Lindóia//pharmacy,nan,nan
4,4,0,Jardim Lindóia//gas_station,nan,nan
4,4,0,Jardim Lindóia//shopping_mall,nan,nan
4,4,0,Jardim Sabará//home,0.18678304239401497,0.16530894984760322
4,4,0,Jardim Sabará//work,0.473,0.6666666666666666
4,4,0,Jardim Sabará//school,nan,nan
4,4,0,Jardim Sabará//marketplace,nan,nan
4,4,0,Jardim Sabará//pharmacy,nan,nan
4,4,0,Jardim Sabará//gas_station,nan,nan
4,4,0,Jardim São Pedro//home,0.2112590799031477,0.19137297103398798
4,4,0,Jardim São Pedro//work,0.454,0.6666666666666666
4,4,0,Jardim São Pedro//school,nan,nan
4,4,0,Jardim São Pedro//marketplace,nan,nan
4,4,0,Jardim São Pedro//pharmacy,nan,nan
4,4,0,Jardim São Pedro//gas_station,nan,nan
4,4,0,Lageado//home,0.2576991742914528,0.22123038012348434
4,4,0,Lageado//work,nan,nan
4,4,0,Lageado//school,nan,nan
4,4,0,Lageado//marketplace,nan,nan
4,4,0,Lageado//pharmacy,nan,nan
4,4,0,Lageado//gas_station,nan,nan
4,4,0,Lami//home,0.2574609466076008,0.22103054325017488
4,4,0,Lami//work,0.488,0.6666666666666666
4,4,0,Lami//school,nan,nan
4,4,0,Lami//marketplace,nan,nan
4,4,0,Lami//pharmacy,nan,nan
4,4,0,Lami//gas_station,nan,nan
4,4,0,Lomba do Pinheiro//home,0.25515096424624817,0.20500481231953802
4,4,0,Lomba do Pinheiro//work,0.458,0.6666666666666666
4,4,0,Lomba do Pinheiro//school,nan,nan
4,4,0,Lomba do Pinheiro//marketplace,nan,nan
4,4,0,Lomba do Pinheiro//pharmacy,nan,nan
4,4,0,Lomba do Pinheiro//gas_station,nan,nan
4,4,0,Mário Quintana//home,0.28962158111652303,0.21195739442273726
4,4,0,Mário Quintana//work,0.46,0.6666666666666666
4,4,0,Mário Quintana//school,nan,nan
4,4,0,Mário Quintana//marketplace,nan,nan
4,4,0,Mário Quintana//pharmacy,nan,nan
4,4,0,Mário Quintana//gas_station,nan,nan
4,4,0,Medianeira//home,0.1772304748017862,0.21082049880008505
4,4,0,Medianeira//work,0.43466666666666665,0.6666666666666666
4,4,0,Medianeira//school,nan,nan
4,4,0,Medianeira//marketplace,nan,nan
4,4,0,Medianeira//pharmacy,nan,nan
4,4,0,Medianeira//gas_station,nan,nan
4,4,0,Menino Deus//home,0.21851170568561873,0.19482720178372354
4,4,0,Menino Deus//work,0.406,0.6666666666666666
4,4,0,Menino Deus//school,nan,nan
4,4,0,Menino Deus//marketplace,nan,nan
4,4,0,Menino Deus//pharmacy,nan,nan
4,4,0,Menino Deus//gas_station,nan,nan
4,4,0,Menino Deus//hospital,nan,nan
4,4,0,Moinhos de Vento//home,0.24147503716009444,0.20145142957069162
4,4,0,Moinhos de Vento//work,0.371,0.6666666666666666
4,4,0,Moinhos de Vento//school,nan,nan
4,4,0,Moinhos de Vento//marketplace,nan,nan
4,4,0,Moinhos de Vento//pharmacy,nan,nan
4,4,0,Moinhos de Vento//gas_station,nan,nan
4,4,0,Moinhos de Vento//hospital,nan,nan
4,4,0,Moinhos de Vento//shopping_mall,nan,nan
4,4,0,Mont'Serrat//home,0.23843983251410886,0.21081376297105406
4,4,0,Mont'Serrat//work,0.41733333333333333,0.6666666666666666
4,4,0,Mont'Serrat//school,nan,nan
4,4,0,Mont'Serrat//marketplace,nan,nan
4,4,0,Mont'Serrat//pharmacy,nan,nan
4,4,0,Mont'Serrat//gas_station,nan,nan
4,4,0,Morro Santana//home,0.23763279321815645,0.20302607575920162
4,4,0,Morro Santana//work,0.4705,0.6666666666666666
4,4,0,Morro Santana//school,nan,nan
4,4,0,Morro Santana//marketplace,nan,nan
4,4,0,Morro Santana//pharmacy,nan,nan
4,4,0,Morro Santana//gas_station,nan,nan
4,4,0,Navegantes//home,0.1907652685798381,0.1937699288692666
4,4,0,Navegantes//work,0.388,0.6666666666666666
4,4,0,Navegantes//school,nan,nan
4,4,0,Navegantes//marketplace,nan,nan
4,4,0,Navegantes//pharmacy,nan,nan
4,4,0,Navegantes//gas_station,nan,nan
4,4,0,Navegantes//shopping_mall,nan,nan
4,4,0,Nonoai//home,0.21663818880820163,0.18758365370924107
4,4,0,Nonoai//work,0.43133333333333335,0.6666666666666666
4,4,0,Nonoai//school,nan,nan
4,4,0,Nonoai//marketplace,nan,nan
4,4,0,Nonoai//pharmacy,nan,nan
4,4,0,Nonoai//gas_station,nan,nan
4,4,0,Parque Santa Fé//home,0.2470217835262083,0.18311776718856365
4,4,0,Parque Santa Fé//work,0.487,0.6666666666666666
4,4,0,Parque Santa Fé//school,nan,nan
4,4,0,Parque Santa Fé//marketplace,nan,nan
4,4,0,Parque Santa Fé//pharmacy,nan,nan
4,4,0,Parque Santa Fé//gas_station,nan,nan
4,4,0,Partenon//home,0.20298971281611658,0.20657236748106872
4,4,0,Partenon//work,0.4024,0.6666666666666666
4,4,0,Partenon//school,nan,nan
4,4,0,Partenon//marketplace,nan,nan
4,4,0,Partenon//pharmacy,nan,nan
4,4,0,Partenon//gas_station,nan,nan
4,4,0,Passo D'Areia//home,0.055179320869896985,0.19966933740302684
4,4,0,Passo D'Areia//work,0.48,0.6666666666666666
4,4,0,Passo D'Areia//school,nan,nan
4,4,0,Passo D'Areia//marketplace,nan,nan
4,4,0,Passo D'Areia//pharmacy,nan,nan
4,4,0,Passo D'Areia//gas_station,nan,nan
4,4,0,Passo das Pedras//home,0.2297789419882443,0.2138597836272255
4,4,0,Passo das Pedras//work,0.42766666666666664,0.6666666666666666
4,4,0,Passo das Pedras//school,nan,nan
4,4,0,Passo das Pedras//marketplace,nan,nan
4,4,0,Passo das Pedras//pharmacy,nan,nan
4,4,0,Passo das Pedras//gas_station,nan,nan
4,4,0,Pedra Redonda//home,0.30656934306569344,0.22384428223844283
4,4,0,Pedra Redonda//work,0.424,0.6666666666666666
4,4,0,Pedra Redonda//school,nan,nan
4,4,0,Pedra Redonda//marketplace,nan,nan
4,4,0,Pedra Redonda//pharmacy,nan,nan
4,4,0,Pedra Redonda//gas_station,nan,nan
4,4,0,Petrópolis//home,0.23646747227280251,0.2055399216465265
4,4,0,Petrópolis//work,0.43,0.6666666666666666
4,4,0,Petrópolis//school,nan,nan
4,4,0,Petrópolis//marketplace,nan,nan
4,4,0,Petrópolis//pharmacy,nan,nan
4,4,0,Petrópolis//gas_station,nan,nan
4,4,0,Pitinga//home,0.2690151145782545,0.19405168210628962
4,4,0,Pitinga//work,0.498,0.6666666666666666
4,4,0,Pitinga//school,nan,nan
4,4,0,Pitinga//marketplace,nan,nan
4,4,0,Pitinga//pharmacy,nan,nan
4,4,0,Pitinga//gas_station,nan,nan
4,4,0,Ponta Grossa//home,0.2631019830028329,0.2079005350960025
4,4,0,Ponta Grossa//work,nan,nan
4,4,0,Ponta Grossa//school,nan,nan
4,4,0,Ponta Grossa//marketplace,nan,nan
4,4,0,Ponta Grossa//pharmacy,nan,nan
4,4,0,Ponta Grossa//gas_station,nan,nan
4,4,0,Praia de Belas//home,0.18906181499342395,0.2209557211749233
4,4,0,Praia de Belas//work,0.39,0.6666666666666666
4,4,0,Praia de Belas//school,nan,nan
4,4,0,Praia de Belas//marketplace,nan,nan
4,4,0,Praia de Belas//pharmacy,nan,nan
4,4,0,Praia de Belas//gas_station,nan,nan
4,4,0,Praia de Belas//stadium,nan,nan
4,4,0,Praia de Belas//shopping_mall,nan,nan
4,4,0,Restinga//home,0.23960924643116843,0.2102261854644265
4,4,0,Restinga//work,0.4365,0.6666666666666666
4,4,0,Restinga//school,nan,nan
4,4,0,Restinga//marketplace,nan,nan
4,4,0,Restinga//pharmacy,nan,nan
4,4,0,Restinga//gas_station,nan,nan
4,4,0,Restinga//hospital,nan,nan
4,4,0,Rio Branco//home,0.23021255357876813,0.20781711780478734
4,4,0,Rio Branco//work,0.353,0.6666666666666666
4,4,0,Rio Branco//school,nan,nan
4,4,0,Rio Branco//marketplace,nan,nan
4,4,0,Rio Branco//pharmacy,nan,nan
4,4,0,Rio Branco//gas_station,nan,nan
4,4,0,Rio Branco//hospital,nan,nan
4,4,0,Rubem Berta//home,0.17192609044358073,0.21062372755876366
4,4,0,Rubem Berta//work,0.41133333333333333,0.6666666666666666
4,4,0,Rubem Berta//school,nan,nan
4,4,0,Rubem Berta//marketplace,nan,nan
4,4,0,Rubem Berta//pharmacy,nan,nan
4,4,0,Rubem Berta//gas_station,nan,nan
4,4,0,Santa Cecília//home,0.22354113809351214,0.20079739035882566
4,4,0,Santa Cecília//work,0.455,0.6666666666666666
4,4,0,Santa Cecília//school,nan,nan
4,4,0,Santa Cecília//marketplace,nan,nan
4,4,0,Santa Cecília//pharmacy,nan,nan
4,4,0,Santa Cecília//gas_station,nan,nan
4,4,0,Santa Cecília//hospital,nan,nan
4,4,0,Santa Maria Goretti//home,0.34205716184778995,0.14689265536723164
4,4,0,Santa Maria Goretti//work,0.368,0.6666666666666666
4,4,0,Santa Maria Goretti//school,nan,nan
4,4,0,Santa Maria Goretti//marketplace,nan,nan
4,4,0,Santa Maria Goretti//pharmacy,nan,nan
4,4,0,Santa Maria Goretti//gas_station,nan,nan
4,4,0,Santa Rosa de Lima//home,0.23619546401431799,0.20453989770071102
4,4,0,Santa Rosa de Lima//work,0.456,0.6666666666666666
4,4,0,Santa Rosa de Lima//school,nan,nan
4,4,0,Santa Rosa de Lima//marketplace,nan,nan
4,4,0,Santa Rosa de Lima//pharmacy,nan,nan
4,4,0,Santa Rosa de Lima//gas_station,nan,nan
4,4,0,Santa Tereza//home,0.22554954434435487,0.20335985853227231
4,4,0,Santa Tereza//work,0.42533333333333334,0.6666666666666666
4,4,0,Santa Tereza//school,nan,nan
4,4,0,Santa Tereza//marketplace,nan,nan
4,4,0,Santa Tereza//pharmacy,nan,nan
4,4,0,Santa Tereza//gas_station,nan,nan
4,4,0,Santana//home,0.21324088627490748,0.19834710743801653
4,4,0,Santana//work,0.3466666666666667,0.6666666666666666
4,4,0,Santana//school,nan,nan
4,4,0,Santana//marketplace,nan,nan
4,4,0,Santana//pharmacy,nan,nan
4,4,0,Santana//gas_station,nan,nan
4,4,0,Santana//hospital,nan,nan
4,4,0,Santo Antônio//home,0.19391908560151302,0.18430501877586822
4,4,0,Santo Antônio//work,0.412,0.6666666666666666
4,4,0,Santo Antônio//school,nan,nan
4,4,0,Santo Antônio//marketplace,nan,nan
4,4,0,Santo Antônio//pharmacy,nan,nan
4,4,0,Santo Antônio//gas_station,nan,nan
4,4,0,São Caetano//home,0.25726552179656537,0.22192866578599735
4,4,0,São Caetano//work,nan,nan
4,4,0,São Caetano//school,nan,nan
4,4,0,São Caetano//marketplace,nan,nan
4,4,0,São Caetano//pharmacy,nan,nan
4,4,0,São Caetano//gas_station,nan,nan
4,4,0,São Geraldo//home,0.21457781361594286,0.2210958798909496
4,4,0,São Geraldo//work,nan,nan
4,4,0,São Geraldo//school,nan,nan
4,4,0,São Geraldo//marketplace,nan,nan
4,4,0,São Geraldo//pharmacy,nan,nan
4,4,0,São Geraldo//gas_station,nan,nan
4,4,0,São João//home,0.21956412825651303,0.2117011801380539
4,4,0,São João//work,nan,nan
4,4,0,São João//school,nan,nan
4,4,0,São João//marketplace,nan,nan
4,4,0,São João//pharmacy,nan,nan
4,4,0,São João//gas_station,nan,nan
4,4,0,São João//shopping_mall,nan,nan
4,4,0,São Sebastião//home,0.2265844290146255,0.20456000393952825
4,4,0,São Sebastião//work,0.4595,0.6666666666666666
4,4,0,São Sebastião//school,nan,nan
4,4,0,São Sebastião//marketplace,nan,nan
4,4,0,São Sebastião//pharmacy,nan,nan
4,4,0,São Sebastião//gas_station,nan,nan
4,4,0,São Sebastião//shopping_mall,nan,nan
4,4,0,Sarandi//home,0.21345052015717228,0.20546641048276817
4,4,0,Sarandi//work,0.342,0.6666666666666666
4,4,0,Sarandi//school,nan,nan
4,4,0,Sarandi//marketplace,nan,nan
4,4,0,Sarandi//pharmacy,nan,nan
4,4,0,Sarandi//gas_station,nan,nan
4,4,0,Sarandi//shopping_mall,nan,nan
4,4,0,Serraria//home,0.20591566474995643,0.18214555381309172
4,4,0,Serraria//work,nan,nan
4,4,0,Serraria//school,nan,nan
4,4,0,Serraria//marketplace,nan,nan
4,4,0,Serraria//pharmacy,nan,nan
4,4,0,Serraria//gas_station,nan,nan
4,4,0,Sétimo Céu//home,0.24887133182844243,0.2217205919237522
4,4,0,Sétimo Céu//work,0.41,0.6666666666666666
4,4,0,Sétimo Céu//school,nan,nan
4,4,0,Sétimo Céu//marketplace,nan,nan
4,4,0,Sétimo Céu//pharmacy,nan,nan
4,4,0,Sétimo Céu//gas_station,nan,nan
4,4,0,Teresópolis//home,0.2289540367424509,0.20520400741418549
4,4,0,Teresópolis//work,0.458,0.6666666666666666
4,4,0,Teresópolis//school,nan,nan
4,4,0,Teresópolis//marketplace,nan,nan
4,4,0,Teresópolis//pharmacy,nan,nan
4,4,0,Teresópolis//gas_station,nan,nan
4,4,0,Teresópolis//hospital,nan,nan
4,4,0,Três Figueiras//home,0.18034398034398033,0.22096642096642097
4,4,0,Três Figueiras//work,0.4208,0.6666666666666666
4,4,0,Três Figueiras//school,nan,nan
4,4,0,Três Figueiras//marketplace,nan,nan
4,4,0,Três Figueiras//pharmacy,nan,nan
4,4,0,Três Figueiras//gas_station,nan,nan
4,4,0,Três Figueiras//shopping_mall,nan,nan
4,4,0,Tristeza//home,0.21558756054040276,0.1924972385079446
4,4,0,Tristeza//work,0.4266666666666667,0.6666666666666666
4,4,0,Tristeza//school,nan,nan
4,4,0,Tristeza//marketplace,nan,nan
4,4,0,Tristeza//pharmacy,nan,nan
4,4,0,Tristeza//gas_station,nan,nan
4,4,0,Vila Assunção//home,0.20778632865550023,0.22106533876565565
4,4,0,Vila Assunção//work,0.456,0.6666666666666666
4,4,0,Vila Assunção//school,nan,nan
4,4,0,Vila Assunção//marketplace,nan,nan
4,4,0,Vila Assunção//pharmacy,nan,nan
4,4,0,Vila Assunção//gas_station,nan,nan
4,4,0,Vila Assunção//hospital,nan,nan
4,4,0,Vila Conceição//home,0.23072646404744254,0.2213985668396343
4,4,0,Vila Conceição//work,0.432,0.6666666666666666
4,4,0,Vila Conceição//school,nan,nan
4,4,0,Vila Conceição//marketplace,nan,nan
4,4,0,Vila Conceição//pharmacy,nan,nan
4,4,0,Vila Conceição//gas_station,nan,nan
4,4,0,Vila Ipiranga//home,0.2105084469552936,0.2148948883698191
4,4,0,Vila Ipiranga//work,0.434,0.6666666666666666
4,4,0,Vila Ipiranga//school,nan,nan
4,4,0,Vila Ipiranga//marketplace,nan,nan
4,4,0,Vila Ipiranga//pharmacy,nan,nan
4,4,0,Vila Ipiranga//gas_station,nan,nan
4,4,0,Vila Jardim//home,0.21493289862764425,0.22094169383577222
4,4,0,Vila Jardim//work,0.392,0.6666666666666666
4,4,0,Vila Jardim//school,nan,nan
4,4,0,Vila Jardim//marketplace,nan,nan
4,4,0,Vila Jardim//pharmacy,nan,nan
4,4,0,Vila Jardim//gas_station,nan,nan
4,4,0,Vila João Pessoa//home,0.21786266373769425,0.1937461014834703
4,4,0,Vila João Pessoa//work,0.427,0.6666666666666666
4,4,0,Vila João Pessoa//school,nan,nan
4,4,0,Vila João Pessoa//marketplace,nan,nan
4,4,0,Vila João Pessoa//pharmacy,nan,nan
4,4,0,Vila João Pessoa//gas_station,nan,nan
4,4,0,Vila Nova//home,0.20377453693154074,0.1955141768937791
4,4,0,Vila Nova//work,0.412,0.6666666666666666
4,4,0,Vila Nova//school,nan,nan
4,4,0,Vila Nova//marketplace,nan,nan
4,4,0,Vila Nova//pharmacy,nan,nan
4,4,0,Vila Nova//gas_station,nan,nan
4,4,0,Vila Nova//hospital,nan,nan
4,4,0,São José//home,0.2513321839981193,0.203432332889272
4,4,0,São José//work,0.472,0.6666666666666666
4,4,0,São José//school,nan,nan
4,4,0,São José//marketplace,nan,nan
4,4,0,São José//pharmacy,nan,nan
4,4,0,São José//gas_station,nan,nan
5,5,0,Aberta dos Morros//home,0.24496433067561896,0.22100993145894532
5,5,0,Aberta dos Morros//work,0.446,0.6666666666666666
5,5,0,Aberta dos Morros//school,nan,nan
5,5,0,Aberta dos Morros//marketplace,nan,nan
5,5,0,Aberta dos Morros//pharmacy,nan,nan
5,5,0,Aberta dos Morros//gas_station,nan,nan
5,5,0,Agronomia//home,0.2294079794079794,0.22165022165022166
5,5,0,Agronomia//work,0.402,0.6666666666666666
5,5,0,Agronomia//school,nan,nan
5,5,0,Agronomia//marketplace,nan,nan
5,5,0,Agronomia//pharmacy,nan,nan
5,5,0,Agronomia//gas_station,nan,nan
5,5,0,Anchieta//home,0.28829051383399207,0.22134387351778656
5,5,0,Anchieta//work,0.4035,0.6666666666666666
5,5,0,Anchieta//school,nan,nan
5,5,0,Anchieta//marketplace,nan,nan
5,5,0,Anchieta//pharmacy,nan,nan
5,5,0,Anchieta//gas_station,nan,nan
5,5,0,Arquipélago//home,0.25241336633663364,0.20717821782178217
5,5,0,Arquipélago//work,0.404,0.6666666666666666
5,5,0,Arquipélago//school,nan,nan
5,5,0,Arquipélago//marketplace,nan,nan
5,5,0,Arquipélago//pharmacy,nan,nan
5,5,0,Arquipélago//gas_station,nan,nan
5,5,0,Auxiliadora//home,0.24834761953939893,0.22093703741953252
5,5,0,Auxiliadora//work,0.45,0.6666666666666666
5,5,0,Auxiliadora//school,nan,nan
5,5,0,Auxiliadora//marketplace,nan,nan
5,5,0,Auxiliadora//pharmacy,nan,nan
5,5,0,Auxiliadora//gas_station,nan,nan
5,5,0,Azenha//home,0.18832079091043236,0.21268014362303872
5,5,0,Azenha//work,0.422,0.6666666666666666
5,5,0,Azenha//school,nan,nan
5,5,0,Azenha//marketplace,nan,nan
5,5,0,Azenha//pharmacy,nan,nan
5,5,0,Azenha//gas_station,nan,nan
5,5,0,Azenha//hospital,nan,nan
5,5,0,Azenha//shopping_mall,nan,nan
5,5,0,Bela Vista//home,0.24735633180202826,0.21126231544884574
5,5,0,Bela Vista//work,0.396,0.6666666666666666
5,5,0,Bela Vista//school,nan,nan
5,5,0,Bela Vista//marketplace,nan,nan
5,5,0,Bela Vista//pharmacy,nan,nan
5,5,0,Bela Vista//gas_station,nan,nan
5,5,0,Belém Novo//home,0.21475247524752475,0.22092409240924094
5,5,0,Belém Novo//work,0.412,0.6666666666666666
5,5,0,Belém Novo//school,nan,nan
5,5,0,Belém Novo//marketplace,nan,nan
5,5,0,Belém Novo//pharmacy,nan,nan
5,5,0,Belém Novo//gas_station,nan,nan
5,5,0,Belém Velho//home,0.2483467170524327,0.21048653755314123
5,5,0,Belém Velho//work,0.464,0.6666666666666666
5,5,0,Belém Velho//school,nan,nan
5,5,0,Belém Velho//marketplace,nan,nan
5,5,0,Belém Velho//pharmacy,nan,nan
5,5,0,Belém Velho//gas_station,nan,nan
5,5,0,Boa Vista//home,0.21917198785721762,0.19770403712620818
5,5,0,Boa Vista//work,0.361,0.6666666666666666
5,5,0,Boa Vista//school,nan,nan
5,5,0,Boa Vista//marketplace,nan,nan
5,5,0,Boa Vista//pharmacy,nan,nan
5,5,0,Boa Vista//gas_station,nan,nan
5,5,0,Boa Vista do Sul//home,0.2407722195240408,0.16707139388052453
5,5,0,Boa Vista do Sul//work,nan,nan
5,5,0,Boa Vista do Sul//school,nan,nan
5,5,0,Boa Vista do Sul//marketplace,nan,nan
5,5,0,Boa Vista do Sul//pharmacy,nan,nan
5,5,0,Boa Vista do Sul//gas_station,nan,nan
5,5,0,Bom Fim//home,0.21098810789906217,0.1670695156144252
5,5,0,Bom Fim//work,0.4086666666666667,0.6666666666666666
5,5,0,Bom Fim//school,nan,nan
5,5,0,Bom Fim//marketplace,nan,nan
5,5,0,Bom Fim//pharmacy,nan,nan
5,5,0,Bom Fim//gas_station,nan,nan
5,5,0,Bom Jesus//home,0.2425210871602624,0.1874914089347079
5,5,0,Bom Jesus//work,0.4186666666666667,0.6666666666666666
5,5,0,Bom Jesus//school,nan,nan
5,5,0,Bom Jesus//marketplace,nan,nan
5,5,0,Bom Jesus//pharmacy,nan,nan
5,5,0,Bom Jesus//gas_station,nan,nan
5,5,0,Camaquã//home,0.21327783681662535,0.1945920415633487
5,5,0,Camaquã//work,0.41333333333333333,0.6666666666666666
5,5,0,Camaquã//school,nan,nan
5,5,0,Camaquã//marketplace,nan,nan
5,5,0,Camaquã//pharmacy,nan,nan
5,5,0,Camaquã//gas_station,nan,nan
5,5,0,Campo Novo//home,0.24915315751270264,0.1939672554238245
5,5,0,Campo Novo//work,nan,nan
5,5,0,Campo Novo//school,nan,nan
5,5,0,Campo Novo//marketplace,nan,nan
5,5,0,Campo Novo//pharmacy,nan,nan
5,5,0,Campo Novo//gas_station,nan,nan
5,5,0,Cascata//home,0.2562016149171731,0.18385637781292488
5,5,0,Cascata//work,0.4493333333333333,0.6666666666666666
5,5,0,Cascata//school,nan,nan
5,5,0,Cascata//marketplace,nan,nan
5,5,0,Cascata//pharmacy,nan,nan
5,5,0,Cascata//gas_station,nan,nan
5,5,0,Cavalhada//home,0.21249869787145387,0.2131555493825017
5,5,0,Cavalhada//work,0.424,0.6666666666666666
5,5,0,Cavalhada//school,nan,nan
5,5,0,Cavalhada//marketplace,nan,nan
5,5,0,Cavalhada//pharmacy,nan,nan
5,5,0,Cavalhada//gas_station,nan,nan
5,5,0,Cavalhada//shopping_mall,nan,nan
5,5,0,Centro Histórico//home,0.24517979497530143,0.2031479612613091
5,5,0,Centro Histórico//work,0.398,0.6666666666666666
5,5,0,Centro Histórico//school,nan,nan
5,5,0,Centro Histórico//marketplace,nan,nan
5,5,0,Centro Histórico//pharmacy,nan,nan
5,5,0,Centro Histórico//gas_station,nan,nan
5,5,0,Centro Histórico//hospital,nan,nan
5,5,0,Centro Histórico//shopping_mall,nan,nan
5,5,0,Chácara das Pedras//home,0.22622975404919016,0.22105578884223157
5,5,0,Chácara das Pedras//work,0.445,0.6666666666666666
5,5,0,Chácara das Pedras//school,nan,nan
5,5,0,Chácara das Pedras//marketplace,nan,nan
5,5,0,Chácara das Pedras//pharmacy,nan,nan
5,5,0,Chácara das Pedras//gas_station,nan,nan
5,5,0,Chapéu do Sol//home,0.28248216297408935,0.17949680811115284
5,5,0,Chapéu do Sol//work,0.516,0.6666666666666666
5,5,0,Chapéu do Sol//school,nan,nan
5,5,0,Chapéu do Sol//marketplace,nan,nan
5,5,0,Chapéu do Sol//pharmacy,nan,nan
5,5,0,Chapéu do Sol//gas_station,nan,nan
5,5,0,Cidade Baixa//home,0.25682169500638485,0.20592781772968613
5,5,0,Cidade Baixa//work,0.392,0.6666666666666666
5,5,0,Cidade Baixa//school,nan,nan
5,5,0,Cidade Baixa//marketplace,nan,nan
5,5,0,Cidade Baixa//pharmacy,nan,nan
5,5,0,Cidade Baixa//gas_station,nan,nan
5,5,0,Cel. Aparício Borges//home,0.24800621591508826,0.16212201176723548
5,5,0,Cel. Aparício Borges//work,0.43333333333333335,0.6666666666666666
5,5,0,Cel. Aparício Borges//school,nan,nan
5,5,0,Cel. Aparício Borges//marketplace,nan,nan
5,5,0,Cel. Aparício Borges//pharmacy,nan,nan
5,5,0,Cel. Aparício Borges//gas_station,nan,nan
5,5,0,Costa e Silva//home,0.27188990030342436,0.15657660261041276
5,5,0,Costa e Silva//work,0.4416,0.6666666666666666
5,5,0,Costa e Silva//school,nan,nan
5,5,0,Costa e Silva//marketplace,nan,nan
5,5,0,Costa e Silva//pharmacy,nan,nan
5,5,0,Costa e Silva//gas_station,nan,nan
5,5,0,Cristal//home,0.221753497855586,0.1660690430992055
5,5,0,Cristal//work,0.435,0.6666666666666666
5,5,0,Cristal//school,nan,nan
5,5,0,Cristal//marketplace,nan,nan
5,5,0,Cristal//pharmacy,nan,nan
5,5,0,Cristal//gas_station,nan,nan
5,5,0,Cristo Redentor//home,0.21007764477515367,0.1920845465329451
5,5,0,Cristo Redentor//work,nan,nan
5,5,0,Cristo Redentor//school,nan,nan
5,5,0,Cristo Redentor//marketplace,nan,nan
5,5,0,Cristo Redentor//pharmacy,nan,nan
5,5,0,Cristo Redentor//gas_station,nan,nan
5,5,0,Cristo Redentor//hospital,nan,nan
5,5,0,Cristo Redentor//shopping_mall,nan,nan
5,5,0,Espírito Santo//home,0.21704630321135177,0.2002738361961663
5,5,0,Espírito Santo//work,nan,nan
5,5,0,Espírito Santo//school,nan,nan
5,5,0,Espírito Santo//marketplace,nan,nan
5,5,0,Espírito Santo//pharmacy,nan,nan
5,5,0,Espírito Santo//gas_station,nan,nan
5,5,0,Extrema//home,0.22602221100454317,0.22143698468786807
5,5,0,Extrema//work,0.4,0.6666666666666666
5,5,0,Extrema//school,nan,nan
5,5,0,Extrema//marketplace,nan,nan
5,5,0,Extrema//pharmacy,nan,nan
5,5,0,Extrema//gas_station,nan,nan
5,5,0,Farrapos//home,0.2446445959104187,0.2088427278300696
5,5,0,Farrapos//work,0.47,0.6666666666666666
5,5,0,Farrapos//school,nan,nan
5,5,0,Farrapos//marketplace,nan,nan
5,5,0,Farrapos//pharmacy,nan,nan
5,5,0,Farrapos//gas_station,nan,nan
5,5,0,Farrapos//stadium,nan,nan
5,5,0,Farroupilha//home,0.1958509142053446,0.06563525550867323
5,5,0,Farroupilha//work,0.4004,0.6666666666666666
5,5,0,Farroupilha//school,nan,nan
5,5,0,Farroupilha//marketplace,nan,nan
5,5,0,Farroupilha//pharmacy,nan,nan
5,5,0,Farroupilha//gas_station,nan,nan
5,5,0,Farroupilha//hospital,nan,nan
5,5,0,Floresta//home,0.1871334943083822,0.2209957456594228
5,5,0,Floresta//work,0.37,0.6666666666666666
5,5,0,Floresta//school,nan,nan
5,5,0,Floresta//marketplace,nan,nan
5,5,0,Floresta//pharmacy,nan,nan
5,5,0,Floresta//gas_station,nan,nan
5,5,0,Glória//home,0.1948191687544164,0.17798334082781953
5,5,0,Glória//work,0.43166666666666664,0.6666666666666666
5,5,0,Glória//school,nan,nan
5,5,0,Glória//marketplace,nan,nan
5,5,0,Glória//pharmacy,nan,nan
5,5,0,Glória//gas_station,nan,nan
5,5,0,Glória//hospital,nan,nan
5,5,0,Guarujá//home,0.24462837097127824,0.196740480888694
5,5,0,Guarujá//work,0.468,0.6666666666666666
5,5,0,Guarujá//school,nan,nan
5,5,0,Guarujá//marketplace,nan,nan
5,5,0,Guarujá//pharmacy,nan,nan
5,5,0,Guarujá//gas_station,nan,nan
5,5,0,Higienópolis//home,0.22548626428714658,0.18748746741527972
5,5,0,Higienópolis//work,0.3765,0.6666666666666666
5,5,0,Higienópolis//school,nan,nan
5,5,0,Higienópolis//marketplace,nan,nan
5,5,0,Higienópolis//pharmacy,nan,nan
5,5,0,Higienópolis//gas_station,nan,nan
5,5,0,Hípica//home,0.29278832530461885,0.19567393973741382
5,5,0,Hípica//work,0.4575,0.6666666666666666
5,5,0,Hípica//school,nan,nan
5,5,0,Hípica//marketplace,nan,nan
5,5,0,Hípica//pharmacy,nan,nan
5,5,0,Hípica//gas_station,nan,nan
5,5,0,Humaitá//home,0.2727685875295401,0.2006907834939102
5,5,0,Humaitá//work,nan,nan
5,5,0,Humaitá//school,nan,nan
5,5,0,Humaitá//marketplace,nan,nan
5,5,0,Humaitá//pharmacy,nan,nan
5,5,0,Humaitá//gas_station,nan,nan
5,5,0,Independência//home,0.20707688128226026,0.17549578918772074
5,5,0,Independência//work,0.3855,0.6666666666666666
5,5,0,Independência//school,nan,nan
5,5,0,Independência//marketplace,nan,nan
5,5,0,Independência//pharmacy,nan,nan
5,5,0,Independência//gas_station,nan,nan
5,5,0,Independência//hospital,nan,nan
5,5,0,Independência//shopping_mall,nan,nan
5,5,0,Ipanema//home,0.2242591472633807,0.20411248866041729
5,5,0,Ipanema//work,0.454,0.6666666666666666
5,5,0,Ipanema//school,nan,nan
5,5,0,Ipanema//marketplace,nan,nan
5,5,0,Ipanema//pharmacy,nan,nan
5,5,0,Ipanema//gas_station,nan,nan
5,5,0,Jardim Botânico//home,0.21577296063890475,0.21188167223535165
5,5,0,Jardim Botânico//work,0.4565,0.6666666666666666
5,5,0,Jardim Botânico//school,nan,nan
5,5,0,Jardim Botânico//marketplace,nan,nan
5,5,0,Jardim Botânico//pharmacy,nan,nan
5,5,0,Jardim Botânico//gas_station,nan,nan
5,5,0,Jardim Botânico//hospital,nan,nan
5,5,0,Jardim Botânico//shopping_mall,nan,nan
5,5,0,Jardim Carvalho//home,0.23438415808423343,0.1928884423232577
5,5,0,Jardim Carvalho//work,0.42457142857142854,0.6666666666666666
5,5,0,Jardim Carvalho//school,nan,nan
5,5,0,Jardim Carvalho//marketplace,nan,nan
5,5,0,Jardim Carvalho//pharmacy,nan,nan
5,5,0,Jardim Carvalho//gas_station,nan,nan
5,5,0,Jardim Carvalho//hospital,nan,nan
5,5,0,Jardim do Salso//home,0.22503201024327785,0.16406316688006828
5,5,0,Jardim do Salso//work,0.4372,0.6666666666666666
5,5,0,Jardim do Salso//school,nan,nan
5,5,0,Jardim do Salso//marketplace,nan,nan
5,5,0,Jardim do Salso//pharmacy,nan,nan
5,5,0,Jardim do Salso//gas_station,nan,nan
5,5,0,Jardim Leopoldina//home,0.23911154870844434,0.2015907950113904
5,5,0,Jardim Leopoldina//work,0.44,0.6666666666666666
5,5,0,Jardim Leopoldina//school,nan,nan
5,5,0,Jardim Leopoldina//marketplace,nan,nan
5,5,0,Jardim Leopoldina//pharmacy,nan,nan
5,5,0,Jardim Leopoldina//gas_station,nan,nan
5,5,0,Jardim Europa//home,0.2497559785261103,0.1665853261753701
5,5,0,Jardim Europa//work,0.4245,0.6666666666666666
5,5,0,Jardim Europa//school,nan,nan
5,5,0,Jardim Europa//marketplace,nan,nan
5,5,0,Jardim Europa//pharmacy,nan,nan
5,5,0,Jardim Europa//gas_station,nan,nan
5,5,0,Jardim Europa//shopping_mall,nan,nan
5,5,0,Jardim Floresta//home,0.19618907425580634,0.18471268127794133
5,5,0,Jardim Floresta//work,0.4266666666666667,0.6666666666666666
5,5,0,Jardim Floresta//school,nan,nan
5,5,0,Jardim Floresta//marketplace,nan,nan
5,5,0,Jardim Floresta//pharmacy,nan,nan
5,5,0,Jardim Floresta//gas_station,nan,nan
5,5,0,Jardim Isabel//home,0.25458553791887123,0.22128159905937683
5,5,0,Jardim Isabel//work,0.42133333333333334,0.6666666666666666
5,5,0,Jardim Isabel//school,nan,nan
5,5,0,Jardim Isabel//marketplace,nan,nan
5,5,0,Jardim Isabel//pharmacy,nan,nan
5,5,0,Jardim Isabel//gas_station,nan,nan
5,5,0,Jardim Itú//home,0.23224734420269272,0.21462250752712606
5,5,0,Jardim Itú//work,nan,nan
5,5,0,Jardim Itú//school,nan,nan
5,5,0,Jardim Itú//marketplace,nan,nan
5,5,0,Jardim Itú//pharmacy,nan,nan
5,5,0,Jardim Itú//gas_station,nan,nan
5,5,0,Jardim Lindóia//home,0.21067780119993515,0.1305875358088752
5,5,0,Jardim Lindóia//work,0.418,0.6666666666666666
5,5,0,Jardim Lindóia//school,nan,nan
5,5,0,Jardim Lindóia//marketplace,nan,nan
5,5,0,Jardim Lindóia//pharmacy,nan,nan
5,5,0,Jardim Lindóia//gas_station,nan,nan
5,5,0,Jardim Lindóia//shopping_mall,nan,nan
5,5,0,Jardim Sabará//home,0.18678304239401497,0.16530894984760322
5,5,0,Jardim Sabará//work,0.4706666666666667,0.6666666666666666
5,5,0,Jardim Sabará//school,nan,nan
5,5,0,Jardim Sabará//marketplace,nan,nan
5,5,0,Jardim Sabará//pharmacy,nan,nan
5,5,0,Jardim Sabará//gas_station,nan,nan
5,5,0,Jardim São Pedro//home,0.2112590799031477,0.19137297103398798
5,5,0,Jardim São Pedro//work,0.454,0.6666666666666666
5,5,0,Jardim São Pedro//school,nan,nan
5,5,0,Jardim São Pedro//marketplace,nan,nan
5,5,0,Jardim São Pedro//pharmacy,nan,nan
5,5,0,Jardim São Pedro//gas_station,nan,nan
5,5,0,Lageado//home,0.25709052233514534,0.19491058063499567
5,5,0,Lageado//work,nan,nan
5,5,0,Lageado//school,nan,nan
5,5,0,Lageado//marketplace,nan,nan
5,5,0,Lageado//pharmacy,nan,nan
5,5,0,Lageado//gas_station,nan,nan
5,5,0,Lami//home,0.2574609466076008,0.22103054325017488
5,5,0,Lami//work,0.454,0.6666666666666666
5,5,0,Lami//school,nan,nan
5,5,0,Lami//marketplace,nan,nan
5,5,0,Lami//pharmacy,nan,nan
5,5,0,Lami//gas_station,nan,nan
5,5,0,Lomba do Pinheiro//home,0.2555749379563356,0.200853624908583
5,5,0,Lomba do Pinheiro//work,0.458,0.6666666666666666
5,5,0,Lomba do Pinheiro//school,nan,nan
5,5,0,Lomba do Pinheiro//marketplace,nan,nan
5,5,0,Lomba do Pinheiro//pharmacy,nan,nan
5,5,0,Lomba do Pinheiro//gas_station,nan,nan
5,5,0,Mário Quintana//home,0.29161278154973597,0.20889463663469482
5,5,0,Mário Quintana//work,0.4685,0.6666666666666666
5,5,0,Mário Quintana//school,nan,nan
5,5,0,Mário Quintana//marketplace,nan,nan
5,5,0,Mário Quintana//pharmacy,nan,nan
5,5,0,Mário Quintana//gas_station,nan,nan
5,5,0,Medianeira//home,0.17833162361279492,0.20019273213342037
5,5,0,Medianeira//work,0.43466666666666665,0.6666666666666666
5,5,0,Medianeira//school,nan,nan
5,5,0,Medianeira//marketplace,nan,nan
5,5,0,Medianeira//pharmacy,nan,nan
5,5,0,Medianeira//gas_station,nan,nan
5,5,0,Menino Deus//home,0.21586734693877552,0.18680272108843538
5,5,0,Menino Deus//work,0.406,0.6666666666666666
5,5,0,Menino Deus//school,nan,nan
5,5,0,Menino Deus//marketplace,nan,nan
5,5,0,Menino Deus//pharmacy,nan,nan
5,5,0,Menino Deus//gas_station,nan,nan
5,5,0,Menino Deus//hospital,nan,nan
5,5,0,Moinhos de Vento//home,0.23413641766480753,0.1801834750540977
5,5,0,Moinhos de Vento//work,0.371,0.6666666666666666
5,5,0,Moinhos de Vento//school,nan,nan
5,5,0,Moinhos de Vento//marketplace,nan,nan
5,5,0,Moinhos de Vento//pharmacy,nan,nan
5,5,0,Moinhos de Vento//gas_station,nan,nan
5,5,0,Moinhos de Vento//hospital,nan,nan
5,5,0,Moinhos de Vento//shopping_mall,nan,nan
5,5,0,Mont'Serrat//home,0.23843983251410886,0.21081376297105406
5,5,0,Mont'Serrat//work,0.41733333333333333,0.6666666666666666
5,5,0,Mont'Serrat//school,nan,nan
5,5,0,Mont'Serrat//marketplace,nan,nan
5,5,0,Mont'Serrat//pharmacy,nan,nan
5,5,0,Mont'Serrat//gas_station,nan,nan
5,5,0,Morro Santana//home,0.23763279321815645,0.20302607575920162
5,5,0,Morro Santana//work,0.4705,0.6666666666666666
5,5,0,Morro Santana//school,nan,nan
5,5,0,Morro Santana//marketplace,nan,nan
5,5,0,Morro Santana//pharmacy,nan,nan
5,5,0,Morro Santana//gas_station,nan,nan
5,5,0,Navegantes//home,0.1907652685798381,0.1937699288692666
5,5,0,Navegantes//work,0.388,0.6666666666666666
5,5,0,Navegantes//school,nan,nan
5,5,0,Navegantes//marketplace,nan,nan
5,5,0,Navegantes//pharmacy,nan,nan
5,5,0,Navegantes//gas_station,nan,nan
5,5,0,Navegantes//shopping_mall,nan,nan
5,5,0,Nonoai//home,0.21785246617197732,0.17712789175032737
5,5,0,Nonoai//work,0.412,0.6666666666666666
5,5,0,Nonoai//school,nan,nan
5,5,0,Nonoai//marketplace,nan,nan
5,5,0,Nonoai//pharmacy,nan,nan
5,5,0,Nonoai//gas_station,nan,nan
5,5,0,Parque Santa Fé//home,0.2470217835262083,0.18311776718856365
5,5,0,Parque Santa Fé//work,0.45666666666666667,0.6666666666666666
5,5,0,Parque Santa Fé//school,nan,nan
5,5,0,Parque Santa Fé//marketplace,nan,nan
5,5,0,Parque Santa Fé//pharmacy,nan,nan
5,5,0,Parque Santa Fé//gas_station,nan,nan
5,5,0,Partenon//home,0.20314587373410903,0.20409394527041586
5,5,0,Partenon//work,0.4024,0.6666666666666666
5,5,0,Partenon//school,nan,nan
5,5,0,Partenon//marketplace,nan,nan
5,5,0,Partenon//pharmacy,nan,nan
5,5,0,Partenon//gas_station,nan,nan
5,5,0,Passo D'Areia//home,0.055179320869896985,0.19966933740302684
5,5,0,Passo D'Areia//work,0.48,0.6666666666666666
5,5,0,Passo D'Areia//school,nan,nan
5,5,0,Passo D'Areia//marketplace,nan,nan
5,5,0,Passo D'Areia//pharmacy,nan,nan
5,5,0,Passo D'Areia//gas_station,nan,nan
5,5,0,Passo das Pedras//home,0.2297789419882443,0.2138597836272255
5,5,0,Passo das Pedras//work,0.42766666666666664,0.6666666666666666
5,5,0,Passo das Pedras//school,nan,nan
5,5,0,Passo das Pedras//marketplace,nan,nan
5,5,0,Passo das Pedras//pharmacy,nan,nan
5,5,0,Passo das Pedras//gas_station,nan,nan
5,5,0,Pedra Redonda//home,0.30656934306569344,0.22384428223844283
5,5,0,Pedra Redonda//work,0.44733333333333336,0.6666666666666666
5,5,0,Pedra Redonda//school,nan,nan
5,5,0,Pedra Redonda//marketplace,nan,nan
5,5,0,Pedra Redonda//pharmacy,nan,nan
5,5,0,Pedra Redonda//gas_station,nan,nan
5,5,0,Petrópolis//home,0.23430593632854024,0.19908987485779295
5,5,0,Petrópolis//work,0.43,0.6666666666666666
5,5,0,Petrópolis//school,nan,nan
5,5,0,Petrópolis//marketplace,nan,nan
5,5,0,Petrópolis//pharmacy,nan,nan
5,5,0,Petrópolis//gas_station,nan,nan
5,5,0,Pitinga//home,0.2690151145782545,0.19405168210628962
5,5,0,Pitinga//work,0.498,0.6666666666666666
5,5,0,Pitinga//school,nan,nan
5,5,0,Pitinga//marketplace,nan,nan
5,5,0,Pitinga//pharmacy,nan,nan
5,5,0,Pitinga//gas_station,nan,nan
5,5,0,Ponta Grossa//home,0.2617368036973972,0.19395118786994242
5,5,0,Ponta Grossa//work,nan,nan
5,5,0,Ponta Grossa//school,nan,nan
5,5,0,Ponta Grossa//marketplace,nan,nan
5,5,0,Ponta Grossa//pharmacy,nan,nan
5,5,0,Ponta Grossa//gas_station,nan,nan
5,5,0,Praia de Belas//home,0.18906181499342395,0.2209557211749233
5,5,0,Praia de Belas//work,0.38666666666666666,0.6666666666666666
5,5,0,Praia de Belas//school,nan,nan
5,5,0,Praia de Belas//marketplace,nan,nan
5,5,0,Praia de Belas//pharmacy,nan,nan
5,5,0,Praia de Belas//gas_station,nan,nan
5,5,0,Praia de Belas//stadium,nan,nan
5,5,0,Praia de Belas//shopping_mall,nan,nan
5,5,0,Restinga//home,0.23959775419166282,0.20803209762600625
5,5,0,Restinga//work,0.437,0.6666666666666666
5,5,0,Restinga//school,nan,nan
5,5,0,Restinga//marketplace,nan,nan
5,5,0,Restinga//pharmacy,nan,nan
5,5,0,Restinga//gas_station,nan,nan
5,5,0,Restinga//hospital,nan,nan
5,5,0,Rio Branco//home,0.23021255357876813,0.20781711780478734
5,5,0,Rio Branco//work,0.353,0.6666666666666666
5,5,0,Rio Branco//school,nan,nan
5,5,0,Rio Branco//marketplace,nan,nan
5,5,0,Rio Branco//pharmacy,nan,nan
5,5,0,Rio Branco//gas_station,nan,nan
5,5,0,Rio Branco//hospital,nan,nan
5,5,0,Rubem Berta//home,0.17192609044358073,0.21062372755876366
5,5,0,Rubem Berta//work,0.41133333333333333,0.6666666666666666
5,5,0,Rubem Berta//school,nan,nan
5,5,0,Rubem Berta//marketplace,nan,nan
5,5,0,Rubem Berta//pharmacy,nan,nan
5,5,0,Rubem Berta//gas_station,nan,nan
5,5,0,Santa Cecília//home,0.22354113809351214,0.20079739035882566
5,5,0,Santa Cecília//work,0.455,0.6666666666666666
5,5,0,Santa Cecília//school,nan,nan
5,5,0,Santa Cecília//marketplace,nan,nan
5,5,0,Santa Cecília//pharmacy,nan,nan
5,5,0,Santa Cecília//gas_station,nan,nan
5,5,0,Santa Cecília//hospital,nan,nan
5,5,0,Santa Maria Goretti//home,0.34205716184778995,0.14689265536723164
5,5,0,Santa Maria Goretti//work,0.38066666666666665,0.6666666666666666
5,5,0,Santa Maria Goretti//school,nan,nan
5,5,0,Santa Maria Goretti//marketplace,nan,nan
5,5,0,Santa Maria Goretti//pharmacy,nan,nan
5,5,0,Santa Maria Goretti//gas_station,nan,nan
5,5,0,Santa Rosa de Lima//home,0.23619546401431799,0.20453989770071102
5,5,0,Santa Rosa de Lima//work,0.456,0.6666666666666666
5,5,0,Santa Rosa de Lima//school,nan,nan
5,5,0,Santa Rosa de Lima//marketplace,nan,nan
5,5,0,Santa Rosa de Lima//pharmacy,nan,nan
5,5,0,Santa Rosa de Lima//gas_station,nan,nan
5,5,0,Santa Tereza//home,0.22585914645815677,0.18435993474952383
5,5,0,Santa Tereza//work,0.4224,0.6666666666666666
5,5,0,Santa Tereza//school,nan,nan
5,5,0,Santa Tereza//marketplace,nan,nan
5,5,0,Santa Tereza//pharmacy,nan,nan
5,5,0,Santa Tereza//gas_station,nan,nan
5,5,0,Santana//home,0.2114081035279618,0.19233468563309883
5,5,0,Santana//work,0.366,0.6666666666666666
5,5,0,Santana//school,nan,nan
5,5,0,Santana//marketplace,nan,nan
5,5,0,Santana//pharmacy,nan,nan
5,5,0,Santana//gas_station,nan,nan
5,5,0,Santana//hospital,nan,nan
5,5,0,Santo Antônio//home,0.19391908560151302,0.18430501877586822
5,5,0,Santo Antônio//work,0.4026666666666667,0.6666666666666666
5,5,0,Santo Antônio//school,nan,nan
5,5,0,Santo Antônio//marketplace,nan,nan
5,5,0,Santo Antônio//pharmacy,nan,nan
5,5,0,Santo Antônio//gas_station,nan,nan
5,5,0,São Caetano//home,0.25726552179656537,0.22192866578599735
5,5,0,São Caetano//work,nan,nan
5,5,0,São Caetano//school,nan,nan
5,5,0,São Caetano//marketplace,nan,nan
5,5,0,São Caetano//pharmacy,nan,nan
5,5,0,São Caetano//gas_station,nan,nan
5,5,0,São Geraldo//home,0.21457781361594286,0.2210958798909496
5,5,0,São Geraldo//work,nan,nan
5,5,0,São Geraldo//school,nan,nan
5,5,0,São Geraldo//marketplace,nan,nan
5,5,0,São Geraldo//pharmacy,nan,nan
5,5,0,São Geraldo//gas_station,nan,nan
5,5,0,São João//home,0.21956412825651303,0.2117011801380539
5,5,0,São João//work,nan,nan
5,5,0,São João//school,nan,nan
5,5,0,São João//marketplace,nan,nan
5,5,0,São João//pharmacy,nan,nan
5,5,0,São João//gas_station,nan,nan
5,5,0,São João//shopping_mall,nan,nan
5,5,0,São Sebastião//home,0.2265844290146255,0.20456000393952825
5,5,0,São Sebastião//work,0.4412,0.6666666666666666
5,5,0,São Sebastião//school,nan,nan
5,5,0,São Sebastião//marketplace,nan,nan
5,5,0,São Sebastião//pharmacy,nan,nan
5,5,0,São Sebastião//gas_station,nan,nan
5,5,0,São Sebastião//shopping_mall,nan,nan
5,5,0,Sarandi//home,0.21173456024864243,0.2014399376065839
5,5,0,Sarandi//work,0.342,0.6666666666666666
5,5,0,Sarandi//school,nan,nan
5,5,0,Sarandi//marketplace,nan,nan
5,5,0,Sarandi//pharmacy,nan,nan
5,5,0,Sarandi//gas_station,nan,nan
5,5,0,Sarandi//shopping_mall,nan,nan
5,5,0,Serraria//home,0.20591566474995643,0.18214555381309172
5,5,0,Serraria//work,nan,nan
5,5,0,Serraria//school,nan,nan
5,5,0,Serraria//marketplace,nan,nan
5,5,0,Serraria//pharmacy,nan,nan
5,5,0,Serraria//gas_station,nan,nan
5,5,0,Sétimo Céu//home,0.24887133182844243,0.2217205919237522
5,5,0,Sétimo Céu//work,0.41,0.6666666666666666
5,5,0,Sétimo Céu//school,nan,nan
5,5,0,Sétimo Céu//marketplace,nan,nan
5,5,0,Sétimo Céu//pharmacy,nan,nan
5,5,0,Sétimo Céu//gas_station,nan,nan
5,5,0,Teresópolis//home,0.2289540367424509,0.20520400741418549
5,5,0,Teresópolis//work,0.43166666666666664,0.6666666666666666
5,5,0,Teresópolis//school,nan,nan
5,5,0,Teresópolis//marketplace,nan,nan
5,5,0,Teresópolis//pharmacy,nan,nan
5,5,0,Teresópolis//gas_station,nan,nan
5,5,0,Teresópolis//hospital,nan,nan
5,5,0,Três Figueiras//home,0.18034398034398033,0.22096642096642097
5,5,0,Três Figueiras//work,0.4208,0.6666666666666666
5,5,0,Três Figueiras//school,nan,nan
5,5,0,Três Figueiras//marketplace,nan,nan
5,5,0,Três Figueiras//pharmacy,nan,nan
5,5,0,Três Figueiras//gas_station,nan,nan
5,5,0,Três Figueiras//shopping_mall,nan,nan
5,5,0,Tristeza//home,0.21558756054040276,0.1924972385079446
5,5,0,Tristeza//work,0.4266666666666667,0.6666666666666666
5,5,0,Tristeza//school,nan,nan
5,5,0,Tristeza//marketplace,nan,nan
5,5,0,Tristeza//pharmacy,nan,nan
5,5,0,Tristeza//gas_station,nan,nan
5,5,0,Vila Assunção//home,0.20669385796545106,0.19433781190019195
5,5,0,Vila Assunção//work,0.456,0.6666666666666666
5,5,0,Vila Assunção//school,nan,nan
5,5,0,Vila Assunção//marketplace,nan,nan
5,5,0,Vila Assunção//pharmacy,nan,nan
5,5,0,Vila Assunção//gas_station,nan,nan
5,5,0,Vila Assunção//hospital,nan,nan
5,5,0,Vila Conceição//home,0.23072646404744254,0.2213985668396343
5,5,0,Vila Conceição//work,0.432,0.6666666666666666
5,5,0,Vila Conceição//school,nan,nan
5,5,0,Vila Conceição//marketplace,nan,nan
5,5,0,Vila Conceição//pharmacy,nan,nan
5,5,0,Vila Conceição//gas_station,nan,nan
5,5,0,Vila Ipiranga//home,0.2105084469552936,0.2148948883698191
5,5,0,Vila Ipiranga//work,0.434,0.6666666666666666
5,5,0,Vila Ipiranga//school,nan,nan
5,5,0,Vila Ipiranga//marketplace,nan,nan
5,5,0,Vila Ipiranga//pharmacy,nan,nan
5,5,0,Vila Ipiranga//gas_station,nan,nan
5,5,0,Vila Jardim//home,0.21178220882602983,0.2123296493804261
5,5,0,Vila Jardim//work,0.392,0.6666666666666666
5,5,0,Vila Jardim//school,nan,nan
5,5,0,Vila Jardim//marketplace,nan,nan
5,5,0,Vila Jardim//pharmacy,nan,nan
5,5,0,Vila Jardim//gas_station,nan,nan
5,5,0,Vila João Pessoa//home,0.21786266373769425,0.1937461014834703
5,5,0,Vila João Pessoa//work,0.427,0.6666666666666666
5,5,0,Vila João Pessoa//school,nan,nan
5,5,0,Vila João Pessoa//marketplace,nan,nan
5,5,0,Vila João Pessoa//pharmacy,nan,nan
5,5,0,Vila João Pessoa//gas_station,nan,nan
5,5,0,Vila Nova//home,0.20377453693154074,0.1955141768937791
5,5,0,Vila Nova//work,0.412,0.6666666666666666
5,5,0,Vila Nova//school,nan,nan
5,5,0,Vila Nova//marketplace,nan,nan
5,5,0,Vila Nova//pharmacy,nan,nan
5,5,0,Vila Nova//gas_station,nan,nan
5,5,0,Vila Nova//hospital,nan,nan
5,5,0,São José//home,0.25189933523266855,0.19884984699799516
5,5,0,São José//work,0.456,0.6666666666666666
5,5,0,São José//school,nan,nan
5,5,0,São José//marketplace,nan,nan
5,5,0,São José//pharmacy,nan,nan
5,5,0,São José//gas_station,nan,nan
6,6,0,Aberta dos Morros//home,0.24375845991878478,0.18749686669674637
6,6,0,Aberta dos Morros//work,0.446,0.6666666666666666
6,6,0,Aberta dos Morros//school,nan,nan
6,6,0,Aberta dos Morros//marketplace,nan,nan
6,6,0,Aberta dos Morros//pharmacy,nan,nan
6,6,0,Aberta dos Morros//gas_station,nan,nan
6,6,0,Agronomia//home,0.2294079794079794,0.22165022165022166
6,6,0,Agronomia//work,0.402,0.6666666666666666
6,6,0,Agronomia//school,nan,nan
6,6,0,Agronomia//marketplace,nan,nan
6,6,0,Agronomia//pharmacy,nan,nan
6,6,0,Agronomia//gas_station,nan,nan
6,6,0,Anchieta//home,0.28829051383399207,0.22134387351778656
6,6,0,Anchieta//work,0.4035,0.6666666666666666
6,6,0,Anchieta//school,nan,nan
6,6,0,Anchieta//marketplace,nan,nan
6,6,0,Anchieta//pharmacy,nan,nan
6,6,0,Anchieta//gas_station,nan,nan
6,6,0,Arquipélago//home,0.25241336633663364,0.20717821782178217
6,6,0,Arquipélago//work,0.416,0.6666666666666666
6,6,0,Arquipélago//school,nan,nan
6,6,0,Arquipélago//marketplace,nan,nan
6,6,0,Arquipélago//pharmacy,nan,nan
6,6,0,Arquipélago//gas_station,nan,nan
6,6,0,Auxiliadora//home,0.24834761953939893,0.22093703741953252
6,6,0,Auxiliadora//work,0.45,0.6666666666666666
6,6,0,Auxiliadora//school,nan,nan
6,6,0,Auxiliadora//marketplace,nan,nan
6,6,0,Auxiliadora//pharmacy,nan,nan
6,6,0,Auxiliadora//gas_station,nan,nan
6,6,0,Azenha//home,0.17568728522336768,0.18608768093304176
6,6,0,Azenha//work,0.42314285714285715,0.6666666666666666
6,6,0,Azenha//school,nan,nan
6,6,0,Azenha//marketplace,nan,nan
6,6,0,Azenha//pharmacy,nan,nan
6,6,0,Azenha//gas_station,nan,nan
6,6,0,Azenha//hospital,nan,nan
6,6,0,Azenha//shopping_mall,nan,nan
6,6,0,Bela Vista//home,0.24252514270182116,0.1906315121862825
6,6,0,Bela Vista//work,0.4026666666666667,0.6666666666666666
6,6,0,Bela Vista//school,nan,nan
6,6,0,Bela Vista//marketplace,nan,nan
6,6,0,Bela Vista//pharmacy,nan,nan
6,6,0,Bela Vista//gas_station,nan,nan
6,6,0,Belém Novo//home,0.2165989847715736,0.20961082910321488
6,6,0,Belém Novo//work,0.4046666666666667,0.6666666666666666
6,6,0,Belém Novo//school,nan,nan
6,6,0,Belém Novo//marketplace,nan,nan
6,6,0,Belém Novo//pharmacy,nan,nan
6,6,0,Belém Novo//gas_station,nan,nan
6,6,0,Belém Velho//home,0.2483467170524327,0.21048653755314123
6,6,0,Belém Velho//work,0.4624,0.6666666666666666
6,6,0,Belém Velho//school,nan,nan
6,6,0,Belém Velho//marketplace,nan,nan
6,6,0,Belém Velho//pharmacy,nan,nan
6,6,0,Belém Velho//gas_station,nan,nan
6,6,0,Boa Vista//home,0.2194024080415332,0.1718030855333407
6,6,0,Boa Vista//work,0.361,0.6666666666666666
6,6,0,Boa Vista//school,nan,nan
6,6,0,Boa Vista//marketplace,nan,nan
6,6,0,Boa Vista//pharmacy,nan,nan
6,6,0,Boa Vista//gas_station,nan,nan
6,6,0,Boa Vista do Sul//home,0.24115533443891654,0.09802837663534181
6,6,0,Boa Vista do Sul//work,0.458,0.6666666666666666
6,6,0,Boa Vista do Sul//school,nan,nan
6,6,0,Boa Vista do Sul//marketplace,nan,nan
6,6,0,Boa Vista do Sul//pharmacy,nan,nan
6,6,0,Boa Vista do Sul//gas_station,nan,nan
6,6,0,Bom Fim//home,0.20833746160705438,0.15469467287559036
6,6,0,Bom Fim//work,0.3995,0.6666666666666666
6,6,0,Bom Fim//school,nan,nan
6,6,0,Bom Fim//marketplace,nan,nan
6,6,0,Bom Fim//pharmacy,nan,nan
6,6,0,Bom Fim//gas_station,nan,nan
6,6,0,Bom Jesus//home,0.24498580889309365,0.18295805739514348
6,6,0,Bom Jesus//work,0.423,0.6666666666666666
6,6,0,Bom Jesus//school,nan,nan
6,6,0,Bom Jesus//marketplace,nan,nan
6,6,0,Bom Jesus//pharmacy,nan,nan
6,6,0,Bom Jesus//gas_station,nan,nan
6,6,0,Camaquã//home,0.21437559923298177,0.1875199744327261
6,6,0,Camaquã//work,0.426,0.6666666666666666
6,6,0,Camaquã//school,nan,nan
6,6,0,Camaquã//marketplace,nan,nan
6,6,0,Camaquã//pharmacy,nan,nan
6,6,0,Camaquã//gas_station,nan,nan
6,6,0,Campo Novo//home,0.24915315751270264,0.1939672554238245
6,6,0,Campo Novo//work,0.42,0.6666666666666666
6,6,0,Campo Novo//school,nan,nan
6,6,0,Campo Novo//marketplace,nan,nan
6,6,0,Campo Novo//pharmacy,nan,nan
6,6,0,Campo Novo//gas_station,nan,nan
6,6,0,Cascata//home,0.2617742072600527,0.17359517129983848
6,6,0,Cascata//work,0.4545,0.6666666666666666
6,6,0,Cascata//school,nan,nan
6,6,0,Cascata//marketplace,nan,nan
6,6,0,Cascata//pharmacy,nan,nan
6,6,0,Cascata//gas_station,nan,nan
6,6,0,Cavalhada//home,0.2121254524422553,0.1793101732651716
6,6,0,Cavalhada//work,0.424,0.6666666666666666
6,6,0,Cavalhada//school,nan,nan
6,6,0,Cavalhada//marketplace,nan,nan
6,6,0,Cavalhada//pharmacy,nan,nan
6,6,0,Cavalhada//gas_station,nan,nan
6,6,0,Cavalhada//shopping_mall,nan,nan
6,6,0,Centro Histórico//home,0.2423721005853024,0.19372787051087506
6,6,0,Centro Histórico//work,0.38133333333333336,0.6666666666666666
6,6,0,Centro Histórico//school,nan,nan
6,6,0,Centro Histórico//marketplace,nan,nan
6,6,0,Centro Histórico//pharmacy,nan,nan
6,6,0,Centro Histórico//gas_station,nan,nan
6,6,0,Centro Histórico//hospital,nan,nan
6,6,0,Centro Histórico//shopping_mall,nan,nan
6,6,0,Chácara das Pedras//home,0.22622975404919016,0.22105578884223157
6,6,0,Chácara das Pedras//work,0.445,0.6666666666666666
6,6,0,Chácara das Pedras//school,nan,nan
6,6,0,Chácara das Pedras//marketplace,nan,nan
6,6,0,Chácara das Pedras//pharmacy,nan,nan
6,6,0,Chácara das Pedras//gas_station,nan,nan
6,6,0,Chapéu do Sol//home,0.28248216297408935,0.17949680811115284
6,6,0,Chapéu do Sol//work,0.468,0.6666666666666666
6,6,0,Chapéu do Sol//school,nan,nan
6,6,0,Chapéu do Sol//marketplace,nan,nan
6,6,0,Chapéu do Sol//pharmacy,nan,nan
6,6,0,Chapéu do Sol//gas_station,nan,nan
6,6,0,Cidade Baixa//home,0.25682169500638485,0.20592781772968613
6,6,0,Cidade Baixa//work,0.389,0.6666666666666666
6,6,0,Cidade Baixa//school,nan,nan
6,6,0,Cidade Baixa//marketplace,nan,nan
6,6,0,Cidade Baixa//pharmacy,nan,nan
6,6,0,Cidade Baixa//gas_station,nan,nan
6,6,0,Cel. Aparício Borges//home,0.24800621591508826,0.16212201176723548
6,6,0,Cel. Aparício Borges//work,0.43333333333333335,0.6666666666666666
6,6,0,Cel. Aparício Borges//school,nan,nan
6,6,0,Cel. Aparício Borges//marketplace,nan,nan
6,6,0,Cel. Aparício Borges//pharmacy,nan,nan
6,6,0,Cel. Aparício Borges//gas_station,nan,nan
6,6,0,Costa e Silva//home,0.2768908181283108,0.1471944280949578
6,6,0,Costa e Silva//work,0.43542857142857144,0.6666666666666666
6,6,0,Costa e Silva//school,nan,nan
6,6,0,Costa e Silva//marketplace,nan,nan
6,6,0,Costa e Silva//pharmacy,nan,nan
6,6,0,Costa e Silva//gas_station,nan,nan
6,6,0,Cristal//home,0.22178487082230014,0.15711252653927812
6,6,0,Cristal//work,0.435,0.6666666666666666
6,6,0,Cristal//school,nan,nan
6,6,0,Cristal//marketplace,nan,nan
6,6,0,Cristal//pharmacy,nan,nan
6,6,0,Cristal//gas_station,nan,nan
6,6,0,Cristo Redentor//home,0.20656034199276554,0.1842814863531733
6,6,0,Cristo Redentor//work,nan,nan
6,6,0,Cristo Redentor//school,nan,nan
6,6,0,Cristo Redentor//marketplace,nan,nan
6,6,0,Cristo Redentor//pharmacy,nan,nan
6,6,0,Cristo Redentor//gas_station,nan,nan
6,6,0,Cristo Redentor//hospital,nan,nan
6,6,0,Cristo Redentor//shopping_mall,nan,nan
6,6,0,Espírito Santo//home,0.21807677242459853,0.17743830787309048
6,6,0,Espírito Santo//work,0.448,0.6666666666666666
6,6,0,Espírito Santo//school,nan,nan
6,6,0,Espírito Santo//marketplace,nan,nan
6,6,0,Espírito Santo//pharmacy,nan,nan
6,6,0,Espírito Santo//gas_station,nan,nan
6,6,0,Extrema//home,0.22602221100454317,0.22143698468786807
6,6,0,Extrema//work,0.4,0.6666666666666666
6,6,0,Extrema//school,nan,nan
6,6,0,Extrema//marketplace,nan,nan
6,6,0,Extrema//pharmacy,nan,nan
6,6,0,Extrema//gas_station,nan,nan
6,6,0,Farrapos//home,0.2442489851150203,0.18948278454367765
6,6,0,Farrapos//work,0.47,0.6666666666666666
6,6,0,Farrapos//school,nan,nan
6,6,0,Farrapos//marketplace,nan,nan
6,6,0,Farrapos//pharmacy,nan,nan
6,6,0,Farrapos//gas_station,nan,nan
6,6,0,Farrapos//stadium,nan,nan
6,6,0,Farroupilha//home,0.1958509142053446,0.06563525550867323
6,6,0,Farroupilha//work,0.4013333333333333,0.6666666666666666
6,6,0,Farroupilha//school,nan,nan
6,6,0,Farroupilha//marketplace,nan,nan
6,6,0,Farroupilha//pharmacy,nan,nan
6,6,0,Farroupilha//gas_station,nan,nan
6,6,0,Farroupilha//hospital,nan,nan
6,6,0,Floresta//home,0.18270756213643574,0.2111757447558611
6,6,0,Floresta//work,0.37,0.6666666666666666
6,6,0,Floresta//school,nan,nan
6,6,0,Floresta//marketplace,nan,nan
6,6,0,Floresta//pharmacy,nan,nan
6,6,0,Floresta//gas_station,nan,nan
6,6,0,Glória//home,0.19466932166873407,0.17000718156296926
6,6,0,Glória//work,0.4205714285714286,0.6666666666666666
6,6,0,Glória//school,nan,nan
6,6,0,Glória//marketplace,nan,nan
6,6,0,Glória//pharmacy,nan,nan
6,6,0,Glória//gas_station,nan,nan
6,6,0,Glória//hospital,nan,nan
6,6,0,Guarujá//home,0.24454882857805613,0.169488904353205
6,6,0,Guarujá//work,0.468,0.6666666666666666
6,6,0,Guarujá//school,nan,nan
6,6,0,Guarujá//marketplace,nan,nan
6,6,0,Guarujá//pharmacy,nan,nan
6,6,0,Guarujá//gas_station,nan,nan
6,6,0,Higienópolis//home,0.22548626428714658,0.18748746741527972
6,6,0,Higienópolis//work,0.39666666666666667,0.6666666666666666
6,6,0,Higienópolis//school,nan,nan
6,6,0,Higienópolis//marketplace,nan,nan
6,6,0,Higienópolis//pharmacy,nan,nan
6,6,0,Higienópolis//gas_station,nan,nan
6,6,0,Hípica//home,0.29202356999137685,0.188904857717735
6,6,0,Hípica//work,0.4575,0.6666666666666666
6,6,0,Hípica//school,nan,nan
6,6,0,Hípica//marketplace,nan,nan
6,6,0,Hípica//pharmacy,nan,nan
6,6,0,Hípica//gas_station,nan,nan
6,6,0,Humaitá//home,0.27371651785714285,0.18985615079365079
6,6,0,Humaitá//work,0.4686666666666667,0.6666666666666666
6,6,0,Humaitá//school,nan,nan
6,6,0,Humaitá//marketplace,nan,nan
6,6,0,Humaitá//pharmacy,nan,nan
6,6,0,Humaitá//gas_station,nan,nan
6,6,0,Independência//home,0.20707688128226026,0.17549578918772074
6,6,0,Independência//work,0.389,0.6666666666666666
6,6,0,Independência//school,nan,nan
6,6,0,Independência//marketplace,nan,nan
6,6,0,Independência//pharmacy,nan,nan
6,6,0,Independência//gas_station,nan,nan
6,6,0,Independência//hospital,nan,nan
6,6,0,Independência//shopping_mall,nan,nan
6,6,0,Ipanema//home,0.2242591472633807,0.20411248866041729
6,6,0,Ipanema//work,0.454,0.6666666666666666
6,6,0,Ipanema//school,nan,nan
6,6,0,Ipanema//marketplace,nan,nan
6,6,0,Ipanema//pharmacy,nan,nan
6,6,0,Ipanema//gas_station,nan,nan
6,6,0,Jardim Botânico//home,0.21252391647949423,0.20242353658874748
6,6,0,Jardim Botânico//work,0.4492,0.6666666666666666
6,6,0,Jardim Botânico//school,nan,nan
6,6,0,Jardim Botânico//marketplace,nan,nan
6,6,0,Jardim Botânico//pharmacy,nan,nan
6,6,0,Jardim Botânico//gas_station,nan,nan
6,6,0,Jardim Botânico//hospital,nan,nan
6,6,0,Jardim Botânico//shopping_mall,nan,nan
6,6,0,Jardim Carvalho//home,0.23485973957878178,0.17218678085583616
6,6,0,Jardim Carvalho//work,0.4206,0.6666666666666666
6,6,0,Jardim Carvalho//school,nan,nan
6,6,0,Jardim Carvalho//marketplace,nan,nan
6,6,0,Jardim Carvalho//pharmacy,nan,nan
6,6,0,Jardim Carvalho//gas_station,nan,nan
6,6,0,Jardim Carvalho//hospital,nan,nan
6,6,0,Jardim do Salso//home,0.2177154582763338,0.12968536251709986
6,6,0,Jardim do Salso//work,0.43666666666666665,0.6666666666666666
6,6,0,Jardim do Salso//school,nan,nan
6,6,0,Jardim do Salso//marketplace,nan,nan
6,6,0,Jardim do Salso//pharmacy,nan,nan
6,6,0,Jardim do Salso//gas_station,nan,nan
6,6,0,Jardim Leopoldina//home,0.23911154870844434,0.2015907950113904
6,6,0,Jardim Leopoldina//work,0.445,0.6666666666666666
6,6,0,Jardim Leopoldina//school,nan,nan
6,6,0,Jardim Leopoldina//marketplace,nan,nan
6,6,0,Jardim Leopoldina//pharmacy,nan,nan
6,6,0,Jardim Leopoldina//gas_station,nan,nan
6,6,0,Jardim Europa//home,0.2508337965536409,0.09709097646840838
6,6,0,Jardim Europa//work,0.4276,0.6666666666666666
6,6,0,Jardim Europa//school,nan,nan
6,6,0,Jardim Europa//marketplace,nan,nan
6,6,0,Jardim Europa//pharmacy,nan,nan
6,6,0,Jardim Europa//gas_station,nan,nan
6,6,0,Jardim Europa//shopping_mall,nan,nan
6,6,0,Jardim Floresta//home,0.19618907425580634,0.18471268127794133
6,6,0,Jardim Floresta//work,0.42475,0.6666666666666666
6,6,0,Jardim Floresta//school,nan,nan
6,6,0,Jardim Floresta//marketplace,nan,nan
6,6,0,Jardim Floresta//pharmacy,nan,nan
6,6,0,Jardim Floresta//gas_station,nan,nan
6,6,0,Jardim Isabel//home,0.25618955512572533,0.17820760799484203
6,6,0,Jardim Isabel//work,0.42133333333333334,0.6666666666666666
6,6,0,Jardim Isabel//school,nan,nan
6,6,0,Jardim Isabel//marketplace,nan,nan
6,6,0,Jardim Isabel//pharmacy,nan,nan
6,6,0,Jardim Isabel//gas_station,nan,nan
6,6,0,Jardim Itú//home,0.23204921339249698,0.2081100290055514
6,6,0,Jardim Itú//work,0.43,0.6666666666666666
6,6,0,Jardim Itú//school,nan,nan
6,6,0,Jardim Itú//marketplace,nan,nan
6,6,0,Jardim Itú//pharmacy,nan,nan
6,6,0,Jardim Itú//gas_station,nan,nan
6,6,0,Jardim Lindóia//home,0.21067780119993515,0.1305875358088752
6,6,0,Jardim Lindóia//work,0.418,0.6666666666666666
6,6,0,Jardim Lindóia//school,nan,nan
6,6,0,Jardim Lindóia//marketplace,nan,nan
6,6,0,Jardim Lindóia//pharmacy,nan,nan
6,6,0,Jardim Lindóia//gas_station,nan,nan
6,6,0,Jardim Lindóia//shopping_mall,nan,nan
6,6,0,Jardim Sabará//home,0.18637521222410866,0.15466893039049237
6,6,0,Jardim Sabará//work,0.4675,0.6666666666666666
6,6,0,Jardim Sabará//school,nan,nan
6,6,0,Jardim Sabará//marketplace,nan,nan
6,6,0,Jardim Sabará//pharmacy,nan,nan
6,6,0,Jardim Sabará//gas_station,nan,nan
6,6,0,Jardim São Pedro//home,0.2112590799031477,0.19137297103398798
6,6,0,Jardim São Pedro//work,0.454,0.6666666666666666
6,6,0,Jardim São Pedro//school,nan,nan
6,6,0,Jardim São Pedro//marketplace,nan,nan
6,6,0,Jardim São Pedro//pharmacy,nan,nan
6,6,0,Jardim São Pedro//gas_station,nan,nan
6,6,0,Lageado//home,0.25715900527505653,0.16528510424516454
6,6,0,Lageado//work,nan,nan
6,6,0,Lageado//school,nan,nan
6,6,0,Lageado//marketplace,nan,nan
6,6,0,Lageado//pharmacy,nan,nan
6,6,0,Lageado//gas_station,nan,nan
6,6,0,Lami//home,0.2574609466076008,0.22103054325017488
6,6,0,Lami//work,0.454,0.6666666666666666
6,6,0,Lami//school,nan,nan
6,6,0,Lami//marketplace,nan,nan
6,6,0,Lami//pharmacy,nan,nan
6,6,0,Lami//gas_station,nan,nan
6,6,0,Lomba do Pinheiro//home,0.25571496281172523,0.19448495454766418
6,6,0,Lomba do Pinheiro//work,0.4598181818181818,0.6666666666666666
6,6,0,Lomba do Pinheiro//school,nan,nan
6,6,0,Lomba do Pinheiro//marketplace,nan,nan
6,6,0,Lomba do Pinheiro//pharmacy,nan,nan
6,6,0,Lomba do Pinheiro//gas_station,nan,nan
6,6,0,Mário Quintana//home,0.29161278154973597,0.20889463663469482
6,6,0,Mário Quintana//work,0.4685,0.6666666666666666
6,6,0,Mário Quintana//school,nan,nan
6,6,0,Mário Quintana//marketplace,nan,nan
6,6,0,Mário Quintana//pharmacy,nan,nan
6,6,0,Mário Quintana//gas_station,nan,nan
6,6,0,Medianeira//home,0.17833162361279492,0.20019273213342037
6,6,0,Medianeira//work,0.42433333333333334,0.6666666666666666
6,6,0,Medianeira//school,nan,nan
6,6,0,Medianeira//marketplace,nan,nan
6,6,0,Medianeira//pharmacy,nan,nan
6,6,0,Medianeira//gas_station,nan,nan
6,6,0,Menino Deus//home,0.2119204152249135,0.17850057670126873
6,6,0,Menino Deus//work,0.406,0.6666666666666666
6,6,0,Menino Deus//school,nan,nan
6,6,0,Menino Deus//marketplace,nan,nan
6,6,0,Menino Deus//pharmacy,nan,nan
6,6,0,Menino Deus//gas_station,nan,nan
6,6,0,Menino Deus//hospital,nan,nan
6,6,0,Moinhos de Vento//home,0.2292738841583232,0.16880321886404043
6,6,0,Moinhos de Vento//work,0.3772,0.6666666666666666
6,6,0,Moinhos de Vento//school,nan,nan
6,6,0,Moinhos de Vento//marketplace,nan,nan
6,6,0,Moinhos de Vento//pharmacy,nan,nan
6,6,0,Moinhos de Vento//gas_station,nan,nan
6,6,0,Moinhos de Vento//hospital,nan,nan
6,6,0,Moinhos de Vento//shopping_mall,nan,nan
6,6,0,Mont'Serrat//home,0.23106999809269502,0.1890775001589421
6,6,0,Mont'Serrat//work,0.4228,0.6666666666666666
6,6,0,Mont'Serrat//school,nan,nan
6,6,0,Mont'Serrat//marketplace,nan,nan
6,6,0,Mont'Serrat//pharmacy,nan,nan
6,6,0,Mont'Serrat//gas_station,nan,nan
6,6,0,Morro Santana//home,0.23822601696758755,0.19672250018127765
6,6,0,Morro Santana//work,0.4748,0.6666666666666666
6,6,0,Morro Santana//school,nan,nan
6,6,0,Morro Santana//marketplace,nan,nan
6,6,0,Morro Santana//pharmacy,nan,nan
6,6,0,Morro Santana//gas_station,nan,nan
6,6,0,Navegantes//home,0.1904528934861616,0.1276675053583077
6,6,0,Navegantes//work,0.388,0.6666666666666666
6,6,0,Navegantes//school,nan,nan
6,6,0,Navegantes//marketplace,nan,nan
6,6,0,Navegantes//pharmacy,nan,nan
6,6,0,Navegantes//gas_station,nan,nan
6,6,0,Navegantes//shopping_mall,nan,nan
6,6,0,Nonoai//home,0.2181182310469314,0.16055956678700362
6,6,0,Nonoai//work,0.4188,0.6666666666666666
6,6,0,Nonoai//school,nan,nan
6,6,0,Nonoai//marketplace,nan,nan
6,6,0,Nonoai//pharmacy,nan,nan
6,6,0,Nonoai//gas_station,nan,nan
6,6,0,Parque Santa Fé//home,0.24813366512619978,0.16163052494371372
6,6,0,Parque Santa Fé//work,0.45666666666666667,0.6666666666666666
6,6,0,Parque Santa Fé//school,nan,nan
6,6,0,Parque Santa Fé//marketplace,nan,nan
6,6,0,Parque Santa Fé//pharmacy,nan,nan
6,6,0,Parque Santa Fé//gas_station,nan,nan
6,6,0,Partenon//home,0.20355891371003065,0.1964958388085852
6,6,0,Partenon//work,0.4086666666666667,0.6666666666666666
6,6,0,Partenon//school,nan,nan
6,6,0,Partenon//marketplace,nan,nan
6,6,0,Partenon//pharmacy,nan,nan
6,6,0,Partenon//gas_station,nan,nan
6,6,0,Passo D'Areia//home,0.055179320869896985,0.19966933740302684
6,6,0,Passo D'Areia//work,0.48,0.6666666666666666
6,6,0,Passo D'Areia//school,nan,nan
6,6,0,Passo D'Areia//marketplace,nan,nan
6,6,0,Passo D'Areia//pharmacy,nan,nan
6,6,0,Passo D'Areia//gas_station,nan,nan
6,6,0,Passo das Pedras//home,0.2300697892900282,0.1910705498143426
6,6,0,Passo das Pedras//work,0.4310909090909091,0.6666666666666666
6,6,0,Passo das Pedras//school,nan,nan
6,6,0,Passo das Pedras//marketplace,nan,nan
6,6,0,Passo das Pedras//pharmacy,nan,nan
6,6,0,Passo das Pedras//gas_station,nan,nan
6,6,0,Pedra Redonda//home,0.30656934306569344,0.22384428223844283
6,6,0,Pedra Redonda//work,0.4525,0.6666666666666666
6,6,0,Pedra Redonda//school,nan,nan
6,6,0,Pedra Redonda//marketplace,nan,nan
6,6,0,Pedra Redonda//pharmacy,nan,nan
6,6,0,Pedra Redonda//gas_station,nan,nan
6,6,0,Petrópolis//home,0.22996891728544294,0.1856328786047315
6,6,0,Petrópolis//work,0.426,0.6666666666666666
6,6,0,Petrópolis//school,nan,nan
6,6,0,Petrópolis//marketplace,nan,nan
6,6,0,Petrópolis//pharmacy,nan,nan
6,6,0,Petrópolis//gas_station,nan,nan
6,6,0,Pitinga//home,0.2690151145782545,0.19405168210628962
6,6,0,Pitinga//work,0.498,0.6666666666666666
6,6,0,Pitinga//school,nan,nan
6,6,0,Pitinga//marketplace,nan,nan
6,6,0,Pitinga//pharmacy,nan,nan
6,6,0,Pitinga//gas_station,nan,nan
6,6,0,Ponta Grossa//home,0.2617368036973972,0.19395118786994242
6,6,0,Ponta Grossa//work,0.429,0.6666666666666666
6,6,0,Ponta Grossa//school,nan,nan
6,6,0,Ponta Grossa//marketplace,nan,nan
6,6,0,Ponta Grossa//pharmacy,nan,nan
6,6,0,Ponta Grossa//gas_station,nan,nan
6,6,0,Praia de Belas//home,0.18906181499342395,0.2209557211749233
6,6,0,Praia de Belas//work,0.38666666666666666,0.6666666666666666
6,6,0,Praia de Belas//school,nan,nan
6,6,0,Praia de Belas//marketplace,nan,nan
6,6,0,Praia de Belas//pharmacy,nan,nan
6,6,0,Praia de Belas//gas_station,nan,nan
6,6,0,Praia de Belas//stadium,nan,nan
6,6,0,Praia de Belas//shopping_mall,nan,nan
6,6,0,Restinga//home,0.2437473174919037,0.20132141974586082
6,6,0,Restinga//work,0.44475,0.6666666666666666
6,6,0,Restinga//school,nan,nan
6,6,0,Restinga//marketplace,nan,nan
6,6,0,Restinga//pharmacy,nan,nan
6,6,0,Restinga//gas_station,nan,nan
6,6,0,Restinga//hospital,nan,nan
6,6,0,Rio Branco//home,0.23021255357876813,0.20781711780478734
6,6,0,Rio Branco//work,0.386,0.6666666666666666
6,6,0,Rio Branco//school,nan,nan
6,6,0,Rio Branco//marketplace,nan,nan
6,6,0,Rio Branco//pharmacy,nan,nan
6,6,0,Rio Branco//gas_station,nan,nan
6,6,0,Rio Branco//hospital,nan,nan
6,6,0,Rubem Berta//home,0.17259853374271572,0.2034797501932034
6,6,0,Rubem Berta//work,0.4076,0.6666666666666666
6,6,0,Rubem Berta//school,nan,nan
6,6,0,Rubem Berta//marketplace,nan,nan
6,6,0,Rubem Berta//pharmacy,nan,nan
6,6,0,Rubem Berta//gas_station,nan,nan
6,6,0,Santa Cecília//home,0.22354113809351214,0.20079739035882566
6,6,0,Santa Cecília//work,0.43733333333333335,0.6666666666666666
6,6,0,Santa Cecília//school,nan,nan
6,6,0,Santa Cecília//marketplace,nan,nan
6,6,0,Santa Cecília//pharmacy,nan,nan
6,6,0,Santa Cecília//gas_station,nan,nan
6,6,0,Santa Cecília//hospital,nan,nan
6,6,0,Santa Maria Goretti//home,0.34205716184778995,0.14689265536723164
6,6,0,Santa Maria Goretti//work,0.38066666666666665,0.6666666666666666
6,6,0,Santa Maria Goretti//school,nan,nan
6,6,0,Santa Maria Goretti//marketplace,nan,nan
6,6,0,Santa Maria Goretti//pharmacy,nan,nan
6,6,0,Santa Maria Goretti//gas_station,nan,nan
6,6,0,Santa Rosa de Lima//home,0.23619690834392457,0.20112513423777575
6,6,0,Santa Rosa de Lima//work,0.446,0.6666666666666666
6,6,0,Santa Rosa de Lima//school,nan,nan
6,6,0,Santa Rosa de Lima//marketplace,nan,nan
6,6,0,Santa Rosa de Lima//pharmacy,nan,nan
6,6,0,Santa Rosa de Lima//gas_station,nan,nan
6,6,0,Santa Tereza//home,0.22603736452587522,0.17767552734429137
6,6,0,Santa Tereza//work,0.4196666666666667,0.6666666666666666
6,6,0,Santa Tereza//school,nan,nan
6,6,0,Santa Tereza//marketplace,nan,nan
6,6,0,Santa Tereza//pharmacy,nan,nan
6,6,0,Santa Tereza//gas_station,nan,nan
6,6,0,Santana//home,0.20947562815377413,0.1861658776812499
6,6,0,Santana//work,0.366,0.6666666666666666
6,6,0,Santana//school,nan,nan
6,6,0,Santana//marketplace,nan,nan
6,6,0,Santana//pharmacy,nan,nan
6,6,0,Santana//gas_station,nan,nan
6,6,0,Santana//hospital,nan,nan
6,6,0,Santo Antônio//home,0.19391908560151302,0.18430501877586822
6,6,0,Santo Antônio//work,0.4026666666666667,0.6666666666666666
6,6,0,Santo Antônio//school,nan,nan
6,6,0,Santo Antônio//marketplace,nan,nan
6,6,0,Santo Antônio//pharmacy,nan,nan
6,6,0,Santo Antônio//gas_station,nan,nan
6,6,0,São Caetano//home,0.25726552179656537,0.22192866578599735
6,6,0,São Caetano//work,0.318,0.6666666666666666
6,6,0,São Caetano//school,nan,nan
6,6,0,São Caetano//marketplace,nan,nan
6,6,0,São Caetano//pharmacy,nan,nan
6,6,0,São Caetano//gas_station,nan,nan
6,6,0,São Geraldo//home,0.21457781361594286,0.2210958798909496
6,6,0,São Geraldo//work,0.408,0.6666666666666666
6,6,0,São Geraldo//school,nan,nan
6,6,0,São Geraldo//marketplace,nan,nan
6,6,0,São Geraldo//pharmacy,nan,nan
6,6,0,São Geraldo//gas_station,nan,nan
6,6,0,São João//home,0.21541872761384956,0.20200125078173858
6,6,0,São João//work,0.456,0.6666666666666666
6,6,0,São João//school,nan,nan
6,6,0,São João//marketplace,nan,nan
6,6,0,São João//pharmacy,nan,nan
6,6,0,São João//gas_station,nan,nan
6,6,0,São João//shopping_mall,nan,nan
6,6,0,São Sebastião//home,0.229342797894401,0.16770351464880098
6,6,0,São Sebastião//work,0.443,0.6666666666666666
6,6,0,São Sebastião//school,nan,nan
6,6,0,São Sebastião//marketplace,nan,nan
6,6,0,São Sebastião//pharmacy,nan,nan
6,6,0,São Sebastião//gas_station,nan,nan
6,6,0,São Sebastião//shopping_mall,nan,nan
6,6,0,Sarandi//home,0.20819338558049438,0.19317232677578147
6,6,0,Sarandi//work,0.342,0.6666666666666666
6,6,0,Sarandi//school,nan,nan
6,6,0,Sarandi//marketplace,nan,nan
6,6,0,Sarandi//pharmacy,nan,nan
6,6,0,Sarandi//gas_station,nan,nan
6,6,0,Sarandi//shopping_mall,nan,nan
6,6,0,Serraria//home,0.20709601020222262,0.16007773122001578
6,6,0,Serraria//work,0.432,0.6666666666666666
6,6,0,Serraria//school,nan,nan
6,6,0,Serraria//marketplace,nan,nan
6,6,0,Serraria//pharmacy,nan,nan
6,6,0,Serraria//gas_station,nan,nan
6,6,0,Sétimo Céu//home,0.24887133182844243,0.2217205919237522
6,6,0,Sétimo Céu//work,0.432,0.6666666666666666
6,6,0,Sétimo Céu//school,nan,nan
6,6,0,Sétimo Céu//marketplace,nan,nan
6,6,0,Sétimo Céu//pharmacy,nan,nan
6,6,0,Sétimo Céu//gas_station,nan,nan
6,6,0,Teresópolis//home,0.2285412337894963,0.19693821499367103
6,6,0,Teresópolis//work,0.43166666666666664,0.6666666666666666
6,6,0,Teresópolis//school,nan,nan
6,6,0,Teresópolis//marketplace,nan,nan
6,6,0,Teresópolis//pharmacy,nan,nan
6,6,0,Teresópolis//gas_station,nan,nan
6,6,0,Teresópolis//hospital,nan,nan
6,6,0,Três Figueiras//home,0.18034398034398033,0.22096642096642097
6,6,0,Três Figueiras//work,0.42133333333333334,0.6666666666666666
6,6,0,Três Figueiras//school,nan,nan
6,6,0,Três Figueiras//marketplace,nan,nan
6,6,0,Três Figueiras//pharmacy,nan,nan
6,6,0,Três Figueiras//gas_station,nan,nan
6,6,0,Três Figueiras//shopping_mall,nan,nan
6,6,0,Tristeza//home,0.21538660795233777,0.18482061909079134
6,6,0,Tristeza//work,0.42033333333333334,0.6666666666666666
6,6,0,Tristeza//school,nan,nan
6,6,0,Tristeza//marketplace,nan,nan
6,6,0,Tristeza//pharmacy,nan,nan
6,6,0,Tristeza//gas_station,nan,nan
6,6,0,Vila Assunção//home,0.20788667687595713,0.1641994214735409
6,6,0,Vila Assunção//work,0.4505,0.6666666666666666
6,6,0,Vila Assunção//school,nan,nan
6,6,0,Vila Assunção//marketplace,nan,nan
6,6,0,Vila Assunção//pharmacy,nan,nan
6,6,0,Vila Assunção//gas_station,nan,nan
6,6,0,Vila Assunção//hospital,nan,nan
6,6,0,Vila Conceição//home,0.23072646404744254,0.2213985668396343
6,6,0,Vila Conceição//work,0.42,0.6666666666666666
6,6,0,Vila Conceição//school,nan,nan
6,6,0,Vila Conceição//marketplace,nan,nan
6,6,0,Vila Conceição//pharmacy,nan,nan
6,6,0,Vila Conceição//gas_station,nan,nan
6,6,0,Vila Ipiranga//home,0.2096618756539457,0.20867522073535621
6,6,0,Vila Ipiranga//work,0.418,0.6666666666666666
6,6,0,Vila Ipiranga//school,nan,nan
6,6,0,Vila Ipiranga//marketplace,nan,nan
6,6,0,Vila Ipiranga//pharmacy,nan,nan
6,6,0,Vila Ipiranga//gas_station,nan,nan
6,6,0,Vila Jardim//home,0.21178220882602983,0.2123296493804261
6,6,0,Vila Jardim//work,0.392,0.6666666666666666
6,6,0,Vila Jardim//school,nan,nan
6,6,0,Vila Jardim//marketplace,nan,nan
6,6,0,Vila Jardim//pharmacy,nan,nan
6,6,0,Vila Jardim//gas_station,nan,nan
6,6,0,Vila João Pessoa//home,0.2170511407005343,0.1736917988296158
6,6,0,Vila João Pessoa//work,0.44133333333333336,0.6666666666666666
6,6,0,Vila João Pessoa//school,nan,nan
6,6,0,Vila João Pessoa//marketplace,nan,nan
6,6,0,Vila João Pessoa//pharmacy,nan,nan
6,6,0,Vila João Pessoa//gas_station,nan,nan
6,6,0,Vila Nova//home,0.20323500950982681,0.18372318061997397
6,6,0,Vila Nova//work,0.42325,0.6666666666666666
6,6,0,Vila Nova//school,nan,nan
6,6,0,Vila Nova//marketplace,nan,nan
6,6,0,Vila Nova//pharmacy,nan,nan
6,6,0,Vila Nova//gas_station,nan,nan
6,6,0,Vila Nova//hospital,nan,nan
6,6,0,São José//home,0.25179841739269443,0.1941757919697333
6,6,0,São José//work,0.456,0.6666666666666666
6,6,0,São José//school,nan,nan
6,6,0,São José//marketplace,nan,nan
6,6,0,São José//pharmacy,nan,nan
6,6,0,São José//gas_station,nan,nan
7,7,0,Aberta dos Morros//home,0.2451554930457884,0.16877637130801687
7,7,0,Aberta dos Morros//work,0.446,0.6666666666666666
7,7,0,Aberta dos Morros//school,nan,nan
7,7,0,Aberta dos Morros//marketplace,nan,nan
7,7,0,Aberta dos Morros//pharmacy,nan,nan
7,7,0,Aberta dos Morros//gas_station,nan,nan
7,7,0,Agronomia//home,0.2278952426717924,0.16818837097549255
7,7,0,Agronomia//work,0.449,0.6666666666666666
7,7,0,Agronomia//school,nan,nan
7,7,0,Agronomia//marketplace,nan,nan
7,7,0,Agronomia//pharmacy,nan,nan
7,7,0,Agronomia//gas_station,nan,nan
7,7,0,Anchieta//home,0.3322998872604284,0.15858699736941
7,7,0,Anchieta//work,0.39875,0.6666666666666666
7,7,0,Anchieta//school,nan,nan
7,7,0,Anchieta//marketplace,nan,nan
7,7,0,Anchieta//pharmacy,nan,nan
7,7,0,Anchieta//gas_station,nan,nan
7,7,0,Arquipélago//home,0.2627075351213282,0.19250744997871436
7,7,0,Arquipélago//work,0.4335,0.6666666666666666
7,7,0,Arquipélago//school,nan,nan
7,7,0,Arquipélago//marketplace,nan,nan
7,7,0,Arquipélago//pharmacy,nan,nan
7,7,0,Arquipélago//gas_station,nan,nan
7,7,0,Auxiliadora//home,0.22699513814775288,0.15486778133523063
7,7,0,Auxiliadora//work,0.45,0.6666666666666666
7,7,0,Auxiliadora//school,nan,nan
7,7,0,Auxiliadora//marketplace,nan,nan
7,7,0,Auxiliadora//pharmacy,nan,nan
7,7,0,Auxiliadora//gas_station,nan,nan
7,7,0,Azenha//home,0.16341917993900373,0.14537444933920704
7,7,0,Azenha//work,0.416,0.6666666666666666
7,7,0,Azenha//school,nan,nan
7,7,0,Azenha//marketplace,nan,nan
7,7,0,Azenha//pharmacy,nan,nan
7,7,0,Azenha//gas_station,nan,nan
7,7,0,Azenha//hospital,nan,nan
7,7,0,Azenha//shopping_mall,nan,nan
7,7,0,Bela Vista//home,0.23882914619449336,0.17959889991038597
7,7,0,Bela Vista//work,0.4026666666666667,0.6666666666666666
7,7,0,Bela Vista//school,nan,nan
7,7,0,Bela Vista//marketplace,nan,nan
7,7,0,Bela Vista//pharmacy,nan,nan
7,7,0,Bela Vista//gas_station,nan,nan
7,7,0,Belém Novo//home,0.2163953488372093,0.14317829457364342
7,7,0,Belém Novo//work,0.42733333333333334,0.6666666666666666
7,7,0,Belém Novo//school,nan,nan
7,7,0,Belém Novo//marketplace,nan,nan
7,7,0,Belém Novo//pharmacy,nan,nan
7,7,0,Belém Novo//gas_station,nan,nan
7,7,0,Belém Velho//home,0.24775691184141888,0.16289340984176665
7,7,0,Belém Velho//work,0.4603333333333333,0.6666666666666666
7,7,0,Belém Velho//school,nan,nan
7,7,0,Belém Velho//marketplace,nan,nan
7,7,0,Belém Velho//pharmacy,nan,nan
7,7,0,Belém Velho//gas_station,nan,nan
7,7,0,Boa Vista//home,0.21847665568556174,0.15774925214888863
7,7,0,Boa Vista//work,0.38177777777777777,0.6666666666666666
7,7,0,Boa Vista//school,nan,nan
7,7,0,Boa Vista//marketplace,nan,nan
7,7,0,Boa Vista//pharmacy,nan,nan
7,7,0,Boa Vista//gas_station,nan,nan
7,7,0,Boa Vista do Sul//home,0.24115533443891654,0.09802837663534181
7,7,0,Boa Vista do Sul//work,0.458,0.6666666666666666
7,7,0,Boa Vista do Sul//school,nan,nan
7,7,0,Boa Vista do Sul//marketplace,nan,nan
7,7,0,Boa Vista do Sul//pharmacy,nan,nan
7,7,0,Boa Vista do Sul//gas_station,nan,nan
7,7,0,Bom Fim//home,0.19830354275928502,0.11359663205965251
7,7,0,Bom Fim//work,0.3995,0.6666666666666666
7,7,0,Bom Fim//school,nan,nan
7,7,0,Bom Fim//marketplace,nan,nan
7,7,0,Bom Fim//pharmacy,nan,nan
7,7,0,Bom Fim//gas_station,nan,nan
7,7,0,Bom Jesus//home,0.2634603811434303,0.15384821130056836
7,7,0,Bom Jesus//work,0.43622222222222223,0.6666666666666666
7,7,0,Bom Jesus//school,nan,nan
7,7,0,Bom Jesus//marketplace,nan,nan
7,7,0,Bom Jesus//pharmacy,nan,nan
7,7,0,Bom Jesus//gas_station,nan,nan
7,7,0,Camaquã//home,0.21471590217788053,0.18023279393275743
7,7,0,Camaquã//work,0.426,0.6666666666666666
7,7,0,Camaquã//school,nan,nan
7,7,0,Camaquã//marketplace,nan,nan
7,7,0,Camaquã//pharmacy,nan,nan
7,7,0,Camaquã//gas_station,nan,nan
7,7,0,Campo Novo//home,0.24906437125748504,0.17922488356620092
7,7,0,Campo Novo//work,0.4066666666666667,0.6666666666666666
7,7,0,Campo Novo//school,nan,nan
7,7,0,Campo Novo//marketplace,nan,nan
7,7,0,Campo Novo//pharmacy,nan,nan
7,7,0,Campo Novo//gas_station,nan,nan
7,7,0,Cascata//home,0.28010078997548354,0.14001634432034868
7,7,0,Cascata//work,0.433,0.6666666666666666
7,7,0,Cascata//school,nan,nan
7,7,0,Cascata//marketplace,nan,nan
7,7,0,Cascata//pharmacy,nan,nan
7,7,0,Cascata//gas_station,nan,nan
7,7,0,Cavalhada//home,0.21181667259575476,0.1504143773798701
7,7,0,Cavalhada//work,0.432,0.6666666666666666
7,7,0,Cavalhada//school,nan,nan
7,7,0,Cavalhada//marketplace,nan,nan
7,7,0,Cavalhada//pharmacy,nan,nan
7,7,0,Cavalhada//gas_station,nan,nan
7,7,0,Cavalhada//shopping_mall,nan,nan
7,7,0,Centro Histórico//home,0.23673878657778782,0.17369035513877903
7,7,0,Centro Histórico//work,0.38133333333333336,0.6666666666666666
7,7,0,Centro Histórico//school,nan,nan
7,7,0,Centro Histórico//marketplace,nan,nan
7,7,0,Centro Histórico//pharmacy,nan,nan
7,7,0,Centro Histórico//gas_station,nan,nan
7,7,0,Centro Histórico//hospital,nan,nan
7,7,0,Centro Histórico//shopping_mall,nan,nan
7,7,0,Chácara das Pedras//home,0.22390152695543783,0.20369793289706034
7,7,0,Chácara das Pedras//work,0.41533333333333333,0.6666666666666666
7,7,0,Chácara das Pedras//school,nan,nan
7,7,0,Chácara das Pedras//marketplace,nan,nan
7,7,0,Chácara das Pedras//pharmacy,nan,nan
7,7,0,Chácara das Pedras//gas_station,nan,nan
7,7,0,Chapéu do Sol//home,0.28248216297408935,0.17949680811115284
7,7,0,Chapéu do Sol//work,0.468,0.6666666666666666
7,7,0,Chapéu do Sol//school,nan,nan
7,7,0,Chapéu do Sol//marketplace,nan,nan
7,7,0,Chapéu do Sol//pharmacy,nan,nan
7,7,0,Chapéu do Sol//gas_station,nan,nan
7,7,0,Cidade Baixa//home,0.25427233577141295,0.19805409346731379
7,7,0,Cidade Baixa//work,0.37166666666666665,0.6666666666666666
7,7,0,Cidade Baixa//school,nan,nan
7,7,0,Cidade Baixa//marketplace,nan,nan
7,7,0,Cidade Baixa//pharmacy,nan,nan
7,7,0,Cidade Baixa//gas_station,nan,nan
7,7,0,Cel. Aparício Borges//home,0.26168496595718577,0.138911038868102
7,7,0,Cel. Aparício Borges//work,0.4405,0.6666666666666666
7,7,0,Cel. Aparício Borges//school,nan,nan
7,7,0,Cel. Aparício Borges//marketplace,nan,nan
7,7,0,Cel. Aparício Borges//pharmacy,nan,nan
7,7,0,Cel. Aparício Borges//gas_station,nan,nan
7,7,0,Costa e Silva//home,0.288955087076077,0.12735512781342295
7,7,0,Costa e Silva//work,0.43654545454545457,0.6666666666666666
7,7,0,Costa e Silva//school,nan,nan
7,7,0,Costa e Silva//marketplace,nan,nan
7,7,0,Costa e Silva//pharmacy,nan,nan
7,7,0,Costa e Silva//gas_station,nan,nan
7,7,0,Cristal//home,0.22252397362900808,0.1332534212366397
7,7,0,Cristal//work,0.426,0.6666666666666666
7,7,0,Cristal//school,nan,nan
7,7,0,Cristal//marketplace,nan,nan
7,7,0,Cristal//pharmacy,nan,nan
7,7,0,Cristal//gas_station,nan,nan
7,7,0,Cristo Redentor//home,0.20829451809387317,0.141072494924161
7,7,0,Cristo Redentor//work,nan,nan
7,7,0,Cristo Redentor//school,nan,nan
7,7,0,Cristo Redentor//marketplace,nan,nan
7,7,0,Cristo Redentor//pharmacy,nan,nan
7,7,0,Cristo Redentor//gas_station,nan,nan
7,7,0,Cristo Redentor//hospital,nan,nan
7,7,0,Cristo Redentor//shopping_mall,nan,nan
7,7,0,Espírito Santo//home,0.21725700164744646,0.15225151015925315
7,7,0,Espírito Santo//work,0.4272,0.6666666666666666
7,7,0,Espírito Santo//school,nan,nan
7,7,0,Espírito Santo//marketplace,nan,nan
7,7,0,Espírito Santo//pharmacy,nan,nan
7,7,0,Espírito Santo//gas_station,nan,nan
7,7,0,Extrema//home,0.22602221100454317,0.22143698468786807
7,7,0,Extrema//work,0.4,0.6666666666666666
7,7,0,Extrema//school,nan,nan
7,7,0,Extrema//marketplace,nan,nan
7,7,0,Extrema//pharmacy,nan,nan
7,7,0,Extrema//gas_station,nan,nan
7,7,0,Farrapos//home,0.25564651051625237,0.16097036328871894
7,7,0,Farrapos//work,0.466,0.6666666666666666
7,7,0,Farrapos//school,nan,nan
7,7,0,Farrapos//marketplace,nan,nan
7,7,0,Farrapos//pharmacy,nan,nan
7,7,0,Farrapos//gas_station,nan,nan
7,7,0,Farrapos//stadium,nan,nan
7,7,0,Farroupilha//home,0.1958509142053446,0.06563525550867323
7,7,0,Farroupilha//work,0.3957777777777778,0.6666666666666666
7,7,0,Farroupilha//school,nan,nan
7,7,0,Farroupilha//marketplace,nan,nan
7,7,0,Farroupilha//pharmacy,nan,nan
7,7,0,Farroupilha//gas_station,nan,nan
7,7,0,Farroupilha//hospital,nan,nan
7,7,0,Floresta//home,0.18270756213643574,0.2111757447558611
7,7,0,Floresta//work,0.4015,0.6666666666666666
7,7,0,Floresta//school,nan,nan
7,7,0,Floresta//marketplace,nan,nan
7,7,0,Floresta//pharmacy,nan,nan
7,7,0,Floresta//gas_station,nan,nan
7,7,0,Glória//home,0.1952445742350833,0.16176633260326098
7,7,0,Glória//work,0.4223636363636364,0.6666666666666666
7,7,0,Glória//school,nan,nan
7,7,0,Glória//marketplace,nan,nan
7,7,0,Glória//pharmacy,nan,nan
7,7,0,Glória//gas_station,nan,nan
7,7,0,Glória//hospital,nan,nan
7,7,0,Guarujá//home,0.24454882857805613,0.169488904353205
7,7,0,Guarujá//work,0.4553333333333333,0.6666666666666666
7,7,0,Guarujá//school,nan,nan
7,7,0,Guarujá//marketplace,nan,nan
7,7,0,Guarujá//pharmacy,nan,nan
7,7,0,Guarujá//gas_station,nan,nan
7,7,0,Higienópolis//home,0.22548626428714658,0.18748746741527972
7,7,0,Higienópolis//work,0.3911428571428571,0.6666666666666666
7,7,0,Higienópolis//school,nan,nan
7,7,0,Higienópolis//marketplace,nan,nan
7,7,0,Higienópolis//pharmacy,nan,nan
7,7,0,Higienópolis//gas_station,nan,nan
7,7,0,Hípica//home,0.292111402741324,0.18193836881500924
7,7,0,Hípica//work,0.44755555555555554,0.6666666666666666
7,7,0,Hípica//school,nan,nan
7,7,0,Hípica//marketplace,nan,nan
7,7,0,Hípica//pharmacy,nan,nan
7,7,0,Hípica//gas_station,nan,nan
7,7,0,Humaitá//home,0.27371651785714285,0.18985615079365079
7,7,0,Humaitá//work,0.438,0.6666666666666666
7,7,0,Humaitá//school,nan,nan
7,7,0,Humaitá//marketplace,nan,nan
7,7,0,Humaitá//pharmacy,nan,nan
7,7,0,Humaitá//gas_station,nan,nan
7,7,0,Independência//home,0.20317772778402698,0.1582302212223472
7,7,0,Independência//work,0.389,0.6666666666666666
7,7,0,Independência//school,nan,nan
7,7,0,Independência//marketplace,nan,nan
7,7,0,Independência//pharmacy,nan,nan
7,7,0,Independência//gas_station,nan,nan
7,7,0,Independência//hospital,nan,nan
7,7,0,Independência//shopping_mall,nan,nan
7,7,0,Ipanema//home,0.225959315765141,0.19520213694970975
7,7,0,Ipanema//work,0.454,0.6666666666666666
7,7,0,Ipanema//school,nan,nan
7,7,0,Ipanema//marketplace,nan,nan
7,7,0,Ipanema//pharmacy,nan,nan
7,7,0,Ipanema//gas_station,nan,nan
7,7,0,Jardim Botânico//home,0.2074255706969881,0.1822758441107543
7,7,0,Jardim Botânico//work,0.4401818181818182,0.6666666666666666
7,7,0,Jardim Botânico//school,nan,nan
7,7,0,Jardim Botânico//marketplace,nan,nan
7,7,0,Jardim Botânico//pharmacy,nan,nan
7,7,0,Jardim Botânico//gas_station,nan,nan
7,7,0,Jardim Botânico//hospital,nan,nan
7,7,0,Jardim Botânico//shopping_mall,nan,nan
7,7,0,Jardim Carvalho//home,0.23490127758420443,0.16114238065457578
7,7,0,Jardim Carvalho//work,0.43057142857142855,0.6666666666666666
7,7,0,Jardim Carvalho//school,nan,nan
7,7,0,Jardim Carvalho//marketplace,nan,nan
7,7,0,Jardim Carvalho//pharmacy,nan,nan
7,7,0,Jardim Carvalho//gas_station,nan,nan
7,7,0,Jardim Carvalho//hospital,nan,nan
7,7,0,Jardim do Salso//home,0.21784140969162996,0.09025942241801273
7,7,0,Jardim do Salso//work,0.43125,0.6666666666666666
7,7,0,Jardim do Salso//school,nan,nan
7,7,0,Jardim do Salso//marketplace,nan,nan
7,7,0,Jardim do Salso//pharmacy,nan,nan
7,7,0,Jardim do Salso//gas_station,nan,nan
7,7,0,Jardim Leopoldina//home,0.23872718597160922,0.1877211817567299
7,7,0,Jardim Leopoldina//work,0.4512,0.6666666666666666
7,7,0,Jardim Leopoldina//school,nan,nan
7,7,0,Jardim Leopoldina//marketplace,nan,nan
7,7,0,Jardim Leopoldina//pharmacy,nan,nan
7,7,0,Jardim Leopoldina//gas_station,nan,nan
7,7,0,Jardim Europa//home,0.2934949961508853,0.14729278932512188
7,7,0,Jardim Europa//work,0.42488888888888887,0.6666666666666666
7,7,0,Jardim Europa//school,nan,nan
7,7,0,Jardim Europa//marketplace,nan,nan
7,7,0,Jardim Europa//pharmacy,nan,nan
7,7,0,Jardim Europa//gas_station,nan,nan
7,7,0,Jardim Europa//shopping_mall,nan,nan
7,7,0,Jardim Floresta//home,0.1944246526540791,0.1417883861774136
7,7,0,Jardim Floresta//work,0.414,0.6666666666666666
7,7,0,Jardim Floresta//school,nan,nan
7,7,0,Jardim Floresta//marketplace,nan,nan
7,7,0,Jardim Floresta//pharmacy,nan,nan
7,7,0,Jardim Floresta//gas_station,nan,nan
7,7,0,Jardim Isabel//home,0.25618955512572533,0.17820760799484203
7,7,0,Jardim Isabel//work,0.4145,0.6666666666666666
7,7,0,Jardim Isabel//school,nan,nan
7,7,0,Jardim Isabel//marketplace,nan,nan
7,7,0,Jardim Isabel//pharmacy,nan,nan
7,7,0,Jardim Isabel//gas_station,nan,nan
7,7,0,Jardim Itú//home,0.2321961059463252,0.20140716053713772
7,7,0,Jardim Itú//work,0.43,0.6666666666666666
7,7,0,Jardim Itú//school,nan,nan
7,7,0,Jardim Itú//marketplace,nan,nan
7,7,0,Jardim Itú//pharmacy,nan,nan
7,7,0,Jardim Itú//gas_station,nan,nan
7,7,0,Jardim Lindóia//home,0.20910089572418455,0.10793758098135316
7,7,0,Jardim Lindóia//work,0.3933333333333333,0.6666666666666666
7,7,0,Jardim Lindóia//school,nan,nan
7,7,0,Jardim Lindóia//marketplace,nan,nan
7,7,0,Jardim Lindóia//pharmacy,nan,nan
7,7,0,Jardim Lindóia//gas_station,nan,nan
7,7,0,Jardim Lindóia//shopping_mall,nan,nan
7,7,0,Jardim Sabará//home,0.18637521222410866,0.15466893039049237
7,7,0,Jardim Sabará//work,0.4425,0.6666666666666666
7,7,0,Jardim Sabará//school,nan,nan
7,7,0,Jardim Sabará//marketplace,nan,nan
7,7,0,Jardim Sabará//pharmacy,nan,nan
7,7,0,Jardim Sabará//gas_station,nan,nan
7,7,0,Jardim São Pedro//home,0.2112590799031477,0.19137297103398798
7,7,0,Jardim São Pedro//work,0.4692,0.6666666666666666
7,7,0,Jardim São Pedro//school,nan,nan
7,7,0,Jardim São Pedro//marketplace,nan,nan
7,7,0,Jardim São Pedro//pharmacy,nan,nan
7,7,0,Jardim São Pedro//gas_station,nan,nan
7,7,0,Lageado//home,0.25715900527505653,0.16528510424516454
7,7,0,Lageado//work,0.47333333333333333,0.6666666666666666
7,7,0,Lageado//school,nan,nan
7,7,0,Lageado//marketplace,nan,nan
7,7,0,Lageado//pharmacy,nan,nan
7,7,0,Lageado//gas_station,nan,nan
7,7,0,Lami//home,0.2574609466076008,0.22103054325017488
7,7,0,Lami//work,0.454,0.6666666666666666
7,7,0,Lami//school,nan,nan
7,7,0,Lami//marketplace,nan,nan
7,7,0,Lami//pharmacy,nan,nan
7,7,0,Lami//gas_station,nan,nan
7,7,0,Lomba do Pinheiro//home,0.2661768619549101,0.17428937130111902
7,7,0,Lomba do Pinheiro//work,0.4583076923076923,0.6666666666666666
7,7,0,Lomba do Pinheiro//school,nan,nan
7,7,0,Lomba do Pinheiro//marketplace,nan,nan
7,7,0,Lomba do Pinheiro//pharmacy,nan,nan
7,7,0,Lomba do Pinheiro//gas_station,nan,nan
7,7,0,Mário Quintana//home,0.30062853029128367,0.19621958873260237
7,7,0,Mário Quintana//work,0.4685714285714286,0.6666666666666666
7,7,0,Mário Quintana//school,nan,nan
7,7,0,Mário Quintana//marketplace,nan,nan
7,7,0,Mário Quintana//pharmacy,nan,nan
7,7,0,Mário Quintana//gas_station,nan,nan
7,7,0,Medianeira//home,0.17810329648831066,0.17737780821024487
7,7,0,Medianeira//work,0.4215,0.6666666666666666
7,7,0,Medianeira//school,nan,nan
7,7,0,Medianeira//marketplace,nan,nan
7,7,0,Medianeira//pharmacy,nan,nan
7,7,0,Medianeira//gas_station,nan,nan
7,7,0,Menino Deus//home,0.20655417406749557,0.16549437537004144
7,7,0,Menino Deus//work,0.406,0.6666666666666666
7,7,0,Menino Deus//school,nan,nan
7,7,0,Menino Deus//marketplace,nan,nan
7,7,0,Menino Deus//pharmacy,nan,nan
7,7,0,Menino Deus//gas_station,nan,nan
7,7,0,Menino Deus//hospital,nan,nan
7,7,0,Moinhos de Vento//home,0.2176964878736037,0.13122672838884974
7,7,0,Moinhos de Vento//work,0.3873333333333333,0.6666666666666666
7,7,0,Moinhos de Vento//school,nan,nan
7,7,0,Moinhos de Vento//marketplace,nan,nan
7,7,0,Moinhos de Vento//pharmacy,nan,nan
7,7,0,Moinhos de Vento//gas_station,nan,nan
7,7,0,Moinhos de Vento//hospital,nan,nan
7,7,0,Moinhos de Vento//shopping_mall,nan,nan
7,7,0,Mont'Serrat//home,0.2270906604142243,0.17741305197342713
7,7,0,Mont'Serrat//work,0.42125,0.6666666666666666
7,7,0,Mont'Serrat//school,nan,nan
7,7,0,Mont'Serrat//marketplace,nan,nan
7,7,0,Mont'Serrat//pharmacy,nan,nan
7,7,0,Mont'Serrat//gas_station,nan,nan
7,7,0,Morro Santana//home,0.23725402504472273,0.18358676207513416
7,7,0,Morro Santana//work,0.4693333333333333,0.6666666666666666
7,7,0,Morro Santana//school,nan,nan
7,7,0,Morro Santana//marketplace,nan,nan
7,7,0,Morro Santana//pharmacy,nan,nan
7,7,0,Morro Santana//gas_station,nan,nan
7,7,0,Navegantes//home,0.19304177938082356,0.08716561466786896
7,7,0,Navegantes//work,0.395,0.6666666666666666
7,7,0,Navegantes//school,nan,nan
7,7,0,Navegantes//marketplace,nan,nan
7,7,0,Navegantes//pharmacy,nan,nan
7,7,0,Navegantes//gas_station,nan,nan
7,7,0,Navegantes//shopping_mall,nan,nan
7,7,0,Nonoai//home,0.21926669780476413,0.14283045305931807
7,7,0,Nonoai//work,0.42714285714285716,0.6666666666666666
7,7,0,Nonoai//school,nan,nan
7,7,0,Nonoai//marketplace,nan,nan
7,7,0,Nonoai//pharmacy,nan,nan
7,7,0,Nonoai//gas_station,nan,nan
7,7,0,Parque Santa Fé//home,0.24823288690476192,0.13814484126984128
7,7,0,Parque Santa Fé//work,0.4309090909090909,0.6666666666666666
7,7,0,Parque Santa Fé//school,nan,nan
7,7,0,Parque Santa Fé//marketplace,nan,nan
7,7,0,Parque Santa Fé//pharmacy,nan,nan
7,7,0,Parque Santa Fé//gas_station,nan,nan
7,7,0,Partenon//home,0.20311866696689934,0.18326202807175562
7,7,0,Partenon//work,0.43066666666666664,0.6666666666666666
7,7,0,Partenon//school,nan,nan
7,7,0,Partenon//marketplace,nan,nan
7,7,0,Partenon//pharmacy,nan,nan
7,7,0,Partenon//gas_station,nan,nan
7,7,0,Passo D'Areia//home,0.055179320869896985,0.19966933740302684
7,7,0,Passo D'Areia//work,0.4388,0.6666666666666666
7,7,0,Passo D'Areia//school,nan,nan
7,7,0,Passo D'Areia//marketplace,nan,nan
7,7,0,Passo D'Areia//pharmacy,nan,nan
7,7,0,Passo D'Areia//gas_station,nan,nan
7,7,0,Passo das Pedras//home,0.23118316900430497,0.17455908901541453
7,7,0,Passo das Pedras//work,0.4303076923076923,0.6666666666666666
7,7,0,Passo das Pedras//school,nan,nan
7,7,0,Passo das Pedras//marketplace,nan,nan
7,7,0,Passo das Pedras//pharmacy,nan,nan
7,7,0,Passo das Pedras//gas_station,nan,nan
7,7,0,Pedra Redonda//home,0.30656934306569344,0.22384428223844283
7,7,0,Pedra Redonda//work,0.44066666666666665,0.6666666666666666
7,7,0,Pedra Redonda//school,nan,nan
7,7,0,Pedra Redonda//marketplace,nan,nan
7,7,0,Pedra Redonda//pharmacy,nan,nan
7,7,0,Pedra Redonda//gas_station,nan,nan
7,7,0,Petrópolis//home,0.22599717613836923,0.17502059065772443
7,7,0,Petrópolis//work,0.4385,0.6666666666666666
7,7,0,Petrópolis//school,nan,nan
7,7,0,Petrópolis//marketplace,nan,nan
7,7,0,Petrópolis//pharmacy,nan,nan
7,7,0,Petrópolis//gas_station,nan,nan
7,7,0,Pitinga//home,0.2690151145782545,0.19405168210628962
7,7,0,Pitinga//work,0.498,0.6666666666666666
7,7,0,Pitinga//school,nan,nan
7,7,0,Pitinga//marketplace,nan,nan
7,7,0,Pitinga//pharmacy,nan,nan
7,7,0,Pitinga//gas_station,nan,nan
7,7,0,Ponta Grossa//home,0.26314426314426315,0.16334283000949668
7,7,0,Ponta Grossa//work,0.44,0.6666666666666666
7,7,0,Ponta Grossa//school,nan,nan
7,7,0,Ponta Grossa//marketplace,nan,nan
7,7,0,Ponta Grossa//pharmacy,nan,nan
7,7,0,Ponta Grossa//gas_station,nan,nan
7,7,0,Praia de Belas//home,0.18906181499342395,0.2209557211749233
7,7,0,Praia de Belas//work,0.3784,0.6666666666666666
7,7,0,Praia de Belas//school,nan,nan
7,7,0,Praia de Belas//marketplace,nan,nan
7,7,0,Praia de Belas//pharmacy,nan,nan
7,7,0,Praia de Belas//gas_station,nan,nan
7,7,0,Praia de Belas//stadium,nan,nan
7,7,0,Praia de Belas//shopping_mall,nan,nan
7,7,0,Restinga//home,0.25696825008161933,0.17995701382087279
7,7,0,Restinga//work,0.44475,0.6666666666666666
7,7,0,Restinga//school,nan,nan
7,7,0,Restinga//marketplace,nan,nan
7,7,0,Restinga//pharmacy,nan,nan
7,7,0,Restinga//gas_station,nan,nan
7,7,0,Restinga//hospital,nan,nan
7,7,0,Rio Branco//home,0.21959016904747053,0.17919447736676855
7,7,0,Rio Branco//work,0.39955555555555555,0.6666666666666666
7,7,0,Rio Branco//school,nan,nan
7,7,0,Rio Branco//marketplace,nan,nan
7,7,0,Rio Branco//pharmacy,nan,nan
7,7,0,Rio Branco//gas_station,nan,nan
7,7,0,Rio Branco//hospital,nan,nan
7,7,0,Rubem Berta//home,0.1733829568788501,0.19233401779603013
7,7,0,Rubem Berta//work,0.3921818181818182,0.6666666666666666
7,7,0,Rubem Berta//school,nan,nan
7,7,0,Rubem Berta//marketplace,nan,nan
7,7,0,Rubem Berta//pharmacy,nan,nan
7,7,0,Rubem Berta//gas_station,nan,nan
7,7,0,Santa Cecília//home,0.22354113809351214,0.20079739035882566
7,7,0,Santa Cecília//work,0.424,0.6666666666666666
7,7,0,Santa Cecília//school,nan,nan
7,7,0,Santa Cecília//marketplace,nan,nan
7,7,0,Santa Cecília//pharmacy,nan,nan
7,7,0,Santa Cecília//gas_station,nan,nan
7,7,0,Santa Cecília//hospital,nan,nan
7,7,0,Santa Maria Goretti//home,0.3701522290685031,0.09979461157424188
7,7,0,Santa Maria Goretti//work,0.3952,0.6666666666666666
7,7,0,Santa Maria Goretti//school,nan,nan
7,7,0,Santa Maria Goretti//marketplace,nan,nan
7,7,0,Santa Maria Goretti//pharmacy,nan,nan
7,7,0,Santa Maria Goretti//gas_station,nan,nan
7,7,0,Santa Rosa de Lima//home,0.23809561803848978,0.16398046787731785
7,7,0,Santa Rosa de Lima//work,0.442,0.6666666666666666
7,7,0,Santa Rosa de Lima//school,nan,nan
7,7,0,Santa Rosa de Lima//marketplace,nan,nan
7,7,0,Santa Rosa de Lima//pharmacy,nan,nan
7,7,0,Santa Rosa de Lima//gas_station,nan,nan
7,7,0,Santa Tereza//home,0.22660429699663148,0.16729413762844283
7,7,0,Santa Tereza//work,0.41552941176470587,0.6666666666666666
7,7,0,Santa Tereza//school,nan,nan
7,7,0,Santa Tereza//marketplace,nan,nan
7,7,0,Santa Tereza//pharmacy,nan,nan
7,7,0,Santa Tereza//gas_station,nan,nan
7,7,0,Santana//home,0.1947892568978164,0.1454983166882958
7,7,0,Santana//work,0.3656,0.6666666666666666
7,7,0,Santana//school,nan,nan
7,7,0,Santana//marketplace,nan,nan
7,7,0,Santana//pharmacy,nan,nan
7,7,0,Santana//gas_station,nan,nan
7,7,0,Santana//hospital,nan,nan
7,7,0,Santo Antônio//home,0.19391908560151302,0.18430501877586822
7,7,0,Santo Antônio//work,0.4071111111111111,0.6666666666666666
7,7,0,Santo Antônio//school,nan,nan
7,7,0,Santo Antônio//marketplace,nan,nan
7,7,0,Santo Antônio//pharmacy,nan,nan
7,7,0,Santo Antônio//gas_station,nan,nan
7,7,0,São Caetano//home,0.3081854043392505,0.0210387902695595
7,7,0,São Caetano//work,0.391,0.6666666666666666
7,7,0,São Caetano//school,nan,nan
7,7,0,São Caetano//marketplace,nan,nan
7,7,0,São Caetano//pharmacy,nan,nan
7,7,0,São Caetano//gas_station,nan,nan
7,7,0,São Geraldo//home,0.21457781361594286,0.2210958798909496
7,7,0,São Geraldo//work,0.408,0.6666666666666666
7,7,0,São Geraldo//school,nan,nan
7,7,0,São Geraldo//marketplace,nan,nan
7,7,0,São Geraldo//pharmacy,nan,nan
7,7,0,São Geraldo//gas_station,nan,nan
7,7,0,São João//home,0.2112234227953991,0.191878703380969
7,7,0,São João//work,0.456,0.6666666666666666
7,7,0,São João//school,nan,nan
7,7,0,São João//marketplace,nan,nan
7,7,0,São João//pharmacy,nan,nan
7,7,0,São João//gas_station,nan,nan
7,7,0,São João//shopping_mall,nan,nan
7,7,0,São Sebastião//home,0.23679182588469846,0.14697901090989643
7,7,0,São Sebastião//work,0.443,0.6666666666666666
7,7,0,São Sebastião//school,nan,nan
7,7,0,São Sebastião//marketplace,nan,nan
7,7,0,São Sebastião//pharmacy,nan,nan
7,7,0,São Sebastião//gas_station,nan,nan
7,7,0,São Sebastião//shopping_mall,nan,nan
7,7,0,Sarandi//home,0.1986586317853811,0.15936482549837208
7,7,0,Sarandi//work,0.372,0.6666666666666666
7,7,0,Sarandi//school,nan,nan
7,7,0,Sarandi//marketplace,nan,nan
7,7,0,Sarandi//pharmacy,nan,nan
7,7,0,Sarandi//gas_station,nan,nan
7,7,0,Sarandi//shopping_mall,nan,nan
7,7,0,Serraria//home,0.20724374880702423,0.13590379843481581
7,7,0,Serraria//work,0.4412,0.6666666666666666
7,7,0,Serraria//school,nan,nan
7,7,0,Serraria//marketplace,nan,nan
7,7,0,Serraria//pharmacy,nan,nan
7,7,0,Serraria//gas_station,nan,nan
7,7,0,Sétimo Céu//home,0.24887133182844243,0.2217205919237522
7,7,0,Sétimo Céu//work,0.43657142857142855,0.6666666666666666
7,7,0,Sétimo Céu//school,nan,nan
7,7,0,Sétimo Céu//marketplace,nan,nan
7,7,0,Sétimo Céu//pharmacy,nan,nan
7,7,0,Sétimo Céu//gas_station,nan,nan
7,7,0,Teresópolis//home,0.2285412337894963,0.19693821499367103
7,7,0,Teresópolis//work,0.4297142857142857,0.6666666666666666
7,7,0,Teresópolis//school,nan,nan
7,7,0,Teresópolis//marketplace,nan,nan
7,7,0,Teresópolis//pharmacy,nan,nan
7,7,0,Teresópolis//gas_station,nan,nan
7,7,0,Teresópolis//hospital,nan,nan
7,7,0,Três Figueiras//home,0.18034398034398033,0.22096642096642097
7,7,0,Três Figueiras//work,0.4175,0.6666666666666666
7,7,0,Três Figueiras//school,nan,nan
7,7,0,Três Figueiras//marketplace,nan,nan
7,7,0,Três Figueiras//pharmacy,nan,nan
7,7,0,Três Figueiras//gas_station,nan,nan
7,7,0,Três Figueiras//shopping_mall,nan,nan
7,7,0,Tristeza//home,0.2144625886762147,0.16869673849997768
7,7,0,Tristeza//work,0.4205714285714286,0.6666666666666666
7,7,0,Tristeza//school,nan,nan
7,7,0,Tristeza//marketplace,nan,nan
7,7,0,Tristeza//pharmacy,nan,nan
7,7,0,Tristeza//gas_station,nan,nan
7,7,0,Vila Assunção//home,0.20788667687595713,0.1641994214735409
7,7,0,Vila Assunção//work,0.4336,0.6666666666666666
7,7,0,Vila Assunção//school,nan,nan
7,7,0,Vila Assunção//marketplace,nan,nan
7,7,0,Vila Assunção//pharmacy,nan,nan
7,7,0,Vila Assunção//gas_station,nan,nan
7,7,0,Vila Assunção//hospital,nan,nan
7,7,0,Vila Conceição//home,0.23072646404744254,0.2213985668396343
7,7,0,Vila Conceição//work,0.4033333333333333,0.6666666666666666
7,7,0,Vila Conceição//school,nan,nan
7,7,0,Vila Conceição//marketplace,nan,nan
7,7,0,Vila Conceição//pharmacy,nan,nan
7,7,0,Vila Conceição//gas_station,nan,nan
7,7,0,Vila Ipiranga//home,0.20869952323510826,0.18894441572366782
7,7,0,Vila Ipiranga//work,0.4196,0.6666666666666666
7,7,0,Vila Ipiranga//school,nan,nan
7,7,0,Vila Ipiranga//marketplace,nan,nan
7,7,0,Vila Ipiranga//pharmacy,nan,nan
7,7,0,Vila Ipiranga//gas_station,nan,nan
7,7,0,Vila Jardim//home,0.20720702971077312,0.20337825413087451
7,7,0,Vila Jardim//work,0.387,0.6666666666666666
7,7,0,Vila Jardim//school,nan,nan
7,7,0,Vila Jardim//marketplace,nan,nan
7,7,0,Vila Jardim//pharmacy,nan,nan
7,7,0,Vila Jardim//gas_station,nan,nan
7,7,0,Vila João Pessoa//home,0.21661057479408377,0.15186136450860568
7,7,0,Vila João Pessoa//work,0.44133333333333336,0.6666666666666666
7,7,0,Vila João Pessoa//school,nan,nan
7,7,0,Vila João Pessoa//marketplace,nan,nan
7,7,0,Vila João Pessoa//pharmacy,nan,nan
7,7,0,Vila João Pessoa//gas_station,nan,nan
7,7,0,Vila Nova//home,0.2038837422376056,0.1755290870632416
7,7,0,Vila Nova//work,0.4226,0.6666666666666666
7,7,0,Vila Nova//school,nan,nan
7,7,0,Vila Nova//marketplace,nan,nan
7,7,0,Vila Nova//pharmacy,nan,nan
7,7,0,Vila Nova//gas_station,nan,nan
7,7,0,Vila Nova//hospital,nan,nan
7,7,0,São José//home,0.2521438681208892,0.17450670218965947
7,7,0,São José//work,0.45,0.6666666666666666
7,7,0,São José//school,nan,nan
7,7,0,São José//marketplace,nan,nan
7,7,0,São José//pharmacy,nan,nan
7,7,0,São José//gas_station,nan,nan
8,8,0,Aberta dos Morros//home,0.2463957469814381,0.2126509280951523
8,8,0,Aberta dos Morros//work,0.4384848484848485,0.6666666666666666
8,8,0,Aberta dos Morros//school,0.48333333333333334,0.6666666666666666
8,8,0,Aberta dos Morros//marketplace,nan,nan
8,8,0,Aberta dos Morros//pharmacy,nan,nan
8,8,0,Aberta dos Morros//gas_station,nan,nan
8,8,0,Agronomia//home,0.3337937384898711,0.4407612031921424
8,8,0,Agronomia//work,0.4390322580645161,0.6666666666666666
8,8,0,Agronomia//school,0.5576923076923077,0.6666666666666666
8,8,0,Agronomia//marketplace,nan,nan
8,8,0,Agronomia//pharmacy,nan,nan
8,8,0,Agronomia//gas_station,nan,nan
8,8,0,Anchieta//home,0.31419939577039274,0.23766364551863042
8,8,0,Anchieta//work,0.4105263157894737,0.6666666666666666
8,8,0,Anchieta//school,0.55,0.6666666666666666
8,8,0,Anchieta//marketplace,nan,nan
8,8,0,Anchieta//pharmacy,nan,nan
8,8,0,Anchieta//gas_station,nan,nan
8,8,0,Arquipélago//home,0.30809443507588535,0.37785272625070265
8,8,0,Arquipélago//work,0.44375,0.6666666666666666
8,8,0,Arquipélago//school,0.625,0.6666666666666666
8,8,0,Arquipélago//marketplace,nan,nan
8,8,0,Arquipélago//pharmacy,nan,nan
8,8,0,Arquipélago//gas_station,nan,nan
8,8,0,Auxiliadora//home,0.29406461849127363,0.18837444107889803
8,8,0,Auxiliadora//work,0.4191666666666667,0.6666666666666666
8,8,0,Auxiliadora//school,0.4375,0.6666666666666666
8,8,0,Auxiliadora//marketplace,nan,nan
8,8,0,Auxiliadora//pharmacy,nan,nan
8,8,0,Auxiliadora//gas_station,nan,nan
8,8,0,Azenha//home,0.3252782357790602,0.341714756801319
8,8,0,Azenha//work,0.41013333333333335,0.6666666666666666
8,8,0,Azenha//school,0.5681818181818182,0.6666666666666666
8,8,0,Azenha//marketplace,nan,nan
8,8,0,Azenha//pharmacy,nan,nan
8,8,0,Azenha//gas_station,nan,nan
8,8,0,Azenha//hospital,nan,nan
8,8,0,Azenha//shopping_mall,nan,nan
8,8,0,Bela Vista//home,0.4493865030674847,0.38445807770961143
8,8,0,Bela Vista//work,0.4078125,0.6666666666666666
8,8,0,Bela Vista//school,0.5357142857142857,0.6666666666666666
8,8,0,Bela Vista//marketplace,nan,nan
8,8,0,Bela Vista//pharmacy,nan,nan
8,8,0,Bela Vista//gas_station,nan,nan
8,8,0,Belém Novo//home,0.2521875,0.3798958333333333
8,8,0,Belém Novo//work,0.43,0.6666666666666666
8,8,0,Belém Novo//school,0.6785714285714286,0.6666666666666666
8,8,0,Belém Novo//marketplace,nan,nan
8,8,0,Belém Novo//pharmacy,nan,nan
8,8,0,Belém Novo//gas_station,nan,nan
8,8,0,Belém Velho//home,0.33114824335904025,0.2961439588688946
8,8,0,Belém Velho//work,0.44277777777777777,0.6666666666666666
8,8,0,Belém Velho//school,0.5269145394006659,0.6666666666666666
8,8,0,Belém Velho//marketplace,nan,nan
8,8,0,Belém Velho//pharmacy,nan,nan
8,8,0,Belém Velho//gas_station,nan,nan
8,8,0,Boa Vista//home,0.3745663307450851,0.3120215870918002
8,8,0,Boa Vista//work,0.4040740740740741,0.6666666666666666
8,8,0,Boa Vista//school,0.6666666666666666,0.6666666666666666
8,8,0,Boa Vista//marketplace,nan,nan
8,8,0,Boa Vista//pharmacy,nan,nan
8,8,0,Boa Vista//gas_station,nan,nan
8,8,0,Boa Vista do Sul//home,0.39285714285714285,0.33956916099773243
8,8,0,Boa Vista do Sul//work,0.4302941176470588,0.6666666666666666
8,8,0,Boa Vista do Sul//school,0.504323499491353,0.6666666666666666
8,8,0,Boa Vista do Sul//marketplace,nan,nan
8,8,0,Boa Vista do Sul//pharmacy,nan,nan
8,8,0,Boa Vista do Sul//gas_station,nan,nan
8,8,0,Bom Fim//home,0.34680622207512823,0.2528545424458051
8,8,0,Bom Fim//work,0.4263888888888889,0.6666666666666666
8,8,0,Bom Fim//school,0.625,0.6666666666666666
8,8,0,Bom Fim//marketplace,nan,nan
8,8,0,Bom Fim//pharmacy,nan,nan
8,8,0,Bom Fim//gas_station,nan,nan
8,8,0,Bom Jesus//home,0.3609710391822828,0.34080636002271436
8,8,0,Bom Jesus//work,0.4377083333333333,0.6666666666666666
8,8,0,Bom Jesus//school,0.4772727272727273,0.6666666666666666
8,8,0,Bom Jesus//marketplace,nan,nan
8,8,0,Bom Jesus//pharmacy,nan,nan
8,8,0,Bom Jesus//gas_station,nan,nan
8,8,0,Camaquã//home,0.28329561281337046,0.4058727948003714
8,8,0,Camaquã//work,0.4195121951219512,0.6666666666666666
8,8,0,Camaquã//school,0.4807692307692308,0.6666666666666666
8,8,0,Camaquã//marketplace,nan,nan
8,8,0,Camaquã//pharmacy,nan,nan
8,8,0,Camaquã//gas_station,nan,nan
8,8,0,Campo Novo//home,0.2670667082294264,0.31743557772236075
8,8,0,Campo Novo//work,0.44261904761904763,0.6666666666666666
8,8,0,Campo Novo//school,0.5357142857142857,0.6666666666666666
8,8,0,Campo Novo//marketplace,nan,nan
8,8,0,Campo Novo//pharmacy,nan,nan
8,8,0,Campo Novo//gas_station,nan,nan
8,8,0,Cascata//home,0.34763567315937766,0.24198619788476458
8,8,0,Cascata//work,0.4424324324324324,0.6666666666666666
8,8,0,Cascata//school,0.4642857142857143,0.6666666666666666
8,8,0,Cascata//marketplace,nan,nan
8,8,0,Cascata//pharmacy,nan,nan
8,8,0,Cascata//gas_station,nan,nan
8,8,0,Cavalhada//home,0.31495810141293046,0.357126837523192
8,8,0,Cavalhada//work,0.4196,0.6666666666666666
8,8,0,Cavalhada//school,0.5930232558139535,0.6666666666666666
8,8,0,Cavalhada//marketplace,nan,nan
8,8,0,Cavalhada//pharmacy,nan,nan
8,8,0,Cavalhada//gas_station,nan,nan
8,8,0,Cavalhada//shopping_mall,nan,nan
8,8,0,Centro Histórico//home,0.3135265522574943,0.28170189781738725
8,8,0,Centro Histórico//work,0.4089189189189189,0.6666666666666666
8,8,0,Centro Histórico//school,0.5357142857142857,0.6666666666666666
8,8,0,Centro Histórico//marketplace,nan,nan
8,8,0,Centro Histórico//pharmacy,nan,nan
8,8,0,Centro Histórico//gas_station,nan,nan
8,8,0,Centro Histórico//hospital,nan,nan
8,8,0,Centro Histórico//shopping_mall,nan,nan
8,8,0,Chácara das Pedras//home,0.33283011272141705,0.2698604401502952
8,8,0,Chácara das Pedras//work,0.41220338983050847,0.6666666666666666
8,8,0,Chácara das Pedras//school,0.3517915309446254,0.6666666666666666
8,8,0,Chácara das Pedras//marketplace,nan,nan
8,8,0,Chácara das Pedras//pharmacy,nan,nan
8,8,0,Chácara das Pedras//gas_station,nan,nan
8,8,0,Chapéu do Sol//home,0.25293718933574333,0.38168398855249286
8,8,0,Chapéu do Sol//work,0.472962962962963,0.6666666666666666
8,8,0,Chapéu do Sol//school,0.5277777777777778,0.6666666666666666
8,8,0,Chapéu do Sol//marketplace,nan,nan
8,8,0,Chapéu do Sol//pharmacy,nan,nan
8,8,0,Chapéu do Sol//gas_station,nan,nan
8,8,0,Cidade Baixa//home,0.26079078100822545,0.18980915926921302
8,8,0,Cidade Baixa//work,0.3738135593220339,0.6666666666666666
8,8,0,Cidade Baixa//school,0.5277777777777778,0.6666666666666666
8,8,0,Cidade Baixa//marketplace,nan,nan
8,8,0,Cidade Baixa//pharmacy,nan,nan
8,8,0,Cidade Baixa//gas_station,nan,nan
8,8,0,Cel. Aparício Borges//home,0.3094141892484434,0.2921453418690988
8,8,0,Cel. Aparício Borges//work,0.4147252747252747,0.6666666666666666
8,8,0,Cel. Aparício Borges//school,0.5416666666666666,0.6666666666666666
8,8,0,Cel. Aparício Borges//marketplace,nan,nan
8,8,0,Cel. Aparício Borges//pharmacy,nan,nan
8,8,0,Cel. Aparício Borges//gas_station,nan,nan
8,8,0,Costa e Silva//home,0.33535762483130904,0.2849752586594692
8,8,0,Costa e Silva//work,0.4393220338983051,0.6666666666666666
8,8,0,Costa e Silva//school,0.5166666666666667,0.6666666666666666
8,8,0,Costa e Silva//marketplace,nan,nan
8,8,0,Costa e Silva//pharmacy,nan,nan
8,8,0,Costa e Silva//gas_station,nan,nan
8,8,0,Cristal//home,0.3655114619377163,0.38336216839677045
8,8,0,Cristal//work,0.395,0.6666666666666666
8,8,0,Cristal//school,0.5192307692307693,0.6666666666666666
8,8,0,Cristal//marketplace,nan,nan
8,8,0,Cristal//pharmacy,nan,nan
8,8,0,Cristal//gas_station,nan,nan
8,8,0,Cristo Redentor//home,0.4319202695115104,0.37454613513007673
8,8,0,Cristo Redentor//work,0.4185,0.6666666666666666
8,8,0,Cristo Redentor//school,0.75,0.6666666666666666
8,8,0,Cristo Redentor//marketplace,nan,nan
8,8,0,Cristo Redentor//pharmacy,nan,nan
8,8,0,Cristo Redentor//gas_station,nan,nan
8,8,0,Cristo Redentor//hospital,nan,nan
8,8,0,Cristo Redentor//shopping_mall,nan,nan
8,8,0,Espírito Santo//home,0.3083285795778665,0.33447423464536985
8,8,0,Espírito Santo//work,0.4435,0.6666666666666666
8,8,0,Espírito Santo//school,0.5,0.6666666666666666
8,8,0,Espírito Santo//marketplace,nan,nan
8,8,0,Espírito Santo//pharmacy,nan,nan
8,8,0,Espírito Santo//gas_station,nan,nan
8,8,0,Extrema//home,0.2736326806212019,0.07112311501237903
8,8,0,Extrema//work,0.445,0.6666666666666666
8,8,0,Extrema//school,0.75,0.6666666666666666
8,8,0,Extrema//marketplace,nan,nan
8,8,0,Extrema//pharmacy,nan,nan
8,8,0,Extrema//gas_station,nan,nan
8,8,0,Farrapos//home,0.36650148662041626,0.3691443673604229
8,8,0,Farrapos//work,0.43583333333333335,0.6666666666666666
8,8,0,Farrapos//school,0.6785714285714286,0.6666666666666666
8,8,0,Farrapos//marketplace,nan,nan
8,8,0,Farrapos//pharmacy,nan,nan
8,8,0,Farrapos//gas_station,nan,nan
8,8,0,Farrapos//stadium,nan,nan
8,8,0,Farroupilha//home,0.1678082191780822,0.19569471624266144
8,8,0,Farroupilha//work,0.3882417582417582,0.6666666666666666
8,8,0,Farroupilha//school,0.45,0.6666666666666666
8,8,0,Farroupilha//marketplace,nan,nan
8,8,0,Farroupilha//pharmacy,nan,nan
8,8,0,Farroupilha//gas_station,nan,nan
8,8,0,Farroupilha//hospital,nan,nan
8,8,0,Floresta//home,0.3648373983739837,0.3798207212841359
8,8,0,Floresta//work,0.3877906976744186,0.6666666666666666
8,8,0,Floresta//school,0.5833333333333334,0.6666666666666666
8,8,0,Floresta//marketplace,nan,nan
8,8,0,Floresta//pharmacy,nan,nan
8,8,0,Floresta//gas_station,nan,nan
8,8,0,Glória//home,0.27260094389092815,0.38370914175843385
8,8,0,Glória//work,0.42840579710144927,0.6666666666666666
8,8,0,Glória//school,0.5153223666755108,0.6666666666666666
8,8,0,Glória//marketplace,nan,nan
8,8,0,Glória//pharmacy,nan,nan
8,8,0,Glória//gas_station,nan,nan
8,8,0,Glória//hospital,nan,nan
8,8,0,Guarujá//home,0.31594110115236873,0.4231754161331626
8,8,0,Guarujá//work,0.449375,0.6666666666666666
8,8,0,Guarujá//school,0.5833333333333334,0.6666666666666666
8,8,0,Guarujá//marketplace,nan,nan
8,8,0,Guarujá//pharmacy,nan,nan
8,8,0,Guarujá//gas_station,nan,nan
8,8,0,Higienópolis//home,0.3224165988608625,0.3349606726335774
8,8,0,Higienópolis//work,0.4091666666666667,0.6666666666666666
8,8,0,Higienópolis//school,0.625,0.6666666666666666
8,8,0,Higienópolis//marketplace,nan,nan
8,8,0,Higienópolis//pharmacy,nan,nan
8,8,0,Higienópolis//gas_station,nan,nan
8,8,0,Hípica//home,0.38424026789451654,0.3895074647690805
8,8,0,Hípica//work,0.4496078431372549,0.6666666666666666
8,8,0,Hípica//school,0.4264705882352941,0.6666666666666666
8,8,0,Hípica//marketplace,nan,nan
8,8,0,Hípica//pharmacy,nan,nan
8,8,0,Hípica//gas_station,nan,nan
8,8,0,Humaitá//home,0.34456903539583894,0.3793569305593083
8,8,0,Humaitá//work,0.4270731707317073,0.6666666666666666
8,8,0,Humaitá//school,0.4375,0.6666666666666666
8,8,0,Humaitá//marketplace,nan,nan
8,8,0,Humaitá//pharmacy,nan,nan
8,8,0,Humaitá//gas_station,nan,nan
8,8,0,Independência//home,0.31873709566414316,0.27391603578802476
8,8,0,Independência//work,0.3806818181818182,0.6666666666666666
8,8,0,Independência//school,0.5,0.6666666666666666
8,8,0,Independência//marketplace,nan,nan
8,8,0,Independência//pharmacy,nan,nan
8,8,0,Independência//gas_station,nan,nan
8,8,0,Independência//hospital,nan,nan
8,8,0,Independência//shopping_mall,nan,nan
8,8,0,Ipanema//home,0.34162717219589256,0.35874144286466564
8,8,0,Ipanema//work,0.43625,0.6666666666666666
8,8,0,Ipanema//school,0.5625,0.6666666666666666
8,8,0,Ipanema//marketplace,nan,nan
8,8,0,Ipanema//pharmacy,nan,nan
8,8,0,Ipanema//gas_station,nan,nan
8,8,0,Jardim Botânico//home,0.33061002178649235,0.37075258953483925
8,8,0,Jardim Botânico//work,0.42188405797101447,0.6666666666666666
8,8,0,Jardim Botânico//school,0.55,0.6666666666666666
8,8,0,Jardim Botânico//marketplace,nan,nan
8,8,0,Jardim Botânico//pharmacy,nan,nan
8,8,0,Jardim Botânico//gas_station,nan,nan
8,8,0,Jardim Botânico//hospital,nan,nan
8,8,0,Jardim Botânico//shopping_mall,nan,nan
8,8,0,Jardim Carvalho//home,0.37355919781464453,0.3992271303884336
8,8,0,Jardim Carvalho//work,0.43236842105263157,0.6666666666666666
8,8,0,Jardim Carvalho//school,0.5895713854512526,0.6666666666666666
8,8,0,Jardim Carvalho//marketplace,nan,nan
8,8,0,Jardim Carvalho//pharmacy,nan,nan
8,8,0,Jardim Carvalho//gas_station,nan,nan
8,8,0,Jardim Carvalho//hospital,nan,nan
8,8,0,Jardim do Salso//home,0.27955854126679464,0.1691618682021753
8,8,0,Jardim do Salso//work,0.43970149253731344,0.6666666666666666
8,8,0,Jardim do Salso//school,0.6346153846153846,0.6666666666666666
8,8,0,Jardim do Salso//marketplace,nan,nan
8,8,0,Jardim do Salso//pharmacy,nan,nan
8,8,0,Jardim do Salso//gas_station,nan,nan
8,8,0,Jardim Leopoldina//home,0.3855502771179731,0.4411190287674848
8,8,0,Jardim Leopoldina//work,0.41828571428571426,0.6666666666666666
8,8,0,Jardim Leopoldina//school,0.4342105263157895,0.6666666666666666
8,8,0,Jardim Leopoldina//marketplace,nan,nan
8,8,0,Jardim Leopoldina//pharmacy,nan,nan
8,8,0,Jardim Leopoldina//gas_station,nan,nan
8,8,0,Jardim Europa//home,0.246996996996997,0.22489155822489157
8,8,0,Jardim Europa//work,0.4192105263157895,0.6666666666666666
8,8,0,Jardim Europa//school,0.5461783439490446,0.6666666666666666
8,8,0,Jardim Europa//marketplace,nan,nan
8,8,0,Jardim Europa//pharmacy,nan,nan
8,8,0,Jardim Europa//gas_station,nan,nan
8,8,0,Jardim Europa//shopping_mall,nan,nan
8,8,0,Jardim Floresta//home,0.36213991769547327,0.39780521262002744
8,8,0,Jardim Floresta//work,0.4117647058823529,0.6666666666666666
8,8,0,Jardim Floresta//school,0.55,0.6666666666666666
8,8,0,Jardim Floresta//marketplace,nan,nan
8,8,0,Jardim Floresta//pharmacy,nan,nan
8,8,0,Jardim Floresta//gas_station,nan,nan
8,8,0,Jardim Isabel//home,0.3868700265251989,0.35048629531388154
8,8,0,Jardim Isabel//work,0.43365853658536585,0.6666666666666666
8,8,0,Jardim Isabel//school,0.625,0.6666666666666666
8,8,0,Jardim Isabel//marketplace,nan,nan
8,8,0,Jardim Isabel//pharmacy,nan,nan
8,8,0,Jardim Isabel//gas_station,nan,nan
8,8,0,Jardim Itú//home,0.303120048290953,0.3429160693176388
8,8,0,Jardim Itú//work,0.40487179487179487,0.6666666666666666
8,8,0,Jardim Itú//school,0.4772727272727273,0.6666666666666666
8,8,0,Jardim Itú//marketplace,nan,nan
8,8,0,Jardim Itú//pharmacy,nan,nan
8,8,0,Jardim Itú//gas_station,nan,nan
8,8,0,Jardim Lindóia//home,0.3791854072963518,0.18723971347659504
8,8,0,Jardim Lindóia//work,0.3962962962962963,0.6666666666666666
8,8,0,Jardim Lindóia//school,0.75,0.6666666666666666
8,8,0,Jardim Lindóia//marketplace,nan,nan
8,8,0,Jardim Lindóia//pharmacy,nan,nan
8,8,0,Jardim Lindóia//gas_station,nan,nan
8,8,0,Jardim Lindóia//shopping_mall,nan,nan
8,8,0,Jardim Sabará//home,0.2827825159914712,0.2724235963041933
8,8,0,Jardim Sabará//work,0.45017543859649123,0.6666666666666666
8,8,0,Jardim Sabará//school,0.5465599051008304,0.6666666666666666
8,8,0,Jardim Sabará//marketplace,nan,nan
8,8,0,Jardim Sabará//pharmacy,nan,nan
8,8,0,Jardim Sabará//gas_station,nan,nan
8,8,0,Jardim São Pedro//home,0.25845210473980773,0.1915810407689758
8,8,0,Jardim São Pedro//work,0.4310909090909091,0.6666666666666666
8,8,0,Jardim São Pedro//school,0.5625,0.6666666666666666
8,8,0,Jardim São Pedro//marketplace,nan,nan
8,8,0,Jardim São Pedro//pharmacy,nan,nan
8,8,0,Jardim São Pedro//gas_station,nan,nan
8,8,0,Lageado//home,0.3178205581066761,0.19710349699752738
8,8,0,Lageado//work,0.4764705882352941,0.6666666666666666
8,8,0,Lageado//school,0.5681818181818182,0.6666666666666666
8,8,0,Lageado//marketplace,nan,nan
8,8,0,Lageado//pharmacy,nan,nan
8,8,0,Lageado//gas_station,nan,nan
8,8,0,Lami//home,0.2549358341559724,0.36678732039047934
8,8,0,Lami//work,0.43636363636363634,0.6666666666666666
8,8,0,Lami//school,0.75,0.6666666666666666
8,8,0,Lami//marketplace,nan,nan
8,8,0,Lami//pharmacy,nan,nan
8,8,0,Lami//gas_station,nan,nan
8,8,0,Lomba do Pinheiro//home,0.29077089261249867,0.37065725225699936
8,8,0,Lomba do Pinheiro//work,0.45621951219512197,0.6666666666666666
8,8,0,Lomba do Pinheiro//school,0.48711980136561145,0.6666666666666666
8,8,0,Lomba do Pinheiro//marketplace,nan,nan
8,8,0,Lomba do Pinheiro//pharmacy,nan,nan
8,8,0,Lomba do Pinheiro//gas_station,nan,nan
8,8,0,Mário Quintana//home,0.3283300648664957,0.3653140242369387
8,8,0,Mário Quintana//work,0.44551282051282054,0.6666666666666666
8,8,0,Mário Quintana//school,0.4722222222222222,0.6666666666666666
8,8,0,Mário Quintana//marketplace,nan,nan
8,8,0,Mário Quintana//pharmacy,nan,nan
8,8,0,Mário Quintana//gas_station,nan,nan
8,8,0,Medianeira//home,0.31266555137320506,0.3410939170035782
8,8,0,Medianeira//work,0.4451219512195122,0.6666666666666666
8,8,0,Medianeira//school,0.5833333333333334,0.6666666666666666
8,8,0,Medianeira//marketplace,nan,nan
8,8,0,Medianeira//pharmacy,nan,nan
8,8,0,Medianeira//gas_station,nan,nan
8,8,0,Menino Deus//home,0.35611793611793613,0.28461916461916464
8,8,0,Menino Deus//work,0.42379310344827587,0.6666666666666666
8,8,0,Menino Deus//school,0.65,0.6666666666666666
8,8,0,Menino Deus//marketplace,nan,nan
8,8,0,Menino Deus//pharmacy,nan,nan
8,8,0,Menino Deus//gas_station,nan,nan
8,8,0,Menino Deus//hospital,nan,nan
8,8,0,Moinhos de Vento//home,0.25178639785632256,0.15788354387308068
8,8,0,Moinhos de Vento//work,0.3887878787878788,0.6666666666666666
8,8,0,Moinhos de Vento//school,0.4318181818181818,0.6666666666666666
8,8,0,Moinhos de Vento//marketplace,nan,nan
8,8,0,Moinhos de Vento//pharmacy,nan,nan
8,8,0,Moinhos de Vento//gas_station,nan,nan
8,8,0,Moinhos de Vento//hospital,nan,nan
8,8,0,Moinhos de Vento//shopping_mall,nan,nan
8,8,0,Mont'Serrat//home,0.43614045991298944,0.3028796353842967
8,8,0,Mont'Serrat//work,0.4175,0.6666666666666666
8,8,0,Mont'Serrat//school,0.5,0.6666666666666666
8,8,0,Mont'Serrat//marketplace,nan,nan
8,8,0,Mont'Serrat//pharmacy,nan,nan
8,8,0,Mont'Serrat//gas_station,nan,nan
8,8,0,Morro Santana//home,0.304110600590745,0.39525216059512086
8,8,0,Morro Santana//work,0.45,0.6666666666666666
8,8,0,Morro Santana//school,0.508220502901354,0.6666666666666666
8,8,0,Morro Santana//marketplace,nan,nan
8,8,0,Morro Santana//pharmacy,nan,nan
8,8,0,Morro Santana//gas_station,nan,nan
8,8,0,Navegantes//home,0.188815990234971,0.18004272200183094
8,8,0,Navegantes//work,0.4037209302325581,0.6666666666666666
8,8,0,Navegantes//school,0.5729974160206718,0.6666666666666666
8,8,0,Navegantes//marketplace,nan,nan
8,8,0,Navegantes//pharmacy,nan,nan
8,8,0,Navegantes//gas_station,nan,nan
8,8,0,Navegantes//shopping_mall,nan,nan
8,8,0,Nonoai//home,0.4019765739385066,0.35807711078574916
8,8,0,Nonoai//work,0.4398529411764706,0.6666666666666666
8,8,0,Nonoai//school,0.575,0.6666666666666666
8,8,0,Nonoai//marketplace,nan,nan
8,8,0,Nonoai//pharmacy,nan,nan
8,8,0,Nonoai//gas_station,nan,nan
8,8,0,Parque Santa Fé//home,0.3277404921700224,0.33818046234153615
8,8,0,Parque Santa Fé//work,0.44432692307692306,0.6666666666666666
8,8,0,Parque Santa Fé//school,0.5277777777777778,0.6666666666666666
8,8,0,Parque Santa Fé//marketplace,nan,nan
8,8,0,Parque Santa Fé//pharmacy,nan,nan
8,8,0,Parque Santa Fé//gas_station,nan,nan
8,8,0,Partenon//home,0.29053704302814626,0.4034940148819152
8,8,0,Partenon//work,0.4136046511627907,0.6666666666666666
8,8,0,Partenon//school,0.5741758241758241,0.6666666666666666
8,8,0,Partenon//marketplace,nan,nan
8,8,0,Partenon//pharmacy,nan,nan
8,8,0,Partenon//gas_station,nan,nan
8,8,0,Passo D'Areia//home,0.1932717678100264,0.3865644762742388
8,8,0,Passo D'Areia//work,0.42,0.6666666666666666
8,8,0,Passo D'Areia//school,0.4868421052631579,0.6666666666666666
8,8,0,Passo D'Areia//marketplace,nan,nan
8,8,0,Passo D'Areia//pharmacy,nan,nan
8,8,0,Passo D'Areia//gas_station,nan,nan
8,8,0,Passo das Pedras//home,0.30643166357452073,0.34845049130763417
8,8,0,Passo das Pedras//work,0.4180357142857143,0.6666666666666666
8,8,0,Passo das Pedras//school,0.5,0.6666666666666666
8,8,0,Passo das Pedras//marketplace,nan,nan
8,8,0,Passo das Pedras//pharmacy,nan,nan
8,8,0,Passo das Pedras//gas_station,nan,nan
8,8,0,Pedra Redonda//home,0.30656934306569344,0.22384428223844283
8,8,0,Pedra Redonda//work,0.4370833333333333,0.6666666666666666
8,8,0,Pedra Redonda//school,0.35,0.6666666666666666
8,8,0,Pedra Redonda//marketplace,nan,nan
8,8,0,Pedra Redonda//pharmacy,nan,nan
8,8,0,Pedra Redonda//gas_station,nan,nan
8,8,0,Petrópolis//home,0.3494695497246518,0.3273134650685671
8,8,0,Petrópolis//work,0.40944444444444444,0.6666666666666666
8,8,0,Petrópolis//school,0.55,0.6666666666666666
8,8,0,Petrópolis//marketplace,nan,nan
8,8,0,Petrópolis//pharmacy,nan,nan
8,8,0,Petrópolis//gas_station,nan,nan
8,8,0,Pitinga//home,0.29467960023515577,0.2927689594356261
8,8,0,Pitinga//work,0.4842105263157895,0.6666666666666666
8,8,0,Pitinga//school,0.5357142857142857,0.6666666666666666
8,8,0,Pitinga//marketplace,nan,nan
8,8,0,Pitinga//pharmacy,nan,nan
8,8,0,Pitinga//gas_station,nan,nan
8,8,0,Ponta Grossa//home,0.2634636665437108,0.19574572728390507
8,8,0,Ponta Grossa//work,0.45069444444444445,0.6666666666666666
8,8,0,Ponta Grossa//school,0.5172253258845437,0.6666666666666666
8,8,0,Ponta Grossa//marketplace,nan,nan
8,8,0,Ponta Grossa//pharmacy,nan,nan
8,8,0,Ponta Grossa//gas_station,nan,nan
8,8,0,Praia de Belas//home,0.30388634879163945,0.22033529283692577
8,8,0,Praia de Belas//work,0.38766666666666666,0.6666666666666666
8,8,0,Praia de Belas//school,0.5277777777777778,0.6666666666666666
8,8,0,Praia de Belas//marketplace,nan,nan
8,8,0,Praia de Belas//pharmacy,nan,nan
8,8,0,Praia de Belas//gas_station,nan,nan
8,8,0,Praia de Belas//stadium,nan,nan
8,8,0,Praia de Belas//shopping_mall,nan,nan
8,8,0,Restinga//home,0.37485208943140064,0.4032093998463806
8,8,0,Restinga//work,0.4403658536585366,0.6666666666666666
8,8,0,Restinga//school,0.45,0.6666666666666666
8,8,0,Restinga//marketplace,nan,nan
8,8,0,Restinga//pharmacy,nan,nan
8,8,0,Restinga//gas_station,nan,nan
8,8,0,Restinga//hospital,nan,nan
8,8,0,Rio Branco//home,0.32778457304487424,0.2986010243865148
8,8,0,Rio Branco//work,0.39197530864197533,0.6666666666666666
8,8,0,Rio Branco//school,0.6071428571428571,0.6666666666666666
8,8,0,Rio Branco//marketplace,nan,nan
8,8,0,Rio Branco//pharmacy,nan,nan
8,8,0,Rio Branco//gas_station,nan,nan
8,8,0,Rio Branco//hospital,nan,nan
8,8,0,Rubem Berta//home,0.24884448069603046,0.3441483898253882
8,8,0,Rubem Berta//work,0.3904494382022472,0.6666666666666666
8,8,0,Rubem Berta//school,0.5833333333333334,0.6666666666666666
8,8,0,Rubem Berta//marketplace,nan,nan
8,8,0,Rubem Berta//pharmacy,nan,nan
8,8,0,Rubem Berta//gas_station,nan,nan
8,8,0,Santa Cecília//home,0.26904553415061294,0.3228254524226503
8,8,0,Santa Cecília//work,0.39170731707317075,0.6666666666666666
8,8,0,Santa Cecília//school,0.5552970651395849,0.6666666666666666
8,8,0,Santa Cecília//marketplace,nan,nan
8,8,0,Santa Cecília//pharmacy,nan,nan
8,8,0,Santa Cecília//gas_station,nan,nan
8,8,0,Santa Cecília//hospital,nan,nan
8,8,0,Santa Maria Goretti//home,0.470125786163522,0.37409736780805963
8,8,0,Santa Maria Goretti//work,0.4075,0.6666666666666666
8,8,0,Santa Maria Goretti//school,0.55,0.6666666666666666
8,8,0,Santa Maria Goretti//marketplace,nan,nan
8,8,0,Santa Maria Goretti//pharmacy,nan,nan
8,8,0,Santa Maria Goretti//gas_station,nan,nan
8,8,0,Santa Rosa de Lima//home,0.3417732126610161,0.35936726843205796
8,8,0,Santa Rosa de Lima//work,0.4271264367816092,0.6666666666666666
8,8,0,Santa Rosa de Lima//school,0.5,0.6666666666666666
8,8,0,Santa Rosa de Lima//marketplace,nan,nan
8,8,0,Santa Rosa de Lima//pharmacy,nan,nan
8,8,0,Santa Rosa de Lima//gas_station,nan,nan
8,8,0,Santa Tereza//home,0.3068240582362067,0.4177572695811289
8,8,0,Santa Tereza//work,0.41888888888888887,0.6666666666666666
8,8,0,Santa Tereza//school,0.4523809523809524,0.6666666666666666
8,8,0,Santa Tereza//marketplace,nan,nan
8,8,0,Santa Tereza//pharmacy,nan,nan
8,8,0,Santa Tereza//gas_station,nan,nan
8,8,0,Santana//home,0.330510229437588,0.26052624313205774
8,8,0,Santana//work,0.398,0.6666666666666666
8,8,0,Santana//school,0.4375,0.6666666666666666
8,8,0,Santana//marketplace,nan,nan
8,8,0,Santana//pharmacy,nan,nan
8,8,0,Santana//gas_station,nan,nan
8,8,0,Santana//hospital,nan,nan
8,8,0,Santo Antônio//home,0.33165953243332236,0.3155160428785717
8,8,0,Santo Antônio//work,0.4042857142857143,0.6666666666666666
8,8,0,Santo Antônio//school,0.69449378330373,0.6666666666666666
8,8,0,Santo Antônio//marketplace,nan,nan
8,8,0,Santo Antônio//pharmacy,nan,nan
8,8,0,Santo Antônio//gas_station,nan,nan
8,8,0,São Caetano//home,0.28231597845601436,0.06223818073010173
8,8,0,São Caetano//work,0.3923076923076923,0.6666666666666666
8,8,0,São Caetano//school,0.5833333333333334,0.6666666666666666
8,8,0,São Caetano//marketplace,nan,nan
8,8,0,São Caetano//pharmacy,nan,nan
8,8,0,São Caetano//gas_station,nan,nan
8,8,0,São Geraldo//home,0.3204771539369415,0.23930759287360198
8,8,0,São Geraldo//work,0.41291666666666665,0.6666666666666666
8,8,0,São Geraldo//school,0.6590909090909091,0.6666666666666666
8,8,0,São Geraldo//marketplace,nan,nan
8,8,0,São Geraldo//pharmacy,nan,nan
8,8,0,São Geraldo//gas_station,nan,nan
8,8,0,São João//home,0.3640759312320917,0.29473097739573384
8,8,0,São João//work,0.40205882352941175,0.6666666666666666
8,8,0,São João//school,0.5,0.6666666666666666
8,8,0,São João//marketplace,nan,nan
8,8,0,São João//pharmacy,nan,nan
8,8,0,São João//gas_station,nan,nan
8,8,0,São João//shopping_mall,nan,nan
8,8,0,São Sebastião//home,0.25897597977243997,0.3861778339654446
8,8,0,São Sebastião//work,0.43592592592592594,0.6666666666666666
8,8,0,São Sebastião//school,0.6052578156719448,0.6666666666666666
8,8,0,São Sebastião//marketplace,nan,nan
8,8,0,São Sebastião//pharmacy,nan,nan
8,8,0,São Sebastião//gas_station,nan,nan
8,8,0,São Sebastião//shopping_mall,nan,nan
8,8,0,Sarandi//home,0.3572029035787676,0.31144084758880203
8,8,0,Sarandi//work,0.38925,0.6666666666666666
8,8,0,Sarandi//school,0.41,0.6666666666666666
8,8,0,Sarandi//marketplace,nan,nan
8,8,0,Sarandi//pharmacy,nan,nan
8,8,0,Sarandi//gas_station,nan,nan
8,8,0,Sarandi//shopping_mall,nan,nan
8,8,0,Serraria//home,0.25844178684488217,0.34681674287724235
8,8,0,Serraria//work,0.4388888888888889,0.6666666666666666
8,8,0,Serraria//school,0.6,0.6666666666666666
8,8,0,Serraria//marketplace,nan,nan
8,8,0,Serraria//pharmacy,nan,nan
8,8,0,Serraria//gas_station,nan,nan
8,8,0,Sétimo Céu//home,0.2453660797034291,0.4275563793636083
8,8,0,Sétimo Céu//work,0.425625,0.6666666666666666
8,8,0,Sétimo Céu//school,0.4166666666666667,0.6666666666666666
8,8,0,Sétimo Céu//marketplace,nan,nan
8,8,0,Sétimo Céu//pharmacy,nan,nan
8,8,0,Sétimo Céu//gas_station,nan,nan
8,8,0,Teresópolis//home,0.24995870157759972,0.26282316015528207
8,8,0,Teresópolis//work,0.42452830188679247,0.6666666666666666
8,8,0,Teresópolis//school,0.5249842866121935,0.6666666666666666
8,8,0,Teresópolis//marketplace,nan,nan
8,8,0,Teresópolis//pharmacy,nan,nan
8,8,0,Teresópolis//gas_station,nan,nan
8,8,0,Teresópolis//hospital,nan,nan
8,8,0,Três Figueiras//home,0.28599348534201957,0.4015200868621064
8,8,0,Três Figueiras//work,0.4096103896103896,0.6666666666666666
8,8,0,Três Figueiras//school,0.5192307692307693,0.6666666666666666
8,8,0,Três Figueiras//marketplace,nan,nan
8,8,0,Três Figueiras//pharmacy,nan,nan
8,8,0,Três Figueiras//gas_station,nan,nan
8,8,0,Três Figueiras//shopping_mall,nan,nan
8,8,0,Tristeza//home,0.2790244325073644,0.3396869404493733
8,8,0,Tristeza//work,0.41625,0.6666666666666666
8,8,0,Tristeza//school,0.75,0.6666666666666666
8,8,0,Tristeza//marketplace,nan,nan
8,8,0,Tristeza//pharmacy,nan,nan
8,8,0,Tristeza//gas_station,nan,nan
8,8,0,Vila Assunção//home,0.2930748840291584,0.12480671526397173
8,8,0,Vila Assunção//work,0.426,0.6666666666666666
8,8,0,Vila Assunção//school,0.6071428571428571,0.6666666666666666
8,8,0,Vila Assunção//marketplace,nan,nan
8,8,0,Vila Assunção//pharmacy,nan,nan
8,8,0,Vila Assunção//gas_station,nan,nan
8,8,0,Vila Assunção//hospital,nan,nan
8,8,0,Vila Conceição//home,0.23072646404744254,0.2213985668396343
8,8,0,Vila Conceição//work,0.4167567567567568,0.6666666666666666
8,8,0,Vila Conceição//school,0.55,0.6666666666666666
8,8,0,Vila Conceição//marketplace,nan,nan
8,8,0,Vila Conceição//pharmacy,nan,nan
8,8,0,Vila Conceição//gas_station,nan,nan
8,8,0,Vila Ipiranga//home,0.3083136990912151,0.4184337484573096
8,8,0,Vila Ipiranga//work,0.42,0.6666666666666666
8,8,0,Vila Ipiranga//school,0.4423076923076923,0.6666666666666666
8,8,0,Vila Ipiranga//marketplace,nan,nan
8,8,0,Vila Ipiranga//pharmacy,nan,nan
8,8,0,Vila Ipiranga//gas_station,nan,nan
8,8,0,Vila Jardim//home,0.4254065715233986,0.42194933067817236
8,8,0,Vila Jardim//work,0.39212121212121215,0.6666666666666666
8,8,0,Vila Jardim//school,0.75,0.6666666666666666
8,8,0,Vila Jardim//marketplace,nan,nan
8,8,0,Vila Jardim//pharmacy,nan,nan
8,8,0,Vila Jardim//gas_station,nan,nan
8,8,0,Vila João Pessoa//home,0.2858897379912664,0.3852802037845706
8,8,0,Vila João Pessoa//work,0.4226315789473684,0.6666666666666666
8,8,0,Vila João Pessoa//school,0.5,0.6666666666666666
8,8,0,Vila João Pessoa//marketplace,nan,nan
8,8,0,Vila João Pessoa//pharmacy,nan,nan
8,8,0,Vila João Pessoa//gas_station,nan,nan
8,8,0,Vila Nova//home,0.3193449076410619,0.40759059251034624
8,8,0,Vila Nova//work,0.41755555555555557,0.6666666666666666
8,8,0,Vila Nova//school,0.55,0.6666666666666666
8,8,0,Vila Nova//marketplace,nan,nan
8,8,0,Vila Nova//pharmacy,nan,nan
8,8,0,Vila Nova//gas_station,nan,nan
8,8,0,Vila Nova//hospital,nan,nan
8,8,0,São José//home,0.37369281045751634,0.3925925925925926
8,8,0,São José//work,0.4508450704225352,0.6666666666666666
8,8,0,São José//school,0.5416666666666666,0.6666666666666666
8,8,0,São José//marketplace,nan,nan
8,8,0,São José//pharmacy,nan,nan
8,8,0,São José//gas_station,nan,nan
9,9,0,Aberta dos Morros//home,0.24468639299854136,0.14169618670556366
9,9,0,Aberta dos Morros//work,0.4418604651162791,0.6666666666666666
9,9,0,Aberta dos Morros//school,0.48333333333333334,0.6666666666666666
9,9,0,Aberta dos Morros//marketplace,nan,nan
9,9,0,Aberta dos Morros//pharmacy,nan,nan
9,9,0,Aberta dos Morros//gas_station,nan,nan
9,9,0,Agronomia//home,0.3337937384898711,0.4407612031921424
9,9,0,Agronomia//work,0.4390322580645161,0.6666666666666666
9,9,0,Agronomia//school,0.5576923076923077,0.6666666666666666
9,9,0,Agronomia//marketplace,nan,nan
9,9,0,Agronomia//pharmacy,nan,nan
9,9,0,Agronomia//gas_station,nan,nan
9,9,0,Anchieta//home,0.4022346368715084,0.1824953445065177
9,9,0,Anchieta//work,0.4198387096774194,0.6666666666666666
9,9,0,Anchieta//school,0.55,0.6666666666666666
9,9,0,Anchieta//marketplace,nan,nan
9,9,0,Anchieta//pharmacy,nan,nan
9,9,0,Anchieta//gas_station,nan,nan
9,9,0,Arquipélago//home,0.30809443507588535,0.37785272625070265
9,9,0,Arquipélago//work,0.4685714285714286,0.6666666666666666
9,9,0,Arquipélago//school,0.625,0.6666666666666666
9,9,0,Arquipélago//marketplace,nan,nan
9,9,0,Arquipélago//pharmacy,nan,nan
9,9,0,Arquipélago//gas_station,nan,nan
9,9,0,Auxiliadora//home,0.29406461849127363,0.18837444107889803
9,9,0,Auxiliadora//work,0.4296551724137931,0.6666666666666666
9,9,0,Auxiliadora//school,0.4375,0.6666666666666666
9,9,0,Auxiliadora//marketplace,nan,nan
9,9,0,Auxiliadora//pharmacy,nan,nan
9,9,0,Auxiliadora//gas_station,nan,nan
9,9,0,Azenha//home,0.31583649765467947,0.3144963144963145
9,9,0,Azenha//work,0.40894117647058825,0.6666666666666666
9,9,0,Azenha//school,0.5681818181818182,0.6666666666666666
9,9,0,Azenha//marketplace,nan,nan
9,9,0,Azenha//pharmacy,nan,nan
9,9,0,Azenha//gas_station,nan,nan
9,9,0,Azenha//hospital,nan,nan
9,9,0,Azenha//shopping_mall,nan,nan
9,9,0,Bela Vista//home,0.4469755719271035,0.37533927879022877
9,9,0,Bela Vista//work,0.4066666666666667,0.6666666666666666
9,9,0,Bela Vista//school,0.5357142857142857,0.6666666666666666
9,9,0,Bela Vista//marketplace,nan,nan
9,9,0,Bela Vista//pharmacy,nan,nan
9,9,0,Bela Vista//gas_station,nan,nan
9,9,0,Belém Novo//home,0.2487378640776699,0.31029126213592234
9,9,0,Belém Novo//work,0.43636363636363634,0.6666666666666666
9,9,0,Belém Novo//school,0.6785714285714286,0.6666666666666666
9,9,0,Belém Novo//marketplace,nan,nan
9,9,0,Belém Novo//pharmacy,nan,nan
9,9,0,Belém Novo//gas_station,nan,nan
9,9,0,Belém Velho//home,0.33173679498657116,0.2795583407937929
9,9,0,Belém Velho//work,0.45515625,0.6666666666666666
9,9,0,Belém Velho//school,0.5269145394006659,0.6666666666666666
9,9,0,Belém Velho//marketplace,nan,nan
9,9,0,Belém Velho//pharmacy,nan,nan
9,9,0,Belém Velho//gas_station,nan,nan
9,9,0,Boa Vista//home,0.36849450747343776,0.28008884086679875
9,9,0,Boa Vista//work,0.4153125,0.6666666666666666
9,9,0,Boa Vista//school,0.6666666666666666,0.6666666666666666
9,9,0,Boa Vista//marketplace,nan,nan
9,9,0,Boa Vista//pharmacy,nan,nan
9,9,0,Boa Vista//gas_station,nan,nan
9,9,0,Boa Vista do Sul//home,0.39285714285714285,0.33956916099773243
9,9,0,Boa Vista do Sul//work,0.4302941176470588,0.6666666666666666
9,9,0,Boa Vista do Sul//school,0.504323499491353,0.6666666666666666
9,9,0,Boa Vista do Sul//marketplace,nan,nan
9,9,0,Boa Vista do Sul//pharmacy,nan,nan
9,9,0,Boa Vista do Sul//gas_station,nan,nan
9,9,0,Bom Fim//home,0.3358740754104276,0.27037103854711647
9,9,0,Bom Fim//work,0.4356521739130435,0.6666666666666666
9,9,0,Bom Fim//school,0.625,0.6666666666666666
9,9,0,Bom Fim//marketplace,nan,nan
9,9,0,Bom Fim//pharmacy,nan,nan
9,9,0,Bom Fim//gas_station,nan,nan
9,9,0,Bom Jesus//home,0.38798882681564245,0.32849162011173183
9,9,0,Bom Jesus//work,0.4414150943396226,0.6666666666666666
9,9,0,Bom Jesus//school,0.4772727272727273,0.6666666666666666
9,9,0,Bom Jesus//marketplace,nan,nan
9,9,0,Bom Jesus//pharmacy,nan,nan
9,9,0,Bom Jesus//gas_station,nan,nan
9,9,0,Camaquã//home,0.27340770404271547,0.38100686498855835
9,9,0,Camaquã//work,0.460655737704918,0.6666666666666666
9,9,0,Camaquã//school,0.4807692307692308,0.6666666666666666
9,9,0,Camaquã//marketplace,nan,nan
9,9,0,Camaquã//pharmacy,nan,nan
9,9,0,Camaquã//gas_station,nan,nan
9,9,0,Campo Novo//home,0.26605814739688977,0.2879197656073924
9,9,0,Campo Novo//work,0.4531578947368421,0.6666666666666666
9,9,0,Campo Novo//school,0.5357142857142857,0.6666666666666666
9,9,0,Campo Novo//marketplace,nan,nan
9,9,0,Campo Novo//pharmacy,nan,nan
9,9,0,Campo Novo//gas_station,nan,nan
9,9,0,Cascata//home,0.34763567315937766,0.24198619788476458
9,9,0,Cascata//work,0.44642857142857145,0.6666666666666666
9,9,0,Cascata//school,0.4642857142857143,0.6666666666666666
9,9,0,Cascata//marketplace,nan,nan
9,9,0,Cascata//pharmacy,nan,nan
9,9,0,Cascata//gas_station,nan,nan
9,9,0,Cavalhada//home,0.31320290928682065,0.32585808247468967
9,9,0,Cavalhada//work,0.43385714285714283,0.6666666666666666
9,9,0,Cavalhada//school,0.5930232558139535,0.6666666666666666
9,9,0,Cavalhada//marketplace,nan,nan
9,9,0,Cavalhada//pharmacy,nan,nan
9,9,0,Cavalhada//gas_station,nan,nan
9,9,0,Cavalhada//shopping_mall,nan,nan
9,9,0,Centro Histórico//home,0.30744286596664605,0.2631253860407659
9,9,0,Centro Histórico//work,0.4153191489361702,0.6666666666666666
9,9,0,Centro Histórico//school,0.5357142857142857,0.6666666666666666
9,9,0,Centro Histórico//marketplace,nan,nan
9,9,0,Centro Histórico//pharmacy,nan,nan
9,9,0,Centro Histórico//gas_station,nan,nan
9,9,0,Centro Histórico//hospital,nan,nan
9,9,0,Centro Histórico//shopping_mall,nan,nan
9,9,0,Chácara das Pedras//home,0.3298007630351844,0.24883425180161084
9,9,0,Chácara das Pedras//work,0.4291891891891892,0.6666666666666666
9,9,0,Chácara das Pedras//school,0.3517915309446254,0.6666666666666666
9,9,0,Chácara das Pedras//marketplace,nan,nan
9,9,0,Chácara das Pedras//pharmacy,nan,nan
9,9,0,Chácara das Pedras//gas_station,nan,nan
9,9,0,Chapéu do Sol//home,0.25293718933574333,0.38168398855249286
9,9,0,Chapéu do Sol//work,0.4757142857142857,0.6666666666666666
9,9,0,Chapéu do Sol//school,0.5277777777777778,0.6666666666666666
9,9,0,Chapéu do Sol//marketplace,nan,nan
9,9,0,Chapéu do Sol//pharmacy,nan,nan
9,9,0,Chapéu do Sol//gas_station,nan,nan
9,9,0,Cidade Baixa//home,0.2574819186964835,0.17989857843544768
9,9,0,Cidade Baixa//work,0.381796875,0.6666666666666666
9,9,0,Cidade Baixa//school,0.5277777777777778,0.6666666666666666
9,9,0,Cidade Baixa//marketplace,nan,nan
9,9,0,Cidade Baixa//pharmacy,nan,nan
9,9,0,Cidade Baixa//gas_station,nan,nan
9,9,0,Cel. Aparício Borges//home,0.33329328078438913,0.25614406100804255
9,9,0,Cel. Aparício Borges//work,0.4307207207207207,0.6666666666666666
9,9,0,Cel. Aparício Borges//school,0.5416666666666666,0.6666666666666666
9,9,0,Cel. Aparício Borges//marketplace,nan,nan
9,9,0,Cel. Aparício Borges//pharmacy,nan,nan
9,9,0,Cel. Aparício Borges//gas_station,nan,nan
9,9,0,Costa e Silva//home,0.33535762483130904,0.2849752586594692
9,9,0,Costa e Silva//work,0.4297619047619048,0.6666666666666666
9,9,0,Costa e Silva//school,0.5166666666666667,0.6666666666666666
9,9,0,Costa e Silva//marketplace,nan,nan
9,9,0,Costa e Silva//pharmacy,nan,nan
9,9,0,Costa e Silva//gas_station,nan,nan
9,9,0,Cristal//home,0.3563703425856464,0.3390847711927982
9,9,0,Cristal//work,0.4118918918918919,0.6666666666666666
9,9,0,Cristal//school,0.5192307692307693,0.6666666666666666
9,9,0,Cristal//marketplace,nan,nan
9,9,0,Cristal//pharmacy,nan,nan
9,9,0,Cristal//gas_station,nan,nan
9,9,0,Cristo Redentor//home,0.4319202695115104,0.37454613513007673
9,9,0,Cristo Redentor//work,0.4484,0.6666666666666666
9,9,0,Cristo Redentor//school,0.75,0.6666666666666666
9,9,0,Cristo Redentor//marketplace,nan,nan
9,9,0,Cristo Redentor//pharmacy,nan,nan
9,9,0,Cristo Redentor//gas_station,nan,nan
9,9,0,Cristo Redentor//hospital,nan,nan
9,9,0,Cristo Redentor//shopping_mall,nan,nan
9,9,0,Espírito Santo//home,0.29545454545454547,0.30896805896805896
9,9,0,Espírito Santo//work,0.4435,0.6666666666666666
9,9,0,Espírito Santo//school,0.5,0.6666666666666666
9,9,0,Espírito Santo//marketplace,nan,nan
9,9,0,Espírito Santo//pharmacy,nan,nan
9,9,0,Espírito Santo//gas_station,nan,nan
9,9,0,Extrema//home,0.2736326806212019,0.07112311501237903
9,9,0,Extrema//work,0.445,0.6666666666666666
9,9,0,Extrema//school,0.75,0.6666666666666666
9,9,0,Extrema//marketplace,nan,nan
9,9,0,Extrema//pharmacy,nan,nan
9,9,0,Extrema//gas_station,nan,nan
9,9,0,Farrapos//home,0.3767876787678768,0.33641364136413643
9,9,0,Farrapos//work,0.446025641025641,0.6666666666666666
9,9,0,Farrapos//school,0.6785714285714286,0.6666666666666666
9,9,0,Farrapos//marketplace,nan,nan
9,9,0,Farrapos//pharmacy,nan,nan
9,9,0,Farrapos//gas_station,nan,nan
9,9,0,Farrapos//stadium,nan,nan
9,9,0,Farroupilha//home,0.1678082191780822,0.19569471624266144
9,9,0,Farroupilha//work,0.3913223140495868,0.6666666666666666
9,9,0,Farroupilha//school,0.45,0.6666666666666666
9,9,0,Farroupilha//marketplace,nan,nan
9,9,0,Farroupilha//pharmacy,nan,nan
9,9,0,Farroupilha//gas_station,nan,nan
9,9,0,Farroupilha//hospital,nan,nan
9,9,0,Floresta//home,0.35909534656687275,0.36815272806161187
9,9,0,Floresta//work,0.3961458333333333,0.6666666666666666
9,9,0,Floresta//school,0.5833333333333334,0.6666666666666666
9,9,0,Floresta//marketplace,nan,nan
9,9,0,Floresta//pharmacy,nan,nan
9,9,0,Floresta//gas_station,nan,nan
9,9,0,Glória//home,0.2744480344641895,0.3760904684975767
9,9,0,Glória//work,0.43333333333333335,0.6666666666666666
9,9,0,Glória//school,0.5153223666755108,0.6666666666666666
9,9,0,Glória//marketplace,nan,nan
9,9,0,Glória//pharmacy,nan,nan
9,9,0,Glória//gas_station,nan,nan
9,9,0,Glória//hospital,nan,nan
9,9,0,Guarujá//home,0.31524008350730687,0.4019948967756901
9,9,0,Guarujá//work,0.4493617021276596,0.6666666666666666
9,9,0,Guarujá//school,0.5833333333333334,0.6666666666666666
9,9,0,Guarujá//marketplace,nan,nan
9,9,0,Guarujá//pharmacy,nan,nan
9,9,0,Guarujá//gas_station,nan,nan
9,9,0,Higienópolis//home,0.3179393599101628,0.3233202320793562
9,9,0,Higienópolis//work,0.4179245283018868,0.6666666666666666
9,9,0,Higienópolis//school,0.625,0.6666666666666666
9,9,0,Higienópolis//marketplace,nan,nan
9,9,0,Higienópolis//pharmacy,nan,nan
9,9,0,Higienópolis//gas_station,nan,nan
9,9,0,Hípica//home,0.38322912014292093,0.3709394074735745
9,9,0,Hípica//work,0.4469642857142857,0.6666666666666666
9,9,0,Hípica//school,0.4264705882352941,0.6666666666666666
9,9,0,Hípica//marketplace,nan,nan
9,9,0,Hípica//pharmacy,nan,nan
9,9,0,Hípica//gas_station,nan,nan
9,9,0,Humaitá//home,0.33714865256447407,0.3585434173669468
9,9,0,Humaitá//work,0.4270731707317073,0.6666666666666666
9,9,0,Humaitá//school,0.4375,0.6666666666666666
9,9,0,Humaitá//marketplace,nan,nan
9,9,0,Humaitá//pharmacy,nan,nan
9,9,0,Humaitá//gas_station,nan,nan
9,9,0,Independência//home,0.30768470960094824,0.21572500987751878
9,9,0,Independência//work,0.38448979591836735,0.6666666666666666
9,9,0,Independência//school,0.5,0.6666666666666666
9,9,0,Independência//marketplace,nan,nan
9,9,0,Independência//pharmacy,nan,nan
9,9,0,Independência//gas_station,nan,nan
9,9,0,Independência//hospital,nan,nan
9,9,0,Independência//shopping_mall,nan,nan
9,9,0,Ipanema//home,0.3379139445821131,0.31538634827663886
9,9,0,Ipanema//work,0.46228070175438596,0.6666666666666666
9,9,0,Ipanema//school,0.5625,0.6666666666666666
9,9,0,Ipanema//marketplace,nan,nan
9,9,0,Ipanema//pharmacy,nan,nan
9,9,0,Ipanema//gas_station,nan,nan
9,9,0,Jardim Botânico//home,0.32661433124778655,0.36201943886986976
9,9,0,Jardim Botânico//work,0.42886075949367086,0.6666666666666666
9,9,0,Jardim Botânico//school,0.55,0.6666666666666666
9,9,0,Jardim Botânico//marketplace,nan,nan
9,9,0,Jardim Botânico//pharmacy,nan,nan
9,9,0,Jardim Botânico//gas_station,nan,nan
9,9,0,Jardim Botânico//hospital,nan,nan
9,9,0,Jardim Botânico//shopping_mall,nan,nan
9,9,0,Jardim Carvalho//home,0.36888785780569633,0.38013657886596713
9,9,0,Jardim Carvalho//work,0.4372093023255814,0.6666666666666666
9,9,0,Jardim Carvalho//school,0.5895713854512526,0.6666666666666666
9,9,0,Jardim Carvalho//marketplace,nan,nan
9,9,0,Jardim Carvalho//pharmacy,nan,nan
9,9,0,Jardim Carvalho//gas_station,nan,nan
9,9,0,Jardim Carvalho//hospital,nan,nan
9,9,0,Jardim do Salso//home,0.27955854126679464,0.1691618682021753
9,9,0,Jardim do Salso//work,0.4528735632183908,0.6666666666666666
9,9,0,Jardim do Salso//school,0.6346153846153846,0.6666666666666666
9,9,0,Jardim do Salso//marketplace,nan,nan
9,9,0,Jardim do Salso//pharmacy,nan,nan
9,9,0,Jardim do Salso//gas_station,nan,nan
9,9,0,Jardim Leopoldina//home,0.37218804920913884,0.4163444639718805
9,9,0,Jardim Leopoldina//work,0.434,0.6666666666666666
9,9,0,Jardim Leopoldina//school,0.4342105263157895,0.6666666666666666
9,9,0,Jardim Leopoldina//marketplace,nan,nan
9,9,0,Jardim Leopoldina//pharmacy,nan,nan
9,9,0,Jardim Leopoldina//gas_station,nan,nan
9,9,0,Jardim Europa//home,0.246996996996997,0.22489155822489157
9,9,0,Jardim Europa//work,0.4235164835164835,0.6666666666666666
9,9,0,Jardim Europa//school,0.5461783439490446,0.6666666666666666
9,9,0,Jardim Europa//marketplace,nan,nan
9,9,0,Jardim Europa//pharmacy,nan,nan
9,9,0,Jardim Europa//gas_station,nan,nan
9,9,0,Jardim Europa//shopping_mall,nan,nan
9,9,0,Jardim Floresta//home,0.36213991769547327,0.39780521262002744
9,9,0,Jardim Floresta//work,0.4117647058823529,0.6666666666666666
9,9,0,Jardim Floresta//school,0.55,0.6666666666666666
9,9,0,Jardim Floresta//marketplace,nan,nan
9,9,0,Jardim Floresta//pharmacy,nan,nan
9,9,0,Jardim Floresta//gas_station,nan,nan
9,9,0,Jardim Isabel//home,0.3868700265251989,0.35048629531388154
9,9,0,Jardim Isabel//work,0.4419672131147541,0.6666666666666666
9,9,0,Jardim Isabel//school,0.625,0.6666666666666666
9,9,0,Jardim Isabel//marketplace,nan,nan
9,9,0,Jardim Isabel//pharmacy,nan,nan
9,9,0,Jardim Isabel//gas_station,nan,nan
9,9,0,Jardim Itú//home,0.29694873230424695,0.32349569436668535
9,9,0,Jardim Itú//work,0.4079591836734694,0.6666666666666666
9,9,0,Jardim Itú//school,0.4772727272727273,0.6666666666666666
9,9,0,Jardim Itú//marketplace,nan,nan
9,9,0,Jardim Itú//pharmacy,nan,nan
9,9,0,Jardim Itú//gas_station,nan,nan
9,9,0,Jardim Lindóia//home,0.37913113006396587,0.19971570717839374
9,9,0,Jardim Lindóia//work,0.41,0.6666666666666666
9,9,0,Jardim Lindóia//school,0.75,0.6666666666666666
9,9,0,Jardim Lindóia//marketplace,nan,nan
9,9,0,Jardim Lindóia//pharmacy,nan,nan
9,9,0,Jardim Lindóia//gas_station,nan,nan
9,9,0,Jardim Lindóia//shopping_mall,nan,nan
9,9,0,Jardim Sabará//home,0.27702702702702703,0.2502252252252252
9,9,0,Jardim Sabará//work,0.44903225806451613,0.6666666666666666
9,9,0,Jardim Sabará//school,0.5465599051008304,0.6666666666666666
9,9,0,Jardim Sabará//marketplace,nan,nan
9,9,0,Jardim Sabará//pharmacy,nan,nan
9,9,0,Jardim Sabará//gas_station,nan,nan
9,9,0,Jardim São Pedro//home,0.25845210473980773,0.1915810407689758
9,9,0,Jardim São Pedro//work,0.4425,0.6666666666666666
9,9,0,Jardim São Pedro//school,0.5625,0.6666666666666666
9,9,0,Jardim São Pedro//marketplace,nan,nan
9,9,0,Jardim São Pedro//pharmacy,nan,nan
9,9,0,Jardim São Pedro//gas_station,nan,nan
9,9,0,Lageado//home,0.3178205581066761,0.19710349699752738
9,9,0,Lageado//work,0.4764705882352941,0.6666666666666666
9,9,0,Lageado//school,0.5681818181818182,0.6666666666666666
9,9,0,Lageado//marketplace,nan,nan
9,9,0,Lageado//pharmacy,nan,nan
9,9,0,Lageado//gas_station,nan,nan
9,9,0,Lami//home,0.2549358341559724,0.36678732039047934
9,9,0,Lami//work,0.44555555555555554,0.6666666666666666
9,9,0,Lami//school,0.75,0.6666666666666666
9,9,0,Lami//marketplace,nan,nan
9,9,0,Lami//pharmacy,nan,nan
9,9,0,Lami//gas_station,nan,nan
9,9,0,Lomba do Pinheiro//home,0.2892636457260556,0.34525308006255484
9,9,0,Lomba do Pinheiro//work,0.4573563218390805,0.6666666666666666
9,9,0,Lomba do Pinheiro//school,0.48711980136561145,0.6666666666666666
9,9,0,Lomba do Pinheiro//marketplace,nan,nan
9,9,0,Lomba do Pinheiro//pharmacy,nan,nan
9,9,0,Lomba do Pinheiro//gas_station,nan,nan
9,9,0,Mário Quintana//home,0.34029628468411977,0.3535036839630036
9,9,0,Mário Quintana//work,0.45887755102040817,0.6666666666666666
9,9,0,Mário Quintana//school,0.4722222222222222,0.6666666666666666
9,9,0,Mário Quintana//marketplace,nan,nan
9,9,0,Mário Quintana//pharmacy,nan,nan
9,9,0,Mário Quintana//gas_station,nan,nan
9,9,0,Medianeira//home,0.2974855986299237,0.3030774819658519
9,9,0,Medianeira//work,0.4371311475409836,0.6666666666666666
9,9,0,Medianeira//school,0.5833333333333334,0.6666666666666666
9,9,0,Medianeira//marketplace,nan,nan
9,9,0,Medianeira//pharmacy,nan,nan
9,9,0,Medianeira//gas_station,nan,nan
9,9,0,Menino Deus//home,0.3526530612244898,0.27
9,9,0,Menino Deus//work,0.42323529411764704,0.6666666666666666
9,9,0,Menino Deus//school,0.65,0.6666666666666666
9,9,0,Menino Deus//marketplace,nan,nan
9,9,0,Menino Deus//pharmacy,nan,nan
9,9,0,Menino Deus//gas_station,nan,nan
9,9,0,Menino Deus//hospital,nan,nan
9,9,0,Moinhos de Vento//home,0.25178639785632256,0.15788354387308068
9,9,0,Moinhos de Vento//work,0.39098591549295775,0.6666666666666666
9,9,0,Moinhos de Vento//school,0.4318181818181818,0.6666666666666666
9,9,0,Moinhos de Vento//marketplace,nan,nan
9,9,0,Moinhos de Vento//pharmacy,nan,nan
9,9,0,Moinhos de Vento//gas_station,nan,nan
9,9,0,Moinhos de Vento//hospital,nan,nan
9,9,0,Moinhos de Vento//shopping_mall,nan,nan
9,9,0,Mont'Serrat//home,0.42621293800539084,0.2722371967654987
9,9,0,Mont'Serrat//work,0.4317543859649123,0.6666666666666666
9,9,0,Mont'Serrat//school,0.5,0.6666666666666666
9,9,0,Mont'Serrat//marketplace,nan,nan
9,9,0,Mont'Serrat//pharmacy,nan,nan
9,9,0,Mont'Serrat//gas_station,nan,nan
9,9,0,Morro Santana//home,0.30322667143367893,0.37099273030628055
9,9,0,Morro Santana//work,0.4563736263736264,0.6666666666666666
9,9,0,Morro Santana//school,0.508220502901354,0.6666666666666666
9,9,0,Morro Santana//marketplace,nan,nan
9,9,0,Morro Santana//pharmacy,nan,nan
9,9,0,Morro Santana//gas_station,nan,nan
9,9,0,Navegantes//home,0.18591014205483977,0.13985243915868295
9,9,0,Navegantes//work,0.4166666666666667,0.6666666666666666
9,9,0,Navegantes//school,0.5729974160206718,0.6666666666666666
9,9,0,Navegantes//marketplace,nan,nan
9,9,0,Navegantes//pharmacy,nan,nan
9,9,0,Navegantes//gas_station,nan,nan
9,9,0,Navegantes//shopping_mall,nan,nan
9,9,0,Nonoai//home,0.39996127033307516,0.34014975471210945
9,9,0,Nonoai//work,0.43363636363636365,0.6666666666666666
9,9,0,Nonoai//school,0.575,0.6666666666666666
9,9,0,Nonoai//marketplace,nan,nan
9,9,0,Nonoai//pharmacy,nan,nan
9,9,0,Nonoai//gas_station,nan,nan
9,9,0,Parque Santa Fé//home,0.3247143716175586,0.31348967729003807
9,9,0,Parque Santa Fé//work,0.44529411764705884,0.6666666666666666
9,9,0,Parque Santa Fé//school,0.5277777777777778,0.6666666666666666
9,9,0,Parque Santa Fé//marketplace,nan,nan
9,9,0,Parque Santa Fé//pharmacy,nan,nan
9,9,0,Parque Santa Fé//gas_station,nan,nan
9,9,0,Partenon//home,0.2909090909090909,0.3777935606060606
9,9,0,Partenon//work,0.41864864864864865,0.6666666666666666
9,9,0,Partenon//school,0.5741758241758241,0.6666666666666666
9,9,0,Partenon//marketplace,nan,nan
9,9,0,Partenon//pharmacy,nan,nan
9,9,0,Partenon//gas_station,nan,nan
9,9,0,Passo D'Areia//home,0.18320150154176162,0.3677883541135988
9,9,0,Passo D'Areia//work,0.4078181818181818,0.6666666666666666
9,9,0,Passo D'Areia//school,0.4868421052631579,0.6666666666666666
9,9,0,Passo D'Areia//marketplace,nan,nan
9,9,0,Passo D'Areia//pharmacy,nan,nan
9,9,0,Passo D'Areia//gas_station,nan,nan
9,9,0,Passo das Pedras//home,0.3163065961847851,0.3118823259020915
9,9,0,Passo das Pedras//work,0.4237121212121212,0.6666666666666666
9,9,0,Passo das Pedras//school,0.5,0.6666666666666666
9,9,0,Passo das Pedras//marketplace,nan,nan
9,9,0,Passo das Pedras//pharmacy,nan,nan
9,9,0,Passo das Pedras//gas_station,nan,nan
9,9,0,Pedra Redonda//home,0.30656934306569344,0.22384428223844283
9,9,0,Pedra Redonda//work,0.4273529411764706,0.6666666666666666
9,9,0,Pedra Redonda//school,0.35,0.6666666666666666
9,9,0,Pedra Redonda//marketplace,nan,nan
9,9,0,Pedra Redonda//pharmacy,nan,nan
9,9,0,Pedra Redonda//gas_station,nan,nan
9,9,0,Petrópolis//home,0.3448261309925726,0.3129923475129417
9,9,0,Petrópolis//work,0.42470588235294116,0.6666666666666666
9,9,0,Petrópolis//school,0.55,0.6666666666666666
9,9,0,Petrópolis//marketplace,nan,nan
9,9,0,Petrópolis//pharmacy,nan,nan
9,9,0,Petrópolis//gas_station,nan,nan
9,9,0,Pitinga//home,0.33752584424534804,0.22834826556397886
9,9,0,Pitinga//work,0.4941025641025641,0.6666666666666666
9,9,0,Pitinga//school,0.5357142857142857,0.6666666666666666
9,9,0,Pitinga//marketplace,nan,nan
9,9,0,Pitinga//pharmacy,nan,nan
9,9,0,Pitinga//gas_station,nan,nan
9,9,0,Ponta Grossa//home,0.2737819025522042,0.17298272750708946
9,9,0,Ponta Grossa//work,0.4507792207792208,0.6666666666666666
9,9,0,Ponta Grossa//school,0.5172253258845437,0.6666666666666666
9,9,0,Ponta Grossa//marketplace,nan,nan
9,9,0,Ponta Grossa//pharmacy,nan,nan
9,9,0,Ponta Grossa//gas_station,nan,nan
9,9,0,Praia de Belas//home,0.30388634879163945,0.22033529283692577
9,9,0,Praia de Belas//work,0.41475,0.6666666666666666
9,9,0,Praia de Belas//school,0.5277777777777778,0.6666666666666666
9,9,0,Praia de Belas//marketplace,nan,nan
9,9,0,Praia de Belas//pharmacy,nan,nan
9,9,0,Praia de Belas//gas_station,nan,nan
9,9,0,Praia de Belas//stadium,nan,nan
9,9,0,Praia de Belas//shopping_mall,nan,nan
9,9,0,Restinga//home,0.40446177096929314,0.37606191751963547
9,9,0,Restinga//work,0.4465811965811966,0.6666666666666666
9,9,0,Restinga//school,0.45,0.6666666666666666
9,9,0,Restinga//marketplace,nan,nan
9,9,0,Restinga//pharmacy,nan,nan
9,9,0,Restinga//gas_station,nan,nan
9,9,0,Restinga//hospital,nan,nan
9,9,0,Rio Branco//home,0.3215675938691104,0.2762144189441246
9,9,0,Rio Branco//work,0.39604395604395604,0.6666666666666666
9,9,0,Rio Branco//school,0.6071428571428571,0.6666666666666666
9,9,0,Rio Branco//marketplace,nan,nan
9,9,0,Rio Branco//pharmacy,nan,nan
9,9,0,Rio Branco//gas_station,nan,nan
9,9,0,Rio Branco//hospital,nan,nan
9,9,0,Rubem Berta//home,0.24110024681982153,0.3288399468388077
9,9,0,Rubem Berta//work,0.41868421052631577,0.6666666666666666
9,9,0,Rubem Berta//school,0.5833333333333334,0.6666666666666666
9,9,0,Rubem Berta//marketplace,nan,nan
9,9,0,Rubem Berta//pharmacy,nan,nan
9,9,0,Rubem Berta//gas_station,nan,nan
9,9,0,Santa Cecília//home,0.2613478462251042,0.3029180176007411
9,9,0,Santa Cecília//work,0.4303030303030303,0.6666666666666666
9,9,0,Santa Cecília//school,0.5552970651395849,0.6666666666666666
9,9,0,Santa Cecília//marketplace,nan,nan
9,9,0,Santa Cecília//pharmacy,nan,nan
9,9,0,Santa Cecília//gas_station,nan,nan
9,9,0,Santa Cecília//hospital,nan,nan
9,9,0,Santa Maria Goretti//home,0.470125786163522,0.37409736780805963
9,9,0,Santa Maria Goretti//work,0.4096923076923077,0.6666666666666666
9,9,0,Santa Maria Goretti//school,0.55,0.6666666666666666
9,9,0,Santa Maria Goretti//marketplace,nan,nan
9,9,0,Santa Maria Goretti//pharmacy,nan,nan
9,9,0,Santa Maria Goretti//gas_station,nan,nan
9,9,0,Santa Rosa de Lima//home,0.3359238468463698,0.3268195378559198
9,9,0,Santa Rosa de Lima//work,0.4329896907216495,0.6666666666666666
9,9,0,Santa Rosa de Lima//school,0.5,0.6666666666666666
9,9,0,Santa Rosa de Lima//marketplace,nan,nan
9,9,0,Santa Rosa de Lima//pharmacy,nan,nan
9,9,0,Santa Rosa de Lima//gas_station,nan,nan
9,9,0,Santa Tereza//home,0.3022740180872908,0.393289352964306
9,9,0,Santa Tereza//work,0.41578125,0.6666666666666666
9,9,0,Santa Tereza//school,0.4523809523809524,0.6666666666666666
9,9,0,Santa Tereza//marketplace,nan,nan
9,9,0,Santa Tereza//pharmacy,nan,nan
9,9,0,Santa Tereza//gas_station,nan,nan
9,9,0,Santana//home,0.32530458826579106,0.24297934848353928
9,9,0,Santana//work,0.40563636363636363,0.6666666666666666
9,9,0,Santana//school,0.4375,0.6666666666666666
9,9,0,Santana//marketplace,nan,nan
9,9,0,Santana//pharmacy,nan,nan
9,9,0,Santana//gas_station,nan,nan
9,9,0,Santana//hospital,nan,nan
9,9,0,Santo Antônio//home,0.32764360681638643,0.30560884775984654
9,9,0,Santo Antônio//work,0.4309210526315789,0.6666666666666666
9,9,0,Santo Antônio//school,0.69449378330373,0.6666666666666666
9,9,0,Santo Antônio//marketplace,nan,nan
9,9,0,Santo Antônio//pharmacy,nan,nan
9,9,0,Santo Antônio//gas_station,nan,nan
9,9,0,São Caetano//home,0.28231597845601436,0.06223818073010173
9,9,0,São Caetano//work,0.4311111111111111,0.6666666666666666
9,9,0,São Caetano//school,0.5833333333333334,0.6666666666666666
9,9,0,São Caetano//marketplace,nan,nan
9,9,0,São Caetano//pharmacy,nan,nan
9,9,0,São Caetano//gas_station,nan,nan
9,9,0,São Geraldo//home,0.31592149269494807,0.22050108548964384
9,9,0,São Geraldo//work,0.4103448275862069,0.6666666666666666
9,9,0,São Geraldo//school,0.6590909090909091,0.6666666666666666
9,9,0,São Geraldo//marketplace,nan,nan
9,9,0,São Geraldo//pharmacy,nan,nan
9,9,0,São Geraldo//gas_station,nan,nan
9,9,0,São João//home,0.3640759312320917,0.29473097739573384
9,9,0,São João//work,0.42102564102564105,0.6666666666666666
9,9,0,São João//school,0.5,0.6666666666666666
9,9,0,São João//marketplace,nan,nan
9,9,0,São João//pharmacy,nan,nan
9,9,0,São João//gas_station,nan,nan
9,9,0,São João//shopping_mall,nan,nan
9,9,0,São Sebastião//home,0.25715249662618084,0.3672514619883041
9,9,0,São Sebastião//work,0.4322033898305085,0.6666666666666666
9,9,0,São Sebastião//school,0.6052578156719448,0.6666666666666666
9,9,0,São Sebastião//marketplace,nan,nan
9,9,0,São Sebastião//pharmacy,nan,nan
9,9,0,São Sebastião//gas_station,nan,nan
9,9,0,São Sebastião//shopping_mall,nan,nan
9,9,0,Sarandi//home,0.35085499413800003,0.286046533794668
9,9,0,Sarandi//work,0.42963636363636365,0.6666666666666666
9,9,0,Sarandi//school,0.41,0.6666666666666666
9,9,0,Sarandi//marketplace,nan,nan
9,9,0,Sarandi//pharmacy,nan,nan
9,9,0,Sarandi//gas_station,nan,nan
9,9,0,Sarandi//shopping_mall,nan,nan
9,9,0,Serraria//home,0.25844178684488217,0.34681674287724235
9,9,0,Serraria//work,0.4541818181818182,0.6666666666666666
9,9,0,Serraria//school,0.6,0.6666666666666666
9,9,0,Serraria//marketplace,nan,nan
9,9,0,Serraria//pharmacy,nan,nan
9,9,0,Serraria//gas_station,nan,nan
9,9,0,Sétimo Céu//home,0.2453660797034291,0.4275563793636083
9,9,0,Sétimo Céu//work,0.4238235294117647,0.6666666666666666
9,9,0,Sétimo Céu//school,0.4166666666666667,0.6666666666666666
9,9,0,Sétimo Céu//marketplace,nan,nan
9,9,0,Sétimo Céu//pharmacy,nan,nan
9,9,0,Sétimo Céu//gas_station,nan,nan
9,9,0,Teresópolis//home,0.25133540105108987,0.2454266103787944
9,9,0,Teresópolis//work,0.4336144578313253,0.6666666666666666
9,9,0,Teresópolis//school,0.5249842866121935,0.6666666666666666
9,9,0,Teresópolis//marketplace,nan,nan
9,9,0,Teresópolis//pharmacy,nan,nan
9,9,0,Teresópolis//gas_station,nan,nan
9,9,0,Teresópolis//hospital,nan,nan
9,9,0,Três Figueiras//home,0.28599348534201957,0.4015200868621064
9,9,0,Três Figueiras//work,0.41908045977011493,0.6666666666666666
9,9,0,Três Figueiras//school,0.5192307692307693,0.6666666666666666
9,9,0,Três Figueiras//marketplace,nan,nan
9,9,0,Três Figueiras//pharmacy,nan,nan
9,9,0,Três Figueiras//gas_station,nan,nan
9,9,0,Três Figueiras//shopping_mall,nan,nan
9,9,0,Tristeza//home,0.2665400296515938,0.3169631826043983
9,9,0,Tristeza//work,0.4353448275862069,0.6666666666666666
9,9,0,Tristeza//school,0.75,0.6666666666666666
9,9,0,Tristeza//marketplace,nan,nan
9,9,0,Tristeza//pharmacy,nan,nan
9,9,0,Tristeza//gas_station,nan,nan
9,9,0,Vila Assunção//home,0.2940751445086705,0.08285163776493257
9,9,0,Vila Assunção//work,0.42775,0.6666666666666666
9,9,0,Vila Assunção//school,0.6071428571428571,0.6666666666666666
9,9,0,Vila Assunção//marketplace,nan,nan
9,9,0,Vila Assunção//pharmacy,nan,nan
9,9,0,Vila Assunção//gas_station,nan,nan
9,9,0,Vila Assunção//hospital,nan,nan
9,9,0,Vila Conceição//home,0.23072646404744254,0.2213985668396343
9,9,0,Vila Conceição//work,0.42148936170212764,0.6666666666666666
9,9,0,Vila Conceição//school,0.55,0.6666666666666666
9,9,0,Vila Conceição//marketplace,nan,nan
9,9,0,Vila Conceição//pharmacy,nan,nan
9,9,0,Vila Conceição//gas_station,nan,nan
9,9,0,Vila Ipiranga//home,0.3083136990912151,0.4184337484573096
9,9,0,Vila Ipiranga//work,0.4277142857142857,0.6666666666666666
9,9,0,Vila Ipiranga//school,0.4423076923076923,0.6666666666666666
9,9,0,Vila Ipiranga//marketplace,nan,nan
9,9,0,Vila Ipiranga//pharmacy,nan,nan
9,9,0,Vila Ipiranga//gas_station,nan,nan
9,9,0,Vila Jardim//home,0.4102259596867377,0.3826764240167758
9,9,0,Vila Jardim//work,0.4088157894736842,0.6666666666666666
9,9,0,Vila Jardim//school,0.75,0.6666666666666666
9,9,0,Vila Jardim//marketplace,nan,nan
9,9,0,Vila Jardim//pharmacy,nan,nan
9,9,0,Vila Jardim//gas_station,nan,nan
9,9,0,Vila João Pessoa//home,0.2786804181972309,0.375341433549967
9,9,0,Vila João Pessoa//work,0.43416666666666665,0.6666666666666666
9,9,0,Vila João Pessoa//school,0.5,0.6666666666666666
9,9,0,Vila João Pessoa//marketplace,nan,nan
9,9,0,Vila João Pessoa//pharmacy,nan,nan
9,9,0,Vila João Pessoa//gas_station,nan,nan
9,9,0,Vila Nova//home,0.3180864456567352,0.39739823751573644
9,9,0,Vila Nova//work,0.41755555555555557,0.6666666666666666
9,9,0,Vila Nova//school,0.55,0.6666666666666666
9,9,0,Vila Nova//marketplace,nan,nan
9,9,0,Vila Nova//pharmacy,nan,nan
9,9,0,Vila Nova//gas_station,nan,nan
9,9,0,Vila Nova//hospital,nan,nan
9,9,0,São José//home,0.3670652173913043,0.36280193236714975
9,9,0,São José//work,0.4585185185185185,0.6666666666666666
9,9,0,São José//school,0.5416666666666666,0.6666666666666666
9,9,0,São José//marketplace,nan,nan
9,9,0,São José//pharmacy,nan,nan
9,9,0,São José//gas_station,nan,nan
10,10,0,Aberta dos Morros//home,0.24648274346010113,0.11284531398842236
10,10,0,Aberta dos Morros//work,0.449375,0.6666666666666666
10,10,0,Aberta dos Morros//school,0.48333333333333334,0.6666666666666666
10,10,0,Aberta dos Morros//marketplace,nan,nan
10,10,0,Aberta dos Morros//pharmacy,nan,nan
10,10,0,Aberta dos Morros//gas_station,nan,nan
10,10,0,Agronomia//home,0.3337937384898711,0.4407612031921424
10,10,0,Agronomia//work,0.44902439024390245,0.6666666666666666
10,10,0,Agronomia//school,0.5576923076923077,0.6666666666666666
10,10,0,Agronomia//marketplace,nan,nan
10,10,0,Agronomia//pharmacy,nan,nan
10,10,0,Agronomia//gas_station,nan,nan
10,10,0,Anchieta//home,0.4022346368715084,0.1824953445065177
10,10,0,Anchieta//work,0.43069444444444444,0.6666666666666666
10,10,0,Anchieta//school,0.55,0.6666666666666666
10,10,0,Anchieta//marketplace,nan,nan
10,10,0,Anchieta//pharmacy,nan,nan
10,10,0,Anchieta//gas_station,nan,nan
10,10,0,Arquipélago//home,0.30809443507588535,0.37785272625070265
10,10,0,Arquipélago//work,0.4735483870967742,0.6666666666666666
10,10,0,Arquipélago//school,0.625,0.6666666666666666
10,10,0,Arquipélago//marketplace,nan,nan
10,10,0,Arquipélago//pharmacy,nan,nan
10,10,0,Arquipélago//gas_station,nan,nan
10,10,0,Auxiliadora//home,0.29406461849127363,0.18837444107889803
10,10,0,Auxiliadora//work,0.4385294117647059,0.6666666666666666
10,10,0,Auxiliadora//school,0.4375,0.6666666666666666
10,10,0,Auxiliadora//marketplace,nan,nan
10,10,0,Auxiliadora//pharmacy,nan,nan
10,10,0,Auxiliadora//gas_station,nan,nan
10,10,0,Azenha//home,0.3080198722498226,0.2936676918224115
10,10,0,Azenha//work,0.41155555555555556,0.6666666666666666
10,10,0,Azenha//school,0.5681818181818182,0.6666666666666666
10,10,0,Azenha//marketplace,nan,nan
10,10,0,Azenha//pharmacy,nan,nan
10,10,0,Azenha//gas_station,nan,nan
10,10,0,Azenha//hospital,nan,nan
10,10,0,Azenha//shopping_mall,nan,nan
10,10,0,Bela Vista//home,0.4444036329638039,0.3656115043853791
10,10,0,Bela Vista//work,0.4107594936708861,0.6666666666666666
10,10,0,Bela Vista//school,0.5357142857142857,0.6666666666666666
10,10,0,Bela Vista//marketplace,nan,nan
10,10,0,Bela Vista//pharmacy,nan,nan
10,10,0,Bela Vista//gas_station,nan,nan
10,10,0,Belém Novo//home,0.2487378640776699,0.31029126213592234
10,10,0,Belém Novo//work,0.4395774647887324,0.6666666666666666
10,10,0,Belém Novo//school,0.6785714285714286,0.6666666666666666
10,10,0,Belém Novo//marketplace,nan,nan
10,10,0,Belém Novo//pharmacy,nan,nan
10,10,0,Belém Novo//gas_station,nan,nan
10,10,0,Belém Velho//home,0.33173679498657116,0.2795583407937929
10,10,0,Belém Velho//work,0.4630379746835443,0.6666666666666666
10,10,0,Belém Velho//school,0.5269145394006659,0.6666666666666666
10,10,0,Belém Velho//marketplace,nan,nan
10,10,0,Belém Velho//pharmacy,nan,nan
10,10,0,Belém Velho//gas_station,nan,nan
10,10,0,Boa Vista//home,0.3662549500282859,0.2618643535105915
10,10,0,Boa Vista//work,0.42207920792079207,0.6666666666666666
10,10,0,Boa Vista//school,0.6666666666666666,0.6666666666666666
10,10,0,Boa Vista//marketplace,nan,nan
10,10,0,Boa Vista//pharmacy,nan,nan
10,10,0,Boa Vista//gas_station,nan,nan
10,10,0,Boa Vista do Sul//home,0.39285714285714285,0.33956916099773243
10,10,0,Boa Vista do Sul//work,0.4482051282051282,0.6666666666666666
10,10,0,Boa Vista do Sul//school,0.504323499491353,0.6666666666666666
10,10,0,Boa Vista do Sul//marketplace,nan,nan
10,10,0,Boa Vista do Sul//pharmacy,nan,nan
10,10,0,Boa Vista do Sul//gas_station,nan,nan
10,10,0,Bom Fim//home,0.3214852270473924,0.29717760592240067
10,10,0,Bom Fim//work,0.43098039215686273,0.6666666666666666
10,10,0,Bom Fim//school,0.625,0.6666666666666666
10,10,0,Bom Fim//marketplace,nan,nan
10,10,0,Bom Fim//pharmacy,nan,nan
10,10,0,Bom Fim//gas_station,nan,nan
10,10,0,Bom Jesus//home,0.38798882681564245,0.32849162011173183
10,10,0,Bom Jesus//work,0.44525862068965516,0.6666666666666666
10,10,0,Bom Jesus//school,0.4772727272727273,0.6666666666666666
10,10,0,Bom Jesus//marketplace,nan,nan
10,10,0,Bom Jesus//pharmacy,nan,nan
10,10,0,Bom Jesus//gas_station,nan,nan
10,10,0,Camaquã//home,0.2720764917901482,0.36670671472433586
10,10,0,Camaquã//work,0.46530303030303033,0.6666666666666666
10,10,0,Camaquã//school,0.4807692307692308,0.6666666666666666
10,10,0,Camaquã//marketplace,nan,nan
10,10,0,Camaquã//pharmacy,nan,nan
10,10,0,Camaquã//gas_station,nan,nan
10,10,0,Campo Novo//home,0.2658788774002954,0.25295420974889216
10,10,0,Campo Novo//work,0.4561290322580645,0.6666666666666666
10,10,0,Campo Novo//school,0.5357142857142857,0.6666666666666666
10,10,0,Campo Novo//marketplace,nan,nan
10,10,0,Campo Novo//pharmacy,nan,nan
10,10,0,Campo Novo//gas_station,nan,nan
10,10,0,Cascata//home,0.36809996085084173,0.21427639305754925
10,10,0,Cascata//work,0.44642857142857145,0.6666666666666666
10,10,0,Cascata//school,0.4642857142857143,0.6666666666666666
10,10,0,Cascata//marketplace,nan,nan
10,10,0,Cascata//pharmacy,nan,nan
10,10,0,Cascata//gas_station,nan,nan
10,10,0,Cavalhada//home,0.3121344501408044,0.3190603413002142
10,10,0,Cavalhada//work,0.4241333333333333,0.6666666666666666
10,10,0,Cavalhada//school,0.5930232558139535,0.6666666666666666
10,10,0,Cavalhada//marketplace,nan,nan
10,10,0,Cavalhada//pharmacy,nan,nan
10,10,0,Cavalhada//gas_station,nan,nan
10,10,0,Cavalhada//shopping_mall,nan,nan
10,10,0,Centro Histórico//home,0.30382841695157825,0.25109326548461475
10,10,0,Centro Histórico//work,0.4190384615384615,0.6666666666666666
10,10,0,Centro Histórico//school,0.5357142857142857,0.6666666666666666
10,10,0,Centro Histórico//marketplace,nan,nan
10,10,0,Centro Histórico//pharmacy,nan,nan
10,10,0,Centro Histórico//gas_station,nan,nan
10,10,0,Centro Histórico//hospital,nan,nan
10,10,0,Centro Histórico//shopping_mall,nan,nan
10,10,0,Chácara das Pedras//home,0.32520143240823635,0.22545508803342285
10,10,0,Chácara das Pedras//work,0.4291891891891892,0.6666666666666666
10,10,0,Chácara das Pedras//school,0.3517915309446254,0.6666666666666666
10,10,0,Chácara das Pedras//marketplace,nan,nan
10,10,0,Chácara das Pedras//pharmacy,nan,nan
10,10,0,Chácara das Pedras//gas_station,nan,nan
10,10,0,Chapéu do Sol//home,0.25293718933574333,0.38168398855249286
10,10,0,Chapéu do Sol//work,0.4757142857142857,0.6666666666666666
10,10,0,Chapéu do Sol//school,0.5277777777777778,0.6666666666666666
10,10,0,Chapéu do Sol//marketplace,nan,nan
10,10,0,Chapéu do Sol//pharmacy,nan,nan
10,10,0,Chapéu do Sol//gas_station,nan,nan
10,10,0,Cidade Baixa//home,0.2540326003905255,0.16956730905283415
10,10,0,Cidade Baixa//work,0.39370629370629373,0.6666666666666666
10,10,0,Cidade Baixa//school,0.5277777777777778,0.6666666666666666
10,10,0,Cidade Baixa//marketplace,nan,nan
10,10,0,Cidade Baixa//pharmacy,nan,nan
10,10,0,Cidade Baixa//gas_station,nan,nan
10,10,0,Cel. Aparício Borges//home,0.33329328078438913,0.25614406100804255
10,10,0,Cel. Aparício Borges//work,0.4337068965517241,0.6666666666666666
10,10,0,Cel. Aparício Borges//school,0.5416666666666666,0.6666666666666666
10,10,0,Cel. Aparício Borges//marketplace,nan,nan
10,10,0,Cel. Aparício Borges//pharmacy,nan,nan
10,10,0,Cel. Aparício Borges//gas_station,nan,nan
10,10,0,Costa e Silva//home,0.3344711872251794,0.27393350304713415
10,10,0,Costa e Silva//work,0.4318085106382979,0.6666666666666666
10,10,0,Costa e Silva//school,0.5166666666666667,0.6666666666666666
10,10,0,Costa e Silva//marketplace,nan,nan
10,10,0,Costa e Silva//pharmacy,nan,nan
10,10,0,Costa e Silva//gas_station,nan,nan
10,10,0,Cristal//home,0.3547567636225073,0.33388373766882595
10,10,0,Cristal//work,0.42023809523809524,0.6666666666666666
10,10,0,Cristal//school,0.5192307692307693,0.6666666666666666
10,10,0,Cristal//marketplace,nan,nan
10,10,0,Cristal//pharmacy,nan,nan
10,10,0,Cristal//gas_station,nan,nan
10,10,0,Cristo Redentor//home,0.4319202695115104,0.37454613513007673
10,10,0,Cristo Redentor//work,0.475,0.6666666666666666
10,10,0,Cristo Redentor//school,0.75,0.6666666666666666
10,10,0,Cristo Redentor//marketplace,nan,nan
10,10,0,Cristo Redentor//pharmacy,nan,nan
10,10,0,Cristo Redentor//gas_station,nan,nan
10,10,0,Cristo Redentor//hospital,nan,nan
10,10,0,Cristo Redentor//shopping_mall,nan,nan
10,10,0,Espírito Santo//home,0.29545454545454547,0.30896805896805896
10,10,0,Espírito Santo//work,0.44355555555555554,0.6666666666666666
10,10,0,Espírito Santo//school,0.5,0.6666666666666666
10,10,0,Espírito Santo//marketplace,nan,nan
10,10,0,Espírito Santo//pharmacy,nan,nan
10,10,0,Espírito Santo//gas_station,nan,nan
10,10,0,Extrema//home,0.2736326806212019,0.07112311501237903
10,10,0,Extrema//work,0.4536842105263158,0.6666666666666666
10,10,0,Extrema//school,0.75,0.6666666666666666
10,10,0,Extrema//marketplace,nan,nan
10,10,0,Extrema//pharmacy,nan,nan
10,10,0,Extrema//gas_station,nan,nan
10,10,0,Farrapos//home,0.4130407911001236,0.3710754017305315
10,10,0,Farrapos//work,0.455,0.6666666666666666
10,10,0,Farrapos//school,0.6785714285714286,0.6666666666666666
10,10,0,Farrapos//marketplace,nan,nan
10,10,0,Farrapos//pharmacy,nan,nan
10,10,0,Farrapos//gas_station,nan,nan
10,10,0,Farrapos//stadium,nan,nan
10,10,0,Farroupilha//home,0.1678082191780822,0.19569471624266144
10,10,0,Farroupilha//work,0.40382978723404256,0.6666666666666666
10,10,0,Farroupilha//school,0.45,0.6666666666666666
10,10,0,Farroupilha//marketplace,nan,nan
10,10,0,Farroupilha//pharmacy,nan,nan
10,10,0,Farroupilha//gas_station,nan,nan
10,10,0,Farroupilha//hospital,nan,nan
10,10,0,Floresta//home,0.35909534656687275,0.36815272806161187
10,10,0,Floresta//work,0.39623762376237626,0.6666666666666666
10,10,0,Floresta//school,0.5833333333333334,0.6666666666666666
10,10,0,Floresta//marketplace,nan,nan
10,10,0,Floresta//pharmacy,nan,nan
10,10,0,Floresta//gas_station,nan,nan
10,10,0,Glória//home,0.27555492316448493,0.35955226712198823
10,10,0,Glória//work,0.4370212765957447,0.6666666666666666
10,10,0,Glória//school,0.5153223666755108,0.6666666666666666
10,10,0,Glória//marketplace,nan,nan
10,10,0,Glória//pharmacy,nan,nan
10,10,0,Glória//gas_station,nan,nan
10,10,0,Glória//hospital,nan,nan
10,10,0,Guarujá//home,0.31524008350730687,0.4019948967756901
10,10,0,Guarujá//work,0.4493617021276596,0.6666666666666666
10,10,0,Guarujá//school,0.5833333333333334,0.6666666666666666
10,10,0,Guarujá//marketplace,nan,nan
10,10,0,Guarujá//pharmacy,nan,nan
10,10,0,Guarujá//gas_station,nan,nan
10,10,0,Higienópolis//home,0.306838768115942,0.29740338164251207
10,10,0,Higienópolis//work,0.42507936507936506,0.6666666666666666
10,10,0,Higienópolis//school,0.625,0.6666666666666666
10,10,0,Higienópolis//marketplace,nan,nan
10,10,0,Higienópolis//pharmacy,nan,nan
10,10,0,Higienópolis//gas_station,nan,nan
10,10,0,Hípica//home,0.381521242576519,0.36418455915943354
10,10,0,Hípica//work,0.4469642857142857,0.6666666666666666
10,10,0,Hípica//school,0.4264705882352941,0.6666666666666666
10,10,0,Hípica//marketplace,nan,nan
10,10,0,Hípica//pharmacy,nan,nan
10,10,0,Hípica//gas_station,nan,nan
10,10,0,Humaitá//home,0.33622305529522023,0.3344788087056128
10,10,0,Humaitá//work,0.4270731707317073,0.6666666666666666
10,10,0,Humaitá//school,0.4375,0.6666666666666666
10,10,0,Humaitá//marketplace,nan,nan
10,10,0,Humaitá//pharmacy,nan,nan
10,10,0,Humaitá//gas_station,nan,nan
10,10,0,Independência//home,0.30768470960094824,0.21572500987751878
10,10,0,Independência//work,0.38448979591836735,0.6666666666666666
10,10,0,Independência//school,0.5,0.6666666666666666
10,10,0,Independência//marketplace,nan,nan
10,10,0,Independência//pharmacy,nan,nan
10,10,0,Independência//gas_station,nan,nan
10,10,0,Independência//hospital,nan,nan
10,10,0,Independência//shopping_mall,nan,nan
10,10,0,Ipanema//home,0.3357006445452375,0.2944218986233787
10,10,0,Ipanema//work,0.46228070175438596,0.6666666666666666
10,10,0,Ipanema//school,0.5625,0.6666666666666666
10,10,0,Ipanema//marketplace,nan,nan
10,10,0,Ipanema//pharmacy,nan,nan
10,10,0,Ipanema//gas_station,nan,nan
10,10,0,Jardim Botânico//home,0.31443465872296333,0.3324267150196434
10,10,0,Jardim Botânico//work,0.4278651685393258,0.6666666666666666
10,10,0,Jardim Botânico//school,0.55,0.6666666666666666
10,10,0,Jardim Botânico//marketplace,nan,nan
10,10,0,Jardim Botânico//pharmacy,nan,nan
10,10,0,Jardim Botânico//gas_station,nan,nan
10,10,0,Jardim Botânico//hospital,nan,nan
10,10,0,Jardim Botânico//shopping_mall,nan,nan
10,10,0,Jardim Carvalho//home,0.365544158684667,0.36392890363778063
10,10,0,Jardim Carvalho//work,0.43945054945054945,0.6666666666666666
10,10,0,Jardim Carvalho//school,0.5895713854512526,0.6666666666666666
10,10,0,Jardim Carvalho//marketplace,nan,nan
10,10,0,Jardim Carvalho//pharmacy,nan,nan
10,10,0,Jardim Carvalho//gas_station,nan,nan
10,10,0,Jardim Carvalho//hospital,nan,nan
10,10,0,Jardim do Salso//home,0.27955854126679464,0.1691618682021753
10,10,0,Jardim do Salso//work,0.4528735632183908,0.6666666666666666
10,10,0,Jardim do Salso//school,0.6346153846153846,0.6666666666666666
10,10,0,Jardim do Salso//marketplace,nan,nan
10,10,0,Jardim do Salso//pharmacy,nan,nan
10,10,0,Jardim do Salso//gas_station,nan,nan
10,10,0,Jardim Leopoldina//home,0.36348747591522157,0.3922286448298009
10,10,0,Jardim Leopoldina//work,0.439,0.6666666666666666
10,10,0,Jardim Leopoldina//school,0.4342105263157895,0.6666666666666666
10,10,0,Jardim Leopoldina//marketplace,nan,nan
10,10,0,Jardim Leopoldina//pharmacy,nan,nan
10,10,0,Jardim Leopoldina//gas_station,nan,nan
10,10,0,Jardim Europa//home,0.246996996996997,0.22489155822489157
10,10,0,Jardim Europa//work,0.4235164835164835,0.6666666666666666
10,10,0,Jardim Europa//school,0.5461783439490446,0.6666666666666666
10,10,0,Jardim Europa//marketplace,nan,nan
10,10,0,Jardim Europa//pharmacy,nan,nan
10,10,0,Jardim Europa//gas_station,nan,nan
10,10,0,Jardim Europa//shopping_mall,nan,nan
10,10,0,Jardim Floresta//home,0.32894736842105265,0.3619575253924284
10,10,0,Jardim Floresta//work,0.4117647058823529,0.6666666666666666
10,10,0,Jardim Floresta//school,0.55,0.6666666666666666
10,10,0,Jardim Floresta//marketplace,nan,nan
10,10,0,Jardim Floresta//pharmacy,nan,nan
10,10,0,Jardim Floresta//gas_station,nan,nan
10,10,0,Jardim Isabel//home,0.3868700265251989,0.35048629531388154
10,10,0,Jardim Isabel//work,0.4496969696969697,0.6666666666666666
10,10,0,Jardim Isabel//school,0.625,0.6666666666666666
10,10,0,Jardim Isabel//marketplace,nan,nan
10,10,0,Jardim Isabel//pharmacy,nan,nan
10,10,0,Jardim Isabel//gas_station,nan,nan
10,10,0,Jardim Itú//home,0.29694873230424695,0.32349569436668535
10,10,0,Jardim Itú//work,0.4211111111111111,0.6666666666666666
10,10,0,Jardim Itú//school,0.4772727272727273,0.6666666666666666
10,10,0,Jardim Itú//marketplace,nan,nan
10,10,0,Jardim Itú//pharmacy,nan,nan
10,10,0,Jardim Itú//gas_station,nan,nan
10,10,0,Jardim Lindóia//home,0.37913113006396587,0.19971570717839374
10,10,0,Jardim Lindóia//work,0.41,0.6666666666666666
10,10,0,Jardim Lindóia//school,0.75,0.6666666666666666
10,10,0,Jardim Lindóia//marketplace,nan,nan
10,10,0,Jardim Lindóia//pharmacy,nan,nan
10,10,0,Jardim Lindóia//gas_station,nan,nan
10,10,0,Jardim Lindóia//shopping_mall,nan,nan
10,10,0,Jardim Sabará//home,0.2738702201622248,0.23816145229818464
10,10,0,Jardim Sabará//work,0.43902439024390244,0.6666666666666666
10,10,0,Jardim Sabará//school,0.5465599051008304,0.6666666666666666
10,10,0,Jardim Sabará//marketplace,nan,nan
10,10,0,Jardim Sabará//pharmacy,nan,nan
10,10,0,Jardim Sabará//gas_station,nan,nan
10,10,0,Jardim São Pedro//home,0.25845210473980773,0.1915810407689758
10,10,0,Jardim São Pedro//work,0.4425,0.6666666666666666
10,10,0,Jardim São Pedro//school,0.5625,0.6666666666666666
10,10,0,Jardim São Pedro//marketplace,nan,nan
10,10,0,Jardim São Pedro//pharmacy,nan,nan
10,10,0,Jardim São Pedro//gas_station,nan,nan
10,10,0,Lageado//home,0.3497675319643549,0.1539454991605321
10,10,0,Lageado//work,0.4764705882352941,0.6666666666666666
10,10,0,Lageado//school,0.5681818181818182,0.6666666666666666
10,10,0,Lageado//marketplace,nan,nan
10,10,0,Lageado//pharmacy,nan,nan
10,10,0,Lageado//gas_station,nan,nan
10,10,0,Lami//home,0.25340623879526714,0.33990677662244534
10,10,0,Lami//work,0.4496875,0.6666666666666666
10,10,0,Lami//school,0.75,0.6666666666666666
10,10,0,Lami//marketplace,nan,nan
10,10,0,Lami//pharmacy,nan,nan
10,10,0,Lami//gas_station,nan,nan
10,10,0,Lomba do Pinheiro//home,0.2965088474414156,0.3308424996014666
10,10,0,Lomba do Pinheiro//work,0.4578260869565217,0.6666666666666666
10,10,0,Lomba do Pinheiro//school,0.48711980136561145,0.6666666666666666
10,10,0,Lomba do Pinheiro//marketplace,nan,nan
10,10,0,Lomba do Pinheiro//pharmacy,nan,nan
10,10,0,Lomba do Pinheiro//gas_station,nan,nan
10,10,0,Mário Quintana//home,0.34926915933134134,0.3440200274569975
10,10,0,Mário Quintana//work,0.47220338983050847,0.6666666666666666
10,10,0,Mário Quintana//school,0.4722222222222222,0.6666666666666666
10,10,0,Mário Quintana//marketplace,nan,nan
10,10,0,Mário Quintana//pharmacy,nan,nan
10,10,0,Mário Quintana//gas_station,nan,nan
10,10,0,Medianeira//home,0.29309087963712943,0.2883525028349263
10,10,0,Medianeira//work,0.4385401459854015,0.6666666666666666
10,10,0,Medianeira//school,0.5833333333333334,0.6666666666666666
10,10,0,Medianeira//marketplace,nan,nan
10,10,0,Medianeira//pharmacy,nan,nan
10,10,0,Medianeira//gas_station,nan,nan
10,10,0,Menino Deus//home,0.34640883977900555,0.23712707182320442
10,10,0,Menino Deus//work,0.43153846153846154,0.6666666666666666
10,10,0,Menino Deus//school,0.65,0.6666666666666666
10,10,0,Menino Deus//marketplace,nan,nan
10,10,0,Menino Deus//pharmacy,nan,nan
10,10,0,Menino Deus//gas_station,nan,nan
10,10,0,Menino Deus//hospital,nan,nan
10,10,0,Moinhos de Vento//home,0.24161782744991142,0.12321112171187133
10,10,0,Moinhos de Vento//work,0.3961842105263158,0.6666666666666666
10,10,0,Moinhos de Vento//school,0.4318181818181818,0.6666666666666666
10,10,0,Moinhos de Vento//marketplace,nan,nan
10,10,0,Moinhos de Vento//pharmacy,nan,nan
10,10,0,Moinhos de Vento//gas_station,nan,nan
10,10,0,Moinhos de Vento//hospital,nan,nan
10,10,0,Moinhos de Vento//shopping_mall,nan,nan
10,10,0,Mont'Serrat//home,0.42621293800539084,0.2722371967654987
10,10,0,Mont'Serrat//work,0.4324193548387097,0.6666666666666666
10,10,0,Mont'Serrat//school,0.5,0.6666666666666666
10,10,0,Mont'Serrat//marketplace,nan,nan
10,10,0,Mont'Serrat//pharmacy,nan,nan
10,10,0,Mont'Serrat//gas_station,nan,nan
10,10,0,Morro Santana//home,0.3024776010239532,0.3642347778387274
10,10,0,Morro Santana//work,0.4563736263736264,0.6666666666666666
10,10,0,Morro Santana//school,0.508220502901354,0.6666666666666666
10,10,0,Morro Santana//marketplace,nan,nan
10,10,0,Morro Santana//pharmacy,nan,nan
10,10,0,Morro Santana//gas_station,nan,nan
10,10,0,Navegantes//home,0.18591014205483977,0.13985243915868295
10,10,0,Navegantes//work,0.41924528301886793,0.6666666666666666
10,10,0,Navegantes//school,0.5729974160206718,0.6666666666666666
10,10,0,Navegantes//marketplace,nan,nan
10,10,0,Navegantes//pharmacy,nan,nan
10,10,0,Navegantes//gas_station,nan,nan
10,10,0,Navegantes//shopping_mall,nan,nan
10,10,0,Nonoai//home,0.39996127033307516,0.34014975471210945
10,10,0,Nonoai//work,0.43371681415929203,0.6666666666666666
10,10,0,Nonoai//school,0.575,0.6666666666666666
10,10,0,Nonoai//marketplace,nan,nan
10,10,0,Nonoai//pharmacy,nan,nan
10,10,0,Nonoai//gas_station,nan,nan
10,10,0,Parque Santa Fé//home,0.3247143716175586,0.31348967729003807
10,10,0,Parque Santa Fé//work,0.44529411764705884,0.6666666666666666
10,10,0,Parque Santa Fé//school,0.5277777777777778,0.6666666666666666
10,10,0,Parque Santa Fé//marketplace,nan,nan
10,10,0,Parque Santa Fé//pharmacy,nan,nan
10,10,0,Parque Santa Fé//gas_station,nan,nan
10,10,0,Partenon//home,0.28904726181545387,0.36154038509627406
10,10,0,Partenon//work,0.4266666666666667,0.6666666666666666
10,10,0,Partenon//school,0.5741758241758241,0.6666666666666666
10,10,0,Partenon//marketplace,nan,nan
10,10,0,Partenon//pharmacy,nan,nan
10,10,0,Partenon//gas_station,nan,nan
10,10,0,Passo D'Areia//home,0.17437182382834557,0.35196687370600416
10,10,0,Passo D'Areia//work,0.4155384615384615,0.6666666666666666
10,10,0,Passo D'Areia//school,0.4868421052631579,0.6666666666666666
10,10,0,Passo D'Areia//marketplace,nan,nan
10,10,0,Passo D'Areia//pharmacy,nan,nan
10,10,0,Passo D'Areia//gas_station,nan,nan
10,10,0,Passo das Pedras//home,0.3163065961847851,0.3118823259020915
10,10,0,Passo das Pedras//work,0.4238686131386861,0.6666666666666666
10,10,0,Passo das Pedras//school,0.5,0.6666666666666666
10,10,0,Passo das Pedras//marketplace,nan,nan
10,10,0,Passo das Pedras//pharmacy,nan,nan
10,10,0,Passo das Pedras//gas_station,nan,nan
10,10,0,Pedra Redonda//home,0.30656934306569344,0.22384428223844283
10,10,0,Pedra Redonda//work,0.4273529411764706,0.6666666666666666
10,10,0,Pedra Redonda//school,0.35,0.6666666666666666
10,10,0,Pedra Redonda//marketplace,nan,nan
10,10,0,Pedra Redonda//pharmacy,nan,nan
10,10,0,Pedra Redonda//gas_station,nan,nan
10,10,0,Petrópolis//home,0.3436583893774789,0.3053687417370811
10,10,0,Petrópolis//work,0.4228571428571429,0.6666666666666666
10,10,0,Petrópolis//school,0.55,0.6666666666666666
10,10,0,Petrópolis//marketplace,nan,nan
10,10,0,Petrópolis//pharmacy,nan,nan
10,10,0,Petrópolis//gas_station,nan,nan
10,10,0,Pitinga//home,0.3702865761689291,0.1870286576168929
10,10,0,Pitinga//work,0.49113636363636365,0.6666666666666666
10,10,0,Pitinga//school,0.5357142857142857,0.6666666666666666
10,10,0,Pitinga//marketplace,nan,nan
10,10,0,Pitinga//pharmacy,nan,nan
10,10,0,Pitinga//gas_station,nan,nan
10,10,0,Ponta Grossa//home,0.286976838683462,0.16077475281051062
10,10,0,Ponta Grossa//work,0.4496341463414634,0.6666666666666666
10,10,0,Ponta Grossa//school,0.5172253258845437,0.6666666666666666
10,10,0,Ponta Grossa//marketplace,nan,nan
10,10,0,Ponta Grossa//pharmacy,nan,nan
10,10,0,Ponta Grossa//gas_station,nan,nan
10,10,0,Praia de Belas//home,0.30388634879163945,0.22033529283692577
10,10,0,Praia de Belas//work,0.43363636363636365,0.6666666666666666
10,10,0,Praia de Belas//school,0.5277777777777778,0.6666666666666666
10,10,0,Praia de Belas//marketplace,nan,nan
10,10,0,Praia de Belas//pharmacy,nan,nan
10,10,0,Praia de Belas//gas_station,nan,nan
10,10,0,Praia de Belas//stadium,nan,nan
10,10,0,Praia de Belas//shopping_mall,nan,nan
10,10,0,Restinga//home,0.41034109177325784,0.37098390065469117
10,10,0,Restinga//work,0.4465811965811966,0.6666666666666666
10,10,0,Restinga//school,0.45,0.6666666666666666
10,10,0,Restinga//marketplace,nan,nan
10,10,0,Restinga//pharmacy,nan,nan
10,10,0,Restinga//gas_station,nan,nan
10,10,0,Restinga//hospital,nan,nan
10,10,0,Rio Branco//home,0.3215675938691104,0.2762144189441246
10,10,0,Rio Branco//work,0.4016831683168317,0.6666666666666666
10,10,0,Rio Branco//school,0.6071428571428571,0.6666666666666666
10,10,0,Rio Branco//marketplace,nan,nan
10,10,0,Rio Branco//pharmacy,nan,nan
10,10,0,Rio Branco//gas_station,nan,nan
10,10,0,Rio Branco//hospital,nan,nan
10,10,0,Rubem Berta//home,0.24110024681982153,0.3288399468388077
10,10,0,Rubem Berta//work,0.4274418604651163,0.6666666666666666
10,10,0,Rubem Berta//school,0.5833333333333334,0.6666666666666666
10,10,0,Rubem Berta//marketplace,nan,nan
10,10,0,Rubem Berta//pharmacy,nan,nan
10,10,0,Rubem Berta//gas_station,nan,nan
10,10,0,Santa Cecília//home,0.2613478462251042,0.3029180176007411
10,10,0,Santa Cecília//work,0.4303030303030303,0.6666666666666666
10,10,0,Santa Cecília//school,0.5552970651395849,0.6666666666666666
10,10,0,Santa Cecília//marketplace,nan,nan
10,10,0,Santa Cecília//pharmacy,nan,nan
10,10,0,Santa Cecília//gas_station,nan,nan
10,10,0,Santa Cecília//hospital,nan,nan
10,10,0,Santa Maria Goretti//home,0.470125786163522,0.37409736780805963
10,10,0,Santa Maria Goretti//work,0.4096923076923077,0.6666666666666666
10,10,0,Santa Maria Goretti//school,0.55,0.6666666666666666
10,10,0,Santa Maria Goretti//marketplace,nan,nan
10,10,0,Santa Maria Goretti//pharmacy,nan,nan
10,10,0,Santa Maria Goretti//gas_station,nan,nan
10,10,0,Santa Rosa de Lima//home,0.33252909060828323,0.31276310226290926
10,10,0,Santa Rosa de Lima//work,0.4329896907216495,0.6666666666666666
10,10,0,Santa Rosa de Lima//school,0.5,0.6666666666666666
10,10,0,Santa Rosa de Lima//marketplace,nan,nan
10,10,0,Santa Rosa de Lima//pharmacy,nan,nan
10,10,0,Santa Rosa de Lima//gas_station,nan,nan
10,10,0,Santa Tereza//home,0.30240074923477545,0.38080009746143423
10,10,0,Santa Tereza//work,0.41578125,0.6666666666666666
10,10,0,Santa Tereza//school,0.4523809523809524,0.6666666666666666
10,10,0,Santa Tereza//marketplace,nan,nan
10,10,0,Santa Tereza//pharmacy,nan,nan
10,10,0,Santa Tereza//gas_station,nan,nan
10,10,0,Santana//home,0.3192044719578675,0.2276017124025994
10,10,0,Santana//work,0.4068333333333333,0.6666666666666666
10,10,0,Santana//school,0.4375,0.6666666666666666
10,10,0,Santana//marketplace,nan,nan
10,10,0,Santana//pharmacy,nan,nan
10,10,0,Santana//gas_station,nan,nan
10,10,0,Santana//hospital,nan,nan
10,10,0,Santo Antônio//home,0.31916533103193195,0.2722229071631118
10,10,0,Santo Antônio//work,0.4328395061728395,0.6666666666666666
10,10,0,Santo Antônio//school,0.69449378330373,0.6666666666666666
10,10,0,Santo Antônio//marketplace,nan,nan
10,10,0,Santo Antônio//pharmacy,nan,nan
10,10,0,Santo Antônio//gas_station,nan,nan
10,10,0,São Caetano//home,0.28231597845601436,0.06223818073010173
10,10,0,São Caetano//work,0.4311111111111111,0.6666666666666666
10,10,0,São Caetano//school,0.5833333333333334,0.6666666666666666
10,10,0,São Caetano//marketplace,nan,nan
10,10,0,São Caetano//pharmacy,nan,nan
10,10,0,São Caetano//gas_station,nan,nan
10,10,0,São Geraldo//home,0.2996856621374975,0.1603461096464544
10,10,0,São Geraldo//work,0.40647058823529414,0.6666666666666666
10,10,0,São Geraldo//school,0.6590909090909091,0.6666666666666666
10,10,0,São Geraldo//marketplace,nan,nan
10,10,0,São Geraldo//pharmacy,nan,nan
10,10,0,São Geraldo//gas_station,nan,nan
10,10,0,São João//home,0.3640759312320917,0.29473097739573384
10,10,0,São João//work,0.4265909090909091,0.6666666666666666
10,10,0,São João//school,0.5,0.6666666666666666
10,10,0,São João//marketplace,nan,nan
10,10,0,São João//pharmacy,nan,nan
10,10,0,São João//gas_station,nan,nan
10,10,0,São João//shopping_mall,nan,nan
10,10,0,São Sebastião//home,0.2552098408104197,0.3455861070911722
10,10,0,São Sebastião//work,0.4322033898305085,0.6666666666666666
10,10,0,São Sebastião//school,0.6052578156719448,0.6666666666666666
10,10,0,São Sebastião//marketplace,nan,nan
10,10,0,São Sebastião//pharmacy,nan,nan
10,10,0,São Sebastião//gas_station,nan,nan
10,10,0,São Sebastião//shopping_mall,nan,nan
10,10,0,Sarandi//home,0.3492957540691388,0.2777047232206345
10,10,0,Sarandi//work,0.43446153846153845,0.6666666666666666
10,10,0,Sarandi//school,0.41,0.6666666666666666
10,10,0,Sarandi//marketplace,nan,nan
10,10,0,Sarandi//pharmacy,nan,nan
10,10,0,Sarandi//gas_station,nan,nan
10,10,0,Sarandi//shopping_mall,nan,nan
10,10,0,Serraria//home,0.25844178684488217,0.34681674287724235
10,10,0,Serraria//work,0.4541818181818182,0.6666666666666666
10,10,0,Serraria//school,0.6,0.6666666666666666
10,10,0,Serraria//marketplace,nan,nan
10,10,0,Serraria//pharmacy,nan,nan
10,10,0,Serraria//gas_station,nan,nan
10,10,0,Sétimo Céu//home,0.2453660797034291,0.4275563793636083
10,10,0,Sétimo Céu//work,0.43858974358974356,0.6666666666666666
10,10,0,Sétimo Céu//school,0.4166666666666667,0.6666666666666666
10,10,0,Sétimo Céu//marketplace,nan,nan
10,10,0,Sétimo Céu//pharmacy,nan,nan
10,10,0,Sétimo Céu//gas_station,nan,nan
10,10,0,Teresópolis//home,0.25188818273924657,0.2163274078167695
10,10,0,Teresópolis//work,0.4378409090909091,0.6666666666666666
10,10,0,Teresópolis//school,0.5249842866121935,0.6666666666666666
10,10,0,Teresópolis//marketplace,nan,nan
10,10,0,Teresópolis//pharmacy,nan,nan
10,10,0,Teresópolis//gas_station,nan,nan
10,10,0,Teresópolis//hospital,nan,nan
10,10,0,Três Figueiras//home,0.2589494163424125,0.349935149156939
10,10,0,Três Figueiras//work,0.41020618556701033,0.6666666666666666
10,10,0,Três Figueiras//school,0.5192307692307693,0.6666666666666666
10,10,0,Três Figueiras//marketplace,nan,nan
10,10,0,Três Figueiras//pharmacy,nan,nan
10,10,0,Três Figueiras//gas_station,nan,nan
10,10,0,Três Figueiras//shopping_mall,nan,nan
10,10,0,Tristeza//home,0.2665400296515938,0.3169631826043983
10,10,0,Tristeza//work,0.4353448275862069,0.6666666666666666
10,10,0,Tristeza//school,0.75,0.6666666666666666
10,10,0,Tristeza//marketplace,nan,nan
10,10,0,Tristeza//pharmacy,nan,nan
10,10,0,Tristeza//gas_station,nan,nan
10,10,0,Vila Assunção//home,0.2940751445086705,0.08285163776493257
10,10,0,Vila Assunção//work,0.42775,0.6666666666666666
10,10,0,Vila Assunção//school,0.6071428571428571,0.6666666666666666
10,10,0,Vila Assunção//marketplace,nan,nan
10,10,0,Vila Assunção//pharmacy,nan,nan
10,10,0,Vila Assunção//gas_station,nan,nan
10,10,0,Vila Assunção//hospital,nan,nan
10,10,0,Vila Conceição//home,0.23072646404744254,0.2213985668396343
10,10,0,Vila Conceição//work,0.42403846153846153,0.6666666666666666
10,10,0,Vila Conceição//school,0.55,0.6666666666666666
10,10,0,Vila Conceição//marketplace,nan,nan
10,10,0,Vila Conceição//pharmacy,nan,nan
10,10,0,Vila Conceição//gas_station,nan,nan
10,10,0,Vila Ipiranga//home,0.3065583634175692,0.4130995358432182
10,10,0,Vila Ipiranga//work,0.44175,0.6666666666666666
10,10,0,Vila Ipiranga//school,0.4423076923076923,0.6666666666666666
10,10,0,Vila Ipiranga//marketplace,nan,nan
10,10,0,Vila Ipiranga//pharmacy,nan,nan
10,10,0,Vila Ipiranga//gas_station,nan,nan
10,10,0,Vila Jardim//home,0.4071826502188619,0.3732590529247911
10,10,0,Vila Jardim//work,0.42127906976744184,0.6666666666666666
10,10,0,Vila Jardim//school,0.75,0.6666666666666666
10,10,0,Vila Jardim//marketplace,nan,nan
10,10,0,Vila Jardim//pharmacy,nan,nan
10,10,0,Vila Jardim//gas_station,nan,nan
10,10,0,Vila João Pessoa//home,0.2786804181972309,0.375341433549967
10,10,0,Vila João Pessoa//work,0.4288679245283019,0.6666666666666666
10,10,0,Vila João Pessoa//school,0.5,0.6666666666666666
10,10,0,Vila João Pessoa//marketplace,nan,nan
10,10,0,Vila João Pessoa//pharmacy,nan,nan
10,10,0,Vila João Pessoa//gas_station,nan,nan
10,10,0,Vila Nova//home,0.3180864456567352,0.39739823751573644
10,10,0,Vila Nova//work,0.4218,0.6666666666666666
10,10,0,Vila Nova//school,0.55,0.6666666666666666
10,10,0,Vila Nova//marketplace,nan,nan
10,10,0,Vila Nova//pharmacy,nan,nan
10,10,0,Vila Nova//gas_station,nan,nan
10,10,0,Vila Nova//hospital,nan,nan
10,10,0,São José//home,0.3670652173913043,0.36280193236714975
10,10,0,São José//work,0.4602325581395349,0.6666666666666666
10,10,0,São José//school,0.5416666666666666,0.6666666666666666
10,10,0,São José//marketplace,nan,nan
10,10,0,São José//pharmacy,nan,nan
10,10,0,São José//gas_station,nan,nan
11,11,0,Aberta dos Morros//home,0.24648274346010113,0.11284531398842236
11,11,0,Aberta dos Morros//work,0.449375,0.6666666666666666
11,11,0,Aberta dos Morros//school,0.48333333333333334,0.6666666666666666
11,11,0,Aberta dos Morros//marketplace,nan,nan
11,11,0,Aberta dos Morros//pharmacy,nan,nan
11,11,0,Aberta dos Morros//gas_station,nan,nan
11,11,0,Agronomia//home,0.3337937384898711,0.4407612031921424
11,11,0,Agronomia//work,0.44902439024390245,0.6666666666666666
11,11,0,Agronomia//school,0.5576923076923077,0.6666666666666666
11,11,0,Agronomia//marketplace,nan,nan
11,11,0,Agronomia//pharmacy,nan,nan
11,11,0,Agronomia//gas_station,nan,nan
11,11,0,Anchieta//home,0.4022346368715084,0.1824953445065177
11,11,0,Anchieta//work,0.42558441558441557,0.6666666666666666
11,11,0,Anchieta//school,0.55,0.6666666666666666
11,11,0,Anchieta//marketplace,nan,nan
11,11,0,Anchieta//pharmacy,nan,nan
11,11,0,Anchieta//gas_station,nan,nan
11,11,0,Arquipélago//home,0.3104753521126761,0.36514084507042255
11,11,0,Arquipélago//work,0.47,0.6666666666666666
11,11,0,Arquipélago//school,0.625,0.6666666666666666
11,11,0,Arquipélago//marketplace,nan,nan
11,11,0,Arquipélago//pharmacy,nan,nan
11,11,0,Arquipélago//gas_station,nan,nan
11,11,0,Auxiliadora//home,0.2821778330483445,0.15119954401782476
11,11,0,Auxiliadora//work,0.45136363636363636,0.6666666666666666
11,11,0,Auxiliadora//school,0.4375,0.6666666666666666
11,11,0,Auxiliadora//marketplace,nan,nan
11,11,0,Auxiliadora//pharmacy,nan,nan
11,11,0,Auxiliadora//gas_station,nan,nan
11,11,0,Azenha//home,0.29928337943173244,0.27022043416310454
11,11,0,Azenha//work,0.4226666666666667,0.6666666666666666
11,11,0,Azenha//school,0.5681818181818182,0.6666666666666666
11,11,0,Azenha//marketplace,nan,nan
11,11,0,Azenha//pharmacy,nan,nan
11,11,0,Azenha//gas_station,nan,nan
11,11,0,Azenha//hospital,nan,nan
11,11,0,Azenha//shopping_mall,nan,nan
11,11,0,Bela Vista//home,0.44193035788310076,0.3552116438671641
11,11,0,Bela Vista//work,0.4107594936708861,0.6666666666666666
11,11,0,Bela Vista//school,0.5357142857142857,0.6666666666666666
11,11,0,Bela Vista//marketplace,nan,nan
11,11,0,Bela Vista//pharmacy,nan,nan
11,11,0,Bela Vista//gas_station,nan,nan
11,11,0,Belém Novo//home,0.25,0.30149659863945577
11,11,0,Belém Novo//work,0.4395774647887324,0.6666666666666666
11,11,0,Belém Novo//school,0.6785714285714286,0.6666666666666666
11,11,0,Belém Novo//marketplace,nan,nan
11,11,0,Belém Novo//pharmacy,nan,nan
11,11,0,Belém Novo//gas_station,nan,nan
11,11,0,Belém Velho//home,0.3379100281162137,0.278912839737582
11,11,0,Belém Velho//work,0.46584269662921346,0.6666666666666666
11,11,0,Belém Velho//school,0.5269145394006659,0.6666666666666666
11,11,0,Belém Velho//marketplace,nan,nan
11,11,0,Belém Velho//pharmacy,nan,nan
11,11,0,Belém Velho//gas_station,nan,nan
11,11,0,Boa Vista//home,0.35212367270455963,0.2728850024290374
11,11,0,Boa Vista//work,0.4278448275862069,0.6666666666666666
11,11,0,Boa Vista//school,0.6666666666666666,0.6666666666666666
11,11,0,Boa Vista//marketplace,nan,nan
11,11,0,Boa Vista//pharmacy,nan,nan
11,11,0,Boa Vista//gas_station,nan,nan
11,11,0,Boa Vista do Sul//home,0.39285714285714285,0.33956916099773243
11,11,0,Boa Vista do Sul//work,0.4482051282051282,0.6666666666666666
11,11,0,Boa Vista do Sul//school,0.504323499491353,0.6666666666666666
11,11,0,Boa Vista do Sul//marketplace,nan,nan
11,11,0,Boa Vista do Sul//pharmacy,nan,nan
11,11,0,Boa Vista do Sul//gas_station,nan,nan
11,11,0,Bom Fim//home,0.3214852270473924,0.29717760592240067
11,11,0,Bom Fim//work,0.43098039215686273,0.6666666666666666
11,11,0,Bom Fim//school,0.625,0.6666666666666666
11,11,0,Bom Fim//marketplace,nan,nan
11,11,0,Bom Fim//pharmacy,nan,nan
11,11,0,Bom Fim//gas_station,nan,nan
11,11,0,Bom Jesus//home,0.4070808678500986,0.3479289940828402
11,11,0,Bom Jesus//work,0.44525862068965516,0.6666666666666666
11,11,0,Bom Jesus//school,0.4772727272727273,0.6666666666666666
11,11,0,Bom Jesus//marketplace,nan,nan
11,11,0,Bom Jesus//pharmacy,nan,nan
11,11,0,Bom Jesus//gas_station,nan,nan
11,11,0,Camaquã//home,0.27139544688026984,0.3508993816750984
11,11,0,Camaquã//work,0.47460526315789475,0.6666666666666666
11,11,0,Camaquã//school,0.4807692307692308,0.6666666666666666
11,11,0,Camaquã//marketplace,nan,nan
11,11,0,Camaquã//pharmacy,nan,nan
11,11,0,Camaquã//gas_station,nan,nan
11,11,0,Campo Novo//home,0.2658788774002954,0.25295420974889216
11,11,0,Campo Novo//work,0.4561290322580645,0.6666666666666666
11,11,0,Campo Novo//school,0.5357142857142857,0.6666666666666666
11,11,0,Campo Novo//marketplace,nan,nan
11,11,0,Campo Novo//pharmacy,nan,nan
11,11,0,Campo Novo//gas_station,nan,nan
11,11,0,Cascata//home,0.3792324295157156,0.19901974009622736
11,11,0,Cascata//work,0.45504587155963305,0.6666666666666666
11,11,0,Cascata//school,0.4642857142857143,0.6666666666666666
11,11,0,Cascata//marketplace,nan,nan
11,11,0,Cascata//pharmacy,nan,nan
11,11,0,Cascata//gas_station,nan,nan
11,11,0,Cavalhada//home,0.311842782557541,0.32492585239110716
11,11,0,Cavalhada//work,0.4343529411764706,0.6666666666666666
11,11,0,Cavalhada//school,0.5930232558139535,0.6666666666666666
11,11,0,Cavalhada//marketplace,nan,nan
11,11,0,Cavalhada//pharmacy,nan,nan
11,11,0,Cavalhada//gas_station,nan,nan
11,11,0,Cavalhada//shopping_mall,nan,nan
11,11,0,Centro Histórico//home,0.3011073253833049,0.2426651523755442
11,11,0,Centro Histórico//work,0.4190384615384615,0.6666666666666666
11,11,0,Centro Histórico//school,0.5357142857142857,0.6666666666666666
11,11,0,Centro Histórico//marketplace,nan,nan
11,11,0,Centro Histórico//pharmacy,nan,nan
11,11,0,Centro Histórico//gas_station,nan,nan
11,11,0,Centro Histórico//hospital,nan,nan
11,11,0,Centro Histórico//shopping_mall,nan,nan
11,11,0,Chácara das Pedras//home,0.32520143240823635,0.22545508803342285
11,11,0,Chácara das Pedras//work,0.4291891891891892,0.6666666666666666
11,11,0,Chácara das Pedras//school,0.3517915309446254,0.6666666666666666
11,11,0,Chácara das Pedras//marketplace,nan,nan
11,11,0,Chácara das Pedras//pharmacy,nan,nan
11,11,0,Chácara das Pedras//gas_station,nan,nan
11,11,0,Chapéu do Sol//home,0.25293718933574333,0.38168398855249286
11,11,0,Chapéu do Sol//work,0.47595744680851065,0.6666666666666666
11,11,0,Chapéu do Sol//school,0.5277777777777778,0.6666666666666666
11,11,0,Chapéu do Sol//marketplace,nan,nan
11,11,0,Chapéu do Sol//pharmacy,nan,nan
11,11,0,Chapéu do Sol//gas_station,nan,nan
11,11,0,Cidade Baixa//home,0.2540326003905255,0.16956730905283415
11,11,0,Cidade Baixa//work,0.40058823529411763,0.6666666666666666
11,11,0,Cidade Baixa//school,0.5277777777777778,0.6666666666666666
11,11,0,Cidade Baixa//marketplace,nan,nan
11,11,0,Cidade Baixa//pharmacy,nan,nan
11,11,0,Cidade Baixa//gas_station,nan,nan
11,11,0,Cel. Aparício Borges//home,0.33329328078438913,0.25614406100804255
11,11,0,Cel. Aparício Borges//work,0.43388429752066116,0.6666666666666666
11,11,0,Cel. Aparício Borges//school,0.5416666666666666,0.6666666666666666
11,11,0,Cel. Aparício Borges//marketplace,nan,nan
11,11,0,Cel. Aparício Borges//pharmacy,nan,nan
11,11,0,Cel. Aparício Borges//gas_station,nan,nan
11,11,0,Costa e Silva//home,0.3372635716040285,0.25300908867600097
11,11,0,Costa e Silva//work,0.4318085106382979,0.6666666666666666
11,11,0,Costa e Silva//school,0.5166666666666667,0.6666666666666666
11,11,0,Costa e Silva//marketplace,nan,nan
11,11,0,Costa e Silva//pharmacy,nan,nan
11,11,0,Costa e Silva//gas_station,nan,nan
11,11,0,Cristal//home,0.3472063446699057,0.354101171763361
11,11,0,Cristal//work,0.44666666666666666,0.6666666666666666
11,11,0,Cristal//school,0.5192307692307693,0.6666666666666666
11,11,0,Cristal//marketplace,nan,nan
11,11,0,Cristal//pharmacy,nan,nan
11,11,0,Cristal//gas_station,nan,nan
11,11,0,Cristo Redentor//home,0.41502213788741305,0.33759224119755427
11,11,0,Cristo Redentor//work,0.47888888888888886,0.6666666666666666
11,11,0,Cristo Redentor//school,0.75,0.6666666666666666
11,11,0,Cristo Redentor//marketplace,nan,nan
11,11,0,Cristo Redentor//pharmacy,nan,nan
11,11,0,Cristo Redentor//gas_station,nan,nan
11,11,0,Cristo Redentor//hospital,nan,nan
11,11,0,Cristo Redentor//shopping_mall,nan,nan
11,11,0,Espírito Santo//home,0.29545454545454547,0.30896805896805896
11,11,0,Espírito Santo//work,0.44355555555555554,0.6666666666666666
11,11,0,Espírito Santo//school,0.5,0.6666666666666666
11,11,0,Espírito Santo//marketplace,nan,nan
11,11,0,Espírito Santo//pharmacy,nan,nan
11,11,0,Espírito Santo//gas_station,nan,nan
11,11,0,Extrema//home,0.2736326806212019,0.07112311501237903
11,11,0,Extrema//work,0.4536842105263158,0.6666666666666666
11,11,0,Extrema//school,0.75,0.6666666666666666
11,11,0,Extrema//marketplace,nan,nan
11,11,0,Extrema//pharmacy,nan,nan
11,11,0,Extrema//gas_station,nan,nan
11,11,0,Farrapos//home,0.4339262187088274,0.3955204216073781
11,11,0,Farrapos//work,0.455,0.6666666666666666
11,11,0,Farrapos//school,0.6785714285714286,0.6666666666666666
11,11,0,Farrapos//marketplace,nan,nan
11,11,0,Farrapos//pharmacy,nan,nan
11,11,0,Farrapos//gas_station,nan,nan
11,11,0,Farrapos//stadium,nan,nan
11,11,0,Farroupilha//home,0.16244239631336405,0.3486943164362519
11,11,0,Farroupilha//work,0.4078082191780822,0.6666666666666666
11,11,0,Farroupilha//school,0.45,0.6666666666666666
11,11,0,Farroupilha//marketplace,nan,nan
11,11,0,Farroupilha//pharmacy,nan,nan
11,11,0,Farroupilha//gas_station,nan,nan
11,11,0,Farroupilha//hospital,nan,nan
11,11,0,Floresta//home,0.3419199406968125,0.339634297010131
11,11,0,Floresta//work,0.4025225225225225,0.6666666666666666
11,11,0,Floresta//school,0.5833333333333334,0.6666666666666666
11,11,0,Floresta//marketplace,nan,nan
11,11,0,Floresta//pharmacy,nan,nan
11,11,0,Floresta//gas_station,nan,nan
11,11,0,Glória//home,0.27456246228123116,0.34101790384228525
11,11,0,Glória//work,0.4378947368421053,0.6666666666666666
11,11,0,Glória//school,0.5153223666755108,0.6666666666666666
11,11,0,Glória//marketplace,nan,nan
11,11,0,Glória//pharmacy,nan,nan
11,11,0,Glória//gas_station,nan,nan
11,11,0,Glória//hospital,nan,nan
11,11,0,Guarujá//home,0.3132621951219512,0.37677845528455284
11,11,0,Guarujá//work,0.4493617021276596,0.6666666666666666
11,11,0,Guarujá//school,0.5833333333333334,0.6666666666666666
11,11,0,Guarujá//marketplace,nan,nan
11,11,0,Guarujá//pharmacy,nan,nan
11,11,0,Guarujá//gas_station,nan,nan
11,11,0,Higienópolis//home,0.306838768115942,0.29740338164251207
11,11,0,Higienópolis//work,0.43794520547945204,0.6666666666666666
11,11,0,Higienópolis//school,0.625,0.6666666666666666
11,11,0,Higienópolis//marketplace,nan,nan
11,11,0,Higienópolis//pharmacy,nan,nan
11,11,0,Higienópolis//gas_station,nan,nan
11,11,0,Hípica//home,0.381521242576519,0.36418455915943354
11,11,0,Hípica//work,0.44754098360655736,0.6666666666666666
11,11,0,Hípica//school,0.4264705882352941,0.6666666666666666
11,11,0,Hípica//marketplace,nan,nan
11,11,0,Hípica//pharmacy,nan,nan
11,11,0,Hípica//gas_station,nan,nan
11,11,0,Humaitá//home,0.32917551309271054,0.29452701108752066
11,11,0,Humaitá//work,0.45517857142857143,0.6666666666666666
11,11,0,Humaitá//school,0.4375,0.6666666666666666
11,11,0,Humaitá//marketplace,nan,nan
11,11,0,Humaitá//pharmacy,nan,nan
11,11,0,Humaitá//gas_station,nan,nan
11,11,0,Independência//home,0.30768470960094824,0.21572500987751878
11,11,0,Independência//work,0.39016949152542374,0.6666666666666666
11,11,0,Independência//school,0.5,0.6666666666666666
11,11,0,Independência//marketplace,nan,nan
11,11,0,Independência//pharmacy,nan,nan
11,11,0,Independência//gas_station,nan,nan
11,11,0,Independência//hospital,nan,nan
11,11,0,Independência//shopping_mall,nan,nan
11,11,0,Ipanema//home,0.33501476377952755,0.2829724409448819
11,11,0,Ipanema//work,0.46228070175438596,0.6666666666666666
11,11,0,Ipanema//school,0.5625,0.6666666666666666
11,11,0,Ipanema//marketplace,nan,nan
11,11,0,Ipanema//pharmacy,nan,nan
11,11,0,Ipanema//gas_station,nan,nan
11,11,0,Jardim Botânico//home,0.30677883949591467,0.30928310944929144
11,11,0,Jardim Botânico//work,0.4237234042553191,0.6666666666666666
11,11,0,Jardim Botânico//school,0.55,0.6666666666666666
11,11,0,Jardim Botânico//marketplace,nan,nan
11,11,0,Jardim Botânico//pharmacy,nan,nan
11,11,0,Jardim Botânico//gas_station,nan,nan
11,11,0,Jardim Botânico//hospital,nan,nan
11,11,0,Jardim Botânico//shopping_mall,nan,nan
11,11,0,Jardim Carvalho//home,0.36235206520887214,0.3520652088721687
11,11,0,Jardim Carvalho//work,0.4297916666666667,0.6666666666666666
11,11,0,Jardim Carvalho//school,0.5895713854512526,0.6666666666666666
11,11,0,Jardim Carvalho//marketplace,nan,nan
11,11,0,Jardim Carvalho//pharmacy,nan,nan
11,11,0,Jardim Carvalho//gas_station,nan,nan
11,11,0,Jardim Carvalho//hospital,nan,nan
11,11,0,Jardim do Salso//home,0.27955854126679464,0.1691618682021753
11,11,0,Jardim do Salso//work,0.46714285714285714,0.6666666666666666
11,11,0,Jardim do Salso//school,0.6346153846153846,0.6666666666666666
11,11,0,Jardim do Salso//marketplace,nan,nan
11,11,0,Jardim do Salso//pharmacy,nan,nan
11,11,0,Jardim do Salso//gas_station,nan,nan
11,11,0,Jardim Leopoldina//home,0.35952615992102666,0.38545574202040145
11,11,0,Jardim Leopoldina//work,0.44401111708804014,0.6666666666666666
11,11,0,Jardim Leopoldina//school,0.4342105263157895,0.6666666666666666
11,11,0,Jardim Leopoldina//marketplace,nan,nan
11,11,0,Jardim Leopoldina//pharmacy,nan,nan
11,11,0,Jardim Leopoldina//gas_station,nan,nan
11,11,0,Jardim Europa//home,0.246996996996997,0.22489155822489157
11,11,0,Jardim Europa//work,0.43237623762376237,0.6666666666666666
11,11,0,Jardim Europa//school,0.5461783439490446,0.6666666666666666
11,11,0,Jardim Europa//marketplace,nan,nan
11,11,0,Jardim Europa//pharmacy,nan,nan
11,11,0,Jardim Europa//gas_station,nan,nan
11,11,0,Jardim Europa//shopping_mall,nan,nan
11,11,0,Jardim Floresta//home,0.274364406779661,0.5536723163841808
11,11,0,Jardim Floresta//work,0.4117647058823529,0.6666666666666666
11,11,0,Jardim Floresta//school,0.55,0.6666666666666666
11,11,0,Jardim Floresta//marketplace,nan,nan
11,11,0,Jardim Floresta//pharmacy,nan,nan
11,11,0,Jardim Floresta//gas_station,nan,nan
11,11,0,Jardim Isabel//home,0.3868700265251989,0.35048629531388154
11,11,0,Jardim Isabel//work,0.4548684210526316,0.6666666666666666
11,11,0,Jardim Isabel//school,0.625,0.6666666666666666
11,11,0,Jardim Isabel//marketplace,nan,nan
11,11,0,Jardim Isabel//pharmacy,nan,nan
11,11,0,Jardim Isabel//gas_station,nan,nan
11,11,0,Jardim Itú//home,0.2916562526035158,0.30920047765836317
11,11,0,Jardim Itú//work,0.4288135593220339,0.6666666666666666
11,11,0,Jardim Itú//school,0.4772727272727273,0.6666666666666666
11,11,0,Jardim Itú//marketplace,nan,nan
11,11,0,Jardim Itú//pharmacy,nan,nan
11,11,0,Jardim Itú//gas_station,nan,nan
11,11,0,Jardim Lindóia//home,0.37913113006396587,0.19971570717839374
11,11,0,Jardim Lindóia//work,0.42486486486486486,0.6666666666666666
11,11,0,Jardim Lindóia//school,0.75,0.6666666666666666
11,11,0,Jardim Lindóia//marketplace,nan,nan
11,11,0,Jardim Lindóia//pharmacy,nan,nan
11,11,0,Jardim Lindóia//gas_station,nan,nan
11,11,0,Jardim Lindóia//shopping_mall,nan,nan
11,11,0,Jardim Sabará//home,0.26654366543665436,0.2118081180811808
11,11,0,Jardim Sabará//work,0.43902439024390244,0.6666666666666666
11,11,0,Jardim Sabará//school,0.5465599051008304,0.6666666666666666
11,11,0,Jardim Sabará//marketplace,nan,nan
11,11,0,Jardim Sabará//pharmacy,nan,nan
11,11,0,Jardim Sabará//gas_station,nan,nan
11,11,0,Jardim São Pedro//home,0.24385616190820383,0.14865678833875437
11,11,0,Jardim São Pedro//work,0.43784615384615383,0.6666666666666666
11,11,0,Jardim São Pedro//school,0.5625,0.6666666666666666
11,11,0,Jardim São Pedro//marketplace,nan,nan
11,11,0,Jardim São Pedro//pharmacy,nan,nan
11,11,0,Jardim São Pedro//gas_station,nan,nan
11,11,0,Lageado//home,0.3497675319643549,0.1539454991605321
11,11,0,Lageado//work,0.4764705882352941,0.6666666666666666
11,11,0,Lageado//school,0.5681818181818182,0.6666666666666666
11,11,0,Lageado//marketplace,nan,nan
11,11,0,Lageado//pharmacy,nan,nan
11,11,0,Lageado//gas_station,nan,nan
11,11,0,Lami//home,0.25340623879526714,0.33990677662244534
11,11,0,Lami//work,0.4562162162162162,0.6666666666666666
11,11,0,Lami//school,0.75,0.6666666666666666
11,11,0,Lami//marketplace,nan,nan
11,11,0,Lami//pharmacy,nan,nan
11,11,0,Lami//gas_station,nan,nan
11,11,0,Lomba do Pinheiro//home,0.3081723902378439,0.3178082758906208
11,11,0,Lomba do Pinheiro//work,0.45441176470588235,0.6666666666666666
11,11,0,Lomba do Pinheiro//school,0.48711980136561145,0.6666666666666666
11,11,0,Lomba do Pinheiro//marketplace,nan,nan
11,11,0,Lomba do Pinheiro//pharmacy,nan,nan
11,11,0,Lomba do Pinheiro//gas_station,nan,nan
11,11,0,Mário Quintana//home,0.3631448287469494,0.33044405172655616
11,11,0,Mário Quintana//work,0.47729323308270677,0.6666666666666666
11,11,0,Mário Quintana//school,0.4722222222222222,0.6666666666666666
11,11,0,Mário Quintana//marketplace,nan,nan
11,11,0,Mário Quintana//pharmacy,nan,nan
11,11,0,Mário Quintana//gas_station,nan,nan
11,11,0,Medianeira//home,0.28287502203419707,0.2632352077090311
11,11,0,Medianeira//work,0.4385401459854015,0.6666666666666666
11,11,0,Medianeira//school,0.5833333333333334,0.6666666666666666
11,11,0,Medianeira//marketplace,nan,nan
11,11,0,Medianeira//pharmacy,nan,nan
11,11,0,Medianeira//gas_station,nan,nan
11,11,0,Menino Deus//home,0.34490196078431373,0.2311111111111111
11,11,0,Menino Deus//work,0.43153846153846154,0.6666666666666666
11,11,0,Menino Deus//school,0.65,0.6666666666666666
11,11,0,Menino Deus//marketplace,nan,nan
11,11,0,Menino Deus//pharmacy,nan,nan
11,11,0,Menino Deus//gas_station,nan,nan
11,11,0,Menino Deus//hospital,nan,nan
11,11,0,Moinhos de Vento//home,0.23687738112036122,0.11815060439302008
11,11,0,Moinhos de Vento//work,0.41833333333333333,0.6666666666666666
11,11,0,Moinhos de Vento//school,0.4318181818181818,0.6666666666666666
11,11,0,Moinhos de Vento//marketplace,nan,nan
11,11,0,Moinhos de Vento//pharmacy,nan,nan
11,11,0,Moinhos de Vento//gas_station,nan,nan
11,11,0,Moinhos de Vento//hospital,nan,nan
11,11,0,Moinhos de Vento//shopping_mall,nan,nan
11,11,0,Mont'Serrat//home,0.42621293800539084,0.2722371967654987
11,11,0,Mont'Serrat//work,0.4364179104477612,0.6666666666666666
11,11,0,Mont'Serrat//school,0.5,0.6666666666666666
11,11,0,Mont'Serrat//marketplace,nan,nan
11,11,0,Mont'Serrat//pharmacy,nan,nan
11,11,0,Mont'Serrat//gas_station,nan,nan
11,11,0,Morro Santana//home,0.3024776010239532,0.3642347778387274
11,11,0,Morro Santana//work,0.4563736263736264,0.6666666666666666
11,11,0,Morro Santana//school,0.508220502901354,0.6666666666666666
11,11,0,Morro Santana//marketplace,nan,nan
11,11,0,Morro Santana//pharmacy,nan,nan
11,11,0,Morro Santana//gas_station,nan,nan
11,11,0,Navegantes//home,0.18591014205483977,0.13985243915868295
11,11,0,Navegantes//work,0.42344827586206896,0.6666666666666666
11,11,0,Navegantes//school,0.5729974160206718,0.6666666666666666
11,11,0,Navegantes//marketplace,nan,nan
11,11,0,Navegantes//pharmacy,nan,nan
11,11,0,Navegantes//gas_station,nan,nan
11,11,0,Navegantes//shopping_mall,nan,nan
11,11,0,Nonoai//home,0.39818694601128124,0.32699435938759064
11,11,0,Nonoai//work,0.43625,0.6666666666666666
11,11,0,Nonoai//school,0.575,0.6666666666666666
11,11,0,Nonoai//marketplace,nan,nan
11,11,0,Nonoai//pharmacy,nan,nan
11,11,0,Nonoai//gas_station,nan,nan
11,11,0,Parque Santa Fé//home,0.32802340702210664,0.30060684872128307
11,11,0,Parque Santa Fé//work,0.4503875968992248,0.6666666666666666
11,11,0,Parque Santa Fé//school,0.5277777777777778,0.6666666666666666
11,11,0,Parque Santa Fé//marketplace,nan,nan
11,11,0,Parque Santa Fé//pharmacy,nan,nan
11,11,0,Parque Santa Fé//gas_station,nan,nan
11,11,0,Partenon//home,0.2889413616686344,0.34653023743932837
11,11,0,Partenon//work,0.4384246575342466,0.6666666666666666
11,11,0,Partenon//school,0.5741758241758241,0.6666666666666666
11,11,0,Partenon//marketplace,nan,nan
11,11,0,Partenon//pharmacy,nan,nan
11,11,0,Partenon//gas_station,nan,nan
11,11,0,Passo D'Areia//home,0.1717200747233798,0.3463141255927576
11,11,0,Passo D'Areia//work,0.42293333333333333,0.6666666666666666
11,11,0,Passo D'Areia//school,0.4868421052631579,0.6666666666666666
11,11,0,Passo D'Areia//marketplace,nan,nan
11,11,0,Passo D'Areia//pharmacy,nan,nan
11,11,0,Passo D'Areia//gas_station,nan,nan
11,11,0,Passo das Pedras//home,0.32637245622337907,0.3013882315822685
11,11,0,Passo das Pedras//work,0.4302547770700637,0.6666666666666666
11,11,0,Passo das Pedras//school,0.5,0.6666666666666666
11,11,0,Passo das Pedras//marketplace,nan,nan
11,11,0,Passo das Pedras//pharmacy,nan,nan
11,11,0,Passo das Pedras//gas_station,nan,nan
11,11,0,Pedra Redonda//home,0.30656934306569344,0.22384428223844283
11,11,0,Pedra Redonda//work,0.43153846153846154,0.6666666666666666
11,11,0,Pedra Redonda//school,0.35,0.6666666666666666
11,11,0,Pedra Redonda//marketplace,nan,nan
11,11,0,Pedra Redonda//pharmacy,nan,nan
11,11,0,Pedra Redonda//gas_station,nan,nan
11,11,0,Petrópolis//home,0.3388873525073746,0.28038962635201575
11,11,0,Petrópolis//work,0.4259090909090909,0.6666666666666666
11,11,0,Petrópolis//school,0.55,0.6666666666666666
11,11,0,Petrópolis//marketplace,nan,nan
11,11,0,Petrópolis//pharmacy,nan,nan
11,11,0,Petrópolis//gas_station,nan,nan
11,11,0,Pitinga//home,0.40924229808492923,0.16486261448792672
11,11,0,Pitinga//work,0.49551020408163265,0.6666666666666666
11,11,0,Pitinga//school,0.5357142857142857,0.6666666666666666
11,11,0,Pitinga//marketplace,nan,nan
11,11,0,Pitinga//pharmacy,nan,nan
11,11,0,Pitinga//gas_station,nan,nan
11,11,0,Ponta Grossa//home,0.3059717465753425,0.16937785388127855
11,11,0,Ponta Grossa//work,0.4509782608695652,0.6666666666666666
11,11,0,Ponta Grossa//school,0.5172253258845437,0.6666666666666666
11,11,0,Ponta Grossa//marketplace,nan,nan
11,11,0,Ponta Grossa//pharmacy,nan,nan
11,11,0,Ponta Grossa//gas_station,nan,nan
11,11,0,Praia de Belas//home,0.30388634879163945,0.22033529283692577
11,11,0,Praia de Belas//work,0.43933333333333335,0.6666666666666666
11,11,0,Praia de Belas//school,0.5277777777777778,0.6666666666666666
11,11,0,Praia de Belas//marketplace,nan,nan
11,11,0,Praia de Belas//pharmacy,nan,nan
11,11,0,Praia de Belas//gas_station,nan,nan
11,11,0,Praia de Belas//stadium,nan,nan
11,11,0,Praia de Belas//shopping_mall,nan,nan
11,11,0,Restinga//home,0.41586042541082735,0.3657252614355837
11,11,0,Restinga//work,0.4503937007874016,0.6666666666666666
11,11,0,Restinga//school,0.45,0.6666666666666666
11,11,0,Restinga//marketplace,nan,nan
11,11,0,Restinga//pharmacy,nan,nan
11,11,0,Restinga//gas_station,nan,nan
11,11,0,Restinga//hospital,nan,nan
11,11,0,Rio Branco//home,0.3215675938691104,0.2762144189441246
11,11,0,Rio Branco//work,0.40462264150943394,0.6666666666666666
11,11,0,Rio Branco//school,0.6071428571428571,0.6666666666666666
11,11,0,Rio Branco//marketplace,nan,nan
11,11,0,Rio Branco//pharmacy,nan,nan
11,11,0,Rio Branco//gas_station,nan,nan
11,11,0,Rio Branco//hospital,nan,nan
11,11,0,Rubem Berta//home,0.23794243485025282,0.32062751199273953
11,11,0,Rubem Berta//work,0.4323880597014925,0.6666666666666666
11,11,0,Rubem Berta//school,0.5833333333333334,0.6666666666666666
11,11,0,Rubem Berta//marketplace,nan,nan
11,11,0,Rubem Berta//pharmacy,nan,nan
11,11,0,Rubem Berta//gas_station,nan,nan
11,11,0,Santa Cecília//home,0.25430186823992135,0.2805637495902983
11,11,0,Santa Cecília//work,0.4303030303030303,0.6666666666666666
11,11,0,Santa Cecília//school,0.5552970651395849,0.6666666666666666
11,11,0,Santa Cecília//marketplace,nan,nan
11,11,0,Santa Cecília//pharmacy,nan,nan
11,11,0,Santa Cecília//gas_station,nan,nan
11,11,0,Santa Cecília//hospital,nan,nan
11,11,0,Santa Maria Goretti//home,0.470125786163522,0.37409736780805963
11,11,0,Santa Maria Goretti//work,0.41733333333333333,0.6666666666666666
11,11,0,Santa Maria Goretti//school,0.55,0.6666666666666666
11,11,0,Santa Maria Goretti//marketplace,nan,nan
11,11,0,Santa Maria Goretti//pharmacy,nan,nan
11,11,0,Santa Maria Goretti//gas_station,nan,nan
11,11,0,Santa Rosa de Lima//home,0.34042704020869957,0.30272783984574375
11,11,0,Santa Rosa de Lima//work,0.4295098039215686,0.6666666666666666
11,11,0,Santa Rosa de Lima//school,0.5,0.6666666666666666
11,11,0,Santa Rosa de Lima//marketplace,nan,nan
11,11,0,Santa Rosa de Lima//pharmacy,nan,nan
11,11,0,Santa Rosa de Lima//gas_station,nan,nan
11,11,0,Santa Tereza//home,0.30152287998430527,0.35976915657135383
11,11,0,Santa Tereza//work,0.4199300699300699,0.6666666666666666
11,11,0,Santa Tereza//school,0.4523809523809524,0.6666666666666666
11,11,0,Santa Tereza//marketplace,nan,nan
11,11,0,Santa Tereza//pharmacy,nan,nan
11,11,0,Santa Tereza//gas_station,nan,nan
11,11,0,Santana//home,0.311501042390549,0.24454813196995268
11,11,0,Santana//work,0.4147142857142857,0.6666666666666666
11,11,0,Santana//school,0.4375,0.6666666666666666
11,11,0,Santana//marketplace,nan,nan
11,11,0,Santana//pharmacy,nan,nan
11,11,0,Santana//gas_station,nan,nan
11,11,0,Santana//hospital,nan,nan
11,11,0,Santo Antônio//home,0.3156405037527032,0.25967858202942795
11,11,0,Santo Antônio//work,0.4359302325581395,0.6666666666666666
11,11,0,Santo Antônio//school,0.69449378330373,0.6666666666666666
11,11,0,Santo Antônio//marketplace,nan,nan
11,11,0,Santo Antônio//pharmacy,nan,nan
11,11,0,Santo Antônio//gas_station,nan,nan
11,11,0,São Caetano//home,0.28231597845601436,0.06223818073010173
11,11,0,São Caetano//work,0.46,0.6666666666666666
11,11,0,São Caetano//school,0.5833333333333334,0.6666666666666666
11,11,0,São Caetano//marketplace,nan,nan
11,11,0,São Caetano//pharmacy,nan,nan
11,11,0,São Caetano//gas_station,nan,nan
11,11,0,São Geraldo//home,0.2977158574503707,0.18910946344574664
11,11,0,São Geraldo//work,0.42272727272727273,0.6666666666666666
11,11,0,São Geraldo//school,0.6590909090909091,0.6666666666666666
11,11,0,São Geraldo//marketplace,nan,nan
11,11,0,São Geraldo//pharmacy,nan,nan
11,11,0,São Geraldo//gas_station,nan,nan
11,11,0,São João//home,0.35493905535804976,0.271119011342475
11,11,0,São João//work,0.4350847457627119,0.6666666666666666
11,11,0,São João//school,0.5,0.6666666666666666
11,11,0,São João//marketplace,nan,nan
11,11,0,São João//pharmacy,nan,nan
11,11,0,São João//gas_station,nan,nan
11,11,0,São João//shopping_mall,nan,nan
11,11,0,São Sebastião//home,0.2552098408104197,0.3455861070911722
11,11,0,São Sebastião//work,0.4273913043478261,0.6666666666666666
11,11,0,São Sebastião//school,0.6052578156719448,0.6666666666666666
11,11,0,São Sebastião//marketplace,nan,nan
11,11,0,São Sebastião//pharmacy,nan,nan
11,11,0,São Sebastião//gas_station,nan,nan
11,11,0,São Sebastião//shopping_mall,nan,nan
11,11,0,Sarandi//home,0.344684487696714,0.2567419132969932
11,11,0,Sarandi//work,0.43742857142857144,0.6666666666666666
11,11,0,Sarandi//school,0.41,0.6666666666666666
11,11,0,Sarandi//marketplace,nan,nan
11,11,0,Sarandi//pharmacy,nan,nan
11,11,0,Sarandi//gas_station,nan,nan
11,11,0,Sarandi//shopping_mall,nan,nan
11,11,0,Serraria//home,0.25844178684488217,0.34681674287724235
11,11,0,Serraria//work,0.4541818181818182,0.6666666666666666
11,11,0,Serraria//school,0.6,0.6666666666666666
11,11,0,Serraria//marketplace,nan,nan
11,11,0,Serraria//pharmacy,nan,nan
11,11,0,Serraria//gas_station,nan,nan
11,11,0,Sétimo Céu//home,0.2453660797034291,0.4275563793636083
11,11,0,Sétimo Céu//work,0.44746987951807227,0.6666666666666666
11,11,0,Sétimo Céu//school,0.4166666666666667,0.6666666666666666
11,11,0,Sétimo Céu//marketplace,nan,nan
11,11,0,Sétimo Céu//pharmacy,nan,nan
11,11,0,Sétimo Céu//gas_station,nan,nan
11,11,0,Teresópolis//home,0.2515555765060809,0.2057132082586971
11,11,0,Teresópolis//work,0.4406451612903226,0.6666666666666666
11,11,0,Teresópolis//school,0.5249842866121935,0.6666666666666666
11,11,0,Teresópolis//marketplace,nan,nan
11,11,0,Teresópolis//pharmacy,nan,nan
11,11,0,Teresópolis//gas_station,nan,nan
11,11,0,Teresópolis//hospital,nan,nan
11,11,0,Três Figueiras//home,0.2589494163424125,0.349935149156939
11,11,0,Três Figueiras//work,0.41401960784313724,0.6666666666666666
11,11,0,Três Figueiras//school,0.5192307692307693,0.6666666666666666
11,11,0,Três Figueiras//marketplace,nan,nan
11,11,0,Três Figueiras//pharmacy,nan,nan
11,11,0,Três Figueiras//gas_station,nan,nan
11,11,0,Três Figueiras//shopping_mall,nan,nan
11,11,0,Tristeza//home,0.2665400296515938,0.3169631826043983
11,11,0,Tristeza//work,0.43777777777777777,0.6666666666666666
11,11,0,Tristeza//school,0.75,0.6666666666666666
11,11,0,Tristeza//marketplace,nan,nan
11,11,0,Tristeza//pharmacy,nan,nan
11,11,0,Tristeza//gas_station,nan,nan
11,11,0,Vila Assunção//home,0.2940751445086705,0.08285163776493257
11,11,0,Vila Assunção//work,0.42775,0.6666666666666666
11,11,0,Vila Assunção//school,0.6071428571428571,0.6666666666666666
11,11,0,Vila Assunção//marketplace,nan,nan
11,11,0,Vila Assunção//pharmacy,nan,nan
11,11,0,Vila Assunção//gas_station,nan,nan
11,11,0,Vila Assunção//hospital,nan,nan
11,11,0,Vila Conceição//home,0.23072646404744254,0.2213985668396343
11,11,0,Vila Conceição//work,0.42403846153846153,0.6666666666666666
11,11,0,Vila Conceição//school,0.55,0.6666666666666666
11,11,0,Vila Conceição//marketplace,nan,nan
11,11,0,Vila Conceição//pharmacy,nan,nan
11,11,0,Vila Conceição//gas_station,nan,nan
11,11,0,Vila Ipiranga//home,0.30655090040426314,0.3956266078647556
11,11,0,Vila Ipiranga//work,0.4435294117647059,0.6666666666666666
11,11,0,Vila Ipiranga//school,0.4423076923076923,0.6666666666666666
11,11,0,Vila Ipiranga//marketplace,nan,nan
11,11,0,Vila Ipiranga//pharmacy,nan,nan
11,11,0,Vila Ipiranga//gas_station,nan,nan
11,11,0,Vila Jardim//home,0.4071826502188619,0.3732590529247911
11,11,0,Vila Jardim//work,0.4320792079207921,0.6666666666666666
11,11,0,Vila Jardim//school,0.75,0.6666666666666666
11,11,0,Vila Jardim//marketplace,nan,nan
11,11,0,Vila Jardim//pharmacy,nan,nan
11,11,0,Vila Jardim//gas_station,nan,nan
11,11,0,Vila João Pessoa//home,0.2689267254484646,0.35319752711057056
11,11,0,Vila João Pessoa//work,0.4335135135135135,0.6666666666666666
11,11,0,Vila João Pessoa//school,0.5,0.6666666666666666
11,11,0,Vila João Pessoa//marketplace,nan,nan
11,11,0,Vila João Pessoa//pharmacy,nan,nan
11,11,0,Vila João Pessoa//gas_station,nan,nan
11,11,0,Vila Nova//home,0.3173528448181719,0.3863710822321721
11,11,0,Vila Nova//work,0.4218,0.6666666666666666
11,11,0,Vila Nova//school,0.55,0.6666666666666666
11,11,0,Vila Nova//marketplace,nan,nan
11,11,0,Vila Nova//pharmacy,nan,nan
11,11,0,Vila Nova//gas_station,nan,nan
11,11,0,Vila Nova//hospital,nan,nan
11,11,0,São José//home,0.36528735632183906,0.34533844189016605
11,11,0,São José//work,0.4555208333333333,0.6666666666666666
11,11,0,São José//school,0.5416666666666666,0.6666666666666666
11,11,0,São José//marketplace,nan,nan
11,11,0,São José//pharmacy,nan,nan
11,11,0,São José//gas_station,nan,nan
12,12,0,Aberta dos Morros//home,0.2505833171300797,0.06688703091580789
12,12,0,Aberta dos Morros//work,0.4452479338842975,0.6666666666666666
12,12,0,Aberta dos Morros//school,0.4876325088339223,0.6666666666666666
12,12,0,Aberta dos Morros//marketplace,nan,nan
12,12,0,Aberta dos Morros//pharmacy,nan,nan
12,12,0,Aberta dos Morros//gas_station,nan,nan
12,12,0,Agronomia//home,0.22683858643744031,0.22031200254695957
12,12,0,Agronomia//work,0.45291005291005293,0.6666666666666666
12,12,0,Agronomia//school,0.5595723014256619,0.6666666666666666
12,12,0,Agronomia//marketplace,nan,nan
12,12,0,Agronomia//pharmacy,nan,nan
12,12,0,Agronomia//gas_station,nan,nan
12,12,0,Anchieta//home,0.40953716690042075,0.07012622720897616
12,12,0,Anchieta//work,0.4266233766233766,0.6666666666666666
12,12,0,Anchieta//school,0.5476190476190477,0.6666666666666666
12,12,0,Anchieta//marketplace,nan,nan
12,12,0,Anchieta//pharmacy,nan,nan
12,12,0,Anchieta//gas_station,nan,nan
12,12,0,Arquipélago//home,0.28974321984997115,0.1749374879784574
12,12,0,Arquipélago//work,0.47430555555555554,0.6666666666666666
12,12,0,Arquipélago//school,0.6241721854304636,0.6666666666666666
12,12,0,Arquipélago//marketplace,nan,nan
12,12,0,Arquipélago//pharmacy,nan,nan
12,12,0,Arquipélago//gas_station,nan,nan
12,12,0,Auxiliadora//home,0.21823336521382702,0.09773648494785261
12,12,0,Auxiliadora//work,0.44772727272727275,0.6666666666666666
12,12,0,Auxiliadora//school,0.43543046357615894,0.6666666666666666
12,12,0,Auxiliadora//marketplace,nan,nan
12,12,0,Auxiliadora//pharmacy,nan,nan
12,12,0,Auxiliadora//gas_station,nan,nan
12,12,0,Azenha//home,0.16070011900039666,0.10141478249371942
12,12,0,Azenha//work,0.4201190476190476,0.6666666666666666
12,12,0,Azenha//school,0.5716867469879519,0.6666666666666666
12,12,0,Azenha//marketplace,nan,nan
12,12,0,Azenha//pharmacy,nan,nan
12,12,0,Azenha//gas_station,nan,nan
12,12,0,Azenha//hospital,nan,nan
12,12,0,Azenha//shopping_mall,nan,nan
12,12,0,Bela Vista//home,0.24000641299700726,0.15369816160752459
12,12,0,Bela Vista//work,0.40996835443037977,0.6666666666666666
12,12,0,Bela Vista//school,0.5349056603773585,0.6666666666666666
12,12,0,Bela Vista//marketplace,nan,nan
12,12,0,Bela Vista//pharmacy,nan,nan
12,12,0,Bela Vista//gas_station,nan,nan
12,12,0,Belém Novo//home,0.23504365249749534,0.08014884786031201
12,12,0,Belém Novo//work,0.437874251497006,0.6666666666666666
12,12,0,Belém Novo//school,0.678030303030303,0.6666666666666666
12,12,0,Belém Novo//marketplace,nan,nan
12,12,0,Belém Novo//pharmacy,nan,nan
12,12,0,Belém Novo//gas_station,nan,nan
12,12,0,Belém Velho//home,0.30672858479219567,0.07519265891576463
12,12,0,Belém Velho//work,0.4646929824561403,0.6666666666666666
12,12,0,Belém Velho//school,0.5334067547723935,0.6666666666666666
12,12,0,Belém Velho//marketplace,nan,nan
12,12,0,Belém Velho//pharmacy,nan,nan
12,12,0,Belém Velho//gas_station,nan,nan
12,12,0,Boa Vista//home,0.2156554092730395,0.07613050944476245
12,12,0,Boa Vista//work,0.43351063829787234,0.6666666666666666
12,12,0,Boa Vista//school,0.6666666666666666,0.6666666666666666
12,12,0,Boa Vista//marketplace,nan,nan
12,12,0,Boa Vista//pharmacy,nan,nan
12,12,0,Boa Vista//gas_station,nan,nan
12,12,0,Boa Vista do Sul//home,0.2432983682983683,0.12393162393162394
12,12,0,Boa Vista do Sul//work,0.4480662983425414,0.6666666666666666
12,12,0,Boa Vista do Sul//school,0.5050335570469798,0.6666666666666666
12,12,0,Boa Vista do Sul//marketplace,nan,nan
12,12,0,Boa Vista do Sul//pharmacy,nan,nan
12,12,0,Boa Vista do Sul//gas_station,nan,nan
12,12,0,Bom Fim//home,0.17164422951248204,0.04792401864679998
12,12,0,Bom Fim//work,0.42314410480349346,0.6666666666666666
12,12,0,Bom Fim//school,0.625,0.6666666666666666
12,12,0,Bom Fim//marketplace,nan,nan
12,12,0,Bom Fim//pharmacy,nan,nan
12,12,0,Bom Fim//gas_station,nan,nan
12,12,0,Bom Jesus//home,0.33034046086776003,0.06605079233271054
12,12,0,Bom Jesus//work,0.4503067484662577,0.6666666666666666
12,12,0,Bom Jesus//school,0.47771084337349395,0.6666666666666666
12,12,0,Bom Jesus//marketplace,nan,nan
12,12,0,Bom Jesus//pharmacy,nan,nan
12,12,0,Bom Jesus//gas_station,nan,nan
12,12,0,Camaquã//home,0.21269271067205509,0.12473182657286833
12,12,0,Camaquã//work,0.48434650455927053,0.6666666666666666
12,12,0,Camaquã//school,0.48116089613034624,0.6666666666666666
12,12,0,Camaquã//marketplace,nan,nan
12,12,0,Camaquã//pharmacy,nan,nan
12,12,0,Camaquã//gas_station,nan,nan
12,12,0,Campo Novo//home,0.24744207041829672,0.11686227304644398
12,12,0,Campo Novo//work,0.46048387096774196,0.6666666666666666
12,12,0,Campo Novo//school,0.5392249527410208,0.6666666666666666
12,12,0,Campo Novo//marketplace,nan,nan
12,12,0,Campo Novo//pharmacy,nan,nan
12,12,0,Campo Novo//gas_station,nan,nan
12,12,0,Cascata//home,0.33256080270476607,0.07249063874650089
12,12,0,Cascata//work,0.4495884773662551,0.6666666666666666
12,12,0,Cascata//school,0.4646892655367232,0.6666666666666666
12,12,0,Cascata//marketplace,nan,nan
12,12,0,Cascata//pharmacy,nan,nan
12,12,0,Cascata//gas_station,nan,nan
12,12,0,Cavalhada//home,0.21208095356344672,0.07787434814998759
12,12,0,Cavalhada//work,0.4319230769230769,0.6666666666666666
12,12,0,Cavalhada//school,0.6038461538461538,0.6666666666666666
12,12,0,Cavalhada//marketplace,nan,nan
12,12,0,Cavalhada//pharmacy,nan,nan
12,12,0,Cavalhada//gas_station,nan,nan
12,12,0,Cavalhada//shopping_mall,nan,nan
12,12,0,Centro Histórico//home,0.22011006765626578,0.11486979254322484
12,12,0,Centro Histórico//work,0.4276824034334764,0.6666666666666666
12,12,0,Centro Histórico//school,0.5454545454545454,0.6666666666666666
12,12,0,Centro Histórico//marketplace,nan,nan
12,12,0,Centro Histórico//pharmacy,nan,nan
12,12,0,Centro Histórico//gas_station,nan,nan
12,12,0,Centro Histórico//hospital,nan,nan
12,12,0,Centro Histórico//shopping_mall,nan,nan
12,12,0,Chácara das Pedras//home,0.21753499222395023,0.11858475894245724
12,12,0,Chácara das Pedras//work,0.4342679127725857,0.6666666666666666
12,12,0,Chácara das Pedras//school,0.3516042780748663,0.6666666666666666
12,12,0,Chácara das Pedras//marketplace,nan,nan
12,12,0,Chácara das Pedras//pharmacy,nan,nan
12,12,0,Chácara das Pedras//gas_station,nan,nan
12,12,0,Chapéu do Sol//home,0.2877008652657602,0.1738772146683148
12,12,0,Chapéu do Sol//work,0.4866197183098592,0.6666666666666666
12,12,0,Chapéu do Sol//school,0.5183284457478006,0.6666666666666666
12,12,0,Chapéu do Sol//marketplace,nan,nan
12,12,0,Chapéu do Sol//pharmacy,nan,nan
12,12,0,Chapéu do Sol//gas_station,nan,nan
12,12,0,Cidade Baixa//home,0.23438904781364936,0.11878490668846206
12,12,0,Cidade Baixa//work,0.4054160125588697,0.6666666666666666
12,12,0,Cidade Baixa//school,0.5685840707964602,0.6666666666666666
12,12,0,Cidade Baixa//marketplace,nan,nan
12,12,0,Cidade Baixa//pharmacy,nan,nan
12,12,0,Cidade Baixa//gas_station,nan,nan
12,12,0,Cel. Aparício Borges//home,0.29797350238620984,0.10071942446043165
12,12,0,Cel. Aparício Borges//work,0.43314606741573036,0.6666666666666666
12,12,0,Cel. Aparício Borges//school,0.5402869757174393,0.6666666666666666
12,12,0,Cel. Aparício Borges//marketplace,nan,nan
12,12,0,Cel. Aparício Borges//pharmacy,nan,nan
12,12,0,Cel. Aparício Borges//gas_station,nan,nan
12,12,0,Costa e Silva//home,0.33234580572921524,0.059469378868464436
12,12,0,Costa e Silva//work,0.44471830985915495,0.6666666666666666
12,12,0,Costa e Silva//school,0.5207231040564374,0.6666666666666666
12,12,0,Costa e Silva//marketplace,nan,nan
12,12,0,Costa e Silva//pharmacy,nan,nan
12,12,0,Costa e Silva//gas_station,nan,nan
12,12,0,Cristal//home,0.24291936460613966,0.06661387245539666
12,12,0,Cristal//work,0.44451754385964914,0.6666666666666666
12,12,0,Cristal//school,0.5163265306122449,0.6666666666666666
12,12,0,Cristal//marketplace,nan,nan
12,12,0,Cristal//pharmacy,nan,nan
12,12,0,Cristal//gas_station,nan,nan
12,12,0,Cristo Redentor//home,0.20648987817165887,0.06051723611492779
12,12,0,Cristo Redentor//work,0.495,0.6666666666666666
12,12,0,Cristo Redentor//school,0.75,0.6666666666666666
12,12,0,Cristo Redentor//marketplace,nan,nan
12,12,0,Cristo Redentor//pharmacy,nan,nan
12,12,0,Cristo Redentor//gas_station,nan,nan
12,12,0,Cristo Redentor//hospital,nan,nan
12,12,0,Cristo Redentor//shopping_mall,nan,nan
12,12,0,Espírito Santo//home,0.22186370676303563,0.07416967819652383
12,12,0,Espírito Santo//work,0.4384313725490196,0.6666666666666666
12,12,0,Espírito Santo//school,0.4900662251655629,0.6666666666666666
12,12,0,Espírito Santo//marketplace,nan,nan
12,12,0,Espírito Santo//pharmacy,nan,nan
12,12,0,Espírito Santo//gas_station,nan,nan
12,12,0,Extrema//home,0.3112321562734786,0.021036814425244178
12,12,0,Extrema//work,0.4643564356435644,0.6666666666666666
12,12,0,Extrema//school,0.75,0.6666666666666666
12,12,0,Extrema//marketplace,nan,nan
12,12,0,Extrema//pharmacy,nan,nan
12,12,0,Extrema//gas_station,nan,nan
12,12,0,Farrapos//home,0.33552577991365967,0.05571393662946974
12,12,0,Farrapos//work,0.4586206896551724,0.6666666666666666
12,12,0,Farrapos//school,0.6723484848484849,0.6666666666666666
12,12,0,Farrapos//marketplace,nan,nan
12,12,0,Farrapos//pharmacy,nan,nan
12,12,0,Farrapos//gas_station,nan,nan
12,12,0,Farrapos//stadium,nan,nan
12,12,0,Farroupilha//home,0.19434137291280149,0.15089672232529375
12,12,0,Farroupilha//work,0.4050473186119874,0.6666666666666666
12,12,0,Farroupilha//school,0.4492084432717678,0.6666666666666666
12,12,0,Farroupilha//marketplace,nan,nan
12,12,0,Farroupilha//pharmacy,nan,nan
12,12,0,Farroupilha//gas_station,nan,nan
12,12,0,Farroupilha//hospital,nan,nan
12,12,0,Floresta//home,0.16233766233766234,0.08424908424908426
12,12,0,Floresta//work,0.4072494669509595,0.6666666666666666
12,12,0,Floresta//school,0.5803964757709251,0.6666666666666666
12,12,0,Floresta//marketplace,nan,nan
12,12,0,Floresta//pharmacy,nan,nan
12,12,0,Floresta//gas_station,nan,nan
12,12,0,Glória//home,0.20599329421626153,0.09125454037440626
12,12,0,Glória//work,0.4386694386694387,0.6666666666666666
12,12,0,Glória//school,0.508590308370044,0.6666666666666666
12,12,0,Glória//marketplace,nan,nan
12,12,0,Glória//pharmacy,nan,nan
12,12,0,Glória//gas_station,nan,nan
12,12,0,Glória//hospital,nan,nan
12,12,0,Guarujá//home,0.2504018215912135,0.14894186980980445
12,12,0,Guarujá//work,0.45774647887323944,0.6666666666666666
12,12,0,Guarujá//school,0.5833333333333334,0.6666666666666666
12,12,0,Guarujá//marketplace,nan,nan
12,12,0,Guarujá//pharmacy,nan,nan
12,12,0,Guarujá//gas_station,nan,nan
12,12,0,Higienópolis//home,0.22598787737498544,0.15075572133504295
12,12,0,Higienópolis//work,0.43561643835616437,0.6666666666666666
12,12,0,Higienópolis//school,0.6245874587458746,0.6666666666666666
12,12,0,Higienópolis//marketplace,nan,nan
12,12,0,Higienópolis//pharmacy,nan,nan
12,12,0,Higienópolis//gas_station,nan,nan
12,12,0,Hípica//home,0.29323056300268097,0.16014298480786415
12,12,0,Hípica//work,0.45170068027210886,0.6666666666666666
12,12,0,Hípica//school,0.4354460093896714,0.6666666666666666
12,12,0,Hípica//marketplace,nan,nan
12,12,0,Hípica//pharmacy,nan,nan
12,12,0,Hípica//gas_station,nan,nan
12,12,0,Humaitá//home,0.26263537906137185,0.08473380638200755
12,12,0,Humaitá//work,0.4544642857142857,0.6666666666666666
12,12,0,Humaitá//school,0.4265676567656766,0.6666666666666666
12,12,0,Humaitá//marketplace,nan,nan
12,12,0,Humaitá//pharmacy,nan,nan
12,12,0,Humaitá//gas_station,nan,nan
12,12,0,Independência//home,0.20246005378895746,0.12645678426409324
12,12,0,Independência//work,0.39283216783216784,0.6666666666666666
12,12,0,Independência//school,0.5,0.6666666666666666
12,12,0,Independência//marketplace,nan,nan
12,12,0,Independência//pharmacy,nan,nan
12,12,0,Independência//gas_station,nan,nan
12,12,0,Independência//hospital,nan,nan
12,12,0,Independência//shopping_mall,nan,nan
12,12,0,Ipanema//home,0.21874693837562456,0.11175337186897881
12,12,0,Ipanema//work,0.46304347826086956,0.6666666666666666
12,12,0,Ipanema//school,0.5717821782178217,0.6666666666666666
12,12,0,Ipanema//marketplace,nan,nan
12,12,0,Ipanema//pharmacy,nan,nan
12,12,0,Ipanema//gas_station,nan,nan
12,12,0,Jardim Botânico//home,0.20005411255411257,0.11190476190476191
12,12,0,Jardim Botânico//work,0.44537815126050423,0.6666666666666666
12,12,0,Jardim Botânico//school,0.5498236331569665,0.6666666666666666
12,12,0,Jardim Botânico//marketplace,nan,nan
12,12,0,Jardim Botânico//pharmacy,nan,nan
12,12,0,Jardim Botânico//gas_station,nan,nan
12,12,0,Jardim Botânico//hospital,nan,nan
12,12,0,Jardim Botânico//shopping_mall,nan,nan
12,12,0,Jardim Carvalho//home,0.24682144831398561,0.10197162336465819
12,12,0,Jardim Carvalho//work,0.442741935483871,0.6666666666666666
12,12,0,Jardim Carvalho//school,0.589,0.6666666666666666
12,12,0,Jardim Carvalho//marketplace,nan,nan
12,12,0,Jardim Carvalho//pharmacy,nan,nan
12,12,0,Jardim Carvalho//gas_station,nan,nan
12,12,0,Jardim Carvalho//hospital,nan,nan
12,12,0,Jardim do Salso//home,0.21761933718455456,0.10073983987027466
12,12,0,Jardim do Salso//work,0.46054216867469877,0.6666666666666666
12,12,0,Jardim do Salso//school,0.6346153846153846,0.6666666666666666
12,12,0,Jardim do Salso//marketplace,nan,nan
12,12,0,Jardim do Salso//pharmacy,nan,nan
12,12,0,Jardim do Salso//gas_station,nan,nan
12,12,0,Jardim Leopoldina//home,0.2296137339055794,0.1481640438721984
12,12,0,Jardim Leopoldina//work,0.4484295415959253,0.6666666666666666
12,12,0,Jardim Leopoldina//school,0.441340782122905,0.6666666666666666
12,12,0,Jardim Leopoldina//marketplace,nan,nan
12,12,0,Jardim Leopoldina//pharmacy,nan,nan
12,12,0,Jardim Leopoldina//gas_station,nan,nan
12,12,0,Jardim Europa//home,0.29699093157460843,0.18411651552624347
12,12,0,Jardim Europa//work,0.4358974358974359,0.6666666666666666
12,12,0,Jardim Europa//school,0.5446768060836502,0.6666666666666666
12,12,0,Jardim Europa//marketplace,nan,nan
12,12,0,Jardim Europa//pharmacy,nan,nan
12,12,0,Jardim Europa//gas_station,nan,nan
12,12,0,Jardim Europa//shopping_mall,nan,nan
12,12,0,Jardim Floresta//home,0.1834752527940394,0.10431080361894625
12,12,0,Jardim Floresta//work,0.4096273291925466,0.6666666666666666
12,12,0,Jardim Floresta//school,0.5573878627968337,0.6666666666666666
12,12,0,Jardim Floresta//marketplace,nan,nan
12,12,0,Jardim Floresta//pharmacy,nan,nan
12,12,0,Jardim Floresta//gas_station,nan,nan
12,12,0,Jardim Isabel//home,0.26959149645685704,0.18257607336390164
12,12,0,Jardim Isabel//work,0.45592105263157895,0.6666666666666666
12,12,0,Jardim Isabel//school,0.6245874587458746,0.6666666666666666
12,12,0,Jardim Isabel//marketplace,nan,nan
12,12,0,Jardim Isabel//pharmacy,nan,nan
12,12,0,Jardim Isabel//gas_station,nan,nan
12,12,0,Jardim Itú//home,0.2331235302254807,0.15456264121363028
12,12,0,Jardim Itú//work,0.43389830508474575,0.6666666666666666
12,12,0,Jardim Itú//school,0.48197115384615385,0.6666666666666666
12,12,0,Jardim Itú//marketplace,nan,nan
12,12,0,Jardim Itú//pharmacy,nan,nan
12,12,0,Jardim Itú//gas_station,nan,nan
12,12,0,Jardim Lindóia//home,0.22583170254403132,0.05805609915198956
12,12,0,Jardim Lindóia//work,0.4246621621621622,0.6666666666666666
12,12,0,Jardim Lindóia//school,0.75,0.6666666666666666
12,12,0,Jardim Lindóia//marketplace,nan,nan
12,12,0,Jardim Lindóia//pharmacy,nan,nan
12,12,0,Jardim Lindóia//gas_station,nan,nan
12,12,0,Jardim Lindóia//shopping_mall,nan,nan
12,12,0,Jardim Sabará//home,0.18972351121423048,0.11787831915442125
12,12,0,Jardim Sabará//work,0.44305210918114146,0.6666666666666666
12,12,0,Jardim Sabará//school,0.5470219435736677,0.6666666666666666
12,12,0,Jardim Sabará//marketplace,nan,nan
12,12,0,Jardim Sabará//pharmacy,nan,nan
12,12,0,Jardim Sabará//gas_station,nan,nan
12,12,0,Jardim São Pedro//home,0.2026664562953613,0.1251709266856001
12,12,0,Jardim São Pedro//work,0.4363157894736842,0.6666666666666666
12,12,0,Jardim São Pedro//school,0.5629139072847682,0.6666666666666666
12,12,0,Jardim São Pedro//marketplace,nan,nan
12,12,0,Jardim São Pedro//pharmacy,nan,nan
12,12,0,Jardim São Pedro//gas_station,nan,nan
12,12,0,Lageado//home,0.30144596651445965,0.08990360223236936
12,12,0,Lageado//work,0.4808823529411765,0.6666666666666666
12,12,0,Lageado//school,0.5709134615384616,0.6666666666666666
12,12,0,Lageado//marketplace,nan,nan
12,12,0,Lageado//pharmacy,nan,nan
12,12,0,Lageado//gas_station,nan,nan
12,12,0,Lami//home,0.2630827067669173,0.1375438596491228
12,12,0,Lami//work,0.46565656565656566,0.6666666666666666
12,12,0,Lami//school,0.75,0.6666666666666666
12,12,0,Lami//marketplace,nan,nan
12,12,0,Lami//pharmacy,nan,nan
12,12,0,Lami//gas_station,nan,nan
12,12,0,Lomba do Pinheiro//home,0.3169167274181031,0.10968181925075841
12,12,0,Lomba do Pinheiro//work,0.4553493449781659,0.6666666666666666
12,12,0,Lomba do Pinheiro//school,0.48408624229979463,0.6666666666666666
12,12,0,Lomba do Pinheiro//marketplace,nan,nan
12,12,0,Lomba do Pinheiro//pharmacy,nan,nan
12,12,0,Lomba do Pinheiro//gas_station,nan,nan
12,12,0,Mário Quintana//home,0.34224366746403645,0.15442758680953786
12,12,0,Mário Quintana//work,0.48070017953321365,0.6666666666666666
12,12,0,Mário Quintana//school,0.47968980797636634,0.6666666666666666
12,12,0,Mário Quintana//marketplace,nan,nan
12,12,0,Mário Quintana//pharmacy,nan,nan
12,12,0,Mário Quintana//gas_station,nan,nan
12,12,0,Medianeira//home,0.1819458631256384,0.07924753149472251
12,12,0,Medianeira//work,0.4413322632423756,0.6666666666666666
12,12,0,Medianeira//school,0.5805500982318271,0.6666666666666666
12,12,0,Medianeira//marketplace,nan,nan
12,12,0,Medianeira//pharmacy,nan,nan
12,12,0,Medianeira//gas_station,nan,nan
12,12,0,Menino Deus//home,0.19284913551502608,0.09959901694476782
12,12,0,Menino Deus//work,0.4312154696132597,0.6666666666666666
12,12,0,Menino Deus//school,0.6468253968253969,0.6666666666666666
12,12,0,Menino Deus//marketplace,nan,nan
12,12,0,Menino Deus//pharmacy,nan,nan
12,12,0,Menino Deus//gas_station,nan,nan
12,12,0,Menino Deus//hospital,nan,nan
12,12,0,Moinhos de Vento//home,0.20283363802559415,0.042900670322973795
12,12,0,Moinhos de Vento//work,0.4220052083333333,0.6666666666666666
12,12,0,Moinhos de Vento//school,0.43795180722891563,0.6666666666666666
12,12,0,Moinhos de Vento//marketplace,nan,nan
12,12,0,Moinhos de Vento//pharmacy,nan,nan
12,12,0,Moinhos de Vento//gas_station,nan,nan
12,12,0,Moinhos de Vento//hospital,nan,nan
12,12,0,Moinhos de Vento//shopping_mall,nan,nan
12,12,0,Mont'Serrat//home,0.22051730375015072,0.11149965834639657
12,12,0,Mont'Serrat//work,0.44573378839590444,0.6666666666666666
12,12,0,Mont'Serrat//school,0.5006631299734748,0.6666666666666666
12,12,0,Mont'Serrat//marketplace,nan,nan
12,12,0,Mont'Serrat//pharmacy,nan,nan
12,12,0,Mont'Serrat//gas_station,nan,nan
12,12,0,Morro Santana//home,0.23943901113827765,0.13447432762836187
12,12,0,Morro Santana//work,0.46228448275862066,0.6666666666666666
12,12,0,Morro Santana//school,0.5060192616372392,0.6666666666666666
12,12,0,Morro Santana//marketplace,nan,nan
12,12,0,Morro Santana//pharmacy,nan,nan
12,12,0,Morro Santana//gas_station,nan,nan
12,12,0,Navegantes//home,0.19186720788634387,0.12235430559582487
12,12,0,Navegantes//work,0.4270428015564202,0.6666666666666666
12,12,0,Navegantes//school,0.566916488222698,0.6666666666666666
12,12,0,Navegantes//marketplace,nan,nan
12,12,0,Navegantes//pharmacy,nan,nan
12,12,0,Navegantes//gas_station,nan,nan
12,12,0,Navegantes//shopping_mall,nan,nan
12,12,0,Nonoai//home,0.2221025239241144,0.09804689686048464
12,12,0,Nonoai//work,0.4407155025553663,0.6666666666666666
12,12,0,Nonoai//school,0.5853253652058433,0.6666666666666666
12,12,0,Nonoai//marketplace,nan,nan
12,12,0,Nonoai//pharmacy,nan,nan
12,12,0,Nonoai//gas_station,nan,nan
12,12,0,Parque Santa Fé//home,0.2554993400791905,0.0973749816688664
12,12,0,Parque Santa Fé//work,0.45271317829457364,0.6666666666666666
12,12,0,Parque Santa Fé//school,0.5161764705882353,0.6666666666666666
12,12,0,Parque Santa Fé//marketplace,nan,nan
12,12,0,Parque Santa Fé//pharmacy,nan,nan
12,12,0,Parque Santa Fé//gas_station,nan,nan
12,12,0,Partenon//home,0.20411977095145412,0.11785281092211786
12,12,0,Partenon//work,0.44061514195583595,0.6666666666666666
12,12,0,Partenon//school,0.5731884057971014,0.6666666666666666
12,12,0,Partenon//marketplace,nan,nan
12,12,0,Partenon//pharmacy,nan,nan
12,12,0,Partenon//gas_station,nan,nan
12,12,0,Passo D'Areia//home,0.03894197559290813,0.14951262568117277
12,12,0,Passo D'Areia//work,0.4207142857142857,0.6666666666666666
12,12,0,Passo D'Areia//school,0.4898601398601399,0.6666666666666666
12,12,0,Passo D'Areia//marketplace,nan,nan
12,12,0,Passo D'Areia//pharmacy,nan,nan
12,12,0,Passo D'Areia//gas_station,nan,nan
12,12,0,Passo das Pedras//home,0.274985278034828,0.1214772440481198
12,12,0,Passo das Pedras//work,0.43136942675159234,0.6666666666666666
12,12,0,Passo das Pedras//school,0.5093818984547461,0.6666666666666666
12,12,0,Passo das Pedras//marketplace,nan,nan
12,12,0,Passo das Pedras//pharmacy,nan,nan
12,12,0,Passo das Pedras//gas_station,nan,nan
12,12,0,Pedra Redonda//home,0.30656934306569344,0.22384428223844283
12,12,0,Pedra Redonda//work,0.43493589743589745,0.6666666666666666
12,12,0,Pedra Redonda//school,0.3478835978835979,0.6666666666666666
12,12,0,Pedra Redonda//marketplace,nan,nan
12,12,0,Pedra Redonda//pharmacy,nan,nan
12,12,0,Pedra Redonda//gas_station,nan,nan
12,12,0,Petrópolis//home,0.20701062856338426,0.12263907463456981
12,12,0,Petrópolis//work,0.4259515570934256,0.6666666666666666
12,12,0,Petrópolis//school,0.5533509700176367,0.6666666666666666
12,12,0,Petrópolis//marketplace,nan,nan
12,12,0,Petrópolis//pharmacy,nan,nan
12,12,0,Petrópolis//gas_station,nan,nan
12,12,0,Pitinga//home,0.3480423620025674,0.07702182284980745
12,12,0,Pitinga//work,0.49642857142857144,0.6666666666666666
12,12,0,Pitinga//school,0.5357142857142857,0.6666666666666666
12,12,0,Pitinga//marketplace,nan,nan
12,12,0,Pitinga//pharmacy,nan,nan
12,12,0,Pitinga//gas_station,nan,nan
12,12,0,Ponta Grossa//home,0.3080713905167821,0.040016574912685725
12,12,0,Ponta Grossa//work,0.4535623409669211,0.6666666666666666
12,12,0,Ponta Grossa//school,0.5182926829268293,0.6666666666666666
12,12,0,Ponta Grossa//marketplace,nan,nan
12,12,0,Ponta Grossa//pharmacy,nan,nan
12,12,0,Ponta Grossa//gas_station,nan,nan
12,12,0,Praia de Belas//home,0.18922951709169833,0.14252125158256465
12,12,0,Praia de Belas//work,0.43896551724137933,0.6666666666666666
12,12,0,Praia de Belas//school,0.5205882352941177,0.6666666666666666
12,12,0,Praia de Belas//marketplace,nan,nan
12,12,0,Praia de Belas//pharmacy,nan,nan
12,12,0,Praia de Belas//gas_station,nan,nan
12,12,0,Praia de Belas//stadium,nan,nan
12,12,0,Praia de Belas//shopping_mall,nan,nan
12,12,0,Restinga//home,0.31435024499795833,0.117275758813121
12,12,0,Restinga//work,0.458147512864494,0.6666666666666666
12,12,0,Restinga//school,0.45,0.6666666666666666
12,12,0,Restinga//marketplace,nan,nan
12,12,0,Restinga//pharmacy,nan,nan
12,12,0,Restinga//gas_station,nan,nan
12,12,0,Restinga//hospital,nan,nan
12,12,0,Rio Branco//home,0.2083096590909091,0.14393939393939395
12,12,0,Rio Branco//work,0.39988864142538977,0.6666666666666666
12,12,0,Rio Branco//school,0.6071428571428571,0.6666666666666666
12,12,0,Rio Branco//marketplace,nan,nan
12,12,0,Rio Branco//pharmacy,nan,nan
12,12,0,Rio Branco//gas_station,nan,nan
12,12,0,Rio Branco//hospital,nan,nan
12,12,0,Rubem Berta//home,0.1872412495295446,0.15380755237736796
12,12,0,Rubem Berta//work,0.43672014260249553,0.6666666666666666
12,12,0,Rubem Berta//school,0.5991761723700887,0.6666666666666666
12,12,0,Rubem Berta//marketplace,nan,nan
12,12,0,Rubem Berta//pharmacy,nan,nan
12,12,0,Rubem Berta//gas_station,nan,nan
12,12,0,Santa Cecília//home,0.2141397629750715,0.17245606865549654
12,12,0,Santa Cecília//work,0.42818471337579617,0.6666666666666666
12,12,0,Santa Cecília//school,0.5601415094339622,0.6666666666666666
12,12,0,Santa Cecília//marketplace,nan,nan
12,12,0,Santa Cecília//pharmacy,nan,nan
12,12,0,Santa Cecília//gas_station,nan,nan
12,12,0,Santa Cecília//hospital,nan,nan
12,12,0,Santa Maria Goretti//home,0.4126402070750647,0.055795225769341386
12,12,0,Santa Maria Goretti//work,0.428,0.6666666666666666
12,12,0,Santa Maria Goretti//school,0.5674603174603174,0.6666666666666666
12,12,0,Santa Maria Goretti//marketplace,nan,nan
12,12,0,Santa Maria Goretti//pharmacy,nan,nan
12,12,0,Santa Maria Goretti//gas_station,nan,nan
12,12,0,Santa Rosa de Lima//home,0.27014274385408404,0.09780597409463389
12,12,0,Santa Rosa de Lima//work,0.43163972286374136,0.6666666666666666
12,12,0,Santa Rosa de Lima//school,0.5,0.6666666666666666
12,12,0,Santa Rosa de Lima//marketplace,nan,nan
12,12,0,Santa Rosa de Lima//pharmacy,nan,nan
12,12,0,Santa Rosa de Lima//gas_station,nan,nan
12,12,0,Santa Tereza//home,0.2594346014431383,0.1272174983344061
12,12,0,Santa Tereza//work,0.42371382636655947,0.6666666666666666
12,12,0,Santa Tereza//school,0.4425343811394892,0.6666666666666666
12,12,0,Santa Tereza//marketplace,nan,nan
12,12,0,Santa Tereza//pharmacy,nan,nan
12,12,0,Santa Tereza//gas_station,nan,nan
12,12,0,Santana//home,0.15215030408340574,0.04532290761656531
12,12,0,Santana//work,0.4142857142857143,0.6666666666666666
12,12,0,Santana//school,0.4375,0.6666666666666666
12,12,0,Santana//marketplace,nan,nan
12,12,0,Santana//pharmacy,nan,nan
12,12,0,Santana//gas_station,nan,nan
12,12,0,Santana//hospital,nan,nan
12,12,0,Santo Antônio//home,0.19262632499742718,0.10469623683578608
12,12,0,Santo Antônio//work,0.44040697674418605,0.6666666666666666
12,12,0,Santo Antônio//school,0.6944444444444444,0.6666666666666666
12,12,0,Santo Antônio//marketplace,nan,nan
12,12,0,Santo Antônio//pharmacy,nan,nan
12,12,0,Santo Antônio//gas_station,nan,nan
12,12,0,São Caetano//home,0.2567001675041876,0.1027359017308766
12,12,0,São Caetano//work,0.4737654320987654,0.6666666666666666
12,12,0,São Caetano//school,0.5833333333333334,0.6666666666666666
12,12,0,São Caetano//marketplace,nan,nan
12,12,0,São Caetano//pharmacy,nan,nan
12,12,0,São Caetano//gas_station,nan,nan
12,12,0,São Geraldo//home,0.17433234421364985,0.03933205329609589
12,12,0,São Geraldo//work,0.4343283582089552,0.6666666666666666
12,12,0,São Geraldo//school,0.6538461538461539,0.6666666666666666
12,12,0,São Geraldo//marketplace,nan,nan
12,12,0,São Geraldo//pharmacy,nan,nan
12,12,0,São Geraldo//gas_station,nan,nan
12,12,0,São João//home,0.21088056680161943,0.1510796221322537
12,12,0,São João//work,0.44304471256210076,0.6666666666666666
12,12,0,São João//school,0.5,0.6666666666666666
12,12,0,São João//marketplace,nan,nan
12,12,0,São João//pharmacy,nan,nan
12,12,0,São João//gas_station,nan,nan
12,12,0,São João//shopping_mall,nan,nan
12,12,0,São Sebastião//home,0.25369075369075367,0.11888111888111888
12,12,0,São Sebastião//work,0.4493865030674847,0.6666666666666666
12,12,0,São Sebastião//school,0.6132707774798928,0.6666666666666666
12,12,0,São Sebastião//marketplace,nan,nan
12,12,0,São Sebastião//pharmacy,nan,nan
12,12,0,São Sebastião//gas_station,nan,nan
12,12,0,São Sebastião//shopping_mall,nan,nan
12,12,0,Sarandi//home,0.1898693108080417,0.10587190637735935
12,12,0,Sarandi//work,0.4398214285714286,0.6666666666666666
12,12,0,Sarandi//school,0.4136556854410202,0.6666666666666666
12,12,0,Sarandi//marketplace,nan,nan
12,12,0,Sarandi//pharmacy,nan,nan
12,12,0,Sarandi//gas_station,nan,nan
12,12,0,Sarandi//shopping_mall,nan,nan
12,12,0,Serraria//home,0.23854041013268998,0.06143948532368315
12,12,0,Serraria//work,0.45387755102040817,0.6666666666666666
12,12,0,Serraria//school,0.6124338624338624,0.6666666666666666
12,12,0,Serraria//marketplace,nan,nan
12,12,0,Serraria//pharmacy,nan,nan
12,12,0,Serraria//gas_station,nan,nan
12,12,0,Sétimo Céu//home,0.24496514329976762,0.24786986831913246
12,12,0,Sétimo Céu//work,0.45,0.6666666666666666
12,12,0,Sétimo Céu//school,0.4323008849557522,0.6666666666666666
12,12,0,Sétimo Céu//marketplace,nan,nan
12,12,0,Sétimo Céu//pharmacy,nan,nan
12,12,0,Sétimo Céu//gas_station,nan,nan
12,12,0,Teresópolis//home,0.23298298298298298,0.14080747414080746
12,12,0,Teresópolis//work,0.4418010752688172,0.6666666666666666
12,12,0,Teresópolis//school,0.5265072765072765,0.6666666666666666
12,12,0,Teresópolis//marketplace,nan,nan
12,12,0,Teresópolis//pharmacy,nan,nan
12,12,0,Teresópolis//gas_station,nan,nan
12,12,0,Teresópolis//hospital,nan,nan
12,12,0,Três Figueiras//home,0.1809623430962343,0.13131638236240747
12,12,0,Três Figueiras//work,0.4222707423580786,0.6666666666666666
12,12,0,Três Figueiras//school,0.5096741344195519,0.6666666666666666
12,12,0,Três Figueiras//marketplace,nan,nan
12,12,0,Três Figueiras//pharmacy,nan,nan
12,12,0,Três Figueiras//gas_station,nan,nan
12,12,0,Três Figueiras//shopping_mall,nan,nan
12,12,0,Tristeza//home,0.216289975399754,0.13709512095120951
12,12,0,Tristeza//work,0.44368231046931406,0.6666666666666666
12,12,0,Tristeza//school,0.75,0.6666666666666666
12,12,0,Tristeza//marketplace,nan,nan
12,12,0,Tristeza//pharmacy,nan,nan
12,12,0,Tristeza//gas_station,nan,nan
12,12,0,Vila Assunção//home,0.21932515337423314,0.07832310838445808
12,12,0,Vila Assunção//work,0.422972972972973,0.6666666666666666
12,12,0,Vila Assunção//school,0.6071428571428571,0.6666666666666666
12,12,0,Vila Assunção//marketplace,nan,nan
12,12,0,Vila Assunção//pharmacy,nan,nan
12,12,0,Vila Assunção//gas_station,nan,nan
12,12,0,Vila Assunção//hospital,nan,nan
12,12,0,Vila Conceição//home,0.23072646404744254,0.2213985668396343
12,12,0,Vila Conceição//work,0.4206730769230769,0.6666666666666666
12,12,0,Vila Conceição//school,0.55,0.6666666666666666
12,12,0,Vila Conceição//marketplace,nan,nan
12,12,0,Vila Conceição//pharmacy,nan,nan
12,12,0,Vila Conceição//gas_station,nan,nan
12,12,0,Vila Ipiranga//home,0.20821970491574016,0.14180826515628278
12,12,0,Vila Ipiranga//work,0.4471794871794872,0.6666666666666666
12,12,0,Vila Ipiranga//school,0.4423076923076923,0.6666666666666666
12,12,0,Vila Ipiranga//marketplace,nan,nan
12,12,0,Vila Ipiranga//pharmacy,nan,nan
12,12,0,Vila Ipiranga//gas_station,nan,nan
12,12,0,Vila Jardim//home,0.18046162893266687,0.14485935509163972
12,12,0,Vila Jardim//work,0.4446035242290749,0.6666666666666666
12,12,0,Vila Jardim//school,0.75,0.6666666666666666
12,12,0,Vila Jardim//marketplace,nan,nan
12,12,0,Vila Jardim//pharmacy,nan,nan
12,12,0,Vila Jardim//gas_station,nan,nan
12,12,0,Vila João Pessoa//home,0.22137109254100898,0.12586402558547405
12,12,0,Vila João Pessoa//work,0.4356076759061834,0.6666666666666666
12,12,0,Vila João Pessoa//school,0.5056603773584906,0.6666666666666666
12,12,0,Vila João Pessoa//marketplace,nan,nan
12,12,0,Vila João Pessoa//pharmacy,nan,nan
12,12,0,Vila João Pessoa//gas_station,nan,nan
12,12,0,Vila Nova//home,0.20986661903060616,0.14812168367009382
12,12,0,Vila Nova//work,0.424,0.6666666666666666
12,12,0,Vila Nova//school,0.5533509700176367,0.6666666666666666
12,12,0,Vila Nova//marketplace,nan,nan
12,12,0,Vila Nova//pharmacy,nan,nan
12,12,0,Vila Nova//gas_station,nan,nan
12,12,0,Vila Nova//hospital,nan,nan
12,12,0,São José//home,0.2647074756229686,0.08847959552184904
12,12,0,São José//work,0.46229338842975204,0.6666666666666666
12,12,0,São José//school,0.5484581497797357,0.6666666666666666
12,12,0,São José//marketplace,nan,nan
12,12,0,São José//pharmacy,nan,nan
12,12,0,São José//gas_station,nan,nan
13,13,0,Aberta dos Morros//home,0.4047457166168072,0.35935092013416736
13,13,0,Aberta dos Morros//work,0.4464041095890411,0.6666666666666666
13,13,0,Aberta dos Morros//school,0.42789804469273746,0.6666666666666666
13,13,0,Aberta dos Morros//marketplace,nan,nan
13,13,0,Aberta dos Morros//pharmacy,nan,nan
13,13,0,Aberta dos Morros//gas_station,nan,nan
13,13,0,Agronomia//home,0.32434813248766736,0.4073291050035236
13,13,0,Agronomia//work,0.450418410041841,0.6666666666666666
13,13,0,Agronomia//school,0.5248618784530387,0.6666666666666666
13,13,0,Agronomia//marketplace,nan,nan
13,13,0,Agronomia//pharmacy,nan,nan
13,13,0,Agronomia//gas_station,nan,nan
13,13,0,Anchieta//home,0.43287937743190663,0.3553826199740597
13,13,0,Anchieta//work,0.4266233766233766,0.6666666666666666
13,13,0,Anchieta//school,0.5463685474189676,0.6666666666666666
13,13,0,Anchieta//marketplace,nan,nan
13,13,0,Anchieta//pharmacy,nan,nan
13,13,0,Anchieta//gas_station,nan,nan
13,13,0,Arquipélago//home,0.29420105613142966,0.4091531390573049
13,13,0,Arquipélago//work,0.47430555555555554,0.6666666666666666
13,13,0,Arquipélago//school,0.5162901824500434,0.6666666666666666
13,13,0,Arquipélago//marketplace,nan,nan
13,13,0,Arquipélago//pharmacy,nan,nan
13,13,0,Arquipélago//gas_station,nan,nan
13,13,0,Auxiliadora//home,0.45981387478849406,0.3224916964341668
13,13,0,Auxiliadora//work,0.44601990049751244,0.6666666666666666
13,13,0,Auxiliadora//school,0.4915291051259774,0.6666666666666666
13,13,0,Auxiliadora//marketplace,nan,nan
13,13,0,Auxiliadora//pharmacy,nan,nan
13,13,0,Auxiliadora//gas_station,nan,nan
13,13,0,Azenha//home,0.36631461923290715,0.36335000926440614
13,13,0,Azenha//work,0.4201190476190476,0.6666666666666666
13,13,0,Azenha//school,0.5338156484458735,0.6666666666666666
13,13,0,Azenha//marketplace,nan,nan
13,13,0,Azenha//pharmacy,nan,nan
13,13,0,Azenha//gas_station,nan,nan
13,13,0,Azenha//hospital,nan,nan
13,13,0,Azenha//shopping_mall,nan,nan
13,13,0,Bela Vista//home,0.46393146979260597,0.3866346057509268
13,13,0,Bela Vista//work,0.40997442455242966,0.6666666666666666
13,13,0,Bela Vista//school,0.4643426294820717,0.6666666666666666
13,13,0,Bela Vista//marketplace,nan,nan
13,13,0,Bela Vista//pharmacy,nan,nan
13,13,0,Bela Vista//gas_station,nan,nan
13,13,0,Belém Novo//home,0.2703860333983951,0.34627340417841396
13,13,0,Belém Novo//work,0.43662952646239556,0.6666666666666666
13,13,0,Belém Novo//school,0.654887714663144,0.6666666666666666
13,13,0,Belém Novo//marketplace,nan,nan
13,13,0,Belém Novo//pharmacy,nan,nan
13,13,0,Belém Novo//gas_station,nan,nan
13,13,0,Belém Velho//home,0.2769165509794848,0.18962414520026735
13,13,0,Belém Velho//work,0.4591897233201581,0.6666666666666666
13,13,0,Belém Velho//school,0.5717331968611395,0.6666666666666666
13,13,0,Belém Velho//marketplace,nan,nan
13,13,0,Belém Velho//pharmacy,nan,nan
13,13,0,Belém Velho//gas_station,nan,nan
13,13,0,Boa Vista//home,0.39394765539803706,0.34663758633224284
13,13,0,Boa Vista//work,0.42276995305164317,0.6666666666666666
13,13,0,Boa Vista//school,0.5943287037037037,0.6666666666666666
13,13,0,Boa Vista//marketplace,nan,nan
13,13,0,Boa Vista//pharmacy,nan,nan
13,13,0,Boa Vista//gas_station,nan,nan
13,13,0,Boa Vista do Sul//home,0.2432983682983683,0.12393162393162394
13,13,0,Boa Vista do Sul//work,0.4480662983425414,0.6666666666666666
13,13,0,Boa Vista do Sul//school,0.4876486733760293,0.6666666666666666
13,13,0,Boa Vista do Sul//marketplace,nan,nan
13,13,0,Boa Vista do Sul//pharmacy,nan,nan
13,13,0,Boa Vista do Sul//gas_station,nan,nan
13,13,0,Bom Fim//home,0.40918757975329645,0.38976322132425917
13,13,0,Bom Fim//work,0.41630824372759856,0.6666666666666666
13,13,0,Bom Fim//school,0.5732868020304569,0.6666666666666666
13,13,0,Bom Fim//marketplace,nan,nan
13,13,0,Bom Fim//pharmacy,nan,nan
13,13,0,Bom Fim//gas_station,nan,nan
13,13,0,Bom Jesus//home,0.40146714423474306,0.25357028057124487
13,13,0,Bom Jesus//work,0.4503067484662577,0.6666666666666666
13,13,0,Bom Jesus//school,0.4951697127937337,0.6666666666666666
13,13,0,Bom Jesus//marketplace,nan,nan
13,13,0,Bom Jesus//pharmacy,nan,nan
13,13,0,Bom Jesus//gas_station,nan,nan
13,13,0,Camaquã//home,0.26106911447084236,0.2249820014398848
13,13,0,Camaquã//work,0.4724274406332454,0.6666666666666666
13,13,0,Camaquã//school,0.47382342210871947,0.6666666666666666
13,13,0,Camaquã//marketplace,nan,nan
13,13,0,Camaquã//pharmacy,nan,nan
13,13,0,Camaquã//gas_station,nan,nan
13,13,0,Campo Novo//home,0.2921638018200202,0.38638355240984157
13,13,0,Campo Novo//work,0.46048387096774196,0.6666666666666666
13,13,0,Campo Novo//school,0.5150233897085282,0.6666666666666666
13,13,0,Campo Novo//marketplace,nan,nan
13,13,0,Campo Novo//pharmacy,nan,nan
13,13,0,Campo Novo//gas_station,nan,nan
13,13,0,Cascata//home,0.28160288582183185,0.3439983270598076
13,13,0,Cascata//work,0.4408582089552239,0.6666666666666666
13,13,0,Cascata//school,0.5883775738030266,0.6666666666666666
13,13,0,Cascata//marketplace,nan,nan
13,13,0,Cascata//pharmacy,nan,nan
13,13,0,Cascata//gas_station,nan,nan
13,13,0,Cavalhada//home,0.35156412930135555,0.3059668636310972
13,13,0,Cavalhada//work,0.4205761316872428,0.6666666666666666
13,13,0,Cavalhada//school,0.6669811320754717,0.6666666666666666
13,13,0,Cavalhada//marketplace,nan,nan
13,13,0,Cavalhada//pharmacy,nan,nan
13,13,0,Cavalhada//gas_station,nan,nan
13,13,0,Cavalhada//shopping_mall,nan,nan
13,13,0,Centro Histórico//home,0.3940411676305843,0.3603382060506702
13,13,0,Centro Histórico//work,0.42441860465116277,0.6666666666666666
13,13,0,Centro Histórico//school,0.5053003533568905,0.6666666666666666
13,13,0,Centro Histórico//marketplace,nan,nan
13,13,0,Centro Histórico//pharmacy,nan,nan
13,13,0,Centro Histórico//gas_station,nan,nan
13,13,0,Centro Histórico//hospital,nan,nan
13,13,0,Centro Histórico//shopping_mall,nan,nan
13,13,0,Chácara das Pedras//home,0.46391884951206985,0.3706557096387605
13,13,0,Chácara das Pedras//work,0.43180592991913747,0.6666666666666666
13,13,0,Chácara das Pedras//school,0.5072209211553473,0.6666666666666666
13,13,0,Chácara das Pedras//marketplace,nan,nan
13,13,0,Chácara das Pedras//pharmacy,nan,nan
13,13,0,Chácara das Pedras//gas_station,nan,nan
13,13,0,Chapéu do Sol//home,0.2550685748360167,0.35102365334923474
13,13,0,Chapéu do Sol//work,0.4878326996197719,0.6666666666666666
13,13,0,Chapéu do Sol//school,0.6628577530969672,0.6666666666666666
13,13,0,Chapéu do Sol//marketplace,nan,nan
13,13,0,Chapéu do Sol//pharmacy,nan,nan
13,13,0,Chapéu do Sol//gas_station,nan,nan
13,13,0,Cidade Baixa//home,0.3637585661570901,0.311368827973994
13,13,0,Cidade Baixa//work,0.3999297752808989,0.6666666666666666
13,13,0,Cidade Baixa//school,0.4703389830508475,0.6666666666666666
13,13,0,Cidade Baixa//marketplace,nan,nan
13,13,0,Cidade Baixa//pharmacy,nan,nan
13,13,0,Cidade Baixa//gas_station,nan,nan
13,13,0,Cel. Aparício Borges//home,0.3303366869210081,0.34007371252116747
13,13,0,Cel. Aparício Borges//work,0.4297945205479452,0.6666666666666666
13,13,0,Cel. Aparício Borges//school,0.5037575150300602,0.6666666666666666
13,13,0,Cel. Aparício Borges//marketplace,nan,nan
13,13,0,Cel. Aparício Borges//pharmacy,nan,nan
13,13,0,Cel. Aparício Borges//gas_station,nan,nan
13,13,0,Costa e Silva//home,0.45266943112608526,0.28119735648568095
13,13,0,Costa e Silva//work,0.4441176470588235,0.6666666666666666
13,13,0,Costa e Silva//school,0.46405750798722045,0.6666666666666666
13,13,0,Costa e Silva//marketplace,nan,nan
13,13,0,Costa e Silva//pharmacy,nan,nan
13,13,0,Costa e Silva//gas_station,nan,nan
13,13,0,Cristal//home,0.31218308894066055,0.34607829701703896
13,13,0,Cristal//work,0.43873517786561267,0.6666666666666666
13,13,0,Cristal//school,0.609576837416481,0.6666666666666666
13,13,0,Cristal//marketplace,nan,nan
13,13,0,Cristal//pharmacy,nan,nan
13,13,0,Cristal//gas_station,nan,nan
13,13,0,Cristo Redentor//home,0.24161091642773708,0.1514990619801069
13,13,0,Cristo Redentor//work,0.4919607843137255,0.6666666666666666
13,13,0,Cristo Redentor//school,0.46030330062444247,0.6666666666666666
13,13,0,Cristo Redentor//marketplace,nan,nan
13,13,0,Cristo Redentor//pharmacy,nan,nan
13,13,0,Cristo Redentor//gas_station,nan,nan
13,13,0,Cristo Redentor//hospital,nan,nan
13,13,0,Cristo Redentor//shopping_mall,nan,nan
13,13,0,Espírito Santo//home,0.3431842385516507,0.3521476748313809
13,13,0,Espírito Santo//work,0.4384313725490196,0.6666666666666666
13,13,0,Espírito Santo//school,0.5881513204853676,0.6666666666666666
13,13,0,Espírito Santo//marketplace,nan,nan
13,13,0,Espírito Santo//pharmacy,nan,nan
13,13,0,Espírito Santo//gas_station,nan,nan
13,13,0,Extrema//home,0.40032377428307125,0.17514646931853223
13,13,0,Extrema//work,0.4643564356435644,0.6666666666666666
13,13,0,Extrema//school,0.5091522157996147,0.6666666666666666
13,13,0,Extrema//marketplace,nan,nan
13,13,0,Extrema//pharmacy,nan,nan
13,13,0,Extrema//gas_station,nan,nan
13,13,0,Farrapos//home,0.3664327485380117,0.3511111111111111
13,13,0,Farrapos//work,0.4569651741293532,0.6666666666666666
13,13,0,Farrapos//school,0.47051074179164976,0.6666666666666666
13,13,0,Farrapos//marketplace,nan,nan
13,13,0,Farrapos//pharmacy,nan,nan
13,13,0,Farrapos//gas_station,nan,nan
13,13,0,Farrapos//stadium,nan,nan
13,13,0,Farroupilha//home,0.19434137291280149,0.15089672232529375
13,13,0,Farroupilha//work,0.39919590643274855,0.6666666666666666
13,13,0,Farroupilha//school,0.5059941874545895,0.6666666666666666
13,13,0,Farroupilha//marketplace,nan,nan
13,13,0,Farroupilha//pharmacy,nan,nan
13,13,0,Farroupilha//gas_station,nan,nan
13,13,0,Farroupilha//hospital,nan,nan
13,13,0,Floresta//home,0.1773687214611872,0.19140030441400305
13,13,0,Floresta//work,0.40850202429149796,0.6666666666666666
13,13,0,Floresta//school,0.6393026404874746,0.6666666666666666
13,13,0,Floresta//marketplace,nan,nan
13,13,0,Floresta//pharmacy,nan,nan
13,13,0,Floresta//gas_station,nan,nan
13,13,0,Glória//home,0.25403272939801286,0.3512955386713423
13,13,0,Glória//work,0.4386694386694387,0.6666666666666666
13,13,0,Glória//school,0.5400153413449246,0.6666666666666666
13,13,0,Glória//marketplace,nan,nan
13,13,0,Glória//pharmacy,nan,nan
13,13,0,Glória//gas_station,nan,nan
13,13,0,Glória//hospital,nan,nan
13,13,0,Guarujá//home,0.3985082132081797,0.35400603419376464
13,13,0,Guarujá//work,0.45774647887323944,0.6666666666666666
13,13,0,Guarujá//school,0.40401069518716576,0.6666666666666666
13,13,0,Guarujá//marketplace,nan,nan
13,13,0,Guarujá//pharmacy,nan,nan
13,13,0,Guarujá//gas_station,nan,nan
13,13,0,Higienópolis//home,0.45624712907671106,0.40708416271117237
13,13,0,Higienópolis//work,0.43561643835616437,0.6666666666666666
13,13,0,Higienópolis//school,0.5409192825112108,0.6666666666666666
13,13,0,Higienópolis//marketplace,nan,nan
13,13,0,Higienópolis//pharmacy,nan,nan
13,13,0,Higienópolis//gas_station,nan,nan
13,13,0,Hípica//home,0.33764547896150404,0.3481945687854372
13,13,0,Hípica//work,0.44825581395348835,0.6666666666666666
13,13,0,Hípica//school,0.48866446826051113,0.6666666666666666
13,13,0,Hípica//marketplace,nan,nan
13,13,0,Hípica//pharmacy,nan,nan
13,13,0,Hípica//gas_station,nan,nan
13,13,0,Humaitá//home,0.32171957222882364,0.35794715102133196
13,13,0,Humaitá//work,0.45220883534136547,0.6666666666666666
13,13,0,Humaitá//school,0.6939844130540672,0.6666666666666666
13,13,0,Humaitá//marketplace,nan,nan
13,13,0,Humaitá//pharmacy,nan,nan
13,13,0,Humaitá//gas_station,nan,nan
13,13,0,Independência//home,0.3650176311968471,0.3040862891516283
13,13,0,Independência//work,0.39437299035369777,0.6666666666666666
13,13,0,Independência//school,0.6205898566703418,0.6666666666666666
13,13,0,Independência//marketplace,nan,nan
13,13,0,Independência//pharmacy,nan,nan
13,13,0,Independência//gas_station,nan,nan
13,13,0,Independência//hospital,nan,nan
13,13,0,Independência//shopping_mall,nan,nan
13,13,0,Ipanema//home,0.3664677484242993,0.35411917214250593
13,13,0,Ipanema//work,0.45575539568345325,0.6666666666666666
13,13,0,Ipanema//school,0.617704280155642,0.6666666666666666
13,13,0,Ipanema//marketplace,nan,nan
13,13,0,Ipanema//pharmacy,nan,nan
13,13,0,Ipanema//gas_station,nan,nan
13,13,0,Jardim Botânico//home,0.3760174418604651,0.3789728682170543
13,13,0,Jardim Botânico//work,0.44537815126050423,0.6666666666666666
13,13,0,Jardim Botânico//school,0.5147820457488131,0.6666666666666666
13,13,0,Jardim Botânico//marketplace,nan,nan
13,13,0,Jardim Botânico//pharmacy,nan,nan
13,13,0,Jardim Botânico//gas_station,nan,nan
13,13,0,Jardim Botânico//hospital,nan,nan
13,13,0,Jardim Botânico//shopping_mall,nan,nan
13,13,0,Jardim Carvalho//home,0.34703898050974513,0.35067466266866565
13,13,0,Jardim Carvalho//work,0.43943355119825706,0.6666666666666666
13,13,0,Jardim Carvalho//school,0.5841428571428572,0.6666666666666666
13,13,0,Jardim Carvalho//marketplace,nan,nan
13,13,0,Jardim Carvalho//pharmacy,nan,nan
13,13,0,Jardim Carvalho//gas_station,nan,nan
13,13,0,Jardim Carvalho//hospital,nan,nan
13,13,0,Jardim do Salso//home,0.2817538664034222,0.16386969397828233
13,13,0,Jardim do Salso//work,0.4595986038394415,0.6666666666666666
13,13,0,Jardim do Salso//school,0.5109254498714653,0.6666666666666666
13,13,0,Jardim do Salso//marketplace,nan,nan
13,13,0,Jardim do Salso//pharmacy,nan,nan
13,13,0,Jardim do Salso//gas_station,nan,nan
13,13,0,Jardim Leopoldina//home,0.3469319271332694,0.3935442633429211
13,13,0,Jardim Leopoldina//work,0.4417016806722689,0.6666666666666666
13,13,0,Jardim Leopoldina//school,0.504590237348858,0.6666666666666666
13,13,0,Jardim Leopoldina//marketplace,nan,nan
13,13,0,Jardim Leopoldina//pharmacy,nan,nan
13,13,0,Jardim Leopoldina//gas_station,nan,nan
13,13,0,Jardim Europa//home,0.48432343234323433,0.3997066373303997
13,13,0,Jardim Europa//work,0.42995824634655533,0.6666666666666666
13,13,0,Jardim Europa//school,0.6082739509105305,0.6666666666666666
13,13,0,Jardim Europa//marketplace,nan,nan
13,13,0,Jardim Europa//pharmacy,nan,nan
13,13,0,Jardim Europa//gas_station,nan,nan
13,13,0,Jardim Europa//shopping_mall,nan,nan
13,13,0,Jardim Floresta//home,0.36270753512132825,0.20945083014048532
13,13,0,Jardim Floresta//work,0.4110215053763441,0.6666666666666666
13,13,0,Jardim Floresta//school,0.5191404415218412,0.6666666666666666
13,13,0,Jardim Floresta//marketplace,nan,nan
13,13,0,Jardim Floresta//pharmacy,nan,nan
13,13,0,Jardim Floresta//gas_station,nan,nan
13,13,0,Jardim Isabel//home,0.3882038157282457,0.2813711803939817
13,13,0,Jardim Isabel//work,0.44696048632218843,0.6666666666666666
13,13,0,Jardim Isabel//school,0.5615603939865215,0.6666666666666666
13,13,0,Jardim Isabel//marketplace,nan,nan
13,13,0,Jardim Isabel//pharmacy,nan,nan
13,13,0,Jardim Isabel//gas_station,nan,nan
13,13,0,Jardim Itú//home,0.3929861243109675,0.3984033453716024
13,13,0,Jardim Itú//work,0.4298951048951049,0.6666666666666666
13,13,0,Jardim Itú//school,0.5416953824948312,0.6666666666666666
13,13,0,Jardim Itú//marketplace,nan,nan
13,13,0,Jardim Itú//pharmacy,nan,nan
13,13,0,Jardim Itú//gas_station,nan,nan
13,13,0,Jardim Lindóia//home,0.3975252939567952,0.34600309907939114
13,13,0,Jardim Lindóia//work,0.42283236994219653,0.6666666666666666
13,13,0,Jardim Lindóia//school,0.5384940778341794,0.6666666666666666
13,13,0,Jardim Lindóia//marketplace,nan,nan
13,13,0,Jardim Lindóia//pharmacy,nan,nan
13,13,0,Jardim Lindóia//gas_station,nan,nan
13,13,0,Jardim Lindóia//shopping_mall,nan,nan
13,13,0,Jardim Sabará//home,0.3824925237290339,0.38850604602782474
13,13,0,Jardim Sabará//work,0.4433411214953271,0.6666666666666666
13,13,0,Jardim Sabará//school,0.6010920897284534,0.6666666666666666
13,13,0,Jardim Sabará//marketplace,nan,nan
13,13,0,Jardim Sabará//pharmacy,nan,nan
13,13,0,Jardim Sabará//gas_station,nan,nan
13,13,0,Jardim São Pedro//home,0.25412139378044213,0.14861995753715498
13,13,0,Jardim São Pedro//work,0.4273134328358209,0.6666666666666666
13,13,0,Jardim São Pedro//school,0.5588235294117647,0.6666666666666666
13,13,0,Jardim São Pedro//marketplace,nan,nan
13,13,0,Jardim São Pedro//pharmacy,nan,nan
13,13,0,Jardim São Pedro//gas_station,nan,nan
13,13,0,Lageado//home,0.3569033530571992,0.18224852071005918
13,13,0,Lageado//work,0.4736559139784946,0.6666666666666666
13,13,0,Lageado//school,0.5639486754966887,0.6666666666666666
13,13,0,Lageado//marketplace,nan,nan
13,13,0,Lageado//pharmacy,nan,nan
13,13,0,Lageado//gas_station,nan,nan
13,13,0,Lami//home,0.4192963752665245,0.33148542999289266
13,13,0,Lami//work,0.44979838709677417,0.6666666666666666
13,13,0,Lami//school,0.4413449299957573,0.6666666666666666
13,13,0,Lami//marketplace,nan,nan
13,13,0,Lami//pharmacy,nan,nan
13,13,0,Lami//gas_station,nan,nan
13,13,0,Lomba do Pinheiro//home,0.3227467105263158,0.3644517543859649
13,13,0,Lomba do Pinheiro//work,0.452755905511811,0.6666666666666666
13,13,0,Lomba do Pinheiro//school,0.5414577902546621,0.6666666666666666
13,13,0,Lomba do Pinheiro//marketplace,nan,nan
13,13,0,Lomba do Pinheiro//pharmacy,nan,nan
13,13,0,Lomba do Pinheiro//gas_station,nan,nan
13,13,0,Mário Quintana//home,0.37078560497147894,0.3871755630787305
13,13,0,Mário Quintana//work,0.48212520593080727,0.6666666666666666
13,13,0,Mário Quintana//school,0.6322409573021485,0.6666666666666666
13,13,0,Mário Quintana//marketplace,nan,nan
13,13,0,Mário Quintana//pharmacy,nan,nan
13,13,0,Mário Quintana//gas_station,nan,nan
13,13,0,Medianeira//home,0.2534744156664561,0.1622446830911771
13,13,0,Medianeira//work,0.4386574074074074,0.6666666666666666
13,13,0,Medianeira//school,0.518943888794711,0.6666666666666666
13,13,0,Medianeira//marketplace,nan,nan
13,13,0,Medianeira//pharmacy,nan,nan
13,13,0,Medianeira//gas_station,nan,nan
13,13,0,Menino Deus//home,0.43945066794464743,0.358034305796841
13,13,0,Menino Deus//work,0.4200980392156863,0.6666666666666666
13,13,0,Menino Deus//school,0.5155856863293262,0.6666666666666666
13,13,0,Menino Deus//marketplace,nan,nan
13,13,0,Menino Deus//pharmacy,nan,nan
13,13,0,Menino Deus//gas_station,nan,nan
13,13,0,Menino Deus//hospital,nan,nan
13,13,0,Moinhos de Vento//home,0.2689451769604441,0.10714781401804302
13,13,0,Moinhos de Vento//work,0.4220052083333333,0.6666666666666666
13,13,0,Moinhos de Vento//school,0.6663568773234201,0.6666666666666666
13,13,0,Moinhos de Vento//marketplace,nan,nan
13,13,0,Moinhos de Vento//pharmacy,nan,nan
13,13,0,Moinhos de Vento//gas_station,nan,nan
13,13,0,Moinhos de Vento//hospital,nan,nan
13,13,0,Moinhos de Vento//shopping_mall,nan,nan
13,13,0,Mont'Serrat//home,0.39963933460915646,0.2833308798272732
13,13,0,Mont'Serrat//work,0.44573378839590444,0.6666666666666666
13,13,0,Mont'Serrat//school,0.6206920319823546,0.6666666666666666
13,13,0,Mont'Serrat//marketplace,nan,nan
13,13,0,Mont'Serrat//pharmacy,nan,nan
13,13,0,Mont'Serrat//gas_station,nan,nan
13,13,0,Morro Santana//home,0.2768706262336264,0.3916502183144925
13,13,0,Morro Santana//work,0.4609922178988327,0.6666666666666666
13,13,0,Morro Santana//school,0.5125145518044237,0.6666666666666666
13,13,0,Morro Santana//marketplace,nan,nan
13,13,0,Morro Santana//pharmacy,nan,nan
13,13,0,Morro Santana//gas_station,nan,nan
13,13,0,Navegantes//home,0.27778806965542796,0.21810547116215884
13,13,0,Navegantes//work,0.4270428015564202,0.6666666666666666
13,13,0,Navegantes//school,0.5422868741542625,0.6666666666666666
13,13,0,Navegantes//marketplace,nan,nan
13,13,0,Navegantes//pharmacy,nan,nan
13,13,0,Navegantes//gas_station,nan,nan
13,13,0,Navegantes//shopping_mall,nan,nan
13,13,0,Nonoai//home,0.2736804901036758,0.3542255733584668
13,13,0,Nonoai//work,0.440359477124183,0.6666666666666666
13,13,0,Nonoai//school,0.582889184987786,0.6666666666666666
13,13,0,Nonoai//marketplace,nan,nan
13,13,0,Nonoai//pharmacy,nan,nan
13,13,0,Nonoai//gas_station,nan,nan
13,13,0,Parque Santa Fé//home,0.42976641414141414,0.25357744107744107
13,13,0,Parque Santa Fé//work,0.45271317829457364,0.6666666666666666
13,13,0,Parque Santa Fé//school,0.508521768477894,0.6666666666666666
13,13,0,Parque Santa Fé//marketplace,nan,nan
13,13,0,Parque Santa Fé//pharmacy,nan,nan
13,13,0,Parque Santa Fé//gas_station,nan,nan
13,13,0,Partenon//home,0.3193454686289698,0.37175316292279886
13,13,0,Partenon//work,0.4375881523272214,0.6666666666666666
13,13,0,Partenon//school,0.5503452243958573,0.6666666666666666
13,13,0,Partenon//marketplace,nan,nan
13,13,0,Partenon//pharmacy,nan,nan
13,13,0,Partenon//gas_station,nan,nan
13,13,0,Passo D'Areia//home,0.2041196252702378,0.38855526196386153
13,13,0,Passo D'Areia//work,0.408875,0.6666666666666666
13,13,0,Passo D'Areia//school,0.5917302798982188,0.6666666666666666
13,13,0,Passo D'Areia//marketplace,nan,nan
13,13,0,Passo D'Areia//pharmacy,nan,nan
13,13,0,Passo D'Areia//gas_station,nan,nan
13,13,0,Passo das Pedras//home,0.33642415596766523,0.3678078934854969
13,13,0,Passo das Pedras//work,0.4299410029498525,0.6666666666666666
13,13,0,Passo das Pedras//school,0.5158815132048536,0.6666666666666666
13,13,0,Passo das Pedras//marketplace,nan,nan
13,13,0,Passo das Pedras//pharmacy,nan,nan
13,13,0,Passo das Pedras//gas_station,nan,nan
13,13,0,Pedra Redonda//home,0.30656934306569344,0.22384428223844283
13,13,0,Pedra Redonda//work,0.4393203883495146,0.6666666666666666
13,13,0,Pedra Redonda//school,0.686080740117746,0.6666666666666666
13,13,0,Pedra Redonda//marketplace,nan,nan
13,13,0,Pedra Redonda//pharmacy,nan,nan
13,13,0,Pedra Redonda//gas_station,nan,nan
13,13,0,Petrópolis//home,0.4124582686791743,0.3878936066832808
13,13,0,Petrópolis//work,0.4261061946902655,0.6666666666666666
13,13,0,Petrópolis//school,0.5887343989489818,0.6666666666666666
13,13,0,Petrópolis//marketplace,nan,nan
13,13,0,Petrópolis//pharmacy,nan,nan
13,13,0,Petrópolis//gas_station,nan,nan
13,13,0,Pitinga//home,0.36678134556574926,0.21916411824668705
13,13,0,Pitinga//work,0.49642857142857144,0.6666666666666666
13,13,0,Pitinga//school,0.5593556928508385,0.6666666666666666
13,13,0,Pitinga//marketplace,nan,nan
13,13,0,Pitinga//pharmacy,nan,nan
13,13,0,Pitinga//gas_station,nan,nan
13,13,0,Ponta Grossa//home,0.4096847333189376,0.1926149859641546
13,13,0,Ponta Grossa//work,0.4535623409669211,0.6666666666666666
13,13,0,Ponta Grossa//school,0.5456043956043956,0.6666666666666666
13,13,0,Ponta Grossa//marketplace,nan,nan
13,13,0,Ponta Grossa//pharmacy,nan,nan
13,13,0,Ponta Grossa//gas_station,nan,nan
13,13,0,Praia de Belas//home,0.18922951709169833,0.14252125158256465
13,13,0,Praia de Belas//work,0.4346031746031746,0.6666666666666666
13,13,0,Praia de Belas//school,0.526555023923445,0.6666666666666666
13,13,0,Praia de Belas//marketplace,nan,nan
13,13,0,Praia de Belas//pharmacy,nan,nan
13,13,0,Praia de Belas//gas_station,nan,nan
13,13,0,Praia de Belas//stadium,nan,nan
13,13,0,Praia de Belas//shopping_mall,nan,nan
13,13,0,Restinga//home,0.300312788796474,0.36593919575365513
13,13,0,Restinga//work,0.45585106382978724,0.6666666666666666
13,13,0,Restinga//school,0.7104166666666667,0.6666666666666666
13,13,0,Restinga//marketplace,nan,nan
13,13,0,Restinga//pharmacy,nan,nan
13,13,0,Restinga//gas_station,nan,nan
13,13,0,Restinga//hospital,nan,nan
13,13,0,Rio Branco//home,0.30418825561312607,0.29015544041450775
13,13,0,Rio Branco//work,0.39988864142538977,0.6666666666666666
13,13,0,Rio Branco//school,0.5225118483412322,0.6666666666666666
13,13,0,Rio Branco//marketplace,nan,nan
13,13,0,Rio Branco//pharmacy,nan,nan
13,13,0,Rio Branco//gas_station,nan,nan
13,13,0,Rio Branco//hospital,nan,nan
13,13,0,Rubem Berta//home,0.27071581889881696,0.4048985840030616
13,13,0,Rubem Berta//work,0.4344175491679274,0.6666666666666666
13,13,0,Rubem Berta//school,0.5384288145207033,0.6666666666666666
13,13,0,Rubem Berta//marketplace,nan,nan
13,13,0,Rubem Berta//pharmacy,nan,nan
13,13,0,Rubem Berta//gas_station,nan,nan
13,13,0,Santa Cecília//home,0.42963533641499746,0.3879472693032015
13,13,0,Santa Cecília//work,0.42818471337579617,0.6666666666666666
13,13,0,Santa Cecília//school,0.5671077504725898,0.6666666666666666
13,13,0,Santa Cecília//marketplace,nan,nan
13,13,0,Santa Cecília//pharmacy,nan,nan
13,13,0,Santa Cecília//gas_station,nan,nan
13,13,0,Santa Cecília//hospital,nan,nan
13,13,0,Santa Maria Goretti//home,0.3418591859185919,0.2544921158782545
13,13,0,Santa Maria Goretti//work,0.428,0.6666666666666666
13,13,0,Santa Maria Goretti//school,0.4943775100401606,0.6666666666666666
13,13,0,Santa Maria Goretti//marketplace,nan,nan
13,13,0,Santa Maria Goretti//pharmacy,nan,nan
13,13,0,Santa Maria Goretti//gas_station,nan,nan
13,13,0,Santa Rosa de Lima//home,0.3003116147308782,0.3501416430594901
13,13,0,Santa Rosa de Lima//work,0.4334061135371179,0.6666666666666666
13,13,0,Santa Rosa de Lima//school,0.5814467145223633,0.6666666666666666
13,13,0,Santa Rosa de Lima//marketplace,nan,nan
13,13,0,Santa Rosa de Lima//pharmacy,nan,nan
13,13,0,Santa Rosa de Lima//gas_station,nan,nan
13,13,0,Santa Tereza//home,0.26919691707502735,0.35310909177410915
13,13,0,Santa Tereza//work,0.42389196675900276,0.6666666666666666
13,13,0,Santa Tereza//school,0.4575536284801461,0.6666666666666666
13,13,0,Santa Tereza//marketplace,nan,nan
13,13,0,Santa Tereza//pharmacy,nan,nan
13,13,0,Santa Tereza//gas_station,nan,nan
13,13,0,Santana//home,0.43880344867761856,0.38176239853974914
13,13,0,Santana//work,0.4093939393939394,0.6666666666666666
13,13,0,Santana//school,0.5049880287310455,0.6666666666666666
13,13,0,Santana//marketplace,nan,nan
13,13,0,Santana//pharmacy,nan,nan
13,13,0,Santana//gas_station,nan,nan
13,13,0,Santana//hospital,nan,nan
13,13,0,Santo Antônio//home,0.30481404690942077,0.26141419377132735
13,13,0,Santo Antônio//work,0.436449864498645,0.6666666666666666
13,13,0,Santo Antônio//school,0.5249786507258754,0.6666666666666666
13,13,0,Santo Antônio//marketplace,nan,nan
13,13,0,Santo Antônio//pharmacy,nan,nan
13,13,0,Santo Antônio//gas_station,nan,nan
13,13,0,São Caetano//home,0.2567001675041876,0.1027359017308766
13,13,0,São Caetano//work,0.4737654320987654,0.6666666666666666
13,13,0,São Caetano//school,0.5910041841004184,0.6666666666666666
13,13,0,São Caetano//marketplace,nan,nan
13,13,0,São Caetano//pharmacy,nan,nan
13,13,0,São Caetano//gas_station,nan,nan
13,13,0,São Geraldo//home,0.2967454134204574,0.307950071207171
13,13,0,São Geraldo//work,0.43097345132743364,0.6666666666666666
13,13,0,São Geraldo//school,0.470854453294714,0.6666666666666666
13,13,0,São Geraldo//marketplace,nan,nan
13,13,0,São Geraldo//pharmacy,nan,nan
13,13,0,São Geraldo//gas_station,nan,nan
13,13,0,São João//home,0.41231979030144167,0.39222367846221057
13,13,0,São João//work,0.43520192887281495,0.6666666666666666
13,13,0,São João//school,0.5,0.6666666666666666
13,13,0,São João//marketplace,nan,nan
13,13,0,São João//pharmacy,nan,nan
13,13,0,São João//gas_station,nan,nan
13,13,0,São João//shopping_mall,nan,nan
13,13,0,São Sebastião//home,0.26560178306092125,0.336998514115899
13,13,0,São Sebastião//work,0.44122340425531914,0.6666666666666666
13,13,0,São Sebastião//school,0.5077201677468548,0.6666666666666666
13,13,0,São Sebastião//marketplace,nan,nan
13,13,0,São Sebastião//pharmacy,nan,nan
13,13,0,São Sebastião//gas_station,nan,nan
13,13,0,São Sebastião//shopping_mall,nan,nan
13,13,0,Sarandi//home,0.37638711883373227,0.34658543408659975
13,13,0,Sarandi//work,0.4322950819672131,0.6666666666666666
13,13,0,Sarandi//school,0.5055789843612721,0.6666666666666666
13,13,0,Sarandi//marketplace,nan,nan
13,13,0,Sarandi//pharmacy,nan,nan
13,13,0,Sarandi//gas_station,nan,nan
13,13,0,Sarandi//shopping_mall,nan,nan
13,13,0,Serraria//home,0.273976023976024,0.3383283383283383
13,13,0,Serraria//work,0.45387755102040817,0.6666666666666666
13,13,0,Serraria//school,0.4936061381074169,0.6666666666666666
13,13,0,Serraria//marketplace,nan,nan
13,13,0,Serraria//pharmacy,nan,nan
13,13,0,Serraria//gas_station,nan,nan
13,13,0,Sétimo Céu//home,0.24496514329976762,0.24786986831913246
13,13,0,Sétimo Céu//work,0.43476658476658475,0.6666666666666666
13,13,0,Sétimo Céu//school,0.4814769975786925,0.6666666666666666
13,13,0,Sétimo Céu//marketplace,nan,nan
13,13,0,Sétimo Céu//pharmacy,nan,nan
13,13,0,Sétimo Céu//gas_station,nan,nan
13,13,0,Teresópolis//home,0.2715955834596233,0.27293064876957496
13,13,0,Teresópolis//work,0.43929471032745593,0.6666666666666666
13,13,0,Teresópolis//school,0.5422149122807017,0.6666666666666666
13,13,0,Teresópolis//marketplace,nan,nan
13,13,0,Teresópolis//pharmacy,nan,nan
13,13,0,Teresópolis//gas_station,nan,nan
13,13,0,Teresópolis//hospital,nan,nan
13,13,0,Três Figueiras//home,0.2875747224594364,0.3919726729291204
13,13,0,Três Figueiras//work,0.4222707423580786,0.6666666666666666
13,13,0,Três Figueiras//school,0.5013606416499571,0.6666666666666666
13,13,0,Três Figueiras//marketplace,nan,nan
13,13,0,Três Figueiras//pharmacy,nan,nan
13,13,0,Três Figueiras//gas_station,nan,nan
13,13,0,Três Figueiras//shopping_mall,nan,nan
13,13,0,Tristeza//home,0.3257042253521127,0.2965994163177262
13,13,0,Tristeza//work,0.43516819571865445,0.6666666666666666
13,13,0,Tristeza//school,0.6840277777777778,0.6666666666666666
13,13,0,Tristeza//marketplace,nan,nan
13,13,0,Tristeza//pharmacy,nan,nan
13,13,0,Tristeza//gas_station,nan,nan
13,13,0,Vila Assunção//home,0.40110759493670883,0.29404008438818563
13,13,0,Vila Assunção//work,0.422972972972973,0.6666666666666666
13,13,0,Vila Assunção//school,0.5245803357314148,0.6666666666666666
13,13,0,Vila Assunção//marketplace,nan,nan
13,13,0,Vila Assunção//pharmacy,nan,nan
13,13,0,Vila Assunção//gas_station,nan,nan
13,13,0,Vila Assunção//hospital,nan,nan
13,13,0,Vila Conceição//home,0.23072646404744254,0.2213985668396343
13,13,0,Vila Conceição//work,0.42081545064377684,0.6666666666666666
13,13,0,Vila Conceição//school,0.5579564968517459,0.6666666666666666
13,13,0,Vila Conceição//marketplace,nan,nan
13,13,0,Vila Conceição//pharmacy,nan,nan
13,13,0,Vila Conceição//gas_station,nan,nan
13,13,0,Vila Ipiranga//home,0.2543286295558826,0.24771304071797537
13,13,0,Vila Ipiranga//work,0.43636363636363634,0.6666666666666666
13,13,0,Vila Ipiranga//school,0.5123906705539358,0.6666666666666666
13,13,0,Vila Ipiranga//marketplace,nan,nan
13,13,0,Vila Ipiranga//pharmacy,nan,nan
13,13,0,Vila Ipiranga//gas_station,nan,nan
13,13,0,Vila Jardim//home,0.3328897832013501,0.3216928469427496
13,13,0,Vila Jardim//work,0.44285714285714284,0.6666666666666666
13,13,0,Vila Jardim//school,0.5520585906571654,0.6666666666666666
13,13,0,Vila Jardim//marketplace,nan,nan
13,13,0,Vila Jardim//pharmacy,nan,nan
13,13,0,Vila Jardim//gas_station,nan,nan
13,13,0,Vila João Pessoa//home,0.29053883922951024,0.3004742120945067
13,13,0,Vila João Pessoa//work,0.438663967611336,0.6666666666666666
13,13,0,Vila João Pessoa//school,0.5260964912280702,0.6666666666666666
13,13,0,Vila João Pessoa//marketplace,nan,nan
13,13,0,Vila João Pessoa//pharmacy,nan,nan
13,13,0,Vila João Pessoa//gas_station,nan,nan
13,13,0,Vila Nova//home,0.23625242940436722,0.3732327274113029
13,13,0,Vila Nova//work,0.4238823529411765,0.6666666666666666
13,13,0,Vila Nova//school,0.6682188135858507,0.6666666666666666
13,13,0,Vila Nova//marketplace,nan,nan
13,13,0,Vila Nova//pharmacy,nan,nan
13,13,0,Vila Nova//gas_station,nan,nan
13,13,0,Vila Nova//hospital,nan,nan
13,13,0,São José//home,0.29942748091603055,0.3465648854961832
13,13,0,São José//work,0.4639513108614232,0.6666666666666666
13,13,0,São José//school,0.48502218934911245,0.6666666666666666
13,13,0,São José//marketplace,nan,nan
13,13,0,São José//pharmacy,nan,nan
13,13,0,São José//gas_station,nan,nan
14,14,0,Aberta dos Morros//home,0.4047457166168072,0.35935092013416736
14,14,0,Aberta dos Morros//work,0.4504731861198738,0.6666666666666666
14,14,0,Aberta dos Morros//school,0.42789804469273746,0.6666666666666666
14,14,0,Aberta dos Morros//marketplace,nan,nan
14,14,0,Aberta dos Morros//pharmacy,nan,nan
14,14,0,Aberta dos Morros//gas_station,nan,nan
14,14,0,Agronomia//home,0.32434813248766736,0.4073291050035236
14,14,0,Agronomia//work,0.45928030303030304,0.6666666666666666
14,14,0,Agronomia//school,0.5248618784530387,0.6666666666666666
14,14,0,Agronomia//marketplace,nan,nan
14,14,0,Agronomia//pharmacy,nan,nan
14,14,0,Agronomia//gas_station,nan,nan
14,14,0,Anchieta//home,0.43287937743190663,0.3553826199740597
14,14,0,Anchieta//work,0.4335195530726257,0.6666666666666666
14,14,0,Anchieta//school,0.5463685474189676,0.6666666666666666
14,14,0,Anchieta//marketplace,nan,nan
14,14,0,Anchieta//pharmacy,nan,nan
14,14,0,Anchieta//gas_station,nan,nan
14,14,0,Arquipélago//home,0.3116735313245177,0.3812414191776862
14,14,0,Arquipélago//work,0.47430555555555554,0.6666666666666666
14,14,0,Arquipélago//school,0.5162901824500434,0.6666666666666666
14,14,0,Arquipélago//marketplace,nan,nan
14,14,0,Arquipélago//pharmacy,nan,nan
14,14,0,Arquipélago//gas_station,nan,nan
14,14,0,Auxiliadora//home,0.44869267482880265,0.2867814899356713
14,14,0,Auxiliadora//work,0.44203539823008847,0.6666666666666666
14,14,0,Auxiliadora//school,0.4915291051259774,0.6666666666666666
14,14,0,Auxiliadora//marketplace,nan,nan
14,14,0,Auxiliadora//pharmacy,nan,nan
14,14,0,Auxiliadora//gas_station,nan,nan
14,14,0,Azenha//home,0.36330262021307225,0.35243305499568095
14,14,0,Azenha//work,0.42719101123595504,0.6666666666666666
14,14,0,Azenha//school,0.5338156484458735,0.6666666666666666
14,14,0,Azenha//marketplace,nan,nan
14,14,0,Azenha//pharmacy,nan,nan
14,14,0,Azenha//gas_station,nan,nan
14,14,0,Azenha//hospital,nan,nan
14,14,0,Azenha//shopping_mall,nan,nan
14,14,0,Bela Vista//home,0.46393146979260597,0.3866346057509268
14,14,0,Bela Vista//work,0.40697115384615384,0.6666666666666666
14,14,0,Bela Vista//school,0.4643426294820717,0.6666666666666666
14,14,0,Bela Vista//marketplace,nan,nan
14,14,0,Bela Vista//pharmacy,nan,nan
14,14,0,Bela Vista//gas_station,nan,nan
14,14,0,Belém Novo//home,0.2703860333983951,0.34627340417841396
14,14,0,Belém Novo//work,0.43662952646239556,0.6666666666666666
14,14,0,Belém Novo//school,0.654887714663144,0.6666666666666666
14,14,0,Belém Novo//marketplace,nan,nan
14,14,0,Belém Novo//pharmacy,nan,nan
14,14,0,Belém Novo//gas_station,nan,nan
14,14,0,Belém Velho//home,0.3018970416179174,0.17092874254833137
14,14,0,Belém Velho//work,0.4576271186440678,0.6666666666666666
14,14,0,Belém Velho//school,0.5717331968611395,0.6666666666666666
14,14,0,Belém Velho//marketplace,nan,nan
14,14,0,Belém Velho//pharmacy,nan,nan
14,14,0,Belém Velho//gas_station,nan,nan
14,14,0,Boa Vista//home,0.36311018131101813,0.44332868433286843
14,14,0,Boa Vista//work,0.42764876632801163,0.6666666666666666
14,14,0,Boa Vista//school,0.5943287037037037,0.6666666666666666
14,14,0,Boa Vista//marketplace,nan,nan
14,14,0,Boa Vista//pharmacy,nan,nan
14,14,0,Boa Vista//gas_station,nan,nan
14,14,0,Boa Vista do Sul//home,0.3614309210526316,0.16611842105263158
14,14,0,Boa Vista do Sul//work,0.4480662983425414,0.6666666666666666
14,14,0,Boa Vista do Sul//school,0.4876486733760293,0.6666666666666666
14,14,0,Boa Vista do Sul//marketplace,nan,nan
14,14,0,Boa Vista do Sul//pharmacy,nan,nan
14,14,0,Boa Vista do Sul//gas_station,nan,nan
14,14,0,Bom Fim//home,0.40918757975329645,0.38976322132425917
14,14,0,Bom Fim//work,0.4227963525835866,0.6666666666666666
14,14,0,Bom Fim//school,0.5732868020304569,0.6666666666666666
14,14,0,Bom Fim//marketplace,nan,nan
14,14,0,Bom Fim//pharmacy,nan,nan
14,14,0,Bom Fim//gas_station,nan,nan
14,14,0,Bom Jesus//home,0.4280588844503625,0.27232825368644276
14,14,0,Bom Jesus//work,0.45155642023346304,0.6666666666666666
14,14,0,Bom Jesus//school,0.4951697127937337,0.6666666666666666
14,14,0,Bom Jesus//marketplace,nan,nan
14,14,0,Bom Jesus//pharmacy,nan,nan
14,14,0,Bom Jesus//gas_station,nan,nan
14,14,0,Camaquã//home,0.2626906002702181,0.19301293186643506
14,14,0,Camaquã//work,0.4696969696969697,0.6666666666666666
14,14,0,Camaquã//school,0.47382342210871947,0.6666666666666666
14,14,0,Camaquã//marketplace,nan,nan
14,14,0,Camaquã//pharmacy,nan,nan
14,14,0,Camaquã//gas_station,nan,nan
14,14,0,Campo Novo//home,0.2921638018200202,0.38638355240984157
14,14,0,Campo Novo//work,0.46904024767801855,0.6666666666666666
14,14,0,Campo Novo//school,0.5150233897085282,0.6666666666666666
14,14,0,Campo Novo//marketplace,nan,nan
14,14,0,Campo Novo//pharmacy,nan,nan
14,14,0,Campo Novo//gas_station,nan,nan
14,14,0,Cascata//home,0.28160288582183185,0.3439983270598076
14,14,0,Cascata//work,0.44420677361853833,0.6666666666666666
14,14,0,Cascata//school,0.5883775738030266,0.6666666666666666
14,14,0,Cascata//marketplace,nan,nan
14,14,0,Cascata//pharmacy,nan,nan
14,14,0,Cascata//gas_station,nan,nan
14,14,0,Cavalhada//home,0.3507782101167315,0.3080768777266832
14,14,0,Cavalhada//work,0.42723880597014924,0.6666666666666666
14,14,0,Cavalhada//school,0.6669811320754717,0.6666666666666666
14,14,0,Cavalhada//marketplace,nan,nan
14,14,0,Cavalhada//pharmacy,nan,nan
14,14,0,Cavalhada//gas_station,nan,nan
14,14,0,Cavalhada//shopping_mall,nan,nan
14,14,0,Centro Histórico//home,0.3934428117370676,0.356810539407619
14,14,0,Centro Histórico//work,0.4273851590106007,0.6666666666666666
14,14,0,Centro Histórico//school,0.5053003533568905,0.6666666666666666
14,14,0,Centro Histórico//marketplace,nan,nan
14,14,0,Centro Histórico//pharmacy,nan,nan
14,14,0,Centro Histórico//gas_station,nan,nan
14,14,0,Centro Histórico//hospital,nan,nan
14,14,0,Centro Histórico//shopping_mall,nan,nan
14,14,0,Chácara das Pedras//home,0.45691547749725575,0.3503476033662642
14,14,0,Chácara das Pedras//work,0.4399049881235154,0.6666666666666666
14,14,0,Chácara das Pedras//school,0.5072209211553473,0.6666666666666666
14,14,0,Chácara das Pedras//marketplace,nan,nan
14,14,0,Chácara das Pedras//pharmacy,nan,nan
14,14,0,Chácara das Pedras//gas_station,nan,nan
14,14,0,Chapéu do Sol//home,0.2550685748360167,0.35102365334923474
14,14,0,Chapéu do Sol//work,0.4878326996197719,0.6666666666666666
14,14,0,Chapéu do Sol//school,0.6628577530969672,0.6666666666666666
14,14,0,Chapéu do Sol//marketplace,nan,nan
14,14,0,Chapéu do Sol//pharmacy,nan,nan
14,14,0,Chapéu do Sol//gas_station,nan,nan
14,14,0,Cidade Baixa//home,0.35658271322266744,0.28086243083381035
14,14,0,Cidade Baixa//work,0.4092757306226175,0.6666666666666666
14,14,0,Cidade Baixa//school,0.4703389830508475,0.6666666666666666
14,14,0,Cidade Baixa//marketplace,nan,nan
14,14,0,Cidade Baixa//pharmacy,nan,nan
14,14,0,Cidade Baixa//gas_station,nan,nan
14,14,0,Cel. Aparício Borges//home,0.3375472469097967,0.3317328974699493
14,14,0,Cel. Aparício Borges//work,0.43472906403940886,0.6666666666666666
14,14,0,Cel. Aparício Borges//school,0.5037575150300602,0.6666666666666666
14,14,0,Cel. Aparício Borges//marketplace,nan,nan
14,14,0,Cel. Aparício Borges//pharmacy,nan,nan
14,14,0,Cel. Aparício Borges//gas_station,nan,nan
14,14,0,Costa e Silva//home,0.45266943112608526,0.28119735648568095
14,14,0,Costa e Silva//work,0.4494011976047904,0.6666666666666666
14,14,0,Costa e Silva//school,0.46405750798722045,0.6666666666666666
14,14,0,Costa e Silva//marketplace,nan,nan
14,14,0,Costa e Silva//pharmacy,nan,nan
14,14,0,Costa e Silva//gas_station,nan,nan
14,14,0,Cristal//home,0.3088127114903634,0.3715364621646805
14,14,0,Cristal//work,0.43871951219512195,0.6666666666666666
14,14,0,Cristal//school,0.609576837416481,0.6666666666666666
14,14,0,Cristal//marketplace,nan,nan
14,14,0,Cristal//pharmacy,nan,nan
14,14,0,Cristal//gas_station,nan,nan
14,14,0,Cristo Redentor//home,0.24323660957783352,0.15563070433802406
14,14,0,Cristo Redentor//work,0.4992857142857143,0.6666666666666666
14,14,0,Cristo Redentor//school,0.46030330062444247,0.6666666666666666
14,14,0,Cristo Redentor//marketplace,nan,nan
14,14,0,Cristo Redentor//pharmacy,nan,nan
14,14,0,Cristo Redentor//gas_station,nan,nan
14,14,0,Cristo Redentor//hospital,nan,nan
14,14,0,Cristo Redentor//shopping_mall,nan,nan
14,14,0,Espírito Santo//home,0.32927541877678224,0.3451499805220101
14,14,0,Espírito Santo//work,0.43892857142857145,0.6666666666666666
14,14,0,Espírito Santo//school,0.5881513204853676,0.6666666666666666
14,14,0,Espírito Santo//marketplace,nan,nan
14,14,0,Espírito Santo//pharmacy,nan,nan
14,14,0,Espírito Santo//gas_station,nan,nan
14,14,0,Extrema//home,0.40032377428307125,0.17514646931853223
14,14,0,Extrema//work,0.4643564356435644,0.6666666666666666
14,14,0,Extrema//school,0.5091522157996147,0.6666666666666666
14,14,0,Extrema//marketplace,nan,nan
14,14,0,Extrema//pharmacy,nan,nan
14,14,0,Extrema//gas_station,nan,nan
14,14,0,Farrapos//home,0.38633540372670805,0.3729192546583851
14,14,0,Farrapos//work,0.4569651741293532,0.6666666666666666
14,14,0,Farrapos//school,0.47051074179164976,0.6666666666666666
14,14,0,Farrapos//marketplace,nan,nan
14,14,0,Farrapos//pharmacy,nan,nan
14,14,0,Farrapos//gas_station,nan,nan
14,14,0,Farrapos//stadium,nan,nan
14,14,0,Farroupilha//home,0.19434137291280149,0.15089672232529375
14,14,0,Farroupilha//work,0.4230500582072177,0.6666666666666666
14,14,0,Farroupilha//school,0.5059941874545895,0.6666666666666666
14,14,0,Farroupilha//marketplace,nan,nan
14,14,0,Farroupilha//pharmacy,nan,nan
14,14,0,Farroupilha//gas_station,nan,nan
14,14,0,Farroupilha//hospital,nan,nan
14,14,0,Floresta//home,0.17697543651968037,0.17381868402880538
14,14,0,Floresta//work,0.41059730250481696,0.6666666666666666
14,14,0,Floresta//school,0.6393026404874746,0.6666666666666666
14,14,0,Floresta//marketplace,nan,nan
14,14,0,Floresta//pharmacy,nan,nan
14,14,0,Floresta//gas_station,nan,nan
14,14,0,Glória//home,0.25403272939801286,0.3512955386713423
14,14,0,Glória//work,0.4386694386694387,0.6666666666666666
14,14,0,Glória//school,0.5400153413449246,0.6666666666666666
14,14,0,Glória//marketplace,nan,nan
14,14,0,Glória//pharmacy,nan,nan
14,14,0,Glória//gas_station,nan,nan
14,14,0,Glória//hospital,nan,nan
14,14,0,Guarujá//home,0.3899560922063666,0.32540553726064153
14,14,0,Guarujá//work,0.46596638655462186,0.6666666666666666
14,14,0,Guarujá//school,0.40401069518716576,0.6666666666666666
14,14,0,Guarujá//marketplace,nan,nan
14,14,0,Guarujá//pharmacy,nan,nan
14,14,0,Guarujá//gas_station,nan,nan
14,14,0,Higienópolis//home,0.45624712907671106,0.40708416271117237
14,14,0,Higienópolis//work,0.44073569482288827,0.6666666666666666
14,14,0,Higienópolis//school,0.5409192825112108,0.6666666666666666
14,14,0,Higienópolis//marketplace,nan,nan
14,14,0,Higienópolis//pharmacy,nan,nan
14,14,0,Higienópolis//gas_station,nan,nan
14,14,0,Hípica//home,0.33675623800383875,0.3252719129878439
14,14,0,Hípica//work,0.44825581395348835,0.6666666666666666
14,14,0,Hípica//school,0.48866446826051113,0.6666666666666666
14,14,0,Hípica//marketplace,nan,nan
14,14,0,Hípica//pharmacy,nan,nan
14,14,0,Hípica//gas_station,nan,nan
14,14,0,Humaitá//home,0.32171957222882364,0.35794715102133196
14,14,0,Humaitá//work,0.45220883534136547,0.6666666666666666
14,14,0,Humaitá//school,0.6939844130540672,0.6666666666666666
14,14,0,Humaitá//marketplace,nan,nan
14,14,0,Humaitá//pharmacy,nan,nan
14,14,0,Humaitá//gas_station,nan,nan
14,14,0,Independência//home,0.3650176311968471,0.3040862891516283
14,14,0,Independência//work,0.39437299035369777,0.6666666666666666
14,14,0,Independência//school,0.6205898566703418,0.6666666666666666
14,14,0,Independência//marketplace,nan,nan
14,14,0,Independência//pharmacy,nan,nan
14,14,0,Independência//gas_station,nan,nan
14,14,0,Independência//hospital,nan,nan
14,14,0,Independência//shopping_mall,nan,nan
14,14,0,Ipanema//home,0.36634521992507285,0.3432773692243652
14,14,0,Ipanema//work,0.45858085808580856,0.6666666666666666
14,14,0,Ipanema//school,0.617704280155642,0.6666666666666666
14,14,0,Ipanema//marketplace,nan,nan
14,14,0,Ipanema//pharmacy,nan,nan
14,14,0,Ipanema//gas_station,nan,nan
14,14,0,Jardim Botânico//home,0.3760174418604651,0.3789728682170543
14,14,0,Jardim Botânico//work,0.4532747603833866,0.6666666666666666
14,14,0,Jardim Botânico//school,0.5147820457488131,0.6666666666666666
14,14,0,Jardim Botânico//marketplace,nan,nan
14,14,0,Jardim Botânico//pharmacy,nan,nan
14,14,0,Jardim Botânico//gas_station,nan,nan
14,14,0,Jardim Botânico//hospital,nan,nan
14,14,0,Jardim Botânico//shopping_mall,nan,nan
14,14,0,Jardim Carvalho//home,0.3460656990068755,0.34463967405143875
14,14,0,Jardim Carvalho//work,0.44897003745318353,0.6666666666666666
14,14,0,Jardim Carvalho//school,0.5841428571428572,0.6666666666666666
14,14,0,Jardim Carvalho//marketplace,nan,nan
14,14,0,Jardim Carvalho//pharmacy,nan,nan
14,14,0,Jardim Carvalho//gas_station,nan,nan
14,14,0,Jardim Carvalho//hospital,nan,nan
14,14,0,Jardim do Salso//home,0.2817538664034222,0.16386969397828233
14,14,0,Jardim do Salso//work,0.4531772575250836,0.6666666666666666
14,14,0,Jardim do Salso//school,0.5109254498714653,0.6666666666666666
14,14,0,Jardim do Salso//marketplace,nan,nan
14,14,0,Jardim do Salso//pharmacy,nan,nan
14,14,0,Jardim do Salso//gas_station,nan,nan
14,14,0,Jardim Leopoldina//home,0.3414904330312185,0.3797918764686136
14,14,0,Jardim Leopoldina//work,0.4511761064685856,0.6666666666666666
14,14,0,Jardim Leopoldina//school,0.504590237348858,0.6666666666666666
14,14,0,Jardim Leopoldina//marketplace,nan,nan
14,14,0,Jardim Leopoldina//pharmacy,nan,nan
14,14,0,Jardim Leopoldina//gas_station,nan,nan
14,14,0,Jardim Europa//home,0.48432343234323433,0.3997066373303997
14,14,0,Jardim Europa//work,0.44124548736462094,0.6666666666666666
14,14,0,Jardim Europa//school,0.6082739509105305,0.6666666666666666
14,14,0,Jardim Europa//marketplace,nan,nan
14,14,0,Jardim Europa//pharmacy,nan,nan
14,14,0,Jardim Europa//gas_station,nan,nan
14,14,0,Jardim Europa//shopping_mall,nan,nan
14,14,0,Jardim Floresta//home,0.36270753512132825,0.20945083014048532
14,14,0,Jardim Floresta//work,0.4110215053763441,0.6666666666666666
14,14,0,Jardim Floresta//school,0.5191404415218412,0.6666666666666666
14,14,0,Jardim Floresta//marketplace,nan,nan
14,14,0,Jardim Floresta//pharmacy,nan,nan
14,14,0,Jardim Floresta//gas_station,nan,nan
14,14,0,Jardim Isabel//home,0.3882038157282457,0.2813711803939817
14,14,0,Jardim Isabel//work,0.45508474576271185,0.6666666666666666
14,14,0,Jardim Isabel//school,0.5615603939865215,0.6666666666666666
14,14,0,Jardim Isabel//marketplace,nan,nan
14,14,0,Jardim Isabel//pharmacy,nan,nan
14,14,0,Jardim Isabel//gas_station,nan,nan
14,14,0,Jardim Itú//home,0.38337534131484985,0.3702303437653154
14,14,0,Jardim Itú//work,0.4298951048951049,0.6666666666666666
14,14,0,Jardim Itú//school,0.5416953824948312,0.6666666666666666
14,14,0,Jardim Itú//marketplace,nan,nan
14,14,0,Jardim Itú//pharmacy,nan,nan
14,14,0,Jardim Itú//gas_station,nan,nan
14,14,0,Jardim Lindóia//home,0.39382154388024654,0.34419332746306625
14,14,0,Jardim Lindóia//work,0.43308080808080807,0.6666666666666666
14,14,0,Jardim Lindóia//school,0.5384940778341794,0.6666666666666666
14,14,0,Jardim Lindóia//marketplace,nan,nan
14,14,0,Jardim Lindóia//pharmacy,nan,nan
14,14,0,Jardim Lindóia//gas_station,nan,nan
14,14,0,Jardim Lindóia//shopping_mall,nan,nan
14,14,0,Jardim Sabará//home,0.3824925237290339,0.38850604602782474
14,14,0,Jardim Sabará//work,0.4485355648535565,0.6666666666666666
14,14,0,Jardim Sabará//school,0.6010920897284534,0.6666666666666666
14,14,0,Jardim Sabará//marketplace,nan,nan
14,14,0,Jardim Sabará//pharmacy,nan,nan
14,14,0,Jardim Sabará//gas_station,nan,nan
14,14,0,Jardim São Pedro//home,0.21795758414015676,0.11464576609804826
14,14,0,Jardim São Pedro//work,0.42527777777777775,0.6666666666666666
14,14,0,Jardim São Pedro//school,0.5588235294117647,0.6666666666666666
14,14,0,Jardim São Pedro//marketplace,nan,nan
14,14,0,Jardim São Pedro//pharmacy,nan,nan
14,14,0,Jardim São Pedro//gas_station,nan,nan
14,14,0,Lageado//home,0.3569033530571992,0.18224852071005918
14,14,0,Lageado//work,0.4736559139784946,0.6666666666666666
14,14,0,Lageado//school,0.5639486754966887,0.6666666666666666
14,14,0,Lageado//marketplace,nan,nan
14,14,0,Lageado//pharmacy,nan,nan
14,14,0,Lageado//gas_station,nan,nan
14,14,0,Lami//home,0.4192963752665245,0.33148542999289266
14,14,0,Lami//work,0.44979838709677417,0.6666666666666666
14,14,0,Lami//school,0.4413449299957573,0.6666666666666666
14,14,0,Lami//marketplace,nan,nan
14,14,0,Lami//pharmacy,nan,nan
14,14,0,Lami//gas_station,nan,nan
14,14,0,Lomba do Pinheiro//home,0.3219565217391304,0.3593979933110368
14,14,0,Lomba do Pinheiro//work,0.452755905511811,0.6666666666666666
14,14,0,Lomba do Pinheiro//school,0.5414577902546621,0.6666666666666666
14,14,0,Lomba do Pinheiro//marketplace,nan,nan
14,14,0,Lomba do Pinheiro//pharmacy,nan,nan
14,14,0,Lomba do Pinheiro//gas_station,nan,nan
14,14,0,Mário Quintana//home,0.38313794263200884,0.3771040535562709
14,14,0,Mário Quintana//work,0.48212520593080727,0.6666666666666666
14,14,0,Mário Quintana//school,0.6322409573021485,0.6666666666666666
14,14,0,Mário Quintana//marketplace,nan,nan
14,14,0,Mário Quintana//pharmacy,nan,nan
14,14,0,Mário Quintana//gas_station,nan,nan
14,14,0,Medianeira//home,0.2526307135810589,0.16891373451715444
14,14,0,Medianeira//work,0.4424619640387275,0.6666666666666666
14,14,0,Medianeira//school,0.518943888794711,0.6666666666666666
14,14,0,Medianeira//marketplace,nan,nan
14,14,0,Medianeira//pharmacy,nan,nan
14,14,0,Medianeira//gas_station,nan,nan
14,14,0,Menino Deus//home,0.4323105843369655,0.3383674249665456
14,14,0,Menino Deus//work,0.4217522658610272,0.6666666666666666
14,14,0,Menino Deus//school,0.5155856863293262,0.6666666666666666
14,14,0,Menino Deus//marketplace,nan,nan
14,14,0,Menino Deus//pharmacy,nan,nan
14,14,0,Menino Deus//gas_station,nan,nan
14,14,0,Menino Deus//hospital,nan,nan
14,14,0,Moinhos de Vento//home,0.2689451769604441,0.10714781401804302
14,14,0,Moinhos de Vento//work,0.4262836185819071,0.6666666666666666
14,14,0,Moinhos de Vento//school,0.6663568773234201,0.6666666666666666
14,14,0,Moinhos de Vento//marketplace,nan,nan
14,14,0,Moinhos de Vento//pharmacy,nan,nan
14,14,0,Moinhos de Vento//gas_station,nan,nan
14,14,0,Moinhos de Vento//hospital,nan,nan
14,14,0,Moinhos de Vento//shopping_mall,nan,nan
14,14,0,Mont'Serrat//home,0.39322356445474105,0.23575486789122402
14,14,0,Mont'Serrat//work,0.44573378839590444,0.6666666666666666
14,14,0,Mont'Serrat//school,0.6206920319823546,0.6666666666666666
14,14,0,Mont'Serrat//marketplace,nan,nan
14,14,0,Mont'Serrat//pharmacy,nan,nan
14,14,0,Mont'Serrat//gas_station,nan,nan
14,14,0,Morro Santana//home,0.27895344363216623,0.3718096703860459
14,14,0,Morro Santana//work,0.4599290780141844,0.6666666666666666
14,14,0,Morro Santana//school,0.5125145518044237,0.6666666666666666
14,14,0,Morro Santana//marketplace,nan,nan
14,14,0,Morro Santana//pharmacy,nan,nan
14,14,0,Morro Santana//gas_station,nan,nan
14,14,0,Navegantes//home,0.27778806965542796,0.21810547116215884
14,14,0,Navegantes//work,0.45,0.6666666666666666
14,14,0,Navegantes//school,0.5422868741542625,0.6666666666666666
14,14,0,Navegantes//marketplace,nan,nan
14,14,0,Navegantes//pharmacy,nan,nan
14,14,0,Navegantes//gas_station,nan,nan
14,14,0,Navegantes//shopping_mall,nan,nan
14,14,0,Nonoai//home,0.2722416958771491,0.3346686696711734
14,14,0,Nonoai//work,0.44215070643642074,0.6666666666666666
14,14,0,Nonoai//school,0.582889184987786,0.6666666666666666
14,14,0,Nonoai//marketplace,nan,nan
14,14,0,Nonoai//pharmacy,nan,nan
14,14,0,Nonoai//gas_station,nan,nan
14,14,0,Parque Santa Fé//home,0.42426319396847156,0.2753027187571396
14,14,0,Parque Santa Fé//work,0.44238578680203045,0.6666666666666666
14,14,0,Parque Santa Fé//school,0.508521768477894,0.6666666666666666
14,14,0,Parque Santa Fé//marketplace,nan,nan
14,14,0,Parque Santa Fé//pharmacy,nan,nan
14,14,0,Parque Santa Fé//gas_station,nan,nan
14,14,0,Partenon//home,0.31809024979854955,0.3598710717163578
14,14,0,Partenon//work,0.4378129117259552,0.6666666666666666
14,14,0,Partenon//school,0.5503452243958573,0.6666666666666666
14,14,0,Partenon//marketplace,nan,nan
14,14,0,Partenon//pharmacy,nan,nan
14,14,0,Partenon//gas_station,nan,nan
14,14,0,Passo D'Areia//home,0.1972271914132379,0.37078683590311495
14,14,0,Passo D'Areia//work,0.4123529411764706,0.6666666666666666
14,14,0,Passo D'Areia//school,0.5917302798982188,0.6666666666666666
14,14,0,Passo D'Areia//marketplace,nan,nan
14,14,0,Passo D'Areia//pharmacy,nan,nan
14,14,0,Passo D'Areia//gas_station,nan,nan
14,14,0,Passo das Pedras//home,0.331636648394675,0.33855390237535893
14,14,0,Passo das Pedras//work,0.4420308483290488,0.6666666666666666
14,14,0,Passo das Pedras//school,0.5158815132048536,0.6666666666666666
14,14,0,Passo das Pedras//marketplace,nan,nan
14,14,0,Passo das Pedras//pharmacy,nan,nan
14,14,0,Passo das Pedras//gas_station,nan,nan
14,14,0,Pedra Redonda//home,0.30656934306569344,0.22384428223844283
14,14,0,Pedra Redonda//work,0.4393203883495146,0.6666666666666666
14,14,0,Pedra Redonda//school,0.686080740117746,0.6666666666666666
14,14,0,Pedra Redonda//marketplace,nan,nan
14,14,0,Pedra Redonda//pharmacy,nan,nan
14,14,0,Pedra Redonda//gas_station,nan,nan
14,14,0,Petrópolis//home,0.4098208696489623,0.3811816824770068
14,14,0,Petrópolis//work,0.4365038560411311,0.6666666666666666
14,14,0,Petrópolis//school,0.5887343989489818,0.6666666666666666
14,14,0,Petrópolis//marketplace,nan,nan
14,14,0,Petrópolis//pharmacy,nan,nan
14,14,0,Petrópolis//gas_station,nan,nan
14,14,0,Pitinga//home,0.36678134556574926,0.21916411824668705
14,14,0,Pitinga//work,0.49642857142857144,0.6666666666666666
14,14,0,Pitinga//school,0.5593556928508385,0.6666666666666666
14,14,0,Pitinga//marketplace,nan,nan
14,14,0,Pitinga//pharmacy,nan,nan
14,14,0,Pitinga//gas_station,nan,nan
14,14,0,Ponta Grossa//home,0.42678612188997944,0.20360648253823327
14,14,0,Ponta Grossa//work,0.45167464114832534,0.6666666666666666
14,14,0,Ponta Grossa//school,0.5456043956043956,0.6666666666666666
14,14,0,Ponta Grossa//marketplace,nan,nan
14,14,0,Ponta Grossa//pharmacy,nan,nan
14,14,0,Ponta Grossa//gas_station,nan,nan
14,14,0,Praia de Belas//home,0.19601381042059007,0.060263653483992465
14,14,0,Praia de Belas//work,0.4445588235294118,0.6666666666666666
14,14,0,Praia de Belas//school,0.526555023923445,0.6666666666666666
14,14,0,Praia de Belas//marketplace,nan,nan
14,14,0,Praia de Belas//pharmacy,nan,nan
14,14,0,Praia de Belas//gas_station,nan,nan
14,14,0,Praia de Belas//stadium,nan,nan
14,14,0,Praia de Belas//shopping_mall,nan,nan
14,14,0,Restinga//home,0.3030770334241859,0.3632429589250705
14,14,0,Restinga//work,0.45585106382978724,0.6666666666666666
14,14,0,Restinga//school,0.7104166666666667,0.6666666666666666
14,14,0,Restinga//marketplace,nan,nan
14,14,0,Restinga//pharmacy,nan,nan
14,14,0,Restinga//gas_station,nan,nan
14,14,0,Restinga//hospital,nan,nan
14,14,0,Rio Branco//home,0.2963527239150508,0.26408125577100644
14,14,0,Rio Branco//work,0.40052742616033754,0.6666666666666666
14,14,0,Rio Branco//school,0.5225118483412322,0.6666666666666666
14,14,0,Rio Branco//marketplace,nan,nan
14,14,0,Rio Branco//pharmacy,nan,nan
14,14,0,Rio Branco//gas_station,nan,nan
14,14,0,Rio Branco//hospital,nan,nan
14,14,0,Rubem Berta//home,0.2645464917284655,0.39471728119760063
14,14,0,Rubem Berta//work,0.4344175491679274,0.6666666666666666
14,14,0,Rubem Berta//school,0.5384288145207033,0.6666666666666666
14,14,0,Rubem Berta//marketplace,nan,nan
14,14,0,Rubem Berta//pharmacy,nan,nan
14,14,0,Rubem Berta//gas_station,nan,nan
14,14,0,Santa Cecília//home,0.4275521405049396,0.36882546652030734
14,14,0,Santa Cecília//work,0.42818471337579617,0.6666666666666666
14,14,0,Santa Cecília//school,0.5671077504725898,0.6666666666666666
14,14,0,Santa Cecília//marketplace,nan,nan
14,14,0,Santa Cecília//pharmacy,nan,nan
14,14,0,Santa Cecília//gas_station,nan,nan
14,14,0,Santa Cecília//hospital,nan,nan
14,14,0,Santa Maria Goretti//home,0.3418591859185919,0.2544921158782545
14,14,0,Santa Maria Goretti//work,0.43314285714285716,0.6666666666666666
14,14,0,Santa Maria Goretti//school,0.4943775100401606,0.6666666666666666
14,14,0,Santa Maria Goretti//marketplace,nan,nan
14,14,0,Santa Maria Goretti//pharmacy,nan,nan
14,14,0,Santa Maria Goretti//gas_station,nan,nan
14,14,0,Santa Rosa de Lima//home,0.3002586206896552,0.3455938697318008
14,14,0,Santa Rosa de Lima//work,0.4341535433070866,0.6666666666666666
14,14,0,Santa Rosa de Lima//school,0.5814467145223633,0.6666666666666666
14,14,0,Santa Rosa de Lima//marketplace,nan,nan
14,14,0,Santa Rosa de Lima//pharmacy,nan,nan
14,14,0,Santa Rosa de Lima//gas_station,nan,nan
14,14,0,Santa Tereza//home,0.26815205354133564,0.34933474569470524
14,14,0,Santa Tereza//work,0.42918577981651373,0.6666666666666666
14,14,0,Santa Tereza//school,0.4575536284801461,0.6666666666666666
14,14,0,Santa Tereza//marketplace,nan,nan
14,14,0,Santa Tereza//pharmacy,nan,nan
14,14,0,Santa Tereza//gas_station,nan,nan
14,14,0,Santana//home,0.43880344867761856,0.38176239853974914
14,14,0,Santana//work,0.4093939393939394,0.6666666666666666
14,14,0,Santana//school,0.5049880287310455,0.6666666666666666
14,14,0,Santana//marketplace,nan,nan
14,14,0,Santana//pharmacy,nan,nan
14,14,0,Santana//gas_station,nan,nan
14,14,0,Santana//hospital,nan,nan
14,14,0,Santo Antônio//home,0.28796469068465624,0.2235299746423616
14,14,0,Santo Antônio//work,0.436449864498645,0.6666666666666666
14,14,0,Santo Antônio//school,0.5249786507258754,0.6666666666666666
14,14,0,Santo Antônio//marketplace,nan,nan
14,14,0,Santo Antônio//pharmacy,nan,nan
14,14,0,Santo Antônio//gas_station,nan,nan
14,14,0,São Caetano//home,0.2567001675041876,0.1027359017308766
14,14,0,São Caetano//work,0.46844919786096256,0.6666666666666666
14,14,0,São Caetano//school,0.5910041841004184,0.6666666666666666
14,14,0,São Caetano//marketplace,nan,nan
14,14,0,São Caetano//pharmacy,nan,nan
14,14,0,São Caetano//gas_station,nan,nan
14,14,0,São Geraldo//home,0.2967454134204574,0.307950071207171
14,14,0,São Geraldo//work,0.43097345132743364,0.6666666666666666
14,14,0,São Geraldo//school,0.470854453294714,0.6666666666666666
14,14,0,São Geraldo//marketplace,nan,nan
14,14,0,São Geraldo//pharmacy,nan,nan
14,14,0,São Geraldo//gas_station,nan,nan
14,14,0,São João//home,0.40752032520325204,0.3829268292682927
14,14,0,São João//work,0.43520192887281495,0.6666666666666666
14,14,0,São João//school,0.5,0.6666666666666666
14,14,0,São João//marketplace,nan,nan
14,14,0,São João//pharmacy,nan,nan
14,14,0,São João//gas_station,nan,nan
14,14,0,São João//shopping_mall,nan,nan
14,14,0,São Sebastião//home,0.26560178306092125,0.336998514115899
14,14,0,São Sebastião//work,0.4517605633802817,0.6666666666666666
14,14,0,São Sebastião//school,0.5077201677468548,0.6666666666666666
14,14,0,São Sebastião//marketplace,nan,nan
14,14,0,São Sebastião//pharmacy,nan,nan
14,14,0,São Sebastião//gas_station,nan,nan
14,14,0,São Sebastião//shopping_mall,nan,nan
14,14,0,Sarandi//home,0.37112837450709446,0.31961623583072135
14,14,0,Sarandi//work,0.4437878787878788,0.6666666666666666
14,14,0,Sarandi//school,0.5055789843612721,0.6666666666666666
14,14,0,Sarandi//marketplace,nan,nan
14,14,0,Sarandi//pharmacy,nan,nan
14,14,0,Sarandi//gas_station,nan,nan
14,14,0,Sarandi//shopping_mall,nan,nan
14,14,0,Serraria//home,0.2785143479840174,0.3581547402833273
14,14,0,Serraria//work,0.4514814814814815,0.6666666666666666
14,14,0,Serraria//school,0.4936061381074169,0.6666666666666666
14,14,0,Serraria//marketplace,nan,nan
14,14,0,Serraria//pharmacy,nan,nan
14,14,0,Serraria//gas_station,nan,nan
14,14,0,Sétimo Céu//home,0.24496514329976762,0.24786986831913246
14,14,0,Sétimo Céu//work,0.4393518518518518,0.6666666666666666
14,14,0,Sétimo Céu//school,0.4814769975786925,0.6666666666666666
14,14,0,Sétimo Céu//marketplace,nan,nan
14,14,0,Sétimo Céu//pharmacy,nan,nan
14,14,0,Sétimo Céu//gas_station,nan,nan
14,14,0,Teresópolis//home,0.2715955834596233,0.27293064876957496
14,14,0,Teresópolis//work,0.4444312796208531,0.6666666666666666
14,14,0,Teresópolis//school,0.5422149122807017,0.6666666666666666
14,14,0,Teresópolis//marketplace,nan,nan
14,14,0,Teresópolis//pharmacy,nan,nan
14,14,0,Teresópolis//gas_station,nan,nan
14,14,0,Teresópolis//hospital,nan,nan
14,14,0,Três Figueiras//home,0.2875747224594364,0.3919726729291204
14,14,0,Três Figueiras//work,0.42559055118110234,0.6666666666666666
14,14,0,Três Figueiras//school,0.5013606416499571,0.6666666666666666
14,14,0,Três Figueiras//marketplace,nan,nan
14,14,0,Três Figueiras//pharmacy,nan,nan
14,14,0,Três Figueiras//gas_station,nan,nan
14,14,0,Três Figueiras//shopping_mall,nan,nan
14,14,0,Tristeza//home,0.3154334904693585,0.26815604290496686
14,14,0,Tristeza//work,0.43863636363636366,0.6666666666666666
14,14,0,Tristeza//school,0.6840277777777778,0.6666666666666666
14,14,0,Tristeza//marketplace,nan,nan
14,14,0,Tristeza//pharmacy,nan,nan
14,14,0,Tristeza//gas_station,nan,nan
14,14,0,Vila Assunção//home,0.39705882352941174,0.25314603453321627
14,14,0,Vila Assunção//work,0.43023809523809525,0.6666666666666666
14,14,0,Vila Assunção//school,0.5245803357314148,0.6666666666666666
14,14,0,Vila Assunção//marketplace,nan,nan
14,14,0,Vila Assunção//pharmacy,nan,nan
14,14,0,Vila Assunção//gas_station,nan,nan
14,14,0,Vila Assunção//hospital,nan,nan
14,14,0,Vila Conceição//home,0.23072646404744254,0.2213985668396343
14,14,0,Vila Conceição//work,0.42081545064377684,0.6666666666666666
14,14,0,Vila Conceição//school,0.5579564968517459,0.6666666666666666
14,14,0,Vila Conceição//marketplace,nan,nan
14,14,0,Vila Conceição//pharmacy,nan,nan
14,14,0,Vila Conceição//gas_station,nan,nan
14,14,0,Vila Ipiranga//home,0.2563795131662293,0.22875757849968328
14,14,0,Vila Ipiranga//work,0.4425806451612903,0.6666666666666666
14,14,0,Vila Ipiranga//school,0.5123906705539358,0.6666666666666666
14,14,0,Vila Ipiranga//marketplace,nan,nan
14,14,0,Vila Ipiranga//pharmacy,nan,nan
14,14,0,Vila Ipiranga//gas_station,nan,nan
14,14,0,Vila Jardim//home,0.3328897832013501,0.3216928469427496
14,14,0,Vila Jardim//work,0.44285714285714284,0.6666666666666666
14,14,0,Vila Jardim//school,0.5520585906571654,0.6666666666666666
14,14,0,Vila Jardim//marketplace,nan,nan
14,14,0,Vila Jardim//pharmacy,nan,nan
14,14,0,Vila Jardim//gas_station,nan,nan
14,14,0,Vila João Pessoa//home,0.2933964799140132,0.2758744233955842
14,14,0,Vila João Pessoa//work,0.441233140655106,0.6666666666666666
14,14,0,Vila João Pessoa//school,0.5260964912280702,0.6666666666666666
14,14,0,Vila João Pessoa//marketplace,nan,nan
14,14,0,Vila João Pessoa//pharmacy,nan,nan
14,14,0,Vila João Pessoa//gas_station,nan,nan
14,14,0,Vila Nova//home,0.23637207144514033,0.3689785819222145
14,14,0,Vila Nova//work,0.4235,0.6666666666666666
14,14,0,Vila Nova//school,0.6682188135858507,0.6666666666666666
14,14,0,Vila Nova//marketplace,nan,nan
14,14,0,Vila Nova//pharmacy,nan,nan
14,14,0,Vila Nova//gas_station,nan,nan
14,14,0,Vila Nova//hospital,nan,nan
14,14,0,São José//home,0.2978599221789883,0.340337224383917
14,14,0,São José//work,0.4631849315068493,0.6666666666666666
14,14,0,São José//school,0.48502218934911245,0.6666666666666666
14,14,0,São José//marketplace,nan,nan
14,14,0,São José//pharmacy,nan,nan
14,14,0,São José//gas_station,nan,nan
15,15,0,Aberta dos Morros//home,0.4047457166168072,0.35935092013416736
15,15,0,Aberta dos Morros//work,0.44590643274853803,0.6666666666666666
15,15,0,Aberta dos Morros//school,0.42789804469273746,0.6666666666666666
15,15,0,Aberta dos Morros//marketplace,nan,nan
15,15,0,Aberta dos Morros//pharmacy,nan,nan
15,15,0,Aberta dos Morros//gas_station,nan,nan
15,15,0,Agronomia//home,0.32434813248766736,0.4073291050035236
15,15,0,Agronomia//work,0.45928030303030304,0.6666666666666666
15,15,0,Agronomia//school,0.5248618784530387,0.6666666666666666
15,15,0,Agronomia//marketplace,nan,nan
15,15,0,Agronomia//pharmacy,nan,nan
15,15,0,Agronomia//gas_station,nan,nan
15,15,0,Anchieta//home,0.43287937743190663,0.3553826199740597
15,15,0,Anchieta//work,0.43642297650130546,0.6666666666666666
15,15,0,Anchieta//school,0.5463685474189676,0.6666666666666666
15,15,0,Anchieta//marketplace,nan,nan
15,15,0,Anchieta//pharmacy,nan,nan
15,15,0,Anchieta//gas_station,nan,nan
15,15,0,Arquipélago//home,0.3294178317671327,0.3648865459546184
15,15,0,Arquipélago//work,0.4784023668639053,0.6666666666666666
15,15,0,Arquipélago//school,0.5162901824500434,0.6666666666666666
15,15,0,Arquipélago//marketplace,nan,nan
15,15,0,Arquipélago//pharmacy,nan,nan
15,15,0,Arquipélago//gas_station,nan,nan
15,15,0,Auxiliadora//home,0.4454475815276866,0.30218136718465016
15,15,0,Auxiliadora//work,0.449601593625498,0.6666666666666666
15,15,0,Auxiliadora//school,0.4915291051259774,0.6666666666666666
15,15,0,Auxiliadora//marketplace,nan,nan
15,15,0,Auxiliadora//pharmacy,nan,nan
15,15,0,Auxiliadora//gas_station,nan,nan
15,15,0,Azenha//home,0.35851690971144895,0.33860792222566966
15,15,0,Azenha//work,0.42719101123595504,0.6666666666666666
15,15,0,Azenha//school,0.5338156484458735,0.6666666666666666
15,15,0,Azenha//marketplace,nan,nan
15,15,0,Azenha//pharmacy,nan,nan
15,15,0,Azenha//gas_station,nan,nan
15,15,0,Azenha//hospital,nan,nan
15,15,0,Azenha//shopping_mall,nan,nan
15,15,0,Bela Vista//home,0.46083847903802405,0.3638825696024266
15,15,0,Bela Vista//work,0.41337868480725626,0.6666666666666666
15,15,0,Bela Vista//school,0.4643426294820717,0.6666666666666666
15,15,0,Bela Vista//marketplace,nan,nan
15,15,0,Bela Vista//pharmacy,nan,nan
15,15,0,Bela Vista//gas_station,nan,nan
15,15,0,Belém Novo//home,0.27132538408621876,0.36612397768096
15,15,0,Belém Novo//work,0.43662952646239556,0.6666666666666666
15,15,0,Belém Novo//school,0.654887714663144,0.6666666666666666
15,15,0,Belém Novo//marketplace,nan,nan
15,15,0,Belém Novo//pharmacy,nan,nan
15,15,0,Belém Novo//gas_station,nan,nan
15,15,0,Belém Velho//home,0.31628292342578057,0.17838246409674982
15,15,0,Belém Velho//work,0.4555077452667814,0.6666666666666666
15,15,0,Belém Velho//school,0.5717331968611395,0.6666666666666666
15,15,0,Belém Velho//marketplace,nan,nan
15,15,0,Belém Velho//pharmacy,nan,nan
15,15,0,Belém Velho//gas_station,nan,nan
15,15,0,Boa Vista//home,0.3519490254872564,0.4765617191404298
15,15,0,Boa Vista//work,0.4324229691876751,0.6666666666666666
15,15,0,Boa Vista//school,0.5943287037037037,0.6666666666666666
15,15,0,Boa Vista//marketplace,nan,nan
15,15,0,Boa Vista//pharmacy,nan,nan
15,15,0,Boa Vista//gas_station,nan,nan
15,15,0,Boa Vista do Sul//home,0.3614309210526316,0.16611842105263158
15,15,0,Boa Vista do Sul//work,0.45097087378640777,0.6666666666666666
15,15,0,Boa Vista do Sul//school,0.4876486733760293,0.6666666666666666
15,15,0,Boa Vista do Sul//marketplace,nan,nan
15,15,0,Boa Vista do Sul//pharmacy,nan,nan
15,15,0,Boa Vista do Sul//gas_station,nan,nan
15,15,0,Bom Fim//home,0.40397574123989216,0.4116501946690626
15,15,0,Bom Fim//work,0.4283641160949868,0.6666666666666666
15,15,0,Bom Fim//school,0.5732868020304569,0.6666666666666666
15,15,0,Bom Fim//marketplace,nan,nan
15,15,0,Bom Fim//pharmacy,nan,nan
15,15,0,Bom Fim//gas_station,nan,nan
15,15,0,Bom Jesus//home,0.43555924027735904,0.2774595518038388
15,15,0,Bom Jesus//work,0.4529255319148936,0.6666666666666666
15,15,0,Bom Jesus//school,0.4951697127937337,0.6666666666666666
15,15,0,Bom Jesus//marketplace,nan,nan
15,15,0,Bom Jesus//pharmacy,nan,nan
15,15,0,Bom Jesus//gas_station,nan,nan
15,15,0,Camaquã//home,0.26316063254265504,0.18726591760299627
15,15,0,Camaquã//work,0.4708768267223382,0.6666666666666666
15,15,0,Camaquã//school,0.47382342210871947,0.6666666666666666
15,15,0,Camaquã//marketplace,nan,nan
15,15,0,Camaquã//pharmacy,nan,nan
15,15,0,Camaquã//gas_station,nan,nan
15,15,0,Campo Novo//home,0.29238551650692224,0.37145899893503725
15,15,0,Campo Novo//work,0.46904024767801855,0.6666666666666666
15,15,0,Campo Novo//school,0.5150233897085282,0.6666666666666666
15,15,0,Campo Novo//marketplace,nan,nan
15,15,0,Campo Novo//pharmacy,nan,nan
15,15,0,Campo Novo//gas_station,nan,nan
15,15,0,Cascata//home,0.28160288582183185,0.3439983270598076
15,15,0,Cascata//work,0.4521276595744681,0.6666666666666666
15,15,0,Cascata//school,0.5883775738030266,0.6666666666666666
15,15,0,Cascata//marketplace,nan,nan
15,15,0,Cascata//pharmacy,nan,nan
15,15,0,Cascata//gas_station,nan,nan
15,15,0,Cavalhada//home,0.3486798679867987,0.31937415963818605
15,15,0,Cavalhada//work,0.4359180035650624,0.6666666666666666
15,15,0,Cavalhada//school,0.6669811320754717,0.6666666666666666
15,15,0,Cavalhada//marketplace,nan,nan
15,15,0,Cavalhada//pharmacy,nan,nan
15,15,0,Cavalhada//gas_station,nan,nan
15,15,0,Cavalhada//shopping_mall,nan,nan
15,15,0,Centro Histórico//home,0.38756781856395717,0.33787901005262555
15,15,0,Centro Histórico//work,0.4273851590106007,0.6666666666666666
15,15,0,Centro Histórico//school,0.5053003533568905,0.6666666666666666
15,15,0,Centro Histórico//marketplace,nan,nan
15,15,0,Centro Histórico//pharmacy,nan,nan
15,15,0,Centro Histórico//gas_station,nan,nan
15,15,0,Centro Histórico//hospital,nan,nan
15,15,0,Centro Histórico//shopping_mall,nan,nan
15,15,0,Chácara das Pedras//home,0.4389312977099237,0.3195504664970314
15,15,0,Chácara das Pedras//work,0.44171974522292995,0.6666666666666666
15,15,0,Chácara das Pedras//school,0.5072209211553473,0.6666666666666666
15,15,0,Chácara das Pedras//marketplace,nan,nan
15,15,0,Chácara das Pedras//pharmacy,nan,nan
15,15,0,Chácara das Pedras//gas_station,nan,nan
15,15,0,Chapéu do Sol//home,0.2550685748360167,0.35102365334923474
15,15,0,Chapéu do Sol//work,0.4878326996197719,0.6666666666666666
15,15,0,Chapéu do Sol//school,0.6628577530969672,0.6666666666666666
15,15,0,Chapéu do Sol//marketplace,nan,nan
15,15,0,Chapéu do Sol//pharmacy,nan,nan
15,15,0,Chapéu do Sol//gas_station,nan,nan
15,15,0,Cidade Baixa//home,0.35224650880388586,0.25743776563448695
15,15,0,Cidade Baixa//work,0.42158962795941374,0.6666666666666666
15,15,0,Cidade Baixa//school,0.4703389830508475,0.6666666666666666
15,15,0,Cidade Baixa//marketplace,nan,nan
15,15,0,Cidade Baixa//pharmacy,nan,nan
15,15,0,Cidade Baixa//gas_station,nan,nan
15,15,0,Cel. Aparício Borges//home,0.3375472469097967,0.3317328974699493
15,15,0,Cel. Aparício Borges//work,0.43472906403940886,0.6666666666666666
15,15,0,Cel. Aparício Borges//school,0.5037575150300602,0.6666666666666666
15,15,0,Cel. Aparício Borges//marketplace,nan,nan
15,15,0,Cel. Aparício Borges//pharmacy,nan,nan
15,15,0,Cel. Aparício Borges//gas_station,nan,nan
15,15,0,Costa e Silva//home,0.48582603703172095,0.3114683507966126
15,15,0,Costa e Silva//work,0.46007259528130673,0.6666666666666666
15,15,0,Costa e Silva//school,0.46405750798722045,0.6666666666666666
15,15,0,Costa e Silva//marketplace,nan,nan
15,15,0,Costa e Silva//pharmacy,nan,nan
15,15,0,Costa e Silva//gas_station,nan,nan
15,15,0,Cristal//home,0.3080036658011303,0.38572374115370905
15,15,0,Cristal//work,0.4395184135977337,0.6666666666666666
15,15,0,Cristal//school,0.609576837416481,0.6666666666666666
15,15,0,Cristal//marketplace,nan,nan
15,15,0,Cristal//pharmacy,nan,nan
15,15,0,Cristal//gas_station,nan,nan
15,15,0,Cristo Redentor//home,0.2425423348659863,0.15999401891518075
15,15,0,Cristo Redentor//work,0.5024590163934426,0.6666666666666666
15,15,0,Cristo Redentor//school,0.46030330062444247,0.6666666666666666
15,15,0,Cristo Redentor//marketplace,nan,nan
15,15,0,Cristo Redentor//pharmacy,nan,nan
15,15,0,Cristo Redentor//gas_station,nan,nan
15,15,0,Cristo Redentor//hospital,nan,nan
15,15,0,Cristo Redentor//shopping_mall,nan,nan
15,15,0,Espírito Santo//home,0.32927541877678224,0.3451499805220101
15,15,0,Espírito Santo//work,0.44459016393442624,0.6666666666666666
15,15,0,Espírito Santo//school,0.5881513204853676,0.6666666666666666
15,15,0,Espírito Santo//marketplace,nan,nan
15,15,0,Espírito Santo//pharmacy,nan,nan
15,15,0,Espírito Santo//gas_station,nan,nan
15,15,0,Extrema//home,0.40032377428307125,0.17514646931853223
15,15,0,Extrema//work,0.48253968253968255,0.6666666666666666
15,15,0,Extrema//school,0.5091522157996147,0.6666666666666666
15,15,0,Extrema//marketplace,nan,nan
15,15,0,Extrema//pharmacy,nan,nan
15,15,0,Extrema//gas_station,nan,nan
15,15,0,Farrapos//home,0.38633540372670805,0.3729192546583851
15,15,0,Farrapos//work,0.4569651741293532,0.6666666666666666
15,15,0,Farrapos//school,0.47051074179164976,0.6666666666666666
15,15,0,Farrapos//marketplace,nan,nan
15,15,0,Farrapos//pharmacy,nan,nan
15,15,0,Farrapos//gas_station,nan,nan
15,15,0,Farrapos//stadium,nan,nan
15,15,0,Farroupilha//home,0.19434137291280149,0.15089672232529375
15,15,0,Farroupilha//work,0.42815040650406505,0.6666666666666666
15,15,0,Farroupilha//school,0.5059941874545895,0.6666666666666666
15,15,0,Farroupilha//marketplace,nan,nan
15,15,0,Farroupilha//pharmacy,nan,nan
15,15,0,Farroupilha//gas_station,nan,nan
15,15,0,Farroupilha//hospital,nan,nan
15,15,0,Floresta//home,0.1760141364474493,0.16666666666666666
15,15,0,Floresta//work,0.4140597539543058,0.6666666666666666
15,15,0,Floresta//school,0.6393026404874746,0.6666666666666666
15,15,0,Floresta//marketplace,nan,nan
15,15,0,Floresta//pharmacy,nan,nan
15,15,0,Floresta//gas_station,nan,nan
15,15,0,Glória//home,0.244723774053383,0.3349472377405338
15,15,0,Glória//work,0.4386694386694387,0.6666666666666666
15,15,0,Glória//school,0.5400153413449246,0.6666666666666666
15,15,0,Glória//marketplace,nan,nan
15,15,0,Glória//pharmacy,nan,nan
15,15,0,Glória//gas_station,nan,nan
15,15,0,Glória//hospital,nan,nan
15,15,0,Guarujá//home,0.3899560922063666,0.32540553726064153
15,15,0,Guarujá//work,0.46596638655462186,0.6666666666666666
15,15,0,Guarujá//school,0.40401069518716576,0.6666666666666666
15,15,0,Guarujá//marketplace,nan,nan
15,15,0,Guarujá//pharmacy,nan,nan
15,15,0,Guarujá//gas_station,nan,nan
15,15,0,Higienópolis//home,0.4476454982589952,0.38556347758801746
15,15,0,Higienópolis//work,0.45275779376498804,0.6666666666666666
15,15,0,Higienópolis//school,0.5409192825112108,0.6666666666666666
15,15,0,Higienópolis//marketplace,nan,nan
15,15,0,Higienópolis//pharmacy,nan,nan
15,15,0,Higienópolis//gas_station,nan,nan
15,15,0,Hípica//home,0.3355457227138643,0.3168797115699771
15,15,0,Hípica//work,0.45284552845528453,0.6666666666666666
15,15,0,Hípica//school,0.48866446826051113,0.6666666666666666
15,15,0,Hípica//marketplace,nan,nan
15,15,0,Hípica//pharmacy,nan,nan
15,15,0,Hípica//gas_station,nan,nan
15,15,0,Humaitá//home,0.32171957222882364,0.35794715102133196
15,15,0,Humaitá//work,0.45220883534136547,0.6666666666666666
15,15,0,Humaitá//school,0.6939844130540672,0.6666666666666666
15,15,0,Humaitá//marketplace,nan,nan
15,15,0,Humaitá//pharmacy,nan,nan
15,15,0,Humaitá//gas_station,nan,nan
15,15,0,Independência//home,0.35506827123351076,0.2621306796266296
15,15,0,Independência//work,0.39437299035369777,0.6666666666666666
15,15,0,Independência//school,0.6205898566703418,0.6666666666666666
15,15,0,Independência//marketplace,nan,nan
15,15,0,Independência//pharmacy,nan,nan
15,15,0,Independência//gas_station,nan,nan
15,15,0,Independência//hospital,nan,nan
15,15,0,Independência//shopping_mall,nan,nan
15,15,0,Ipanema//home,0.36634521992507285,0.3432773692243652
15,15,0,Ipanema//work,0.45858085808580856,0.6666666666666666
15,15,0,Ipanema//school,0.617704280155642,0.6666666666666666
15,15,0,Ipanema//marketplace,nan,nan
15,15,0,Ipanema//pharmacy,nan,nan
15,15,0,Ipanema//gas_station,nan,nan
15,15,0,Jardim Botânico//home,0.3760174418604651,0.3789728682170543
15,15,0,Jardim Botânico//work,0.45145929339477725,0.6666666666666666
15,15,0,Jardim Botânico//school,0.5147820457488131,0.6666666666666666
15,15,0,Jardim Botânico//marketplace,nan,nan
15,15,0,Jardim Botânico//pharmacy,nan,nan
15,15,0,Jardim Botânico//gas_station,nan,nan
15,15,0,Jardim Botânico//hospital,nan,nan
15,15,0,Jardim Botânico//shopping_mall,nan,nan
15,15,0,Jardim Carvalho//home,0.34301032565528194,0.3318506751389992
15,15,0,Jardim Carvalho//work,0.44897003745318353,0.6666666666666666
15,15,0,Jardim Carvalho//school,0.5841428571428572,0.6666666666666666
15,15,0,Jardim Carvalho//marketplace,nan,nan
15,15,0,Jardim Carvalho//pharmacy,nan,nan
15,15,0,Jardim Carvalho//gas_station,nan,nan
15,15,0,Jardim Carvalho//hospital,nan,nan
15,15,0,Jardim do Salso//home,0.27958049480100394,0.11880004780686028
15,15,0,Jardim do Salso//work,0.4501605136436597,0.6666666666666666
15,15,0,Jardim do Salso//school,0.5109254498714653,0.6666666666666666
15,15,0,Jardim do Salso//marketplace,nan,nan
15,15,0,Jardim do Salso//pharmacy,nan,nan
15,15,0,Jardim do Salso//gas_station,nan,nan
15,15,0,Jardim Leopoldina//home,0.3414904330312185,0.3797918764686136
15,15,0,Jardim Leopoldina//work,0.4511761064685856,0.6666666666666666
15,15,0,Jardim Leopoldina//school,0.504590237348858,0.6666666666666666
15,15,0,Jardim Leopoldina//marketplace,nan,nan
15,15,0,Jardim Leopoldina//pharmacy,nan,nan
15,15,0,Jardim Leopoldina//gas_station,nan,nan
15,15,0,Jardim Europa//home,0.48432343234323433,0.3997066373303997
15,15,0,Jardim Europa//work,0.43583765112262524,0.6666666666666666
15,15,0,Jardim Europa//school,0.6082739509105305,0.6666666666666666
15,15,0,Jardim Europa//marketplace,nan,nan
15,15,0,Jardim Europa//pharmacy,nan,nan
15,15,0,Jardim Europa//gas_station,nan,nan
15,15,0,Jardim Europa//shopping_mall,nan,nan
15,15,0,Jardim Floresta//home,0.41033434650455924,0.2755825734549139
15,15,0,Jardim Floresta//work,0.4110215053763441,0.6666666666666666
15,15,0,Jardim Floresta//school,0.5191404415218412,0.6666666666666666
15,15,0,Jardim Floresta//marketplace,nan,nan
15,15,0,Jardim Floresta//pharmacy,nan,nan
15,15,0,Jardim Floresta//gas_station,nan,nan
15,15,0,Jardim Isabel//home,0.3882038157282457,0.2813711803939817
15,15,0,Jardim Isabel//work,0.4597772277227723,0.6666666666666666
15,15,0,Jardim Isabel//school,0.5615603939865215,0.6666666666666666
15,15,0,Jardim Isabel//marketplace,nan,nan
15,15,0,Jardim Isabel//pharmacy,nan,nan
15,15,0,Jardim Isabel//gas_station,nan,nan
15,15,0,Jardim Itú//home,0.3765240523165595,0.353801817778763
15,15,0,Jardim Itú//work,0.4298951048951049,0.6666666666666666
15,15,0,Jardim Itú//school,0.5416953824948312,0.6666666666666666
15,15,0,Jardim Itú//marketplace,nan,nan
15,15,0,Jardim Itú//pharmacy,nan,nan
15,15,0,Jardim Itú//gas_station,nan,nan
15,15,0,Jardim Lindóia//home,0.39382154388024654,0.34419332746306625
15,15,0,Jardim Lindóia//work,0.43308080808080807,0.6666666666666666
15,15,0,Jardim Lindóia//school,0.5384940778341794,0.6666666666666666
15,15,0,Jardim Lindóia//marketplace,nan,nan
15,15,0,Jardim Lindóia//pharmacy,nan,nan
15,15,0,Jardim Lindóia//gas_station,nan,nan
15,15,0,Jardim Lindóia//shopping_mall,nan,nan
15,15,0,Jardim Sabará//home,0.3824925237290339,0.38850604602782474
15,15,0,Jardim Sabará//work,0.4485355648535565,0.6666666666666666
15,15,0,Jardim Sabará//school,0.6010920897284534,0.6666666666666666
15,15,0,Jardim Sabará//marketplace,nan,nan
15,15,0,Jardim Sabará//pharmacy,nan,nan
15,15,0,Jardim Sabará//gas_station,nan,nan
15,15,0,Jardim São Pedro//home,0.21795758414015676,0.11464576609804826
15,15,0,Jardim São Pedro//work,0.4374025974025974,0.6666666666666666
15,15,0,Jardim São Pedro//school,0.5588235294117647,0.6666666666666666
15,15,0,Jardim São Pedro//marketplace,nan,nan
15,15,0,Jardim São Pedro//pharmacy,nan,nan
15,15,0,Jardim São Pedro//gas_station,nan,nan
15,15,0,Lageado//home,0.3939824945295405,0.19606126914660832
15,15,0,Lageado//work,0.47711864406779664,0.6666666666666666
15,15,0,Lageado//school,0.5639486754966887,0.6666666666666666
15,15,0,Lageado//marketplace,nan,nan
15,15,0,Lageado//pharmacy,nan,nan
15,15,0,Lageado//gas_station,nan,nan
15,15,0,Lami//home,0.4192963752665245,0.33148542999289266
15,15,0,Lami//work,0.4481684981684982,0.6666666666666666
15,15,0,Lami//school,0.4413449299957573,0.6666666666666666
15,15,0,Lami//marketplace,nan,nan
15,15,0,Lami//pharmacy,nan,nan
15,15,0,Lami//gas_station,nan,nan
15,15,0,Lomba do Pinheiro//home,0.3243027210884354,0.35417233560090705
15,15,0,Lomba do Pinheiro//work,0.44937275985663083,0.6666666666666666
15,15,0,Lomba do Pinheiro//school,0.5414577902546621,0.6666666666666666
15,15,0,Lomba do Pinheiro//marketplace,nan,nan
15,15,0,Lomba do Pinheiro//pharmacy,nan,nan
15,15,0,Lomba do Pinheiro//gas_station,nan,nan
15,15,0,Mário Quintana//home,0.3994725685156211,0.3624892747186191
15,15,0,Mário Quintana//work,0.48904109589041095,0.6666666666666666
15,15,0,Mário Quintana//school,0.6322409573021485,0.6666666666666666
15,15,0,Mário Quintana//marketplace,nan,nan
15,15,0,Mário Quintana//pharmacy,nan,nan
15,15,0,Mário Quintana//gas_station,nan,nan
15,15,0,Medianeira//home,0.25377229080932784,0.17615454961133972
15,15,0,Medianeira//work,0.44605263157894737,0.6666666666666666
15,15,0,Medianeira//school,0.518943888794711,0.6666666666666666
15,15,0,Medianeira//marketplace,nan,nan
15,15,0,Medianeira//pharmacy,nan,nan
15,15,0,Medianeira//gas_station,nan,nan
15,15,0,Menino Deus//home,0.4323105843369655,0.3383674249665456
15,15,0,Menino Deus//work,0.42134831460674155,0.6666666666666666
15,15,0,Menino Deus//school,0.5155856863293262,0.6666666666666666
15,15,0,Menino Deus//marketplace,nan,nan
15,15,0,Menino Deus//pharmacy,nan,nan
15,15,0,Menino Deus//gas_station,nan,nan
15,15,0,Menino Deus//hospital,nan,nan
15,15,0,Moinhos de Vento//home,0.2625808770668584,0.11099928109273903
15,15,0,Moinhos de Vento//work,0.4372549019607843,0.6666666666666666
15,15,0,Moinhos de Vento//school,0.6663568773234201,0.6666666666666666
15,15,0,Moinhos de Vento//marketplace,nan,nan
15,15,0,Moinhos de Vento//pharmacy,nan,nan
15,15,0,Moinhos de Vento//gas_station,nan,nan
15,15,0,Moinhos de Vento//hospital,nan,nan
15,15,0,Moinhos de Vento//shopping_mall,nan,nan
15,15,0,Mont'Serrat//home,0.39322356445474105,0.23575486789122402
15,15,0,Mont'Serrat//work,0.4567055393586006,0.6666666666666666
15,15,0,Mont'Serrat//school,0.6206920319823546,0.6666666666666666
15,15,0,Mont'Serrat//marketplace,nan,nan
15,15,0,Mont'Serrat//pharmacy,nan,nan
15,15,0,Mont'Serrat//gas_station,nan,nan
15,15,0,Morro Santana//home,0.2779911075181892,0.356911883589329
15,15,0,Morro Santana//work,0.4624413145539906,0.6666666666666666
15,15,0,Morro Santana//school,0.5125145518044237,0.6666666666666666
15,15,0,Morro Santana//marketplace,nan,nan
15,15,0,Morro Santana//pharmacy,nan,nan
15,15,0,Morro Santana//gas_station,nan,nan
15,15,0,Navegantes//home,0.27778806965542796,0.21810547116215884
15,15,0,Navegantes//work,0.45,0.6666666666666666
15,15,0,Navegantes//school,0.5422868741542625,0.6666666666666666
15,15,0,Navegantes//marketplace,nan,nan
15,15,0,Navegantes//pharmacy,nan,nan
15,15,0,Navegantes//gas_station,nan,nan
15,15,0,Navegantes//shopping_mall,nan,nan
15,15,0,Nonoai//home,0.27481333090511745,0.3622291021671827
15,15,0,Nonoai//work,0.44325842696629214,0.6666666666666666
15,15,0,Nonoai//school,0.582889184987786,0.6666666666666666
15,15,0,Nonoai//marketplace,nan,nan
15,15,0,Nonoai//pharmacy,nan,nan
15,15,0,Nonoai//gas_station,nan,nan
15,15,0,Parque Santa Fé//home,0.42426319396847156,0.2753027187571396
15,15,0,Parque Santa Fé//work,0.44238578680203045,0.6666666666666666
15,15,0,Parque Santa Fé//school,0.508521768477894,0.6666666666666666
15,15,0,Parque Santa Fé//marketplace,nan,nan
15,15,0,Parque Santa Fé//pharmacy,nan,nan
15,15,0,Parque Santa Fé//gas_station,nan,nan
15,15,0,Partenon//home,0.3170245398773006,0.33368390300905637
15,15,0,Partenon//work,0.44196538936959207,0.6666666666666666
15,15,0,Partenon//school,0.5503452243958573,0.6666666666666666
15,15,0,Partenon//marketplace,nan,nan
15,15,0,Partenon//pharmacy,nan,nan
15,15,0,Partenon//gas_station,nan,nan
15,15,0,Passo D'Areia//home,0.19430109440341667,0.3576237506302459
15,15,0,Passo D'Areia//work,0.43152380952380953,0.6666666666666666
15,15,0,Passo D'Areia//school,0.5917302798982188,0.6666666666666666
15,15,0,Passo D'Areia//marketplace,nan,nan
15,15,0,Passo D'Areia//pharmacy,nan,nan
15,15,0,Passo D'Areia//gas_station,nan,nan
15,15,0,Passo das Pedras//home,0.3395169994603346,0.33917970858068
15,15,0,Passo das Pedras//work,0.45244874715261957,0.6666666666666666
15,15,0,Passo das Pedras//school,0.5158815132048536,0.6666666666666666
15,15,0,Passo das Pedras//marketplace,nan,nan
15,15,0,Passo das Pedras//pharmacy,nan,nan
15,15,0,Passo das Pedras//gas_station,nan,nan
15,15,0,Pedra Redonda//home,0.30656934306569344,0.22384428223844283
15,15,0,Pedra Redonda//work,0.4393203883495146,0.6666666666666666
15,15,0,Pedra Redonda//school,0.686080740117746,0.6666666666666666
15,15,0,Pedra Redonda//marketplace,nan,nan
15,15,0,Pedra Redonda//pharmacy,nan,nan
15,15,0,Pedra Redonda//gas_station,nan,nan
15,15,0,Petrópolis//home,0.4043269969769944,0.36289730320575225
15,15,0,Petrópolis//work,0.43176328502415456,0.6666666666666666
15,15,0,Petrópolis//school,0.5887343989489818,0.6666666666666666
15,15,0,Petrópolis//marketplace,nan,nan
15,15,0,Petrópolis//pharmacy,nan,nan
15,15,0,Petrópolis//gas_station,nan,nan
15,15,0,Pitinga//home,0.4025781910397295,0.18878557340095803
15,15,0,Pitinga//work,0.49642857142857144,0.6666666666666666
15,15,0,Pitinga//school,0.5593556928508385,0.6666666666666666
15,15,0,Pitinga//marketplace,nan,nan
15,15,0,Pitinga//pharmacy,nan,nan
15,15,0,Pitinga//gas_station,nan,nan
15,15,0,Ponta Grossa//home,0.42678612188997944,0.20360648253823327
15,15,0,Ponta Grossa//work,0.45167464114832534,0.6666666666666666
15,15,0,Ponta Grossa//school,0.5456043956043956,0.6666666666666666
15,15,0,Ponta Grossa//marketplace,nan,nan
15,15,0,Ponta Grossa//pharmacy,nan,nan
15,15,0,Ponta Grossa//gas_station,nan,nan
15,15,0,Praia de Belas//home,0.19601381042059007,0.060263653483992465
15,15,0,Praia de Belas//work,0.44819277108433736,0.6666666666666666
15,15,0,Praia de Belas//school,0.526555023923445,0.6666666666666666
15,15,0,Praia de Belas//marketplace,nan,nan
15,15,0,Praia de Belas//pharmacy,nan,nan
15,15,0,Praia de Belas//gas_station,nan,nan
15,15,0,Praia de Belas//stadium,nan,nan
15,15,0,Praia de Belas//shopping_mall,nan,nan
15,15,0,Restinga//home,0.3056741695013389,0.36049793732358687
15,15,0,Restinga//work,0.45585106382978724,0.6666666666666666
15,15,0,Restinga//school,0.7104166666666667,0.6666666666666666
15,15,0,Restinga//marketplace,nan,nan
15,15,0,Restinga//pharmacy,nan,nan
15,15,0,Restinga//gas_station,nan,nan
15,15,0,Restinga//hospital,nan,nan
15,15,0,Rio Branco//home,0.2842828077314344,0.22312648355374703
15,15,0,Rio Branco//work,0.4028625954198473,0.6666666666666666
15,15,0,Rio Branco//school,0.5225118483412322,0.6666666666666666
15,15,0,Rio Branco//marketplace,nan,nan
15,15,0,Rio Branco//pharmacy,nan,nan
15,15,0,Rio Branco//gas_station,nan,nan
15,15,0,Rio Branco//hospital,nan,nan
15,15,0,Rubem Berta//home,0.2580936707494739,0.3837119372650587
15,15,0,Rubem Berta//work,0.43790436005625877,0.6666666666666666
15,15,0,Rubem Berta//school,0.5384288145207033,0.6666666666666666
15,15,0,Rubem Berta//marketplace,nan,nan
15,15,0,Rubem Berta//pharmacy,nan,nan
15,15,0,Rubem Berta//gas_station,nan,nan
15,15,0,Santa Cecília//home,0.4214790807307012,0.3468866627381654
15,15,0,Santa Cecília//work,0.4418956043956044,0.6666666666666666
15,15,0,Santa Cecília//school,0.5671077504725898,0.6666666666666666
15,15,0,Santa Cecília//marketplace,nan,nan
15,15,0,Santa Cecília//pharmacy,nan,nan
15,15,0,Santa Cecília//gas_station,nan,nan
15,15,0,Santa Cecília//hospital,nan,nan
15,15,0,Santa Maria Goretti//home,0.3418591859185919,0.2544921158782545
15,15,0,Santa Maria Goretti//work,0.43314285714285716,0.6666666666666666
15,15,0,Santa Maria Goretti//school,0.4943775100401606,0.6666666666666666
15,15,0,Santa Maria Goretti//marketplace,nan,nan
15,15,0,Santa Maria Goretti//pharmacy,nan,nan
15,15,0,Santa Maria Goretti//gas_station,nan,nan
15,15,0,Santa Rosa de Lima//home,0.30011661807580176,0.34091350826044703
15,15,0,Santa Rosa de Lima//work,0.4318011257035647,0.6666666666666666
15,15,0,Santa Rosa de Lima//school,0.5814467145223633,0.6666666666666666
15,15,0,Santa Rosa de Lima//marketplace,nan,nan
15,15,0,Santa Rosa de Lima//pharmacy,nan,nan
15,15,0,Santa Rosa de Lima//gas_station,nan,nan
15,15,0,Santa Tereza//home,0.27127769993253414,0.3246319649869393
15,15,0,Santa Tereza//work,0.4336325237592397,0.6666666666666666
15,15,0,Santa Tereza//school,0.4575536284801461,0.6666666666666666
15,15,0,Santa Tereza//marketplace,nan,nan
15,15,0,Santa Tereza//pharmacy,nan,nan
15,15,0,Santa Tereza//gas_station,nan,nan
15,15,0,Santana//home,0.43275245755138514,0.418315673007362
15,15,0,Santana//work,0.41394366197183097,0.6666666666666666
15,15,0,Santana//school,0.5049880287310455,0.6666666666666666
15,15,0,Santana//marketplace,nan,nan
15,15,0,Santana//pharmacy,nan,nan
15,15,0,Santana//gas_station,nan,nan
15,15,0,Santana//hospital,nan,nan
15,15,0,Santo Antônio//home,0.28796469068465624,0.2235299746423616
15,15,0,Santo Antônio//work,0.436449864498645,0.6666666666666666
15,15,0,Santo Antônio//school,0.5249786507258754,0.6666666666666666
15,15,0,Santo Antônio//marketplace,nan,nan
15,15,0,Santo Antônio//pharmacy,nan,nan
15,15,0,Santo Antônio//gas_station,nan,nan
15,15,0,São Caetano//home,0.2567001675041876,0.1027359017308766
15,15,0,São Caetano//work,0.46844919786096256,0.6666666666666666
15,15,0,São Caetano//school,0.5910041841004184,0.6666666666666666
15,15,0,São Caetano//marketplace,nan,nan
15,15,0,São Caetano//pharmacy,nan,nan
15,15,0,São Caetano//gas_station,nan,nan
15,15,0,São Geraldo//home,0.2896889246446769,0.32859569142754985
15,15,0,São Geraldo//work,0.4389492753623188,0.6666666666666666
15,15,0,São Geraldo//school,0.470854453294714,0.6666666666666666
15,15,0,São Geraldo//marketplace,nan,nan
15,15,0,São Geraldo//pharmacy,nan,nan
15,15,0,São Geraldo//gas_station,nan,nan
15,15,0,São João//home,0.40259467040673214,0.3729780271154745
15,15,0,São João//work,0.43520192887281495,0.6666666666666666
15,15,0,São João//school,0.5,0.6666666666666666
15,15,0,São João//marketplace,nan,nan
15,15,0,São João//pharmacy,nan,nan
15,15,0,São João//gas_station,nan,nan
15,15,0,São João//shopping_mall,nan,nan
15,15,0,São Sebastião//home,0.26560178306092125,0.336998514115899
15,15,0,São Sebastião//work,0.4517605633802817,0.6666666666666666
15,15,0,São Sebastião//school,0.5077201677468548,0.6666666666666666
15,15,0,São Sebastião//marketplace,nan,nan
15,15,0,São Sebastião//pharmacy,nan,nan
15,15,0,São Sebastião//gas_station,nan,nan
15,15,0,São Sebastião//shopping_mall,nan,nan
15,15,0,Sarandi//home,0.3689355097485264,0.3148593817213677
15,15,0,Sarandi//work,0.4437878787878788,0.6666666666666666
15,15,0,Sarandi//school,0.5055789843612721,0.6666666666666666
15,15,0,Sarandi//marketplace,nan,nan
15,15,0,Sarandi//pharmacy,nan,nan
15,15,0,Sarandi//gas_station,nan,nan
15,15,0,Sarandi//shopping_mall,nan,nan
15,15,0,Serraria//home,0.2785143479840174,0.3581547402833273
15,15,0,Serraria//work,0.45101694915254237,0.6666666666666666
15,15,0,Serraria//school,0.4936061381074169,0.6666666666666666
15,15,0,Serraria//marketplace,nan,nan
15,15,0,Serraria//pharmacy,nan,nan
15,15,0,Serraria//gas_station,nan,nan
15,15,0,Sétimo Céu//home,0.24496514329976762,0.24786986831913246
15,15,0,Sétimo Céu//work,0.4447095435684647,0.6666666666666666
15,15,0,Sétimo Céu//school,0.4814769975786925,0.6666666666666666
15,15,0,Sétimo Céu//marketplace,nan,nan
15,15,0,Sétimo Céu//pharmacy,nan,nan
15,15,0,Sétimo Céu//gas_station,nan,nan
15,15,0,Teresópolis//home,0.2718624833110814,0.26197893487613116
15,15,0,Teresópolis//work,0.44854586129753915,0.6666666666666666
15,15,0,Teresópolis//school,0.5422149122807017,0.6666666666666666
15,15,0,Teresópolis//marketplace,nan,nan
15,15,0,Teresópolis//pharmacy,nan,nan
15,15,0,Teresópolis//gas_station,nan,nan
15,15,0,Teresópolis//hospital,nan,nan
15,15,0,Três Figueiras//home,0.2875747224594364,0.3919726729291204
15,15,0,Três Figueiras//work,0.4284240150093809,0.6666666666666666
15,15,0,Três Figueiras//school,0.5013606416499571,0.6666666666666666
15,15,0,Três Figueiras//marketplace,nan,nan
15,15,0,Três Figueiras//pharmacy,nan,nan
15,15,0,Três Figueiras//gas_station,nan,nan
15,15,0,Três Figueiras//shopping_mall,nan,nan
15,15,0,Tristeza//home,0.31105384938998737,0.2576777450567943
15,15,0,Tristeza//work,0.44987562189054725,0.6666666666666666
15,15,0,Tristeza//school,0.6840277777777778,0.6666666666666666
15,15,0,Tristeza//marketplace,nan,nan
15,15,0,Tristeza//pharmacy,nan,nan
15,15,0,Tristeza//gas_station,nan,nan
15,15,0,Vila Assunção//home,0.388560157790927,0.28402366863905326
15,15,0,Vila Assunção//work,0.43023809523809525,0.6666666666666666
15,15,0,Vila Assunção//school,0.5245803357314148,0.6666666666666666
15,15,0,Vila Assunção//marketplace,nan,nan
15,15,0,Vila Assunção//pharmacy,nan,nan
15,15,0,Vila Assunção//gas_station,nan,nan
15,15,0,Vila Assunção//hospital,nan,nan
15,15,0,Vila Conceição//home,0.23072646404744254,0.2213985668396343
15,15,0,Vila Conceição//work,0.42081545064377684,0.6666666666666666
15,15,0,Vila Conceição//school,0.5579564968517459,0.6666666666666666
15,15,0,Vila Conceição//marketplace,nan,nan
15,15,0,Vila Conceição//pharmacy,nan,nan
15,15,0,Vila Conceição//gas_station,nan,nan
15,15,0,Vila Ipiranga//home,0.2563795131662293,0.22875757849968328
15,15,0,Vila Ipiranga//work,0.4483495145631068,0.6666666666666666
15,15,0,Vila Ipiranga//school,0.5123906705539358,0.6666666666666666
15,15,0,Vila Ipiranga//marketplace,nan,nan
15,15,0,Vila Ipiranga//pharmacy,nan,nan
15,15,0,Vila Ipiranga//gas_station,nan,nan
15,15,0,Vila Jardim//home,0.32694887964578023,0.310121203989445
15,15,0,Vila Jardim//work,0.457154213036566,0.6666666666666666
15,15,0,Vila Jardim//school,0.5520585906571654,0.6666666666666666
15,15,0,Vila Jardim//marketplace,nan,nan
15,15,0,Vila Jardim//pharmacy,nan,nan
15,15,0,Vila Jardim//gas_station,nan,nan
15,15,0,Vila João Pessoa//home,0.29330599193660506,0.26229204319013855
15,15,0,Vila João Pessoa//work,0.44107744107744107,0.6666666666666666
15,15,0,Vila João Pessoa//school,0.5260964912280702,0.6666666666666666
15,15,0,Vila João Pessoa//marketplace,nan,nan
15,15,0,Vila João Pessoa//pharmacy,nan,nan
15,15,0,Vila João Pessoa//gas_station,nan,nan
15,15,0,Vila Nova//home,0.2359656349299753,0.36459927033070494
15,15,0,Vila Nova//work,0.4235,0.6666666666666666
15,15,0,Vila Nova//school,0.6682188135858507,0.6666666666666666
15,15,0,Vila Nova//marketplace,nan,nan
15,15,0,Vila Nova//pharmacy,nan,nan
15,15,0,Vila Nova//gas_station,nan,nan
15,15,0,Vila Nova//hospital,nan,nan
15,15,0,São José//home,0.29570247933884297,0.34655647382920113
15,15,0,São José//work,0.4633280757097792,0.6666666666666666
15,15,0,São José//school,0.48502218934911245,0.6666666666666666
15,15,0,São José//marketplace,nan,nan
15,15,0,São José//pharmacy,nan,nan
15,15,0,São José//gas_station,nan,nan
16,16,0,Aberta dos Morros//home,0.3808680828743771,0.37031209021767636
16,16,0,Aberta dos Morros//work,0.4551061388410786,0.6666666666666666
16,16,0,Aberta dos Morros//school,0.42789804469273746,0.6666666666666666
16,16,0,Aberta dos Morros//marketplace,nan,nan
16,16,0,Aberta dos Morros//pharmacy,nan,nan
16,16,0,Aberta dos Morros//gas_station,nan,nan
16,16,0,Agronomia//home,0.3292804796802132,0.4214967799244948
16,16,0,Agronomia//work,0.45042113323124044,0.6666666666666666
16,16,0,Agronomia//school,0.5248618784530387,0.6666666666666666
16,16,0,Agronomia//marketplace,nan,nan
16,16,0,Agronomia//pharmacy,nan,nan
16,16,0,Agronomia//gas_station,nan,nan
16,16,0,Anchieta//home,0.38070175438596493,0.38596491228070173
16,16,0,Anchieta//work,0.44146047073023537,0.6666666666666666
16,16,0,Anchieta//school,0.5463685474189676,0.6666666666666666
16,16,0,Anchieta//marketplace,nan,nan
16,16,0,Anchieta//pharmacy,nan,nan
16,16,0,Anchieta//gas_station,nan,nan
16,16,0,Arquipélago//home,0.3097096987024412,0.3770984531925812
16,16,0,Arquipélago//work,0.47374260355029585,0.6666666666666666
16,16,0,Arquipélago//school,0.5162901824500434,0.6666666666666666
16,16,0,Arquipélago//marketplace,nan,nan
16,16,0,Arquipélago//pharmacy,nan,nan
16,16,0,Arquipélago//gas_station,nan,nan
16,16,0,Auxiliadora//home,0.4322298249144697,0.29824914469712216
16,16,0,Auxiliadora//work,0.44770916334661354,0.6666666666666666
16,16,0,Auxiliadora//school,0.4915291051259774,0.6666666666666666
16,16,0,Auxiliadora//marketplace,nan,nan
16,16,0,Auxiliadora//pharmacy,nan,nan
16,16,0,Auxiliadora//gas_station,nan,nan
16,16,0,Azenha//home,0.3653139140271493,0.3580316742081448
16,16,0,Azenha//work,0.426246719160105,0.6666666666666666
16,16,0,Azenha//school,0.5338156484458735,0.6666666666666666
16,16,0,Azenha//marketplace,nan,nan
16,16,0,Azenha//pharmacy,nan,nan
16,16,0,Azenha//gas_station,nan,nan
16,16,0,Azenha//hospital,nan,nan
16,16,0,Azenha//shopping_mall,nan,nan
16,16,0,Bela Vista//home,0.45732427643236856,0.39151407757432566
16,16,0,Bela Vista//work,0.42080436941410126,0.6666666666666666
16,16,0,Bela Vista//school,0.4643426294820717,0.6666666666666666
16,16,0,Bela Vista//marketplace,nan,nan
16,16,0,Bela Vista//pharmacy,nan,nan
16,16,0,Bela Vista//gas_station,nan,nan
16,16,0,Belém Novo//home,0.26836868576426853,0.34915081274145343
16,16,0,Belém Novo//work,0.4433570581257414,0.6666666666666666
16,16,0,Belém Novo//school,0.654887714663144,0.6666666666666666
16,16,0,Belém Novo//marketplace,nan,nan
16,16,0,Belém Novo//pharmacy,nan,nan
16,16,0,Belém Novo//gas_station,nan,nan
16,16,0,Belém Velho//home,0.2989738027698982,0.17064352856109907
16,16,0,Belém Velho//work,0.4575336872192732,0.6666666666666666
16,16,0,Belém Velho//school,0.5717331968611395,0.6666666666666666
16,16,0,Belém Velho//marketplace,nan,nan
16,16,0,Belém Velho//pharmacy,nan,nan
16,16,0,Belém Velho//gas_station,nan,nan
16,16,0,Boa Vista//home,0.33731642189586114,0.42438807298620385
16,16,0,Boa Vista//work,0.4383079574834818,0.6666666666666666
16,16,0,Boa Vista//school,0.5943287037037037,0.6666666666666666
16,16,0,Boa Vista//marketplace,nan,nan
16,16,0,Boa Vista//pharmacy,nan,nan
16,16,0,Boa Vista//gas_station,nan,nan
16,16,0,Boa Vista do Sul//home,0.3707482993197279,0.19444444444444445
16,16,0,Boa Vista do Sul//work,0.46628029504741836,0.6666666666666666
16,16,0,Boa Vista do Sul//school,0.4876486733760293,0.6666666666666666
16,16,0,Boa Vista do Sul//marketplace,nan,nan
16,16,0,Boa Vista do Sul//pharmacy,nan,nan
16,16,0,Boa Vista do Sul//gas_station,nan,nan
16,16,0,Bom Fim//home,0.36328293736501077,0.3958243340532757
16,16,0,Bom Fim//work,0.44677959012965285,0.6666666666666666
16,16,0,Bom Fim//school,0.5732868020304569,0.6666666666666666
16,16,0,Bom Fim//marketplace,nan,nan
16,16,0,Bom Fim//pharmacy,nan,nan
16,16,0,Bom Fim//gas_station,nan,nan
16,16,0,Bom Jesus//home,0.3851074018333561,0.2518356364299722
16,16,0,Bom Jesus//work,0.45109780439121755,0.6666666666666666
16,16,0,Bom Jesus//school,0.4951697127937337,0.6666666666666666
16,16,0,Bom Jesus//marketplace,nan,nan
16,16,0,Bom Jesus//pharmacy,nan,nan
16,16,0,Bom Jesus//gas_station,nan,nan
16,16,0,Camaquã//home,0.259439586645469,0.1789878113407525
16,16,0,Camaquã//work,0.4791089566020314,0.6666666666666666
16,16,0,Camaquã//school,0.47382342210871947,0.6666666666666666
16,16,0,Camaquã//marketplace,nan,nan
16,16,0,Camaquã//pharmacy,nan,nan
16,16,0,Camaquã//gas_station,nan,nan
16,16,0,Campo Novo//home,0.2867496005478201,0.35030054021151946
16,16,0,Campo Novo//work,0.47544642857142855,0.6666666666666666
16,16,0,Campo Novo//school,0.5150233897085282,0.6666666666666666
16,16,0,Campo Novo//marketplace,nan,nan
16,16,0,Campo Novo//pharmacy,nan,nan
16,16,0,Campo Novo//gas_station,nan,nan
16,16,0,Cascata//home,0.2867647058823529,0.3448060075093867
16,16,0,Cascata//work,0.4499837080482242,0.6666666666666666
16,16,0,Cascata//school,0.5883775738030266,0.6666666666666666
16,16,0,Cascata//marketplace,nan,nan
16,16,0,Cascata//pharmacy,nan,nan
16,16,0,Cascata//gas_station,nan,nan
16,16,0,Cavalhada//home,0.33401316240488105,0.3109618153150065
16,16,0,Cavalhada//work,0.4444444444444444,0.6666666666666666
16,16,0,Cavalhada//school,0.6669811320754717,0.6666666666666666
16,16,0,Cavalhada//marketplace,nan,nan
16,16,0,Cavalhada//pharmacy,nan,nan
16,16,0,Cavalhada//gas_station,nan,nan
16,16,0,Cavalhada//shopping_mall,nan,nan
16,16,0,Centro Histórico//home,0.38203565840011383,0.34770101316642166
16,16,0,Centro Histórico//work,0.427821997105644,0.6666666666666666
16,16,0,Centro Histórico//school,0.5053003533568905,0.6666666666666666
16,16,0,Centro Histórico//marketplace,nan,nan
16,16,0,Centro Histórico//pharmacy,nan,nan
16,16,0,Centro Histórico//gas_station,nan,nan
16,16,0,Centro Histórico//hospital,nan,nan
16,16,0,Centro Histórico//shopping_mall,nan,nan
16,16,0,Chácara das Pedras//home,0.413036410923277,0.3266146510619853
16,16,0,Chácara das Pedras//work,0.4519681349578257,0.6666666666666666
16,16,0,Chácara das Pedras//school,0.5072209211553473,0.6666666666666666
16,16,0,Chácara das Pedras//marketplace,nan,nan
16,16,0,Chácara das Pedras//pharmacy,nan,nan
16,16,0,Chácara das Pedras//gas_station,nan,nan
16,16,0,Chapéu do Sol//home,0.2683346065699007,0.32492997198879553
16,16,0,Chapéu do Sol//work,0.4938682550805886,0.6666666666666666
16,16,0,Chapéu do Sol//school,0.6628577530969672,0.6666666666666666
16,16,0,Chapéu do Sol//marketplace,nan,nan
16,16,0,Chapéu do Sol//pharmacy,nan,nan
16,16,0,Chapéu do Sol//gas_station,nan,nan
16,16,0,Cidade Baixa//home,0.35420650095602296,0.28763168747422485
16,16,0,Cidade Baixa//work,0.43535620052770446,0.6666666666666666
16,16,0,Cidade Baixa//school,0.4703389830508475,0.6666666666666666
16,16,0,Cidade Baixa//marketplace,nan,nan
16,16,0,Cidade Baixa//pharmacy,nan,nan
16,16,0,Cidade Baixa//gas_station,nan,nan
16,16,0,Cel. Aparício Borges//home,0.3057105744250938,0.3511979216780525
16,16,0,Cel. Aparício Borges//work,0.4397803425167535,0.6666666666666666
16,16,0,Cel. Aparício Borges//school,0.5037575150300602,0.6666666666666666
16,16,0,Cel. Aparício Borges//marketplace,nan,nan
16,16,0,Cel. Aparício Borges//pharmacy,nan,nan
16,16,0,Cel. Aparício Borges//gas_station,nan,nan
16,16,0,Costa e Silva//home,0.43889188824402753,0.2928870292887029
16,16,0,Costa e Silva//work,0.4618874773139746,0.6666666666666666
16,16,0,Costa e Silva//school,0.46405750798722045,0.6666666666666666
16,16,0,Costa e Silva//marketplace,nan,nan
16,16,0,Costa e Silva//pharmacy,nan,nan
16,16,0,Costa e Silva//gas_station,nan,nan
16,16,0,Cristal//home,0.2975757134536983,0.36769559308872063
16,16,0,Cristal//work,0.4682428651371013,0.6666666666666666
16,16,0,Cristal//school,0.609576837416481,0.6666666666666666
16,16,0,Cristal//marketplace,nan,nan
16,16,0,Cristal//pharmacy,nan,nan
16,16,0,Cristal//gas_station,nan,nan
16,16,0,Cristo Redentor//home,0.2464983798473921,0.14919340789519528
16,16,0,Cristo Redentor//work,0.4857142857142857,0.6666666666666666
16,16,0,Cristo Redentor//school,0.46030330062444247,0.6666666666666666
16,16,0,Cristo Redentor//marketplace,nan,nan
16,16,0,Cristo Redentor//pharmacy,nan,nan
16,16,0,Cristo Redentor//gas_station,nan,nan
16,16,0,Cristo Redentor//hospital,nan,nan
16,16,0,Cristo Redentor//shopping_mall,nan,nan
16,16,0,Espírito Santo//home,0.32827059262020125,0.3364393092309604
16,16,0,Espírito Santo//work,0.4699059561128527,0.6666666666666666
16,16,0,Espírito Santo//school,0.5881513204853676,0.6666666666666666
16,16,0,Espírito Santo//marketplace,nan,nan
16,16,0,Espírito Santo//pharmacy,nan,nan
16,16,0,Espírito Santo//gas_station,nan,nan
16,16,0,Extrema//home,0.33207771609833464,0.054982817869415807
16,16,0,Extrema//work,0.4956279809220986,0.6666666666666666
16,16,0,Extrema//school,0.5091522157996147,0.6666666666666666
16,16,0,Extrema//marketplace,nan,nan
16,16,0,Extrema//pharmacy,nan,nan
16,16,0,Extrema//gas_station,nan,nan
16,16,0,Farrapos//home,0.3678379040156709,0.36753183153770813
16,16,0,Farrapos//work,0.4645738779626828,0.6666666666666666
16,16,0,Farrapos//school,0.47051074179164976,0.6666666666666666
16,16,0,Farrapos//marketplace,nan,nan
16,16,0,Farrapos//pharmacy,nan,nan
16,16,0,Farrapos//gas_station,nan,nan
16,16,0,Farrapos//stadium,nan,nan
16,16,0,Farroupilha//home,0.2034510433386838,0.04066345639379347
16,16,0,Farroupilha//work,0.4364596670934699,0.6666666666666666
16,16,0,Farroupilha//school,0.5059941874545895,0.6666666666666666
16,16,0,Farroupilha//marketplace,nan,nan
16,16,0,Farroupilha//pharmacy,nan,nan
16,16,0,Farroupilha//gas_station,nan,nan
16,16,0,Farroupilha//hospital,nan,nan
16,16,0,Floresta//home,0.17304,0.17354666666666665
16,16,0,Floresta//work,0.4163364553314121,0.6666666666666666
16,16,0,Floresta//school,0.6393026404874746,0.6666666666666666
16,16,0,Floresta//marketplace,nan,nan
16,16,0,Floresta//pharmacy,nan,nan
16,16,0,Floresta//gas_station,nan,nan
16,16,0,Glória//home,0.26087814226130085,0.362529590801488
16,16,0,Glória//work,0.43801854563201564,0.6666666666666666
16,16,0,Glória//school,0.5400153413449246,0.6666666666666666
16,16,0,Glória//marketplace,nan,nan
16,16,0,Glória//pharmacy,nan,nan
16,16,0,Glória//gas_station,nan,nan
16,16,0,Glória//hospital,nan,nan
16,16,0,Guarujá//home,0.38077182339063026,0.35231996404898325
16,16,0,Guarujá//work,0.47469823584029713,0.6666666666666666
16,16,0,Guarujá//school,0.40401069518716576,0.6666666666666666
16,16,0,Guarujá//marketplace,nan,nan
16,16,0,Guarujá//pharmacy,nan,nan
16,16,0,Guarujá//gas_station,nan,nan
16,16,0,Higienópolis//home,0.4228330727809623,0.3721845868797406
16,16,0,Higienópolis//work,0.4581706636921361,0.6666666666666666
16,16,0,Higienópolis//school,0.5409192825112108,0.6666666666666666
16,16,0,Higienópolis//marketplace,nan,nan
16,16,0,Higienópolis//pharmacy,nan,nan
16,16,0,Higienópolis//gas_station,nan,nan
16,16,0,Hípica//home,0.33354162661026726,0.32468115106069345
16,16,0,Hípica//work,0.4570580886945659,0.6666666666666666
16,16,0,Hípica//school,0.48866446826051113,0.6666666666666666
16,16,0,Hípica//marketplace,nan,nan
16,16,0,Hípica//pharmacy,nan,nan
16,16,0,Hípica//gas_station,nan,nan
16,16,0,Humaitá//home,0.3163121156722619,0.364411943936624
16,16,0,Humaitá//work,0.4658908507223114,0.6666666666666666
16,16,0,Humaitá//school,0.6939844130540672,0.6666666666666666
16,16,0,Humaitá//marketplace,nan,nan
16,16,0,Humaitá//pharmacy,nan,nan
16,16,0,Humaitá//gas_station,nan,nan
16,16,0,Independência//home,0.34752031673265266,0.30242411613530595
16,16,0,Independência//work,0.40612449799196787,0.6666666666666666
16,16,0,Independência//school,0.6205898566703418,0.6666666666666666
16,16,0,Independência//marketplace,nan,nan
16,16,0,Independência//pharmacy,nan,nan
16,16,0,Independência//gas_station,nan,nan
16,16,0,Independência//hospital,nan,nan
16,16,0,Independência//shopping_mall,nan,nan
16,16,0,Ipanema//home,0.35847523722864943,0.36370726634602885
16,16,0,Ipanema//work,0.46110695587135375,0.6666666666666666
16,16,0,Ipanema//school,0.617704280155642,0.6666666666666666
16,16,0,Ipanema//marketplace,nan,nan
16,16,0,Ipanema//pharmacy,nan,nan
16,16,0,Ipanema//gas_station,nan,nan
16,16,0,Jardim Botânico//home,0.37072045251562963,0.3720353279745956
16,16,0,Jardim Botânico//work,0.47253052164261933,0.6666666666666666
16,16,0,Jardim Botânico//school,0.5147820457488131,0.6666666666666666
16,16,0,Jardim Botânico//marketplace,nan,nan
16,16,0,Jardim Botânico//pharmacy,nan,nan
16,16,0,Jardim Botânico//gas_station,nan,nan
16,16,0,Jardim Botânico//hospital,nan,nan
16,16,0,Jardim Botânico//shopping_mall,nan,nan
16,16,0,Jardim Carvalho//home,0.33086212167532864,0.34449200040762257
16,16,0,Jardim Carvalho//work,0.4574601844090528,0.6666666666666666
16,16,0,Jardim Carvalho//school,0.5841428571428572,0.6666666666666666
16,16,0,Jardim Carvalho//marketplace,nan,nan
16,16,0,Jardim Carvalho//pharmacy,nan,nan
16,16,0,Jardim Carvalho//gas_station,nan,nan
16,16,0,Jardim Carvalho//hospital,nan,nan
16,16,0,Jardim do Salso//home,0.271809081158384,0.12036705994517936
16,16,0,Jardim do Salso//work,0.4577956051621904,0.6666666666666666
16,16,0,Jardim do Salso//school,0.5109254498714653,0.6666666666666666
16,16,0,Jardim do Salso//marketplace,nan,nan
16,16,0,Jardim do Salso//pharmacy,nan,nan
16,16,0,Jardim do Salso//gas_station,nan,nan
16,16,0,Jardim Leopoldina//home,0.35133079847908744,0.3958808618504436
16,16,0,Jardim Leopoldina//work,0.45055350553505535,0.6666666666666666
16,16,0,Jardim Leopoldina//school,0.504590237348858,0.6666666666666666
16,16,0,Jardim Leopoldina//marketplace,nan,nan
16,16,0,Jardim Leopoldina//pharmacy,nan,nan
16,16,0,Jardim Leopoldina//gas_station,nan,nan
16,16,0,Jardim Europa//home,0.36724137931034484,0.16896551724137931
16,16,0,Jardim Europa//work,0.4398811962310529,0.6666666666666666
16,16,0,Jardim Europa//school,0.6082739509105305,0.6666666666666666
16,16,0,Jardim Europa//marketplace,nan,nan
16,16,0,Jardim Europa//pharmacy,nan,nan
16,16,0,Jardim Europa//gas_station,nan,nan
16,16,0,Jardim Europa//shopping_mall,nan,nan
16,16,0,Jardim Floresta//home,0.3748201438848921,0.23597122302158274
16,16,0,Jardim Floresta//work,0.4327697262479871,0.6666666666666666
16,16,0,Jardim Floresta//school,0.5191404415218412,0.6666666666666666
16,16,0,Jardim Floresta//marketplace,nan,nan
16,16,0,Jardim Floresta//pharmacy,nan,nan
16,16,0,Jardim Floresta//gas_station,nan,nan
16,16,0,Jardim Isabel//home,0.3725266362252664,0.2465753424657534
16,16,0,Jardim Isabel//work,0.46024133663366334,0.6666666666666666
16,16,0,Jardim Isabel//school,0.5615603939865215,0.6666666666666666
16,16,0,Jardim Isabel//marketplace,nan,nan
16,16,0,Jardim Isabel//pharmacy,nan,nan
16,16,0,Jardim Isabel//gas_station,nan,nan
16,16,0,Jardim Itú//home,0.36488134841428255,0.3536630442818068
16,16,0,Jardim Itú//work,0.4467360114777618,0.6666666666666666
16,16,0,Jardim Itú//school,0.5416953824948312,0.6666666666666666
16,16,0,Jardim Itú//marketplace,nan,nan
16,16,0,Jardim Itú//pharmacy,nan,nan
16,16,0,Jardim Itú//gas_station,nan,nan
16,16,0,Jardim Lindóia//home,0.38176696894751305,0.34441696436750024
16,16,0,Jardim Lindóia//work,0.42366412213740456,0.6666666666666666
16,16,0,Jardim Lindóia//school,0.5384940778341794,0.6666666666666666
16,16,0,Jardim Lindóia//marketplace,nan,nan
16,16,0,Jardim Lindóia//pharmacy,nan,nan
16,16,0,Jardim Lindóia//gas_station,nan,nan
16,16,0,Jardim Lindóia//shopping_mall,nan,nan
16,16,0,Jardim Sabará//home,0.3768167202572347,0.3915112540192926
16,16,0,Jardim Sabará//work,0.4522432932469935,0.6666666666666666
16,16,0,Jardim Sabará//school,0.6010920897284534,0.6666666666666666
16,16,0,Jardim Sabará//marketplace,nan,nan
16,16,0,Jardim Sabará//pharmacy,nan,nan
16,16,0,Jardim Sabará//gas_station,nan,nan
16,16,0,Jardim São Pedro//home,0.2415014164305949,0.10710913260488332
16,16,0,Jardim São Pedro//work,0.43847402597402596,0.6666666666666666
16,16,0,Jardim São Pedro//school,0.5588235294117647,0.6666666666666666
16,16,0,Jardim São Pedro//marketplace,nan,nan
16,16,0,Jardim São Pedro//pharmacy,nan,nan
16,16,0,Jardim São Pedro//gas_station,nan,nan
16,16,0,Lageado//home,0.3371981602146416,0.19598824581576593
16,16,0,Lageado//work,0.46984924623115576,0.6666666666666666
16,16,0,Lageado//school,0.5639486754966887,0.6666666666666666
16,16,0,Lageado//marketplace,nan,nan
16,16,0,Lageado//pharmacy,nan,nan
16,16,0,Lageado//gas_station,nan,nan
16,16,0,Lami//home,0.4601928374655647,0.343801652892562
16,16,0,Lami//work,0.4697745901639344,0.6666666666666666
16,16,0,Lami//school,0.4413449299957573,0.6666666666666666
16,16,0,Lami//marketplace,nan,nan
16,16,0,Lami//pharmacy,nan,nan
16,16,0,Lami//gas_station,nan,nan
16,16,0,Lomba do Pinheiro//home,0.32108532985515204,0.35131919178050847
16,16,0,Lomba do Pinheiro//work,0.45924434215573456,0.6666666666666666
16,16,0,Lomba do Pinheiro//school,0.5414577902546621,0.6666666666666666
16,16,0,Lomba do Pinheiro//marketplace,nan,nan
16,16,0,Lomba do Pinheiro//pharmacy,nan,nan
16,16,0,Lomba do Pinheiro//gas_station,nan,nan
16,16,0,Mário Quintana//home,0.3818334224209145,0.37381149067819947
16,16,0,Mário Quintana//work,0.4855977355977356,0.6666666666666666
16,16,0,Mário Quintana//school,0.6322409573021485,0.6666666666666666
16,16,0,Mário Quintana//marketplace,nan,nan
16,16,0,Mário Quintana//pharmacy,nan,nan
16,16,0,Mário Quintana//gas_station,nan,nan
16,16,0,Medianeira//home,0.24333333333333335,0.1670460704607046
16,16,0,Medianeira//work,0.4485197799318837,0.6666666666666666
16,16,0,Medianeira//school,0.518943888794711,0.6666666666666666
16,16,0,Medianeira//marketplace,nan,nan
16,16,0,Medianeira//pharmacy,nan,nan
16,16,0,Medianeira//gas_station,nan,nan
16,16,0,Menino Deus//home,0.41022496893597543,0.32973644627558696
16,16,0,Menino Deus//work,0.43727598566308246,0.6666666666666666
16,16,0,Menino Deus//school,0.5155856863293262,0.6666666666666666
16,16,0,Menino Deus//marketplace,nan,nan
16,16,0,Menino Deus//pharmacy,nan,nan
16,16,0,Menino Deus//gas_station,nan,nan
16,16,0,Menino Deus//hospital,nan,nan
16,16,0,Moinhos de Vento//home,0.2614656031904287,0.10995584674547786
16,16,0,Moinhos de Vento//work,0.45949342614075794,0.6666666666666666
16,16,0,Moinhos de Vento//school,0.6663568773234201,0.6666666666666666
16,16,0,Moinhos de Vento//marketplace,nan,nan
16,16,0,Moinhos de Vento//pharmacy,nan,nan
16,16,0,Moinhos de Vento//gas_station,nan,nan
16,16,0,Moinhos de Vento//hospital,nan,nan
16,16,0,Moinhos de Vento//shopping_mall,nan,nan
16,16,0,Mont'Serrat//home,0.39306381610673524,0.2480844451588705
16,16,0,Mont'Serrat//work,0.458249832999332,0.6666666666666666
16,16,0,Mont'Serrat//school,0.6206920319823546,0.6666666666666666
16,16,0,Mont'Serrat//marketplace,nan,nan
16,16,0,Mont'Serrat//pharmacy,nan,nan
16,16,0,Mont'Serrat//gas_station,nan,nan
16,16,0,Morro Santana//home,0.27721430006025305,0.35884046327910557
16,16,0,Morro Santana//work,0.46392643822697266,0.6666666666666666
16,16,0,Morro Santana//school,0.5125145518044237,0.6666666666666666
16,16,0,Morro Santana//marketplace,nan,nan
16,16,0,Morro Santana//pharmacy,nan,nan
16,16,0,Morro Santana//gas_station,nan,nan
16,16,0,Navegantes//home,0.2755399382927665,0.2516283853273912
16,16,0,Navegantes//work,0.44541484716157204,0.6666666666666666
16,16,0,Navegantes//school,0.5422868741542625,0.6666666666666666
16,16,0,Navegantes//marketplace,nan,nan
16,16,0,Navegantes//pharmacy,nan,nan
16,16,0,Navegantes//gas_station,nan,nan
16,16,0,Navegantes//shopping_mall,nan,nan
16,16,0,Nonoai//home,0.27103154732098145,0.3346686696711734
16,16,0,Nonoai//work,0.4438411417933602,0.6666666666666666
16,16,0,Nonoai//school,0.582889184987786,0.6666666666666666
16,16,0,Nonoai//marketplace,nan,nan
16,16,0,Nonoai//pharmacy,nan,nan
16,16,0,Nonoai//gas_station,nan,nan
16,16,0,Parque Santa Fé//home,0.40209069493521793,0.24931291715744014
16,16,0,Parque Santa Fé//work,0.4560928770949721,0.6666666666666666
16,16,0,Parque Santa Fé//school,0.508521768477894,0.6666666666666666
16,16,0,Parque Santa Fé//marketplace,nan,nan
16,16,0,Parque Santa Fé//pharmacy,nan,nan
16,16,0,Parque Santa Fé//gas_station,nan,nan
16,16,0,Partenon//home,0.30793848711554445,0.35018010529232474
16,16,0,Partenon//work,0.4497274813539874,0.6666666666666666
16,16,0,Partenon//school,0.5503452243958573,0.6666666666666666
16,16,0,Partenon//marketplace,nan,nan
16,16,0,Partenon//pharmacy,nan,nan
16,16,0,Partenon//gas_station,nan,nan
16,16,0,Passo D'Areia//home,0.1892059553349876,0.36947035167279885
16,16,0,Passo D'Areia//work,0.43142857142857144,0.6666666666666666
16,16,0,Passo D'Areia//school,0.5917302798982188,0.6666666666666666
16,16,0,Passo D'Areia//marketplace,nan,nan
16,16,0,Passo D'Areia//pharmacy,nan,nan
16,16,0,Passo D'Areia//gas_station,nan,nan
16,16,0,Passo das Pedras//home,0.31985108531044926,0.34940265858993774
16,16,0,Passo das Pedras//work,0.45202089634313997,0.6666666666666666
16,16,0,Passo das Pedras//school,0.5158815132048536,0.6666666666666666
16,16,0,Passo das Pedras//marketplace,nan,nan
16,16,0,Passo das Pedras//pharmacy,nan,nan
16,16,0,Passo das Pedras//gas_station,nan,nan
16,16,0,Pedra Redonda//home,0.30656934306569344,0.22384428223844283
16,16,0,Pedra Redonda//work,0.44297583081570996,0.6666666666666666
16,16,0,Pedra Redonda//school,0.686080740117746,0.6666666666666666
16,16,0,Pedra Redonda//marketplace,nan,nan
16,16,0,Pedra Redonda//pharmacy,nan,nan
16,16,0,Pedra Redonda//gas_station,nan,nan
16,16,0,Petrópolis//home,0.40223805951487873,0.37015920646828376
16,16,0,Petrópolis//work,0.43537666174298373,0.6666666666666666
16,16,0,Petrópolis//school,0.5887343989489818,0.6666666666666666
16,16,0,Petrópolis//marketplace,nan,nan
16,16,0,Petrópolis//pharmacy,nan,nan
16,16,0,Petrópolis//gas_station,nan,nan
16,16,0,Pitinga//home,0.3576283987915408,0.22457200402819738
16,16,0,Pitinga//work,0.5041454081632653,0.6666666666666666
16,16,0,Pitinga//school,0.5593556928508385,0.6666666666666666
16,16,0,Pitinga//marketplace,nan,nan
16,16,0,Pitinga//pharmacy,nan,nan
16,16,0,Pitinga//gas_station,nan,nan
16,16,0,Ponta Grossa//home,0.43001990544911667,0.221945757651157
16,16,0,Ponta Grossa//work,0.45478575403450194,0.6666666666666666
16,16,0,Ponta Grossa//school,0.5456043956043956,0.6666666666666666
16,16,0,Ponta Grossa//marketplace,nan,nan
16,16,0,Ponta Grossa//pharmacy,nan,nan
16,16,0,Ponta Grossa//gas_station,nan,nan
16,16,0,Praia de Belas//home,0.20044127630685676,0.03937542430414121
16,16,0,Praia de Belas//work,0.4598280098280098,0.6666666666666666
16,16,0,Praia de Belas//school,0.526555023923445,0.6666666666666666
16,16,0,Praia de Belas//marketplace,nan,nan
16,16,0,Praia de Belas//pharmacy,nan,nan
16,16,0,Praia de Belas//gas_station,nan,nan
16,16,0,Praia de Belas//stadium,nan,nan
16,16,0,Praia de Belas//shopping_mall,nan,nan
16,16,0,Restinga//home,0.29757522123893804,0.3671740412979351
16,16,0,Restinga//work,0.46000921093030395,0.6666666666666666
16,16,0,Restinga//school,0.7104166666666667,0.6666666666666666
16,16,0,Restinga//marketplace,nan,nan
16,16,0,Restinga//pharmacy,nan,nan
16,16,0,Restinga//gas_station,nan,nan
16,16,0,Restinga//hospital,nan,nan
16,16,0,Rio Branco//home,0.2918276661514683,0.24549201442555385
16,16,0,Rio Branco//work,0.42047753945770944,0.6666666666666666
16,16,0,Rio Branco//school,0.5225118483412322,0.6666666666666666
16,16,0,Rio Branco//marketplace,nan,nan
16,16,0,Rio Branco//pharmacy,nan,nan
16,16,0,Rio Branco//gas_station,nan,nan
16,16,0,Rio Branco//hospital,nan,nan
16,16,0,Rubem Berta//home,0.2628782835782682,0.39814293273251744
16,16,0,Rubem Berta//work,0.4409340659340659,0.6666666666666666
16,16,0,Rubem Berta//school,0.5384288145207033,0.6666666666666666
16,16,0,Rubem Berta//marketplace,nan,nan
16,16,0,Rubem Berta//pharmacy,nan,nan
16,16,0,Rubem Berta//gas_station,nan,nan
16,16,0,Santa Cecília//home,0.42226148409893993,0.3470749901845308
16,16,0,Santa Cecília//work,0.4510550996483001,0.6666666666666666
16,16,0,Santa Cecília//school,0.5671077504725898,0.6666666666666666
16,16,0,Santa Cecília//marketplace,nan,nan
16,16,0,Santa Cecília//pharmacy,nan,nan
16,16,0,Santa Cecília//gas_station,nan,nan
16,16,0,Santa Cecília//hospital,nan,nan
16,16,0,Santa Maria Goretti//home,0.3332399103139013,0.2563527653213752
16,16,0,Santa Maria Goretti//work,0.4475328947368421,0.6666666666666666
16,16,0,Santa Maria Goretti//school,0.4943775100401606,0.6666666666666666
16,16,0,Santa Maria Goretti//marketplace,nan,nan
16,16,0,Santa Maria Goretti//pharmacy,nan,nan
16,16,0,Santa Maria Goretti//gas_station,nan,nan
16,16,0,Santa Rosa de Lima//home,0.2856327089995432,0.34764732754682504
16,16,0,Santa Rosa de Lima//work,0.4531650983746792,0.6666666666666666
16,16,0,Santa Rosa de Lima//school,0.5814467145223633,0.6666666666666666
16,16,0,Santa Rosa de Lima//marketplace,nan,nan
16,16,0,Santa Rosa de Lima//pharmacy,nan,nan
16,16,0,Santa Rosa de Lima//gas_station,nan,nan
16,16,0,Santa Tereza//home,0.26388424222147877,0.35167041055298
16,16,0,Santa Tereza//work,0.4490965182899956,0.6666666666666666
16,16,0,Santa Tereza//school,0.4575536284801461,0.6666666666666666
16,16,0,Santa Tereza//marketplace,nan,nan
16,16,0,Santa Tereza//pharmacy,nan,nan
16,16,0,Santa Tereza//gas_station,nan,nan
16,16,0,Santana//home,0.398844804644974,0.39635498568606103
16,16,0,Santana//work,0.42919161676646705,0.6666666666666666
16,16,0,Santana//school,0.5049880287310455,0.6666666666666666
16,16,0,Santana//marketplace,nan,nan
16,16,0,Santana//pharmacy,nan,nan
16,16,0,Santana//gas_station,nan,nan
16,16,0,Santana//hospital,nan,nan
16,16,0,Santo Antônio//home,0.2856281050390348,0.22275845753489473
16,16,0,Santo Antônio//work,0.4443544030253917,0.6666666666666666
16,16,0,Santo Antônio//school,0.5249786507258754,0.6666666666666666
16,16,0,Santo Antônio//marketplace,nan,nan
16,16,0,Santo Antônio//pharmacy,nan,nan
16,16,0,Santo Antônio//gas_station,nan,nan
16,16,0,São Caetano//home,0.24523052464228934,0.13142554319024907
16,16,0,São Caetano//work,0.4753722794959908,0.6666666666666666
16,16,0,São Caetano//school,0.5910041841004184,0.6666666666666666
16,16,0,São Caetano//marketplace,nan,nan
16,16,0,São Caetano//pharmacy,nan,nan
16,16,0,São Caetano//gas_station,nan,nan
16,16,0,São Geraldo//home,0.30425559269735153,0.31507671209394017
16,16,0,São Geraldo//work,0.44021739130434784,0.6666666666666666
16,16,0,São Geraldo//school,0.470854453294714,0.6666666666666666
16,16,0,São Geraldo//marketplace,nan,nan
16,16,0,São Geraldo//pharmacy,nan,nan
16,16,0,São Geraldo//gas_station,nan,nan
16,16,0,São João//home,0.3837732018561485,0.3630123743232792
16,16,0,São João//work,0.43342749529190205,0.6666666666666666
16,16,0,São João//school,0.5,0.6666666666666666
16,16,0,São João//marketplace,nan,nan
16,16,0,São João//pharmacy,nan,nan
16,16,0,São João//gas_station,nan,nan
16,16,0,São João//shopping_mall,nan,nan
16,16,0,São Sebastião//home,0.2638412865805431,0.37419808419017486
16,16,0,São Sebastião//work,0.46699078812691913,0.6666666666666666
16,16,0,São Sebastião//school,0.5077201677468548,0.6666666666666666
16,16,0,São Sebastião//marketplace,nan,nan
16,16,0,São Sebastião//pharmacy,nan,nan
16,16,0,São Sebastião//gas_station,nan,nan
16,16,0,São Sebastião//shopping_mall,nan,nan
16,16,0,Sarandi//home,0.35758837554856765,0.31194351336719767
16,16,0,Sarandi//work,0.44740484429065747,0.6666666666666666
16,16,0,Sarandi//school,0.5055789843612721,0.6666666666666666
16,16,0,Sarandi//marketplace,nan,nan
16,16,0,Sarandi//pharmacy,nan,nan
16,16,0,Sarandi//gas_station,nan,nan
16,16,0,Sarandi//shopping_mall,nan,nan
16,16,0,Serraria//home,0.2502056766762649,0.40559440559440557
16,16,0,Serraria//work,0.4639846743295019,0.6666666666666666
16,16,0,Serraria//school,0.4936061381074169,0.6666666666666666
16,16,0,Serraria//marketplace,nan,nan
16,16,0,Serraria//pharmacy,nan,nan
16,16,0,Serraria//gas_station,nan,nan
16,16,0,Sétimo Céu//home,0.2956292026897214,0.14729426833173231
16,16,0,Sétimo Céu//work,0.45214320506575745,0.6666666666666666
16,16,0,Sétimo Céu//school,0.4814769975786925,0.6666666666666666
16,16,0,Sétimo Céu//marketplace,nan,nan
16,16,0,Sétimo Céu//pharmacy,nan,nan
16,16,0,Sétimo Céu//gas_station,nan,nan
16,16,0,Teresópolis//home,0.2706112682184033,0.27104633456602134
16,16,0,Teresópolis//work,0.44220989366620433,0.6666666666666666
16,16,0,Teresópolis//school,0.5422149122807017,0.6666666666666666
16,16,0,Teresópolis//marketplace,nan,nan
16,16,0,Teresópolis//pharmacy,nan,nan
16,16,0,Teresópolis//gas_station,nan,nan
16,16,0,Teresópolis//hospital,nan,nan
16,16,0,Três Figueiras//home,0.28404067197170646,0.3822575891541409
16,16,0,Três Figueiras//work,0.4473159231048241,0.6666666666666666
16,16,0,Três Figueiras//school,0.5013606416499571,0.6666666666666666
16,16,0,Três Figueiras//marketplace,nan,nan
16,16,0,Três Figueiras//pharmacy,nan,nan
16,16,0,Três Figueiras//gas_station,nan,nan
16,16,0,Três Figueiras//shopping_mall,nan,nan
16,16,0,Tristeza//home,0.3085282550196647,0.2641965086593528
16,16,0,Tristeza//work,0.4445284921835603,0.6666666666666666
16,16,0,Tristeza//school,0.6840277777777778,0.6666666666666666
16,16,0,Tristeza//marketplace,nan,nan
16,16,0,Tristeza//pharmacy,nan,nan
16,16,0,Tristeza//gas_station,nan,nan
16,16,0,Vila Assunção//home,0.3786139455782313,0.266156462585034
16,16,0,Vila Assunção//work,0.4506880733944954,0.6666666666666666
16,16,0,Vila Assunção//school,0.5245803357314148,0.6666666666666666
16,16,0,Vila Assunção//marketplace,nan,nan
16,16,0,Vila Assunção//pharmacy,nan,nan
16,16,0,Vila Assunção//gas_station,nan,nan
16,16,0,Vila Assunção//hospital,nan,nan
16,16,0,Vila Conceição//home,0.23072646404744254,0.2213985668396343
16,16,0,Vila Conceição//work,0.41818669527896996,0.6666666666666666
16,16,0,Vila Conceição//school,0.5579564968517459,0.6666666666666666
16,16,0,Vila Conceição//marketplace,nan,nan
16,16,0,Vila Conceição//pharmacy,nan,nan
16,16,0,Vila Conceição//gas_station,nan,nan
16,16,0,Vila Ipiranga//home,0.25393629535788614,0.22875757849968328
16,16,0,Vila Ipiranga//work,0.447741273100616,0.6666666666666666
16,16,0,Vila Ipiranga//school,0.5123906705539358,0.6666666666666666
16,16,0,Vila Ipiranga//marketplace,nan,nan
16,16,0,Vila Ipiranga//pharmacy,nan,nan
16,16,0,Vila Ipiranga//gas_station,nan,nan
16,16,0,Vila Jardim//home,0.32325718786923985,0.3177979081878255
16,16,0,Vila Jardim//work,0.46705292286406086,0.6666666666666666
16,16,0,Vila Jardim//school,0.5520585906571654,0.6666666666666666
16,16,0,Vila Jardim//marketplace,nan,nan
16,16,0,Vila Jardim//pharmacy,nan,nan
16,16,0,Vila Jardim//gas_station,nan,nan
16,16,0,Vila João Pessoa//home,0.27849379963773163,0.26139055315591475
16,16,0,Vila João Pessoa//work,0.4382140137090632,0.6666666666666666
16,16,0,Vila João Pessoa//school,0.5260964912280702,0.6666666666666666
16,16,0,Vila João Pessoa//marketplace,nan,nan
16,16,0,Vila João Pessoa//pharmacy,nan,nan
16,16,0,Vila João Pessoa//gas_station,nan,nan
16,16,0,Vila Nova//home,0.23262415414611767,0.37229040027526095
16,16,0,Vila Nova//work,0.4323157894736842,0.6666666666666666
16,16,0,Vila Nova//school,0.6682188135858507,0.6666666666666666
16,16,0,Vila Nova//marketplace,nan,nan
16,16,0,Vila Nova//pharmacy,nan,nan
16,16,0,Vila Nova//gas_station,nan,nan
16,16,0,Vila Nova//hospital,nan,nan
16,16,0,São José//home,0.2948371723590151,0.33359809372517873
16,16,0,São José//work,0.4758908371040724,0.6666666666666666
16,16,0,São José//school,0.48502218934911245,0.6666666666666666
16,16,0,São José//marketplace,nan,nan
16,16,0,São José//pharmacy,nan,nan
16,16,0,São José//gas_station,nan,nan
17,17,0,Aberta dos Morros//home,0.26644665656784244,0.05583207098030729
17,17,0,Aberta dos Morros//work,0.45690578158458245,0.6666666666666666
17,17,0,Aberta dos Morros//school,0.43004587155963303,0.6666666666666666
17,17,0,Aberta dos Morros//marketplace,nan,nan
17,17,0,Aberta dos Morros//pharmacy,nan,nan
17,17,0,Aberta dos Morros//gas_station,nan,nan
17,17,0,Agronomia//home,0.23208722741433022,0.18137763932156456
17,17,0,Agronomia//work,0.45042113323124044,0.6666666666666666
17,17,0,Agronomia//school,0.526255707762557,0.6666666666666666
17,17,0,Agronomia//marketplace,nan,nan
17,17,0,Agronomia//pharmacy,nan,nan
17,17,0,Agronomia//gas_station,nan,nan
17,17,0,Anchieta//home,0.38817097415506957,0.12856196156394964
17,17,0,Anchieta//work,0.45464079706345045,0.6666666666666666
17,17,0,Anchieta//school,0.5474308300395256,0.6666666666666666
17,17,0,Anchieta//marketplace,nan,nan
17,17,0,Anchieta//pharmacy,nan,nan
17,17,0,Anchieta//gas_station,nan,nan
17,17,0,Arquipélago//home,0.32527590182836436,0.11508263328391809
17,17,0,Arquipélago//work,0.47374260355029585,0.6666666666666666
17,17,0,Arquipélago//school,0.5170454545454546,0.6666666666666666
17,17,0,Arquipélago//marketplace,nan,nan
17,17,0,Arquipélago//pharmacy,nan,nan
17,17,0,Arquipélago//gas_station,nan,nan
17,17,0,Auxiliadora//home,0.18681536751865374,0.0519659205164841
17,17,0,Auxiliadora//work,0.44770916334661354,0.6666666666666666
17,17,0,Auxiliadora//school,0.49074074074074076,0.6666666666666666
17,17,0,Auxiliadora//marketplace,nan,nan
17,17,0,Auxiliadora//pharmacy,nan,nan
17,17,0,Auxiliadora//gas_station,nan,nan
17,17,0,Azenha//home,0.15945087006356154,0.08843041228161579
17,17,0,Azenha//work,0.43468677494199537,0.6666666666666666
17,17,0,Azenha//school,0.5372340425531915,0.6666666666666666
17,17,0,Azenha//marketplace,nan,nan
17,17,0,Azenha//pharmacy,nan,nan
17,17,0,Azenha//gas_station,nan,nan
17,17,0,Azenha//hospital,nan,nan
17,17,0,Azenha//shopping_mall,nan,nan
17,17,0,Bela Vista//home,0.23052771056573337,0.12059761109190767
17,17,0,Bela Vista//work,0.4232117812061711,0.6666666666666666
17,17,0,Bela Vista//school,0.458041958041958,0.6666666666666666
17,17,0,Bela Vista//marketplace,nan,nan
17,17,0,Bela Vista//pharmacy,nan,nan
17,17,0,Bela Vista//gas_station,nan,nan
17,17,0,Belém Novo//home,0.28377807802736027,0.08072960648539099
17,17,0,Belém Novo//work,0.43917871900826444,0.6666666666666666
17,17,0,Belém Novo//school,0.6695652173913044,0.6666666666666666
17,17,0,Belém Novo//marketplace,nan,nan
17,17,0,Belém Novo//pharmacy,nan,nan
17,17,0,Belém Novo//gas_station,nan,nan
17,17,0,Belém Velho//home,0.35482037289677126,0.06871810418877268
17,17,0,Belém Velho//work,0.4580400148203038,0.6666666666666666
17,17,0,Belém Velho//school,0.5825892857142857,0.6666666666666666
17,17,0,Belém Velho//marketplace,nan,nan
17,17,0,Belém Velho//pharmacy,nan,nan
17,17,0,Belém Velho//gas_station,nan,nan
17,17,0,Boa Vista//home,0.20915442493729847,0.12217843067001075
17,17,0,Boa Vista//work,0.4383079574834818,0.6666666666666666
17,17,0,Boa Vista//school,0.5946969696969697,0.6666666666666666
17,17,0,Boa Vista//marketplace,nan,nan
17,17,0,Boa Vista//pharmacy,nan,nan
17,17,0,Boa Vista//gas_station,nan,nan
17,17,0,Boa Vista do Sul//home,0.3660064672594988,0.1848558340070062
17,17,0,Boa Vista do Sul//work,0.46628029504741836,0.6666666666666666
17,17,0,Boa Vista do Sul//school,0.48952095808383234,0.6666666666666666
17,17,0,Boa Vista do Sul//marketplace,nan,nan
17,17,0,Boa Vista do Sul//pharmacy,nan,nan
17,17,0,Boa Vista do Sul//gas_station,nan,nan
17,17,0,Bom Fim//home,0.13801722811875097,0.11464902835461212
17,17,0,Bom Fim//work,0.44677959012965285,0.6666666666666666
17,17,0,Bom Fim//school,0.5697064989517819,0.6666666666666666
17,17,0,Bom Fim//marketplace,nan,nan
17,17,0,Bom Fim//pharmacy,nan,nan
17,17,0,Bom Fim//gas_station,nan,nan
17,17,0,Bom Jesus//home,0.35508177889612164,0.04955965209780647
17,17,0,Bom Jesus//work,0.44709766584766586,0.6666666666666666
17,17,0,Bom Jesus//school,0.49226804123711343,0.6666666666666666
17,17,0,Bom Jesus//marketplace,nan,nan
17,17,0,Bom Jesus//pharmacy,nan,nan
17,17,0,Bom Jesus//gas_station,nan,nan
17,17,0,Camaquã//home,0.21051961283749362,0.0416595913284655
17,17,0,Camaquã//work,0.4781754692274116,0.6666666666666666
17,17,0,Camaquã//school,0.4675480769230769,0.6666666666666666
17,17,0,Camaquã//marketplace,nan,nan
17,17,0,Camaquã//pharmacy,nan,nan
17,17,0,Camaquã//gas_station,nan,nan
17,17,0,Campo Novo//home,0.2576036096256685,0.07787433155080214
17,17,0,Campo Novo//work,0.47544642857142855,0.6666666666666666
17,17,0,Campo Novo//school,0.5124113475177305,0.6666666666666666
17,17,0,Campo Novo//marketplace,nan,nan
17,17,0,Campo Novo//pharmacy,nan,nan
17,17,0,Campo Novo//gas_station,nan,nan
17,17,0,Cascata//home,0.352829162132753,0.05698625720388506
17,17,0,Cascata//work,0.45322386260921965,0.6666666666666666
17,17,0,Cascata//school,0.5895765472312704,0.6666666666666666
17,17,0,Cascata//marketplace,nan,nan
17,17,0,Cascata//pharmacy,nan,nan
17,17,0,Cascata//gas_station,nan,nan
17,17,0,Cavalhada//home,0.20983241686305315,0.0532076459806232
17,17,0,Cavalhada//work,0.44661078717201164,0.6666666666666666
17,17,0,Cavalhada//school,0.681930693069307,0.6666666666666666
17,17,0,Cavalhada//marketplace,nan,nan
17,17,0,Cavalhada//pharmacy,nan,nan
17,17,0,Cavalhada//gas_station,nan,nan
17,17,0,Cavalhada//shopping_mall,nan,nan
17,17,0,Centro Histórico//home,0.2120267016852703,0.08934607621409985
17,17,0,Centro Histórico//work,0.427821997105644,0.6666666666666666
17,17,0,Centro Histórico//school,0.5072674418604651,0.6666666666666666
17,17,0,Centro Histórico//marketplace,nan,nan
17,17,0,Centro Histórico//pharmacy,nan,nan
17,17,0,Centro Histórico//gas_station,nan,nan
17,17,0,Centro Histórico//hospital,nan,nan
17,17,0,Centro Histórico//shopping_mall,nan,nan
17,17,0,Chácara das Pedras//home,0.1834829867674858,0.055293005671077505
17,17,0,Chácara das Pedras//work,0.4519681349578257,0.6666666666666666
17,17,0,Chácara das Pedras//school,0.501269035532995,0.6666666666666666
17,17,0,Chácara das Pedras//marketplace,nan,nan
17,17,0,Chácara das Pedras//pharmacy,nan,nan
17,17,0,Chácara das Pedras//gas_station,nan,nan
17,17,0,Chapéu do Sol//home,0.3991374513077351,0.05564830272676683
17,17,0,Chapéu do Sol//work,0.4961340206185567,0.6666666666666666
17,17,0,Chapéu do Sol//school,0.6530898876404494,0.6666666666666666
17,17,0,Chapéu do Sol//marketplace,nan,nan
17,17,0,Chapéu do Sol//pharmacy,nan,nan
17,17,0,Chapéu do Sol//gas_station,nan,nan
17,17,0,Cidade Baixa//home,0.22720574691471726,0.08405476760606619
17,17,0,Cidade Baixa//work,0.43535620052770446,0.6666666666666666
17,17,0,Cidade Baixa//school,0.47413793103448276,0.6666666666666666
17,17,0,Cidade Baixa//marketplace,nan,nan
17,17,0,Cidade Baixa//pharmacy,nan,nan
17,17,0,Cidade Baixa//gas_station,nan,nan
17,17,0,Cel. Aparício Borges//home,0.3111491829204006,0.07977508346512037
17,17,0,Cel. Aparício Borges//work,0.4409911444141689,0.6666666666666666
17,17,0,Cel. Aparício Borges//school,0.5008196721311475,0.6666666666666666
17,17,0,Cel. Aparício Borges//marketplace,nan,nan
17,17,0,Cel. Aparício Borges//pharmacy,nan,nan
17,17,0,Cel. Aparício Borges//gas_station,nan,nan
17,17,0,Costa e Silva//home,0.3684196864292389,0.05932232720728204
17,17,0,Costa e Silva//work,0.46772004652966265,0.6666666666666666
17,17,0,Costa e Silva//school,0.4612676056338028,0.6666666666666666
17,17,0,Costa e Silva//marketplace,nan,nan
17,17,0,Costa e Silva//pharmacy,nan,nan
17,17,0,Costa e Silva//gas_station,nan,nan
17,17,0,Cristal//home,0.2689405847217856,0.06692514583115024
17,17,0,Cristal//work,0.47123430962343094,0.6666666666666666
17,17,0,Cristal//school,0.6155834564254062,0.6666666666666666
17,17,0,Cristal//marketplace,nan,nan
17,17,0,Cristal//pharmacy,nan,nan
17,17,0,Cristal//gas_station,nan,nan
17,17,0,Cristo Redentor//home,0.20151228733459356,0.039508506616257086
17,17,0,Cristo Redentor//work,0.49043887147335424,0.6666666666666666
17,17,0,Cristo Redentor//school,0.46847507331378296,0.6666666666666666
17,17,0,Cristo Redentor//marketplace,nan,nan
17,17,0,Cristo Redentor//pharmacy,nan,nan
17,17,0,Cristo Redentor//gas_station,nan,nan
17,17,0,Cristo Redentor//hospital,nan,nan
17,17,0,Cristo Redentor//shopping_mall,nan,nan
17,17,0,Espírito Santo//home,0.21297367659820654,0.05881785748722399
17,17,0,Espírito Santo//work,0.4697674418604651,0.6666666666666666
17,17,0,Espírito Santo//school,0.5950704225352113,0.6666666666666666
17,17,0,Espírito Santo//marketplace,nan,nan
17,17,0,Espírito Santo//pharmacy,nan,nan
17,17,0,Espírito Santo//gas_station,nan,nan
17,17,0,Extrema//home,0.33207771609833464,0.054982817869415807
17,17,0,Extrema//work,0.4956279809220986,0.6666666666666666
17,17,0,Extrema//school,0.509493670886076,0.6666666666666666
17,17,0,Extrema//marketplace,nan,nan
17,17,0,Extrema//pharmacy,nan,nan
17,17,0,Extrema//gas_station,nan,nan
17,17,0,Farrapos//home,0.35146856750257643,0.05879995419672507
17,17,0,Farrapos//work,0.4645738779626828,0.6666666666666666
17,17,0,Farrapos//school,0.4692513368983957,0.6666666666666666
17,17,0,Farrapos//marketplace,nan,nan
17,17,0,Farrapos//pharmacy,nan,nan
17,17,0,Farrapos//gas_station,nan,nan
17,17,0,Farrapos//stadium,nan,nan
17,17,0,Farroupilha//home,0.2034510433386838,0.04066345639379347
17,17,0,Farroupilha//work,0.4402292037146809,0.6666666666666666
17,17,0,Farroupilha//school,0.49880763116057236,0.6666666666666666
17,17,0,Farroupilha//marketplace,nan,nan
17,17,0,Farroupilha//pharmacy,nan,nan
17,17,0,Farroupilha//gas_station,nan,nan
17,17,0,Farroupilha//hospital,nan,nan
17,17,0,Floresta//home,0.15618024553571427,0.057942708333333336
17,17,0,Floresta//work,0.42216756585211046,0.6666666666666666
17,17,0,Floresta//school,0.6255555555555555,0.6666666666666666
17,17,0,Floresta//marketplace,nan,nan
17,17,0,Floresta//pharmacy,nan,nan
17,17,0,Floresta//gas_station,nan,nan
17,17,0,Glória//home,0.20679979117723832,0.06972359987238609
17,17,0,Glória//work,0.4367116137451066,0.6666666666666666
17,17,0,Glória//school,0.5503384094754653,0.6666666666666666
17,17,0,Glória//marketplace,nan,nan
17,17,0,Glória//pharmacy,nan,nan
17,17,0,Glória//gas_station,nan,nan
17,17,0,Glória//hospital,nan,nan
17,17,0,Guarujá//home,0.24381953028430162,0.061598681499793986
17,17,0,Guarujá//work,0.46963394342762066,0.6666666666666666
17,17,0,Guarujá//school,0.4102112676056338,0.6666666666666666
17,17,0,Guarujá//marketplace,nan,nan
17,17,0,Guarujá//pharmacy,nan,nan
17,17,0,Guarujá//gas_station,nan,nan
17,17,0,Higienópolis//home,0.21162371848157385,0.06954835134386257
17,17,0,Higienópolis//work,0.46875,0.6666666666666666
17,17,0,Higienópolis//school,0.5437384898710865,0.6666666666666666
17,17,0,Higienópolis//marketplace,nan,nan
17,17,0,Higienópolis//pharmacy,nan,nan
17,17,0,Higienópolis//gas_station,nan,nan
17,17,0,Hípica//home,0.2805175214666976,0.07947190634589103
17,17,0,Hípica//work,0.4647487844408428,0.6666666666666666
17,17,0,Hípica//school,0.4858834244080146,0.6666666666666666
17,17,0,Hípica//marketplace,nan,nan
17,17,0,Hípica//pharmacy,nan,nan
17,17,0,Hípica//gas_station,nan,nan
17,17,0,Humaitá//home,0.2600344742674218,0.09718460149388493
17,17,0,Humaitá//work,0.4658908507223114,0.6666666666666666
17,17,0,Humaitá//school,0.6971153846153846,0.6666666666666666
17,17,0,Humaitá//marketplace,nan,nan
17,17,0,Humaitá//pharmacy,nan,nan
17,17,0,Humaitá//gas_station,nan,nan
17,17,0,Independência//home,0.19069495489475444,0.11025726695623121
17,17,0,Independência//work,0.4112106238418777,0.6666666666666666
17,17,0,Independência//school,0.6195652173913043,0.6666666666666666
17,17,0,Independência//marketplace,nan,nan
17,17,0,Independência//pharmacy,nan,nan
17,17,0,Independência//gas_station,nan,nan
17,17,0,Independência//hospital,nan,nan
17,17,0,Independência//shopping_mall,nan,nan
17,17,0,Ipanema//home,0.21935946935946937,0.11807411807411808
17,17,0,Ipanema//work,0.46110695587135375,0.6666666666666666
17,17,0,Ipanema//school,0.6275510204081632,0.6666666666666666
17,17,0,Ipanema//marketplace,nan,nan
17,17,0,Ipanema//pharmacy,nan,nan
17,17,0,Ipanema//gas_station,nan,nan
17,17,0,Jardim Botânico//home,0.19461573598264245,0.09211678276426478
17,17,0,Jardim Botânico//work,0.4742475350285418,0.6666666666666666
17,17,0,Jardim Botânico//school,0.5127118644067796,0.6666666666666666
17,17,0,Jardim Botânico//marketplace,nan,nan
17,17,0,Jardim Botânico//pharmacy,nan,nan
17,17,0,Jardim Botânico//gas_station,nan,nan
17,17,0,Jardim Botânico//hospital,nan,nan
17,17,0,Jardim Botânico//shopping_mall,nan,nan
17,17,0,Jardim Carvalho//home,0.2740308181484652,0.05503240797358445
17,17,0,Jardim Carvalho//work,0.45834842448388263,0.6666666666666666
17,17,0,Jardim Carvalho//school,0.5754716981132075,0.6666666666666666
17,17,0,Jardim Carvalho//marketplace,nan,nan
17,17,0,Jardim Carvalho//pharmacy,nan,nan
17,17,0,Jardim Carvalho//gas_station,nan,nan
17,17,0,Jardim Carvalho//hospital,nan,nan
17,17,0,Jardim do Salso//home,0.2125772860397006,0.04968000867773077
17,17,0,Jardim do Salso//work,0.4600601604278075,0.6666666666666666
17,17,0,Jardim do Salso//school,0.5173545966228893,0.6666666666666666
17,17,0,Jardim do Salso//marketplace,nan,nan
17,17,0,Jardim do Salso//pharmacy,nan,nan
17,17,0,Jardim do Salso//gas_station,nan,nan
17,17,0,Jardim Leopoldina//home,0.23065158104223482,0.13267487285324686
17,17,0,Jardim Leopoldina//work,0.45055350553505535,0.6666666666666666
17,17,0,Jardim Leopoldina//school,0.5033333333333333,0.6666666666666666
17,17,0,Jardim Leopoldina//marketplace,nan,nan
17,17,0,Jardim Leopoldina//pharmacy,nan,nan
17,17,0,Jardim Leopoldina//gas_station,nan,nan
17,17,0,Jardim Europa//home,0.30743509047993706,0.15420928402832415
17,17,0,Jardim Europa//work,0.4396306818181818,0.6666666666666666
17,17,0,Jardim Europa//school,0.6056701030927835,0.6666666666666666
17,17,0,Jardim Europa//marketplace,nan,nan
17,17,0,Jardim Europa//pharmacy,nan,nan
17,17,0,Jardim Europa//gas_station,nan,nan
17,17,0,Jardim Europa//shopping_mall,nan,nan
17,17,0,Jardim Floresta//home,0.2817513368983957,0.32085561497326204
17,17,0,Jardim Floresta//work,0.4290108849976337,0.6666666666666666
17,17,0,Jardim Floresta//school,0.5192307692307693,0.6666666666666666
17,17,0,Jardim Floresta//marketplace,nan,nan
17,17,0,Jardim Floresta//pharmacy,nan,nan
17,17,0,Jardim Floresta//gas_station,nan,nan
17,17,0,Jardim Isabel//home,0.2488874054294615,0.1344014241210503
17,17,0,Jardim Isabel//work,0.45534175761056866,0.6666666666666666
17,17,0,Jardim Isabel//school,0.5533898305084746,0.6666666666666666
17,17,0,Jardim Isabel//marketplace,nan,nan
17,17,0,Jardim Isabel//pharmacy,nan,nan
17,17,0,Jardim Isabel//gas_station,nan,nan
17,17,0,Jardim Itú//home,0.22408207343412526,0.0700005538018497
17,17,0,Jardim Itú//work,0.4467360114777618,0.6666666666666666
17,17,0,Jardim Itú//school,0.5391156462585034,0.6666666666666666
17,17,0,Jardim Itú//marketplace,nan,nan
17,17,0,Jardim Itú//pharmacy,nan,nan
17,17,0,Jardim Itú//gas_station,nan,nan
17,17,0,Jardim Lindóia//home,0.20216907675194662,0.059770114942528735
17,17,0,Jardim Lindóia//work,0.43881957773512476,0.6666666666666666
17,17,0,Jardim Lindóia//school,0.5388888888888889,0.6666666666666666
17,17,0,Jardim Lindóia//marketplace,nan,nan
17,17,0,Jardim Lindóia//pharmacy,nan,nan
17,17,0,Jardim Lindóia//gas_station,nan,nan
17,17,0,Jardim Lindóia//shopping_mall,nan,nan
17,17,0,Jardim Sabará//home,0.1903940394039404,0.12281228122812281
17,17,0,Jardim Sabará//work,0.4555094009619589,0.6666666666666666
17,17,0,Jardim Sabará//school,0.6001945525291829,0.6666666666666666
17,17,0,Jardim Sabará//marketplace,nan,nan
17,17,0,Jardim Sabará//pharmacy,nan,nan
17,17,0,Jardim Sabará//gas_station,nan,nan
17,17,0,Jardim São Pedro//home,0.20119705340699817,0.03756906077348066
17,17,0,Jardim São Pedro//work,0.4424924924924925,0.6666666666666666
17,17,0,Jardim São Pedro//school,0.5579710144927537,0.6666666666666666
17,17,0,Jardim São Pedro//marketplace,nan,nan
17,17,0,Jardim São Pedro//pharmacy,nan,nan
17,17,0,Jardim São Pedro//gas_station,nan,nan
17,17,0,Lageado//home,0.3181304488214401,0.06005812076202777
17,17,0,Lageado//work,0.46984924623115576,0.6666666666666666
17,17,0,Lageado//school,0.5625,0.6666666666666666
17,17,0,Lageado//marketplace,nan,nan
17,17,0,Lageado//pharmacy,nan,nan
17,17,0,Lageado//gas_station,nan,nan
17,17,0,Lami//home,0.39971503726435775,0.1607482098494812
17,17,0,Lami//work,0.4697745901639344,0.6666666666666666
17,17,0,Lami//school,0.42696629213483145,0.6666666666666666
17,17,0,Lami//marketplace,nan,nan
17,17,0,Lami//pharmacy,nan,nan
17,17,0,Lami//gas_station,nan,nan
17,17,0,Lomba do Pinheiro//home,0.3370087805865533,0.07537302732019198
17,17,0,Lomba do Pinheiro//work,0.45406295754026355,0.6666666666666666
17,17,0,Lomba do Pinheiro//school,0.5381806108897742,0.6666666666666666
17,17,0,Lomba do Pinheiro//marketplace,nan,nan
17,17,0,Lomba do Pinheiro//pharmacy,nan,nan
17,17,0,Lomba do Pinheiro//gas_station,nan,nan
17,17,0,Mário Quintana//home,0.3807072515666965,0.09474783646672635
17,17,0,Mário Quintana//work,0.48954810943744237,0.6666666666666666
17,17,0,Mário Quintana//school,0.6303956834532374,0.6666666666666666
17,17,0,Mário Quintana//marketplace,nan,nan
17,17,0,Mário Quintana//pharmacy,nan,nan
17,17,0,Mário Quintana//gas_station,nan,nan
17,17,0,Medianeira//home,0.1769368624207334,0.040161749839169196
17,17,0,Medianeira//work,0.44895038167938933,0.6666666666666666
17,17,0,Medianeira//school,0.5297085201793722,0.6666666666666666
17,17,0,Medianeira//marketplace,nan,nan
17,17,0,Medianeira//pharmacy,nan,nan
17,17,0,Medianeira//gas_station,nan,nan
17,17,0,Menino Deus//home,0.15247517415147474,0.05582728126080727
17,17,0,Menino Deus//work,0.4456642579210673,0.6666666666666666
17,17,0,Menino Deus//school,0.5119926199261993,0.6666666666666666
17,17,0,Menino Deus//marketplace,nan,nan
17,17,0,Menino Deus//pharmacy,nan,nan
17,17,0,Menino Deus//gas_station,nan,nan
17,17,0,Menino Deus//hospital,nan,nan
17,17,0,Moinhos de Vento//home,0.1920703384207034,0.04990046449900464
17,17,0,Moinhos de Vento//work,0.45949342614075794,0.6666666666666666
17,17,0,Moinhos de Vento//school,0.6686991869918699,0.6666666666666666
17,17,0,Moinhos de Vento//marketplace,nan,nan
17,17,0,Moinhos de Vento//pharmacy,nan,nan
17,17,0,Moinhos de Vento//gas_station,nan,nan
17,17,0,Moinhos de Vento//hospital,nan,nan
17,17,0,Moinhos de Vento//shopping_mall,nan,nan
17,17,0,Mont'Serrat//home,0.20069695405265875,0.06780244364136982
17,17,0,Mont'Serrat//work,0.458249832999332,0.6666666666666666
17,17,0,Mont'Serrat//school,0.6263636363636363,0.6666666666666666
17,17,0,Mont'Serrat//marketplace,nan,nan
17,17,0,Mont'Serrat//pharmacy,nan,nan
17,17,0,Mont'Serrat//gas_station,nan,nan
17,17,0,Morro Santana//home,0.25199953856802276,0.06742033889615218
17,17,0,Morro Santana//work,0.46189538807649044,0.6666666666666666
17,17,0,Morro Santana//school,0.504302103250478,0.6666666666666666
17,17,0,Morro Santana//marketplace,nan,nan
17,17,0,Morro Santana//pharmacy,nan,nan
17,17,0,Morro Santana//gas_station,nan,nan
17,17,0,Navegantes//home,0.20582567447376224,0.12748295286095465
17,17,0,Navegantes//work,0.44541484716157204,0.6666666666666666
17,17,0,Navegantes//school,0.5511869436201781,0.6666666666666666
17,17,0,Navegantes//marketplace,nan,nan
17,17,0,Navegantes//pharmacy,nan,nan
17,17,0,Navegantes//gas_station,nan,nan
17,17,0,Navegantes//shopping_mall,nan,nan
17,17,0,Nonoai//home,0.21347982843289612,0.056443090694349475
17,17,0,Nonoai//work,0.44883158742949236,0.6666666666666666
17,17,0,Nonoai//school,0.5877386196769456,0.6666666666666666
17,17,0,Nonoai//marketplace,nan,nan
17,17,0,Nonoai//pharmacy,nan,nan
17,17,0,Nonoai//gas_station,nan,nan
17,17,0,Parque Santa Fé//home,0.2551162790697674,0.05674418604651163
17,17,0,Parque Santa Fé//work,0.4606055536968886,0.6666666666666666
17,17,0,Parque Santa Fé//school,0.5088888888888888,0.6666666666666666
17,17,0,Parque Santa Fé//marketplace,nan,nan
17,17,0,Parque Santa Fé//pharmacy,nan,nan
17,17,0,Parque Santa Fé//gas_station,nan,nan
17,17,0,Partenon//home,0.19735344336937963,0.05493370433609478
17,17,0,Partenon//work,0.4536937901498929,0.6666666666666666
17,17,0,Partenon//school,0.541033434650456,0.6666666666666666
17,17,0,Partenon//marketplace,nan,nan
17,17,0,Partenon//pharmacy,nan,nan
17,17,0,Partenon//gas_station,nan,nan
17,17,0,Passo D'Areia//home,0.04092261904761905,0.09523809523809523
17,17,0,Passo D'Areia//work,0.4392134831460674,0.6666666666666666
17,17,0,Passo D'Areia//school,0.5822259136212624,0.6666666666666666
17,17,0,Passo D'Areia//marketplace,nan,nan
17,17,0,Passo D'Areia//pharmacy,nan,nan
17,17,0,Passo D'Areia//gas_station,nan,nan
17,17,0,Passo das Pedras//home,0.29970922182220994,0.07655620172928398
17,17,0,Passo das Pedras//work,0.45202020202020204,0.6666666666666666
17,17,0,Passo das Pedras//school,0.5157232704402516,0.6666666666666666
17,17,0,Passo das Pedras//marketplace,nan,nan
17,17,0,Passo das Pedras//pharmacy,nan,nan
17,17,0,Passo das Pedras//gas_station,nan,nan
17,17,0,Pedra Redonda//home,0.30656934306569344,0.22384428223844283
17,17,0,Pedra Redonda//work,0.44297583081570996,0.6666666666666666
17,17,0,Pedra Redonda//school,0.6781767955801105,0.6666666666666666
17,17,0,Pedra Redonda//marketplace,nan,nan
17,17,0,Pedra Redonda//pharmacy,nan,nan
17,17,0,Pedra Redonda//gas_station,nan,nan
17,17,0,Petrópolis//home,0.18894825539086138,0.08906251994842136
17,17,0,Petrópolis//work,0.43935528756957326,0.6666666666666666
17,17,0,Petrópolis//school,0.5854978354978355,0.6666666666666666
17,17,0,Petrópolis//marketplace,nan,nan
17,17,0,Petrópolis//pharmacy,nan,nan
17,17,0,Petrópolis//gas_station,nan,nan
17,17,0,Pitinga//home,0.3408801020408163,0.0858843537414966
17,17,0,Pitinga//work,0.5033003300330033,0.6666666666666666
17,17,0,Pitinga//school,0.5601449275362319,0.6666666666666666
17,17,0,Pitinga//marketplace,nan,nan
17,17,0,Pitinga//pharmacy,nan,nan
17,17,0,Pitinga//gas_station,nan,nan
17,17,0,Ponta Grossa//home,0.38058954393770855,0.19977753058954395
17,17,0,Ponta Grossa//work,0.46408839779005523,0.6666666666666666
17,17,0,Ponta Grossa//school,0.5449640287769785,0.6666666666666666
17,17,0,Ponta Grossa//marketplace,nan,nan
17,17,0,Ponta Grossa//pharmacy,nan,nan
17,17,0,Ponta Grossa//gas_station,nan,nan
17,17,0,Praia de Belas//home,0.1908637873754153,0.027906976744186046
17,17,0,Praia de Belas//work,0.4598280098280098,0.6666666666666666
17,17,0,Praia de Belas//school,0.5172955974842768,0.6666666666666666
17,17,0,Praia de Belas//marketplace,nan,nan
17,17,0,Praia de Belas//pharmacy,nan,nan
17,17,0,Praia de Belas//gas_station,nan,nan
17,17,0,Praia de Belas//stadium,nan,nan
17,17,0,Praia de Belas//shopping_mall,nan,nan
17,17,0,Restinga//home,0.32333422710819143,0.08962774277159584
17,17,0,Restinga//work,0.4595095523239236,0.6666666666666666
17,17,0,Restinga//school,0.713302752293578,0.6666666666666666
17,17,0,Restinga//marketplace,nan,nan
17,17,0,Restinga//pharmacy,nan,nan
17,17,0,Restinga//gas_station,nan,nan
17,17,0,Restinga//hospital,nan,nan
17,17,0,Rio Branco//home,0.17600431606905712,0.061752988047808766
17,17,0,Rio Branco//work,0.4231510015408321,0.6666666666666666
17,17,0,Rio Branco//school,0.5154639175257731,0.6666666666666666
17,17,0,Rio Branco//marketplace,nan,nan
17,17,0,Rio Branco//pharmacy,nan,nan
17,17,0,Rio Branco//gas_station,nan,nan
17,17,0,Rio Branco//hospital,nan,nan
17,17,0,Rubem Berta//home,0.1998386389896012,0.13527763390307715
17,17,0,Rubem Berta//work,0.4411632775119617,0.6666666666666666
17,17,0,Rubem Berta//school,0.5344611528822055,0.6666666666666666
17,17,0,Rubem Berta//marketplace,nan,nan
17,17,0,Rubem Berta//pharmacy,nan,nan
17,17,0,Rubem Berta//gas_station,nan,nan
17,17,0,Santa Cecília//home,0.1910757946210269,0.09356153219233904
17,17,0,Santa Cecília//work,0.4510550996483001,0.6666666666666666
17,17,0,Santa Cecília//school,0.5684647302904564,0.6666666666666666
17,17,0,Santa Cecília//marketplace,nan,nan
17,17,0,Santa Cecília//pharmacy,nan,nan
17,17,0,Santa Cecília//gas_station,nan,nan
17,17,0,Santa Cecília//hospital,nan,nan
17,17,0,Santa Maria Goretti//home,0.40493263798348544,0.04896421845574388
17,17,0,Santa Maria Goretti//work,0.4563829787234043,0.6666666666666666
17,17,0,Santa Maria Goretti//school,0.49074074074074076,0.6666666666666666
17,17,0,Santa Maria Goretti//marketplace,nan,nan
17,17,0,Santa Maria Goretti//pharmacy,nan,nan
17,17,0,Santa Maria Goretti//gas_station,nan,nan
17,17,0,Santa Rosa de Lima//home,0.2811115843270869,0.06144236229415105
17,17,0,Santa Rosa de Lima//work,0.4531650983746792,0.6666666666666666
17,17,0,Santa Rosa de Lima//school,0.5915300546448088,0.6666666666666666
17,17,0,Santa Rosa de Lima//marketplace,nan,nan
17,17,0,Santa Rosa de Lima//pharmacy,nan,nan
17,17,0,Santa Rosa de Lima//gas_station,nan,nan
17,17,0,Santa Tereza//home,0.2837609350878483,0.07973731284765616
17,17,0,Santa Tereza//work,0.450729144327686,0.6666666666666666
17,17,0,Santa Tereza//school,0.4516491754122939,0.6666666666666666
17,17,0,Santa Tereza//marketplace,nan,nan
17,17,0,Santa Tereza//pharmacy,nan,nan
17,17,0,Santa Tereza//gas_station,nan,nan
17,17,0,Santana//home,0.1351799635097031,0.0864156576546691
17,17,0,Santana//work,0.43676880222841225,0.6666666666666666
17,17,0,Santana//school,0.5032808398950132,0.6666666666666666
17,17,0,Santana//marketplace,nan,nan
17,17,0,Santana//pharmacy,nan,nan
17,17,0,Santana//gas_station,nan,nan
17,17,0,Santana//hospital,nan,nan
17,17,0,Santo Antônio//home,0.18404279535624857,0.04651339251840048
17,17,0,Santo Antônio//work,0.4507377439314612,0.6666666666666666
17,17,0,Santo Antônio//school,0.5251396648044693,0.6666666666666666
17,17,0,Santo Antônio//marketplace,nan,nan
17,17,0,Santo Antônio//pharmacy,nan,nan
17,17,0,Santo Antônio//gas_station,nan,nan
17,17,0,São Caetano//home,0.24523052464228934,0.13142554319024907
17,17,0,São Caetano//work,0.46968937875751504,0.6666666666666666
17,17,0,São Caetano//school,0.5540540540540541,0.6666666666666666
17,17,0,São Caetano//marketplace,nan,nan
17,17,0,São Caetano//pharmacy,nan,nan
17,17,0,São Caetano//gas_station,nan,nan
17,17,0,São Geraldo//home,0.17293195794485222,0.09217747801362164
17,17,0,São Geraldo//work,0.4304312449145647,0.6666666666666666
17,17,0,São Geraldo//school,0.4661084529505582,0.6666666666666666
17,17,0,São Geraldo//marketplace,nan,nan
17,17,0,São Geraldo//pharmacy,nan,nan
17,17,0,São Geraldo//gas_station,nan,nan
17,17,0,São João//home,0.17304625199362042,0.10427584111794638
17,17,0,São João//work,0.443026941362916,0.6666666666666666
17,17,0,São João//school,0.503822629969419,0.6666666666666666
17,17,0,São João//marketplace,nan,nan
17,17,0,São João//pharmacy,nan,nan
17,17,0,São João//gas_station,nan,nan
17,17,0,São João//shopping_mall,nan,nan
17,17,0,São Sebastião//home,0.2774554496477414,0.08233181378643459
17,17,0,São Sebastião//work,0.46846642468239563,0.6666666666666666
17,17,0,São Sebastião//school,0.51,0.6666666666666666
17,17,0,São Sebastião//marketplace,nan,nan
17,17,0,São Sebastião//pharmacy,nan,nan
17,17,0,São Sebastião//gas_station,nan,nan
17,17,0,São Sebastião//shopping_mall,nan,nan
17,17,0,Sarandi//home,0.1669318241093318,0.054561577382504826
17,17,0,Sarandi//work,0.4498525073746313,0.6666666666666666
17,17,0,Sarandi//school,0.5124854819976771,0.6666666666666666
17,17,0,Sarandi//marketplace,nan,nan
17,17,0,Sarandi//pharmacy,nan,nan
17,17,0,Sarandi//gas_station,nan,nan
17,17,0,Sarandi//shopping_mall,nan,nan
17,17,0,Serraria//home,0.30928377971712306,0.15588323803791754
17,17,0,Serraria//work,0.46486013986013985,0.6666666666666666
17,17,0,Serraria//school,0.49736842105263157,0.6666666666666666
17,17,0,Serraria//marketplace,nan,nan
17,17,0,Serraria//pharmacy,nan,nan
17,17,0,Serraria//gas_station,nan,nan
17,17,0,Sétimo Céu//home,0.3091798695246971,0.12301957129543337
17,17,0,Sétimo Céu//work,0.45214320506575745,0.6666666666666666
17,17,0,Sétimo Céu//school,0.4745222929936306,0.6666666666666666
17,17,0,Sétimo Céu//marketplace,nan,nan
17,17,0,Sétimo Céu//pharmacy,nan,nan
17,17,0,Sétimo Céu//gas_station,nan,nan
17,17,0,Teresópolis//home,0.23602110720236993,0.10059865457014133
17,17,0,Teresópolis//work,0.4404268545379196,0.6666666666666666
17,17,0,Teresópolis//school,0.5382882882882883,0.6666666666666666
17,17,0,Teresópolis//marketplace,nan,nan
17,17,0,Teresópolis//pharmacy,nan,nan
17,17,0,Teresópolis//gas_station,nan,nan
17,17,0,Teresópolis//hospital,nan,nan
17,17,0,Três Figueiras//home,0.1812159709618875,0.0735632183908046
17,17,0,Três Figueiras//work,0.45250638569604085,0.6666666666666666
17,17,0,Três Figueiras//school,0.5103773584905661,0.6666666666666666
17,17,0,Três Figueiras//marketplace,nan,nan
17,17,0,Três Figueiras//pharmacy,nan,nan
17,17,0,Três Figueiras//gas_station,nan,nan
17,17,0,Três Figueiras//shopping_mall,nan,nan
17,17,0,Tristeza//home,0.21208791208791208,0.04664224664224664
17,17,0,Tristeza//work,0.4445284921835603,0.6666666666666666
17,17,0,Tristeza//school,0.6988636363636364,0.6666666666666666
17,17,0,Tristeza//marketplace,nan,nan
17,17,0,Tristeza//pharmacy,nan,nan
17,17,0,Tristeza//gas_station,nan,nan
17,17,0,Vila Assunção//home,0.20391014975041596,0.06344980587909041
17,17,0,Vila Assunção//work,0.4506880733944954,0.6666666666666666
17,17,0,Vila Assunção//school,0.5188679245283019,0.6666666666666666
17,17,0,Vila Assunção//marketplace,nan,nan
17,17,0,Vila Assunção//pharmacy,nan,nan
17,17,0,Vila Assunção//gas_station,nan,nan
17,17,0,Vila Assunção//hospital,nan,nan
17,17,0,Vila Conceição//home,0.23072646404744254,0.2213985668396343
17,17,0,Vila Conceição//work,0.423841059602649,0.6666666666666666
17,17,0,Vila Conceição//school,0.556390977443609,0.6666666666666666
17,17,0,Vila Conceição//marketplace,nan,nan
17,17,0,Vila Conceição//pharmacy,nan,nan
17,17,0,Vila Conceição//gas_station,nan,nan
17,17,0,Vila Ipiranga//home,0.2135216675809106,0.056526395528041166
17,17,0,Vila Ipiranga//work,0.4515625,0.6666666666666666
17,17,0,Vila Ipiranga//school,0.5119047619047619,0.6666666666666666
17,17,0,Vila Ipiranga//marketplace,nan,nan
17,17,0,Vila Ipiranga//pharmacy,nan,nan
17,17,0,Vila Ipiranga//gas_station,nan,nan
17,17,0,Vila Jardim//home,0.16475274156838401,0.1091109731705635
17,17,0,Vila Jardim//work,0.46705292286406086,0.6666666666666666
17,17,0,Vila Jardim//school,0.5519197207678883,0.6666666666666666
17,17,0,Vila Jardim//marketplace,nan,nan
17,17,0,Vila Jardim//pharmacy,nan,nan
17,17,0,Vila Jardim//gas_station,nan,nan
17,17,0,Vila João Pessoa//home,0.21519232901008759,0.07168458781362007
17,17,0,Vila João Pessoa//work,0.4418393311523083,0.6666666666666666
17,17,0,Vila João Pessoa//school,0.5344827586206896,0.6666666666666666
17,17,0,Vila João Pessoa//marketplace,nan,nan
17,17,0,Vila João Pessoa//pharmacy,nan,nan
17,17,0,Vila João Pessoa//gas_station,nan,nan
17,17,0,Vila Nova//home,0.21484910079095046,0.08969996906897618
17,17,0,Vila Nova//work,0.4318,0.6666666666666666
17,17,0,Vila Nova//school,0.6685684647302904,0.6666666666666666
17,17,0,Vila Nova//marketplace,nan,nan
17,17,0,Vila Nova//pharmacy,nan,nan
17,17,0,Vila Nova//gas_station,nan,nan
17,17,0,Vila Nova//hospital,nan,nan
17,17,0,São José//home,0.28724536333231987,0.05817371034762339
17,17,0,São José//work,0.47637257579896203,0.6666666666666666
17,17,0,São José//school,0.4842233009708738,0.6666666666666666
17,17,0,São José//marketplace,nan,nan
17,17,0,São José//pharmacy,nan,nan
17,17,0,São José//gas_station,nan,nan
18,18,0,Aberta dos Morros//home,0.28443148021047815,0.059025394646533974
18,18,0,Aberta dos Morros//work,0.4540840415486308,0.6666666666666666
18,18,0,Aberta dos Morros//school,0.43004587155963303,0.6666666666666666
18,18,0,Aberta dos Morros//marketplace,nan,nan
18,18,0,Aberta dos Morros//pharmacy,nan,nan
18,18,0,Aberta dos Morros//gas_station,nan,nan
18,18,0,Agronomia//home,0.23120525059665872,0.10898965791567224
18,18,0,Agronomia//work,0.45625692137320045,0.6666666666666666
18,18,0,Agronomia//school,0.526255707762557,0.6666666666666666
18,18,0,Agronomia//marketplace,nan,nan
18,18,0,Agronomia//pharmacy,nan,nan
18,18,0,Agronomia//gas_station,nan,nan
18,18,0,Anchieta//home,0.38817097415506957,0.12856196156394964
18,18,0,Anchieta//work,0.4510334645669291,0.6666666666666666
18,18,0,Anchieta//school,0.5474308300395256,0.6666666666666666
18,18,0,Anchieta//marketplace,nan,nan
18,18,0,Anchieta//pharmacy,nan,nan
18,18,0,Anchieta//gas_station,nan,nan
18,18,0,Arquipélago//home,0.34190860676859647,0.09139323140353892
18,18,0,Arquipélago//work,0.47374260355029585,0.6666666666666666
18,18,0,Arquipélago//school,0.5170454545454546,0.6666666666666666
18,18,0,Arquipélago//marketplace,nan,nan
18,18,0,Arquipélago//pharmacy,nan,nan
18,18,0,Arquipélago//gas_station,nan,nan
18,18,0,Auxiliadora//home,0.18681536751865374,0.0519659205164841
18,18,0,Auxiliadora//work,0.4395482728077945,0.6666666666666666
18,18,0,Auxiliadora//school,0.49074074074074076,0.6666666666666666
18,18,0,Auxiliadora//marketplace,nan,nan
18,18,0,Auxiliadora//pharmacy,nan,nan
18,18,0,Auxiliadora//gas_station,nan,nan
18,18,0,Azenha//home,0.16035506210838738,0.05664871202960683
18,18,0,Azenha//work,0.43026315789473685,0.6666666666666666
18,18,0,Azenha//school,0.5372340425531915,0.6666666666666666
18,18,0,Azenha//marketplace,nan,nan
18,18,0,Azenha//pharmacy,nan,nan
18,18,0,Azenha//gas_station,nan,nan
18,18,0,Azenha//hospital,nan,nan
18,18,0,Azenha//shopping_mall,nan,nan
18,18,0,Bela Vista//home,0.23119587139636968,0.10440147111163839
18,18,0,Bela Vista//work,0.4213780918727915,0.6666666666666666
18,18,0,Bela Vista//school,0.458041958041958,0.6666666666666666
18,18,0,Bela Vista//marketplace,nan,nan
18,18,0,Bela Vista//pharmacy,nan,nan
18,18,0,Bela Vista//gas_station,nan,nan
18,18,0,Belém Novo//home,0.28377807802736027,0.08072960648539099
18,18,0,Belém Novo//work,0.4416742909423605,0.6666666666666666
18,18,0,Belém Novo//school,0.6695652173913044,0.6666666666666666
18,18,0,Belém Novo//marketplace,nan,nan
18,18,0,Belém Novo//pharmacy,nan,nan
18,18,0,Belém Novo//gas_station,nan,nan
18,18,0,Belém Velho//home,0.35482037289677126,0.06871810418877268
18,18,0,Belém Velho//work,0.4580400148203038,0.6666666666666666
18,18,0,Belém Velho//school,0.5825892857142857,0.6666666666666666
18,18,0,Belém Velho//marketplace,nan,nan
18,18,0,Belém Velho//pharmacy,nan,nan
18,18,0,Belém Velho//gas_station,nan,nan
18,18,0,Boa Vista//home,0.21192798199549887,0.15916479119779944
18,18,0,Boa Vista//work,0.4383079574834818,0.6666666666666666
18,18,0,Boa Vista//school,0.5946969696969697,0.6666666666666666
18,18,0,Boa Vista//marketplace,nan,nan
18,18,0,Boa Vista//pharmacy,nan,nan
18,18,0,Boa Vista//gas_station,nan,nan
18,18,0,Boa Vista do Sul//home,0.3660064672594988,0.1848558340070062
18,18,0,Boa Vista do Sul//work,0.46628029504741836,0.6666666666666666
18,18,0,Boa Vista do Sul//school,0.48952095808383234,0.6666666666666666
18,18,0,Boa Vista do Sul//marketplace,nan,nan
18,18,0,Boa Vista do Sul//pharmacy,nan,nan
18,18,0,Boa Vista do Sul//gas_station,nan,nan
18,18,0,Bom Fim//home,0.1304191329387298,0.1458966565349544
18,18,0,Bom Fim//work,0.4371836587129429,0.6666666666666666
18,18,0,Bom Fim//school,0.5697064989517819,0.6666666666666666
18,18,0,Bom Fim//marketplace,nan,nan
18,18,0,Bom Fim//pharmacy,nan,nan
18,18,0,Bom Fim//gas_station,nan,nan
18,18,0,Bom Jesus//home,0.3673443563354142,0.05095326472076936
18,18,0,Bom Jesus//work,0.4415450289176535,0.6666666666666666
18,18,0,Bom Jesus//school,0.49226804123711343,0.6666666666666666
18,18,0,Bom Jesus//marketplace,nan,nan
18,18,0,Bom Jesus//pharmacy,nan,nan
18,18,0,Bom Jesus//gas_station,nan,nan
18,18,0,Camaquã//home,0.21089732222025181,0.044215877519654785
18,18,0,Camaquã//work,0.4781754692274116,0.6666666666666666
18,18,0,Camaquã//school,0.4675480769230769,0.6666666666666666
18,18,0,Camaquã//marketplace,nan,nan
18,18,0,Camaquã//pharmacy,nan,nan
18,18,0,Camaquã//gas_station,nan,nan
18,18,0,Campo Novo//home,0.2718869898848971,0.05534240204627369
18,18,0,Campo Novo//work,0.47544642857142855,0.6666666666666666
18,18,0,Campo Novo//school,0.5124113475177305,0.6666666666666666
18,18,0,Campo Novo//marketplace,nan,nan
18,18,0,Campo Novo//pharmacy,nan,nan
18,18,0,Campo Novo//gas_station,nan,nan
18,18,0,Cascata//home,0.37861922532492603,0.06691545489640972
18,18,0,Cascata//work,0.45322386260921965,0.6666666666666666
18,18,0,Cascata//school,0.5895765472312704,0.6666666666666666
18,18,0,Cascata//marketplace,nan,nan
18,18,0,Cascata//pharmacy,nan,nan
18,18,0,Cascata//gas_station,nan,nan
18,18,0,Cavalhada//home,0.217410594245765,0.05463834364076365
18,18,0,Cavalhada//work,0.4372912491649967,0.6666666666666666
18,18,0,Cavalhada//school,0.681930693069307,0.6666666666666666
18,18,0,Cavalhada//marketplace,nan,nan
18,18,0,Cavalhada//pharmacy,nan,nan
18,18,0,Cavalhada//gas_station,nan,nan
18,18,0,Cavalhada//shopping_mall,nan,nan
18,18,0,Centro Histórico//home,0.20031951371571072,0.05348607647547797
18,18,0,Centro Histórico//work,0.4271731917717319,0.6666666666666666
18,18,0,Centro Histórico//school,0.5072674418604651,0.6666666666666666
18,18,0,Centro Histórico//marketplace,nan,nan
18,18,0,Centro Histórico//pharmacy,nan,nan
18,18,0,Centro Histórico//gas_station,nan,nan
18,18,0,Centro Histórico//hospital,nan,nan
18,18,0,Centro Histórico//shopping_mall,nan,nan
18,18,0,Chácara das Pedras//home,0.18646408839779005,0.06864222333835593
18,18,0,Chácara das Pedras//work,0.4432044639298525,0.6666666666666666
18,18,0,Chácara das Pedras//school,0.501269035532995,0.6666666666666666
18,18,0,Chácara das Pedras//marketplace,nan,nan
18,18,0,Chácara das Pedras//pharmacy,nan,nan
18,18,0,Chácara das Pedras//gas_station,nan,nan
18,18,0,Chapéu do Sol//home,0.47042663219133807,0.160741219564749
18,18,0,Chapéu do Sol//work,0.4935897435897436,0.6666666666666666
18,18,0,Chapéu do Sol//school,0.6530898876404494,0.6666666666666666
18,18,0,Chapéu do Sol//marketplace,nan,nan
18,18,0,Chapéu do Sol//pharmacy,nan,nan
18,18,0,Chapéu do Sol//gas_station,nan,nan
18,18,0,Cidade Baixa//home,0.22440610859728508,0.07032428355957768
18,18,0,Cidade Baixa//work,0.43535620052770446,0.6666666666666666
18,18,0,Cidade Baixa//school,0.47413793103448276,0.6666666666666666
18,18,0,Cidade Baixa//marketplace,nan,nan
18,18,0,Cidade Baixa//pharmacy,nan,nan
18,18,0,Cidade Baixa//gas_station,nan,nan
18,18,0,Cel. Aparício Borges//home,0.31830915649704505,0.06851382812699874
18,18,0,Cel. Aparício Borges//work,0.4390667472062821,0.6666666666666666
18,18,0,Cel. Aparício Borges//school,0.5008196721311475,0.6666666666666666
18,18,0,Cel. Aparício Borges//marketplace,nan,nan
18,18,0,Cel. Aparício Borges//pharmacy,nan,nan
18,18,0,Cel. Aparício Borges//gas_station,nan,nan
18,18,0,Costa e Silva//home,0.3684196864292389,0.05932232720728204
18,18,0,Costa e Silva//work,0.45959689349112426,0.6666666666666666
18,18,0,Costa e Silva//school,0.4612676056338028,0.6666666666666666
18,18,0,Costa e Silva//marketplace,nan,nan
18,18,0,Costa e Silva//pharmacy,nan,nan
18,18,0,Costa e Silva//gas_station,nan,nan
18,18,0,Cristal//home,0.2789465188851824,0.08666021019405287
18,18,0,Cristal//work,0.46661757486499755,0.6666666666666666
18,18,0,Cristal//school,0.6155834564254062,0.6666666666666666
18,18,0,Cristal//marketplace,nan,nan
18,18,0,Cristal//pharmacy,nan,nan
18,18,0,Cristal//gas_station,nan,nan
18,18,0,Cristo Redentor//home,0.20151228733459356,0.039508506616257086
18,18,0,Cristo Redentor//work,0.49043887147335424,0.6666666666666666
18,18,0,Cristo Redentor//school,0.46847507331378296,0.6666666666666666
18,18,0,Cristo Redentor//marketplace,nan,nan
18,18,0,Cristo Redentor//pharmacy,nan,nan
18,18,0,Cristo Redentor//gas_station,nan,nan
18,18,0,Cristo Redentor//hospital,nan,nan
18,18,0,Cristo Redentor//shopping_mall,nan,nan
18,18,0,Espírito Santo//home,0.22463645586743322,0.16345395107654154
18,18,0,Espírito Santo//work,0.4697674418604651,0.6666666666666666
18,18,0,Espírito Santo//school,0.5950704225352113,0.6666666666666666
18,18,0,Espírito Santo//marketplace,nan,nan
18,18,0,Espírito Santo//pharmacy,nan,nan
18,18,0,Espírito Santo//gas_station,nan,nan
18,18,0,Extrema//home,0.33207771609833464,0.054982817869415807
18,18,0,Extrema//work,0.4708222811671088,0.6666666666666666
18,18,0,Extrema//school,0.509493670886076,0.6666666666666666
18,18,0,Extrema//marketplace,nan,nan
18,18,0,Extrema//pharmacy,nan,nan
18,18,0,Extrema//gas_station,nan,nan
18,18,0,Farrapos//home,0.3802092895171654,0.09717887522183465
18,18,0,Farrapos//work,0.45849146110056926,0.6666666666666666
18,18,0,Farrapos//school,0.4692513368983957,0.6666666666666666
18,18,0,Farrapos//marketplace,nan,nan
18,18,0,Farrapos//pharmacy,nan,nan
18,18,0,Farrapos//gas_station,nan,nan
18,18,0,Farrapos//stadium,nan,nan
18,18,0,Farroupilha//home,0.2034510433386838,0.04066345639379347
18,18,0,Farroupilha//work,0.43673507813971,0.6666666666666666
18,18,0,Farroupilha//school,0.49880763116057236,0.6666666666666666
18,18,0,Farroupilha//marketplace,nan,nan
18,18,0,Farroupilha//pharmacy,nan,nan
18,18,0,Farroupilha//gas_station,nan,nan
18,18,0,Farroupilha//hospital,nan,nan
18,18,0,Floresta//home,0.1600966033032097,0.14261971538381635
18,18,0,Floresta//work,0.41576007056748016,0.6666666666666666
18,18,0,Floresta//school,0.6255555555555555,0.6666666666666666
18,18,0,Floresta//marketplace,nan,nan
18,18,0,Floresta//pharmacy,nan,nan
18,18,0,Floresta//gas_station,nan,nan
18,18,0,Glória//home,0.21304367161789559,0.05644993922144149
18,18,0,Glória//work,0.4349216171617162,0.6666666666666666
18,18,0,Glória//school,0.5503384094754653,0.6666666666666666
18,18,0,Glória//marketplace,nan,nan
18,18,0,Glória//pharmacy,nan,nan
18,18,0,Glória//gas_station,nan,nan
18,18,0,Glória//hospital,nan,nan
18,18,0,Guarujá//home,0.24381953028430162,0.061598681499793986
18,18,0,Guarujá//work,0.46963394342762066,0.6666666666666666
18,18,0,Guarujá//school,0.4102112676056338,0.6666666666666666
18,18,0,Guarujá//marketplace,nan,nan
18,18,0,Guarujá//pharmacy,nan,nan
18,18,0,Guarujá//gas_station,nan,nan
18,18,0,Higienópolis//home,0.21162371848157385,0.06954835134386257
18,18,0,Higienópolis//work,0.4648931530745748,0.6666666666666666
18,18,0,Higienópolis//school,0.5437384898710865,0.6666666666666666
18,18,0,Higienópolis//marketplace,nan,nan
18,18,0,Higienópolis//pharmacy,nan,nan
18,18,0,Higienópolis//gas_station,nan,nan
18,18,0,Hípica//home,0.279276504886261,0.051463140894035204
18,18,0,Hípica//work,0.45989372469635625,0.6666666666666666
18,18,0,Hípica//school,0.4858834244080146,0.6666666666666666
18,18,0,Hípica//marketplace,nan,nan
18,18,0,Hípica//pharmacy,nan,nan
18,18,0,Hípica//gas_station,nan,nan
18,18,0,Humaitá//home,0.2600344742674218,0.09718460149388493
18,18,0,Humaitá//work,0.4658908507223114,0.6666666666666666
18,18,0,Humaitá//school,0.6971153846153846,0.6666666666666666
18,18,0,Humaitá//marketplace,nan,nan
18,18,0,Humaitá//pharmacy,nan,nan
18,18,0,Humaitá//gas_station,nan,nan
18,18,0,Independência//home,0.17471746263215457,0.05954550978247661
18,18,0,Independência//work,0.40668004587155965,0.6666666666666666
18,18,0,Independência//school,0.6195652173913043,0.6666666666666666
18,18,0,Independência//marketplace,nan,nan
18,18,0,Independência//pharmacy,nan,nan
18,18,0,Independência//gas_station,nan,nan
18,18,0,Independência//hospital,nan,nan
18,18,0,Independência//shopping_mall,nan,nan
18,18,0,Ipanema//home,0.21935946935946937,0.11807411807411808
18,18,0,Ipanema//work,0.457421340629275,0.6666666666666666
18,18,0,Ipanema//school,0.6275510204081632,0.6666666666666666
18,18,0,Ipanema//marketplace,nan,nan
18,18,0,Ipanema//pharmacy,nan,nan
18,18,0,Ipanema//gas_station,nan,nan
18,18,0,Jardim Botânico//home,0.19461573598264245,0.09211678276426478
18,18,0,Jardim Botânico//work,0.4742475350285418,0.6666666666666666
18,18,0,Jardim Botânico//school,0.5127118644067796,0.6666666666666666
18,18,0,Jardim Botânico//marketplace,nan,nan
18,18,0,Jardim Botânico//pharmacy,nan,nan
18,18,0,Jardim Botânico//gas_station,nan,nan
18,18,0,Jardim Botânico//hospital,nan,nan
18,18,0,Jardim Botânico//shopping_mall,nan,nan
18,18,0,Jardim Carvalho//home,0.2740308181484652,0.05503240797358445
18,18,0,Jardim Carvalho//work,0.45478170478170477,0.6666666666666666
18,18,0,Jardim Carvalho//school,0.5754716981132075,0.6666666666666666
18,18,0,Jardim Carvalho//marketplace,nan,nan
18,18,0,Jardim Carvalho//pharmacy,nan,nan
18,18,0,Jardim Carvalho//gas_station,nan,nan
18,18,0,Jardim Carvalho//hospital,nan,nan
18,18,0,Jardim do Salso//home,0.2175876726886291,0.03896563939071909
18,18,0,Jardim do Salso//work,0.4575289575289575,0.6666666666666666
18,18,0,Jardim do Salso//school,0.5173545966228893,0.6666666666666666
18,18,0,Jardim do Salso//marketplace,nan,nan
18,18,0,Jardim do Salso//pharmacy,nan,nan
18,18,0,Jardim do Salso//gas_station,nan,nan
18,18,0,Jardim Leopoldina//home,0.23061168760240305,0.10142779121479285
18,18,0,Jardim Leopoldina//work,0.4453547297297297,0.6666666666666666
18,18,0,Jardim Leopoldina//school,0.5033333333333333,0.6666666666666666
18,18,0,Jardim Leopoldina//marketplace,nan,nan
18,18,0,Jardim Leopoldina//pharmacy,nan,nan
18,18,0,Jardim Leopoldina//gas_station,nan,nan
18,18,0,Jardim Europa//home,0.3944662095984329,0.35520731309174014
18,18,0,Jardim Europa//work,0.43097774992165466,0.6666666666666666
18,18,0,Jardim Europa//school,0.6056701030927835,0.6666666666666666
18,18,0,Jardim Europa//marketplace,nan,nan
18,18,0,Jardim Europa//pharmacy,nan,nan
18,18,0,Jardim Europa//gas_station,nan,nan
18,18,0,Jardim Europa//shopping_mall,nan,nan
18,18,0,Jardim Floresta//home,0.2817513368983957,0.32085561497326204
18,18,0,Jardim Floresta//work,0.4290108849976337,0.6666666666666666
18,18,0,Jardim Floresta//school,0.5192307692307693,0.6666666666666666
18,18,0,Jardim Floresta//marketplace,nan,nan
18,18,0,Jardim Floresta//pharmacy,nan,nan
18,18,0,Jardim Floresta//gas_station,nan,nan
18,18,0,Jardim Isabel//home,0.2542563845768653,0.06776831914538474
18,18,0,Jardim Isabel//work,0.45534175761056866,0.6666666666666666
18,18,0,Jardim Isabel//school,0.5533898305084746,0.6666666666666666
18,18,0,Jardim Isabel//marketplace,nan,nan
18,18,0,Jardim Isabel//pharmacy,nan,nan
18,18,0,Jardim Isabel//gas_station,nan,nan
18,18,0,Jardim Itú//home,0.22522904648795386,0.05734645402103834
18,18,0,Jardim Itú//work,0.4340022611644997,0.6666666666666666
18,18,0,Jardim Itú//school,0.5391156462585034,0.6666666666666666
18,18,0,Jardim Itú//marketplace,nan,nan
18,18,0,Jardim Itú//pharmacy,nan,nan
18,18,0,Jardim Itú//gas_station,nan,nan
18,18,0,Jardim Lindóia//home,0.1998233215547703,0.09878288182175107
18,18,0,Jardim Lindóia//work,0.42724458204334365,0.6666666666666666
18,18,0,Jardim Lindóia//school,0.5388888888888889,0.6666666666666666
18,18,0,Jardim Lindóia//marketplace,nan,nan
18,18,0,Jardim Lindóia//pharmacy,nan,nan
18,18,0,Jardim Lindóia//gas_station,nan,nan
18,18,0,Jardim Lindóia//shopping_mall,nan,nan
18,18,0,Jardim Sabará//home,0.1903940394039404,0.12281228122812281
18,18,0,Jardim Sabará//work,0.4555094009619589,0.6666666666666666
18,18,0,Jardim Sabará//school,0.6001945525291829,0.6666666666666666
18,18,0,Jardim Sabará//marketplace,nan,nan
18,18,0,Jardim Sabará//pharmacy,nan,nan
18,18,0,Jardim Sabará//gas_station,nan,nan
18,18,0,Jardim São Pedro//home,0.20119705340699817,0.03756906077348066
18,18,0,Jardim São Pedro//work,0.43446475195822454,0.6666666666666666
18,18,0,Jardim São Pedro//school,0.5579710144927537,0.6666666666666666
18,18,0,Jardim São Pedro//marketplace,nan,nan
18,18,0,Jardim São Pedro//pharmacy,nan,nan
18,18,0,Jardim São Pedro//gas_station,nan,nan
18,18,0,Lageado//home,0.3181304488214401,0.06005812076202777
18,18,0,Lageado//work,0.467797783933518,0.6666666666666666
18,18,0,Lageado//school,0.5625,0.6666666666666666
18,18,0,Lageado//marketplace,nan,nan
18,18,0,Lageado//pharmacy,nan,nan
18,18,0,Lageado//gas_station,nan,nan
18,18,0,Lami//home,0.46097981290004925,0.26259642212374856
18,18,0,Lami//work,0.4693698949824971,0.6666666666666666
18,18,0,Lami//school,0.42696629213483145,0.6666666666666666
18,18,0,Lami//marketplace,nan,nan
18,18,0,Lami//pharmacy,nan,nan
18,18,0,Lami//gas_station,nan,nan
18,18,0,Lomba do Pinheiro//home,0.35671926224046485,0.05590056593548158
18,18,0,Lomba do Pinheiro//work,0.45406295754026355,0.6666666666666666
18,18,0,Lomba do Pinheiro//school,0.5381806108897742,0.6666666666666666
18,18,0,Lomba do Pinheiro//marketplace,nan,nan
18,18,0,Lomba do Pinheiro//pharmacy,nan,nan
18,18,0,Lomba do Pinheiro//gas_station,nan,nan
18,18,0,Mário Quintana//home,0.3964468381897086,0.07258731142798099
18,18,0,Mário Quintana//work,0.4881530117042535,0.6666666666666666
18,18,0,Mário Quintana//school,0.6303956834532374,0.6666666666666666
18,18,0,Mário Quintana//marketplace,nan,nan
18,18,0,Mário Quintana//pharmacy,nan,nan
18,18,0,Mário Quintana//gas_station,nan,nan
18,18,0,Medianeira//home,0.1769368624207334,0.040161749839169196
18,18,0,Medianeira//work,0.44895038167938933,0.6666666666666666
18,18,0,Medianeira//school,0.5297085201793722,0.6666666666666666
18,18,0,Medianeira//marketplace,nan,nan
18,18,0,Medianeira//pharmacy,nan,nan
18,18,0,Medianeira//gas_station,nan,nan
18,18,0,Menino Deus//home,0.15377893723722202,0.057241274504837646
18,18,0,Menino Deus//work,0.4456642579210673,0.6666666666666666
18,18,0,Menino Deus//school,0.5119926199261993,0.6666666666666666
18,18,0,Menino Deus//marketplace,nan,nan
18,18,0,Menino Deus//pharmacy,nan,nan
18,18,0,Menino Deus//gas_station,nan,nan
18,18,0,Menino Deus//hospital,nan,nan
18,18,0,Moinhos de Vento//home,0.18925875085792726,0.07449096316632349
18,18,0,Moinhos de Vento//work,0.4537200282087447,0.6666666666666666
18,18,0,Moinhos de Vento//school,0.6686991869918699,0.6666666666666666
18,18,0,Moinhos de Vento//marketplace,nan,nan
18,18,0,Moinhos de Vento//pharmacy,nan,nan
18,18,0,Moinhos de Vento//gas_station,nan,nan
18,18,0,Moinhos de Vento//hospital,nan,nan
18,18,0,Moinhos de Vento//shopping_mall,nan,nan
18,18,0,Mont'Serrat//home,0.20233167770419427,0.04746136865342163
18,18,0,Mont'Serrat//work,0.44867447595561033,0.6666666666666666
18,18,0,Mont'Serrat//school,0.6263636363636363,0.6666666666666666
18,18,0,Mont'Serrat//marketplace,nan,nan
18,18,0,Mont'Serrat//pharmacy,nan,nan
18,18,0,Mont'Serrat//gas_station,nan,nan
18,18,0,Morro Santana//home,0.25199953856802276,0.06742033889615218
18,18,0,Morro Santana//work,0.4621026894865526,0.6666666666666666
18,18,0,Morro Santana//school,0.504302103250478,0.6666666666666666
18,18,0,Morro Santana//marketplace,nan,nan
18,18,0,Morro Santana//pharmacy,nan,nan
18,18,0,Morro Santana//gas_station,nan,nan
18,18,0,Navegantes//home,0.2063174382178907,0.040607959159995356
18,18,0,Navegantes//work,0.4320021586616298,0.6666666666666666
18,18,0,Navegantes//school,0.5511869436201781,0.6666666666666666
18,18,0,Navegantes//marketplace,nan,nan
18,18,0,Navegantes//pharmacy,nan,nan
18,18,0,Navegantes//gas_station,nan,nan
18,18,0,Navegantes//shopping_mall,nan,nan
18,18,0,Nonoai//home,0.2225500423811697,0.05920323400925866
18,18,0,Nonoai//work,0.4451561737432894,0.6666666666666666
18,18,0,Nonoai//school,0.5877386196769456,0.6666666666666666
18,18,0,Nonoai//marketplace,nan,nan
18,18,0,Nonoai//pharmacy,nan,nan
18,18,0,Nonoai//gas_station,nan,nan
18,18,0,Parque Santa Fé//home,0.2551162790697674,0.05674418604651163
18,18,0,Parque Santa Fé//work,0.4606055536968886,0.6666666666666666
18,18,0,Parque Santa Fé//school,0.5088888888888888,0.6666666666666666
18,18,0,Parque Santa Fé//marketplace,nan,nan
18,18,0,Parque Santa Fé//pharmacy,nan,nan
18,18,0,Parque Santa Fé//gas_station,nan,nan
18,18,0,Partenon//home,0.21331456430680493,0.05964888186957815
18,18,0,Partenon//work,0.4478114478114478,0.6666666666666666
18,18,0,Partenon//school,0.541033434650456,0.6666666666666666
18,18,0,Partenon//marketplace,nan,nan
18,18,0,Partenon//pharmacy,nan,nan
18,18,0,Partenon//gas_station,nan,nan
18,18,0,Passo D'Areia//home,0.045212416151519136,0.08584330746635101
18,18,0,Passo D'Areia//work,0.4392134831460674,0.6666666666666666
18,18,0,Passo D'Areia//school,0.5822259136212624,0.6666666666666666
18,18,0,Passo D'Areia//marketplace,nan,nan
18,18,0,Passo D'Areia//pharmacy,nan,nan
18,18,0,Passo D'Areia//gas_station,nan,nan
18,18,0,Passo das Pedras//home,0.30815931210431824,0.062616145390406
18,18,0,Passo das Pedras//work,0.45015436068947773,0.6666666666666666
18,18,0,Passo das Pedras//school,0.5157232704402516,0.6666666666666666
18,18,0,Passo das Pedras//marketplace,nan,nan
18,18,0,Passo das Pedras//pharmacy,nan,nan
18,18,0,Passo das Pedras//gas_station,nan,nan
18,18,0,Pedra Redonda//home,0.30656934306569344,0.22384428223844283
18,18,0,Pedra Redonda//work,0.44306418219461696,0.6666666666666666
18,18,0,Pedra Redonda//school,0.6781767955801105,0.6666666666666666
18,18,0,Pedra Redonda//marketplace,nan,nan
18,18,0,Pedra Redonda//pharmacy,nan,nan
18,18,0,Pedra Redonda//gas_station,nan,nan
18,18,0,Petrópolis//home,0.18670194072396423,0.07778515365691749
18,18,0,Petrópolis//work,0.43935528756957326,0.6666666666666666
18,18,0,Petrópolis//school,0.5854978354978355,0.6666666666666666
18,18,0,Petrópolis//marketplace,nan,nan
18,18,0,Petrópolis//pharmacy,nan,nan
18,18,0,Petrópolis//gas_station,nan,nan
18,18,0,Pitinga//home,0.37525987525987525,0.042042042042042045
18,18,0,Pitinga//work,0.4844693701466782,0.6666666666666666
18,18,0,Pitinga//school,0.5601449275362319,0.6666666666666666
18,18,0,Pitinga//marketplace,nan,nan
18,18,0,Pitinga//pharmacy,nan,nan
18,18,0,Pitinga//gas_station,nan,nan
18,18,0,Ponta Grossa//home,0.38058954393770855,0.19977753058954395
18,18,0,Ponta Grossa//work,0.46408839779005523,0.6666666666666666
18,18,0,Ponta Grossa//school,0.5449640287769785,0.6666666666666666
18,18,0,Ponta Grossa//marketplace,nan,nan
18,18,0,Ponta Grossa//pharmacy,nan,nan
18,18,0,Ponta Grossa//gas_station,nan,nan
18,18,0,Praia de Belas//home,0.1908637873754153,0.027906976744186046
18,18,0,Praia de Belas//work,0.44678423236514525,0.6666666666666666
18,18,0,Praia de Belas//school,0.5172955974842768,0.6666666666666666
18,18,0,Praia de Belas//marketplace,nan,nan
18,18,0,Praia de Belas//pharmacy,nan,nan
18,18,0,Praia de Belas//gas_station,nan,nan
18,18,0,Praia de Belas//stadium,nan,nan
18,18,0,Praia de Belas//shopping_mall,nan,nan
18,18,0,Restinga//home,0.33737688999861287,0.06961668285014103
18,18,0,Restinga//work,0.45641469257386214,0.6666666666666666
18,18,0,Restinga//school,0.713302752293578,0.6666666666666666
18,18,0,Restinga//marketplace,nan,nan
18,18,0,Restinga//pharmacy,nan,nan
18,18,0,Restinga//gas_station,nan,nan
18,18,0,Restinga//hospital,nan,nan
18,18,0,Rio Branco//home,0.17392778437023224,0.04893484771430186
18,18,0,Rio Branco//work,0.4176036542515812,0.6666666666666666
18,18,0,Rio Branco//school,0.5154639175257731,0.6666666666666666
18,18,0,Rio Branco//marketplace,nan,nan
18,18,0,Rio Branco//pharmacy,nan,nan
18,18,0,Rio Branco//gas_station,nan,nan
18,18,0,Rio Branco//hospital,nan,nan
18,18,0,Rubem Berta//home,0.20548599536566528,0.12447660474003008
18,18,0,Rubem Berta//work,0.4370798601774671,0.6666666666666666
18,18,0,Rubem Berta//school,0.5344611528822055,0.6666666666666666
18,18,0,Rubem Berta//marketplace,nan,nan
18,18,0,Rubem Berta//pharmacy,nan,nan
18,18,0,Rubem Berta//gas_station,nan,nan
18,18,0,Santa Cecília//home,0.1910757946210269,0.09356153219233904
18,18,0,Santa Cecília//work,0.4510550996483001,0.6666666666666666
18,18,0,Santa Cecília//school,0.5684647302904564,0.6666666666666666
18,18,0,Santa Cecília//marketplace,nan,nan
18,18,0,Santa Cecília//pharmacy,nan,nan
18,18,0,Santa Cecília//gas_station,nan,nan
18,18,0,Santa Cecília//hospital,nan,nan
18,18,0,Santa Maria Goretti//home,0.40493263798348544,0.04896421845574388
18,18,0,Santa Maria Goretti//work,0.4563829787234043,0.6666666666666666
18,18,0,Santa Maria Goretti//school,0.49074074074074076,0.6666666666666666
18,18,0,Santa Maria Goretti//marketplace,nan,nan
18,18,0,Santa Maria Goretti//pharmacy,nan,nan
18,18,0,Santa Maria Goretti//gas_station,nan,nan
18,18,0,Santa Rosa de Lima//home,0.2850408953938872,0.05492897115798536
18,18,0,Santa Rosa de Lima//work,0.4404646660212972,0.6666666666666666
18,18,0,Santa Rosa de Lima//school,0.5915300546448088,0.6666666666666666
18,18,0,Santa Rosa de Lima//marketplace,nan,nan
18,18,0,Santa Rosa de Lima//pharmacy,nan,nan
18,18,0,Santa Rosa de Lima//gas_station,nan,nan
18,18,0,Santa Tereza//home,0.2939408829755065,0.06309847797601048
18,18,0,Santa Tereza//work,0.44526597856292177,0.6666666666666666
18,18,0,Santa Tereza//school,0.4516491754122939,0.6666666666666666
18,18,0,Santa Tereza//marketplace,nan,nan
18,18,0,Santa Tereza//pharmacy,nan,nan
18,18,0,Santa Tereza//gas_station,nan,nan
18,18,0,Santana//home,0.1351799635097031,0.0864156576546691
18,18,0,Santana//work,0.43312958435207827,0.6666666666666666
18,18,0,Santana//school,0.5032808398950132,0.6666666666666666
18,18,0,Santana//marketplace,nan,nan
18,18,0,Santana//pharmacy,nan,nan
18,18,0,Santana//gas_station,nan,nan
18,18,0,Santana//hospital,nan,nan
18,18,0,Santo Antônio//home,0.18627805937726286,0.047871912462788636
18,18,0,Santo Antônio//work,0.4463162623539982,0.6666666666666666
18,18,0,Santo Antônio//school,0.5251396648044693,0.6666666666666666
18,18,0,Santo Antônio//marketplace,nan,nan
18,18,0,Santo Antônio//pharmacy,nan,nan
18,18,0,Santo Antônio//gas_station,nan,nan
18,18,0,São Caetano//home,0.24523052464228934,0.13142554319024907
18,18,0,São Caetano//work,0.4510240427426536,0.6666666666666666
18,18,0,São Caetano//school,0.5540540540540541,0.6666666666666666
18,18,0,São Caetano//marketplace,nan,nan
18,18,0,São Caetano//pharmacy,nan,nan
18,18,0,São Caetano//gas_station,nan,nan
18,18,0,São Geraldo//home,0.17725944479231892,0.13177485563208793
18,18,0,São Geraldo//work,0.4191084788029925,0.6666666666666666
18,18,0,São Geraldo//school,0.4661084529505582,0.6666666666666666
18,18,0,São Geraldo//marketplace,nan,nan
18,18,0,São Geraldo//pharmacy,nan,nan
18,18,0,São Geraldo//gas_station,nan,nan
18,18,0,São João//home,0.1737218574108818,0.08778924327704815
18,18,0,São João//work,0.443026941362916,0.6666666666666666
18,18,0,São João//school,0.503822629969419,0.6666666666666666
18,18,0,São João//marketplace,nan,nan
18,18,0,São João//pharmacy,nan,nan
18,18,0,São João//gas_station,nan,nan
18,18,0,São João//shopping_mall,nan,nan
18,18,0,São Sebastião//home,0.2774554496477414,0.08233181378643459
18,18,0,São Sebastião//work,0.46629454701588663,0.6666666666666666
18,18,0,São Sebastião//school,0.51,0.6666666666666666
18,18,0,São Sebastião//marketplace,nan,nan
18,18,0,São Sebastião//pharmacy,nan,nan
18,18,0,São Sebastião//gas_station,nan,nan
18,18,0,São Sebastião//shopping_mall,nan,nan
18,18,0,Sarandi//home,0.16737690679116227,0.05678301938005537
18,18,0,Sarandi//work,0.44532967032967036,0.6666666666666666
18,18,0,Sarandi//school,0.5124854819976771,0.6666666666666666
18,18,0,Sarandi//marketplace,nan,nan
18,18,0,Sarandi//pharmacy,nan,nan
18,18,0,Sarandi//gas_station,nan,nan
18,18,0,Sarandi//shopping_mall,nan,nan
18,18,0,Serraria//home,0.30928377971712306,0.15588323803791754
18,18,0,Serraria//work,0.46141479099678456,0.6666666666666666
18,18,0,Serraria//school,0.49736842105263157,0.6666666666666666
18,18,0,Serraria//marketplace,nan,nan
18,18,0,Serraria//pharmacy,nan,nan
18,18,0,Serraria//gas_station,nan,nan
18,18,0,Sétimo Céu//home,0.3091798695246971,0.12301957129543337
18,18,0,Sétimo Céu//work,0.4458315240990013,0.6666666666666666
18,18,0,Sétimo Céu//school,0.4745222929936306,0.6666666666666666
18,18,0,Sétimo Céu//marketplace,nan,nan
18,18,0,Sétimo Céu//pharmacy,nan,nan
18,18,0,Sétimo Céu//gas_station,nan,nan
18,18,0,Teresópolis//home,0.23582371667329885,0.05836317814033692
18,18,0,Teresópolis//work,0.4385342789598109,0.6666666666666666
18,18,0,Teresópolis//school,0.5382882882882883,0.6666666666666666
18,18,0,Teresópolis//marketplace,nan,nan
18,18,0,Teresópolis//pharmacy,nan,nan
18,18,0,Teresópolis//gas_station,nan,nan
18,18,0,Teresópolis//hospital,nan,nan
18,18,0,Três Figueiras//home,0.1812159709618875,0.0735632183908046
18,18,0,Três Figueiras//work,0.4455374964357,0.6666666666666666
18,18,0,Três Figueiras//school,0.5103773584905661,0.6666666666666666
18,18,0,Três Figueiras//marketplace,nan,nan
18,18,0,Três Figueiras//pharmacy,nan,nan
18,18,0,Três Figueiras//gas_station,nan,nan
18,18,0,Três Figueiras//shopping_mall,nan,nan
18,18,0,Tristeza//home,0.21208791208791208,0.04664224664224664
18,18,0,Tristeza//work,0.4445284921835603,0.6666666666666666
18,18,0,Tristeza//school,0.6988636363636364,0.6666666666666666
18,18,0,Tristeza//marketplace,nan,nan
18,18,0,Tristeza//pharmacy,nan,nan
18,18,0,Tristeza//gas_station,nan,nan
18,18,0,Vila Assunção//home,0.20391014975041596,0.06344980587909041
18,18,0,Vila Assunção//work,0.4506880733944954,0.6666666666666666
18,18,0,Vila Assunção//school,0.5188679245283019,0.6666666666666666
18,18,0,Vila Assunção//marketplace,nan,nan
18,18,0,Vila Assunção//pharmacy,nan,nan
18,18,0,Vila Assunção//gas_station,nan,nan
18,18,0,Vila Assunção//hospital,nan,nan
18,18,0,Vila Conceição//home,0.23072646404744254,0.2213985668396343
18,18,0,Vila Conceição//work,0.423841059602649,0.6666666666666666
18,18,0,Vila Conceição//school,0.556390977443609,0.6666666666666666
18,18,0,Vila Conceição//marketplace,nan,nan
18,18,0,Vila Conceição//pharmacy,nan,nan
18,18,0,Vila Conceição//gas_station,nan,nan
18,18,0,Vila Ipiranga//home,0.22002637678842618,0.04433431913249673
18,18,0,Vila Ipiranga//work,0.4451067615658363,0.6666666666666666
18,18,0,Vila Ipiranga//school,0.5119047619047619,0.6666666666666666
18,18,0,Vila Ipiranga//marketplace,nan,nan
18,18,0,Vila Ipiranga//pharmacy,nan,nan
18,18,0,Vila Ipiranga//gas_station,nan,nan
18,18,0,Vila Jardim//home,0.16475274156838401,0.1091109731705635
18,18,0,Vila Jardim//work,0.46705292286406086,0.6666666666666666
18,18,0,Vila Jardim//school,0.5519197207678883,0.6666666666666666
18,18,0,Vila Jardim//marketplace,nan,nan
18,18,0,Vila Jardim//pharmacy,nan,nan
18,18,0,Vila Jardim//gas_station,nan,nan
18,18,0,Vila João Pessoa//home,0.21807661612130885,0.0547258009348991
18,18,0,Vila João Pessoa//work,0.4356881039653449,0.6666666666666666
18,18,0,Vila João Pessoa//school,0.5344827586206896,0.6666666666666666
18,18,0,Vila João Pessoa//marketplace,nan,nan
18,18,0,Vila João Pessoa//pharmacy,nan,nan
18,18,0,Vila João Pessoa//gas_station,nan,nan
18,18,0,Vila Nova//home,0.2179192171931549,0.08325514201033615
18,18,0,Vila Nova//work,0.4308571428571429,0.6666666666666666
18,18,0,Vila Nova//school,0.6685684647302904,0.6666666666666666
18,18,0,Vila Nova//marketplace,nan,nan
18,18,0,Vila Nova//pharmacy,nan,nan
18,18,0,Vila Nova//gas_station,nan,nan
18,18,0,Vila Nova//hospital,nan,nan
18,18,0,São José//home,0.28724536333231987,0.05817371034762339
18,18,0,São José//work,0.4733647175421209,0.6666666666666666
18,18,0,São José//school,0.4842233009708738,0.6666666666666666
18,18,0,São José//marketplace,nan,nan
18,18,0,São José//pharmacy,nan,nan
18,18,0,São José//gas_station,nan,nan
19,19,0,Aberta dos Morros//home,0.3397700852492896,0.10970464135021098
19,19,0,Aberta dos Morros//work,0.45671452702702703,0.6666666666666666
19,19,0,Aberta dos Morros//school,0.3814102564102564,0.6666666666666666
19,19,0,Aberta dos Morros//marketplace,nan,nan
19,19,0,Aberta dos Morros//pharmacy,nan,nan
19,19,0,Aberta dos Morros//gas_station,nan,nan
19,19,0,Agronomia//home,0.23120525059665872,0.10898965791567224
19,19,0,Agronomia//work,0.4538161318300087,0.6666666666666666
19,19,0,Agronomia//school,0.4077825159914712,0.6666666666666666
19,19,0,Agronomia//marketplace,nan,nan
19,19,0,Agronomia//pharmacy,nan,nan
19,19,0,Agronomia//gas_station,nan,nan
19,19,0,Anchieta//home,0.38817097415506957,0.12856196156394964
19,19,0,Anchieta//work,0.44378766805748726,0.6666666666666666
19,19,0,Anchieta//school,0.5509259259259259,0.6666666666666666
19,19,0,Anchieta//marketplace,nan,nan
19,19,0,Anchieta//pharmacy,nan,nan
19,19,0,Anchieta//gas_station,nan,nan
19,19,0,Arquipélago//home,0.3684706515885837,0.125411356429127
19,19,0,Arquipélago//work,0.4622347066167291,0.6666666666666666
19,19,0,Arquipélago//school,0.5170454545454546,0.6666666666666666
19,19,0,Arquipélago//marketplace,nan,nan
19,19,0,Arquipélago//pharmacy,nan,nan
19,19,0,Arquipélago//gas_station,nan,nan
19,19,0,Auxiliadora//home,0.27036402955487476,0.1190604913798282
19,19,0,Auxiliadora//work,0.42962519936204147,0.6666666666666666
19,19,0,Auxiliadora//school,0.32154742096505823,0.6666666666666666
19,19,0,Auxiliadora//marketplace,nan,nan
19,19,0,Auxiliadora//pharmacy,nan,nan
19,19,0,Auxiliadora//gas_station,nan,nan
19,19,0,Azenha//home,0.15583443153228704,0.0997563995048121
19,19,0,Azenha//work,0.4308731808731809,0.6666666666666666
19,19,0,Azenha//school,0.5379581151832461,0.6666666666666666
19,19,0,Azenha//marketplace,nan,nan
19,19,0,Azenha//pharmacy,nan,nan
19,19,0,Azenha//gas_station,nan,nan
19,19,0,Azenha//hospital,nan,nan
19,19,0,Azenha//shopping_mall,nan,nan
19,19,0,Bela Vista//home,0.23221053918571952,0.08721522598524677
19,19,0,Bela Vista//work,0.4213780918727915,0.6666666666666666
19,19,0,Bela Vista//school,0.4628953771289538,0.6666666666666666
19,19,0,Bela Vista//marketplace,nan,nan
19,19,0,Bela Vista//pharmacy,nan,nan
19,19,0,Bela Vista//gas_station,nan,nan
19,19,0,Belém Novo//home,0.32756871425936174,0.11892024841665129
19,19,0,Belém Novo//work,0.44139983579638753,0.6666666666666666
19,19,0,Belém Novo//school,0.6178082191780822,0.6666666666666666
19,19,0,Belém Novo//marketplace,nan,nan
19,19,0,Belém Novo//pharmacy,nan,nan
19,19,0,Belém Novo//gas_station,nan,nan
19,19,0,Belém Velho//home,0.396629489913072,0.10168935542069871
19,19,0,Belém Velho//work,0.4537978975924042,0.6666666666666666
19,19,0,Belém Velho//school,0.5928270042194093,0.6666666666666666
19,19,0,Belém Velho//marketplace,nan,nan
19,19,0,Belém Velho//pharmacy,nan,nan
19,19,0,Belém Velho//gas_station,nan,nan
19,19,0,Boa Vista//home,0.20569620253164558,0.18870944274698093
19,19,0,Boa Vista//work,0.4383079574834818,0.6666666666666666
19,19,0,Boa Vista//school,0.678006329113924,0.6666666666666666
19,19,0,Boa Vista//marketplace,nan,nan
19,19,0,Boa Vista//pharmacy,nan,nan
19,19,0,Boa Vista//gas_station,nan,nan
19,19,0,Boa Vista do Sul//home,0.3660064672594988,0.1848558340070062
19,19,0,Boa Vista do Sul//work,0.46628029504741836,0.6666666666666666
19,19,0,Boa Vista do Sul//school,0.48952095808383234,0.6666666666666666
19,19,0,Boa Vista do Sul//marketplace,nan,nan
19,19,0,Boa Vista do Sul//pharmacy,nan,nan
19,19,0,Boa Vista do Sul//gas_station,nan,nan
19,19,0,Bom Fim//home,0.12020541719687329,0.19608556020117554
19,19,0,Bom Fim//work,0.4298685575925285,0.6666666666666666
19,19,0,Bom Fim//school,0.3380245649948823,0.6666666666666666
19,19,0,Bom Fim//marketplace,nan,nan
19,19,0,Bom Fim//pharmacy,nan,nan
19,19,0,Bom Fim//gas_station,nan,nan
19,19,0,Bom Jesus//home,0.413776433160751,0.10849811822926414
19,19,0,Bom Jesus//work,0.44009584664536744,0.6666666666666666
19,19,0,Bom Jesus//school,0.6113678373382625,0.6666666666666666
19,19,0,Bom Jesus//marketplace,nan,nan
19,19,0,Bom Jesus//pharmacy,nan,nan
19,19,0,Bom Jesus//gas_station,nan,nan
19,19,0,Camaquã//home,0.24282864741641338,0.07826747720364742
19,19,0,Camaquã//work,0.4781754692274116,0.6666666666666666
19,19,0,Camaquã//school,0.5105105105105106,0.6666666666666666
19,19,0,Camaquã//marketplace,nan,nan
19,19,0,Camaquã//pharmacy,nan,nan
19,19,0,Camaquã//gas_station,nan,nan
19,19,0,Campo Novo//home,0.2956783369803063,0.08825674690007294
19,19,0,Campo Novo//work,0.47544642857142855,0.6666666666666666
19,19,0,Campo Novo//school,0.37405200433369445,0.6666666666666666
19,19,0,Campo Novo//marketplace,nan,nan
19,19,0,Campo Novo//pharmacy,nan,nan
19,19,0,Campo Novo//gas_station,nan,nan
19,19,0,Cascata//home,0.4046554806766607,0.11066795030486407
19,19,0,Cascata//work,0.45267131242741,0.6666666666666666
19,19,0,Cascata//school,0.6087360594795539,0.6666666666666666
19,19,0,Cascata//marketplace,nan,nan
19,19,0,Cascata//pharmacy,nan,nan
19,19,0,Cascata//gas_station,nan,nan
19,19,0,Cavalhada//home,0.24388872874027098,0.10662054386470644
19,19,0,Cavalhada//work,0.4311035758323058,0.6666666666666666
19,19,0,Cavalhada//school,0.5168195718654435,0.6666666666666666
19,19,0,Cavalhada//marketplace,nan,nan
19,19,0,Cavalhada//pharmacy,nan,nan
19,19,0,Cavalhada//gas_station,nan,nan
19,19,0,Cavalhada//shopping_mall,nan,nan
19,19,0,Centro Histórico//home,0.18386719076691477,0.092247219202141
19,19,0,Centro Histórico//work,0.4271731917717319,0.6666666666666666
19,19,0,Centro Histórico//school,0.4040284360189573,0.6666666666666666
19,19,0,Centro Histórico//marketplace,nan,nan
19,19,0,Centro Histórico//pharmacy,nan,nan
19,19,0,Centro Histórico//gas_station,nan,nan
19,19,0,Centro Histórico//hospital,nan,nan
19,19,0,Centro Histórico//shopping_mall,nan,nan
19,19,0,Chácara das Pedras//home,0.18944265809217578,0.11789924973204716
19,19,0,Chácara das Pedras//work,0.4432044639298525,0.6666666666666666
19,19,0,Chácara das Pedras//school,0.4246031746031746,0.6666666666666666
19,19,0,Chácara das Pedras//marketplace,nan,nan
19,19,0,Chácara das Pedras//pharmacy,nan,nan
19,19,0,Chácara das Pedras//gas_station,nan,nan
19,19,0,Chapéu do Sol//home,0.5325751734772552,0.20560267283474684
19,19,0,Chapéu do Sol//work,0.4915672029060716,0.6666666666666666
19,19,0,Chapéu do Sol//school,0.6530898876404494,0.6666666666666666
19,19,0,Chapéu do Sol//marketplace,nan,nan
19,19,0,Chapéu do Sol//pharmacy,nan,nan
19,19,0,Chapéu do Sol//gas_station,nan,nan
19,19,0,Cidade Baixa//home,0.21720419469726948,0.04788286505738029
19,19,0,Cidade Baixa//work,0.4340359512090734,0.6666666666666666
19,19,0,Cidade Baixa//school,0.32983193277310924,0.6666666666666666
19,19,0,Cidade Baixa//marketplace,nan,nan
19,19,0,Cidade Baixa//pharmacy,nan,nan
19,19,0,Cidade Baixa//gas_station,nan,nan
19,19,0,Cel. Aparício Borges//home,0.3819249251972074,0.1222232296672409
19,19,0,Cel. Aparício Borges//work,0.4385186263096624,0.6666666666666666
19,19,0,Cel. Aparício Borges//school,0.5008196721311475,0.6666666666666666
19,19,0,Cel. Aparício Borges//marketplace,nan,nan
19,19,0,Cel. Aparício Borges//pharmacy,nan,nan
19,19,0,Cel. Aparício Borges//gas_station,nan,nan
19,19,0,Costa e Silva//home,0.391003175993867,0.09907640638119228
19,19,0,Costa e Silva//work,0.4598798161894662,0.6666666666666666
19,19,0,Costa e Silva//school,0.362396694214876,0.6666666666666666
19,19,0,Costa e Silva//marketplace,nan,nan
19,19,0,Costa e Silva//pharmacy,nan,nan
19,19,0,Costa e Silva//gas_station,nan,nan
19,19,0,Cristal//home,0.3268294131622713,0.12536627860932922
19,19,0,Cristal//work,0.4571491036292086,0.6666666666666666
19,19,0,Cristal//school,0.36338868707836014,0.6666666666666666
19,19,0,Cristal//marketplace,nan,nan
19,19,0,Cristal//pharmacy,nan,nan
19,19,0,Cristal//gas_station,nan,nan
19,19,0,Cristo Redentor//home,0.16685022026431717,0.11945668135095448
19,19,0,Cristo Redentor//work,0.47804878048780486,0.6666666666666666
19,19,0,Cristo Redentor//school,0.46847507331378296,0.6666666666666666
19,19,0,Cristo Redentor//marketplace,nan,nan
19,19,0,Cristo Redentor//pharmacy,nan,nan
19,19,0,Cristo Redentor//gas_station,nan,nan
19,19,0,Cristo Redentor//hospital,nan,nan
19,19,0,Cristo Redentor//shopping_mall,nan,nan
19,19,0,Espírito Santo//home,0.2895271518285925,0.1785494397241719
19,19,0,Espírito Santo//work,0.4643631436314363,0.6666666666666666
19,19,0,Espírito Santo//school,0.40476190476190477,0.6666666666666666
19,19,0,Espírito Santo//marketplace,nan,nan
19,19,0,Espírito Santo//pharmacy,nan,nan
19,19,0,Espírito Santo//gas_station,nan,nan
19,19,0,Extrema//home,0.4394164193867458,0.2334322453016815
19,19,0,Extrema//work,0.4708222811671088,0.6666666666666666
19,19,0,Extrema//school,0.6495098039215687,0.6666666666666666
19,19,0,Extrema//marketplace,nan,nan
19,19,0,Extrema//pharmacy,nan,nan
19,19,0,Extrema//gas_station,nan,nan
19,19,0,Farrapos//home,0.39359245718683855,0.1178885254313386
19,19,0,Farrapos//work,0.45849146110056926,0.6666666666666666
19,19,0,Farrapos//school,0.5440705128205128,0.6666666666666666
19,19,0,Farrapos//marketplace,nan,nan
19,19,0,Farrapos//pharmacy,nan,nan
19,19,0,Farrapos//gas_station,nan,nan
19,19,0,Farrapos//stadium,nan,nan
19,19,0,Farroupilha//home,0.2034510433386838,0.04066345639379347
19,19,0,Farroupilha//work,0.4296517762926486,0.6666666666666666
19,19,0,Farroupilha//school,0.4486947063089195,0.6666666666666666
19,19,0,Farroupilha//marketplace,nan,nan
19,19,0,Farroupilha//pharmacy,nan,nan
19,19,0,Farroupilha//gas_station,nan,nan
19,19,0,Farroupilha//hospital,nan,nan
19,19,0,Floresta//home,0.14675566069618115,0.1828320378506252
19,19,0,Floresta//work,0.41365379348123804,0.6666666666666666
19,19,0,Floresta//school,0.34448275862068967,0.6666666666666666
19,19,0,Floresta//marketplace,nan,nan
19,19,0,Floresta//pharmacy,nan,nan
19,19,0,Floresta//gas_station,nan,nan
19,19,0,Glória//home,0.23294100829124179,0.05876933828901808
19,19,0,Glória//work,0.4355629658689682,0.6666666666666666
19,19,0,Glória//school,0.4979050279329609,0.6666666666666666
19,19,0,Glória//marketplace,nan,nan
19,19,0,Glória//pharmacy,nan,nan
19,19,0,Glória//gas_station,nan,nan
19,19,0,Glória//hospital,nan,nan
19,19,0,Guarujá//home,0.24381953028430162,0.061598681499793986
19,19,0,Guarujá//work,0.46963394342762066,0.6666666666666666
19,19,0,Guarujá//school,0.5184948979591837,0.6666666666666666
19,19,0,Guarujá//marketplace,nan,nan
19,19,0,Guarujá//pharmacy,nan,nan
19,19,0,Guarujá//gas_station,nan,nan
19,19,0,Higienópolis//home,0.23328071182548796,0.09596249521622656
19,19,0,Higienópolis//work,0.4520251671254424,0.6666666666666666
19,19,0,Higienópolis//school,0.3098991172761665,0.6666666666666666
19,19,0,Higienópolis//marketplace,nan,nan
19,19,0,Higienópolis//pharmacy,nan,nan
19,19,0,Higienópolis//gas_station,nan,nan
19,19,0,Hípica//home,0.30081015266460615,0.10552277481190098
19,19,0,Hípica//work,0.45989372469635625,0.6666666666666666
19,19,0,Hípica//school,0.40978050355067785,0.6666666666666666
19,19,0,Hípica//marketplace,nan,nan
19,19,0,Hípica//pharmacy,nan,nan
19,19,0,Hípica//gas_station,nan,nan
19,19,0,Humaitá//home,0.2600344742674218,0.09718460149388493
19,19,0,Humaitá//work,0.4658908507223114,0.6666666666666666
19,19,0,Humaitá//school,0.48487544483985767,0.6666666666666666
19,19,0,Humaitá//marketplace,nan,nan
19,19,0,Humaitá//pharmacy,nan,nan
19,19,0,Humaitá//gas_station,nan,nan
19,19,0,Independência//home,0.17732946946054393,0.221429632932085
19,19,0,Independência//work,0.40668004587155965,0.6666666666666666
19,19,0,Independência//school,0.4827188940092166,0.6666666666666666
19,19,0,Independência//marketplace,nan,nan
19,19,0,Independência//pharmacy,nan,nan
19,19,0,Independência//gas_station,nan,nan
19,19,0,Independência//hospital,nan,nan
19,19,0,Independência//shopping_mall,nan,nan
19,19,0,Ipanema//home,0.22030758298649883,0.10415186275505024
19,19,0,Ipanema//work,0.4446553738317757,0.6666666666666666
19,19,0,Ipanema//school,0.6436781609195402,0.6666666666666666
19,19,0,Ipanema//marketplace,nan,nan
19,19,0,Ipanema//pharmacy,nan,nan
19,19,0,Ipanema//gas_station,nan,nan
19,19,0,Jardim Botânico//home,0.19461573598264245,0.09211678276426478
19,19,0,Jardim Botânico//work,0.46673976608187134,0.6666666666666666
19,19,0,Jardim Botânico//school,0.4003623188405797,0.6666666666666666
19,19,0,Jardim Botânico//marketplace,nan,nan
19,19,0,Jardim Botânico//pharmacy,nan,nan
19,19,0,Jardim Botânico//gas_station,nan,nan
19,19,0,Jardim Botânico//hospital,nan,nan
19,19,0,Jardim Botânico//shopping_mall,nan,nan
19,19,0,Jardim Carvalho//home,0.2992181491925147,0.08972058446552166
19,19,0,Jardim Carvalho//work,0.45001660577881103,0.6666666666666666
19,19,0,Jardim Carvalho//school,0.5155339805825243,0.6666666666666666
19,19,0,Jardim Carvalho//marketplace,nan,nan
19,19,0,Jardim Carvalho//pharmacy,nan,nan
19,19,0,Jardim Carvalho//gas_station,nan,nan
19,19,0,Jardim Carvalho//hospital,nan,nan
19,19,0,Jardim do Salso//home,0.2175876726886291,0.03896563939071909
19,19,0,Jardim do Salso//work,0.4575289575289575,0.6666666666666666
19,19,0,Jardim do Salso//school,0.5173545966228893,0.6666666666666666
19,19,0,Jardim do Salso//marketplace,nan,nan
19,19,0,Jardim do Salso//pharmacy,nan,nan
19,19,0,Jardim do Salso//gas_station,nan,nan
19,19,0,Jardim Leopoldina//home,0.2196760574815296,0.1055451814565235
19,19,0,Jardim Leopoldina//work,0.44165316045380876,0.6666666666666666
19,19,0,Jardim Leopoldina//school,0.3274468085106383,0.6666666666666666
19,19,0,Jardim Leopoldina//marketplace,nan,nan
19,19,0,Jardim Leopoldina//pharmacy,nan,nan
19,19,0,Jardim Leopoldina//gas_station,nan,nan
19,19,0,Jardim Europa//home,0.6213872832369942,0.5240847784200385
19,19,0,Jardim Europa//work,0.43097774992165466,0.6666666666666666
19,19,0,Jardim Europa//school,0.5743243243243243,0.6666666666666666
19,19,0,Jardim Europa//marketplace,nan,nan
19,19,0,Jardim Europa//pharmacy,nan,nan
19,19,0,Jardim Europa//gas_station,nan,nan
19,19,0,Jardim Europa//shopping_mall,nan,nan
19,19,0,Jardim Floresta//home,0.2817513368983957,0.32085561497326204
19,19,0,Jardim Floresta//work,0.4290108849976337,0.6666666666666666
19,19,0,Jardim Floresta//school,0.5978260869565217,0.6666666666666666
19,19,0,Jardim Floresta//marketplace,nan,nan
19,19,0,Jardim Floresta//pharmacy,nan,nan
19,19,0,Jardim Floresta//gas_station,nan,nan
19,19,0,Jardim Isabel//home,0.2542563845768653,0.06776831914538474
19,19,0,Jardim Isabel//work,0.45241084881968857,0.6666666666666666
19,19,0,Jardim Isabel//school,0.6435779816513761,0.6666666666666666
19,19,0,Jardim Isabel//marketplace,nan,nan
19,19,0,Jardim Isabel//pharmacy,nan,nan
19,19,0,Jardim Isabel//gas_station,nan,nan
19,19,0,Jardim Itú//home,0.277813009603189,0.10654104004348613
19,19,0,Jardim Itú//work,0.4340022611644997,0.6666666666666666
19,19,0,Jardim Itú//school,0.5611432706222865,0.6666666666666666
19,19,0,Jardim Itú//marketplace,nan,nan
19,19,0,Jardim Itú//pharmacy,nan,nan
19,19,0,Jardim Itú//gas_station,nan,nan
19,19,0,Jardim Lindóia//home,0.22839771101573678,0.17224606580829757
19,19,0,Jardim Lindóia//work,0.42724458204334365,0.6666666666666666
19,19,0,Jardim Lindóia//school,0.5388888888888889,0.6666666666666666
19,19,0,Jardim Lindóia//marketplace,nan,nan
19,19,0,Jardim Lindóia//pharmacy,nan,nan
19,19,0,Jardim Lindóia//gas_station,nan,nan
19,19,0,Jardim Lindóia//shopping_mall,nan,nan
19,19,0,Jardim Sabará//home,0.26106012472055534,0.18370788720241596
19,19,0,Jardim Sabará//work,0.4555094009619589,0.6666666666666666
19,19,0,Jardim Sabará//school,0.46598414795244386,0.6666666666666666
19,19,0,Jardim Sabará//marketplace,nan,nan
19,19,0,Jardim Sabará//pharmacy,nan,nan
19,19,0,Jardim Sabará//gas_station,nan,nan
19,19,0,Jardim São Pedro//home,0.20119705340699817,0.03756906077348066
19,19,0,Jardim São Pedro//work,0.43013100436681223,0.6666666666666666
19,19,0,Jardim São Pedro//school,0.6492395437262357,0.6666666666666666
19,19,0,Jardim São Pedro//marketplace,nan,nan
19,19,0,Jardim São Pedro//pharmacy,nan,nan
19,19,0,Jardim São Pedro//gas_station,nan,nan
19,19,0,Lageado//home,0.3481735159817352,0.043086289661632124
19,19,0,Lageado//work,0.467797783933518,0.6666666666666666
19,19,0,Lageado//school,0.5625,0.6666666666666666
19,19,0,Lageado//marketplace,nan,nan
19,19,0,Lageado//pharmacy,nan,nan
19,19,0,Lageado//gas_station,nan,nan
19,19,0,Lami//home,0.5250826901874311,0.3737596471885336
19,19,0,Lami//work,0.4693698949824971,0.6666666666666666
19,19,0,Lami//school,0.42696629213483145,0.6666666666666666
19,19,0,Lami//marketplace,nan,nan
19,19,0,Lami//pharmacy,nan,nan
19,19,0,Lami//gas_station,nan,nan
19,19,0,Lomba do Pinheiro//home,0.41026731107729947,0.11726682379148144
19,19,0,Lomba do Pinheiro//work,0.45406295754026355,0.6666666666666666
19,19,0,Lomba do Pinheiro//school,0.40401897154268596,0.6666666666666666
19,19,0,Lomba do Pinheiro//marketplace,nan,nan
19,19,0,Lomba do Pinheiro//pharmacy,nan,nan
19,19,0,Lomba do Pinheiro//gas_station,nan,nan
19,19,0,Mário Quintana//home,0.43808897189914253,0.09369782381073662
19,19,0,Mário Quintana//work,0.4853859605296028,0.6666666666666666
19,19,0,Mário Quintana//school,0.44292803970223327,0.6666666666666666
19,19,0,Mário Quintana//marketplace,nan,nan
19,19,0,Mário Quintana//pharmacy,nan,nan
19,19,0,Mário Quintana//gas_station,nan,nan
19,19,0,Medianeira//home,0.21002284408909194,0.0653912050256996
19,19,0,Medianeira//work,0.440661265601051,0.6666666666666666
19,19,0,Medianeira//school,0.5395114942528736,0.6666666666666666
19,19,0,Medianeira//marketplace,nan,nan
19,19,0,Medianeira//pharmacy,nan,nan
19,19,0,Medianeira//gas_station,nan,nan
19,19,0,Menino Deus//home,0.17934445634406176,0.12945531067395674
19,19,0,Menino Deus//work,0.43944906444906445,0.6666666666666666
19,19,0,Menino Deus//school,0.44659442724458204,0.6666666666666666
19,19,0,Menino Deus//marketplace,nan,nan
19,19,0,Menino Deus//pharmacy,nan,nan
19,19,0,Menino Deus//gas_station,nan,nan
19,19,0,Menino Deus//hospital,nan,nan
19,19,0,Moinhos de Vento//home,0.23748964374482187,0.1451532725766363
19,19,0,Moinhos de Vento//work,0.4537200282087447,0.6666666666666666
19,19,0,Moinhos de Vento//school,0.6247993579454254,0.6666666666666666
19,19,0,Moinhos de Vento//marketplace,nan,nan
19,19,0,Moinhos de Vento//pharmacy,nan,nan
19,19,0,Moinhos de Vento//gas_station,nan,nan
19,19,0,Moinhos de Vento//hospital,nan,nan
19,19,0,Moinhos de Vento//shopping_mall,nan,nan
19,19,0,Mont'Serrat//home,0.20233167770419427,0.04746136865342163
19,19,0,Mont'Serrat//work,0.437232905982906,0.6666666666666666
19,19,0,Mont'Serrat//school,0.50875,0.6666666666666666
19,19,0,Mont'Serrat//marketplace,nan,nan
19,19,0,Mont'Serrat//pharmacy,nan,nan
19,19,0,Mont'Serrat//gas_station,nan,nan
19,19,0,Morro Santana//home,0.28965675247854705,0.10080813130050821
19,19,0,Morro Santana//work,0.4609169732002102,0.6666666666666666
19,19,0,Morro Santana//school,0.6252462245567958,0.6666666666666666
19,19,0,Morro Santana//marketplace,nan,nan
19,19,0,Morro Santana//pharmacy,nan,nan
19,19,0,Morro Santana//gas_station,nan,nan
19,19,0,Navegantes//home,0.2063174382178907,0.040607959159995356
19,19,0,Navegantes//work,0.42530333670374115,0.6666666666666666
19,19,0,Navegantes//school,0.3581242532855436,0.6666666666666666
19,19,0,Navegantes//marketplace,nan,nan
19,19,0,Navegantes//pharmacy,nan,nan
19,19,0,Navegantes//gas_station,nan,nan
19,19,0,Navegantes//shopping_mall,nan,nan
19,19,0,Nonoai//home,0.23977379489773795,0.11380116113801161
19,19,0,Nonoai//work,0.4454346826126955,0.6666666666666666
19,19,0,Nonoai//school,0.34356477561388654,0.6666666666666666
19,19,0,Nonoai//marketplace,nan,nan
19,19,0,Nonoai//pharmacy,nan,nan
19,19,0,Nonoai//gas_station,nan,nan
19,19,0,Parque Santa Fé//home,0.2975,0.09666666666666666
19,19,0,Parque Santa Fé//work,0.4556037251123956,0.6666666666666666
19,19,0,Parque Santa Fé//school,0.465,0.6666666666666666
19,19,0,Parque Santa Fé//marketplace,nan,nan
19,19,0,Parque Santa Fé//pharmacy,nan,nan
19,19,0,Parque Santa Fé//gas_station,nan,nan
19,19,0,Partenon//home,0.2355489198554892,0.10091179434245127
19,19,0,Partenon//work,0.4431133968891119,0.6666666666666666
19,19,0,Partenon//school,0.4343039772727273,0.6666666666666666
19,19,0,Partenon//marketplace,nan,nan
19,19,0,Partenon//pharmacy,nan,nan
19,19,0,Partenon//gas_station,nan,nan
19,19,0,Passo D'Areia//home,0.06917542888765911,0.12488470761852057
19,19,0,Passo D'Areia//work,0.4392134831460674,0.6666666666666666
19,19,0,Passo D'Areia//school,0.5290262172284644,0.6666666666666666
19,19,0,Passo D'Areia//marketplace,nan,nan
19,19,0,Passo D'Areia//pharmacy,nan,nan
19,19,0,Passo D'Areia//gas_station,nan,nan
19,19,0,Passo das Pedras//home,0.3256223346226321,0.05699361962378922
19,19,0,Passo das Pedras//work,0.4453106115542664,0.6666666666666666
19,19,0,Passo das Pedras//school,0.41503667481662593,0.6666666666666666
19,19,0,Passo das Pedras//marketplace,nan,nan
19,19,0,Passo das Pedras//pharmacy,nan,nan
19,19,0,Passo das Pedras//gas_station,nan,nan
19,19,0,Pedra Redonda//home,0.30656934306569344,0.22384428223844283
19,19,0,Pedra Redonda//work,0.44306418219461696,0.6666666666666666
19,19,0,Pedra Redonda//school,0.6781767955801105,0.6666666666666666
19,19,0,Pedra Redonda//marketplace,nan,nan
19,19,0,Pedra Redonda//pharmacy,nan,nan
19,19,0,Pedra Redonda//gas_station,nan,nan
19,19,0,Petrópolis//home,0.19892112641716445,0.09449117531526406
19,19,0,Petrópolis//work,0.43224022125642036,0.6666666666666666
19,19,0,Petrópolis//school,0.5081726739312658,0.6666666666666666
19,19,0,Petrópolis//marketplace,nan,nan
19,19,0,Petrópolis//pharmacy,nan,nan
19,19,0,Petrópolis//gas_station,nan,nan
19,19,0,Pitinga//home,0.37525987525987525,0.042042042042042045
19,19,0,Pitinga//work,0.48539719626168226,0.6666666666666666
19,19,0,Pitinga//school,0.5601449275362319,0.6666666666666666
19,19,0,Pitinga//marketplace,nan,nan
19,19,0,Pitinga//pharmacy,nan,nan
19,19,0,Pitinga//gas_station,nan,nan
19,19,0,Ponta Grossa//home,0.4177267373380448,0.21154299175500588
19,19,0,Ponta Grossa//work,0.46201567261645626,0.6666666666666666
19,19,0,Ponta Grossa//school,0.6446015424164524,0.6666666666666666
19,19,0,Ponta Grossa//marketplace,nan,nan
19,19,0,Ponta Grossa//pharmacy,nan,nan
19,19,0,Ponta Grossa//gas_station,nan,nan
19,19,0,Praia de Belas//home,0.3191333982473223,0.35118468029860433
19,19,0,Praia de Belas//work,0.44358974358974357,0.6666666666666666
19,19,0,Praia de Belas//school,0.3893643031784841,0.6666666666666666
19,19,0,Praia de Belas//marketplace,nan,nan
19,19,0,Praia de Belas//pharmacy,nan,nan
19,19,0,Praia de Belas//gas_station,nan,nan
19,19,0,Praia de Belas//stadium,nan,nan
19,19,0,Praia de Belas//shopping_mall,nan,nan
19,19,0,Restinga//home,0.3723634437887729,0.09373077117062592
19,19,0,Restinga//work,0.45365440464666024,0.6666666666666666
19,19,0,Restinga//school,0.5181623931623932,0.6666666666666666
19,19,0,Restinga//marketplace,nan,nan
19,19,0,Restinga//pharmacy,nan,nan
19,19,0,Restinga//gas_station,nan,nan
19,19,0,Restinga//hospital,nan,nan
19,19,0,Rio Branco//home,0.1614565292691375,0.06442674056113613
19,19,0,Rio Branco//work,0.4171995960955907,0.6666666666666666
19,19,0,Rio Branco//school,0.4387608069164265,0.6666666666666666
19,19,0,Rio Branco//marketplace,nan,nan
19,19,0,Rio Branco//pharmacy,nan,nan
19,19,0,Rio Branco//gas_station,nan,nan
19,19,0,Rio Branco//hospital,nan,nan
19,19,0,Rubem Berta//home,0.23272047435727244,0.12074280572886706
19,19,0,Rubem Berta//work,0.43154616511968735,0.6666666666666666
19,19,0,Rubem Berta//school,0.599483204134367,0.6666666666666666
19,19,0,Rubem Berta//marketplace,nan,nan
19,19,0,Rubem Berta//pharmacy,nan,nan
19,19,0,Rubem Berta//gas_station,nan,nan
19,19,0,Santa Cecília//home,0.14498607242339834,0.10659238625812442
19,19,0,Santa Cecília//work,0.4510550996483001,0.6666666666666666
19,19,0,Santa Cecília//school,0.3442622950819672,0.6666666666666666
19,19,0,Santa Cecília//marketplace,nan,nan
19,19,0,Santa Cecília//pharmacy,nan,nan
19,19,0,Santa Cecília//gas_station,nan,nan
19,19,0,Santa Cecília//hospital,nan,nan
19,19,0,Santa Maria Goretti//home,0.447220867869332,0.08971233544612384
19,19,0,Santa Maria Goretti//work,0.4449152542372881,0.6666666666666666
19,19,0,Santa Maria Goretti//school,0.49074074074074076,0.6666666666666666
19,19,0,Santa Maria Goretti//marketplace,nan,nan
19,19,0,Santa Maria Goretti//pharmacy,nan,nan
19,19,0,Santa Maria Goretti//gas_station,nan,nan
19,19,0,Santa Rosa de Lima//home,0.31873836126629423,0.09813780260707634
19,19,0,Santa Rosa de Lima//work,0.43512521588946457,0.6666666666666666
19,19,0,Santa Rosa de Lima//school,0.48466833541927407,0.6666666666666666
19,19,0,Santa Rosa de Lima//marketplace,nan,nan
19,19,0,Santa Rosa de Lima//pharmacy,nan,nan
19,19,0,Santa Rosa de Lima//gas_station,nan,nan
19,19,0,Santa Tereza//home,0.31283058182401025,0.08289255756798632
19,19,0,Santa Tereza//work,0.44387952740654657,0.6666666666666666
19,19,0,Santa Tereza//school,0.4516491754122939,0.6666666666666666
19,19,0,Santa Tereza//marketplace,nan,nan
19,19,0,Santa Tereza//pharmacy,nan,nan
19,19,0,Santa Tereza//gas_station,nan,nan
19,19,0,Santana//home,0.1221629403794038,0.08824525745257453
19,19,0,Santana//work,0.43317972350230416,0.6666666666666666
19,19,0,Santana//school,0.5032808398950132,0.6666666666666666
19,19,0,Santana//marketplace,nan,nan
19,19,0,Santana//pharmacy,nan,nan
19,19,0,Santana//gas_station,nan,nan
19,19,0,Santana//hospital,nan,nan
19,19,0,Santo Antônio//home,0.19136912406884152,0.09375802722835859
19,19,0,Santo Antônio//work,0.4383241173968524,0.6666666666666666
19,19,0,Santo Antônio//school,0.5251396648044693,0.6666666666666666
19,19,0,Santo Antônio//marketplace,nan,nan
19,19,0,Santo Antônio//pharmacy,nan,nan
19,19,0,Santo Antônio//gas_station,nan,nan
19,19,0,São Caetano//home,0.24523052464228934,0.13142554319024907
19,19,0,São Caetano//work,0.4276289078359724,0.6666666666666666
19,19,0,São Caetano//school,0.5540540540540541,0.6666666666666666
19,19,0,São Caetano//marketplace,nan,nan
19,19,0,São Caetano//pharmacy,nan,nan
19,19,0,São Caetano//gas_station,nan,nan
19,19,0,São Geraldo//home,0.2003835684236575,0.19747587230883445
19,19,0,São Geraldo//work,0.41127292340884575,0.6666666666666666
19,19,0,São Geraldo//school,0.35786724031960665,0.6666666666666666
19,19,0,São Geraldo//marketplace,nan,nan
19,19,0,São Geraldo//pharmacy,nan,nan
19,19,0,São Geraldo//gas_station,nan,nan
19,19,0,São João//home,0.18454160438465372,0.13477827603388143
19,19,0,São João//work,0.430984952120383,0.6666666666666666
19,19,0,São João//school,0.3292019347037485,0.6666666666666666
19,19,0,São João//marketplace,nan,nan
19,19,0,São João//pharmacy,nan,nan
19,19,0,São João//gas_station,nan,nan
19,19,0,São João//shopping_mall,nan,nan
19,19,0,São Sebastião//home,0.29545454545454547,0.05550699300699301
19,19,0,São Sebastião//work,0.46251018744906275,0.6666666666666666
19,19,0,São Sebastião//school,0.6433333333333333,0.6666666666666666
19,19,0,São Sebastião//marketplace,nan,nan
19,19,0,São Sebastião//pharmacy,nan,nan
19,19,0,São Sebastião//gas_station,nan,nan
19,19,0,São Sebastião//shopping_mall,nan,nan
19,19,0,Sarandi//home,0.19668412398757687,0.11262001908125774
19,19,0,Sarandi//work,0.44532967032967036,0.6666666666666666
19,19,0,Sarandi//school,0.5124854819976771,0.6666666666666666
19,19,0,Sarandi//marketplace,nan,nan
19,19,0,Sarandi//pharmacy,nan,nan
19,19,0,Sarandi//gas_station,nan,nan
19,19,0,Sarandi//shopping_mall,nan,nan
19,19,0,Serraria//home,0.39399574920297553,0.2425315857834455
19,19,0,Serraria//work,0.4577380952380952,0.6666666666666666
19,19,0,Serraria//school,0.38254237288135595,0.6666666666666666
19,19,0,Serraria//marketplace,nan,nan
19,19,0,Serraria//pharmacy,nan,nan
19,19,0,Serraria//gas_station,nan,nan
19,19,0,Sétimo Céu//home,0.3091798695246971,0.12301957129543337
19,19,0,Sétimo Céu//work,0.44666392092257,0.6666666666666666
19,19,0,Sétimo Céu//school,0.5966312056737588,0.6666666666666666
19,19,0,Sétimo Céu//marketplace,nan,nan
19,19,0,Sétimo Céu//pharmacy,nan,nan
19,19,0,Sétimo Céu//gas_station,nan,nan
19,19,0,Teresópolis//home,0.2596663720724702,0.08440123729562528
19,19,0,Teresópolis//work,0.4359744648892227,0.6666666666666666
19,19,0,Teresópolis//school,0.43810289389067525,0.6666666666666666
19,19,0,Teresópolis//marketplace,nan,nan
19,19,0,Teresópolis//pharmacy,nan,nan
19,19,0,Teresópolis//gas_station,nan,nan
19,19,0,Teresópolis//hospital,nan,nan
19,19,0,Três Figueiras//home,0.1812159709618875,0.0735632183908046
19,19,0,Três Figueiras//work,0.4440071803369235,0.6666666666666666
19,19,0,Três Figueiras//school,0.3609107303877367,0.6666666666666666
19,19,0,Três Figueiras//marketplace,nan,nan
19,19,0,Três Figueiras//pharmacy,nan,nan
19,19,0,Três Figueiras//gas_station,nan,nan
19,19,0,Três Figueiras//shopping_mall,nan,nan
19,19,0,Tristeza//home,0.23402111324376199,0.06487523992322457
19,19,0,Tristeza//work,0.44046489563567365,0.6666666666666666
19,19,0,Tristeza//school,0.6331360946745562,0.6666666666666666
19,19,0,Tristeza//marketplace,nan,nan
19,19,0,Tristeza//pharmacy,nan,nan
19,19,0,Tristeza//gas_station,nan,nan
19,19,0,Vila Assunção//home,0.20299455535390198,0.051058681185722925
19,19,0,Vila Assunção//work,0.4483539094650206,0.6666666666666666
19,19,0,Vila Assunção//school,0.34066901408450706,0.6666666666666666
19,19,0,Vila Assunção//marketplace,nan,nan
19,19,0,Vila Assunção//pharmacy,nan,nan
19,19,0,Vila Assunção//gas_station,nan,nan
19,19,0,Vila Assunção//hospital,nan,nan
19,19,0,Vila Conceição//home,0.23072646404744254,0.2213985668396343
19,19,0,Vila Conceição//work,0.423841059602649,0.6666666666666666
19,19,0,Vila Conceição//school,0.556390977443609,0.6666666666666666
19,19,0,Vila Conceição//marketplace,nan,nan
19,19,0,Vila Conceição//pharmacy,nan,nan
19,19,0,Vila Conceição//gas_station,nan,nan
19,19,0,Vila Ipiranga//home,0.2811102654362097,0.12989566485903656
19,19,0,Vila Ipiranga//work,0.4428449744463373,0.6666666666666666
19,19,0,Vila Ipiranga//school,0.4394366197183099,0.6666666666666666
19,19,0,Vila Ipiranga//marketplace,nan,nan
19,19,0,Vila Ipiranga//pharmacy,nan,nan
19,19,0,Vila Ipiranga//gas_station,nan,nan
19,19,0,Vila Jardim//home,0.16475274156838401,0.1091109731705635
19,19,0,Vila Jardim//work,0.45453153704837723,0.6666666666666666
19,19,0,Vila Jardim//school,0.6192365835222978,0.6666666666666666
19,19,0,Vila Jardim//marketplace,nan,nan
19,19,0,Vila Jardim//pharmacy,nan,nan
19,19,0,Vila Jardim//gas_station,nan,nan
19,19,0,Vila João Pessoa//home,0.23067572621867596,0.12217927939159706
19,19,0,Vila João Pessoa//work,0.43546065259117084,0.6666666666666666
19,19,0,Vila João Pessoa//school,0.509272997032641,0.6666666666666666
19,19,0,Vila João Pessoa//marketplace,nan,nan
19,19,0,Vila João Pessoa//pharmacy,nan,nan
19,19,0,Vila João Pessoa//gas_station,nan,nan
19,19,0,Vila Nova//home,0.23190097545189775,0.09384679395312283
19,19,0,Vila Nova//work,0.4308571428571429,0.6666666666666666
19,19,0,Vila Nova//school,0.41248541423570595,0.6666666666666666
19,19,0,Vila Nova//marketplace,nan,nan
19,19,0,Vila Nova//pharmacy,nan,nan
19,19,0,Vila Nova//gas_station,nan,nan
19,19,0,Vila Nova//hospital,nan,nan
19,19,0,São José//home,0.3019592226823829,0.0821917808219178
19,19,0,São José//work,0.4714611872146119,0.6666666666666666
19,19,0,São José//school,0.506797583081571,0.6666666666666666
19,19,0,São José//marketplace,nan,nan
19,19,0,São José//pharmacy,nan,nan
19,19,0,São José//gas_station,nan,nan
20,20,0,Aberta dos Morros//home,0.3648853907760287,0.1522599650188714
20,20,0,Aberta dos Morros//work,0.45540488922841865,0.6666666666666666
20,20,0,Aberta dos Morros//school,0.3814102564102564,0.6666666666666666
20,20,0,Aberta dos Morros//marketplace,nan,nan
20,20,0,Aberta dos Morros//pharmacy,nan,nan
20,20,0,Aberta dos Morros//gas_station,nan,nan
20,20,0,Agronomia//home,0.2717391304347826,0.05937353903693315
20,20,0,Agronomia//work,0.45454545454545453,0.6666666666666666
20,20,0,Agronomia//school,0.4077825159914712,0.6666666666666666
20,20,0,Agronomia//marketplace,nan,nan
20,20,0,Agronomia//pharmacy,nan,nan
20,20,0,Agronomia//gas_station,nan,nan
20,20,0,Anchieta//home,0.38817097415506957,0.12856196156394964
20,20,0,Anchieta//work,0.44171779141104295,0.6666666666666666
20,20,0,Anchieta//school,0.5509259259259259,0.6666666666666666
20,20,0,Anchieta//marketplace,nan,nan
20,20,0,Anchieta//pharmacy,nan,nan
20,20,0,Anchieta//gas_station,nan,nan
20,20,0,Arquipélago//home,0.386722420597632,0.09998120654012403
20,20,0,Arquipélago//work,0.4352997145575642,0.6666666666666666
20,20,0,Arquipélago//school,0.5170454545454546,0.6666666666666666
20,20,0,Arquipélago//marketplace,nan,nan
20,20,0,Arquipélago//pharmacy,nan,nan
20,20,0,Arquipélago//gas_station,nan,nan
20,20,0,Auxiliadora//home,0.2602000396118043,0.13085099359609165
20,20,0,Auxiliadora//work,0.42965917331399567,0.6666666666666666
20,20,0,Auxiliadora//school,0.32154742096505823,0.6666666666666666
20,20,0,Auxiliadora//marketplace,nan,nan
20,20,0,Auxiliadora//pharmacy,nan,nan
20,20,0,Auxiliadora//gas_station,nan,nan
20,20,0,Azenha//home,0.15830890786287755,0.10611273947580817
20,20,0,Azenha//work,0.4289077212806026,0.6666666666666666
20,20,0,Azenha//school,0.5379581151832461,0.6666666666666666
20,20,0,Azenha//marketplace,nan,nan
20,20,0,Azenha//pharmacy,nan,nan
20,20,0,Azenha//gas_station,nan,nan
20,20,0,Azenha//hospital,nan,nan
20,20,0,Azenha//shopping_mall,nan,nan
20,20,0,Bela Vista//home,0.222939818155578,0.07870303555106557
20,20,0,Bela Vista//work,0.41942235244872333,0.6666666666666666
20,20,0,Bela Vista//school,0.4628953771289538,0.6666666666666666
20,20,0,Bela Vista//marketplace,nan,nan
20,20,0,Bela Vista//pharmacy,nan,nan
20,20,0,Bela Vista//gas_station,nan,nan
20,20,0,Belém Novo//home,0.32756871425936174,0.11892024841665129
20,20,0,Belém Novo//work,0.4378257632166791,0.6666666666666666
20,20,0,Belém Novo//school,0.6178082191780822,0.6666666666666666
20,20,0,Belém Novo//marketplace,nan,nan
20,20,0,Belém Novo//pharmacy,nan,nan
20,20,0,Belém Novo//gas_station,nan,nan
20,20,0,Belém Velho//home,0.43313382169019116,0.1703293431004705
20,20,0,Belém Velho//work,0.4478743357299156,0.6666666666666666
20,20,0,Belém Velho//school,0.5928270042194093,0.6666666666666666
20,20,0,Belém Velho//marketplace,nan,nan
20,20,0,Belém Velho//pharmacy,nan,nan
20,20,0,Belém Velho//gas_station,nan,nan
20,20,0,Boa Vista//home,0.24289563939245468,0.2895639392454679
20,20,0,Boa Vista//work,0.4343757849786486,0.6666666666666666
20,20,0,Boa Vista//school,0.678006329113924,0.6666666666666666
20,20,0,Boa Vista//marketplace,nan,nan
20,20,0,Boa Vista//pharmacy,nan,nan
20,20,0,Boa Vista//gas_station,nan,nan
20,20,0,Boa Vista do Sul//home,0.3660064672594988,0.1848558340070062
20,20,0,Boa Vista do Sul//work,0.45581570996978854,0.6666666666666666
20,20,0,Boa Vista do Sul//school,0.48952095808383234,0.6666666666666666
20,20,0,Boa Vista do Sul//marketplace,nan,nan
20,20,0,Boa Vista do Sul//pharmacy,nan,nan
20,20,0,Boa Vista do Sul//gas_station,nan,nan
20,20,0,Bom Fim//home,0.11832633473305339,0.28234353129374123
20,20,0,Bom Fim//work,0.4227648499693815,0.6666666666666666
20,20,0,Bom Fim//school,0.3380245649948823,0.6666666666666666
20,20,0,Bom Fim//marketplace,nan,nan
20,20,0,Bom Fim//pharmacy,nan,nan
20,20,0,Bom Fim//gas_station,nan,nan
20,20,0,Bom Jesus//home,0.44679329385935734,0.12254673674406227
20,20,0,Bom Jesus//work,0.4383926410070201,0.6666666666666666
20,20,0,Bom Jesus//school,0.6113678373382625,0.6666666666666666
20,20,0,Bom Jesus//marketplace,nan,nan
20,20,0,Bom Jesus//pharmacy,nan,nan
20,20,0,Bom Jesus//gas_station,nan,nan
20,20,0,Camaquã//home,0.25797766254487436,0.09958782076851483
20,20,0,Camaquã//work,0.46924231057764443,0.6666666666666666
20,20,0,Camaquã//school,0.5105105105105106,0.6666666666666666
20,20,0,Camaquã//marketplace,nan,nan
20,20,0,Camaquã//pharmacy,nan,nan
20,20,0,Camaquã//gas_station,nan,nan
20,20,0,Campo Novo//home,0.3130492930836836,0.09247229652273596
20,20,0,Campo Novo//work,0.46727748691099474,0.6666666666666666
20,20,0,Campo Novo//school,0.37405200433369445,0.6666666666666666
20,20,0,Campo Novo//marketplace,nan,nan
20,20,0,Campo Novo//pharmacy,nan,nan
20,20,0,Campo Novo//gas_station,nan,nan
20,20,0,Cascata//home,0.41963395527702607,0.11460855528652139
20,20,0,Cascata//work,0.4515379113018598,0.6666666666666666
20,20,0,Cascata//school,0.6087360594795539,0.6666666666666666
20,20,0,Cascata//marketplace,nan,nan
20,20,0,Cascata//pharmacy,nan,nan
20,20,0,Cascata//gas_station,nan,nan
20,20,0,Cavalhada//home,0.2627561945549098,0.11314367288671358
20,20,0,Cavalhada//work,0.4258082343188726,0.6666666666666666
20,20,0,Cavalhada//school,0.5168195718654435,0.6666666666666666
20,20,0,Cavalhada//marketplace,nan,nan
20,20,0,Cavalhada//pharmacy,nan,nan
20,20,0,Cavalhada//gas_station,nan,nan
20,20,0,Cavalhada//shopping_mall,nan,nan
20,20,0,Centro Histórico//home,0.16471205621976817,0.10066624075933193
20,20,0,Centro Histórico//work,0.42463235294117646,0.6666666666666666
20,20,0,Centro Histórico//school,0.4040284360189573,0.6666666666666666
20,20,0,Centro Histórico//marketplace,nan,nan
20,20,0,Centro Histórico//pharmacy,nan,nan
20,20,0,Centro Histórico//gas_station,nan,nan
20,20,0,Centro Histórico//hospital,nan,nan
20,20,0,Centro Histórico//shopping_mall,nan,nan
20,20,0,Chácara das Pedras//home,0.19026421596783458,0.1742293700938158
20,20,0,Chácara das Pedras//work,0.44011009870918755,0.6666666666666666
20,20,0,Chácara das Pedras//school,0.4246031746031746,0.6666666666666666
20,20,0,Chácara das Pedras//marketplace,nan,nan
20,20,0,Chácara das Pedras//pharmacy,nan,nan
20,20,0,Chácara das Pedras//gas_station,nan,nan
20,20,0,Chapéu do Sol//home,0.5325751734772552,0.20560267283474684
20,20,0,Chapéu do Sol//work,0.47714745062011943,0.6666666666666666
20,20,0,Chapéu do Sol//school,0.6530898876404494,0.6666666666666666
20,20,0,Chapéu do Sol//marketplace,nan,nan
20,20,0,Chapéu do Sol//pharmacy,nan,nan
20,20,0,Chapéu do Sol//gas_station,nan,nan
20,20,0,Cidade Baixa//home,0.2138364779874214,0.0490971799553662
20,20,0,Cidade Baixa//work,0.42937797147385104,0.6666666666666666
20,20,0,Cidade Baixa//school,0.32983193277310924,0.6666666666666666
20,20,0,Cidade Baixa//marketplace,nan,nan
20,20,0,Cidade Baixa//pharmacy,nan,nan
20,20,0,Cidade Baixa//gas_station,nan,nan
20,20,0,Cel. Aparício Borges//home,0.4139264519894931,0.1311411615915945
20,20,0,Cel. Aparício Borges//work,0.43591734352603917,0.6666666666666666
20,20,0,Cel. Aparício Borges//school,0.5008196721311475,0.6666666666666666
20,20,0,Cel. Aparício Borges//marketplace,nan,nan
20,20,0,Cel. Aparício Borges//pharmacy,nan,nan
20,20,0,Cel. Aparício Borges//gas_station,nan,nan
20,20,0,Costa e Silva//home,0.4438260976509654,0.19325216250563687
20,20,0,Costa e Silva//work,0.4491589065785521,0.6666666666666666
20,20,0,Costa e Silva//school,0.362396694214876,0.6666666666666666
20,20,0,Costa e Silva//marketplace,nan,nan
20,20,0,Costa e Silva//pharmacy,nan,nan
20,20,0,Costa e Silva//gas_station,nan,nan
20,20,0,Cristal//home,0.3670774647887324,0.20283428968874978
20,20,0,Cristal//work,0.4556384742951907,0.6666666666666666
20,20,0,Cristal//school,0.36338868707836014,0.6666666666666666
20,20,0,Cristal//marketplace,nan,nan
20,20,0,Cristal//pharmacy,nan,nan
20,20,0,Cristal//gas_station,nan,nan
20,20,0,Cristo Redentor//home,0.17202797202797201,0.1264180264180264
20,20,0,Cristo Redentor//work,0.4635135135135135,0.6666666666666666
20,20,0,Cristo Redentor//school,0.46847507331378296,0.6666666666666666
20,20,0,Cristo Redentor//marketplace,nan,nan
20,20,0,Cristo Redentor//pharmacy,nan,nan
20,20,0,Cristo Redentor//gas_station,nan,nan
20,20,0,Cristo Redentor//hospital,nan,nan
20,20,0,Cristo Redentor//shopping_mall,nan,nan
20,20,0,Espírito Santo//home,0.2895271518285925,0.1785494397241719
20,20,0,Espírito Santo//work,0.45774111675126905,0.6666666666666666
20,20,0,Espírito Santo//school,0.40476190476190477,0.6666666666666666
20,20,0,Espírito Santo//marketplace,nan,nan
20,20,0,Espírito Santo//pharmacy,nan,nan
20,20,0,Espírito Santo//gas_station,nan,nan
20,20,0,Extrema//home,0.4394164193867458,0.2334322453016815
20,20,0,Extrema//work,0.4708222811671088,0.6666666666666666
20,20,0,Extrema//school,0.6495098039215687,0.6666666666666666
20,20,0,Extrema//marketplace,nan,nan
20,20,0,Extrema//pharmacy,nan,nan
20,20,0,Extrema//gas_station,nan,nan
20,20,0,Farrapos//home,0.4562554680664917,0.22513852435112278
20,20,0,Farrapos//work,0.44054152945481156,0.6666666666666666
20,20,0,Farrapos//school,0.5440705128205128,0.6666666666666666
20,20,0,Farrapos//marketplace,nan,nan
20,20,0,Farrapos//pharmacy,nan,nan
20,20,0,Farrapos//gas_station,nan,nan
20,20,0,Farrapos//stadium,nan,nan
20,20,0,Farroupilha//home,0.2034510433386838,0.04066345639379347
20,20,0,Farroupilha//work,0.4267035142715723,0.6666666666666666
20,20,0,Farroupilha//school,0.4486947063089195,0.6666666666666666
20,20,0,Farroupilha//marketplace,nan,nan
20,20,0,Farroupilha//pharmacy,nan,nan
20,20,0,Farroupilha//gas_station,nan,nan
20,20,0,Farroupilha//hospital,nan,nan
20,20,0,Floresta//home,0.14675566069618115,0.1828320378506252
20,20,0,Floresta//work,0.413135593220339,0.6666666666666666
20,20,0,Floresta//school,0.34448275862068967,0.6666666666666666
20,20,0,Floresta//marketplace,nan,nan
20,20,0,Floresta//pharmacy,nan,nan
20,20,0,Floresta//gas_station,nan,nan
20,20,0,Glória//home,0.27775073028237585,0.1423058891413322
20,20,0,Glória//work,0.4379332073093888,0.6666666666666666
20,20,0,Glória//school,0.4979050279329609,0.6666666666666666
20,20,0,Glória//marketplace,nan,nan
20,20,0,Glória//pharmacy,nan,nan
20,20,0,Glória//gas_station,nan,nan
20,20,0,Glória//hospital,nan,nan
20,20,0,Guarujá//home,0.30080409356725146,0.10818713450292397
20,20,0,Guarujá//work,0.46250941974378296,0.6666666666666666
20,20,0,Guarujá//school,0.5184948979591837,0.6666666666666666
20,20,0,Guarujá//marketplace,nan,nan
20,20,0,Guarujá//pharmacy,nan,nan
20,20,0,Guarujá//gas_station,nan,nan
20,20,0,Higienópolis//home,0.24461241556770666,0.08920338801329473
20,20,0,Higienópolis//work,0.44316147511636234,0.6666666666666666
20,20,0,Higienópolis//school,0.3098991172761665,0.6666666666666666
20,20,0,Higienópolis//marketplace,nan,nan
20,20,0,Higienópolis//pharmacy,nan,nan
20,20,0,Higienópolis//gas_station,nan,nan
20,20,0,Hípica//home,0.3080224417377961,0.10805281161088201
20,20,0,Hípica//work,0.45889487870619944,0.6666666666666666
20,20,0,Hípica//school,0.40978050355067785,0.6666666666666666
20,20,0,Hípica//marketplace,nan,nan
20,20,0,Hípica//pharmacy,nan,nan
20,20,0,Hípica//gas_station,nan,nan
20,20,0,Humaitá//home,0.2623221544715447,0.07909891598915988
20,20,0,Humaitá//work,0.4626773596545342,0.6666666666666666
20,20,0,Humaitá//school,0.48487544483985767,0.6666666666666666
20,20,0,Humaitá//marketplace,nan,nan
20,20,0,Humaitá//pharmacy,nan,nan
20,20,0,Humaitá//gas_station,nan,nan
20,20,0,Independência//home,0.17732946946054393,0.221429632932085
20,20,0,Independência//work,0.4071696094168004,0.6666666666666666
20,20,0,Independência//school,0.4827188940092166,0.6666666666666666
20,20,0,Independência//marketplace,nan,nan
20,20,0,Independência//pharmacy,nan,nan
20,20,0,Independência//gas_station,nan,nan
20,20,0,Independência//hospital,nan,nan
20,20,0,Independência//shopping_mall,nan,nan
20,20,0,Ipanema//home,0.22271494746356343,0.05483372876887734
20,20,0,Ipanema//work,0.44855743059335873,0.6666666666666666
20,20,0,Ipanema//school,0.6436781609195402,0.6666666666666666
20,20,0,Ipanema//marketplace,nan,nan
20,20,0,Ipanema//pharmacy,nan,nan
20,20,0,Ipanema//gas_station,nan,nan
20,20,0,Jardim Botânico//home,0.19461573598264245,0.09211678276426478
20,20,0,Jardim Botânico//work,0.46673976608187134,0.6666666666666666
20,20,0,Jardim Botânico//school,0.4003623188405797,0.6666666666666666
20,20,0,Jardim Botânico//marketplace,nan,nan
20,20,0,Jardim Botânico//pharmacy,nan,nan
20,20,0,Jardim Botânico//gas_station,nan,nan
20,20,0,Jardim Botânico//hospital,nan,nan
20,20,0,Jardim Botânico//shopping_mall,nan,nan
20,20,0,Jardim Carvalho//home,0.3114406779661017,0.0926906779661017
20,20,0,Jardim Carvalho//work,0.44706142941523924,0.6666666666666666
20,20,0,Jardim Carvalho//school,0.5155339805825243,0.6666666666666666
20,20,0,Jardim Carvalho//marketplace,nan,nan
20,20,0,Jardim Carvalho//pharmacy,nan,nan
20,20,0,Jardim Carvalho//gas_station,nan,nan
20,20,0,Jardim Carvalho//hospital,nan,nan
20,20,0,Jardim do Salso//home,0.22026816945200156,0.10752688172043011
20,20,0,Jardim do Salso//work,0.449959914484233,0.6666666666666666
20,20,0,Jardim do Salso//school,0.5173545966228893,0.6666666666666666
20,20,0,Jardim do Salso//marketplace,nan,nan
20,20,0,Jardim do Salso//pharmacy,nan,nan
20,20,0,Jardim do Salso//gas_station,nan,nan
20,20,0,Jardim Leopoldina//home,0.22178254744344078,0.09392005745697633
20,20,0,Jardim Leopoldina//work,0.43643178410794603,0.6666666666666666
20,20,0,Jardim Leopoldina//school,0.3274468085106383,0.6666666666666666
20,20,0,Jardim Leopoldina//marketplace,nan,nan
20,20,0,Jardim Leopoldina//pharmacy,nan,nan
20,20,0,Jardim Leopoldina//gas_station,nan,nan
20,20,0,Jardim Europa//home,0.6213872832369942,0.5240847784200385
20,20,0,Jardim Europa//work,0.43097774992165466,0.6666666666666666
20,20,0,Jardim Europa//school,0.5743243243243243,0.6666666666666666
20,20,0,Jardim Europa//marketplace,nan,nan
20,20,0,Jardim Europa//pharmacy,nan,nan
20,20,0,Jardim Europa//gas_station,nan,nan
20,20,0,Jardim Europa//shopping_mall,nan,nan
20,20,0,Jardim Floresta//home,0.30272346368715086,0.3649906890130354
20,20,0,Jardim Floresta//work,0.4224502750740584,0.6666666666666666
20,20,0,Jardim Floresta//school,0.5978260869565217,0.6666666666666666
20,20,0,Jardim Floresta//marketplace,nan,nan
20,20,0,Jardim Floresta//pharmacy,nan,nan
20,20,0,Jardim Floresta//gas_station,nan,nan
20,20,0,Jardim Isabel//home,0.2542563845768653,0.06776831914538474
20,20,0,Jardim Isabel//work,0.44745649263721554,0.6666666666666666
20,20,0,Jardim Isabel//school,0.6435779816513761,0.6666666666666666
20,20,0,Jardim Isabel//marketplace,nan,nan
20,20,0,Jardim Isabel//pharmacy,nan,nan
20,20,0,Jardim Isabel//gas_station,nan,nan
20,20,0,Jardim Itú//home,0.27799377916018664,0.11106791083462934
20,20,0,Jardim Itú//work,0.4316261879619852,0.6666666666666666
20,20,0,Jardim Itú//school,0.5611432706222865,0.6666666666666666
20,20,0,Jardim Itú//marketplace,nan,nan
20,20,0,Jardim Itú//pharmacy,nan,nan
20,20,0,Jardim Itú//gas_station,nan,nan
20,20,0,Jardim Lindóia//home,0.24582637729549248,0.30695603784084585
20,20,0,Jardim Lindóia//work,0.42239425981873113,0.6666666666666666
20,20,0,Jardim Lindóia//school,0.5388888888888889,0.6666666666666666
20,20,0,Jardim Lindóia//marketplace,nan,nan
20,20,0,Jardim Lindóia//pharmacy,nan,nan
20,20,0,Jardim Lindóia//gas_station,nan,nan
20,20,0,Jardim Lindóia//shopping_mall,nan,nan
20,20,0,Jardim Sabará//home,0.26148535294876757,0.14926657203079968
20,20,0,Jardim Sabará//work,0.4520097670924117,0.6666666666666666
20,20,0,Jardim Sabará//school,0.46598414795244386,0.6666666666666666
20,20,0,Jardim Sabará//marketplace,nan,nan
20,20,0,Jardim Sabará//pharmacy,nan,nan
20,20,0,Jardim Sabará//gas_station,nan,nan
20,20,0,Jardim São Pedro//home,0.20119705340699817,0.03756906077348066
20,20,0,Jardim São Pedro//work,0.43255159474671667,0.6666666666666666
20,20,0,Jardim São Pedro//school,0.6492395437262357,0.6666666666666666
20,20,0,Jardim São Pedro//marketplace,nan,nan
20,20,0,Jardim São Pedro//pharmacy,nan,nan
20,20,0,Jardim São Pedro//gas_station,nan,nan
20,20,0,Lageado//home,0.38746630727762804,0.1039661147477859
20,20,0,Lageado//work,0.4480452674897119,0.6666666666666666
20,20,0,Lageado//school,0.5625,0.6666666666666666
20,20,0,Lageado//marketplace,nan,nan
20,20,0,Lageado//pharmacy,nan,nan
20,20,0,Lageado//gas_station,nan,nan
20,20,0,Lami//home,0.5250826901874311,0.3737596471885336
20,20,0,Lami//work,0.46914083741163676,0.6666666666666666
20,20,0,Lami//school,0.42696629213483145,0.6666666666666666
20,20,0,Lami//marketplace,nan,nan
20,20,0,Lami//pharmacy,nan,nan
20,20,0,Lami//gas_station,nan,nan
20,20,0,Lomba do Pinheiro//home,0.4482677370080276,0.12774762477385246
20,20,0,Lomba do Pinheiro//work,0.44954940457032505,0.6666666666666666
20,20,0,Lomba do Pinheiro//school,0.40401897154268596,0.6666666666666666
20,20,0,Lomba do Pinheiro//marketplace,nan,nan
20,20,0,Lomba do Pinheiro//pharmacy,nan,nan
20,20,0,Lomba do Pinheiro//gas_station,nan,nan
20,20,0,Mário Quintana//home,0.4638918773534158,0.09894806048652202
20,20,0,Mário Quintana//work,0.4822340661781035,0.6666666666666666
20,20,0,Mário Quintana//school,0.44292803970223327,0.6666666666666666
20,20,0,Mário Quintana//marketplace,nan,nan
20,20,0,Mário Quintana//pharmacy,nan,nan
20,20,0,Mário Quintana//gas_station,nan,nan
20,20,0,Medianeira//home,0.21002284408909194,0.0653912050256996
20,20,0,Medianeira//work,0.43554079302470416,0.6666666666666666
20,20,0,Medianeira//school,0.5395114942528736,0.6666666666666666
20,20,0,Medianeira//marketplace,nan,nan
20,20,0,Medianeira//pharmacy,nan,nan
20,20,0,Medianeira//gas_station,nan,nan
20,20,0,Menino Deus//home,0.1834788672609302,0.13926788349200575
20,20,0,Menino Deus//work,0.4337626494940202,0.6666666666666666
20,20,0,Menino Deus//school,0.44659442724458204,0.6666666666666666
20,20,0,Menino Deus//marketplace,nan,nan
20,20,0,Menino Deus//pharmacy,nan,nan
20,20,0,Menino Deus//gas_station,nan,nan
20,20,0,Menino Deus//hospital,nan,nan
20,20,0,Moinhos de Vento//home,0.23748964374482187,0.1451532725766363
20,20,0,Moinhos de Vento//work,0.4504212572909916,0.6666666666666666
20,20,0,Moinhos de Vento//school,0.6247993579454254,0.6666666666666666
20,20,0,Moinhos de Vento//marketplace,nan,nan
20,20,0,Moinhos de Vento//pharmacy,nan,nan
20,20,0,Moinhos de Vento//gas_station,nan,nan
20,20,0,Moinhos de Vento//hospital,nan,nan
20,20,0,Moinhos de Vento//shopping_mall,nan,nan
20,20,0,Mont'Serrat//home,0.20020746887966806,0.07192254495159059
20,20,0,Mont'Serrat//work,0.43724966622162886,0.6666666666666666
20,20,0,Mont'Serrat//school,0.50875,0.6666666666666666
20,20,0,Mont'Serrat//marketplace,nan,nan
20,20,0,Mont'Serrat//pharmacy,nan,nan
20,20,0,Mont'Serrat//gas_station,nan,nan
20,20,0,Morro Santana//home,0.3271877615549149,0.1117827583000093
20,20,0,Morro Santana//work,0.45442405945192754,0.6666666666666666
20,20,0,Morro Santana//school,0.6252462245567958,0.6666666666666666
20,20,0,Morro Santana//marketplace,nan,nan
20,20,0,Morro Santana//pharmacy,nan,nan
20,20,0,Morro Santana//gas_station,nan,nan
20,20,0,Navegantes//home,0.21359130766298132,0.07116533231668573
20,20,0,Navegantes//work,0.42111759425493717,0.6666666666666666
20,20,0,Navegantes//school,0.3581242532855436,0.6666666666666666
20,20,0,Navegantes//marketplace,nan,nan
20,20,0,Navegantes//pharmacy,nan,nan
20,20,0,Navegantes//gas_station,nan,nan
20,20,0,Navegantes//shopping_mall,nan,nan
20,20,0,Nonoai//home,0.2656578639869128,0.14032354392251564
20,20,0,Nonoai//work,0.43889232673267325,0.6666666666666666
20,20,0,Nonoai//school,0.34356477561388654,0.6666666666666666
20,20,0,Nonoai//marketplace,nan,nan
20,20,0,Nonoai//pharmacy,nan,nan
20,20,0,Nonoai//gas_station,nan,nan
20,20,0,Parque Santa Fé//home,0.2975,0.09666666666666666
20,20,0,Parque Santa Fé//work,0.4522229083050324,0.6666666666666666
20,20,0,Parque Santa Fé//school,0.465,0.6666666666666666
20,20,0,Parque Santa Fé//marketplace,nan,nan
20,20,0,Parque Santa Fé//pharmacy,nan,nan
20,20,0,Parque Santa Fé//gas_station,nan,nan
20,20,0,Partenon//home,0.2610244368383348,0.13356682321101648
20,20,0,Partenon//work,0.44204573096570177,0.6666666666666666
20,20,0,Partenon//school,0.4343039772727273,0.6666666666666666
20,20,0,Partenon//marketplace,nan,nan
20,20,0,Partenon//pharmacy,nan,nan
20,20,0,Partenon//gas_station,nan,nan
20,20,0,Passo D'Areia//home,0.08988555291319858,0.09616527942925089
20,20,0,Passo D'Areia//work,0.4263636363636364,0.6666666666666666
20,20,0,Passo D'Areia//school,0.5290262172284644,0.6666666666666666
20,20,0,Passo D'Areia//marketplace,nan,nan
20,20,0,Passo D'Areia//pharmacy,nan,nan
20,20,0,Passo D'Areia//gas_station,nan,nan
20,20,0,Passo das Pedras//home,0.3661510514147308,0.10040735439832654
20,20,0,Passo das Pedras//work,0.44403920674720765,0.6666666666666666
20,20,0,Passo das Pedras//school,0.41503667481662593,0.6666666666666666
20,20,0,Passo das Pedras//marketplace,nan,nan
20,20,0,Passo das Pedras//pharmacy,nan,nan
20,20,0,Passo das Pedras//gas_station,nan,nan
20,20,0,Pedra Redonda//home,0.30656934306569344,0.22384428223844283
20,20,0,Pedra Redonda//work,0.44567979669631513,0.6666666666666666
20,20,0,Pedra Redonda//school,0.6781767955801105,0.6666666666666666
20,20,0,Pedra Redonda//marketplace,nan,nan
20,20,0,Pedra Redonda//pharmacy,nan,nan
20,20,0,Pedra Redonda//gas_station,nan,nan
20,20,0,Petrópolis//home,0.1968043221488254,0.08104758155066567
20,20,0,Petrópolis//work,0.4280765423952491,0.6666666666666666
20,20,0,Petrópolis//school,0.5081726739312658,0.6666666666666666
20,20,0,Petrópolis//marketplace,nan,nan
20,20,0,Petrópolis//pharmacy,nan,nan
20,20,0,Petrópolis//gas_station,nan,nan
20,20,0,Pitinga//home,0.37525987525987525,0.042042042042042045
20,20,0,Pitinga//work,0.4810149041873669,0.6666666666666666
20,20,0,Pitinga//school,0.5601449275362319,0.6666666666666666
20,20,0,Pitinga//marketplace,nan,nan
20,20,0,Pitinga//pharmacy,nan,nan
20,20,0,Pitinga//gas_station,nan,nan
20,20,0,Ponta Grossa//home,0.4809746328437917,0.32879394748553625
20,20,0,Ponta Grossa//work,0.4559285433843738,0.6666666666666666
20,20,0,Ponta Grossa//school,0.6446015424164524,0.6666666666666666
20,20,0,Ponta Grossa//marketplace,nan,nan
20,20,0,Ponta Grossa//pharmacy,nan,nan
20,20,0,Ponta Grossa//gas_station,nan,nan
20,20,0,Praia de Belas//home,0.3191333982473223,0.35118468029860433
20,20,0,Praia de Belas//work,0.43270181219110376,0.6666666666666666
20,20,0,Praia de Belas//school,0.3893643031784841,0.6666666666666666
20,20,0,Praia de Belas//marketplace,nan,nan
20,20,0,Praia de Belas//pharmacy,nan,nan
20,20,0,Praia de Belas//gas_station,nan,nan
20,20,0,Praia de Belas//stadium,nan,nan
20,20,0,Praia de Belas//shopping_mall,nan,nan
20,20,0,Restinga//home,0.40021742631663715,0.09976915230579267
20,20,0,Restinga//work,0.4521854892389616,0.6666666666666666
20,20,0,Restinga//school,0.5181623931623932,0.6666666666666666
20,20,0,Restinga//marketplace,nan,nan
20,20,0,Restinga//pharmacy,nan,nan
20,20,0,Restinga//gas_station,nan,nan
20,20,0,Restinga//hospital,nan,nan
20,20,0,Rio Branco//home,0.15799222078162622,0.06303636475890596
20,20,0,Rio Branco//work,0.41881403290903446,0.6666666666666666
20,20,0,Rio Branco//school,0.4387608069164265,0.6666666666666666
20,20,0,Rio Branco//marketplace,nan,nan
20,20,0,Rio Branco//pharmacy,nan,nan
20,20,0,Rio Branco//gas_station,nan,nan
20,20,0,Rio Branco//hospital,nan,nan
20,20,0,Rubem Berta//home,0.2522951894702328,0.08877855324995707
20,20,0,Rubem Berta//work,0.42985802076711166,0.6666666666666666
20,20,0,Rubem Berta//school,0.599483204134367,0.6666666666666666
20,20,0,Rubem Berta//marketplace,nan,nan
20,20,0,Rubem Berta//pharmacy,nan,nan
20,20,0,Rubem Berta//gas_station,nan,nan
20,20,0,Santa Cecília//home,0.14045307443365695,0.11736785329018339
20,20,0,Santa Cecília//work,0.439143245693563,0.6666666666666666
20,20,0,Santa Cecília//school,0.3442622950819672,0.6666666666666666
20,20,0,Santa Cecília//marketplace,nan,nan
20,20,0,Santa Cecília//pharmacy,nan,nan
20,20,0,Santa Cecília//gas_station,nan,nan
20,20,0,Santa Cecília//hospital,nan,nan
20,20,0,Santa Maria Goretti//home,0.447220867869332,0.08971233544612384
20,20,0,Santa Maria Goretti//work,0.4430079155672823,0.6666666666666666
20,20,0,Santa Maria Goretti//school,0.49074074074074076,0.6666666666666666
20,20,0,Santa Maria Goretti//marketplace,nan,nan
20,20,0,Santa Maria Goretti//pharmacy,nan,nan
20,20,0,Santa Maria Goretti//gas_station,nan,nan
20,20,0,Santa Rosa de Lima//home,0.33253738543174144,0.10168837433671009
20,20,0,Santa Rosa de Lima//work,0.4326607947562474,0.6666666666666666
20,20,0,Santa Rosa de Lima//school,0.48466833541927407,0.6666666666666666
20,20,0,Santa Rosa de Lima//marketplace,nan,nan
20,20,0,Santa Rosa de Lima//pharmacy,nan,nan
20,20,0,Santa Rosa de Lima//gas_station,nan,nan
20,20,0,Santa Tereza//home,0.34105403774885806,0.08914361228417939
20,20,0,Santa Tereza//work,0.43467782851344494,0.6666666666666666
20,20,0,Santa Tereza//school,0.4516491754122939,0.6666666666666666
20,20,0,Santa Tereza//marketplace,nan,nan
20,20,0,Santa Tereza//pharmacy,nan,nan
20,20,0,Santa Tereza//gas_station,nan,nan
20,20,0,Santana//home,0.1239359733530718,0.15809277078707132
20,20,0,Santana//work,0.43115468409586055,0.6666666666666666
20,20,0,Santana//school,0.5032808398950132,0.6666666666666666
20,20,0,Santana//marketplace,nan,nan
20,20,0,Santana//pharmacy,nan,nan
20,20,0,Santana//gas_station,nan,nan
20,20,0,Santana//hospital,nan,nan
20,20,0,Santo Antônio//home,0.19227707006369427,0.0968683651804671
20,20,0,Santo Antônio//work,0.43285541195476573,0.6666666666666666
20,20,0,Santo Antônio//school,0.5251396648044693,0.6666666666666666
20,20,0,Santo Antônio//marketplace,nan,nan
20,20,0,Santo Antônio//pharmacy,nan,nan
20,20,0,Santo Antônio//gas_station,nan,nan
20,20,0,São Caetano//home,0.24523052464228934,0.13142554319024907
20,20,0,São Caetano//work,0.4232399557685219,0.6666666666666666
20,20,0,São Caetano//school,0.5540540540540541,0.6666666666666666
20,20,0,São Caetano//marketplace,nan,nan
20,20,0,São Caetano//pharmacy,nan,nan
20,20,0,São Caetano//gas_station,nan,nan
20,20,0,São Geraldo//home,0.21512284665348771,0.3194954344347171
20,20,0,São Geraldo//work,0.41127292340884575,0.6666666666666666
20,20,0,São Geraldo//school,0.35786724031960665,0.6666666666666666
20,20,0,São Geraldo//marketplace,nan,nan
20,20,0,São Geraldo//pharmacy,nan,nan
20,20,0,São Geraldo//gas_station,nan,nan
20,20,0,São João//home,0.18526613525327848,0.11768235193280192
20,20,0,São João//work,0.4201564380264741,0.6666666666666666
20,20,0,São João//school,0.3292019347037485,0.6666666666666666
20,20,0,São João//marketplace,nan,nan
20,20,0,São João//pharmacy,nan,nan
20,20,0,São João//gas_station,nan,nan
20,20,0,São João//shopping_mall,nan,nan
20,20,0,São Sebastião//home,0.29545454545454547,0.05550699300699301
20,20,0,São Sebastião//work,0.4583025147928994,0.6666666666666666
20,20,0,São Sebastião//school,0.6433333333333333,0.6666666666666666
20,20,0,São Sebastião//marketplace,nan,nan
20,20,0,São Sebastião//pharmacy,nan,nan
20,20,0,São Sebastião//gas_station,nan,nan
20,20,0,São Sebastião//shopping_mall,nan,nan
20,20,0,Sarandi//home,0.19948394879699752,0.19096128498983536
20,20,0,Sarandi//work,0.44633620689655173,0.6666666666666666
20,20,0,Sarandi//school,0.5124854819976771,0.6666666666666666
20,20,0,Sarandi//marketplace,nan,nan
20,20,0,Sarandi//pharmacy,nan,nan
20,20,0,Sarandi//gas_station,nan,nan
20,20,0,Sarandi//shopping_mall,nan,nan
20,20,0,Serraria//home,0.4410221531286436,0.3308718745951548
20,20,0,Serraria//work,0.45466321243523317,0.6666666666666666
20,20,0,Serraria//school,0.38254237288135595,0.6666666666666666
20,20,0,Serraria//marketplace,nan,nan
20,20,0,Serraria//pharmacy,nan,nan
20,20,0,Serraria//gas_station,nan,nan
20,20,0,Sétimo Céu//home,0.41767922235722965,0.07047387606318348
20,20,0,Sétimo Céu//work,0.4295774647887324,0.6666666666666666
20,20,0,Sétimo Céu//school,0.5966312056737588,0.6666666666666666
20,20,0,Sétimo Céu//marketplace,nan,nan
20,20,0,Sétimo Céu//pharmacy,nan,nan
20,20,0,Sétimo Céu//gas_station,nan,nan
20,20,0,Teresópolis//home,0.2596663720724702,0.08440123729562528
20,20,0,Teresópolis//work,0.4271724818959842,0.6666666666666666
20,20,0,Teresópolis//school,0.43810289389067525,0.6666666666666666
20,20,0,Teresópolis//marketplace,nan,nan
20,20,0,Teresópolis//pharmacy,nan,nan
20,20,0,Teresópolis//gas_station,nan,nan
20,20,0,Teresópolis//hospital,nan,nan
20,20,0,Três Figueiras//home,0.1812159709618875,0.0735632183908046
20,20,0,Três Figueiras//work,0.4387658973151201,0.6666666666666666
20,20,0,Três Figueiras//school,0.3609107303877367,0.6666666666666666
20,20,0,Três Figueiras//marketplace,nan,nan
20,20,0,Três Figueiras//pharmacy,nan,nan
20,20,0,Três Figueiras//gas_station,nan,nan
20,20,0,Três Figueiras//shopping_mall,nan,nan
20,20,0,Tristeza//home,0.2344758064516129,0.06814516129032258
20,20,0,Tristeza//work,0.43659881255301103,0.6666666666666666
20,20,0,Tristeza//school,0.6331360946745562,0.6666666666666666
20,20,0,Tristeza//marketplace,nan,nan
20,20,0,Tristeza//pharmacy,nan,nan
20,20,0,Tristeza//gas_station,nan,nan
20,20,0,Vila Assunção//home,0.20349301397205588,0.11310711909514305
20,20,0,Vila Assunção//work,0.4455631399317406,0.6666666666666666
20,20,0,Vila Assunção//school,0.34066901408450706,0.6666666666666666
20,20,0,Vila Assunção//marketplace,nan,nan
20,20,0,Vila Assunção//pharmacy,nan,nan
20,20,0,Vila Assunção//gas_station,nan,nan
20,20,0,Vila Assunção//hospital,nan,nan
20,20,0,Vila Conceição//home,0.23072646404744254,0.2213985668396343
20,20,0,Vila Conceição//work,0.423841059602649,0.6666666666666666
20,20,0,Vila Conceição//school,0.556390977443609,0.6666666666666666
20,20,0,Vila Conceição//marketplace,nan,nan
20,20,0,Vila Conceição//pharmacy,nan,nan
20,20,0,Vila Conceição//gas_station,nan,nan
20,20,0,Vila Ipiranga//home,0.2987963240435521,0.13638331169047382
20,20,0,Vila Ipiranga//work,0.4428449744463373,0.6666666666666666
20,20,0,Vila Ipiranga//school,0.4394366197183099,0.6666666666666666
20,20,0,Vila Ipiranga//marketplace,nan,nan
20,20,0,Vila Ipiranga//pharmacy,nan,nan
20,20,0,Vila Ipiranga//gas_station,nan,nan
20,20,0,Vila Jardim//home,0.16440101954120645,0.09430756159728122
20,20,0,Vila Jardim//work,0.452416918429003,0.6666666666666666
20,20,0,Vila Jardim//school,0.6192365835222978,0.6666666666666666
20,20,0,Vila Jardim//marketplace,nan,nan
20,20,0,Vila Jardim//pharmacy,nan,nan
20,20,0,Vila Jardim//gas_station,nan,nan
20,20,0,Vila João Pessoa//home,0.3073531666922251,0.14251392935643817
20,20,0,Vila João Pessoa//work,0.43027605779153766,0.6666666666666666
20,20,0,Vila João Pessoa//school,0.509272997032641,0.6666666666666666
20,20,0,Vila João Pessoa//marketplace,nan,nan
20,20,0,Vila João Pessoa//pharmacy,nan,nan
20,20,0,Vila João Pessoa//gas_station,nan,nan
20,20,0,Vila Nova//home,0.2597832101000956,0.07568365105712321
20,20,0,Vila Nova//work,0.4320869565217391,0.6666666666666666
20,20,0,Vila Nova//school,0.41248541423570595,0.6666666666666666
20,20,0,Vila Nova//marketplace,nan,nan
20,20,0,Vila Nova//pharmacy,nan,nan
20,20,0,Vila Nova//gas_station,nan,nan
20,20,0,Vila Nova//hospital,nan,nan
20,20,0,São José//home,0.3192873870859819,0.08876993420318947
20,20,0,São José//work,0.4714611872146119,0.6666666666666666
20,20,0,São José//school,0.506797583081571,0.6666666666666666
20,20,0,São José//marketplace,nan,nan
20,20,0,São José//pharmacy,nan,nan
20,20,0,São José//gas_station,nan,nan
21,21,0,Aberta dos Morros//home,0.3648853907760287,0.1522599650188714
21,21,0,Aberta dos Morros//work,0.45540488922841865,0.6666666666666666
21,21,0,Aberta dos Morros//school,0.3814102564102564,0.6666666666666666
21,21,0,Aberta dos Morros//marketplace,nan,nan
21,21,0,Aberta dos Morros//pharmacy,nan,nan
21,21,0,Aberta dos Morros//gas_station,nan,nan
21,21,0,Agronomia//home,0.43321392016376664,0.3766632548618219
21,21,0,Agronomia//work,0.45454545454545453,0.6666666666666666
21,21,0,Agronomia//school,0.4077825159914712,0.6666666666666666
21,21,0,Agronomia//marketplace,nan,nan
21,21,0,Agronomia//pharmacy,nan,nan
21,21,0,Agronomia//gas_station,nan,nan
21,21,0,Anchieta//home,0.38817097415506957,0.12856196156394964
21,21,0,Anchieta//work,0.44171779141104295,0.6666666666666666
21,21,0,Anchieta//school,0.5509259259259259,0.6666666666666666
21,21,0,Anchieta//marketplace,nan,nan
21,21,0,Anchieta//pharmacy,nan,nan
21,21,0,Anchieta//gas_station,nan,nan
21,21,0,Arquipélago//home,0.4061822125813449,0.09215802274370605
21,21,0,Arquipélago//work,0.4352997145575642,0.6666666666666666
21,21,0,Arquipélago//school,0.5170454545454546,0.6666666666666666
21,21,0,Arquipélago//marketplace,nan,nan
21,21,0,Arquipélago//pharmacy,nan,nan
21,21,0,Arquipélago//gas_station,nan,nan
21,21,0,Auxiliadora//home,0.2602000396118043,0.13085099359609165
21,21,0,Auxiliadora//work,0.42965917331399567,0.6666666666666666
21,21,0,Auxiliadora//school,0.32154742096505823,0.6666666666666666
21,21,0,Auxiliadora//marketplace,nan,nan
21,21,0,Auxiliadora//pharmacy,nan,nan
21,21,0,Auxiliadora//gas_station,nan,nan
21,21,0,Azenha//home,0.15830890786287755,0.10611273947580817
21,21,0,Azenha//work,0.42697841726618707,0.6666666666666666
21,21,0,Azenha//school,0.5379581151832461,0.6666666666666666
21,21,0,Azenha//marketplace,nan,nan
21,21,0,Azenha//pharmacy,nan,nan
21,21,0,Azenha//gas_station,nan,nan
21,21,0,Azenha//hospital,nan,nan
21,21,0,Azenha//shopping_mall,nan,nan
21,21,0,Bela Vista//home,0.22332400062218075,0.1366723699901488
21,21,0,Bela Vista//work,0.41942235244872333,0.6666666666666666
21,21,0,Bela Vista//school,0.4628953771289538,0.6666666666666666
21,21,0,Bela Vista//marketplace,nan,nan
21,21,0,Bela Vista//pharmacy,nan,nan
21,21,0,Bela Vista//gas_station,nan,nan
21,21,0,Belém Novo//home,0.32756871425936174,0.11892024841665129
21,21,0,Belém Novo//work,0.4378257632166791,0.6666666666666666
21,21,0,Belém Novo//school,0.6178082191780822,0.6666666666666666
21,21,0,Belém Novo//marketplace,nan,nan
21,21,0,Belém Novo//pharmacy,nan,nan
21,21,0,Belém Novo//gas_station,nan,nan
21,21,0,Belém Velho//home,0.43313382169019116,0.1703293431004705
21,21,0,Belém Velho//work,0.4478743357299156,0.6666666666666666
21,21,0,Belém Velho//school,0.5928270042194093,0.6666666666666666
21,21,0,Belém Velho//marketplace,nan,nan
21,21,0,Belém Velho//pharmacy,nan,nan
21,21,0,Belém Velho//gas_station,nan,nan
21,21,0,Boa Vista//home,0.24289563939245468,0.2895639392454679
21,21,0,Boa Vista//work,0.4343757849786486,0.6666666666666666
21,21,0,Boa Vista//school,0.678006329113924,0.6666666666666666
21,21,0,Boa Vista//marketplace,nan,nan
21,21,0,Boa Vista//pharmacy,nan,nan
21,21,0,Boa Vista//gas_station,nan,nan
21,21,0,Boa Vista do Sul//home,0.3660064672594988,0.1848558340070062
21,21,0,Boa Vista do Sul//work,0.4519669827889006,0.6666666666666666
21,21,0,Boa Vista do Sul//school,0.48952095808383234,0.6666666666666666
21,21,0,Boa Vista do Sul//marketplace,nan,nan
21,21,0,Boa Vista do Sul//pharmacy,nan,nan
21,21,0,Boa Vista do Sul//gas_station,nan,nan
21,21,0,Bom Fim//home,0.11832633473305339,0.28234353129374123
21,21,0,Bom Fim//work,0.4227648499693815,0.6666666666666666
21,21,0,Bom Fim//school,0.3380245649948823,0.6666666666666666
21,21,0,Bom Fim//marketplace,nan,nan
21,21,0,Bom Fim//pharmacy,nan,nan
21,21,0,Bom Fim//gas_station,nan,nan
21,21,0,Bom Jesus//home,0.44679329385935734,0.12254673674406227
21,21,0,Bom Jesus//work,0.43819904131476833,0.6666666666666666
21,21,0,Bom Jesus//school,0.6113678373382625,0.6666666666666666
21,21,0,Bom Jesus//marketplace,nan,nan
21,21,0,Bom Jesus//pharmacy,nan,nan
21,21,0,Bom Jesus//gas_station,nan,nan
21,21,0,Camaquã//home,0.25797766254487436,0.09958782076851483
21,21,0,Camaquã//work,0.46924231057764443,0.6666666666666666
21,21,0,Camaquã//school,0.5105105105105106,0.6666666666666666
21,21,0,Camaquã//marketplace,nan,nan
21,21,0,Camaquã//pharmacy,nan,nan
21,21,0,Camaquã//gas_station,nan,nan
21,21,0,Campo Novo//home,0.3130492930836836,0.09247229652273596
21,21,0,Campo Novo//work,0.46727748691099474,0.6666666666666666
21,21,0,Campo Novo//school,0.37405200433369445,0.6666666666666666
21,21,0,Campo Novo//marketplace,nan,nan
21,21,0,Campo Novo//pharmacy,nan,nan
21,21,0,Campo Novo//gas_station,nan,nan
21,21,0,Cascata//home,0.41963395527702607,0.11460855528652139
21,21,0,Cascata//work,0.4515379113018598,0.6666666666666666
21,21,0,Cascata//school,0.6087360594795539,0.6666666666666666
21,21,0,Cascata//marketplace,nan,nan
21,21,0,Cascata//pharmacy,nan,nan
21,21,0,Cascata//gas_station,nan,nan
21,21,0,Cavalhada//home,0.2689810500155328,0.11490110800455627
21,21,0,Cavalhada//work,0.4258082343188726,0.6666666666666666
21,21,0,Cavalhada//school,0.5168195718654435,0.6666666666666666
21,21,0,Cavalhada//marketplace,nan,nan
21,21,0,Cavalhada//pharmacy,nan,nan
21,21,0,Cavalhada//gas_station,nan,nan
21,21,0,Cavalhada//shopping_mall,nan,nan
21,21,0,Centro Histórico//home,0.15947510974129075,0.10301671803493041
21,21,0,Centro Histórico//work,0.4210301650540694,0.6666666666666666
21,21,0,Centro Histórico//school,0.4040284360189573,0.6666666666666666
21,21,0,Centro Histórico//marketplace,nan,nan
21,21,0,Centro Histórico//pharmacy,nan,nan
21,21,0,Centro Histórico//gas_station,nan,nan
21,21,0,Centro Histórico//hospital,nan,nan
21,21,0,Centro Histórico//shopping_mall,nan,nan
21,21,0,Chácara das Pedras//home,0.19026421596783458,0.1742293700938158
21,21,0,Chácara das Pedras//work,0.44011009870918755,0.6666666666666666
21,21,0,Chácara das Pedras//school,0.4246031746031746,0.6666666666666666
21,21,0,Chácara das Pedras//marketplace,nan,nan
21,21,0,Chácara das Pedras//pharmacy,nan,nan
21,21,0,Chácara das Pedras//gas_station,nan,nan
21,21,0,Chapéu do Sol//home,0.5325751734772552,0.20560267283474684
21,21,0,Chapéu do Sol//work,0.47714745062011943,0.6666666666666666
21,21,0,Chapéu do Sol//school,0.6530898876404494,0.6666666666666666
21,21,0,Chapéu do Sol//marketplace,nan,nan
21,21,0,Chapéu do Sol//pharmacy,nan,nan
21,21,0,Chapéu do Sol//gas_station,nan,nan
21,21,0,Cidade Baixa//home,0.2138364779874214,0.0490971799553662
21,21,0,Cidade Baixa//work,0.42645998558038933,0.6666666666666666
21,21,0,Cidade Baixa//school,0.32983193277310924,0.6666666666666666
21,21,0,Cidade Baixa//marketplace,nan,nan
21,21,0,Cidade Baixa//pharmacy,nan,nan
21,21,0,Cidade Baixa//gas_station,nan,nan
21,21,0,Cel. Aparício Borges//home,0.4383116883116883,0.137846405562941
21,21,0,Cel. Aparício Borges//work,0.43591734352603917,0.6666666666666666
21,21,0,Cel. Aparício Borges//school,0.5008196721311475,0.6666666666666666
21,21,0,Cel. Aparício Borges//marketplace,nan,nan
21,21,0,Cel. Aparício Borges//pharmacy,nan,nan
21,21,0,Cel. Aparício Borges//gas_station,nan,nan
21,21,0,Costa e Silva//home,0.477427597955707,0.24959594635914908
21,21,0,Costa e Silva//work,0.4491589065785521,0.6666666666666666
21,21,0,Costa e Silva//school,0.362396694214876,0.6666666666666666
21,21,0,Costa e Silva//marketplace,nan,nan
21,21,0,Costa e Silva//pharmacy,nan,nan
21,21,0,Costa e Silva//gas_station,nan,nan
21,21,0,Cristal//home,0.374221132175527,0.2172433602898935
21,21,0,Cristal//work,0.4546708711076074,0.6666666666666666
21,21,0,Cristal//school,0.36338868707836014,0.6666666666666666
21,21,0,Cristal//marketplace,nan,nan
21,21,0,Cristal//pharmacy,nan,nan
21,21,0,Cristal//gas_station,nan,nan
21,21,0,Cristo Redentor//home,0.17271039603960395,0.16493399339933992
21,21,0,Cristo Redentor//work,0.4635135135135135,0.6666666666666666
21,21,0,Cristo Redentor//school,0.46847507331378296,0.6666666666666666
21,21,0,Cristo Redentor//marketplace,nan,nan
21,21,0,Cristo Redentor//pharmacy,nan,nan
21,21,0,Cristo Redentor//gas_station,nan,nan
21,21,0,Cristo Redentor//hospital,nan,nan
21,21,0,Cristo Redentor//shopping_mall,nan,nan
21,21,0,Espírito Santo//home,0.2895271518285925,0.1785494397241719
21,21,0,Espírito Santo//work,0.45774111675126905,0.6666666666666666
21,21,0,Espírito Santo//school,0.40476190476190477,0.6666666666666666
21,21,0,Espírito Santo//marketplace,nan,nan
21,21,0,Espírito Santo//pharmacy,nan,nan
21,21,0,Espírito Santo//gas_station,nan,nan
21,21,0,Extrema//home,0.4394164193867458,0.2334322453016815
21,21,0,Extrema//work,0.4708222811671088,0.6666666666666666
21,21,0,Extrema//school,0.6495098039215687,0.6666666666666666
21,21,0,Extrema//marketplace,nan,nan
21,21,0,Extrema//pharmacy,nan,nan
21,21,0,Extrema//gas_station,nan,nan
21,21,0,Farrapos//home,0.4562554680664917,0.22513852435112278
21,21,0,Farrapos//work,0.44054152945481156,0.6666666666666666
21,21,0,Farrapos//school,0.5440705128205128,0.6666666666666666
21,21,0,Farrapos//marketplace,nan,nan
21,21,0,Farrapos//pharmacy,nan,nan
21,21,0,Farrapos//gas_station,nan,nan
21,21,0,Farrapos//stadium,nan,nan
21,21,0,Farroupilha//home,0.2034510433386838,0.04066345639379347
21,21,0,Farroupilha//work,0.42449691015686897,0.6666666666666666
21,21,0,Farroupilha//school,0.4486947063089195,0.6666666666666666
21,21,0,Farroupilha//marketplace,nan,nan
21,21,0,Farroupilha//pharmacy,nan,nan
21,21,0,Farroupilha//gas_station,nan,nan
21,21,0,Farroupilha//hospital,nan,nan
21,21,0,Floresta//home,0.15993295695130558,0.22030110562220653
21,21,0,Floresta//work,0.413135593220339,0.6666666666666666
21,21,0,Floresta//school,0.34448275862068967,0.6666666666666666
21,21,0,Floresta//marketplace,nan,nan
21,21,0,Floresta//pharmacy,nan,nan
21,21,0,Floresta//gas_station,nan,nan
21,21,0,Glória//home,0.27775073028237585,0.1423058891413322
21,21,0,Glória//work,0.43457943925233644,0.6666666666666666
21,21,0,Glória//school,0.4979050279329609,0.6666666666666666
21,21,0,Glória//marketplace,nan,nan
21,21,0,Glória//pharmacy,nan,nan
21,21,0,Glória//gas_station,nan,nan
21,21,0,Glória//hospital,nan,nan
21,21,0,Guarujá//home,0.30080409356725146,0.10818713450292397
21,21,0,Guarujá//work,0.46250941974378296,0.6666666666666666
21,21,0,Guarujá//school,0.5184948979591837,0.6666666666666666
21,21,0,Guarujá//marketplace,nan,nan
21,21,0,Guarujá//pharmacy,nan,nan
21,21,0,Guarujá//gas_station,nan,nan
21,21,0,Higienópolis//home,0.24461241556770666,0.08920338801329473
21,21,0,Higienópolis//work,0.442340644276902,0.6666666666666666
21,21,0,Higienópolis//school,0.3098991172761665,0.6666666666666666
21,21,0,Higienópolis//marketplace,nan,nan
21,21,0,Higienópolis//pharmacy,nan,nan
21,21,0,Higienópolis//gas_station,nan,nan
21,21,0,Hípica//home,0.3080224417377961,0.10805281161088201
21,21,0,Hípica//work,0.45889487870619944,0.6666666666666666
21,21,0,Hípica//school,0.40978050355067785,0.6666666666666666
21,21,0,Hípica//marketplace,nan,nan
21,21,0,Hípica//pharmacy,nan,nan
21,21,0,Hípica//gas_station,nan,nan
21,21,0,Humaitá//home,0.2599711361847284,0.059826817108370504
21,21,0,Humaitá//work,0.4626773596545342,0.6666666666666666
21,21,0,Humaitá//school,0.48487544483985767,0.6666666666666666
21,21,0,Humaitá//marketplace,nan,nan
21,21,0,Humaitá//pharmacy,nan,nan
21,21,0,Humaitá//gas_station,nan,nan
21,21,0,Independência//home,0.16608128449573506,0.2321458437865864
21,21,0,Independência//work,0.4071696094168004,0.6666666666666666
21,21,0,Independência//school,0.4827188940092166,0.6666666666666666
21,21,0,Independência//marketplace,nan,nan
21,21,0,Independência//pharmacy,nan,nan
21,21,0,Independência//gas_station,nan,nan
21,21,0,Independência//hospital,nan,nan
21,21,0,Independência//shopping_mall,nan,nan
21,21,0,Ipanema//home,0.22271494746356343,0.05483372876887734
21,21,0,Ipanema//work,0.44855743059335873,0.6666666666666666
21,21,0,Ipanema//school,0.6436781609195402,0.6666666666666666
21,21,0,Ipanema//marketplace,nan,nan
21,21,0,Ipanema//pharmacy,nan,nan
21,21,0,Ipanema//gas_station,nan,nan
21,21,0,Jardim Botânico//home,0.19810463848855517,0.05732509789673408
21,21,0,Jardim Botânico//work,0.46275715299125086,0.6666666666666666
21,21,0,Jardim Botânico//school,0.4003623188405797,0.6666666666666666
21,21,0,Jardim Botânico//marketplace,nan,nan
21,21,0,Jardim Botânico//pharmacy,nan,nan
21,21,0,Jardim Botânico//gas_station,nan,nan
21,21,0,Jardim Botânico//hospital,nan,nan
21,21,0,Jardim Botânico//shopping_mall,nan,nan
21,21,0,Jardim Carvalho//home,0.3169516628517571,0.0942507068803016
21,21,0,Jardim Carvalho//work,0.4468100256337226,0.6666666666666666
21,21,0,Jardim Carvalho//school,0.5155339805825243,0.6666666666666666
21,21,0,Jardim Carvalho//marketplace,nan,nan
21,21,0,Jardim Carvalho//pharmacy,nan,nan
21,21,0,Jardim Carvalho//gas_station,nan,nan
21,21,0,Jardim Carvalho//hospital,nan,nan
21,21,0,Jardim do Salso//home,0.22026816945200156,0.10752688172043011
21,21,0,Jardim do Salso//work,0.44925006464959916,0.6666666666666666
21,21,0,Jardim do Salso//school,0.5173545966228893,0.6666666666666666
21,21,0,Jardim do Salso//marketplace,nan,nan
21,21,0,Jardim do Salso//pharmacy,nan,nan
21,21,0,Jardim do Salso//gas_station,nan,nan
21,21,0,Jardim Leopoldina//home,0.22178254744344078,0.09392005745697633
21,21,0,Jardim Leopoldina//work,0.4276150627615063,0.6666666666666666
21,21,0,Jardim Leopoldina//school,0.3274468085106383,0.6666666666666666
21,21,0,Jardim Leopoldina//marketplace,nan,nan
21,21,0,Jardim Leopoldina//pharmacy,nan,nan
21,21,0,Jardim Leopoldina//gas_station,nan,nan
21,21,0,Jardim Europa//home,0.6213872832369942,0.5240847784200385
21,21,0,Jardim Europa//work,0.43097774992165466,0.6666666666666666
21,21,0,Jardim Europa//school,0.5743243243243243,0.6666666666666666
21,21,0,Jardim Europa//marketplace,nan,nan
21,21,0,Jardim Europa//pharmacy,nan,nan
21,21,0,Jardim Europa//gas_station,nan,nan
21,21,0,Jardim Europa//shopping_mall,nan,nan
21,21,0,Jardim Floresta//home,0.30272346368715086,0.3649906890130354
21,21,0,Jardim Floresta//work,0.421322347266881,0.6666666666666666
21,21,0,Jardim Floresta//school,0.5978260869565217,0.6666666666666666
21,21,0,Jardim Floresta//marketplace,nan,nan
21,21,0,Jardim Floresta//pharmacy,nan,nan
21,21,0,Jardim Floresta//gas_station,nan,nan
21,21,0,Jardim Isabel//home,0.2542563845768653,0.06776831914538474
21,21,0,Jardim Isabel//work,0.44745649263721554,0.6666666666666666
21,21,0,Jardim Isabel//school,0.6435779816513761,0.6666666666666666
21,21,0,Jardim Isabel//marketplace,nan,nan
21,21,0,Jardim Isabel//pharmacy,nan,nan
21,21,0,Jardim Isabel//gas_station,nan,nan
21,21,0,Jardim Itú//home,0.27799377916018664,0.11106791083462934
21,21,0,Jardim Itú//work,0.4316261879619852,0.6666666666666666
21,21,0,Jardim Itú//school,0.5611432706222865,0.6666666666666666
21,21,0,Jardim Itú//marketplace,nan,nan
21,21,0,Jardim Itú//pharmacy,nan,nan
21,21,0,Jardim Itú//gas_station,nan,nan
21,21,0,Jardim Lindóia//home,0.24582637729549248,0.30695603784084585
21,21,0,Jardim Lindóia//work,0.42167011732229126,0.6666666666666666
21,21,0,Jardim Lindóia//school,0.5388888888888889,0.6666666666666666
21,21,0,Jardim Lindóia//marketplace,nan,nan
21,21,0,Jardim Lindóia//pharmacy,nan,nan
21,21,0,Jardim Lindóia//gas_station,nan,nan
21,21,0,Jardim Lindóia//shopping_mall,nan,nan
21,21,0,Jardim Sabará//home,0.26148535294876757,0.14926657203079968
21,21,0,Jardim Sabará//work,0.44770362396842484,0.6666666666666666
21,21,0,Jardim Sabará//school,0.46598414795244386,0.6666666666666666
21,21,0,Jardim Sabará//marketplace,nan,nan
21,21,0,Jardim Sabará//pharmacy,nan,nan
21,21,0,Jardim Sabará//gas_station,nan,nan
21,21,0,Jardim São Pedro//home,0.20119705340699817,0.03756906077348066
21,21,0,Jardim São Pedro//work,0.43255159474671667,0.6666666666666666
21,21,0,Jardim São Pedro//school,0.6492395437262357,0.6666666666666666
21,21,0,Jardim São Pedro//marketplace,nan,nan
21,21,0,Jardim São Pedro//pharmacy,nan,nan
21,21,0,Jardim São Pedro//gas_station,nan,nan
21,21,0,Lageado//home,0.38746630727762804,0.1039661147477859
21,21,0,Lageado//work,0.4480452674897119,0.6666666666666666
21,21,0,Lageado//school,0.5625,0.6666666666666666
21,21,0,Lageado//marketplace,nan,nan
21,21,0,Lageado//pharmacy,nan,nan
21,21,0,Lageado//gas_station,nan,nan
21,21,0,Lami//home,0.5250826901874311,0.3737596471885336
21,21,0,Lami//work,0.46914083741163676,0.6666666666666666
21,21,0,Lami//school,0.42696629213483145,0.6666666666666666
21,21,0,Lami//marketplace,nan,nan
21,21,0,Lami//pharmacy,nan,nan
21,21,0,Lami//gas_station,nan,nan
21,21,0,Lomba do Pinheiro//home,0.4482677370080276,0.12774762477385246
21,21,0,Lomba do Pinheiro//work,0.44954940457032505,0.6666666666666666
21,21,0,Lomba do Pinheiro//school,0.40401897154268596,0.6666666666666666
21,21,0,Lomba do Pinheiro//marketplace,nan,nan
21,21,0,Lomba do Pinheiro//pharmacy,nan,nan
21,21,0,Lomba do Pinheiro//gas_station,nan,nan
21,21,0,Mário Quintana//home,0.4638918773534158,0.09894806048652202
21,21,0,Mário Quintana//work,0.4822340661781035,0.6666666666666666
21,21,0,Mário Quintana//school,0.44292803970223327,0.6666666666666666
21,21,0,Mário Quintana//marketplace,nan,nan
21,21,0,Mário Quintana//pharmacy,nan,nan
21,21,0,Mário Quintana//gas_station,nan,nan
21,21,0,Medianeira//home,0.21002284408909194,0.0653912050256996
21,21,0,Medianeira//work,0.43554079302470416,0.6666666666666666
21,21,0,Medianeira//school,0.5395114942528736,0.6666666666666666
21,21,0,Medianeira//marketplace,nan,nan
21,21,0,Medianeira//pharmacy,nan,nan
21,21,0,Medianeira//gas_station,nan,nan
21,21,0,Menino Deus//home,0.18418172722156212,0.14362245429720885
21,21,0,Menino Deus//work,0.43323183993040454,0.6666666666666666
21,21,0,Menino Deus//school,0.44659442724458204,0.6666666666666666
21,21,0,Menino Deus//marketplace,nan,nan
21,21,0,Menino Deus//pharmacy,nan,nan
21,21,0,Menino Deus//gas_station,nan,nan
21,21,0,Menino Deus//hospital,nan,nan
21,21,0,Moinhos de Vento//home,0.23748964374482187,0.1451532725766363
21,21,0,Moinhos de Vento//work,0.4514948614138898,0.6666666666666666
21,21,0,Moinhos de Vento//school,0.6247993579454254,0.6666666666666666
21,21,0,Moinhos de Vento//marketplace,nan,nan
21,21,0,Moinhos de Vento//pharmacy,nan,nan
21,21,0,Moinhos de Vento//gas_station,nan,nan
21,21,0,Moinhos de Vento//hospital,nan,nan
21,21,0,Moinhos de Vento//shopping_mall,nan,nan
21,21,0,Mont'Serrat//home,0.2005232379193598,0.10033856571252693
21,21,0,Mont'Serrat//work,0.43724966622162886,0.6666666666666666
21,21,0,Mont'Serrat//school,0.50875,0.6666666666666666
21,21,0,Mont'Serrat//marketplace,nan,nan
21,21,0,Mont'Serrat//pharmacy,nan,nan
21,21,0,Mont'Serrat//gas_station,nan,nan
21,21,0,Morro Santana//home,0.3271877615549149,0.1117827583000093
21,21,0,Morro Santana//work,0.4532272624689686,0.6666666666666666
21,21,0,Morro Santana//school,0.6252462245567958,0.6666666666666666
21,21,0,Morro Santana//marketplace,nan,nan
21,21,0,Morro Santana//pharmacy,nan,nan
21,21,0,Morro Santana//gas_station,nan,nan
21,21,0,Navegantes//home,0.21359130766298132,0.07116533231668573
21,21,0,Navegantes//work,0.42111759425493717,0.6666666666666666
21,21,0,Navegantes//school,0.3581242532855436,0.6666666666666666
21,21,0,Navegantes//marketplace,nan,nan
21,21,0,Navegantes//pharmacy,nan,nan
21,21,0,Navegantes//gas_station,nan,nan
21,21,0,Navegantes//shopping_mall,nan,nan
21,21,0,Nonoai//home,0.2656578639869128,0.14032354392251564
21,21,0,Nonoai//work,0.438417454252966,0.6666666666666666
21,21,0,Nonoai//school,0.34356477561388654,0.6666666666666666
21,21,0,Nonoai//marketplace,nan,nan
21,21,0,Nonoai//pharmacy,nan,nan
21,21,0,Nonoai//gas_station,nan,nan
21,21,0,Parque Santa Fé//home,0.2975,0.09666666666666666
21,21,0,Parque Santa Fé//work,0.4522229083050324,0.6666666666666666
21,21,0,Parque Santa Fé//school,0.465,0.6666666666666666
21,21,0,Parque Santa Fé//marketplace,nan,nan
21,21,0,Parque Santa Fé//pharmacy,nan,nan
21,21,0,Parque Santa Fé//gas_station,nan,nan
21,21,0,Partenon//home,0.2610244368383348,0.13356682321101648
21,21,0,Partenon//work,0.44204573096570177,0.6666666666666666
21,21,0,Partenon//school,0.4343039772727273,0.6666666666666666
21,21,0,Partenon//marketplace,nan,nan
21,21,0,Partenon//pharmacy,nan,nan
21,21,0,Partenon//gas_station,nan,nan
21,21,0,Passo D'Areia//home,0.08988555291319858,0.09616527942925089
21,21,0,Passo D'Areia//work,0.4263636363636364,0.6666666666666666
21,21,0,Passo D'Areia//school,0.5290262172284644,0.6666666666666666
21,21,0,Passo D'Areia//marketplace,nan,nan
21,21,0,Passo D'Areia//pharmacy,nan,nan
21,21,0,Passo D'Areia//gas_station,nan,nan
21,21,0,Passo das Pedras//home,0.3661510514147308,0.10040735439832654
21,21,0,Passo das Pedras//work,0.44403920674720765,0.6666666666666666
21,21,0,Passo das Pedras//school,0.41503667481662593,0.6666666666666666
21,21,0,Passo das Pedras//marketplace,nan,nan
21,21,0,Passo das Pedras//pharmacy,nan,nan
21,21,0,Passo das Pedras//gas_station,nan,nan
21,21,0,Pedra Redonda//home,0.30656934306569344,0.22384428223844283
21,21,0,Pedra Redonda//work,0.44567979669631513,0.6666666666666666
21,21,0,Pedra Redonda//school,0.6781767955801105,0.6666666666666666
21,21,0,Pedra Redonda//marketplace,nan,nan
21,21,0,Pedra Redonda//pharmacy,nan,nan
21,21,0,Pedra Redonda//gas_station,nan,nan
21,21,0,Petrópolis//home,0.19774204962625502,0.08194376870567768
21,21,0,Petrópolis//work,0.4280765423952491,0.6666666666666666
21,21,0,Petrópolis//school,0.5081726739312658,0.6666666666666666
21,21,0,Petrópolis//marketplace,nan,nan
21,21,0,Petrópolis//pharmacy,nan,nan
21,21,0,Petrópolis//gas_station,nan,nan
21,21,0,Pitinga//home,0.37525987525987525,0.042042042042042045
21,21,0,Pitinga//work,0.4810149041873669,0.6666666666666666
21,21,0,Pitinga//school,0.5601449275362319,0.6666666666666666
21,21,0,Pitinga//marketplace,nan,nan
21,21,0,Pitinga//pharmacy,nan,nan
21,21,0,Pitinga//gas_station,nan,nan
21,21,0,Ponta Grossa//home,0.4809746328437917,0.32879394748553625
21,21,0,Ponta Grossa//work,0.4559285433843738,0.6666666666666666
21,21,0,Ponta Grossa//school,0.6446015424164524,0.6666666666666666
21,21,0,Ponta Grossa//marketplace,nan,nan
21,21,0,Ponta Grossa//pharmacy,nan,nan
21,21,0,Ponta Grossa//gas_station,nan,nan
21,21,0,Praia de Belas//home,0.3191333982473223,0.35118468029860433
21,21,0,Praia de Belas//work,0.4314873417721519,0.6666666666666666
21,21,0,Praia de Belas//school,0.3893643031784841,0.6666666666666666
21,21,0,Praia de Belas//marketplace,nan,nan
21,21,0,Praia de Belas//pharmacy,nan,nan
21,21,0,Praia de Belas//gas_station,nan,nan
21,21,0,Praia de Belas//stadium,nan,nan
21,21,0,Praia de Belas//shopping_mall,nan,nan
21,21,0,Restinga//home,0.4036937814580289,0.10057909833847486
21,21,0,Restinga//work,0.44953583765112265,0.6666666666666666
21,21,0,Restinga//school,0.5181623931623932,0.6666666666666666
21,21,0,Restinga//marketplace,nan,nan
21,21,0,Restinga//pharmacy,nan,nan
21,21,0,Restinga//gas_station,nan,nan
21,21,0,Restinga//hospital,nan,nan
21,21,0,Rio Branco//home,0.15832385286310202,0.06453040070787511
21,21,0,Rio Branco//work,0.41923191870890614,0.6666666666666666
21,21,0,Rio Branco//school,0.4387608069164265,0.6666666666666666
21,21,0,Rio Branco//marketplace,nan,nan
21,21,0,Rio Branco//pharmacy,nan,nan
21,21,0,Rio Branco//gas_station,nan,nan
21,21,0,Rio Branco//hospital,nan,nan
21,21,0,Rubem Berta//home,0.2648065440069906,0.08239882194928556
21,21,0,Rubem Berta//work,0.42985802076711166,0.6666666666666666
21,21,0,Rubem Berta//school,0.599483204134367,0.6666666666666666
21,21,0,Rubem Berta//marketplace,nan,nan
21,21,0,Rubem Berta//pharmacy,nan,nan
21,21,0,Rubem Berta//gas_station,nan,nan
21,21,0,Santa Cecília//home,0.14045307443365695,0.11736785329018339
21,21,0,Santa Cecília//work,0.4365079365079365,0.6666666666666666
21,21,0,Santa Cecília//school,0.3442622950819672,0.6666666666666666
21,21,0,Santa Cecília//marketplace,nan,nan
21,21,0,Santa Cecília//pharmacy,nan,nan
21,21,0,Santa Cecília//gas_station,nan,nan
21,21,0,Santa Cecília//hospital,nan,nan
21,21,0,Santa Maria Goretti//home,0.447220867869332,0.08971233544612384
21,21,0,Santa Maria Goretti//work,0.43873762376237624,0.6666666666666666
21,21,0,Santa Maria Goretti//school,0.49074074074074076,0.6666666666666666
21,21,0,Santa Maria Goretti//marketplace,nan,nan
21,21,0,Santa Maria Goretti//pharmacy,nan,nan
21,21,0,Santa Maria Goretti//gas_station,nan,nan
21,21,0,Santa Rosa de Lima//home,0.33253738543174144,0.10168837433671009
21,21,0,Santa Rosa de Lima//work,0.43209506690633115,0.6666666666666666
21,21,0,Santa Rosa de Lima//school,0.48466833541927407,0.6666666666666666
21,21,0,Santa Rosa de Lima//marketplace,nan,nan
21,21,0,Santa Rosa de Lima//pharmacy,nan,nan
21,21,0,Santa Rosa de Lima//gas_station,nan,nan
21,21,0,Santa Tereza//home,0.34105403774885806,0.08914361228417939
21,21,0,Santa Tereza//work,0.43383570718781056,0.6666666666666666
21,21,0,Santa Tereza//school,0.4516491754122939,0.6666666666666666
21,21,0,Santa Tereza//marketplace,nan,nan
21,21,0,Santa Tereza//pharmacy,nan,nan
21,21,0,Santa Tereza//gas_station,nan,nan
21,21,0,Santana//home,0.1239359733530718,0.15809277078707132
21,21,0,Santana//work,0.43115468409586055,0.6666666666666666
21,21,0,Santana//school,0.5032808398950132,0.6666666666666666
21,21,0,Santana//marketplace,nan,nan
21,21,0,Santana//pharmacy,nan,nan
21,21,0,Santana//gas_station,nan,nan
21,21,0,Santana//hospital,nan,nan
21,21,0,Santo Antônio//home,0.19227707006369427,0.0968683651804671
21,21,0,Santo Antônio//work,0.43285541195476573,0.6666666666666666
21,21,0,Santo Antônio//school,0.5251396648044693,0.6666666666666666
21,21,0,Santo Antônio//marketplace,nan,nan
21,21,0,Santo Antônio//pharmacy,nan,nan
21,21,0,Santo Antônio//gas_station,nan,nan
21,21,0,São Caetano//home,0.24523052464228934,0.13142554319024907
21,21,0,São Caetano//work,0.4232399557685219,0.6666666666666666
21,21,0,São Caetano//school,0.5540540540540541,0.6666666666666666
21,21,0,São Caetano//marketplace,nan,nan
21,21,0,São Caetano//pharmacy,nan,nan
21,21,0,São Caetano//gas_station,nan,nan
21,21,0,São Geraldo//home,0.21512284665348771,0.3194954344347171
21,21,0,São Geraldo//work,0.41127292340884575,0.6666666666666666
21,21,0,São Geraldo//school,0.35786724031960665,0.6666666666666666
21,21,0,São Geraldo//marketplace,nan,nan
21,21,0,São Geraldo//pharmacy,nan,nan
21,21,0,São Geraldo//gas_station,nan,nan
21,21,0,São João//home,0.18526613525327848,0.11768235193280192
21,21,0,São João//work,0.41640181611804766,0.6666666666666666
21,21,0,São João//school,0.3292019347037485,0.6666666666666666
21,21,0,São João//marketplace,nan,nan
21,21,0,São João//pharmacy,nan,nan
21,21,0,São João//gas_station,nan,nan
21,21,0,São João//shopping_mall,nan,nan
21,21,0,São Sebastião//home,0.29545454545454547,0.05550699300699301
21,21,0,São Sebastião//work,0.4537914691943128,0.6666666666666666
21,21,0,São Sebastião//school,0.6433333333333333,0.6666666666666666
21,21,0,São Sebastião//marketplace,nan,nan
21,21,0,São Sebastião//pharmacy,nan,nan
21,21,0,São Sebastião//gas_station,nan,nan
21,21,0,São Sebastião//shopping_mall,nan,nan
21,21,0,Sarandi//home,0.20032998762546406,0.213071176497548
21,21,0,Sarandi//work,0.44633620689655173,0.6666666666666666
21,21,0,Sarandi//school,0.5124854819976771,0.6666666666666666
21,21,0,Sarandi//marketplace,nan,nan
21,21,0,Sarandi//pharmacy,nan,nan
21,21,0,Sarandi//gas_station,nan,nan
21,21,0,Sarandi//shopping_mall,nan,nan
21,21,0,Serraria//home,0.4410221531286436,0.3308718745951548
21,21,0,Serraria//work,0.45466321243523317,0.6666666666666666
21,21,0,Serraria//school,0.38254237288135595,0.6666666666666666
21,21,0,Serraria//marketplace,nan,nan
21,21,0,Serraria//pharmacy,nan,nan
21,21,0,Serraria//gas_station,nan,nan
21,21,0,Sétimo Céu//home,0.41767922235722965,0.07047387606318348
21,21,0,Sétimo Céu//work,0.42832273690584316,0.6666666666666666
21,21,0,Sétimo Céu//school,0.5966312056737588,0.6666666666666666
21,21,0,Sétimo Céu//marketplace,nan,nan
21,21,0,Sétimo Céu//pharmacy,nan,nan
21,21,0,Sétimo Céu//gas_station,nan,nan
21,21,0,Teresópolis//home,0.2866779089376054,0.09202601782702963
21,21,0,Teresópolis//work,0.4280746127094531,0.6666666666666666
21,21,0,Teresópolis//school,0.43810289389067525,0.6666666666666666
21,21,0,Teresópolis//marketplace,nan,nan
21,21,0,Teresópolis//pharmacy,nan,nan
21,21,0,Teresópolis//gas_station,nan,nan
21,21,0,Teresópolis//hospital,nan,nan
21,21,0,Três Figueiras//home,0.1812159709618875,0.0735632183908046
21,21,0,Três Figueiras//work,0.43697094486387555,0.6666666666666666
21,21,0,Três Figueiras//school,0.3609107303877367,0.6666666666666666
21,21,0,Três Figueiras//marketplace,nan,nan
21,21,0,Três Figueiras//pharmacy,nan,nan
21,21,0,Três Figueiras//gas_station,nan,nan
21,21,0,Três Figueiras//shopping_mall,nan,nan
21,21,0,Tristeza//home,0.23386411889596603,0.10212314225053079
21,21,0,Tristeza//work,0.43659881255301103,0.6666666666666666
21,21,0,Tristeza//school,0.6331360946745562,0.6666666666666666
21,21,0,Tristeza//marketplace,nan,nan
21,21,0,Tristeza//pharmacy,nan,nan
21,21,0,Tristeza//gas_station,nan,nan
21,21,0,Vila Assunção//home,0.20349301397205588,0.11310711909514305
21,21,0,Vila Assunção//work,0.4455631399317406,0.6666666666666666
21,21,0,Vila Assunção//school,0.34066901408450706,0.6666666666666666
21,21,0,Vila Assunção//marketplace,nan,nan
21,21,0,Vila Assunção//pharmacy,nan,nan
21,21,0,Vila Assunção//gas_station,nan,nan
21,21,0,Vila Assunção//hospital,nan,nan
21,21,0,Vila Conceição//home,0.23072646404744254,0.2213985668396343
21,21,0,Vila Conceição//work,0.423841059602649,0.6666666666666666
21,21,0,Vila Conceição//school,0.556390977443609,0.6666666666666666
21,21,0,Vila Conceição//marketplace,nan,nan
21,21,0,Vila Conceição//pharmacy,nan,nan
21,21,0,Vila Conceição//gas_station,nan,nan
21,21,0,Vila Ipiranga//home,0.2987963240435521,0.13638331169047382
21,21,0,Vila Ipiranga//work,0.4428449744463373,0.6666666666666666
21,21,0,Vila Ipiranga//school,0.4394366197183099,0.6666666666666666
21,21,0,Vila Ipiranga//marketplace,nan,nan
21,21,0,Vila Ipiranga//pharmacy,nan,nan
21,21,0,Vila Ipiranga//gas_station,nan,nan
21,21,0,Vila Jardim//home,0.16440101954120645,0.09430756159728122
21,21,0,Vila Jardim//work,0.452416918429003,0.6666666666666666
21,21,0,Vila Jardim//school,0.6192365835222978,0.6666666666666666
21,21,0,Vila Jardim//marketplace,nan,nan
21,21,0,Vila Jardim//pharmacy,nan,nan
21,21,0,Vila Jardim//gas_station,nan,nan
21,21,0,Vila João Pessoa//home,0.340516525494104,0.20971045784199746
21,21,0,Vila João Pessoa//work,0.43027605779153766,0.6666666666666666
21,21,0,Vila João Pessoa//school,0.509272997032641,0.6666666666666666
21,21,0,Vila João Pessoa//marketplace,nan,nan
21,21,0,Vila João Pessoa//pharmacy,nan,nan
21,21,0,Vila João Pessoa//gas_station,nan,nan
21,21,0,Vila Nova//home,0.2597832101000956,0.07568365105712321
21,21,0,Vila Nova//work,0.42916666666666664,0.6666666666666666
21,21,0,Vila Nova//school,0.41248541423570595,0.6666666666666666
21,21,0,Vila Nova//marketplace,nan,nan
21,21,0,Vila Nova//pharmacy,nan,nan
21,21,0,Vila Nova//gas_station,nan,nan
21,21,0,Vila Nova//hospital,nan,nan
21,21,0,São José//home,0.32614834977883633,0.10162186684813429
21,21,0,São José//work,0.4714611872146119,0.6666666666666666
21,21,0,São José//school,0.506797583081571,0.6666666666666666
21,21,0,São José//marketplace,nan,nan
21,21,0,São José//pharmacy,nan,nan
21,21,0,São José//gas_station,nan,nan
22,22,0,Aberta dos Morros//home,0.32332521315468943,0.13430775477060494
22,22,0,Aberta dos Morros//work,0.45540488922841865,0.6666666666666666
22,22,0,Aberta dos Morros//school,nan,nan
22,22,0,Aberta dos Morros//marketplace,nan,nan
22,22,0,Aberta dos Morros//pharmacy,nan,nan
22,22,0,Aberta dos Morros//gas_station,nan,nan
22,22,0,Agronomia//home,0.45540796963946867,0.349146110056926
22,22,0,Agronomia//work,0.45454545454545453,0.6666666666666666
22,22,0,Agronomia//school,nan,nan
22,22,0,Agronomia//marketplace,nan,nan
22,22,0,Agronomia//pharmacy,nan,nan
22,22,0,Agronomia//gas_station,nan,nan
22,22,0,Anchieta//home,0.3889593908629442,0.09475465313028765
22,22,0,Anchieta//work,0.43986289987536353,0.6666666666666666
22,22,0,Anchieta//school,nan,nan
22,22,0,Anchieta//marketplace,nan,nan
22,22,0,Anchieta//pharmacy,nan,nan
22,22,0,Anchieta//gas_station,nan,nan
22,22,0,Arquipélago//home,0.37343582409724707,0.021213204624001905
22,22,0,Arquipélago//work,0.4352997145575642,0.6666666666666666
22,22,0,Arquipélago//school,nan,nan
22,22,0,Arquipélago//marketplace,nan,nan
22,22,0,Arquipélago//pharmacy,nan,nan
22,22,0,Arquipélago//gas_station,nan,nan
22,22,0,Auxiliadora//home,0.14602262986456369,0.09691982398994228
22,22,0,Auxiliadora//work,0.42965917331399567,0.6666666666666666
22,22,0,Auxiliadora//school,nan,nan
22,22,0,Auxiliadora//marketplace,nan,nan
22,22,0,Auxiliadora//pharmacy,nan,nan
22,22,0,Auxiliadora//gas_station,nan,nan
22,22,0,Azenha//home,0.15869318181818182,0.055
22,22,0,Azenha//work,0.4248709122203098,0.6666666666666666
22,22,0,Azenha//school,nan,nan
22,22,0,Azenha//marketplace,nan,nan
22,22,0,Azenha//pharmacy,nan,nan
22,22,0,Azenha//gas_station,nan,nan
22,22,0,Azenha//hospital,nan,nan
22,22,0,Azenha//shopping_mall,nan,nan
22,22,0,Bela Vista//home,0.2037050623624358,0.1289312790413304
22,22,0,Bela Vista//work,0.41942235244872333,0.6666666666666666
22,22,0,Bela Vista//school,nan,nan
22,22,0,Bela Vista//marketplace,nan,nan
22,22,0,Bela Vista//pharmacy,nan,nan
22,22,0,Bela Vista//gas_station,nan,nan
22,22,0,Belém Novo//home,0.31139620126624457,0.10740864156392314
22,22,0,Belém Novo//work,0.4378257632166791,0.6666666666666666
22,22,0,Belém Novo//school,nan,nan
22,22,0,Belém Novo//marketplace,nan,nan
22,22,0,Belém Novo//pharmacy,nan,nan
22,22,0,Belém Novo//gas_station,nan,nan
22,22,0,Belém Velho//home,0.42515099223468505,0.19327006039689387
22,22,0,Belém Velho//work,0.44923285198555957,0.6666666666666666
22,22,0,Belém Velho//school,nan,nan
22,22,0,Belém Velho//marketplace,nan,nan
22,22,0,Belém Velho//pharmacy,nan,nan
22,22,0,Belém Velho//gas_station,nan,nan
22,22,0,Boa Vista//home,0.2268545419329847,0.22893666472980825
22,22,0,Boa Vista//work,0.4328421821724306,0.6666666666666666
22,22,0,Boa Vista//school,nan,nan
22,22,0,Boa Vista//marketplace,nan,nan
22,22,0,Boa Vista//pharmacy,nan,nan
22,22,0,Boa Vista//gas_station,nan,nan
22,22,0,Boa Vista do Sul//home,0.3648919135308247,0.1830797971710702
22,22,0,Boa Vista do Sul//work,0.4519669827889006,0.6666666666666666
22,22,0,Boa Vista do Sul//school,nan,nan
22,22,0,Boa Vista do Sul//marketplace,nan,nan
22,22,0,Boa Vista do Sul//pharmacy,nan,nan
22,22,0,Boa Vista do Sul//gas_station,nan,nan
22,22,0,Bom Fim//home,0.10757414313621026,0.28035280885573904
22,22,0,Bom Fim//work,0.4227648499693815,0.6666666666666666
22,22,0,Bom Fim//school,nan,nan
22,22,0,Bom Fim//marketplace,nan,nan
22,22,0,Bom Fim//pharmacy,nan,nan
22,22,0,Bom Fim//gas_station,nan,nan
22,22,0,Bom Jesus//home,0.4083606557377049,0.11974167908594138
22,22,0,Bom Jesus//work,0.43565104729000215,0.6666666666666666
22,22,0,Bom Jesus//school,nan,nan
22,22,0,Bom Jesus//marketplace,nan,nan
22,22,0,Bom Jesus//pharmacy,nan,nan
22,22,0,Bom Jesus//gas_station,nan,nan
22,22,0,Camaquã//home,0.23065257352941176,0.0917892156862745
22,22,0,Camaquã//work,0.46924231057764443,0.6666666666666666
22,22,0,Camaquã//school,nan,nan
22,22,0,Camaquã//marketplace,nan,nan
22,22,0,Camaquã//pharmacy,nan,nan
22,22,0,Camaquã//gas_station,nan,nan
22,22,0,Campo Novo//home,0.29747054747054746,0.03199353199353199
22,22,0,Campo Novo//work,0.46727748691099474,0.6666666666666666
22,22,0,Campo Novo//school,nan,nan
22,22,0,Campo Novo//marketplace,nan,nan
22,22,0,Campo Novo//pharmacy,nan,nan
22,22,0,Campo Novo//gas_station,nan,nan
22,22,0,Cascata//home,0.4111248214053773,0.1108369052257869
22,22,0,Cascata//work,0.44936993699369937,0.6666666666666666
22,22,0,Cascata//school,nan,nan
22,22,0,Cascata//marketplace,nan,nan
22,22,0,Cascata//pharmacy,nan,nan
22,22,0,Cascata//gas_station,nan,nan
22,22,0,Cavalhada//home,0.2419682063253849,0.08255979841772738
22,22,0,Cavalhada//work,0.42601495726495725,0.6666666666666666
22,22,0,Cavalhada//school,nan,nan
22,22,0,Cavalhada//marketplace,nan,nan
22,22,0,Cavalhada//pharmacy,nan,nan
22,22,0,Cavalhada//gas_station,nan,nan
22,22,0,Cavalhada//shopping_mall,nan,nan
22,22,0,Centro Histórico//home,0.16854954726241855,0.09548390736509549
22,22,0,Centro Histórico//work,0.42468119022316686,0.6666666666666666
22,22,0,Centro Histórico//school,nan,nan
22,22,0,Centro Histórico//marketplace,nan,nan
22,22,0,Centro Histórico//pharmacy,nan,nan
22,22,0,Centro Histórico//gas_station,nan,nan
22,22,0,Centro Histórico//hospital,nan,nan
22,22,0,Centro Histórico//shopping_mall,nan,nan
22,22,0,Chácara das Pedras//home,0.16991869918699187,0.16440831074977416
22,22,0,Chácara das Pedras//work,0.44011009870918755,0.6666666666666666
22,22,0,Chácara das Pedras//school,nan,nan
22,22,0,Chácara das Pedras//marketplace,nan,nan
22,22,0,Chácara das Pedras//pharmacy,nan,nan
22,22,0,Chácara das Pedras//gas_station,nan,nan
22,22,0,Chapéu do Sol//home,0.48547400611620795,0.15208970438328237
22,22,0,Chapéu do Sol//work,0.47714745062011943,0.6666666666666666
22,22,0,Chapéu do Sol//school,nan,nan
22,22,0,Chapéu do Sol//marketplace,nan,nan
22,22,0,Chapéu do Sol//pharmacy,nan,nan
22,22,0,Chapéu do Sol//gas_station,nan,nan
22,22,0,Cidade Baixa//home,0.19963432471964895,0.023208191126279865
22,22,0,Cidade Baixa//work,0.42467230079337703,0.6666666666666666
22,22,0,Cidade Baixa//school,nan,nan
22,22,0,Cidade Baixa//marketplace,nan,nan
22,22,0,Cidade Baixa//pharmacy,nan,nan
22,22,0,Cidade Baixa//gas_station,nan,nan
22,22,0,Cel. Aparício Borges//home,0.39147712303503995,0.11316998916893534
22,22,0,Cel. Aparício Borges//work,0.43591734352603917,0.6666666666666666
22,22,0,Cel. Aparício Borges//school,nan,nan
22,22,0,Cel. Aparício Borges//marketplace,nan,nan
22,22,0,Cel. Aparício Borges//pharmacy,nan,nan
22,22,0,Cel. Aparício Borges//gas_station,nan,nan
22,22,0,Costa e Silva//home,0.49425666754687086,0.29548455241616056
22,22,0,Costa e Silva//work,0.4502750434279097,0.6666666666666666
22,22,0,Costa e Silva//school,nan,nan
22,22,0,Costa e Silva//marketplace,nan,nan
22,22,0,Costa e Silva//pharmacy,nan,nan
22,22,0,Costa e Silva//gas_station,nan,nan
22,22,0,Cristal//home,0.3415689062685152,0.2040526128688233
22,22,0,Cristal//work,0.4546708711076074,0.6666666666666666
22,22,0,Cristal//school,nan,nan
22,22,0,Cristal//marketplace,nan,nan
22,22,0,Cristal//pharmacy,nan,nan
22,22,0,Cristal//gas_station,nan,nan
22,22,0,Cristo Redentor//home,0.20639758374519496,0.1646714259564342
22,22,0,Cristo Redentor//work,0.4635135135135135,0.6666666666666666
22,22,0,Cristo Redentor//school,nan,nan
22,22,0,Cristo Redentor//marketplace,nan,nan
22,22,0,Cristo Redentor//pharmacy,nan,nan
22,22,0,Cristo Redentor//gas_station,nan,nan
22,22,0,Cristo Redentor//hospital,nan,nan
22,22,0,Cristo Redentor//shopping_mall,nan,nan
22,22,0,Espírito Santo//home,0.2952308856926571,0.3091092606611153
22,22,0,Espírito Santo//work,0.46126126126126127,0.6666666666666666
22,22,0,Espírito Santo//school,nan,nan
22,22,0,Espírito Santo//marketplace,nan,nan
22,22,0,Espírito Santo//pharmacy,nan,nan
22,22,0,Espírito Santo//gas_station,nan,nan
22,22,0,Extrema//home,0.4394164193867458,0.2334322453016815
22,22,0,Extrema//work,0.4601820250284414,0.6666666666666666
22,22,0,Extrema//school,nan,nan
22,22,0,Extrema//marketplace,nan,nan
22,22,0,Extrema//pharmacy,nan,nan
22,22,0,Extrema//gas_station,nan,nan
22,22,0,Farrapos//home,0.44382863990413424,0.20557885626789163
22,22,0,Farrapos//work,0.44226731980405876,0.6666666666666666
22,22,0,Farrapos//school,nan,nan
22,22,0,Farrapos//marketplace,nan,nan
22,22,0,Farrapos//pharmacy,nan,nan
22,22,0,Farrapos//gas_station,nan,nan
22,22,0,Farrapos//stadium,nan,nan
22,22,0,Farroupilha//home,0.14055299539170507,0.3486943164362519
22,22,0,Farroupilha//work,0.42367153511497824,0.6666666666666666
22,22,0,Farroupilha//school,nan,nan
22,22,0,Farroupilha//marketplace,nan,nan
22,22,0,Farroupilha//pharmacy,nan,nan
22,22,0,Farroupilha//gas_station,nan,nan
22,22,0,Farroupilha//hospital,nan,nan
22,22,0,Floresta//home,0.18339571282749234,0.24078484745378245
22,22,0,Floresta//work,0.413135593220339,0.6666666666666666
22,22,0,Floresta//school,nan,nan
22,22,0,Floresta//marketplace,nan,nan
22,22,0,Floresta//pharmacy,nan,nan
22,22,0,Floresta//gas_station,nan,nan
22,22,0,Glória//home,0.29921962664490465,0.13417661260158456
22,22,0,Glória//work,0.4328684136376444,0.6666666666666666
22,22,0,Glória//school,nan,nan
22,22,0,Glória//marketplace,nan,nan
22,22,0,Glória//pharmacy,nan,nan
22,22,0,Glória//gas_station,nan,nan
22,22,0,Glória//hospital,nan,nan
22,22,0,Guarujá//home,0.2936521739130435,0.10295652173913043
22,22,0,Guarujá//work,0.46184,0.6666666666666666
22,22,0,Guarujá//school,nan,nan
22,22,0,Guarujá//marketplace,nan,nan
22,22,0,Guarujá//pharmacy,nan,nan
22,22,0,Guarujá//gas_station,nan,nan
22,22,0,Higienópolis//home,0.2066715542521994,0.05659824046920821
22,22,0,Higienópolis//work,0.442340644276902,0.6666666666666666
22,22,0,Higienópolis//school,nan,nan
22,22,0,Higienópolis//marketplace,nan,nan
22,22,0,Higienópolis//pharmacy,nan,nan
22,22,0,Higienópolis//gas_station,nan,nan
22,22,0,Hípica//home,0.29079542545020054,0.06537509601433814
22,22,0,Hípica//work,0.4562951935346661,0.6666666666666666
22,22,0,Hípica//school,nan,nan
22,22,0,Hípica//marketplace,nan,nan
22,22,0,Hípica//pharmacy,nan,nan
22,22,0,Hípica//gas_station,nan,nan
22,22,0,Humaitá//home,0.2731027361899845,0.021252796420581657
22,22,0,Humaitá//work,0.4626773596545342,0.6666666666666666
22,22,0,Humaitá//school,nan,nan
22,22,0,Humaitá//marketplace,nan,nan
22,22,0,Humaitá//pharmacy,nan,nan
22,22,0,Humaitá//gas_station,nan,nan
22,22,0,Independência//home,0.14173076923076924,0.05102564102564103
22,22,0,Independência//work,0.4001782531194296,0.6666666666666666
22,22,0,Independência//school,nan,nan
22,22,0,Independência//marketplace,nan,nan
22,22,0,Independência//pharmacy,nan,nan
22,22,0,Independência//gas_station,nan,nan
22,22,0,Independência//hospital,nan,nan
22,22,0,Independência//shopping_mall,nan,nan
22,22,0,Ipanema//home,0.2124623007324429,0.021183397960649147
22,22,0,Ipanema//work,0.44855743059335873,0.6666666666666666
22,22,0,Ipanema//school,nan,nan
22,22,0,Ipanema//marketplace,nan,nan
22,22,0,Ipanema//pharmacy,nan,nan
22,22,0,Ipanema//gas_station,nan,nan
22,22,0,Jardim Botânico//home,0.18955473526358288,0.022916906986580537
22,22,0,Jardim Botânico//work,0.46275715299125086,0.6666666666666666
22,22,0,Jardim Botânico//school,nan,nan
22,22,0,Jardim Botânico//marketplace,nan,nan
22,22,0,Jardim Botânico//pharmacy,nan,nan
22,22,0,Jardim Botânico//gas_station,nan,nan
22,22,0,Jardim Botânico//hospital,nan,nan
22,22,0,Jardim Botânico//shopping_mall,nan,nan
22,22,0,Jardim Carvalho//home,0.29077970297029704,0.056064356435643566
22,22,0,Jardim Carvalho//work,0.4452695269526953,0.6666666666666666
22,22,0,Jardim Carvalho//school,nan,nan
22,22,0,Jardim Carvalho//marketplace,nan,nan
22,22,0,Jardim Carvalho//pharmacy,nan,nan
22,22,0,Jardim Carvalho//gas_station,nan,nan
22,22,0,Jardim Carvalho//hospital,nan,nan
22,22,0,Jardim do Salso//home,0.21244757910789172,0.1054771889693735
22,22,0,Jardim do Salso//work,0.44925006464959916,0.6666666666666666
22,22,0,Jardim do Salso//school,nan,nan
22,22,0,Jardim do Salso//marketplace,nan,nan
22,22,0,Jardim do Salso//pharmacy,nan,nan
22,22,0,Jardim do Salso//gas_station,nan,nan
22,22,0,Jardim Leopoldina//home,0.22350069735006972,0.04447543778087711
22,22,0,Jardim Leopoldina//work,0.423728813559322,0.6666666666666666
22,22,0,Jardim Leopoldina//school,nan,nan
22,22,0,Jardim Leopoldina//marketplace,nan,nan
22,22,0,Jardim Leopoldina//pharmacy,nan,nan
22,22,0,Jardim Leopoldina//gas_station,nan,nan
22,22,0,Jardim Europa//home,0.3800383877159309,0.34804862444017914
22,22,0,Jardim Europa//work,0.43097774992165466,0.6666666666666666
22,22,0,Jardim Europa//school,nan,nan
22,22,0,Jardim Europa//marketplace,nan,nan
22,22,0,Jardim Europa//pharmacy,nan,nan
22,22,0,Jardim Europa//gas_station,nan,nan
22,22,0,Jardim Europa//shopping_mall,nan,nan
22,22,0,Jardim Floresta//home,0.30043420173680696,0.34914272990425294
22,22,0,Jardim Floresta//work,0.42412935323383083,0.6666666666666666
22,22,0,Jardim Floresta//school,nan,nan
22,22,0,Jardim Floresta//marketplace,nan,nan
22,22,0,Jardim Floresta//pharmacy,nan,nan
22,22,0,Jardim Floresta//gas_station,nan,nan
22,22,0,Jardim Isabel//home,0.23265754763067903,0.049829018075232046
22,22,0,Jardim Isabel//work,0.44494928148774304,0.6666666666666666
22,22,0,Jardim Isabel//school,nan,nan
22,22,0,Jardim Isabel//marketplace,nan,nan
22,22,0,Jardim Isabel//pharmacy,nan,nan
22,22,0,Jardim Isabel//gas_station,nan,nan
22,22,0,Jardim Itú//home,0.2123097897792242,0.05570703961063711
22,22,0,Jardim Itú//work,0.4351163942545815,0.6666666666666666
22,22,0,Jardim Itú//school,nan,nan
22,22,0,Jardim Itú//marketplace,nan,nan
22,22,0,Jardim Itú//pharmacy,nan,nan
22,22,0,Jardim Itú//gas_station,nan,nan
22,22,0,Jardim Lindóia//home,0.19664348756351965,0.24587679415173397
22,22,0,Jardim Lindóia//work,0.42167011732229126,0.6666666666666666
22,22,0,Jardim Lindóia//school,nan,nan
22,22,0,Jardim Lindóia//marketplace,nan,nan
22,22,0,Jardim Lindóia//pharmacy,nan,nan
22,22,0,Jardim Lindóia//gas_station,nan,nan
22,22,0,Jardim Lindóia//shopping_mall,nan,nan
22,22,0,Jardim Sabará//home,0.18528388079182076,0.021028206801537233
22,22,0,Jardim Sabará//work,0.4487465659340659,0.6666666666666666
22,22,0,Jardim Sabará//school,nan,nan
22,22,0,Jardim Sabará//marketplace,nan,nan
22,22,0,Jardim Sabará//pharmacy,nan,nan
22,22,0,Jardim Sabará//gas_station,nan,nan
22,22,0,Jardim São Pedro//home,0.201975353388909,0.026338045185453667
22,22,0,Jardim São Pedro//work,0.43255159474671667,0.6666666666666666
22,22,0,Jardim São Pedro//school,nan,nan
22,22,0,Jardim São Pedro//marketplace,nan,nan
22,22,0,Jardim São Pedro//pharmacy,nan,nan
22,22,0,Jardim São Pedro//gas_station,nan,nan
22,22,0,Lageado//home,0.3848230912476723,0.1005586592178771
22,22,0,Lageado//work,0.4480452674897119,0.6666666666666666
22,22,0,Lageado//school,nan,nan
22,22,0,Lageado//marketplace,nan,nan
22,22,0,Lageado//pharmacy,nan,nan
22,22,0,Lageado//gas_station,nan,nan
22,22,0,Lami//home,0.5200823892893924,0.349124613800206
22,22,0,Lami//work,0.46914083741163676,0.6666666666666666
22,22,0,Lami//school,nan,nan
22,22,0,Lami//marketplace,nan,nan
22,22,0,Lami//pharmacy,nan,nan
22,22,0,Lami//gas_station,nan,nan
22,22,0,Lomba do Pinheiro//home,0.4006634669678148,0.08804818370035761
22,22,0,Lomba do Pinheiro//work,0.4470915841584158,0.6666666666666666
22,22,0,Lomba do Pinheiro//school,nan,nan
22,22,0,Lomba do Pinheiro//marketplace,nan,nan
22,22,0,Lomba do Pinheiro//pharmacy,nan,nan
22,22,0,Lomba do Pinheiro//gas_station,nan,nan
22,22,0,Mário Quintana//home,0.44655330118077496,0.06239259382449138
22,22,0,Mário Quintana//work,0.48157951598962834,0.6666666666666666
22,22,0,Mário Quintana//school,nan,nan
22,22,0,Mário Quintana//marketplace,nan,nan
22,22,0,Mário Quintana//pharmacy,nan,nan
22,22,0,Mário Quintana//gas_station,nan,nan
22,22,0,Medianeira//home,0.16834467435078462,0.05017821598852011
22,22,0,Medianeira//work,0.43433832456495347,0.6666666666666666
22,22,0,Medianeira//school,nan,nan
22,22,0,Medianeira//marketplace,nan,nan
22,22,0,Medianeira//pharmacy,nan,nan
22,22,0,Medianeira//gas_station,nan,nan
22,22,0,Menino Deus//home,0.1383455802896045,0.1200201714573878
22,22,0,Menino Deus//work,0.42883663366336633,0.6666666666666666
22,22,0,Menino Deus//school,nan,nan
22,22,0,Menino Deus//marketplace,nan,nan
22,22,0,Menino Deus//pharmacy,nan,nan
22,22,0,Menino Deus//gas_station,nan,nan
22,22,0,Menino Deus//hospital,nan,nan
22,22,0,Moinhos de Vento//home,0.1654802937209651,0.15625156101703383
22,22,0,Moinhos de Vento//work,0.45038968824940045,0.6666666666666666
22,22,0,Moinhos de Vento//school,nan,nan
22,22,0,Moinhos de Vento//marketplace,nan,nan
22,22,0,Moinhos de Vento//pharmacy,nan,nan
22,22,0,Moinhos de Vento//gas_station,nan,nan
22,22,0,Moinhos de Vento//hospital,nan,nan
22,22,0,Moinhos de Vento//shopping_mall,nan,nan
22,22,0,Mont'Serrat//home,0.19766755240625922,0.09625036905816357
22,22,0,Mont'Serrat//work,0.43724966622162886,0.6666666666666666
22,22,0,Mont'Serrat//school,nan,nan
22,22,0,Mont'Serrat//marketplace,nan,nan
22,22,0,Mont'Serrat//pharmacy,nan,nan
22,22,0,Mont'Serrat//gas_station,nan,nan
22,22,0,Morro Santana//home,0.3003706754530478,0.06798462383305875
22,22,0,Morro Santana//work,0.4532272624689686,0.6666666666666666
22,22,0,Morro Santana//school,nan,nan
22,22,0,Morro Santana//marketplace,nan,nan
22,22,0,Morro Santana//pharmacy,nan,nan
22,22,0,Morro Santana//gas_station,nan,nan
22,22,0,Navegantes//home,0.20064695009242145,0.06900800985828712
22,22,0,Navegantes//work,0.42111759425493717,0.6666666666666666
22,22,0,Navegantes//school,nan,nan
22,22,0,Navegantes//marketplace,nan,nan
22,22,0,Navegantes//pharmacy,nan,nan
22,22,0,Navegantes//gas_station,nan,nan
22,22,0,Navegantes//shopping_mall,nan,nan
22,22,0,Nonoai//home,0.2869877785765636,0.165444524323029
22,22,0,Nonoai//work,0.438417454252966,0.6666666666666666
22,22,0,Nonoai//school,nan,nan
22,22,0,Nonoai//marketplace,nan,nan
22,22,0,Nonoai//pharmacy,nan,nan
22,22,0,Nonoai//gas_station,nan,nan
22,22,0,Parque Santa Fé//home,0.24193165638348363,0.02926752096187312
22,22,0,Parque Santa Fé//work,0.4525862068965517,0.6666666666666666
22,22,0,Parque Santa Fé//school,nan,nan
22,22,0,Parque Santa Fé//marketplace,nan,nan
22,22,0,Parque Santa Fé//pharmacy,nan,nan
22,22,0,Parque Santa Fé//gas_station,nan,nan
22,22,0,Partenon//home,0.2505234657039711,0.13318892900120338
22,22,0,Partenon//work,0.44204573096570177,0.6666666666666666
22,22,0,Partenon//school,nan,nan
22,22,0,Partenon//marketplace,nan,nan
22,22,0,Partenon//pharmacy,nan,nan
22,22,0,Partenon//gas_station,nan,nan
22,22,0,Passo D'Areia//home,0.06284336057885569,0.021037116441109473
22,22,0,Passo D'Areia//work,0.4263636363636364,0.6666666666666666
22,22,0,Passo D'Areia//school,nan,nan
22,22,0,Passo D'Areia//marketplace,nan,nan
22,22,0,Passo D'Areia//pharmacy,nan,nan
22,22,0,Passo D'Areia//gas_station,nan,nan
22,22,0,Passo das Pedras//home,0.38713752196836554,0.13678968951376685
22,22,0,Passo das Pedras//work,0.4421542553191489,0.6666666666666666
22,22,0,Passo das Pedras//school,nan,nan
22,22,0,Passo das Pedras//marketplace,nan,nan
22,22,0,Passo das Pedras//pharmacy,nan,nan
22,22,0,Passo das Pedras//gas_station,nan,nan
22,22,0,Pedra Redonda//home,0.30656934306569344,0.22384428223844283
22,22,0,Pedra Redonda//work,0.44567979669631513,0.6666666666666666
22,22,0,Pedra Redonda//school,nan,nan
22,22,0,Pedra Redonda//marketplace,nan,nan
22,22,0,Pedra Redonda//pharmacy,nan,nan
22,22,0,Pedra Redonda//gas_station,nan,nan
22,22,0,Petrópolis//home,0.17420070682994987,0.04221802142407057
22,22,0,Petrópolis//work,0.4280765423952491,0.6666666666666666
22,22,0,Petrópolis//school,nan,nan
22,22,0,Petrópolis//marketplace,nan,nan
22,22,0,Petrópolis//pharmacy,nan,nan
22,22,0,Petrópolis//gas_station,nan,nan
22,22,0,Pitinga//home,0.3715534633490249,0.02107150863035194
22,22,0,Pitinga//work,0.4810149041873669,0.6666666666666666
22,22,0,Pitinga//school,nan,nan
22,22,0,Pitinga//marketplace,nan,nan
22,22,0,Pitinga//pharmacy,nan,nan
22,22,0,Pitinga//gas_station,nan,nan
22,22,0,Ponta Grossa//home,0.4577741200303874,0.3491179201485608
22,22,0,Ponta Grossa//work,0.45602544910179643,0.6666666666666666
22,22,0,Ponta Grossa//school,nan,nan
22,22,0,Ponta Grossa//marketplace,nan,nan
22,22,0,Ponta Grossa//pharmacy,nan,nan
22,22,0,Ponta Grossa//gas_station,nan,nan
22,22,0,Praia de Belas//home,0.3158276863504356,0.34914488544691835
22,22,0,Praia de Belas//work,0.4314873417721519,0.6666666666666666
22,22,0,Praia de Belas//school,nan,nan
22,22,0,Praia de Belas//marketplace,nan,nan
22,22,0,Praia de Belas//pharmacy,nan,nan
22,22,0,Praia de Belas//gas_station,nan,nan
22,22,0,Praia de Belas//stadium,nan,nan
22,22,0,Praia de Belas//shopping_mall,nan,nan
22,22,0,Restinga//home,0.38916050560457904,0.06721519993640195
22,22,0,Restinga//work,0.4487597225141896,0.6666666666666666
22,22,0,Restinga//school,nan,nan
22,22,0,Restinga//marketplace,nan,nan
22,22,0,Restinga//pharmacy,nan,nan
22,22,0,Restinga//gas_station,nan,nan
22,22,0,Restinga//hospital,nan,nan
22,22,0,Rio Branco//home,0.16860984543911373,0.053902736829566096
22,22,0,Rio Branco//work,0.41952477837523616,0.6666666666666666
22,22,0,Rio Branco//school,nan,nan
22,22,0,Rio Branco//marketplace,nan,nan
22,22,0,Rio Branco//pharmacy,nan,nan
22,22,0,Rio Branco//gas_station,nan,nan
22,22,0,Rio Branco//hospital,nan,nan
22,22,0,Rubem Berta//home,0.265426120641948,0.036985795978601736
22,22,0,Rubem Berta//work,0.42985802076711166,0.6666666666666666
22,22,0,Rubem Berta//school,nan,nan
22,22,0,Rubem Berta//marketplace,nan,nan
22,22,0,Rubem Berta//pharmacy,nan,nan
22,22,0,Rubem Berta//gas_station,nan,nan
22,22,0,Santa Cecília//home,0.17749287749287748,0.0892687559354226
22,22,0,Santa Cecília//work,0.4365079365079365,0.6666666666666666
22,22,0,Santa Cecília//school,nan,nan
22,22,0,Santa Cecília//marketplace,nan,nan
22,22,0,Santa Cecília//pharmacy,nan,nan
22,22,0,Santa Cecília//gas_station,nan,nan
22,22,0,Santa Cecília//hospital,nan,nan
22,22,0,Santa Maria Goretti//home,0.4576923076923077,0.08578088578088579
22,22,0,Santa Maria Goretti//work,0.432983682983683,0.6666666666666666
22,22,0,Santa Maria Goretti//school,nan,nan
22,22,0,Santa Maria Goretti//marketplace,nan,nan
22,22,0,Santa Maria Goretti//pharmacy,nan,nan
22,22,0,Santa Maria Goretti//gas_station,nan,nan
22,22,0,Santa Rosa de Lima//home,0.3118090452261307,0.04363848226640449
22,22,0,Santa Rosa de Lima//work,0.4310210444271239,0.6666666666666666
22,22,0,Santa Rosa de Lima//school,nan,nan
22,22,0,Santa Rosa de Lima//marketplace,nan,nan
22,22,0,Santa Rosa de Lima//pharmacy,nan,nan
22,22,0,Santa Rosa de Lima//gas_station,nan,nan
22,22,0,Santa Tereza//home,0.343217595402857,0.0701172217500978
22,22,0,Santa Tereza//work,0.43156741846503327,0.6666666666666666
22,22,0,Santa Tereza//school,nan,nan
22,22,0,Santa Tereza//marketplace,nan,nan
22,22,0,Santa Tereza//pharmacy,nan,nan
22,22,0,Santa Tereza//gas_station,nan,nan
22,22,0,Santana//home,0.12969668569481127,0.14557950640424866
22,22,0,Santana//work,0.43115468409586055,0.6666666666666666
22,22,0,Santana//school,nan,nan
22,22,0,Santana//marketplace,nan,nan
22,22,0,Santana//pharmacy,nan,nan
22,22,0,Santana//gas_station,nan,nan
22,22,0,Santana//hospital,nan,nan
22,22,0,Santo Antônio//home,0.18472272128398612,0.05845011378608216
22,22,0,Santo Antônio//work,0.42945021145713186,0.6666666666666666
22,22,0,Santo Antônio//school,nan,nan
22,22,0,Santo Antônio//marketplace,nan,nan
22,22,0,Santo Antônio//pharmacy,nan,nan
22,22,0,Santo Antônio//gas_station,nan,nan
22,22,0,São Caetano//home,0.24523052464228934,0.13142554319024907
22,22,0,São Caetano//work,0.4232399557685219,0.6666666666666666
22,22,0,São Caetano//school,nan,nan
22,22,0,São Caetano//marketplace,nan,nan
22,22,0,São Caetano//pharmacy,nan,nan
22,22,0,São Caetano//gas_station,nan,nan
22,22,0,São Geraldo//home,0.1848636681426241,0.263652606230094
22,22,0,São Geraldo//work,0.41127292340884575,0.6666666666666666
22,22,0,São Geraldo//school,nan,nan
22,22,0,São Geraldo//marketplace,nan,nan
22,22,0,São Geraldo//pharmacy,nan,nan
22,22,0,São Geraldo//gas_station,nan,nan
22,22,0,São João//home,0.15644317641464575,0.020763987953716912
22,22,0,São João//work,0.41640181611804766,0.6666666666666666
22,22,0,São João//school,nan,nan
22,22,0,São João//marketplace,nan,nan
22,22,0,São João//pharmacy,nan,nan
22,22,0,São João//gas_station,nan,nan
22,22,0,São João//shopping_mall,nan,nan
22,22,0,São Sebastião//home,0.3472834919897841,0.08281092794675335
22,22,0,São Sebastião//work,0.4537914691943128,0.6666666666666666
22,22,0,São Sebastião//school,nan,nan
22,22,0,São Sebastião//marketplace,nan,nan
22,22,0,São Sebastião//pharmacy,nan,nan
22,22,0,São Sebastião//gas_station,nan,nan
22,22,0,São Sebastião//shopping_mall,nan,nan
22,22,0,Sarandi//home,0.15966326433272918,0.20770135775382365
22,22,0,Sarandi//work,0.445136186770428,0.6666666666666666
22,22,0,Sarandi//school,nan,nan
22,22,0,Sarandi//marketplace,nan,nan
22,22,0,Sarandi//pharmacy,nan,nan
22,22,0,Sarandi//gas_station,nan,nan
22,22,0,Sarandi//shopping_mall,nan,nan
22,22,0,Serraria//home,0.3829699372315824,0.2812465587490364
22,22,0,Serraria//work,0.45466321243523317,0.6666666666666666
22,22,0,Serraria//school,nan,nan
22,22,0,Serraria//marketplace,nan,nan
22,22,0,Serraria//pharmacy,nan,nan
22,22,0,Serraria//gas_station,nan,nan
22,22,0,Sétimo Céu//home,0.4200844390832328,0.06996381182147166
22,22,0,Sétimo Céu//work,0.42832273690584316,0.6666666666666666
22,22,0,Sétimo Céu//school,nan,nan
22,22,0,Sétimo Céu//marketplace,nan,nan
22,22,0,Sétimo Céu//pharmacy,nan,nan
22,22,0,Sétimo Céu//gas_station,nan,nan
22,22,0,Teresópolis//home,0.26716762355060225,0.09501294607677586
22,22,0,Teresópolis//work,0.4280746127094531,0.6666666666666666
22,22,0,Teresópolis//school,nan,nan
22,22,0,Teresópolis//marketplace,nan,nan
22,22,0,Teresópolis//pharmacy,nan,nan
22,22,0,Teresópolis//gas_station,nan,nan
22,22,0,Teresópolis//hospital,nan,nan
22,22,0,Três Figueiras//home,0.17612456747404845,0.038985005767012686
22,22,0,Três Figueiras//work,0.4356650355871886,0.6666666666666666
22,22,0,Três Figueiras//school,nan,nan
22,22,0,Três Figueiras//marketplace,nan,nan
22,22,0,Três Figueiras//pharmacy,nan,nan
22,22,0,Três Figueiras//gas_station,nan,nan
22,22,0,Três Figueiras//shopping_mall,nan,nan
22,22,0,Tristeza//home,0.20146883684001587,0.09547439460103216
22,22,0,Tristeza//work,0.43659881255301103,0.6666666666666666
22,22,0,Tristeza//school,nan,nan
22,22,0,Tristeza//marketplace,nan,nan
22,22,0,Tristeza//pharmacy,nan,nan
22,22,0,Tristeza//gas_station,nan,nan
22,22,0,Vila Assunção//home,0.18802440884820748,0.10806000508517671
22,22,0,Vila Assunção//work,0.4455631399317406,0.6666666666666666
22,22,0,Vila Assunção//school,nan,nan
22,22,0,Vila Assunção//marketplace,nan,nan
22,22,0,Vila Assunção//pharmacy,nan,nan
22,22,0,Vila Assunção//gas_station,nan,nan
22,22,0,Vila Assunção//hospital,nan,nan
22,22,0,Vila Conceição//home,0.23072646404744254,0.2213985668396343
22,22,0,Vila Conceição//work,0.423841059602649,0.6666666666666666
22,22,0,Vila Conceição//school,nan,nan
22,22,0,Vila Conceição//marketplace,nan,nan
22,22,0,Vila Conceição//pharmacy,nan,nan
22,22,0,Vila Conceição//gas_station,nan,nan
22,22,0,Vila Ipiranga//home,0.256947422591989,0.06953140635274609
22,22,0,Vila Ipiranga//work,0.4423202614379085,0.6666666666666666
22,22,0,Vila Ipiranga//school,nan,nan
22,22,0,Vila Ipiranga//marketplace,nan,nan
22,22,0,Vila Ipiranga//pharmacy,nan,nan
22,22,0,Vila Ipiranga//gas_station,nan,nan
22,22,0,Vila Jardim//home,0.15328333158502044,0.05000174831287807
22,22,0,Vila Jardim//work,0.44908390865639936,0.6666666666666666
22,22,0,Vila Jardim//school,nan,nan
22,22,0,Vila Jardim//marketplace,nan,nan
22,22,0,Vila Jardim//pharmacy,nan,nan
22,22,0,Vila Jardim//gas_station,nan,nan
22,22,0,Vila João Pessoa//home,0.31432090077410274,0.17771522402064274
22,22,0,Vila João Pessoa//work,0.43027605779153766,0.6666666666666666
22,22,0,Vila João Pessoa//school,nan,nan
22,22,0,Vila João Pessoa//marketplace,nan,nan
22,22,0,Vila João Pessoa//pharmacy,nan,nan
22,22,0,Vila João Pessoa//gas_station,nan,nan
22,22,0,Vila Nova//home,0.26902783746359166,0.04653901860605771
22,22,0,Vila Nova//work,0.43056,0.6666666666666666
22,22,0,Vila Nova//school,nan,nan
22,22,0,Vila Nova//marketplace,nan,nan
22,22,0,Vila Nova//pharmacy,nan,nan
22,22,0,Vila Nova//gas_station,nan,nan
22,22,0,Vila Nova//hospital,nan,nan
22,22,0,São José//home,0.3275992916772072,0.10498355679230964
22,22,0,São José//work,0.4714611872146119,0.6666666666666666
22,22,0,São José//school,nan,nan
22,22,0,São José//marketplace,nan,nan
22,22,0,São José//pharmacy,nan,nan
22,22,0,São José//gas_station,nan,nan
23,23,0,Aberta dos Morros//home,0.24496433067561896,0.22100993145894532
23,23,0,Aberta dos Morros//work,nan,nan
23,23,0,Aberta dos Morros//school,nan,nan
23,23,0,Aberta dos Morros//marketplace,nan,nan
23,23,0,Aberta dos Morros//pharmacy,nan,nan
23,23,0,Aberta dos Morros//gas_station,nan,nan
23,23,0,Agronomia//home,0.2294079794079794,0.22165022165022166
23,23,0,Agronomia//work,nan,nan
23,23,0,Agronomia//school,nan,nan
23,23,0,Agronomia//marketplace,nan,nan
23,23,0,Agronomia//pharmacy,nan,nan
23,23,0,Agronomia//gas_station,nan,nan
23,23,0,Anchieta//home,0.28829051383399207,0.22134387351778656
23,23,0,Anchieta//work,nan,nan
23,23,0,Anchieta//school,nan,nan
23,23,0,Anchieta//marketplace,nan,nan
23,23,0,Anchieta//pharmacy,nan,nan
23,23,0,Anchieta//gas_station,nan,nan
23,23,0,Arquipélago//home,0.2430372148859544,0.22096838735494198
23,23,0,Arquipélago//work,nan,nan
23,23,0,Arquipélago//school,nan,nan
23,23,0,Arquipélago//marketplace,nan,nan
23,23,0,Arquipélago//pharmacy,nan,nan
23,23,0,Arquipélago//gas_station,nan,nan
23,23,0,Auxiliadora//home,0.24834761953939893,0.22093703741953252
23,23,0,Auxiliadora//work,nan,nan
23,23,0,Auxiliadora//school,nan,nan
23,23,0,Auxiliadora//marketplace,nan,nan
23,23,0,Auxiliadora//pharmacy,nan,nan
23,23,0,Auxiliadora//gas_station,nan,nan
23,23,0,Azenha//home,0.19200956244566791,0.2209021539650343
23,23,0,Azenha//work,0.382,0.6666666666666666
23,23,0,Azenha//school,nan,nan
23,23,0,Azenha//marketplace,nan,nan
23,23,0,Azenha//pharmacy,nan,nan
23,23,0,Azenha//gas_station,nan,nan
23,23,0,Azenha//hospital,nan,nan
23,23,0,Azenha//shopping_mall,nan,nan
23,23,0,Bela Vista//home,0.24957580385170103,0.22092135403410537
23,23,0,Bela Vista//work,nan,nan
23,23,0,Bela Vista//school,nan,nan
23,23,0,Bela Vista//marketplace,nan,nan
23,23,0,Bela Vista//pharmacy,nan,nan
23,23,0,Bela Vista//gas_station,nan,nan
23,23,0,Belém Novo//home,0.21475247524752475,0.22092409240924094
23,23,0,Belém Novo//work,nan,nan
23,23,0,Belém Novo//school,nan,nan
23,23,0,Belém Novo//marketplace,nan,nan
23,23,0,Belém Novo//pharmacy,nan,nan
23,23,0,Belém Novo//gas_station,nan,nan
23,23,0,Belém Velho//home,0.24644670050761422,0.22101215197661897
23,23,0,Belém Velho//work,nan,nan
23,23,0,Belém Velho//school,nan,nan
23,23,0,Belém Velho//marketplace,nan,nan
23,23,0,Belém Velho//pharmacy,nan,nan
23,23,0,Belém Velho//gas_station,nan,nan
23,23,0,Boa Vista//home,0.2169252959315627,0.22102854869193275
23,23,0,Boa Vista//work,0.456,0.6666666666666666
23,23,0,Boa Vista//school,nan,nan
23,23,0,Boa Vista//marketplace,nan,nan
23,23,0,Boa Vista//pharmacy,nan,nan
23,23,0,Boa Vista//gas_station,nan,nan
23,23,0,Boa Vista do Sul//home,0.23722390645300995,0.22116356286992928
23,23,0,Boa Vista do Sul//work,nan,nan
23,23,0,Boa Vista do Sul//school,nan,nan
23,23,0,Boa Vista do Sul//marketplace,nan,nan
23,23,0,Boa Vista do Sul//pharmacy,nan,nan
23,23,0,Boa Vista do Sul//gas_station,nan,nan
23,23,0,Bom Fim//home,0.224079185715518,0.2209379223094396
23,23,0,Bom Fim//work,nan,nan
23,23,0,Bom Fim//school,nan,nan
23,23,0,Bom Fim//marketplace,nan,nan
23,23,0,Bom Fim//pharmacy,nan,nan
23,23,0,Bom Fim//gas_station,nan,nan
23,23,0,Bom Jesus//home,0.23022667829119442,0.22091252542865447
23,23,0,Bom Jesus//work,nan,nan
23,23,0,Bom Jesus//school,nan,nan
23,23,0,Bom Jesus//marketplace,nan,nan
23,23,0,Bom Jesus//pharmacy,nan,nan
23,23,0,Bom Jesus//gas_station,nan,nan
23,23,0,Camaquã//home,0.21476753261233136,0.22090905712268183
23,23,0,Camaquã//work,nan,nan
23,23,0,Camaquã//school,nan,nan
23,23,0,Camaquã//marketplace,nan,nan
23,23,0,Camaquã//pharmacy,nan,nan
23,23,0,Camaquã//gas_station,nan,nan
23,23,0,Campo Novo//home,0.25079853981291356,0.22092934823940985
23,23,0,Campo Novo//work,nan,nan
23,23,0,Campo Novo//school,nan,nan
23,23,0,Campo Novo//marketplace,nan,nan
23,23,0,Campo Novo//pharmacy,nan,nan
23,23,0,Campo Novo//gas_station,nan,nan
23,23,0,Cascata//home,0.2523438100361177,0.22095852865083634
23,23,0,Cascata//work,nan,nan
23,23,0,Cascata//school,nan,nan
23,23,0,Cascata//marketplace,nan,nan
23,23,0,Cascata//pharmacy,nan,nan
23,23,0,Cascata//gas_station,nan,nan
23,23,0,Cavalhada//home,0.21354040070835792,0.2131555493825017
23,23,0,Cavalhada//work,nan,nan
23,23,0,Cavalhada//school,nan,nan
23,23,0,Cavalhada//marketplace,nan,nan
23,23,0,Cavalhada//pharmacy,nan,nan
23,23,0,Cavalhada//gas_station,nan,nan
23,23,0,Cavalhada//shopping_mall,nan,nan
23,23,0,Centro Histórico//home,0.2507068681883611,0.21804098978682568
23,23,0,Centro Histórico//work,nan,nan
23,23,0,Centro Histórico//school,nan,nan
23,23,0,Centro Histórico//marketplace,nan,nan
23,23,0,Centro Histórico//pharmacy,nan,nan
23,23,0,Centro Histórico//gas_station,nan,nan
23,23,0,Centro Histórico//hospital,nan,nan
23,23,0,Centro Histórico//shopping_mall,nan,nan
23,23,0,Chácara das Pedras//home,0.22622975404919016,0.22105578884223157
23,23,0,Chácara das Pedras//work,0.358,0.6666666666666666
23,23,0,Chácara das Pedras//school,nan,nan
23,23,0,Chácara das Pedras//marketplace,nan,nan
23,23,0,Chácara das Pedras//pharmacy,nan,nan
23,23,0,Chácara das Pedras//gas_station,nan,nan
23,23,0,Chapéu do Sol//home,0.25720906282183315,0.22130678567341802
23,23,0,Chapéu do Sol//work,nan,nan
23,23,0,Chapéu do Sol//school,nan,nan
23,23,0,Chapéu do Sol//marketplace,nan,nan
23,23,0,Chapéu do Sol//pharmacy,nan,nan
23,23,0,Chapéu do Sol//gas_station,nan,nan
23,23,0,Cidade Baixa//home,0.260989010989011,0.22090729783037474
23,23,0,Cidade Baixa//work,nan,nan
23,23,0,Cidade Baixa//school,nan,nan
23,23,0,Cidade Baixa//marketplace,nan,nan
23,23,0,Cidade Baixa//pharmacy,nan,nan
23,23,0,Cidade Baixa//gas_station,nan,nan
23,23,0,Cel. Aparício Borges//home,0.2372558669636844,0.22093284290870158
23,23,0,Cel. Aparício Borges//work,nan,nan
23,23,0,Cel. Aparício Borges//school,nan,nan
23,23,0,Cel. Aparício Borges//marketplace,nan,nan
23,23,0,Cel. Aparício Borges//pharmacy,nan,nan
23,23,0,Cel. Aparício Borges//gas_station,nan,nan
23,23,0,Costa e Silva//home,0.2730084585279636,0.2209737827715356
23,23,0,Costa e Silva//work,nan,nan
23,23,0,Costa e Silva//school,nan,nan
23,23,0,Costa e Silva//marketplace,nan,nan
23,23,0,Costa e Silva//pharmacy,nan,nan
23,23,0,Costa e Silva//gas_station,nan,nan
23,23,0,Cristal//home,0.22004319789645027,0.22091445981760888
23,23,0,Cristal//work,nan,nan
23,23,0,Cristal//school,nan,nan
23,23,0,Cristal//marketplace,nan,nan
23,23,0,Cristal//pharmacy,nan,nan
23,23,0,Cristal//gas_station,nan,nan
23,23,0,Cristo Redentor//home,0.21942301758716445,0.2140491617813432
23,23,0,Cristo Redentor//work,nan,nan
23,23,0,Cristo Redentor//school,nan,nan
23,23,0,Cristo Redentor//marketplace,nan,nan
23,23,0,Cristo Redentor//pharmacy,nan,nan
23,23,0,Cristo Redentor//gas_station,nan,nan
23,23,0,Cristo Redentor//hospital,nan,nan
23,23,0,Cristo Redentor//shopping_mall,nan,nan
23,23,0,Espírito Santo//home,0.21459150909739566,0.22107266024497563
23,23,0,Espírito Santo//work,nan,nan
23,23,0,Espírito Santo//school,nan,nan
23,23,0,Espírito Santo//marketplace,nan,nan
23,23,0,Espírito Santo//pharmacy,nan,nan
23,23,0,Espírito Santo//gas_station,nan,nan
23,23,0,Extrema//home,0.22602221100454317,0.22143698468786807
23,23,0,Extrema//work,nan,nan
23,23,0,Extrema//school,nan,nan
23,23,0,Extrema//marketplace,nan,nan
23,23,0,Extrema//pharmacy,nan,nan
23,23,0,Extrema//gas_station,nan,nan
23,23,0,Farrapos//home,0.24489097229537554,0.22089961023912358
23,23,0,Farrapos//work,nan,nan
23,23,0,Farrapos//school,nan,nan
23,23,0,Farrapos//marketplace,nan,nan
23,23,0,Farrapos//pharmacy,nan,nan
23,23,0,Farrapos//gas_station,nan,nan
23,23,0,Farrapos//stadium,nan,nan
23,23,0,Farroupilha//home,0.2515608740894901,0.22199098161637185
23,23,0,Farroupilha//work,nan,nan
23,23,0,Farroupilha//school,nan,nan
23,23,0,Farroupilha//marketplace,nan,nan
23,23,0,Farroupilha//pharmacy,nan,nan
23,23,0,Farroupilha//gas_station,nan,nan
23,23,0,Farroupilha//hospital,nan,nan
23,23,0,Floresta//home,0.1871334943083822,0.2209957456594228
23,23,0,Floresta//work,nan,nan
23,23,0,Floresta//school,nan,nan
23,23,0,Floresta//marketplace,nan,nan
23,23,0,Floresta//pharmacy,nan,nan
23,23,0,Floresta//gas_station,nan,nan
23,23,0,Glória//home,0.19413195054784085,0.22093318489873245
23,23,0,Glória//work,nan,nan
23,23,0,Glória//school,nan,nan
23,23,0,Glória//marketplace,nan,nan
23,23,0,Glória//pharmacy,nan,nan
23,23,0,Glória//gas_station,nan,nan
23,23,0,Glória//hospital,nan,nan
23,23,0,Guarujá//home,0.2471497478623109,0.196740480888694
23,23,0,Guarujá//work,nan,nan
23,23,0,Guarujá//school,nan,nan
23,23,0,Guarujá//marketplace,nan,nan
23,23,0,Guarujá//pharmacy,nan,nan
23,23,0,Guarujá//gas_station,nan,nan
23,23,0,Higienópolis//home,0.22694290624403285,0.21036216663484184
23,23,0,Higienópolis//work,nan,nan
23,23,0,Higienópolis//school,nan,nan
23,23,0,Higienópolis//marketplace,nan,nan
23,23,0,Higienópolis//pharmacy,nan,nan
23,23,0,Higienópolis//gas_station,nan,nan
23,23,0,Hípica//home,0.2941137034057388,0.22093501385536785
23,23,0,Hípica//work,nan,nan
23,23,0,Hípica//school,nan,nan
23,23,0,Hípica//marketplace,nan,nan
23,23,0,Hípica//pharmacy,nan,nan
23,23,0,Hípica//gas_station,nan,nan
23,23,0,Humaitá//home,0.27260476438880193,0.22094708166695648
23,23,0,Humaitá//work,nan,nan
23,23,0,Humaitá//school,nan,nan
23,23,0,Humaitá//marketplace,nan,nan
23,23,0,Humaitá//pharmacy,nan,nan
23,23,0,Humaitá//gas_station,nan,nan
23,23,0,Independência//home,0.2202292899408284,0.22090729783037474
23,23,0,Independência//work,0.35,0.6666666666666666
23,23,0,Independência//school,nan,nan
23,23,0,Independência//marketplace,nan,nan
23,23,0,Independência//pharmacy,nan,nan
23,23,0,Independência//gas_station,nan,nan
23,23,0,Independência//hospital,nan,nan
23,23,0,Independência//shopping_mall,nan,nan
23,23,0,Ipanema//home,0.22366695804195805,0.22095959595959597
23,23,0,Ipanema//work,nan,nan
23,23,0,Ipanema//school,nan,nan
23,23,0,Ipanema//marketplace,nan,nan
23,23,0,Ipanema//pharmacy,nan,nan
23,23,0,Ipanema//gas_station,nan,nan
23,23,0,Jardim Botânico//home,0.2196110534302372,0.22096211697681228
23,23,0,Jardim Botânico//work,nan,nan
23,23,0,Jardim Botânico//school,nan,nan
23,23,0,Jardim Botânico//marketplace,nan,nan
23,23,0,Jardim Botânico//pharmacy,nan,nan
23,23,0,Jardim Botânico//gas_station,nan,nan
23,23,0,Jardim Botânico//hospital,nan,nan
23,23,0,Jardim Botânico//shopping_mall,nan,nan
23,23,0,Jardim Carvalho//home,0.23350970719287079,0.2164491831105453
23,23,0,Jardim Carvalho//work,nan,nan
23,23,0,Jardim Carvalho//school,nan,nan
23,23,0,Jardim Carvalho//marketplace,nan,nan
23,23,0,Jardim Carvalho//pharmacy,nan,nan
23,23,0,Jardim Carvalho//gas_station,nan,nan
23,23,0,Jardim Carvalho//hospital,nan,nan
23,23,0,Jardim do Salso//home,0.23683314415437004,0.22111237230419978
23,23,0,Jardim do Salso//work,nan,nan
23,23,0,Jardim do Salso//school,nan,nan
23,23,0,Jardim do Salso//marketplace,nan,nan
23,23,0,Jardim do Salso//pharmacy,nan,nan
23,23,0,Jardim do Salso//gas_station,nan,nan
23,23,0,Jardim Leopoldina//home,0.24525421847246892,0.2209517465956187
23,23,0,Jardim Leopoldina//work,nan,nan
23,23,0,Jardim Leopoldina//school,nan,nan
23,23,0,Jardim Leopoldina//marketplace,nan,nan
23,23,0,Jardim Leopoldina//pharmacy,nan,nan
23,23,0,Jardim Leopoldina//gas_station,nan,nan
23,23,0,Jardim Europa//home,0.25021748586341885,0.22096563723357981
23,23,0,Jardim Europa//work,nan,nan
23,23,0,Jardim Europa//school,nan,nan
23,23,0,Jardim Europa//marketplace,nan,nan
23,23,0,Jardim Europa//pharmacy,nan,nan
23,23,0,Jardim Europa//gas_station,nan,nan
23,23,0,Jardim Europa//shopping_mall,nan,nan
23,23,0,Jardim Floresta//home,0.1982915028726943,0.2211470617881262
23,23,0,Jardim Floresta//work,nan,nan
23,23,0,Jardim Floresta//school,nan,nan
23,23,0,Jardim Floresta//marketplace,nan,nan
23,23,0,Jardim Floresta//pharmacy,nan,nan
23,23,0,Jardim Floresta//gas_station,nan,nan
23,23,0,Jardim Isabel//home,0.25458553791887123,0.22128159905937683
23,23,0,Jardim Isabel//work,nan,nan
23,23,0,Jardim Isabel//school,nan,nan
23,23,0,Jardim Isabel//marketplace,nan,nan
23,23,0,Jardim Isabel//pharmacy,nan,nan
23,23,0,Jardim Isabel//gas_station,nan,nan
23,23,0,Jardim Itú//home,0.2328600235254579,0.2209525943352191
23,23,0,Jardim Itú//work,nan,nan
23,23,0,Jardim Itú//school,nan,nan
23,23,0,Jardim Itú//marketplace,nan,nan
23,23,0,Jardim Itú//pharmacy,nan,nan
23,23,0,Jardim Itú//gas_station,nan,nan
23,23,0,Jardim Lindóia//home,0.22957395173250641,0.2209338906116579
23,23,0,Jardim Lindóia//work,0.394,0.6666666666666666
23,23,0,Jardim Lindóia//school,nan,nan
23,23,0,Jardim Lindóia//marketplace,nan,nan
23,23,0,Jardim Lindóia//pharmacy,nan,nan
23,23,0,Jardim Lindóia//gas_station,nan,nan
23,23,0,Jardim Lindóia//shopping_mall,nan,nan
23,23,0,Jardim Sabará//home,0.18717664449371765,0.2208918452820892
23,23,0,Jardim Sabará//work,nan,nan
23,23,0,Jardim Sabará//school,nan,nan
23,23,0,Jardim Sabará//marketplace,nan,nan
23,23,0,Jardim Sabará//pharmacy,nan,nan
23,23,0,Jardim Sabará//gas_station,nan,nan
23,23,0,Jardim São Pedro//home,0.2196244013108142,0.22132593899672295
23,23,0,Jardim São Pedro//work,nan,nan
23,23,0,Jardim São Pedro//school,nan,nan
23,23,0,Jardim São Pedro//marketplace,nan,nan
23,23,0,Jardim São Pedro//pharmacy,nan,nan
23,23,0,Jardim São Pedro//gas_station,nan,nan
23,23,0,Lageado//home,0.2576991742914528,0.22123038012348434
23,23,0,Lageado//work,0.396,0.6666666666666666
23,23,0,Lageado//school,nan,nan
23,23,0,Lageado//marketplace,nan,nan
23,23,0,Lageado//pharmacy,nan,nan
23,23,0,Lageado//gas_station,nan,nan
23,23,0,Lami//home,0.2574609466076008,0.22103054325017488
23,23,0,Lami//work,nan,nan
23,23,0,Lami//school,nan,nan
23,23,0,Lami//marketplace,nan,nan
23,23,0,Lami//pharmacy,nan,nan
23,23,0,Lami//gas_station,nan,nan
23,23,0,Lomba do Pinheiro//home,0.2558513750731422,0.22089514565334617
23,23,0,Lomba do Pinheiro//work,0.432,0.6666666666666666
23,23,0,Lomba do Pinheiro//school,nan,nan
23,23,0,Lomba do Pinheiro//marketplace,nan,nan
23,23,0,Lomba do Pinheiro//pharmacy,nan,nan
23,23,0,Lomba do Pinheiro//gas_station,nan,nan
23,23,0,Mário Quintana//home,0.28339804806380525,0.2209046069891909
23,23,0,Mário Quintana//work,nan,nan
23,23,0,Mário Quintana//school,nan,nan
23,23,0,Mário Quintana//marketplace,nan,nan
23,23,0,Mário Quintana//pharmacy,nan,nan
23,23,0,Mário Quintana//gas_station,nan,nan
23,23,0,Medianeira//home,0.17715851376637262,0.22097478392586653
23,23,0,Medianeira//work,nan,nan
23,23,0,Medianeira//school,nan,nan
23,23,0,Medianeira//marketplace,nan,nan
23,23,0,Medianeira//pharmacy,nan,nan
23,23,0,Medianeira//gas_station,nan,nan
23,23,0,Menino Deus//home,0.22832543443917852,0.22091627172195893
23,23,0,Menino Deus//work,nan,nan
23,23,0,Menino Deus//school,nan,nan
23,23,0,Menino Deus//marketplace,nan,nan
23,23,0,Menino Deus//pharmacy,nan,nan
23,23,0,Menino Deus//gas_station,nan,nan
23,23,0,Menino Deus//hospital,nan,nan
23,23,0,Moinhos de Vento//home,0.2445666124754,0.21140298337183766
23,23,0,Moinhos de Vento//work,nan,nan
23,23,0,Moinhos de Vento//school,nan,nan
23,23,0,Moinhos de Vento//marketplace,nan,nan
23,23,0,Moinhos de Vento//pharmacy,nan,nan
23,23,0,Moinhos de Vento//gas_station,nan,nan
23,23,0,Moinhos de Vento//hospital,nan,nan
23,23,0,Moinhos de Vento//shopping_mall,nan,nan
23,23,0,Mont'Serrat//home,0.24279102883588466,0.2209564495075353
23,23,0,Mont'Serrat//work,nan,nan
23,23,0,Mont'Serrat//school,nan,nan
23,23,0,Mont'Serrat//marketplace,nan,nan
23,23,0,Mont'Serrat//pharmacy,nan,nan
23,23,0,Mont'Serrat//gas_station,nan,nan
23,23,0,Morro Santana//home,0.23842616783362944,0.2151391646636709
23,23,0,Morro Santana//work,nan,nan
23,23,0,Morro Santana//school,nan,nan
23,23,0,Morro Santana//marketplace,nan,nan
23,23,0,Morro Santana//pharmacy,nan,nan
23,23,0,Morro Santana//gas_station,nan,nan
23,23,0,Navegantes//home,0.1884099838225098,0.22109236576534935
23,23,0,Navegantes//work,nan,nan
23,23,0,Navegantes//school,nan,nan
23,23,0,Navegantes//marketplace,nan,nan
23,23,0,Navegantes//pharmacy,nan,nan
23,23,0,Navegantes//gas_station,nan,nan
23,23,0,Navegantes//shopping_mall,nan,nan
23,23,0,Nonoai//home,0.21595786963434022,0.220906200317965
23,23,0,Nonoai//work,nan,nan
23,23,0,Nonoai//school,nan,nan
23,23,0,Nonoai//marketplace,nan,nan
23,23,0,Nonoai//pharmacy,nan,nan
23,23,0,Nonoai//gas_station,nan,nan
23,23,0,Parque Santa Fé//home,0.24835319949811793,0.22103722291928063
23,23,0,Parque Santa Fé//work,nan,nan
23,23,0,Parque Santa Fé//school,nan,nan
23,23,0,Parque Santa Fé//marketplace,nan,nan
23,23,0,Parque Santa Fé//pharmacy,nan,nan
23,23,0,Parque Santa Fé//gas_station,nan,nan
23,23,0,Partenon//home,0.2029638906282613,0.21857649759966605
23,23,0,Partenon//work,0.378,0.6666666666666666
23,23,0,Partenon//school,nan,nan
23,23,0,Partenon//marketplace,nan,nan
23,23,0,Partenon//pharmacy,nan,nan
23,23,0,Partenon//gas_station,nan,nan
23,23,0,Passo D'Areia//home,0.06554989075018208,0.2209274095654285
23,23,0,Passo D'Areia//work,nan,nan
23,23,0,Passo D'Areia//school,nan,nan
23,23,0,Passo D'Areia//marketplace,nan,nan
23,23,0,Passo D'Areia//pharmacy,nan,nan
23,23,0,Passo D'Areia//gas_station,nan,nan
23,23,0,Passo das Pedras//home,0.23022261350773487,0.22097849327128663
23,23,0,Passo das Pedras//work,nan,nan
23,23,0,Passo das Pedras//school,nan,nan
23,23,0,Passo das Pedras//marketplace,nan,nan
23,23,0,Passo das Pedras//pharmacy,nan,nan
23,23,0,Passo das Pedras//gas_station,nan,nan
23,23,0,Pedra Redonda//home,0.30656934306569344,0.22384428223844283
23,23,0,Pedra Redonda//work,nan,nan
23,23,0,Pedra Redonda//school,nan,nan
23,23,0,Pedra Redonda//marketplace,nan,nan
23,23,0,Pedra Redonda//pharmacy,nan,nan
23,23,0,Pedra Redonda//gas_station,nan,nan
23,23,0,Petrópolis//home,0.24279923191807126,0.22091245288386316
23,23,0,Petrópolis//work,nan,nan
23,23,0,Petrópolis//school,nan,nan
23,23,0,Petrópolis//marketplace,nan,nan
23,23,0,Petrópolis//pharmacy,nan,nan
23,23,0,Petrópolis//gas_station,nan,nan
23,23,0,Pitinga//home,0.2587316176470588,0.22120098039215685
23,23,0,Pitinga//work,0.44,0.6666666666666666
23,23,0,Pitinga//school,nan,nan
23,23,0,Pitinga//marketplace,nan,nan
23,23,0,Pitinga//pharmacy,nan,nan
23,23,0,Pitinga//gas_station,nan,nan
23,23,0,Ponta Grossa//home,0.26410227012153176,0.22105021783994497
23,23,0,Ponta Grossa//work,nan,nan
23,23,0,Ponta Grossa//school,nan,nan
23,23,0,Ponta Grossa//marketplace,nan,nan
23,23,0,Ponta Grossa//pharmacy,nan,nan
23,23,0,Ponta Grossa//gas_station,nan,nan
23,23,0,Praia de Belas//home,0.18906181499342395,0.2209557211749233
23,23,0,Praia de Belas//work,nan,nan
23,23,0,Praia de Belas//school,nan,nan
23,23,0,Praia de Belas//marketplace,nan,nan
23,23,0,Praia de Belas//pharmacy,nan,nan
23,23,0,Praia de Belas//gas_station,nan,nan
23,23,0,Praia de Belas//stadium,nan,nan
23,23,0,Praia de Belas//shopping_mall,nan,nan
23,23,0,Restinga//home,0.23973985198474995,0.22088908823602701
23,23,0,Restinga//work,nan,nan
23,23,0,Restinga//school,nan,nan
23,23,0,Restinga//marketplace,nan,nan
23,23,0,Restinga//pharmacy,nan,nan
23,23,0,Restinga//gas_station,nan,nan
23,23,0,Restinga//hospital,nan,nan
23,23,0,Rio Branco//home,0.2320322897980441,0.21445518199178287
23,23,0,Rio Branco//work,nan,nan
23,23,0,Rio Branco//school,nan,nan
23,23,0,Rio Branco//marketplace,nan,nan
23,23,0,Rio Branco//pharmacy,nan,nan
23,23,0,Rio Branco//gas_station,nan,nan
23,23,0,Rio Branco//hospital,nan,nan
23,23,0,Rubem Berta//home,0.17132477086348288,0.220935841775205
23,23,0,Rubem Berta//work,nan,nan
23,23,0,Rubem Berta//school,nan,nan
23,23,0,Rubem Berta//marketplace,nan,nan
23,23,0,Rubem Berta//pharmacy,nan,nan
23,23,0,Rubem Berta//gas_station,nan,nan
23,23,0,Santa Cecília//home,0.23231622746185854,0.22098936662043459
23,23,0,Santa Cecília//work,nan,nan
23,23,0,Santa Cecília//school,nan,nan
23,23,0,Santa Cecília//marketplace,nan,nan
23,23,0,Santa Cecília//pharmacy,nan,nan
23,23,0,Santa Cecília//gas_station,nan,nan
23,23,0,Santa Cecília//hospital,nan,nan
23,23,0,Santa Maria Goretti//home,0.32252778569392987,0.22095563788353756
23,23,0,Santa Maria Goretti//work,nan,nan
23,23,0,Santa Maria Goretti//school,nan,nan
23,23,0,Santa Maria Goretti//marketplace,nan,nan
23,23,0,Santa Maria Goretti//pharmacy,nan,nan
23,23,0,Santa Maria Goretti//gas_station,nan,nan
23,23,0,Santa Rosa de Lima//home,0.23587722525684204,0.22088887631015386
23,23,0,Santa Rosa de Lima//work,nan,nan
23,23,0,Santa Rosa de Lima//school,nan,nan
23,23,0,Santa Rosa de Lima//marketplace,nan,nan
23,23,0,Santa Rosa de Lima//pharmacy,nan,nan
23,23,0,Santa Rosa de Lima//gas_station,nan,nan
23,23,0,Santa Tereza//home,0.22497283775930466,0.22091955765554067
23,23,0,Santa Tereza//work,nan,nan
23,23,0,Santa Tereza//school,nan,nan
23,23,0,Santa Tereza//marketplace,nan,nan
23,23,0,Santa Tereza//pharmacy,nan,nan
23,23,0,Santa Tereza//gas_station,nan,nan
23,23,0,Santana//home,0.22126381315446605,0.2209461307082308
23,23,0,Santana//work,nan,nan
23,23,0,Santana//school,nan,nan
23,23,0,Santana//marketplace,nan,nan
23,23,0,Santana//pharmacy,nan,nan
23,23,0,Santana//gas_station,nan,nan
23,23,0,Santana//hospital,nan,nan
23,23,0,Santo Antônio//home,0.19928196945520857,0.22095585441835727
23,23,0,Santo Antônio//work,nan,nan
23,23,0,Santo Antônio//school,nan,nan
23,23,0,Santo Antônio//marketplace,nan,nan
23,23,0,Santo Antônio//pharmacy,nan,nan
23,23,0,Santo Antônio//gas_station,nan,nan
23,23,0,São Caetano//home,0.25726552179656537,0.22192866578599735
23,23,0,São Caetano//work,nan,nan
23,23,0,São Caetano//school,nan,nan
23,23,0,São Caetano//marketplace,nan,nan
23,23,0,São Caetano//pharmacy,nan,nan
23,23,0,São Caetano//gas_station,nan,nan
23,23,0,São Geraldo//home,0.21457781361594286,0.2210958798909496
23,23,0,São Geraldo//work,nan,nan
23,23,0,São Geraldo//school,nan,nan
23,23,0,São Geraldo//marketplace,nan,nan
23,23,0,São Geraldo//pharmacy,nan,nan
23,23,0,São Geraldo//gas_station,nan,nan
23,23,0,São João//home,0.22206772452151152,0.2210044168166203
23,23,0,São João//work,nan,nan
23,23,0,São João//school,nan,nan
23,23,0,São João//marketplace,nan,nan
23,23,0,São João//pharmacy,nan,nan
23,23,0,São João//gas_station,nan,nan
23,23,0,São João//shopping_mall,nan,nan
23,23,0,São Sebastião//home,0.2270622595811369,0.2210191385287553
23,23,0,São Sebastião//work,nan,nan
23,23,0,São Sebastião//school,nan,nan
23,23,0,São Sebastião//marketplace,nan,nan
23,23,0,São Sebastião//pharmacy,nan,nan
23,23,0,São Sebastião//gas_station,nan,nan
23,23,0,São Sebastião//shopping_mall,nan,nan
23,23,0,Sarandi//home,0.21863558907391473,0.21713822948828262
23,23,0,Sarandi//work,nan,nan
23,23,0,Sarandi//school,nan,nan
23,23,0,Sarandi//marketplace,nan,nan
23,23,0,Sarandi//pharmacy,nan,nan
23,23,0,Sarandi//gas_station,nan,nan
23,23,0,Sarandi//shopping_mall,nan,nan
23,23,0,Serraria//home,0.20744510338195224,0.22097558369396805
23,23,0,Serraria//work,nan,nan
23,23,0,Serraria//school,nan,nan
23,23,0,Serraria//marketplace,nan,nan
23,23,0,Serraria//pharmacy,nan,nan
23,23,0,Serraria//gas_station,nan,nan
23,23,0,Sétimo Céu//home,0.24887133182844243,0.2217205919237522
23,23,0,Sétimo Céu//work,nan,nan
23,23,0,Sétimo Céu//school,nan,nan
23,23,0,Sétimo Céu//marketplace,nan,nan
23,23,0,Sétimo Céu//pharmacy,nan,nan
23,23,0,Sétimo Céu//gas_station,nan,nan
23,23,0,Teresópolis//home,0.23000951927653498,0.22089254549987533
23,23,0,Teresópolis//work,0.394,0.6666666666666666
23,23,0,Teresópolis//school,nan,nan
23,23,0,Teresópolis//marketplace,nan,nan
23,23,0,Teresópolis//pharmacy,nan,nan
23,23,0,Teresópolis//gas_station,nan,nan
23,23,0,Teresópolis//hospital,nan,nan
23,23,0,Três Figueiras//home,0.18034398034398033,0.22096642096642097
23,23,0,Três Figueiras//work,nan,nan
23,23,0,Três Figueiras//school,nan,nan
23,23,0,Três Figueiras//marketplace,nan,nan
23,23,0,Três Figueiras//pharmacy,nan,nan
23,23,0,Três Figueiras//gas_station,nan,nan
23,23,0,Três Figueiras//shopping_mall,nan,nan
23,23,0,Tristeza//home,0.21962616822429906,0.22090422557712278
23,23,0,Tristeza//work,nan,nan
23,23,0,Tristeza//school,nan,nan
23,23,0,Tristeza//marketplace,nan,nan
23,23,0,Tristeza//pharmacy,nan,nan
23,23,0,Tristeza//gas_station,nan,nan
23,23,0,Vila Assunção//home,0.20778632865550023,0.22106533876565565
23,23,0,Vila Assunção//work,nan,nan
23,23,0,Vila Assunção//school,nan,nan
23,23,0,Vila Assunção//marketplace,nan,nan
23,23,0,Vila Assunção//pharmacy,nan,nan
23,23,0,Vila Assunção//gas_station,nan,nan
23,23,0,Vila Assunção//hospital,nan,nan
23,23,0,Vila Conceição//home,0.23072646404744254,0.2213985668396343
23,23,0,Vila Conceição//work,0.45,0.6666666666666666
23,23,0,Vila Conceição//school,nan,nan
23,23,0,Vila Conceição//marketplace,nan,nan
23,23,0,Vila Conceição//pharmacy,nan,nan
23,23,0,Vila Conceição//gas_station,nan,nan
23,23,0,Vila Ipiranga//home,0.21086153511869193,0.2148948883698191
23,23,0,Vila Ipiranga//work,nan,nan
23,23,0,Vila Ipiranga//school,nan,nan
23,23,0,Vila Ipiranga//marketplace,nan,nan
23,23,0,Vila Ipiranga//pharmacy,nan,nan
23,23,0,Vila Ipiranga//gas_station,nan,nan
23,23,0,Vila Jardim//home,0.21493289862764425,0.22094169383577222
23,23,0,Vila Jardim//work,nan,nan
23,23,0,Vila Jardim//school,nan,nan
23,23,0,Vila Jardim//marketplace,nan,nan
23,23,0,Vila Jardim//pharmacy,nan,nan
23,23,0,Vila Jardim//gas_station,nan,nan
23,23,0,Vila João Pessoa//home,0.2173989523883981,0.21223255935162744
23,23,0,Vila João Pessoa//work,0.448,0.6666666666666666
23,23,0,Vila João Pessoa//school,nan,nan
23,23,0,Vila João Pessoa//marketplace,nan,nan
23,23,0,Vila João Pessoa//pharmacy,nan,nan
23,23,0,Vila João Pessoa//gas_station,nan,nan
23,23,0,Vila Nova//home,0.2038174874495673,0.22090814828503086
23,23,0,Vila Nova//work,nan,nan
23,23,0,Vila Nova//school,nan,nan
23,23,0,Vila Nova//marketplace,nan,nan
23,23,0,Vila Nova//pharmacy,nan,nan
23,23,0,Vila Nova//gas_station,nan,nan
23,23,0,Vila Nova//hospital,nan,nan
23,23,0,São José//home,0.25060327275469424,0.2208983736771988
23,23,0,São José//work,0.452,0.6666666666666666
23,23,0,São José//school,nan,nan
23,23,0,São José//marketplace,nan,nan
23,23,0,São José//pharmacy,nan,nan
23,23,0,São José//gas_station,nan,nan
