Simulation_Step,Cycle_Step,Cycle,Region,age,occupation
0,0,0,Aberta dos Morros,0.24496433067561896,0.22100993145894532
0,0,0,Agronomia,0.2294079794079794,0.22165022165022166
0,0,0,Anchieta,0.24296394019349166,0.27030196423336267
0,0,0,Arquipélago,0.25241336633663364,0.20717821782178217
0,0,0,Auxiliadora,0.24834761953939893,0.22093703741953252
0,0,0,Azenha,0.19585171481428776,0.2288316493524975
0,0,0,Bela Vista,0.24763230040707818,0.23017916978206088
0,0,0,Belém Novo,0.21475247524752475,0.22092409240924094
0,0,0,Belém Velho,0.2483467170524327,0.21048653755314123
0,0,0,Boa Vista,0.21166165194603515,0.23184185835840693
0,0,0,Boa Vista do Sul,0.23722390645300995,0.22116356286992928
0,0,0,Bom Fim,0.2213038878603544,0.2111140497810691
0,0,0,Bom Jesus,0.23015831134564643,0.21699208443271767
0,0,0,Camaquã,0.21453705740048384,0.2270361410453779
0,0,0,Campo Novo,0.25079853981291356,0.22092934823940985
0,0,0,Cascata,0.25101856930188826,0.21222805505497663
0,0,0,Cavalhada,0.2126608416669511,0.22089491108911566
0,0,0,Centro Histórico,0.25135362925882415,0.22090548432684612
0,0,0,Chácara das Pedras,0.22976293726510552,0.23715910185988243
0,0,0,Chapéu do Sol,0.25720906282183315,0.22130678567341802
0,0,0,Cidade Baixa,0.2589893581862648,0.21354132240509396
0,0,0,Cel. Aparício Borges,0.23695743452474677,0.21508423870256652
0,0,0,Costa e Silva,0.2716256524981357,0.22789792029165631
0,0,0,Cristal,0.22055712270803948,0.2101978886181989
0,0,0,Cristo Redentor,0.222956548161653,0.22092575711536513
0,0,0,Espírito Santo,0.21459150909739566,0.22107266024497563
0,0,0,Extrema,0.22602221100454317,0.22143698468786807
0,0,0,Farrapos,0.24489097229537554,0.22089961023912358
0,0,0,Farroupilha,0.28839801816680427,0.3137902559867878
0,0,0,Floresta,0.1909927401654567,0.23040126062243232
0,0,0,Glória,0.19413391211274306,0.21430695129928048
0,0,0,Guarujá,0.24480357514030346,0.22115984202868427
0,0,0,Higienópolis,0.22598870056497175,0.23115242087357998
0,0,0,Hípica,0.2941137034057388,0.22093501385536785
0,0,0,Humaitá,0.272618201208674,0.21104396255480506
0,0,0,Independência,0.21788349020605444,0.20673280759772747
0,0,0,Ipanema,0.22366695804195805,0.22095959595959597
0,0,0,Jardim Botânico,0.2196110534302372,0.22096211697681228
0,0,0,Jardim Carvalho,0.23367843622035078,0.22949341986659455
0,0,0,Jardim do Salso,0.24570354457572502,0.24504117436448264
0,0,0,Jardim Leopoldina,0.2437277975133215,0.2209517465956187
0,0,0,Jardim Europa,0.25021748586341885,0.22096563723357981
0,0,0,Jardim Floresta,0.1982915028726943,0.2211470617881262
0,0,0,Jardim Isabel,0.2504862236628849,0.2573743922204214
0,0,0,Jardim Itú,0.2328600235254579,0.2209525943352191
0,0,0,Jardim Lindóia,0.2251639458629831,0.20538579600948792
0,0,0,Jardim Sabará,0.18497740963855422,0.2125
0,0,0,Jardim São Pedro,0.2196244013108142,0.22132593899672295
0,0,0,Lageado,0.2576991742914528,0.22123038012348434
0,0,0,Lami,0.2574609466076008,0.22103054325017488
0,0,0,Lomba do Pinheiro,0.2559717228982301,0.21896893436578171
0,0,0,Mário Quintana,0.28313569104837866,0.2209046069891909
0,0,0,Medianeira,0.17715851376637262,0.22097478392586653
0,0,0,Menino Deus,0.224126213592233,0.21009708737864077
0,0,0,Moinhos de Vento,0.24983589070320833,0.23008123410191186
0,0,0,Mont'Serrat,0.24279102883588466,0.2209564495075353
0,0,0,Morro Santana,0.23834330513719826,0.22096141943470188
0,0,0,Navegantes,0.1884099838225098,0.22109236576534935
0,0,0,Nonoai,0.21551585708550783,0.2164324902984076
0,0,0,Parque Santa Fé,0.24835319949811793,0.22103722291928063
0,0,0,Partenon,0.20241901993355482,0.22090254706533777
0,0,0,Passo D'Areia,0.05756904515034405,0.20517170955478053
0,0,0,Passo das Pedras,0.23042277203939468,0.24105212587076627
0,0,0,Pedra Redonda,0.30656934306569344,0.22384428223844283
0,0,0,Petrópolis,0.2425592063153403,0.22091245288386316
0,0,0,Pitinga,0.2587316176470588,0.22120098039215685
0,0,0,Ponta Grossa,0.2631019830028329,0.2079005350960025
0,0,0,Praia de Belas,0.18906181499342395,0.2209557211749233
0,0,0,Restinga,0.23896908367126754,0.2229621637709736
0,0,0,Rio Branco,0.23414237636187327,0.22090392257524766
0,0,0,Rubem Berta,0.17132477086348288,0.220935841775205
0,0,0,Santa Cecília,0.23978065802592224,0.23950371108895535
0,0,0,Santa Maria Goretti,0.2966879489225858,0.25059856344772546
0,0,0,Santa Rosa de Lima,0.23587722525684204,0.22088887631015386
0,0,0,Santa Tereza,0.22475330805734803,0.22371757852712984
0,0,0,Santana,0.22358997314234558,0.23144701503086273
0,0,0,Santo Antônio,0.1958213926109519,0.21232540727544988
0,0,0,São Caetano,0.25726552179656537,0.22192866578599735
0,0,0,São Geraldo,0.21457781361594286,0.2210958798909496
0,0,0,São João,0.21956412825651303,0.2117011801380539
0,0,0,São Sebastião,0.2269569404319714,0.2363461273902875
0,0,0,Sarandi,0.21890173216175804,0.21902633804315563
0,0,0,Serraria,0.20744510338195224,0.22097558369396805
0,0,0,Sétimo Céu,0.24887133182844243,0.2217205919237522
0,0,0,Teresópolis,0.23000951927653498,0.22089254549987533
0,0,0,Três Figueiras,0.1804398148148148,0.24675925925925926
0,0,0,Tristeza,0.21728971962616822,0.22090422557712278
0,0,0,Vila Assunção,0.20778632865550023,0.22106533876565565
0,0,0,Vila Conceição,0.23072646404744254,0.2213985668396343
0,0,0,Vila Ipiranga,0.2105084469552936,0.2148948883698191
0,0,0,Vila Jardim,0.21493289862764425,0.22094169383577222
0,0,0,Vila João Pessoa,0.2141090022893435,0.23740245673633165
0,0,0,Vila Nova,0.2038174874495673,0.22090814828503086
0,0,0,São José,0.25109343186788324,0.2208983736771988
1,1,0,Aberta dos Morros,0.24496433067561896,0.22100993145894532
1,1,0,Agronomia,0.2294079794079794,0.22165022165022166
1,1,0,Anchieta,0.24296394019349166,0.27030196423336267
1,1,0,Arquipélago,0.24195678271308524,0.22096838735494198
1,1,0,Auxiliadora,0.25176180408738547,0.23215544145776704
1,1,0,Azenha,0.19865072706935122,0.23648396718866518
1,1,0,Bela Vista,0.24763230040707818,0.23017916978206088
1,1,0,Belém Novo,0.21475247524752475,0.22092409240924094
1,1,0,Belém Velho,0.24658514074757729,0.22101215197661897
1,1,0,Boa Vista,0.21269770217845418,0.22102854869193275
1,1,0,Boa Vista do Sul,0.2407722195240408,0.16707139388052453
1,1,0,Bom Fim,0.22597688260156992,0.2209379223094396
1,1,0,Bom Jesus,0.23015831134564643,0.21699208443271767
1,1,0,Camaquã,0.21453705740048384,0.2270361410453779
1,1,0,Campo Novo,0.25079853981291356,0.22092934823940985
1,1,0,Cascata,0.2502305386920772,0.22095852865083634
1,1,0,Cavalhada,0.21233949533546767,0.21705853328284394
1,1,0,Centro Histórico,0.25135362925882415,0.22090548432684612
1,1,0,Chácara das Pedras,0.23556082589285715,0.2521391369047619
1,1,0,Chapéu do Sol,0.25720906282183315,0.22130678567341802
1,1,0,Cidade Baixa,0.2604363092528773,0.22090729783037474
1,1,0,Cel. Aparício Borges,0.23691698133276604,0.20908011132975235
1,1,0,Costa e Silva,0.271304128266633,0.2209737827715356
1,1,0,Cristal,0.22059877508470158,0.20276257492832941
1,1,0,Cristo Redentor,0.2167188968975243,0.20695706675023504
1,1,0,Espírito Santo,0.21459150909739566,0.22107266024497563
1,1,0,Extrema,0.21817570596145228,0.2713282533990737
1,1,0,Farrapos,0.24489097229537554,0.22089961023912358
1,1,0,Farroupilha,0.28839801816680427,0.3137902559867878
1,1,0,Floresta,0.1909927401654567,0.23040126062243232
1,1,0,Glória,0.19199341687359242,0.22736809686050316
1,1,0,Guarujá,0.24480357514030346,0.22115984202868427
1,1,0,Higienópolis,0.22667213413522871,0.23115242087357998
1,1,0,Hípica,0.2941137034057388,0.22093501385536785
1,1,0,Humaitá,0.272618201208674,0.21104396255480506
1,1,0,Independência,0.22004437869822485,0.22090729783037474
1,1,0,Ipanema,0.22347529307018846,0.2126922886679527
1,1,0,Jardim Botânico,0.22384699710281106,0.22968705139247775
1,1,0,Jardim Carvalho,0.23458626284478096,0.22949341986659455
1,1,0,Jardim do Salso,0.24570354457572502,0.24504117436448264
1,1,0,Jardim Leopoldina,0.2437277975133215,0.2209517465956187
1,1,0,Jardim Europa,0.25021748586341885,0.22096563723357981
1,1,0,Jardim Floresta,0.19644363227438852,0.2524599381501265
1,1,0,Jardim Isabel,0.24623430962343096,0.31445839144583915
1,1,0,Jardim Itú,0.2328600235254579,0.2209525943352191
1,1,0,Jardim Lindóia,0.2234896051346449,0.20538579600948792
1,1,0,Jardim Sabará,0.18658059467918622,0.19473135106937925
1,1,0,Jardim São Pedro,0.2323334123784681,0.2477274523753063
1,1,0,Lageado,0.2576991742914528,0.22123038012348434
1,1,0,Lami,0.2574609466076008,0.22103054325017488
1,1,0,Lomba do Pinheiro,0.25530592231989635,0.2130891091420633
1,1,0,Mário Quintana,0.28313569104837866,0.2209046069891909
1,1,0,Medianeira,0.1772304748017862,0.21082049880008505
1,1,0,Menino Deus,0.2243527508090615,0.21009708737864077
1,1,0,Moinhos de Vento,0.2441815692649953,0.21140298337183766
1,1,0,Mont'Serrat,0.24987218813905931,0.23994546693933197
1,1,0,Morro Santana,0.23818857024963896,0.22096141943470188
1,1,0,Navegantes,0.1866766813034435,0.22109236576534935
1,1,0,Nonoai,0.21632527652601394,0.20721015977058582
1,1,0,Parque Santa Fé,0.25196196800482945,0.23785089043163296
1,1,0,Partenon,0.20241901993355482,0.22090254706533777
1,1,0,Passo D'Areia,0.055179320869896985,0.19966933740302684
1,1,0,Passo das Pedras,0.23042277203939468,0.24105212587076627
1,1,0,Pedra Redonda,0.30656934306569344,0.22384428223844283
1,1,0,Petrópolis,0.2425592063153403,0.22091245288386316
1,1,0,Pitinga,0.26173402868318124,0.24540055048529624
1,1,0,Ponta Grossa,0.2631019830028329,0.2079005350960025
1,1,0,Praia de Belas,0.18906181499342395,0.2209557211749233
1,1,0,Restinga,0.23896908367126754,0.2229621637709736
1,1,0,Rio Branco,0.23414237636187327,0.22090392257524766
1,1,0,Rubem Berta,0.17132477086348288,0.220935841775205
1,1,0,Santa Cecília,0.23170943134535368,0.22098936662043459
1,1,0,Santa Maria Goretti,0.2966879489225858,0.25059856344772546
1,1,0,Santa Rosa de Lima,0.235932879740476,0.21449009081426618
1,1,0,Santa Tereza,0.22473279935315965,0.22091955765554067
1,1,0,Santana,0.22358997314234558,0.23144701503086273
1,1,0,Santo Antônio,0.20343374841547984,0.22926453408893196
1,1,0,São Caetano,0.25726552179656537,0.22192866578599735
1,1,0,São Geraldo,0.21457781361594286,0.2210958798909496
1,1,0,São João,0.21956412825651303,0.2117011801380539
1,1,0,São Sebastião,0.22739061045351774,0.25065389901139334
1,1,0,Sarandi,0.21890173216175804,0.21902633804315563
1,1,0,Serraria,0.20744510338195224,0.22097558369396805
1,1,0,Sétimo Céu,0.24887133182844243,0.2217205919237522
1,1,0,Teresópolis,0.23000951927653498,0.22089254549987533
1,1,0,Três Figueiras,0.1804398148148148,0.24675925925925926
1,1,0,Tristeza,0.2132225790513834,0.20713932806324112
1,1,0,Vila Assunção,0.21197641317608784,0.26636844245628305
1,1,0,Vila Conceição,0.24374609130706693,0.29101521784448614
1,1,0,Vila Ipiranga,0.2105084469552936,0.2148948883698191
1,1,0,Vila Jardim,0.21822680258947838,0.2292333258923035
1,1,0,Vila João Pessoa,0.21407343315025204,0.22932811677074713
1,1,0,Vila Nova,0.204312672646575,0.21744933114001055
1,1,0,São José,0.2516808606006275,0.22506100901439316
2,2,0,Aberta dos Morros,0.24496433067561896,0.22100993145894532
2,2,0,Agronomia,0.2294079794079794,0.22165022165022166
2,2,0,Anchieta,0.21431146359048306,0.3417447728911319
2,2,0,Arquipélago,0.24195678271308524,0.22096838735494198
2,2,0,Auxiliadora,0.25176180408738547,0.23215544145776704
2,2,0,Azenha,0.2027277724336952,0.24387339104942513
2,2,0,Bela Vista,0.24763230040707818,0.23017916978206088
2,2,0,Belém Novo,0.21475247524752475,0.22092409240924094
2,2,0,Belém Velho,0.24658514074757729,0.22101215197661897
2,2,0,Boa Vista,0.21048517009381218,0.24214283458100383
2,2,0,Boa Vista do Sul,0.2407722195240408,0.16707139388052453
2,2,0,Bom Fim,0.22597688260156992,0.2209379223094396
2,2,0,Bom Jesus,0.23015831134564643,0.21699208443271767
2,2,0,Camaquã,0.21296924468566258,0.21460877431026684
2,2,0,Campo Novo,0.25079853981291356,0.22092934823940985
2,2,0,Cascata,0.24929483663715427,0.21222805505497663
2,2,0,Cavalhada,0.21233949533546767,0.21705853328284394
2,2,0,Centro Histórico,0.24921094841413566,0.2151394422310757
2,2,0,Chácara das Pedras,0.23556082589285715,0.2521391369047619
2,2,0,Chapéu do Sol,0.2602986611740474,0.22130678567341802
2,2,0,Cidade Baixa,0.2604363092528773,0.22090729783037474
2,2,0,Cel. Aparício Borges,0.23571659569880882,0.20291417380836882
2,2,0,Costa e Silva,0.271304128266633,0.2209737827715356
2,2,0,Cristal,0.2213427051172568,0.19895333815060545
2,2,0,Cristo Redentor,0.2167188968975243,0.20695706675023504
2,2,0,Espírito Santo,0.21459150909739566,0.22107266024497563
2,2,0,Extrema,0.21817570596145228,0.2713282533990737
2,2,0,Farrapos,0.24489097229537554,0.22089961023912358
2,2,0,Farroupilha,0.28839801816680427,0.3137902559867878
2,2,0,Floresta,0.1909927401654567,0.23040126062243232
2,2,0,Glória,0.19199341687359242,0.22736809686050316
2,2,0,Guarujá,0.24683856945267735,0.24316669959823486
2,2,0,Higienópolis,0.22305110033569564,0.22099962700484893
2,2,0,Hípica,0.29274604451595604,0.22093501385536785
2,2,0,Humaitá,0.272618201208674,0.21104396255480506
2,2,0,Independência,0.22004437869822485,0.22090729783037474
2,2,0,Ipanema,0.22347529307018846,0.2126922886679527
2,2,0,Jardim Botânico,0.22384699710281106,0.22968705139247775
2,2,0,Jardim Carvalho,0.23472850678733032,0.22523014510844125
2,2,0,Jardim do Salso,0.24570354457572502,0.24504117436448264
2,2,0,Jardim Leopoldina,0.24353352575488454,0.2209517465956187
2,2,0,Jardim Europa,0.2527461749705767,0.2646789590689159
2,2,0,Jardim Floresta,0.20649494700517623,0.30350833949552214
2,2,0,Jardim Isabel,0.24623430962343096,0.31445839144583915
2,2,0,Jardim Itú,0.2328600235254579,0.2209525943352191
2,2,0,Jardim Lindóia,0.21992916004047997,0.18871379692544937
2,2,0,Jardim Sabará,0.18658059467918622,0.19473135106937925
2,2,0,Jardim São Pedro,0.2323334123784681,0.2477274523753063
2,2,0,Lageado,0.2576991742914528,0.22123038012348434
2,2,0,Lami,0.25936329588014984,0.24557538371153706
2,2,0,Lomba do Pinheiro,0.25542227491456865,0.2150661366436525
2,2,0,Mário Quintana,0.28313569104837866,0.2209046069891909
2,2,0,Medianeira,0.1777869781225486,0.23068653941137163
2,2,0,Menino Deus,0.2231810766721044,0.20637302882001088
2,2,0,Moinhos de Vento,0.2441815692649953,0.21140298337183766
2,2,0,Mont'Serrat,0.24987218813905931,0.23994546693933197
2,2,0,Morro Santana,0.23818857024963896,0.22096141943470188
2,2,0,Navegantes,0.1866766813034435,0.22109236576534935
2,2,0,Nonoai,0.2162843097091356,0.20721015977058582
2,2,0,Parque Santa Fé,0.2537085514834206,0.25344192359899165
2,2,0,Partenon,0.2021283222591362,0.22090254706533777
2,2,0,Passo D'Areia,0.057757564332170795,0.20517170955478053
2,2,0,Passo das Pedras,0.2300024387269845,0.23456489046051296
2,2,0,Pedra Redonda,0.30656934306569344,0.22384428223844283
2,2,0,Petrópolis,0.24119368522794393,0.2179204925808588
2,2,0,Pitinga,0.2595358455882353,0.22120098039215685
2,2,0,Ponta Grossa,0.2631019830028329,0.2079005350960025
2,2,0,Praia de Belas,0.18906181499342395,0.2209557211749233
2,2,0,Restinga,0.23876803468640204,0.22088908823602701
2,2,0,Rio Branco,0.23602440807603622,0.22717132519730798
2,2,0,Rubem Berta,0.1718664560422869,0.21755068149138262
2,2,0,Santa Cecília,0.2367065470255899,0.23950371108895535
2,2,0,Santa Maria Goretti,0.2961558925246076,0.25059856344772546
2,2,0,Santa Rosa de Lima,0.235932879740476,0.21449009081426618
2,2,0,Santa Tereza,0.2248086009551002,0.22091955765554067
2,2,0,Santana,0.22358997314234558,0.23144701503086273
2,2,0,Santo Antônio,0.19988982600106375,0.22095585441835727
2,2,0,São Caetano,0.25726552179656537,0.22192866578599735
2,2,0,São Geraldo,0.21457781361594286,0.2210958798909496
2,2,0,São João,0.21956412825651303,0.2117011801380539
2,2,0,São Sebastião,0.22739061045351774,0.25065389901139334
2,2,0,Sarandi,0.21675230981266272,0.2133138225768945
2,2,0,Serraria,0.2041659709467357,0.20237101352479545
2,2,0,Sétimo Céu,0.24887133182844243,0.2217205919237522
2,2,0,Teresópolis,0.23000951927653498,0.22089254549987533
2,2,0,Três Figueiras,0.17286652078774617,0.2697301239970824
2,2,0,Tristeza,0.213900388909798,0.1999330907874378
2,2,0,Vila Assunção,0.22281346749226005,0.2857327141382869
2,2,0,Vila Conceição,0.24374609130706693,0.29101521784448614
2,2,0,Vila Ipiranga,0.21028726083927327,0.22094788931168158
2,2,0,Vila Jardim,0.21822680258947838,0.2292333258923035
2,2,0,Vila João Pessoa,0.21620984700166776,0.24518405723539508
2,2,0,Vila Nova,0.20262112418138364,0.21744933114001055
2,2,0,São José,0.2516808606006275,0.22506100901439316
3,3,0,Aberta dos Morros,0.24195837275307475,0.2360679371086183
3,3,0,Agronomia,0.2294079794079794,0.22165022165022166
3,3,0,Anchieta,0.21431146359048306,0.3417447728911319
3,3,0,Arquipélago,0.24195678271308524,0.22096838735494198
3,3,0,Auxiliadora,0.25176180408738547,0.23215544145776704
3,3,0,Azenha,0.20670089165090516,0.2510132396649554
3,3,0,Bela Vista,0.24541868159837107,0.22092135403410537
3,3,0,Belém Novo,0.21278301886792453,0.2419496855345912
3,3,0,Belém Velho,0.24959404600811907,0.2310629980454067
3,3,0,Boa Vista,0.21048517009381218,0.24214283458100383
3,3,0,Boa Vista do Sul,0.2407722195240408,0.16707139388052453
3,3,0,Bom Fim,0.22597688260156992,0.2209379223094396
3,3,0,Bom Jesus,0.23015831134564643,0.21699208443271767
3,3,0,Camaquã,0.21284424127550453,0.22090905712268183
3,3,0,Campo Novo,0.24947158290277124,0.2078440582433067
3,3,0,Cascata,0.24929483663715427,0.21222805505497663
3,3,0,Cavalhada,0.21233949533546767,0.21705853328284394
3,3,0,Centro Histórico,0.24921094841413566,0.2151394422310757
3,3,0,Chácara das Pedras,0.23556082589285715,0.2521391369047619
3,3,0,Chapéu do Sol,0.2602986611740474,0.22130678567341802
3,3,0,Cidade Baixa,0.2623808305073901,0.22803762236867361
3,3,0,Cel. Aparício Borges,0.23533929822670188,0.20291417380836882
3,3,0,Costa e Silva,0.27142124166239096,0.21382760389943561
3,3,0,Cristal,0.22092330109948338,0.19508102618448359
3,3,0,Cristo Redentor,0.2167188968975243,0.20695706675023504
3,3,0,Espírito Santo,0.21459150909739566,0.22107266024497563
3,3,0,Extrema,0.21817570596145228,0.2713282533990737
3,3,0,Farrapos,0.24489097229537554,0.22089961023912358
3,3,0,Farroupilha,0.28839801816680427,0.3137902559867878
3,3,0,Floresta,0.1909927401654567,0.23040126062243232
3,3,0,Glória,0.19310657994961036,0.22093318489873245
3,3,0,Guarujá,0.24683856945267735,0.24316669959823486
3,3,0,Higienópolis,0.22305110033569564,0.22099962700484893
3,3,0,Hípica,0.29274604451595604,0.22093501385536785
3,3,0,Humaitá,0.272618201208674,0.21104396255480506
3,3,0,Independência,0.22004437869822485,0.22090729783037474
3,3,0,Ipanema,0.22558985012613147,0.2126922886679527
3,3,0,Jardim Botânico,0.22384699710281106,0.22968705139247775
3,3,0,Jardim Carvalho,0.2347750728748129,0.22088290133669478
3,3,0,Jardim do Salso,0.24570354457572502,0.24504117436448264
3,3,0,Jardim Leopoldina,0.24353352575488454,0.2209517465956187
3,3,0,Jardim Europa,0.2462486602357985,0.300583541741098
3,3,0,Jardim Floresta,0.21575342465753425,0.3245878801950313
3,3,0,Jardim Isabel,0.24623430962343096,0.31445839144583915
3,3,0,Jardim Itú,0.23224734420269272,0.21462250752712606
3,3,0,Jardim Lindóia,0.2163148763914992,0.18871379692544937
3,3,0,Jardim Sabará,0.18658059467918622,0.19473135106937925
3,3,0,Jardim São Pedro,0.22201915805394504,0.22132593899672295
3,3,0,Lageado,0.2576991742914528,0.22123038012348434
3,3,0,Lami,0.25936329588014984,0.24557538371153706
3,3,0,Lomba do Pinheiro,0.2547998472381349,0.2170260042356699
3,3,0,Mário Quintana,0.28313569104837866,0.2209046069891909
3,3,0,Medianeira,0.17890045210270408,0.23998407688589382
3,3,0,Menino Deus,0.22148026315789474,0.20258771929824562
3,3,0,Moinhos de Vento,0.24690039373376896,0.22093770070648683
3,3,0,Mont'Serrat,0.24987218813905931,0.23994546693933197
3,3,0,Morro Santana,0.23818857024963896,0.22096141943470188
3,3,0,Navegantes,0.1866766813034435,0.22109236576534935
3,3,0,Nonoai,0.2164114238410596,0.20245584988962473
3,3,0,Parque Santa Fé,0.2540696042660679,0.26793900271306953
3,3,0,Partenon,0.2021283222591362,0.22090254706533777
3,3,0,Passo D'Areia,0.057757564332170795,0.20517170955478053
3,3,0,Passo das Pedras,0.22651165542539345,0.24734745395022284
3,3,0,Pedra Redonda,0.29961832061068705,0.4351145038167939
3,3,0,Petrópolis,0.2376561814993424,0.20869867017390034
3,3,0,Pitinga,0.2595358455882353,0.22120098039215685
3,3,0,Ponta Grossa,0.2631019830028329,0.2079005350960025
3,3,0,Praia de Belas,0.19732110751528228,0.30109073474769266
3,3,0,Restinga,0.2391002290735664,0.21879655012705446
3,3,0,Rio Branco,0.23602440807603622,0.22717132519730798
3,3,0,Rubem Berta,0.1718664560422869,0.21755068149138262
3,3,0,Santa Cecília,0.2367065470255899,0.23950371108895535
3,3,0,Santa Maria Goretti,0.2901823881447706,0.22095563788353756
3,3,0,Santa Rosa de Lima,0.2360914322065755,0.21122131297651062
3,3,0,Santa Tereza,0.2248086009551002,0.22091955765554067
3,3,0,Santana,0.21812875494553802,0.21550334587017048
3,3,0,Santo Antônio,0.19698319262644257,0.21232540727544988
3,3,0,São Caetano,0.25726552179656537,0.22192866578599735
3,3,0,São Geraldo,0.21457781361594286,0.2210958798909496
3,3,0,São João,0.21956412825651303,0.2117011801380539
3,3,0,São Sebastião,0.22739061045351774,0.25065389901139334
3,3,0,Sarandi,0.21418538115509902,0.2074536231134704
3,3,0,Serraria,0.2041659709467357,0.20237101352479545
3,3,0,Sétimo Céu,0.23511716276124128,0.2921680388431497
3,3,0,Teresópolis,0.23000951927653498,0.22089254549987533
3,3,0,Três Figueiras,0.20018796992481203,0.3256892230576441
3,3,0,Tristeza,0.21387104743083005,0.20713932806324112
3,3,0,Vila Assunção,0.22281346749226005,0.2857327141382869
3,3,0,Vila Conceição,0.24374609130706693,0.29101521784448614
3,3,0,Vila Ipiranga,0.21028726083927327,0.22094788931168158
3,3,0,Vila Jardim,0.21822680258947838,0.2292333258923035
3,3,0,Vila João Pessoa,0.21620984700166776,0.24518405723539508
3,3,0,Vila Nova,0.20262112418138364,0.21744933114001055
3,3,0,São José,0.2516808606006275,0.22506100901439316
4,4,0,Aberta dos Morros,0.24372466989148908,0.2501416307142546
4,4,0,Agronomia,0.2182293684618365,0.2647552628180292
4,4,0,Anchieta,0.21431146359048306,0.3417447728911319
4,4,0,Arquipélago,0.24195678271308524,0.22096838735494198
4,4,0,Auxiliadora,0.25176180408738547,0.23215544145776704
4,4,0,Azenha,0.21160488906602895,0.257915947035118
4,4,0,Bela Vista,0.2489012777732563,0.23906025338433576
4,4,0,Belém Novo,0.21278301886792453,0.2419496855345912
4,4,0,Belém Velho,0.24933833259814733,0.24067048963387738
4,4,0,Boa Vista,0.21048517009381218,0.24214283458100383
4,4,0,Boa Vista do Sul,0.2407722195240408,0.16707139388052453
4,4,0,Bom Fim,0.22169386099341928,0.2008473812314072
4,4,0,Bom Jesus,0.23017905102954342,0.2089406147418681
4,4,0,Camaquã,0.21200814111261873,0.21460877431026684
4,4,0,Campo Novo,0.24915315751270264,0.1939672554238245
4,4,0,Cascata,0.2480803886233644,0.21222805505497663
4,4,0,Cavalhada,0.21225127137444963,0.22089491108911566
4,4,0,Centro Histórico,0.24921094841413566,0.2151394422310757
4,4,0,Chácara das Pedras,0.23556082589285715,0.2521391369047619
4,4,0,Chapéu do Sol,0.2602986611740474,0.22130678567341802
4,4,0,Cidade Baixa,0.26353253567086826,0.22803762236867361
4,4,0,Cel. Aparício Borges,0.23534869550767185,0.1900699791355084
4,4,0,Costa e Silva,0.2684786859601095,0.2064485290922522
4,4,0,Cristal,0.2207665433621044,0.1789286203589533
4,4,0,Cristo Redentor,0.21310092327284305,0.19963918072800593
4,4,0,Espírito Santo,0.21704630321135177,0.2002738361961663
4,4,0,Extrema,0.21817570596145228,0.2713282533990737
4,4,0,Farrapos,0.24471605465414176,0.21495160831198407
4,4,0,Farroupilha,0.25676378772112385,0.22199098161637185
4,4,0,Floresta,0.1909927401654567,0.23040126062243232
4,4,0,Glória,0.19416124685064745,0.22093318489873245
4,4,0,Guarujá,0.24683856945267735,0.24316669959823486
4,4,0,Higienópolis,0.22366502642609806,0.23115242087357998
4,4,0,Hípica,0.2909367557554909,0.22683249536914527
4,4,0,Humaitá,0.272618201208674,0.21104396255480506
4,4,0,Independência,0.2253647452762497,0.23423423423423423
4,4,0,Ipanema,0.22443181818181818,0.22095959595959597
4,4,0,Jardim Botânico,0.23391228995554217,0.24615075477858991
4,4,0,Jardim Carvalho,0.23215251487290428,0.22949341986659455
4,4,0,Jardim do Salso,0.2542813455657492,0.26653075093442063
4,4,0,Jardim Leopoldina,0.24356127886323267,0.2209517465956187
4,4,0,Jardim Europa,0.23458510987208922,0.3306001967858314
4,4,0,Jardim Floresta,0.22640991880623218,0.3433545461195231
4,4,0,Jardim Isabel,0.24623430962343096,0.31445839144583915
4,4,0,Jardim Itú,0.23224734420269272,0.21462250752712606
4,4,0,Jardim Lindóia,0.21205189740512975,0.17079146042697865
4,4,0,Jardim Sabará,0.18750997605746209,0.18531524341580208
4,4,0,Jardim São Pedro,0.22201915805394504,0.22132593899672295
4,4,0,Lageado,0.2576991742914528,0.22123038012348434
4,4,0,Lami,0.25936329588014984,0.24557538371153706
4,4,0,Lomba do Pinheiro,0.2547998472381349,0.2170260042356699
4,4,0,Mário Quintana,0.28313569104837866,0.2209046069891909
4,4,0,Medianeira,0.17890045210270408,0.23998407688589382
4,4,0,Menino Deus,0.22006633499170813,0.1987396351575456
4,4,0,Moinhos de Vento,0.24690039373376896,0.22093770070648683
4,4,0,Mont'Serrat,0.24987218813905931,0.23994546693933197
4,4,0,Morro Santana,0.23897545574905796,0.2266354347014292
4,4,0,Navegantes,0.1866766813034435,0.22109236576534935
4,4,0,Nonoai,0.21651490066225165,0.20245584988962473
4,4,0,Parque Santa Fé,0.2531995346131472,0.25344192359899165
4,4,0,Partenon,0.20205593821749113,0.21857649759966605
4,4,0,Passo D'Areia,0.057757564332170795,0.20517170955478053
4,4,0,Passo das Pedras,0.22784514925373134,0.2534592661691542
4,4,0,Pedra Redonda,0.3385012919896641,0.5099052540913006
4,4,0,Petrópolis,0.2376561814993424,0.20869867017390034
4,4,0,Pitinga,0.2595358455882353,0.22120098039215685
4,4,0,Ponta Grossa,0.2631019830028329,0.2079005350960025
4,4,0,Praia de Belas,0.19732110751528228,0.30109073474769266
4,4,0,Restinga,0.2391002290735664,0.21879655012705446
4,4,0,Rio Branco,0.23371456277451372,0.22090392257524766
4,4,0,Rubem Berta,0.17207850940665703,0.220935841775205
4,4,0,Santa Cecília,0.2367065470255899,0.23950371108895535
4,4,0,Santa Maria Goretti,0.2901823881447706,0.22095563788353756
4,4,0,Santa Rosa de Lima,0.2360914322065755,0.21122131297651062
4,4,0,Santa Tereza,0.224442226545721,0.22091955765554067
4,4,0,Santana,0.21812875494553802,0.21550334587017048
4,4,0,Santo Antônio,0.19698319262644257,0.21232540727544988
4,4,0,São Caetano,0.25726552179656537,0.22192866578599735
4,4,0,São Geraldo,0.21457781361594286,0.2210958798909496
4,4,0,São João,0.21956412825651303,0.2117011801380539
4,4,0,São Sebastião,0.2285043120092676,0.26404084609773887
4,4,0,Sarandi,0.21509799900890278,0.21137711248953367
4,4,0,Serraria,0.20591566474995643,0.18214555381309172
4,4,0,Sétimo Céu,0.22731000546746857,0.34335702569710225
4,4,0,Teresópolis,0.22827104365848766,0.22834347351295936
4,4,0,Três Figueiras,0.20018796992481203,0.3256892230576441
4,4,0,Tristeza,0.2143899768884564,0.2141264241981916
4,4,0,Vila Assunção,0.22281346749226005,0.2857327141382869
4,4,0,Vila Conceição,0.24374609130706693,0.29101521784448614
4,4,0,Vila Ipiranga,0.21075942672801312,0.2268408341706771
4,4,0,Vila Jardim,0.21822680258947838,0.2292333258923035
4,4,0,Vila João Pessoa,0.21620984700166776,0.24518405723539508
4,4,0,Vila Nova,0.20311258699037146,0.20674314404652197
4,4,0,São José,0.25165575517661387,0.21665651644336176
5,5,0,Aberta dos Morros,0.24372466989148908,0.2501416307142546
5,5,0,Agronomia,0.22209466619569057,0.3002472624514306
5,5,0,Anchieta,0.2078373015873016,0.36860670194003525
5,5,0,Arquipélago,0.24195678271308524,0.22096838735494198
5,5,0,Auxiliadora,0.25176180408738547,0.23215544145776704
5,5,0,Azenha,0.21160488906602895,0.257915947035118
5,5,0,Bela Vista,0.2509970487357422,0.24758714205950386
5,5,0,Belém Novo,0.21278301886792453,0.2419496855345912
5,5,0,Belém Velho,0.24857574449719466,0.24986332901740757
5,5,0,Boa Vista,0.20835307495498911,0.24214283458100383
5,5,0,Boa Vista do Sul,0.2407722195240408,0.16707139388052453
5,5,0,Bom Fim,0.2222347426304877,0.2008473812314072
5,5,0,Bom Jesus,0.23366453965360073,0.20059556365846248
5,5,0,Camaquã,0.21200814111261873,0.21460877431026684
5,5,0,Campo Novo,0.24915315751270264,0.1939672554238245
5,5,0,Cascata,0.2480803886233644,0.21222805505497663
5,5,0,Cavalhada,0.21225127137444963,0.22089491108911566
5,5,0,Centro Histórico,0.24713005189495205,0.2092222746413657
5,5,0,Chácara das Pedras,0.23556082589285715,0.2521391369047619
5,5,0,Chapéu do Sol,0.2602986611740474,0.22130678567341802
5,5,0,Cidade Baixa,0.2672980345960692,0.24163514993696655
5,5,0,Cel. Aparício Borges,0.23533954951412683,0.18337733340822707
5,5,0,Costa e Silva,0.26798966339782665,0.19882498453927025
5,5,0,Cristal,0.22165411455814274,0.17471613809622516
5,5,0,Cristo Redentor,0.21007764477515367,0.1920845465329451
5,5,0,Espírito Santo,0.21704630321135177,0.2002738361961663
5,5,0,Extrema,0.21817570596145228,0.2713282533990737
5,5,0,Farrapos,0.24471605465414176,0.21495160831198407
5,5,0,Farroupilha,0.31909739928607855,0.4487506374298827
5,5,0,Floresta,0.1909927401654567,0.23040126062243232
5,5,0,Glória,0.19627058065272163,0.22093318489873245
5,5,0,Guarujá,0.24683856945267735,0.24316669959823486
5,5,0,Higienópolis,0.22366502642609806,0.23115242087357998
5,5,0,Hípica,0.2904666130329847,0.22093501385536785
5,5,0,Humaitá,0.2727685875295401,0.2006907834939102
5,5,0,Independência,0.22572351112174122,0.23423423423423423
5,5,0,Ipanema,0.22549720990127342,0.2289311775647446
5,5,0,Jardim Botânico,0.23391228995554217,0.24615075477858991
5,5,0,Jardim Carvalho,0.2319394601341863,0.22523014510844125
5,5,0,Jardim do Salso,0.26464597478176527,0.2859359844810863
5,5,0,Jardim Leopoldina,0.24356127886323267,0.2209517465956187
5,5,0,Jardim Europa,0.23458510987208922,0.3306001967858314
5,5,0,Jardim Floresta,0.22640991880623218,0.3433545461195231
5,5,0,Jardim Isabel,0.24623430962343096,0.31445839144583915
5,5,0,Jardim Itú,0.23224734420269272,0.21462250752712606
5,5,0,Jardim Lindóia,0.21205189740512975,0.17079146042697865
5,5,0,Jardim Sabará,0.18865414710485132,0.19473135106937925
5,5,0,Jardim São Pedro,0.22201915805394504,0.22132593899672295
5,5,0,Lageado,0.25709052233514534,0.19491058063499567
5,5,0,Lami,0.2555566580670768,0.2873586028974003
5,5,0,Lomba do Pinheiro,0.2551694678847897,0.2150661366436525
5,5,0,Mário Quintana,0.28313569104837866,0.2209046069891909
5,5,0,Medianeira,0.17756907522008192,0.23068653941137163
5,5,0,Menino Deus,0.21747048903878582,0.19084879145587408
5,5,0,Moinhos de Vento,0.2401197866573402,0.20145142957069162
5,5,0,Mont'Serrat,0.24987218813905931,0.23994546693933197
5,5,0,Morro Santana,0.23897545574905796,0.2266354347014292
5,5,0,Navegantes,0.1866766813034435,0.22109236576534935
5,5,0,Nonoai,0.21645754914261814,0.19760211905757702
5,5,0,Parque Santa Fé,0.25081344902386116,0.2814533622559653
5,5,0,Partenon,0.2022031053294167,0.21622604560078332
5,5,0,Passo D'Areia,0.057757564332170795,0.20517170955478053
5,5,0,Passo das Pedras,0.22784514925373134,0.2534592661691542
5,5,0,Pedra Redonda,0.37646484375,0.5481770833333334
5,5,0,Petrópolis,0.23552616957439715,0.20233729673667444
5,5,0,Pitinga,0.2595358455882353,0.22120098039215685
5,5,0,Ponta Grossa,0.2617368036973972,0.19395118786994242
5,5,0,Praia de Belas,0.20645001649620587,0.3312438139227978
5,5,0,Restinga,0.23879606787770052,0.22088908823602701
5,5,0,Rio Branco,0.23371456277451372,0.22090392257524766
5,5,0,Rubem Berta,0.17207850940665703,0.220935841775205
5,5,0,Santa Cecília,0.2367065470255899,0.23950371108895535
5,5,0,Santa Maria Goretti,0.28272146847565843,0.25059856344772546
5,5,0,Santa Rosa de Lima,0.2360914322065755,0.21122131297651062
5,5,0,Santa Tereza,0.2234882411648796,0.21521611177930752
5,5,0,Santana,0.21844624627558248,0.21550334587017048
5,5,0,Santo Antônio,0.2077629748920284,0.23726911158285144
5,5,0,São Caetano,0.25726552179656537,0.22192866578599735
5,5,0,São Geraldo,0.21457781361594286,0.2210958798909496
5,5,0,São João,0.21956412825651303,0.2117011801380539
5,5,0,São Sebastião,0.2252462900611049,0.2765930914079062
5,5,0,Sarandi,0.21341841746953688,0.2074536231134704
5,5,0,Serraria,0.20591566474995643,0.18214555381309172
5,5,0,Sétimo Céu,0.22731000546746857,0.34335702569710225
5,5,0,Teresópolis,0.22189151333800217,0.24927314785339869
5,5,0,Três Figueiras,0.20018796992481203,0.3256892230576441
5,5,0,Tristeza,0.2143899768884564,0.2141264241981916
5,5,0,Vila Assunção,0.21411142740951605,0.26636844245628305
5,5,0,Vila Conceição,0.24374609130706693,0.29101521784448614
5,5,0,Vila Ipiranga,0.21075942672801312,0.2268408341706771
5,5,0,Vila Jardim,0.2151982712866783,0.22094169383577222
5,5,0,Vila João Pessoa,0.21620984700166776,0.24518405723539508
5,5,0,Vila Nova,0.20311258699037146,0.20674314404652197
5,5,0,São José,0.25137621597164617,0.2208983736771988
6,6,0,Aberta dos Morros,0.24251643586515598,0.22100993145894532
6,6,0,Agronomia,0.22209466619569057,0.3002472624514306
6,6,0,Anchieta,0.2078373015873016,0.36860670194003525
6,6,0,Arquipélago,0.23280885780885782,0.23395493395493394
6,6,0,Auxiliadora,0.25176180408738547,0.23215544145776704
6,6,0,Azenha,0.2054418029407723,0.24387339104942513
6,6,0,Bela Vista,0.24920236101140625,0.24758714205950386
6,6,0,Belém Novo,0.21278301886792453,0.2419496855345912
6,6,0,Belém Velho,0.24839459231094213,0.2586677932685537
6,6,0,Boa Vista,0.20429225106933255,0.22102854869193275
6,6,0,Boa Vista do Sul,0.2407722195240408,0.16707139388052453
6,6,0,Bom Fim,0.22534481204363113,0.2008473812314072
6,6,0,Bom Jesus,0.22912264995523723,0.2089406147418681
6,6,0,Camaquã,0.21381727725011307,0.21460877431026684
6,6,0,Campo Novo,0.24759276655706905,0.2078440582433067
6,6,0,Cascata,0.24757110397242027,0.21222805505497663
6,6,0,Cavalhada,0.21186673504523976,0.18823644333736278
6,6,0,Centro Histórico,0.24513995857013862,0.2031479612613091
6,6,0,Chácara das Pedras,0.23556082589285715,0.2521391369047619
6,6,0,Chapéu do Sol,0.2546879578083797,0.28655142103721065
6,6,0,Cidade Baixa,0.27129865513359797,0.2605209629322432
6,6,0,Cel. Aparício Borges,0.23533954951412683,0.18337733340822707
6,6,0,Costa e Silva,0.26463303350280276,0.2064485290922522
6,6,0,Cristal,0.2216831892005906,0.1660690430992055
6,6,0,Cristo Redentor,0.20656034199276554,0.1842814863531733
6,6,0,Espírito Santo,0.21938013442867813,0.2002738361961663
6,6,0,Extrema,0.21817570596145228,0.2713282533990737
6,6,0,Farrapos,0.2443289224952741,0.19611549723859298
6,6,0,Farroupilha,0.33276797829036636,0.473390622644354
6,6,0,Floresta,0.18674542945843395,0.2209957456594228
6,6,0,Glória,0.19468858030116598,0.22093318489873245
6,6,0,Guarujá,0.24688214508418208,0.22115984202868427
6,6,0,Higienópolis,0.23296147812445528,0.25013073034687117
6,6,0,Hípica,0.2897118782277793,0.21487723113164808
6,6,0,Humaitá,0.2724308815858112,0.22094708166695648
6,6,0,Independência,0.23448431505303544,0.25863236289776576
6,6,0,Ipanema,0.22549720990127342,0.2289311775647446
6,6,0,Jardim Botânico,0.23379926154773567,0.24615075477858991
6,6,0,Jardim Carvalho,0.2306389348459781,0.22088290133669478
6,6,0,Jardim do Salso,0.2634820562560621,0.2859359844810863
6,6,0,Jardim Leopoldina,0.24562027811233986,0.22705208219278075
6,6,0,Jardim Europa,0.23474909806493932,0.3306001967858314
6,6,0,Jardim Floresta,0.24545184892228594,0.37532133676092544
6,6,0,Jardim Isabel,0.24280359820089956,0.288055972013993
6,6,0,Jardim Itú,0.23170766346645458,0.21462250752712606
6,6,0,Jardim Lindóia,0.21205189740512975,0.17079146042697865
6,6,0,Jardim Sabará,0.1896322378716745,0.19473135106937925
6,6,0,Jardim São Pedro,0.22201915805394504,0.22132593899672295
6,6,0,Lageado,0.25715900527505653,0.16528510424516454
6,6,0,Lami,0.2555566580670768,0.2873586028974003
6,6,0,Lomba do Pinheiro,0.25519911120369404,0.2170260042356699
6,6,0,Mário Quintana,0.28313569104837866,0.2209046069891909
6,6,0,Medianeira,0.18311789249775015,0.25743816302598926
6,6,0,Menino Deus,0.21358490566037736,0.18268724985706117
6,6,0,Moinhos de Vento,0.24442908603501717,0.22093770070648683
6,6,0,Mont'Serrat,0.2514911383776414,0.23994546693933197
6,6,0,Morro Santana,0.24035034117527243,0.2266354347014292
6,6,0,Navegantes,0.18585053566762477,0.1628777981012107
6,6,0,Nonoai,0.216894489534387,0.18758365370924107
6,6,0,Parque Santa Fé,0.24789503227617177,0.26793900271306953
6,6,0,Partenon,0.20271416454622562,0.21145038167938932
6,6,0,Passo D'Areia,0.057757564332170795,0.20517170955478053
6,6,0,Passo das Pedras,0.22711307500566508,0.2651635319888209
6,6,0,Pedra Redonda,0.3944270015698587,0.5714285714285714
6,6,0,Petrópolis,0.2324093514157635,0.19245682725226504
6,6,0,Pitinga,0.2595358455882353,0.22120098039215685
6,6,0,Ponta Grossa,0.258598945196056,0.22105021783994497
6,6,0,Praia de Belas,0.20645001649620587,0.3312438139227978
6,6,0,Restinga,0.23905328776897367,0.21879655012705446
6,6,0,Rio Branco,0.2388525317508735,0.23326493261605014
6,6,0,Rubem Berta,0.17207850940665703,0.220935841775205
6,6,0,Santa Cecília,0.24353860880663689,0.25654116145500955
6,6,0,Santa Maria Goretti,0.28272146847565843,0.25059856344772546
6,6,0,Santa Rosa de Lima,0.23586010467570773,0.21122131297651062
6,6,0,Santa Tereza,0.2228996596463393,0.21521611177930752
6,6,0,Santana,0.21669633585521436,0.20992599185745603
6,6,0,Santo Antônio,0.2077629748920284,0.23726911158285144
6,6,0,São Caetano,0.19885799404170804,0.33234028467394905
6,6,0,São Geraldo,0.21999216213190012,0.23356846937632963
6,6,0,São João,0.21943887775551102,0.2117011801380539
6,6,0,São Sebastião,0.22760329514738062,0.26404084609773887
6,6,0,Sarandi,0.20995335051998387,0.19940022097122112
6,6,0,Serraria,0.20776566757493187,0.22097558369396805
6,6,0,Sétimo Céu,0.23914307871267934,0.43737882900348973
6,6,0,Teresópolis,0.2214045416316232,0.24252226607146707
6,6,0,Três Figueiras,0.21095152603231598,0.3409934171154997
6,6,0,Tristeza,0.21561799079211427,0.22748199740290403
6,6,0,Vila Assunção,0.21187474583163887,0.26636844245628305
6,6,0,Vila Conceição,0.2708220659816117,0.34180638182801515
6,6,0,Vila Ipiranga,0.20911999576921042,0.2268408341706771
6,6,0,Vila Jardim,0.2151982712866783,0.22094169383577222
6,6,0,Vila João Pessoa,0.21791539064169219,0.2526885549462289
6,6,0,Vila Nova,0.2031421064155901,0.21393641757118875
6,6,0,São José,0.25127512180267964,0.21665651644336176
7,7,0,Aberta dos Morros,0.24376721263951298,0.2048606078175581
7,7,0,Agronomia,0.24415774099318402,0.32997944390349454
7,7,0,Anchieta,0.19886062533121357,0.4278396043101925
7,7,0,Arquipélago,0.23137032842582106,0.2462061155152888
7,7,0,Auxiliadora,0.2315156052055741,0.16960343967138855
7,7,0,Azenha,0.202670581655481,0.23648396718866518
7,7,0,Bela Vista,0.2444656954504761,0.23906025338433576
7,7,0,Belém Novo,0.21391705069124423,0.2517357910906298
7,7,0,Belém Velho,0.24747406405051872,0.2310629980454067
7,7,0,Boa Vista,0.21498688138966796,0.2613468439940891
7,7,0,Boa Vista do Sul,0.2407722195240408,0.16707139388052453
7,7,0,Bom Fim,0.21751426085275066,0.1670695156144252
7,7,0,Bom Jesus,0.23636614535418582,0.1963078810180926
7,7,0,Camaquã,0.21413006078678748,0.20812784340711854
7,7,0,Campo Novo,0.24275610312571297,0.22092934823940985
7,7,0,Cascata,0.24096939183249422,0.2031487253256613
7,7,0,Cavalhada,0.2120136351651663,0.17472095621931774
7,7,0,Centro Histórico,0.23973834153897217,0.18391694787114382
7,7,0,Chácara das Pedras,0.25271533215458447,0.2914035530857961
7,7,0,Chapéu do Sol,0.2546879578083797,0.28655142103721065
7,7,0,Cidade Baixa,0.2742498156446764,0.27779983738915043
7,7,0,Cel. Aparício Borges,0.24312257989943942,0.16941185536226858
7,7,0,Costa e Silva,0.2621196818583512,0.2209737827715356
7,7,0,Cristal,0.22192669241419516,0.14782967767009159
7,7,0,Cristo Redentor,0.20829451809387317,0.141072494924161
7,7,0,Espírito Santo,0.2149525057320668,0.25756086909051207
7,7,0,Extrema,0.21817570596145228,0.2713282533990737
7,7,0,Farrapos,0.24724414017173357,0.17564013305484644
7,7,0,Farroupilha,0.3394967916244512,0.5223460542609478
7,7,0,Floresta,0.19771585938765593,0.24806955019169502
7,7,0,Glória,0.19524891957119606,0.2396961703242222
7,7,0,Guarujá,0.24417111242837383,0.24316669959823486
7,7,0,Higienópolis,0.23562777209143637,0.25901285113158196
7,7,0,Hípica,0.2849832431038928,0.23817135000429665
7,7,0,Humaitá,0.2685500340367597,0.230428863172226
7,7,0,Independência,0.2320599163957269,0.2467874283944883
7,7,0,Ipanema,0.22712703962703962,0.22095959595959597
7,7,0,Jardim Botânico,0.24779272650830356,0.27561721906897435
7,7,0,Jardim Carvalho,0.23143784284941668,0.22949341986659455
7,7,0,Jardim do Salso,0.2697964847363552,0.30354609929078014
7,7,0,Jardim Leopoldina,0.24431061278863234,0.2209517465956187
7,7,0,Jardim Europa,0.24366018596787828,0.377946839485301
7,7,0,Jardim Floresta,0.2639486826244188,0.4129498880661271
7,7,0,Jardim Isabel,0.2400976290097629,0.31445839144583915
7,7,0,Jardim Itú,0.231847519160952,0.2081100290055514
7,7,0,Jardim Lindóia,0.20627718614069296,0.17079146042697865
7,7,0,Jardim Sabará,0.19506531204644412,0.2289791969037252
7,7,0,Jardim São Pedro,0.25916045902959534,0.31098583987651834
7,7,0,Lageado,0.2596174170365673,0.2447685478757134
7,7,0,Lami,0.2555566580670768,0.2873586028974003
7,7,0,Lomba do Pinheiro,0.2548338584932684,0.2029385085457844
7,7,0,Mário Quintana,0.2852823113082977,0.21796158383070124
7,7,0,Medianeira,0.18311789249775015,0.25743816302598926
7,7,0,Menino Deus,0.20830985915492958,0.16990610328638497
7,7,0,Moinhos de Vento,0.24901534421925003,0.23008123410191186
7,7,0,Mont'Serrat,0.2588264138607388,0.2573825869020377
7,7,0,Morro Santana,0.23989472638792333,0.2375608302711292
7,7,0,Navegantes,0.18820224719101122,0.1628777981012107
7,7,0,Nonoai,0.21815630397236616,0.18241220495106505
7,7,0,Parque Santa Fé,0.24889244400689145,0.3170071375830667
7,7,0,Partenon,0.20337548221174453,0.20657236748106872
7,7,0,Passo D'Areia,0.07367899900981187,0.22594292915653974
7,7,0,Passo das Pedras,0.22722637661454792,0.2651635319888209
7,7,0,Pedra Redonda,0.4007891770011274,0.598271326568959
7,7,0,Petrópolis,0.23139787404274775,0.18906922695927153
7,7,0,Pitinga,0.2595358455882353,0.22120098039215685
7,7,0,Ponta Grossa,0.2588526912181303,0.2079005350960025
7,7,0,Praia de Belas,0.22989238176154064,0.3787406778060984
7,7,0,Restinga,0.2447263174404015,0.19904067335842743
7,7,0,Rio Branco,0.24174005798369894,0.23919187498860384
7,7,0,Rubem Berta,0.17125125302199423,0.2307919099003479
7,7,0,Santa Cecília,0.24984657870512428,0.2722716579727933
7,7,0,Santa Maria Goretti,0.26696183586929406,0.27654444167290265
7,7,0,Santa Rosa de Lima,0.23693486934869348,0.19414194141941418
7,7,0,Santa Tereza,0.22176390327715592,0.22091955765554067
7,7,0,Santana,0.20570020555526275,0.17983450166025405
7,7,0,Santo Antônio,0.21860037471376031,0.2596164966576458
7,7,0,São Caetano,0.19885799404170804,0.33234028467394905
7,7,0,São Geraldo,0.21999216213190012,0.23356846937632963
7,7,0,São João,0.21541872761384956,0.20200125078173858
7,7,0,São Sebastião,0.22971804761271444,0.25065389901139334
7,7,0,Sarandi,0.19985215078759927,0.1711579351943117
7,7,0,Serraria,0.20985513946678996,0.2381466070786459
7,7,0,Sétimo Céu,0.2590938616433907,0.4746129695788676
7,7,0,Teresópolis,0.219822372190743,0.24927314785339869
7,7,0,Três Figueiras,0.22759472817133444,0.3678198791872597
7,7,0,Tristeza,0.21153846153846154,0.22090422557712278
7,7,0,Vila Assunção,0.21729876160990713,0.2857327141382869
7,7,0,Vila Conceição,0.2869223439733206,0.3804986501508655
7,7,0,Vila Ipiranga,0.20771477571145291,0.22094788931168158
7,7,0,Vila Jardim,0.22001241873036745,0.23722210046996373
7,7,0,Vila João Pessoa,0.21757994239716416,0.23740245673633165
7,7,0,Vila Nova,0.2033610685351434,0.21393641757118875
7,7,0,São José,0.25055191839220464,0.21665651644336176
8,8,0,Aberta dos Morros,0.18666088227235364,0.18857125460468233
8,8,0,Agronomia,0.21780214652356508,0.27977394099652614
8,8,0,Anchieta,0.15522924782738987,0.30246728598541606
8,8,0,Arquipélago,0.28046571798188874,0.27261750754635616
8,8,0,Auxiliadora,0.19957070956281456,0.14487318661798085
8,8,0,Azenha,0.20556652678351026,0.25417592364025343
8,8,0,Bela Vista,0.2866004483265054,0.3120764731648244
8,8,0,Belém Novo,0.21360730593607305,0.28596651445966514
8,8,0,Belém Velho,0.22381134969325153,0.15644171779141106
8,8,0,Boa Vista,0.25025855382228734,0.30928782786061076
8,8,0,Boa Vista do Sul,0.1981731018398549,0.3052604301632547
8,8,0,Bom Fim,0.2736910550718082,0.2331033962833126
8,8,0,Bom Jesus,0.23956956956956957,0.18156823490156823
8,8,0,Camaquã,0.20386585656421252,0.23008498133587482
8,8,0,Campo Novo,0.1986934087882823,0.20622503328894806
8,8,0,Cascata,0.2591128034889019,0.20108919698843541
8,8,0,Cavalhada,0.2627003326277593,0.2003830259046467
8,8,0,Centro Histórico,0.27267997658841125,0.25089419262534957
8,8,0,Chácara das Pedras,0.285643997375902,0.2965230701946206
8,8,0,Chapéu do Sol,0.24096851883708928,0.23567865129881302
8,8,0,Cidade Baixa,0.23105634147535367,0.2714115554685333
8,8,0,Cel. Aparício Borges,0.2323774600327125,0.23028896041084085
8,8,0,Costa e Silva,0.22476269881990765,0.1565332649221823
8,8,0,Cristal,0.25944487278334616,0.2566035580684771
8,8,0,Cristo Redentor,0.38786641037962516,0.352586897325004
8,8,0,Espírito Santo,0.22375432986943777,0.23439026556532552
8,8,0,Extrema,0.22881530234471412,0.22377622377622378
8,8,0,Farrapos,0.24901685393258427,0.2919943820224719
8,8,0,Farroupilha,0.20523078957809812,0.38795573777718995
8,8,0,Floresta,0.23151033125614956,0.35224663824204655
8,8,0,Glória,0.18923890269453783,0.15887865646672839
8,8,0,Guarujá,0.2515263496143959,0.2615681233933162
8,8,0,Higienópolis,0.26150840835739764,0.2335654832682181
8,8,0,Hípica,0.28814350493464924,0.19130434782608696
8,8,0,Humaitá,0.25947432762836187,0.24810804517405985
8,8,0,Independência,0.16219558599695585,0.2165144596651446
8,8,0,Ipanema,0.25542686480186483,0.24524087024087024
8,8,0,Jardim Botânico,0.18879153319515105,0.24211209513640267
8,8,0,Jardim Carvalho,0.27389024500497244,0.2855377753669047
8,8,0,Jardim do Salso,0.1979087452471483,0.2474741988049973
8,8,0,Jardim Leopoldina,0.24705459770114943,0.2421455938697318
8,8,0,Jardim Europa,0.21391357646337725,0.3537644294616406
8,8,0,Jardim Floresta,0.2020015298317185,0.32092469828318887
8,8,0,Jardim Isabel,0.21301600673967985,0.27857343442853133
8,8,0,Jardim Itú,0.2271904417089066,0.22343526615793088
8,8,0,Jardim Lindóia,0.3115372009177319,0.17185622200371464
8,8,0,Jardim Sabará,0.1756612952265126,0.18822337083206647
8,8,0,Jardim São Pedro,0.17880133899832626,0.28170464786919014
8,8,0,Lageado,0.2992147410978075,0.22329342248483905
8,8,0,Lami,0.24464876435104105,0.25037296490886685
8,8,0,Lomba do Pinheiro,0.2662882636158841,0.3236450373249702
8,8,0,Mário Quintana,0.27905544735937676,0.2659716653301256
8,8,0,Medianeira,0.15267990900516007,0.2045534409735708
8,8,0,Menino Deus,0.3132537960954447,0.2570643528561099
8,8,0,Moinhos de Vento,0.15797148412184056,0.18722546266292217
8,8,0,Mont'Serrat,0.2060506241331484,0.18978270920018492
8,8,0,Morro Santana,0.2159102344772064,0.2227365737479454
8,8,0,Navegantes,0.14317141851460755,0.2153388869333959
8,8,0,Nonoai,0.21645512239347234,0.1733756421879722
8,8,0,Parque Santa Fé,0.22868674043170686,0.3402261321724409
8,8,0,Partenon,0.23420701613978925,0.368734160330799
8,8,0,Passo D'Areia,0.08639071132596685,0.20888006445672191
8,8,0,Passo das Pedras,0.20721779040542018,0.2794230138782647
8,8,0,Pedra Redonda,0.2450440528634361,0.31497797356828194
8,8,0,Petrópolis,0.27021754942802356,0.22427208005466287
8,8,0,Pitinga,0.25147492625368734,0.20211952365344696
8,8,0,Ponta Grossa,0.2364002510722879,0.32465041671025563
8,8,0,Praia de Belas,0.1599602348040144,0.2462917376759452
8,8,0,Restinga,0.33759075379030534,0.39634493558260375
8,8,0,Rio Branco,0.27476034108362907,0.2880850237452112
8,8,0,Rubem Berta,0.17885922941324603,0.22227818349702005
8,8,0,Santa Cecília,0.16096472588185295,0.23997733389998582
8,8,0,Santa Maria Goretti,0.20722584052103502,0.3213049345772458
8,8,0,Santa Rosa de Lima,0.29314618293981565,0.33310077234727475
8,8,0,Santa Tereza,0.24573733738458362,0.34992182660255466
8,8,0,Santana,0.23979966917845985,0.20290387796360962
8,8,0,Santo Antônio,0.26235613923603757,0.22876509214149546
8,8,0,São Caetano,0.2978389360916143,0.36547223248368427
8,8,0,São Geraldo,0.17176905171541343,0.14458725500118072
8,8,0,São João,0.2735644637053088,0.2650174551583002
8,8,0,São Sebastião,0.2039921035314762,0.24325509980258828
8,8,0,Sarandi,0.2594814199164498,0.19327369625919527
8,8,0,Serraria,0.19415909390227842,0.1874533561613767
8,8,0,Sétimo Céu,0.22620694425231705,0.32009959883801353
8,8,0,Teresópolis,0.18753832432131112,0.2177007265362246
8,8,0,Três Figueiras,0.18387413962635202,0.3187151753523435
8,8,0,Tristeza,0.28164381664589394,0.3591838618843189
8,8,0,Vila Assunção,0.19192724952137843,0.1830461603914061
8,8,0,Vila Conceição,0.18504158237806248,0.3401513448715067
8,8,0,Vila Ipiranga,0.20392632623800597,0.265027021065402
8,8,0,Vila Jardim,0.3470280388112155,0.4212697685079074
8,8,0,Vila João Pessoa,0.2097347552638775,0.22523015221948775
8,8,0,Vila Nova,0.23332383124287343,0.3055872291904219
8,8,0,São José,0.2979862700228833,0.29168573607932874
9,9,0,Aberta dos Morros,0.1851808580241144,0.19297753684144936
9,9,0,Agronomia,0.21780214652356508,0.27977394099652614
9,9,0,Anchieta,0.15860053940665267,0.30246728598541606
9,9,0,Arquipélago,0.2731829573934837,0.2849624060150376
9,9,0,Auxiliadora,0.20560050081864586,0.15743683585347845
9,9,0,Azenha,0.20255108436755673,0.24771217249592578
9,9,0,Bela Vista,0.2862139599598052,0.3120764731648244
9,9,0,Belém Novo,0.21338235294117647,0.2579738562091503
9,9,0,Belém Velho,0.22084273890142964,0.16603962879357914
9,9,0,Boa Vista,0.2564540622627183,0.31682555752411484
9,9,0,Boa Vista do Sul,0.1981731018398549,0.3052604301632547
9,9,0,Bom Fim,0.27634852425647405,0.2331033962833126
9,9,0,Bom Jesus,0.2461609907120743,0.16654970760233917
9,9,0,Camaquã,0.207618537050274,0.23008498133587482
9,9,0,Campo Novo,0.20279634762758847,0.21560954399695637
9,9,0,Cascata,0.2590462081573473,0.2157641471768686
9,9,0,Cavalhada,0.26053026623691994,0.19008933433411335
9,9,0,Centro Histórico,0.26921410478602853,0.2405012664978003
9,9,0,Chácara das Pedras,0.29411154882852997,0.3157094477849195
9,9,0,Chapéu do Sol,0.24093402407435624,0.2849306719488039
9,9,0,Cidade Baixa,0.23433193094443638,0.27619001563583023
9,9,0,Cel. Aparício Borges,0.23277317575054082,0.23028896041084085
9,9,0,Costa e Silva,0.22348889680560505,0.19439496496853106
9,9,0,Cristal,0.2420838073568449,0.21286815826064973
9,9,0,Cristo Redentor,0.39162365086813705,0.35995620209604257
9,9,0,Espírito Santo,0.2234702315325248,0.2194965086365307
9,9,0,Extrema,0.22881530234471412,0.22377622377622378
9,9,0,Farrapos,0.246438263229308,0.3047037539574853
9,9,0,Farroupilha,0.2373082441231652,0.4340948386859434
9,9,0,Floresta,0.23489474529969467,0.358562322566822
9,9,0,Glória,0.19211102126242688,0.17095562003519954
9,9,0,Guarujá,0.25580011897679955,0.29169145349990083
9,9,0,Higienópolis,0.2624002038389672,0.2335654832682181
9,9,0,Hípica,0.28370786516853935,0.17827715355805243
9,9,0,Humaitá,0.2522370343316289,0.2289992695398101
9,9,0,Independência,0.15551338393927286,0.19403382607537623
9,9,0,Ipanema,0.2563374125874126,0.24524087024087024
9,9,0,Jardim Botânico,0.19171665326819615,0.24867561272236308
9,9,0,Jardim Carvalho,0.2696790306169642,0.27672432399099683
9,9,0,Jardim do Salso,0.2122733953944145,0.28855136371059936
9,9,0,Jardim Leopoldina,0.24152298850574713,0.2421455938697318
9,9,0,Jardim Europa,0.21151731720725672,0.3860179585853033
9,9,0,Jardim Floresta,0.2020015298317185,0.32092469828318887
9,9,0,Jardim Isabel,0.21568132660418168,0.334534967555876
9,9,0,Jardim Itú,0.2257385753827035,0.21717599653542713
9,9,0,Jardim Lindóia,0.3118649623074402,0.17185622200371464
9,9,0,Jardim Sabará,0.17602655140475457,0.18083770711124833
9,9,0,Jardim São Pedro,0.18881751278533118,0.293709201280612
9,9,0,Lageado,0.2992147410978075,0.22329342248483905
9,9,0,Lami,0.24842271293375395,0.26968516113069835
9,9,0,Lomba do Pinheiro,0.2634264484574868,0.3014641334336594
9,9,0,Mário Quintana,0.2787117653797686,0.2659716653301256
9,9,0,Medianeira,0.15984797384942667,0.23452498313703107
9,9,0,Menino Deus,0.3101108647450111,0.24798226164079823
9,9,0,Moinhos de Vento,0.16260522034377875,0.19570394473131972
9,9,0,Mont'Serrat,0.20171008328903064,0.17921909149979326
9,9,0,Morro Santana,0.21709268390862432,0.2227365737479454
9,9,0,Navegantes,0.1458113340373108,0.2153388869333959
9,9,0,Nonoai,0.2125952487673689,0.178903331839235
9,9,0,Parque Santa Fé,0.2331684886343918,0.35438718260165425
9,9,0,Partenon,0.23189523412533,0.3563151313047103
9,9,0,Passo D'Areia,0.07708091712017129,0.19356469503672644
9,9,0,Passo das Pedras,0.20667140203256476,0.2794230138782647
9,9,0,Pedra Redonda,0.24860421836228289,0.369520264681555
9,9,0,Petrópolis,0.2677690358714495,0.2205849668844735
9,9,0,Pitinga,0.23182368979097243,0.23730182772897102
9,9,0,Ponta Grossa,0.2364002510722879,0.32465041671025563
9,9,0,Praia de Belas,0.14889292509946375,0.2545119068211959
9,9,0,Restinga,0.32854697078477935,0.3870142302240386
9,9,0,Rio Branco,0.2711207127905104,0.2830050274631886
9,9,0,Rubem Berta,0.18419326628771315,0.22574801674058342
9,9,0,Santa Cecília,0.1857952362658471,0.2809578691253682
9,9,0,Santa Maria Goretti,0.2064154442758388,0.3358624178047547
9,9,0,Santa Rosa de Lima,0.28629580694050444,0.313656912654309
9,9,0,Santa Tereza,0.23958620478422005,0.33779492991107435
9,9,0,Santana,0.23915640507259694,0.20290387796360962
9,9,0,Santo Antônio,0.27078723261583854,0.2507879031717294
9,9,0,São Caetano,0.24425092999661818,0.33457332882425883
9,9,0,São Geraldo,0.17176905171541343,0.14458725500118072
9,9,0,São João,0.27904820766378247,0.27388310082994877
9,9,0,São Sebastião,0.20190831322658478,0.24325509980258828
9,9,0,Sarandi,0.2527745559573355,0.17443314912101157
9,9,0,Serraria,0.20588780427529965,0.21706001070884304
9,9,0,Sétimo Céu,0.21390812978490703,0.3089075221776644
9,9,0,Teresópolis,0.19371402925180845,0.24140662125772216
9,9,0,Três Figueiras,0.19198687910028117,0.33502030615432676
9,9,0,Tristeza,0.28283540022547915,0.3537673806839534
9,9,0,Vila Assunção,0.1946149125498619,0.20159558146670759
9,9,0,Vila Conceição,0.2095877955142453,0.3731393547518017
9,9,0,Vila Ipiranga,0.20602125147579692,0.2758040857214411
9,9,0,Vila Jardim,0.3362306507820731,0.40635383742604747
9,9,0,Vila João Pessoa,0.2172909351020939,0.2467594398924871
9,9,0,Vila Nova,0.2300834736765029,0.2956725488760343
9,9,0,São José,0.29172661870503597,0.27370103916866506
10,10,0,Aberta dos Morros,0.18719039162538556,0.19297753684144936
10,10,0,Agronomia,0.18657093375667486,0.2595853177466686
10,10,0,Anchieta,0.1630889322553666,0.32785057150822416
10,10,0,Arquipélago,0.27446933962264153,0.3074685534591195
10,10,0,Auxiliadora,0.21054735258158563,0.1694096993636164
10,10,0,Azenha,0.19889836984207845,0.24104262183732383
10,10,0,Bela Vista,0.2886365359824069,0.31879881701675894
10,10,0,Belém Novo,0.2163157894736842,0.2677511961722488
10,10,0,Belém Velho,0.20886752136752137,0.19278252611585944
10,10,0,Boa Vista,0.259322534379482,0.31682555752411484
10,10,0,Boa Vista do Sul,0.21702360671696277,0.32724912793055894
10,10,0,Bom Fim,0.2722855812870941,0.22048954575429613
10,10,0,Bom Jesus,0.24089989888776542,0.17666329625884733
10,10,0,Camaquã,0.20706856935542386,0.22348530656669488
10,10,0,Campo Novo,0.19952563249001332,0.20622503328894806
10,10,0,Cascata,0.2576157000585823,0.20108919698843541
10,10,0,Cavalhada,0.2539499520526051,0.17376744752424006
10,10,0,Centro Histórico,0.2670654826464208,0.23327910339840927
10,10,0,Chácara das Pedras,0.29097488292890594,0.3063715056052221
10,10,0,Chapéu do Sol,0.24093402407435624,0.2849306719488039
10,10,0,Cidade Baixa,0.2390221445771755,0.28540850213261565
10,10,0,Cel. Aparício Borges,0.23435140342654792,0.23597007412036314
10,10,0,Costa e Silva,0.22294055698572432,0.20130275372493955
10,10,0,Cristal,0.24021141448615851,0.21286815826064973
10,10,0,Cristo Redentor,0.3971722928540114,0.38012567587315504
10,10,0,Espírito Santo,0.22428723687716492,0.23439026556532552
10,10,0,Extrema,0.2354531891085416,0.2650752206887977
10,10,0,Farrapos,0.24048455056179777,0.2919943820224719
10,10,0,Farroupilha,0.2534290825961634,0.4572110128217871
10,10,0,Floresta,0.23680686830497794,0.36462927956311697
10,10,0,Glória,0.19306236027208296,0.17095562003519954
10,10,0,Guarujá,0.25580011897679955,0.29169145349990083
10,10,0,Higienópolis,0.26172074061491424,0.2335654832682181
10,10,0,Hípica,0.28136982495137536,0.17149208113364822
10,10,0,Humaitá,0.24799081515499427,0.20806225283837224
10,10,0,Independência,0.15551338393927286,0.19403382607537623
10,10,0,Ipanema,0.25185213184154825,0.2293115613345429
10,10,0,Jardim Botânico,0.19102129263237233,0.24211209513640267
10,10,0,Jardim Carvalho,0.26567086450146765,0.2674936085597955
10,10,0,Jardim do Salso,0.2122733953944145,0.28855136371059936
10,10,0,Jardim Leopoldina,0.23802781917536017,0.22632886239443617
10,10,0,Jardim Europa,0.21151731720725672,0.3860179585853033
10,10,0,Jardim Floresta,0.19478485838779958,0.2973856209150327
10,10,0,Jardim Isabel,0.21917188587334724,0.3460913941080956
10,10,0,Jardim Itú,0.22799810616610036,0.22343526615793088
10,10,0,Jardim Lindóia,0.3118649623074402,0.17185622200371464
10,10,0,Jardim Sabará,0.17714665092947773,0.20234090685551293
10,10,0,Jardim São Pedro,0.18881751278533118,0.293709201280612
10,10,0,Lageado,0.31220676265976377,0.23232486652645204
10,10,0,Lami,0.24842271293375395,0.26968516113069835
10,10,0,Lomba do Pinheiro,0.26173748728136054,0.29040489687807874
10,10,0,Mário Quintana,0.27685832906784963,0.2688202619954881
10,10,0,Medianeira,0.1648586456278764,0.24545255314486084
10,10,0,Menino Deus,0.3036854460093897,0.2234115805946792
10,10,0,Moinhos de Vento,0.1595556995751422,0.18722546266292217
10,10,0,Mont'Serrat,0.20232316227461858,0.18978270920018492
10,10,0,Morro Santana,0.21598552792498982,0.21708112515287403
10,10,0,Navegantes,0.14729852957939132,0.22356472510353737
10,10,0,Nonoai,0.213009337860781,0.20478211658177703
10,10,0,Parque Santa Fé,0.2331684886343918,0.35438718260165425
10,10,0,Partenon,0.23026110401589328,0.3497090960692493
10,10,0,Passo D'Areia,0.07722843738722483,0.1882292794418381
10,10,0,Passo das Pedras,0.20714747736093145,0.2846413684059221
10,10,0,Pedra Redonda,0.24860421836228289,0.369520264681555
10,10,0,Petrópolis,0.26559873596449945,0.21683587709271834
10,10,0,Pitinga,0.230990608906392,0.23730182772897102
10,10,0,Ponta Grossa,0.23378491474003557,0.32465041671025563
10,10,0,Praia de Belas,0.15369009340070433,0.3018424947685398
10,10,0,Restinga,0.3287226297810382,0.3830990647925183
10,10,0,Rio Branco,0.27587423553395013,0.2930322513198474
10,10,0,Rubem Berta,0.1874237060546875,0.23583984375
10,10,0,Santa Cecília,0.1857952362658471,0.2809578691253682
10,10,0,Santa Maria Goretti,0.2064154442758388,0.3358624178047547
10,10,0,Santa Rosa de Lima,0.28234199255493736,0.30305941373467293
10,10,0,Santa Tereza,0.23860943473727447,0.32740370943789693
10,10,0,Santana,0.2307558617202806,0.18824917314457856
10,10,0,Santo Antônio,0.26526399777978216,0.23636069289299014
10,10,0,São Caetano,0.24425092999661818,0.33457332882425883
10,10,0,São Geraldo,0.1688252851508368,0.1167608286252354
10,10,0,São João,0.2816603317208017,0.2823658143284957
10,10,0,São Sebastião,0.19959404600811909,0.23131859870696136
10,10,0,Sarandi,0.2513151574758125,0.17161852046689996
10,10,0,Serraria,0.20588780427529965,0.21706001070884304
10,10,0,Sétimo Céu,0.22210447932180089,0.32940008401115056
10,10,0,Teresópolis,0.19378762405770378,0.22987508360901712
10,10,0,Três Figueiras,0.1790065604498594,0.33502030615432676
10,10,0,Tristeza,0.28283540022547915,0.3537673806839534
10,10,0,Vila Assunção,0.1946149125498619,0.20159558146670759
10,10,0,Vila Conceição,0.21932102327370648,0.3872539590946977
10,10,0,Vila Ipiranga,0.2081921203134929,0.28097860622749415
10,10,0,Vila Jardim,0.33785447612995473,0.41152328752614714
10,10,0,Vila João Pessoa,0.21715581307469456,0.2599823655372213
10,10,0,Vila Nova,0.2299022075213921,0.30234174636274297
10,10,0,São José,0.2910663507109005,0.2783570300157978
11,11,0,Aberta dos Morros,0.18719039162538556,0.19297753684144936
11,11,0,Agronomia,0.18657093375667486,0.2595853177466686
11,11,0,Anchieta,0.16197467672413793,0.33926005747126436
11,11,0,Arquipélago,0.27163915094339625,0.3074685534591195
11,11,0,Auxiliadora,0.2130866171353334,0.1694096993636164
11,11,0,Azenha,0.20198696251723705,0.24771217249592578
11,11,0,Bela Vista,0.2835858390662441,0.3120764731648244
11,11,0,Belém Novo,0.216078431372549,0.2579738562091503
11,11,0,Belém Velho,0.20839748075577327,0.20107301142990436
11,11,0,Boa Vista,0.26214574898785425,0.3240518879616624
11,11,0,Boa Vista do Sul,0.21702360671696277,0.32724912793055894
11,11,0,Bom Fim,0.2722855812870941,0.22048954575429613
11,11,0,Bom Jesus,0.24816475495307613,0.1613347236704901
11,11,0,Camaquã,0.2070383359535615,0.22348530656669488
11,11,0,Campo Novo,0.19952563249001332,0.20622503328894806
11,11,0,Cascata,0.25794475340707695,0.22954225997677688
11,11,0,Cavalhada,0.25514695923066505,0.17933089530001353
11,11,0,Centro Histórico,0.2641187422424493,0.2258079345377649
11,11,0,Chácara das Pedras,0.29097488292890594,0.3063715056052221
11,11,0,Chapéu do Sol,0.24339498018494055,0.2989383042223201
11,11,0,Cidade Baixa,0.24338069099128187,0.2942017620738964
11,11,0,Cel. Aparício Borges,0.2345011052279854,0.24150516629825733
11,11,0,Costa e Silva,0.2186897299903568,0.18727900996464159
11,11,0,Cristal,0.23253383757961785,0.19028662420382167
11,11,0,Cristo Redentor,0.3828953542937588,0.35995620209604257
11,11,0,Espírito Santo,0.22428723687716492,0.23439026556532552
11,11,0,Extrema,0.2354531891085416,0.2650752206887977
11,11,0,Farrapos,0.2333697234352256,0.2783600194080543
11,11,0,Farroupilha,0.2563513777604065,0.46075174255748813
11,11,0,Floresta,0.22838663024264824,0.358562322566822
11,11,0,Glória,0.19405984295869536,0.18247146463473185
11,11,0,Guarujá,0.2501544640098857,0.27721140974153025
11,11,0,Higienópolis,0.2662131334528271,0.2512085166476563
11,11,0,Hípica,0.28137845985201426,0.17827715355805243
11,11,0,Humaitá,0.250478377344049,0.20806225283837224
11,11,0,Independência,0.1679984779299848,0.2165144596651446
11,11,0,Ipanema,0.24980736631222067,0.22088662865361894
11,11,0,Jardim Botânico,0.1894741879905558,0.2353391615085189
11,11,0,Jardim Carvalho,0.25996550402453045,0.2627124057748818
11,11,0,Jardim do Salso,0.23070711479703188,0.32981230903535574
11,11,0,Jardim Leopoldina,0.23582392335142005,0.23336755144938162
11,11,0,Jardim Europa,0.2153420781893004,0.40406378600823045
11,11,0,Jardim Floresta,0.19316189362945646,0.2704071692967076
11,11,0,Jardim Isabel,0.21916070266753415,0.36694860117111255
11,11,0,Jardim Itú,0.22765915381573745,0.21717599653542713
11,11,0,Jardim Lindóia,0.31320843828715367,0.19133081444164568
11,11,0,Jardim Sabará,0.17633019154758287,0.18822337083206647
11,11,0,Jardim São Pedro,0.18838094050143445,0.293709201280612
11,11,0,Lageado,0.31220676265976377,0.23232486652645204
11,11,0,Lami,0.2534580599397056,0.28728497960631316
11,11,0,Lomba do Pinheiro,0.2594502566127122,0.2834419002500329
11,11,0,Mário Quintana,0.27865448504983387,0.2659716653301256
11,11,0,Medianeira,0.1648809214963939,0.23452498313703107
11,11,0,Menino Deus,0.3019002375296912,0.21814726840855106
11,11,0,Moinhos de Vento,0.17928878868620618,0.21179203388672543
11,11,0,Mont'Serrat,0.20706770744951639,0.19989818428644154
11,11,0,Morro Santana,0.21598552792498982,0.21708112515287403
11,11,0,Navegantes,0.1485370719272969,0.23584173778122575
11,11,0,Nonoai,0.20915581688366233,0.20963180736385273
11,11,0,Parque Santa Fé,0.23985224184782608,0.36101675724637683
11,11,0,Partenon,0.23127769043875948,0.34744414272783575
11,11,0,Passo D'Areia,0.08511017932018913,0.19356469503672644
11,11,0,Passo das Pedras,0.21140296342347945,0.2994853728456464
11,11,0,Pedra Redonda,0.256188831318365,0.39090385722510074
11,11,0,Petrópolis,0.2577402073331942,0.20118741158190126
11,11,0,Pitinga,0.23242956679794002,0.23730182772897102
11,11,0,Ponta Grossa,0.23608420838005914,0.33336731573045164
11,11,0,Praia de Belas,0.1559873175047928,0.31529272968588706
11,11,0,Restinga,0.32800862406899256,0.3830990647925183
11,11,0,Rio Branco,0.2783009132655694,0.2978518480298574
11,11,0,Rubem Berta,0.18967956208868933,0.23252762572523936
11,11,0,Santa Cecília,0.1822475890572722,0.27146887095716066
11,11,0,Santa Maria Goretti,0.21431348157362773,0.3615819209039548
11,11,0,Santa Rosa de Lima,0.2806877451178587,0.2993840887343495
11,11,0,Santa Tereza,0.2377665943881679,0.31916890514256124
11,11,0,Santana,0.22890579849739934,0.18056893341038976
11,11,0,Santo Antônio,0.26439672517865814,0.23636069289299014
11,11,0,São Caetano,0.1970639282614984,0.28618262462636196
11,11,0,São Geraldo,0.165562369948527,0.11418975650713686
11,11,0,São João,0.27925756807035346,0.29048988105304696
11,11,0,São Sebastião,0.19876174210076858,0.254554511813265
11,11,0,Sarandi,0.24468274081618152,0.1540307745750535
11,11,0,Serraria,0.20588780427529965,0.21706001070884304
11,11,0,Sétimo Céu,0.22505290121394364,0.33879051119278314
11,11,0,Teresópolis,0.19498074732903087,0.22987508360901712
11,11,0,Três Figueiras,0.18003663003663004,0.3426129426129426
11,11,0,Tristeza,0.2860060933388727,0.3591838618843189
11,11,0,Vila Assunção,0.1946149125498619,0.20159558146670759
11,11,0,Vila Conceição,0.21932102327370648,0.3872539590946977
11,11,0,Vila Ipiranga,0.20487924281984335,0.2704888308674209
11,11,0,Vila Jardim,0.3433353324836944,0.4258690056725892
11,11,0,Vila João Pessoa,0.21707832096237523,0.25347666581349715
11,11,0,Vila Nova,0.22831067100206917,0.29224554143265347
11,11,0,São José,0.2875539568345324,0.27370103916866506
12,12,0,Aberta dos Morros,0.23382334850535122,0.22200352646902038
12,12,0,Agronomia,0.24094972067039105,0.36573556797020484
12,12,0,Anchieta,0.20986895986895987,0.4297024297024297
12,12,0,Arquipélago,0.24296022527279126,0.24310688724627477
12,12,0,Auxiliadora,0.2375812813132928,0.17986710727356714
12,12,0,Azenha,0.20254779236682768,0.24124090074154705
12,12,0,Bela Vista,0.250156482278382,0.26351615679524293
12,12,0,Belém Novo,0.21794448116325182,0.24649859943977592
12,12,0,Belém Velho,0.24292675259352406,0.2551608508854658
12,12,0,Boa Vista,0.2571172993154947,0.3220286247666459
12,12,0,Boa Vista do Sul,0.23965986394557823,0.3640816326530612
12,12,0,Bom Fim,0.22612206479738434,0.17451038673668218
12,12,0,Bom Jesus,0.2541019689450936,0.15924977322448108
12,12,0,Camaquã,0.21605028291430906,0.20607050496801416
12,12,0,Campo Novo,0.2345675815639565,0.22558259968928016
12,12,0,Cascata,0.24014423076923078,0.24386446886446886
12,12,0,Cavalhada,0.21036054283978126,0.1512929579366687
12,12,0,Centro Histórico,0.23198309754511964,0.14828344116645512
12,12,0,Chácara das Pedras,0.27575810794988875,0.307380088202006
12,12,0,Chapéu do Sol,0.2704164965291956,0.35728868926092283
12,12,0,Cidade Baixa,0.2767894847972973,0.28895692567567566
12,12,0,Cel. Aparício Borges,0.23005748285599031,0.23557886244453408
12,12,0,Costa e Silva,0.24392048378795678,0.19939097615371418
12,12,0,Cristal,0.2121446548665264,0.10823671796564481
12,12,0,Cristo Redentor,0.21580907244414355,0.1612377441761328
12,12,0,Espírito Santo,0.22650906928337794,0.26851025869759143
12,12,0,Extrema,0.2453762084909626,0.2746251926579795
12,12,0,Farrapos,0.24058917295076943,0.1768131935503648
12,12,0,Farroupilha,0.34720308624965557,0.5711398916138514
12,12,0,Floresta,0.2079110251450677,0.28239845261121854
12,12,0,Glória,0.20267132867132867,0.20591142191142192
12,12,0,Guarujá,0.240641930717452,0.2994582170415367
12,12,0,Higienópolis,0.2389849178105406,0.25741399762752076
12,12,0,Hípica,0.2792448240445429,0.21208353604699354
12,12,0,Humaitá,0.2550586232980333,0.18645990922844174
12,12,0,Independência,0.23164033894758865,0.2604177563901384
12,12,0,Ipanema,0.22557515337423312,0.20132924335378324
12,12,0,Jardim Botânico,0.22971442301091508,0.2628772796961168
12,12,0,Jardim Carvalho,0.22736589620584388,0.19209187381886902
12,12,0,Jardim do Salso,0.2994123017231542,0.4037430103845715
12,12,0,Jardim Leopoldina,0.23665498763396536,0.24398873316845288
12,12,0,Jardim Europa,0.28902185223725285,0.45727829806914094
12,12,0,Jardim Floresta,0.22654253377144942,0.35609103078982596
12,12,0,Jardim Isabel,0.2789097875304772,0.41332868919075816
12,12,0,Jardim Itú,0.22667401647905303,0.20486634946423737
12,12,0,Jardim Lindóia,0.22188245823389022,0.1800914876690533
12,12,0,Jardim Sabará,0.2022049027444711,0.2355004884980904
12,12,0,Jardim São Pedro,0.26408005062490114,0.35036650319042345
12,12,0,Lageado,0.26027162748231,0.14471581830632277
12,12,0,Lami,0.2592541689573025,0.3071284588601796
12,12,0,Lomba do Pinheiro,0.28068922042445893,0.155340757862296
12,12,0,Mário Quintana,0.2866935045152867,0.2169150981032169
12,12,0,Medianeira,0.19807692307692307,0.2926613616268789
12,12,0,Menino Deus,0.19835662114957128,0.13459299248438658
12,12,0,Moinhos de Vento,0.24498394863563402,0.21187800963081863
12,12,0,Mont'Serrat,0.24413793103448275,0.2264367816091954
12,12,0,Morro Santana,0.23789212988442487,0.23305148346425175
12,12,0,Navegantes,0.19912118408880666,0.3157570151094665
12,12,0,Nonoai,0.21110975012248898,0.2108171375687299
12,12,0,Parque Santa Fé,0.2723472028668127,0.3647886389275997
12,12,0,Partenon,0.2048960508828555,0.19400670843617493
12,12,0,Passo D'Areia,0.07496409876314448,0.20632788252188816
12,12,0,Passo das Pedras,0.22440923737916219,0.2861797350519155
12,12,0,Pedra Redonda,0.356524962926347,0.5427582797825012
12,12,0,Petrópolis,0.21761946597220044,0.15792831518726533
12,12,0,Pitinga,0.2623549232497192,0.26831398976662924
12,12,0,Ponta Grossa,0.24974074458156176,0.27315150886653533
12,12,0,Praia de Belas,0.24311430257721817,0.42061774542592956
12,12,0,Restinga,0.26898062118396604,0.18483615019319824
12,12,0,Rio Branco,0.24548736462093862,0.2570963403411906
12,12,0,Rubem Berta,0.18263368619005732,0.2214403429484263
12,12,0,Santa Cecília,0.26247339796642233,0.3285252620792938
12,12,0,Santa Maria Goretti,0.24583116206357478,0.37727983324648257
12,12,0,Santa Rosa de Lima,0.22916387511724506,0.1725847514404395
12,12,0,Santa Tereza,0.21921209446038403,0.20863679835209298
12,12,0,Santana,0.1856526365571057,0.1353747930952944
12,12,0,Santo Antônio,0.20836728646566413,0.22836259476010567
12,12,0,São Caetano,0.2594069529652352,0.46244035446489434
12,12,0,São Geraldo,0.1780809319435929,0.15556918046188434
12,12,0,São João,0.24217898832684825,0.2544747081712062
12,12,0,São Sebastião,0.22642637512811753,0.2888812967391717
12,12,0,Sarandi,0.1887772229449037,0.1235645447806079
12,12,0,Serraria,0.21852143983938047,0.23853912710932645
12,12,0,Sétimo Céu,0.28243641725027646,0.4893721587418602
12,12,0,Teresópolis,0.2205355488294521,0.23765107995140733
12,12,0,Três Figueiras,0.24260210320371728,0.4069454634384935
12,12,0,Tristeza,0.21852529330137505,0.2257684706278121
12,12,0,Vila Assunção,0.19921875,0.2605406746031746
12,12,0,Vila Conceição,0.30098093395965736,0.46053237542599246
12,12,0,Vila Ipiranga,0.20466702326825353,0.22993670321832932
12,12,0,Vila Jardim,0.24946153328397389,0.2980861995467905
12,12,0,Vila João Pessoa,0.2146617045530745,0.26777531907284474
12,12,0,Vila Nova,0.20542375159620943,0.20229854156865382
12,12,0,São José,0.24856866212006398,0.19185540680867783
13,13,0,Aberta dos Morros,0.23065743578902864,0.22598034034457246
13,13,0,Agronomia,0.24373601789709173,0.2689535172756649
13,13,0,Anchieta,0.18138440860215055,0.28207885304659497
13,13,0,Arquipélago,0.24766355140186916,0.2965559016960886
13,13,0,Auxiliadora,0.21313986086595368,0.17388294742671234
13,13,0,Azenha,0.1701170537326443,0.2012327999501899
13,13,0,Bela Vista,0.22979621746109288,0.2314188010328704
13,13,0,Belém Novo,0.22225939269171385,0.2945273631840796
13,13,0,Belém Velho,0.22381511676108884,0.24734005803509743
13,13,0,Boa Vista,0.25995827757222706,0.3601773859193366
13,13,0,Boa Vista do Sul,0.16316526610644258,0.24089635854341737
13,13,0,Bom Fim,0.1471251409244645,0.12489039208317675
13,13,0,Bom Jesus,0.26957999827868145,0.17841466563387554
13,13,0,Camaquã,0.22304880122428158,0.18288650834136297
13,13,0,Campo Novo,0.2084966679733438,0.21344570756566053
13,13,0,Cascata,0.2216179361958521,0.23525929684361852
13,13,0,Cavalhada,0.29016898835350535,0.2683108776737459
13,13,0,Centro Histórico,0.31965638174831174,0.3030755263714261
13,13,0,Chácara das Pedras,0.3299099606077659,0.34470080660288877
13,13,0,Chapéu do Sol,0.2575962695547533,0.28830726032892096
13,13,0,Cidade Baixa,0.28398058252427183,0.2916687846286789
13,13,0,Cel. Aparício Borges,0.2374965034965035,0.3343589743589744
13,13,0,Costa e Silva,0.24018751455858375,0.17318891218262286
13,13,0,Cristal,0.23954381419450357,0.15600999352271674
13,13,0,Cristo Redentor,0.20041874868041382,0.11265160578975766
13,13,0,Espírito Santo,0.19962663728730567,0.2210796915167095
13,13,0,Extrema,0.21516458932566315,0.2122083732821988
13,13,0,Farrapos,0.2617377136396888,0.24827647358737337
13,13,0,Farroupilha,0.15350191171359054,0.389178542463214
13,13,0,Floresta,0.16631284916201117,0.2718808193668529
13,13,0,Glória,0.17087128899797047,0.1658564213904753
13,13,0,Guarujá,0.2495703852212516,0.2579598071506993
13,13,0,Higienópolis,0.211325754666257,0.22351947154159305
13,13,0,Hípica,0.25841141980382487,0.20585602864083877
13,13,0,Humaitá,0.28416714586927355,0.23001725129384704
13,13,0,Independência,0.1911713816074055,0.21535888340975287
13,13,0,Ipanema,0.2981687207082104,0.31568593415494994
13,13,0,Jardim Botânico,0.26465214587662106,0.30350361825607225
13,13,0,Jardim Carvalho,0.2809146056929538,0.25220096438015244
13,13,0,Jardim do Salso,0.241320293398533,0.32909535452322736
13,13,0,Jardim Leopoldina,0.2419448757763975,0.24572981366459629
13,13,0,Jardim Europa,0.19987072680264292,0.40649238724504455
13,13,0,Jardim Floresta,0.15728253540121376,0.30802427511800407
13,13,0,Jardim Isabel,0.2100298588490771,0.34473398479913137
13,13,0,Jardim Itú,0.24671456644559075,0.2557111274871039
13,13,0,Jardim Lindóia,0.22664817442910593,0.16075345116759127
13,13,0,Jardim Sabará,0.21204179959632788,0.24103131714304316
13,13,0,Jardim São Pedro,0.23235519754507097,0.304479393086988
13,13,0,Lageado,0.2981210678456045,0.19769880405826673
13,13,0,Lami,0.2346839320523531,0.2515548129583217
13,13,0,Lomba do Pinheiro,0.27635480762102455,0.2753189841928814
13,13,0,Mário Quintana,0.3142765889492175,0.31759821143404665
13,13,0,Medianeira,0.1739217572550906,0.22696096770170845
13,13,0,Menino Deus,0.2798756965280754,0.24140591513073295
13,13,0,Moinhos de Vento,0.24454933249071806,0.19538141506701426
13,13,0,Mont'Serrat,0.18408239700374532,0.18846441947565543
13,13,0,Morro Santana,0.24406753878916945,0.27894398810127435
13,13,0,Navegantes,0.15976489446967673,0.25131356309555614
13,13,0,Nonoai,0.2126418325840291,0.23926354099764505
13,13,0,Parque Santa Fé,0.21948897351873173,0.29504324978596524
13,13,0,Partenon,0.24762447993557912,0.30676866639824635
13,13,0,Passo D'Areia,0.16310826920992738,0.3364762833712655
13,13,0,Passo das Pedras,0.20434390306780098,0.262954369682908
13,13,0,Pedra Redonda,0.36822310530797614,0.40628252436370516
13,13,0,Petrópolis,0.3050232685464002,0.25542932749338443
13,13,0,Pitinga,0.26132709733995907,0.20949040241644742
13,13,0,Ponta Grossa,0.2720145707950586,0.2902192658290219
13,13,0,Praia de Belas,0.14383029789637158,0.3253800178831945
13,13,0,Restinga,0.2743264922276927,0.37954306577418817
13,13,0,Rio Branco,0.2718908629441624,0.3177972619596985
13,13,0,Rubem Berta,0.16500688964048604,0.2815983965927596
13,13,0,Santa Cecília,0.22379506269592475,0.2722048066875653
13,13,0,Santa Maria Goretti,0.1975390314898121,0.2873776131251654
13,13,0,Santa Rosa de Lima,0.26433157976172056,0.263757800814895
13,13,0,Santa Tereza,0.2194675209221054,0.2855215965175807
13,13,0,Santana,0.2663666689832511,0.206731994347534
13,13,0,Santo Antônio,0.20956069532329624,0.2123790821150629
13,13,0,São Caetano,0.24703153988868273,0.41954236239950526
13,13,0,São Geraldo,0.15286072047774996,0.14801258588582802
13,13,0,São João,0.2822519083969466,0.2877862595419847
13,13,0,São Sebastião,0.19183422240459583,0.2596771987416222
13,13,0,Sarandi,0.27190066484161124,0.22950071698605137
13,13,0,Serraria,0.2035601911199161,0.19383910189177642
13,13,0,Sétimo Céu,0.2021949905736601,0.40245982583714873
13,13,0,Teresópolis,0.17975794969150452,0.20756209460528396
13,13,0,Três Figueiras,0.16899548641121676,0.3196004993757803
13,13,0,Tristeza,0.3009962379824439,0.3422507082810831
13,13,0,Vila Assunção,0.16350765898189695,0.21672082108411986
13,13,0,Vila Conceição,0.14430519719867305,0.3378793463570463
13,13,0,Vila Ipiranga,0.18423375234019793,0.21210662387447624
13,13,0,Vila Jardim,0.17605250423421243,0.24429389466892493
13,13,0,Vila João Pessoa,0.2403053485458023,0.27435204115280615
13,13,0,Vila Nova,0.21401023708811714,0.1814002535575066
13,13,0,São José,0.26948543321982593,0.2978307478875016
14,14,0,Aberta dos Morros,0.23270003089280197,0.23732536985549033
14,14,0,Agronomia,0.24245147375988496,0.28324946081955427
14,14,0,Anchieta,0.1646095717884131,0.3062972292191436
14,14,0,Arquipélago,0.23979733481399224,0.27086803627614287
14,14,0,Auxiliadora,0.19782006182709733,0.16075045304338556
14,14,0,Azenha,0.1713311748957101,0.2012327999501899
14,14,0,Bela Vista,0.22698744769874477,0.238882410773487
14,14,0,Belém Novo,0.22225939269171385,0.2945273631840796
14,14,0,Belém Velho,0.22166760404949382,0.2399700037495313
14,14,0,Boa Vista,0.246353355732197,0.3476194378431533
14,14,0,Boa Vista do Sul,0.19148119723714505,0.2640061396776669
14,14,0,Bom Fim,0.15380473797559224,0.14919837281646328
14,14,0,Bom Jesus,0.278948772678762,0.16213091426538598
14,14,0,Camaquã,0.22294888748347036,0.17593284654746164
14,14,0,Campo Novo,0.22179112652912178,0.24447690341427789
14,14,0,Cascata,0.22371542735843167,0.24199288256227758
14,14,0,Cavalhada,0.2891510498983969,0.2728080078271995
14,14,0,Centro Histórico,0.319675036376525,0.3030755263714261
14,14,0,Chácara das Pedras,0.32985769020251776,0.3535121328224777
14,14,0,Chapéu do Sol,0.2575962695547533,0.28830726032892096
14,14,0,Cidade Baixa,0.28570883952625425,0.2916687846286789
14,14,0,Cel. Aparício Borges,0.2374965034965035,0.3343589743589744
14,14,0,Costa e Silva,0.242193777981862,0.1802701565070983
14,14,0,Cristal,0.24068526493166073,0.15003432565686825
14,14,0,Cristo Redentor,0.2045710465198114,0.11265160578975766
14,14,0,Espírito Santo,0.1998102582935488,0.2210796915167095
14,14,0,Extrema,0.21516458932566315,0.2122083732821988
14,14,0,Farrapos,0.2578764531884158,0.23388594620623238
14,14,0,Farroupilha,0.17559209533866346,0.42580580278573943
14,14,0,Floresta,0.16869646182495346,0.2718808193668529
14,14,0,Glória,0.17087128899797047,0.1658564213904753
14,14,0,Guarujá,0.24992839753687526,0.2579598071506993
14,14,0,Higienópolis,0.21263345195729538,0.24765778197399957
14,14,0,Hípica,0.25151437224984285,0.18610587271653617
14,14,0,Humaitá,0.28416714586927355,0.23001725129384704
14,14,0,Independência,0.1911713816074055,0.21535888340975287
14,14,0,Ipanema,0.2963895157090783,0.31568593415494994
14,14,0,Jardim Botânico,0.28202432554829526,0.33874619913307885
14,14,0,Jardim Carvalho,0.28164614683082534,0.26165070679434566
14,14,0,Jardim do Salso,0.23953674121405752,0.3358359957401491
14,14,0,Jardim Leopoldina,0.24168184869114967,0.2507750823025538
14,14,0,Jardim Europa,0.21135892116182572,0.43179460580912865
14,14,0,Jardim Floresta,0.15728253540121376,0.30802427511800407
14,14,0,Jardim Isabel,0.2128511420320294,0.35529885359236896
14,14,0,Jardim Itú,0.23871368751635696,0.2288231701997732
14,14,0,Jardim Lindóia,0.22780931492710618,0.16075345116759127
14,14,0,Jardim Sabará,0.21604451730878366,0.2544506799503962
14,14,0,Jardim São Pedro,0.22596090344736494,0.2925197023730903
14,14,0,Lageado,0.2981210678456045,0.19769880405826673
14,14,0,Lami,0.2346839320523531,0.2515548129583217
14,14,0,Lomba do Pinheiro,0.27524582780794155,0.2704230990567218
14,14,0,Mário Quintana,0.3213023560209424,0.3090314136125654
14,14,0,Medianeira,0.17790588725209516,0.2384050804226745
14,14,0,Menino Deus,0.26979627989371124,0.22728077945084146
14,14,0,Moinhos de Vento,0.2493415446587652,0.2045084824541018
14,14,0,Mont'Serrat,0.18261904761904763,0.16
14,14,0,Morro Santana,0.24432518488085456,0.2739660367022734
14,14,0,Navegantes,0.16929626846982218,0.2773186409550046
14,14,0,Nonoai,0.2106869394005688,0.22991322103113834
14,14,0,Parque Santa Fé,0.2162454414383852,0.3108020241427077
14,14,0,Partenon,0.24442252754727248,0.30187276107559063
14,14,0,Passo D'Areia,0.1598529575582043,0.32728082878467196
14,14,0,Passo das Pedras,0.2033469076100789,0.2680919657249512
14,14,0,Pedra Redonda,0.36822310530797614,0.40628252436370516
14,14,0,Petrópolis,0.304766630166986,0.25542932749338443
14,14,0,Pitinga,0.26132709733995907,0.20949040241644742
14,14,0,Ponta Grossa,0.26631295533734556,0.2902192658290219
14,14,0,Praia de Belas,0.14298319920937455,0.3253800178831945
14,14,0,Restinga,0.27406417112299464,0.3775438205585264
14,14,0,Rio Branco,0.2674922784509385,0.30743644571157047
14,14,0,Rubem Berta,0.16225707138733886,0.272336604451286
14,14,0,Santa Cecília,0.2195722032536654,0.2623016670014059
14,14,0,Santa Maria Goretti,0.19787397540983606,0.2995218579234973
14,14,0,Santa Rosa de Lima,0.26346640104206576,0.2676167854315123
14,14,0,Santa Tereza,0.21752384045348527,0.29958765118636393
14,14,0,Santana,0.2663666689832511,0.206731994347534
14,14,0,Santo Antônio,0.1973805677359797,0.18616816678206016
14,14,0,São Caetano,0.26205432937181666,0.44052065647990946
14,14,0,São Geraldo,0.15286072047774996,0.14801258588582802
14,14,0,São João,0.2769649805447471,0.28041504539559015
14,14,0,São Sebastião,0.2001854020296643,0.27953421805880824
14,14,0,Sarandi,0.26308778645698616,0.20405911058231166
14,14,0,Serraria,0.2035601911199161,0.19383910189177642
14,14,0,Sétimo Céu,0.20707399687337155,0.4110647906895953
14,14,0,Teresópolis,0.18335671694142405,0.21427179547137457
14,14,0,Três Figueiras,0.16872079171630167,0.33550200067198144
14,14,0,Tristeza,0.2943915114768298,0.3305423223136519
14,14,0,Vila Assunção,0.16350765898189695,0.21672082108411986
14,14,0,Vila Conceição,0.14430519719867305,0.3378793463570463
14,14,0,Vila Ipiranga,0.18654106804011927,0.20594560404807083
14,14,0,Vila Jardim,0.17605250423421243,0.24429389466892493
14,14,0,Vila João Pessoa,0.24057868973378932,0.26777531907284474
14,14,0,Vila Nova,0.21481332727971222,0.1898741545303205
14,14,0,São José,0.26773861830419743,0.3021407871365803
15,15,0,Aberta dos Morros,0.2308754141150487,0.24810092694843222
15,15,0,Agronomia,0.24245147375988496,0.28324946081955427
15,15,0,Anchieta,0.1564102564102564,0.3172975172975173
15,15,0,Arquipélago,0.23778456413103832,0.27086803627614287
15,15,0,Auxiliadora,0.19755356571794053,0.16075045304338556
15,15,0,Azenha,0.1683214446372341,0.18627765996187048
15,15,0,Bela Vista,0.22414334566264218,0.2314188010328704
15,15,0,Belém Novo,0.2216323296354992,0.2846980102130657
15,15,0,Belém Velho,0.22122426419787206,0.24734005803509743
15,15,0,Boa Vista,0.24668114398098828,0.3476194378431533
15,15,0,Boa Vista do Sul,0.17218967411204686,0.2519223727572318
15,15,0,Bom Fim,0.15266807091451642,0.16055233748756656
15,15,0,Bom Jesus,0.27526607441287715,0.16767818922801772
15,15,0,Camaquã,0.22468354430379747,0.16877637130801687
15,15,0,Campo Novo,0.21767563527653214,0.2346163428001993
15,15,0,Cascata,0.2289307985711691,0.254848539888196
15,15,0,Cavalhada,0.2888901575702215,0.2683108776737459
15,15,0,Centro Histórico,0.3113626580049309,0.2852893985050679
15,15,0,Chácara das Pedras,0.3196770662287904,0.3535121328224777
15,15,0,Chapéu do Sol,0.2575962695547533,0.28830726032892096
15,15,0,Cidade Baixa,0.29030139295097407,0.30096333382904544
15,15,0,Cel. Aparício Borges,0.2374965034965035,0.3343589743589744
15,15,0,Costa e Silva,0.23704286047053344,0.17318891218262286
15,15,0,Cristal,0.24320356161788387,0.1439171481797228
15,15,0,Cristo Redentor,0.2068583292279541,0.11265160578975766
15,15,0,Espírito Santo,0.19981589262382707,0.2343112800411767
15,15,0,Extrema,0.19569399230541581,0.19650784255696951
15,15,0,Farrapos,0.2578764531884158,0.23388594620623238
15,15,0,Farroupilha,0.19716708023159635,0.44655822075176915
15,15,0,Floresta,0.1756307129798903,0.2790981109079829
15,15,0,Glória,0.17113404553584377,0.15375195372295
15,15,0,Guarujá,0.24992839753687526,0.2579598071506993
15,15,0,Higienópolis,0.2116166751398068,0.24765778197399957
15,15,0,Hípica,0.2511143493913938,0.18610587271653617
15,15,0,Humaitá,0.28416714586927355,0.23001725129384704
15,15,0,Independência,0.18498508002531874,0.19495433583506647
15,15,0,Ipanema,0.2963895157090783,0.31568593415494994
15,15,0,Jardim Botânico,0.28281976188960334,0.3439655355361728
15,15,0,Jardim Carvalho,0.2783481101259916,0.25220096438015244
15,15,0,Jardim do Salso,0.23753993610223642,0.3358359957401491
15,15,0,Jardim Leopoldina,0.24168184869114967,0.2507750823025538
15,15,0,Jardim Europa,0.20855312735493595,0.43916938792598176
15,15,0,Jardim Floresta,0.1510467550593161,0.29551058385671086
15,15,0,Jardim Isabel,0.22216063069721606,0.37447647203744766
15,15,0,Jardim Itú,0.23457792207792208,0.21401515151515152
15,15,0,Jardim Lindóia,0.22780931492710618,0.16075345116759127
15,15,0,Jardim Sabará,0.21604451730878366,0.2544506799503962
15,15,0,Jardim São Pedro,0.23388952819332567,0.304479393086988
15,15,0,Lageado,0.2988862438360823,0.19769880405826673
15,15,0,Lami,0.2342572658772874,0.2655184786508791
15,15,0,Lomba do Pinheiro,0.2730815422723747,0.2704230990567218
15,15,0,Mário Quintana,0.32588157019294745,0.3030827234420049
15,15,0,Medianeira,0.18003906448176146,0.24926859790641434
15,15,0,Menino Deus,0.27036793692509853,0.23209227624470727
15,15,0,Moinhos de Vento,0.2561554829394331,0.2132887504116321
15,15,0,Mont'Serrat,0.1866030534351145,0.17933842239185752
15,15,0,Morro Santana,0.2450055775276341,0.27894398810127435
15,15,0,Navegantes,0.16929626846982218,0.2773186409550046
15,15,0,Nonoai,0.21069453660694537,0.22508294625082947
15,15,0,Parque Santa Fé,0.2162454414383852,0.3108020241427077
15,15,0,Partenon,0.24063962558502341,0.286351817709072
15,15,0,Passo D'Areia,0.1735396120082367,0.3364762833712655
15,15,0,Passo das Pedras,0.20810247609708263,0.28274903979733595
15,15,0,Pedra Redonda,0.36822310530797614,0.40628252436370516
15,15,0,Petrópolis,0.29678642290249435,0.24085884353741496
15,15,0,Pitinga,0.2701759708737864,0.19215210355987056
15,15,0,Ponta Grossa,0.26631295533734556,0.2902192658290219
15,15,0,Praia de Belas,0.15680454487424997,0.3580577896931784
15,15,0,Restinga,0.27347562685813653,0.37551653858379613
15,15,0,Rio Branco,0.26328354554358474,0.29644139732288605
15,15,0,Rubem Berta,0.16259860338807708,0.26914953230742705
15,15,0,Santa Cecília,0.2227174764890282,0.2722048066875653
15,15,0,Santa Maria Goretti,0.19787397540983606,0.2995218579234973
15,15,0,Santa Rosa de Lima,0.2622979082062677,0.2676167854315123
15,15,0,Santa Tereza,0.21636574982639414,0.2912754244537705
15,15,0,Santana,0.25579595363237095,0.19017447860417117
15,15,0,Santo Antônio,0.1973805677359797,0.18616816678206016
15,15,0,São Caetano,0.26205432937181666,0.44052065647990946
15,15,0,São Geraldo,0.15566215199398042,0.1445322297466767
15,15,0,São João,0.2715873015873016,0.27275132275132274
15,15,0,São Sebastião,0.2001854020296643,0.27953421805880824
15,15,0,Sarandi,0.25854973182518187,0.19177597224434886
15,15,0,Serraria,0.20476163514890725,0.20722454988110067
15,15,0,Sétimo Céu,0.2120229941291585,0.4266960208741031
15,15,0,Teresópolis,0.1843212907751666,0.21427179547137457
15,15,0,Três Figueiras,0.17385559437427214,0.34291857027680733
15,15,0,Tristeza,0.297575155984118,0.33650028360748724
15,15,0,Vila Assunção,0.15704973442781264,0.1986158055689683
15,15,0,Vila Conceição,0.14430519719867305,0.3378793463570463
15,15,0,Vila Ipiranga,0.18927157561361838,0.21810504090789126
15,15,0,Vila Jardim,0.18392083048140542,0.2683854285496996
15,15,0,Vila João Pessoa,0.2441283332251995,0.2807154133956184
15,15,0,Vila Nova,0.21453863227988584,0.1856745234823662
15,15,0,São José,0.26643492243662503,0.2978307478875016
16,16,0,Aberta dos Morros,0.23410902292630129,0.2564203483223458
16,16,0,Agronomia,0.230596376087887,0.2862034527036667
16,16,0,Anchieta,0.1685075777035705,0.2991694494391643
16,16,0,Arquipélago,0.23886524822695035,0.26222222222222225
16,16,0,Auxiliadora,0.19164241836404786,0.15518913676042678
16,16,0,Azenha,0.16702579275744517,0.18584507193241998
16,16,0,Bela Vista,0.23094747682801237,0.23847122096349696
16,16,0,Belém Novo,0.22589597209007295,0.2844557211826479
16,16,0,Belém Velho,0.2194327883084937,0.22755992861621568
16,16,0,Boa Vista,0.25136710896662645,0.3535719072510387
16,16,0,Boa Vista do Sul,0.1849809885931559,0.26159695817490497
16,16,0,Bom Fim,0.16284622731614135,0.20768332802716757
16,16,0,Bom Jesus,0.2517579721995094,0.20280730444262743
16,16,0,Camaquã,0.2231283188422711,0.16860205014491061
16,16,0,Campo Novo,0.21802866716306776,0.23622486969471332
16,16,0,Cascata,0.23010385846265322,0.2559426765694503
16,16,0,Cavalhada,0.28621802002224694,0.2785910270671116
16,16,0,Centro Histórico,0.3103246927288739,0.2935252900409695
16,16,0,Chácara das Pedras,0.3163768115942029,0.3349951690821256
16,16,0,Chapéu do Sol,0.2679889298892989,0.279930299302993
16,16,0,Cidade Baixa,0.2951911659938257,0.31628275152378693
16,16,0,Cel. Aparício Borges,0.24011879961713867,0.332226038323668
16,16,0,Costa e Silva,0.2483345445736434,0.1534641472868217
16,16,0,Cristal,0.2363302752293578,0.16036697247706422
16,16,0,Cristo Redentor,0.20487829683368364,0.1329355662530793
16,16,0,Espírito Santo,0.21,0.24707012487992316
16,16,0,Extrema,0.18294911442226597,0.21628713335207572
16,16,0,Farrapos,0.2565406479008287,0.23578293724174143
16,16,0,Farroupilha,0.19063296516567543,0.44057396393844994
16,16,0,Floresta,0.1700994050756834,0.2675402264226724
16,16,0,Glória,0.17025395603867058,0.1563176374392766
16,16,0,Guarujá,0.2532899442139894,0.2584275020264149
16,16,0,Higienópolis,0.2025985593679808,0.21981256293083418
16,16,0,Hípica,0.252638751957316,0.1789711767093893
16,16,0,Humaitá,0.28673546676765765,0.2353089692608723
16,16,0,Independência,0.1922689443714411,0.2096656446196525
16,16,0,Ipanema,0.2962581531067628,0.3196017851012702
16,16,0,Jardim Botânico,0.292295142522933,0.35461429538878286
16,16,0,Jardim Carvalho,0.2759646001123806,0.250764812386839
16,16,0,Jardim do Salso,0.23607878989361702,0.32241799645390073
16,16,0,Jardim Leopoldina,0.24176712731549543,0.24156293900486786
16,16,0,Jardim Europa,0.20797399041752224,0.41870864704540267
16,16,0,Jardim Floresta,0.15738440303657694,0.2996089256958822
16,16,0,Jardim Isabel,0.2055524397083567,0.33408113666105815
16,16,0,Jardim Itú,0.23290046233342399,0.21167618529598403
16,16,0,Jardim Lindóia,0.21873803751435497,0.16630513376717282
16,16,0,Jardim Sabará,0.2165525924969329,0.24454919179526916
16,16,0,Jardim São Pedro,0.21946824425404596,0.281427081916678
16,16,0,Lageado,0.2806319343945972,0.18695395829983386
16,16,0,Lami,0.22852112676056338,0.24676056338028168
16,16,0,Lomba do Pinheiro,0.27591839328842,0.26405660777085715
16,16,0,Mário Quintana,0.321343599233362,0.305509660079748
16,16,0,Medianeira,0.1749098206574201,0.24867482937899033
16,16,0,Menino Deus,0.2551764494058336,0.22008162285439922
16,16,0,Moinhos de Vento,0.27158325487071777,0.23456700707370656
16,16,0,Mont'Serrat,0.1880548201214764,0.1695478378238073
16,16,0,Morro Santana,0.2468110953634339,0.2796112573395424
16,16,0,Navegantes,0.16510791366906474,0.2938449240607514
16,16,0,Nonoai,0.2136736295844054,0.23136074891340688
16,16,0,Parque Santa Fé,0.22356664184661207,0.31951683627037314
16,16,0,Partenon,0.23932922520281538,0.28766335943315335
16,16,0,Passo D'Areia,0.1620266636791396,0.32534169840914184
16,16,0,Passo das Pedras,0.20608473790010823,0.26307922272047835
16,16,0,Pedra Redonda,0.35654342009243495,0.4435255006892078
16,16,0,Petrópolis,0.29726802683063164,0.2468092043972424
16,16,0,Pitinga,0.2759950632520827,0.18409955774966574
16,16,0,Ponta Grossa,0.2548691775196527,0.24834760843208573
16,16,0,Praia de Belas,0.14807415170968163,0.3499716144809817
16,16,0,Restinga,0.2738371450668434,0.37993960151732775
16,16,0,Rio Branco,0.2714070048309179,0.30144927536231886
16,16,0,Rubem Berta,0.16201702896213635,0.27009826055172115
16,16,0,Santa Cecília,0.21874373872971348,0.26327389300741333
16,16,0,Santa Maria Goretti,0.19681432868471424,0.274724273083584
16,16,0,Santa Rosa de Lima,0.2574960920846952,0.2966226138032305
16,16,0,Santa Tereza,0.22386637968645473,0.3050328185141018
16,16,0,Santana,0.2514525614681499,0.19773731075367865
16,16,0,Santo Antônio,0.20072198028879212,0.18947207578883032
16,16,0,São Caetano,0.2601647388713635,0.4332281808622503
16,16,0,São Geraldo,0.158154296875,0.15006510416666666
16,16,0,São João,0.25999743655472957,0.24255888803440714
16,16,0,São Sebastião,0.20922123208058893,0.28238408885444916
16,16,0,Sarandi,0.2500533049040512,0.18997867803837953
16,16,0,Serraria,0.20231974537887135,0.16999224711306973
16,16,0,Sétimo Céu,0.19918191902384913,0.3946200776483638
16,16,0,Teresópolis,0.1787045666356011,0.21590556073314693
16,16,0,Três Figueiras,0.17886305138901215,0.34590692583059673
16,16,0,Tristeza,0.29372007885102785,0.3388247442035108
16,16,0,Vila Assunção,0.17012996826356355,0.22719258475643545
16,16,0,Vila Conceição,0.1305443548387097,0.306989247311828
16,16,0,Vila Ipiranga,0.18592285025448702,0.2113760157156889
16,16,0,Vila Jardim,0.18635094251803583,0.2604142424947638
16,16,0,Vila João Pessoa,0.23351349513903052,0.2622430711355859
16,16,0,Vila Nova,0.21605661895930295,0.18893982340110346
16,16,0,São José,0.2741214343199499,0.31798265224000716
17,17,0,Aberta dos Morros,0.24010576595018765,0.2774176428219417
17,17,0,Agronomia,0.2627612540192926,0.40313504823151125
17,17,0,Anchieta,0.2154314633727912,0.45679647738319895
17,17,0,Arquipélago,0.2607908935386235,0.19511339211299733
17,17,0,Auxiliadora,0.21021021021021022,0.15785015785015785
17,17,0,Azenha,0.19593484807007938,0.222556802627977
17,17,0,Bela Vista,0.24619336240668194,0.2599847241727647
17,17,0,Belém Novo,0.22336126908111345,0.2309355149822076
17,17,0,Belém Velho,0.24099895523587558,0.25277934045916045
17,17,0,Boa Vista,0.24547158026233604,0.32386008744534667
17,17,0,Boa Vista do Sul,0.23083021043528396,0.29883732103391947
17,17,0,Bom Fim,0.2221938775510204,0.21626984126984128
17,17,0,Bom Jesus,0.24791133004926108,0.17145484400656816
17,17,0,Camaquã,0.2157248450166905,0.18494674932443173
17,17,0,Campo Novo,0.25015013512160944,0.2575651419610983
17,17,0,Cascata,0.2397249243058687,0.2770512572741523
17,17,0,Cavalhada,0.21099971985432425,0.17022184869465457
17,17,0,Centro Histórico,0.22652512941484831,0.13310617478103226
17,17,0,Chácara das Pedras,0.2722490513970335,0.3267026944156989
17,17,0,Chapéu do Sol,0.29127829560585883,0.3780356350263141
17,17,0,Cidade Baixa,0.2974581251836615,0.32654194011819637
17,17,0,Cel. Aparício Borges,0.22877261513157895,0.24520285087719298
17,17,0,Costa e Silva,0.2372249822569198,0.1881411703980902
17,17,0,Cristal,0.2225272395811252,0.08357711168581564
17,17,0,Cristo Redentor,0.20900361420168662,0.1406467767462736
17,17,0,Espírito Santo,0.22910692339205244,0.2926851472529473
17,17,0,Extrema,0.2387934254762794,0.28738637778607895
17,17,0,Farrapos,0.253003003003003,0.15769936603269938
17,17,0,Farroupilha,0.3746263407772112,0.5910556239376356
17,17,0,Floresta,0.21688572471705,0.287842278203724
17,17,0,Glória,0.20076130376888787,0.1881549238696231
17,17,0,Guarujá,0.24434503713706954,0.27683997299122215
17,17,0,Higienópolis,0.21846325535256675,0.25053043454299967
17,17,0,Hípica,0.27025847013622073,0.18217099390693522
17,17,0,Humaitá,0.26066263957532493,0.20525962535847214
17,17,0,Independência,0.24171440261865793,0.2618657937806874
17,17,0,Ipanema,0.22656310230514223,0.21930974224552205
17,17,0,Jardim Botânico,0.2799661097568226,0.33945735973204905
17,17,0,Jardim Carvalho,0.22293135767205213,0.17801779285310482
17,17,0,Jardim do Salso,0.32429614181439,0.4218978102189781
17,17,0,Jardim Leopoldina,0.24015868172108637,0.25243278065981756
17,17,0,Jardim Europa,0.32150908834718894,0.5014325301770701
17,17,0,Jardim Floresta,0.23586075740036383,0.38652775480954743
17,17,0,Jardim Isabel,0.2851925630810093,0.42319610447100486
17,17,0,Jardim Itú,0.21983690312438592,0.15768214667802014
17,17,0,Jardim Lindóia,0.2017942066580199,0.16793966469712254
17,17,0,Jardim Sabará,0.21559952276794592,0.2607984799275314
17,17,0,Jardim São Pedro,0.27926752096187313,0.35374149659863946
17,17,0,Lageado,0.24334621163339773,0.1844458753666738
17,17,0,Lami,0.2352650494159928,0.28487571129080563
17,17,0,Lomba do Pinheiro,0.29128039181388843,0.13379686315666725
17,17,0,Mário Quintana,0.3080159433126661,0.19210707607518945
17,17,0,Medianeira,0.2189050211736237,0.3263561201855213
17,17,0,Menino Deus,0.16675895164267257,0.11399587110181425
17,17,0,Moinhos de Vento,0.28126688797961863,0.24478241848735172
17,17,0,Mont'Serrat,0.2226354941551541,0.19282087613649782
17,17,0,Morro Santana,0.24411280162806473,0.25532189811674255
17,17,0,Navegantes,0.24226431463273568,0.3543474069789859
17,17,0,Nonoai,0.2153712728173784,0.21131026128135239
17,17,0,Parque Santa Fé,0.2758202833706189,0.3755282127765349
17,17,0,Partenon,0.20101368346916187,0.15739343327631888
17,17,0,Passo D'Areia,0.08377047557777008,0.20972930172712426
17,17,0,Passo das Pedras,0.22467488021902807,0.2854384948840801
17,17,0,Pedra Redonda,0.4059780857234934,0.5876033945644
17,17,0,Petrópolis,0.2129748666195282,0.1522787169762808
17,17,0,Pitinga,0.2591526703151538,0.2566521985280242
17,17,0,Ponta Grossa,0.2384161283136556,0.23910299250018563
17,17,0,Praia de Belas,0.28597488545732225,0.45330618247638443
17,17,0,Restinga,0.2679217104228895,0.17682155396351276
17,17,0,Rio Branco,0.24067913272914992,0.2337960307445222
17,17,0,Rubem Berta,0.17854073960411232,0.2247046186895811
17,17,0,Santa Cecília,0.2650926853707415,0.30828323313293254
17,17,0,Santa Maria Goretti,0.24162338750209417,0.36455017590886246
17,17,0,Santa Rosa de Lima,0.22323068002448218,0.18531284562273836
17,17,0,Santa Tereza,0.2208863141482298,0.21350036291298152
17,17,0,Santana,0.18405702164826251,0.1152078524341298
17,17,0,Santo Antônio,0.20140866177131725,0.22263849343124031
17,17,0,São Caetano,0.33910707669507223,0.5196986538224033
17,17,0,São Geraldo,0.16742554762490772,0.1444745262121585
17,17,0,São João,0.21117455138662317,0.2284393692224035
17,17,0,São Sebastião,0.23183516711646251,0.3199086568403571
17,17,0,Sarandi,0.1683551287770291,0.07229669977069784
17,17,0,Serraria,0.22116251126464403,0.2085711424852308
17,17,0,Sétimo Céu,0.2880484252685236,0.518113963225924
17,17,0,Teresópolis,0.2149323364023976,0.24309460545016376
17,17,0,Três Figueiras,0.2796366111634726,0.4430481376758474
17,17,0,Tristeza,0.21841191398423934,0.1980766662214505
17,17,0,Vila Assunção,0.20675086316554606,0.273184323702223
17,17,0,Vila Conceição,0.2809734513274336,0.45302583355680703
17,17,0,Vila Ipiranga,0.20407354789355772,0.21062601315046536
17,17,0,Vila Jardim,0.2369234130204107,0.28258743732184843
17,17,0,Vila João Pessoa,0.21540246116602785,0.2745388115571694
17,17,0,Vila Nova,0.20712537156845603,0.1650871364457656
17,17,0,São José,0.2504342611356963,0.20279305733625597
18,18,0,Aberta dos Morros,0.23811235209554352,0.28817870175826604
18,18,0,Agronomia,0.28326929793922456,0.43765281173594134
18,18,0,Anchieta,0.21767560454022042,0.4654274277567582
18,18,0,Arquipélago,0.2717716696149136,0.1790719825826643
18,18,0,Auxiliadora,0.2148069151324652,0.1721299206705583
18,18,0,Azenha,0.192278234229216,0.2148261616302279
18,18,0,Bela Vista,0.24549116712247765,0.2599847241727647
18,18,0,Belém Novo,0.22453197757293547,0.2516392663689062
18,18,0,Belém Velho,0.24099895523587558,0.25277934045916045
18,18,0,Boa Vista,0.2427536231884058,0.3170356213834475
18,18,0,Boa Vista do Sul,0.23083021043528396,0.29883732103391947
18,18,0,Bom Fim,0.23042414355628058,0.2346383904295813
18,18,0,Bom Jesus,0.24400975609756098,0.17628617886178863
18,18,0,Camaquã,0.21614647333497175,0.17014827557958548
18,18,0,Campo Novo,0.25159121240119087,0.24706566745371797
18,18,0,Cascata,0.24048126206483392,0.26408396014999225
18,18,0,Cavalhada,0.20977908512426463,0.17022184869465457
18,18,0,Centro Histórico,0.2187133898421887,0.10552913881423288
18,18,0,Chácara das Pedras,0.2790312058279874,0.34518502410206225
18,18,0,Chapéu do Sol,0.2908027392048697,0.3780356350263141
18,18,0,Cidade Baixa,0.2968564061880206,0.32232579664154437
18,18,0,Cel. Aparício Borges,0.22740028061735817,0.255762677891361
18,18,0,Costa e Silva,0.23599911105467014,0.1957372954896607
18,18,0,Cristal,0.22619659767750783,0.0773307051749011
18,18,0,Cristo Redentor,0.20900361420168662,0.1406467767462736
18,18,0,Espírito Santo,0.23307196247984757,0.265279202696761
18,18,0,Extrema,0.23223436966176972,0.31978134608814485
18,18,0,Farrapos,0.26198010849909587,0.14126410057693964
18,18,0,Farroupilha,0.3742630958396497,0.5942395149065185
18,18,0,Floresta,0.21336928226106358,0.28079831411925127
18,18,0,Glória,0.20015341863023214,0.1881549238696231
18,18,0,Guarujá,0.24434503713706954,0.27683997299122215
18,18,0,Higienópolis,0.22209848546205557,0.2589562916767906
18,18,0,Hípica,0.2670284206739417,0.16764600071951075
18,18,0,Humaitá,0.26066263957532493,0.20525962535847214
18,18,0,Independência,0.23882007138358177,0.25124221429071314
18,18,0,Ipanema,0.22594735647832992,0.22776895343267026
18,18,0,Jardim Botânico,0.2799661097568226,0.33945735973204905
18,18,0,Jardim Carvalho,0.2221927966101695,0.18340983992467044
18,18,0,Jardim do Salso,0.33325074331020815,0.43402708952758506
18,18,0,Jardim Leopoldina,0.23779105707809603,0.24709801497355588
18,18,0,Jardim Europa,0.32160721337370013,0.5123074897986047
18,18,0,Jardim Floresta,0.23586075740036383,0.38652775480954743
18,18,0,Jardim Isabel,0.2790959473501905,0.4126544278951622
18,18,0,Jardim Itú,0.21911270374833514,0.1738229635737088
18,18,0,Jardim Lindóia,0.19679371261649742,0.18528307135902072
18,18,0,Jardim Sabará,0.21559952276794592,0.2607984799275314
18,18,0,Jardim São Pedro,0.28672482040756486,0.3766798612129209
18,18,0,Lageado,0.24368506824200448,0.20900387044204521
18,18,0,Lami,0.2391659501289768,0.30128976784178846
18,18,0,Lomba do Pinheiro,0.30609795134443024,0.10942930309127492
18,18,0,Mário Quintana,0.3129457596643692,0.18499650384576966
18,18,0,Medianeira,0.2189050211736237,0.3263561201855213
18,18,0,Menino Deus,0.16346677274820987,0.10242452158619823
18,18,0,Moinhos de Vento,0.28366659092630464,0.25277083491125757
18,18,0,Mont'Serrat,0.2164915776127513,0.18209261607196764
18,18,0,Morro Santana,0.24447050938337803,0.26024511681348145
18,18,0,Navegantes,0.2366975130133025,0.3543474069789859
18,18,0,Nonoai,0.21568101098538037,0.21131026128135239
18,18,0,Parque Santa Fé,0.2758202833706189,0.3755282127765349
18,18,0,Partenon,0.2021809843758332,0.12684192751382
18,18,0,Passo D'Areia,0.08181339880743599,0.20400527801439763
18,18,0,Passo das Pedras,0.2241746959406097,0.2854384948840801
18,18,0,Pedra Redonda,0.4088130032806442,0.5934983596779004
18,18,0,Petrópolis,0.20998562749069052,0.14387752879945995
18,18,0,Pitinga,0.25423499729681026,0.2751246470835586
18,18,0,Ponta Grossa,0.2384161283136556,0.23910299250018563
18,18,0,Praia de Belas,0.2961387927141352,0.4773947513673541
18,18,0,Restinga,0.2738481394339493,0.16842938833938675
18,18,0,Rio Branco,0.24197014250169646,0.23991555455025257
18,18,0,Rubem Berta,0.178643216080402,0.22806964113496778
18,18,0,Santa Cecília,0.2650926853707415,0.30828323313293254
18,18,0,Santa Maria Goretti,0.24162338750209417,0.36455017590886246
18,18,0,Santa Rosa de Lima,0.2206020035577193,0.2003349665553579
18,18,0,Santa Tereza,0.22114169735745584,0.21350036291298152
18,18,0,Santana,0.19113376489805795,0.13188940649767075
18,18,0,Santo Antônio,0.19780849114233354,0.21416208511504786
18,18,0,São Caetano,0.3359613428280773,0.532157793602351
18,18,0,São Geraldo,0.17470438210062603,0.17474302496328928
18,18,0,São João,0.207285595337219,0.2193172356369692
18,18,0,São Sebastião,0.23042290570619184,0.32867934709294483
18,18,0,Sarandi,0.16857146312555935,0.05432600440219626
18,18,0,Serraria,0.21952808338158655,0.22514958502219648
18,18,0,Sétimo Céu,0.2992240947772401,0.5305078146726737
18,18,0,Teresópolis,0.21464324427724288,0.2295904270016366
18,18,0,Três Figueiras,0.28747936692882803,0.4593326212900929
18,18,0,Tristeza,0.21841191398423934,0.1980766662214505
18,18,0,Vila Assunção,0.20675086316554606,0.273184323702223
18,18,0,Vila Conceição,0.2809734513274336,0.45302583355680703
18,18,0,Vila Ipiranga,0.2049889493827826,0.21677178229385657
18,18,0,Vila Jardim,0.2369234130204107,0.28258743732184843
18,18,0,Vila João Pessoa,0.21504860789630315,0.28102197826422415
18,18,0,Vila Nova,0.206828116803637,0.1650871364457656
18,18,0,São José,0.24931806329977135,0.21674890020992954
19,19,0,Aberta dos Morros,0.2529340878130567,0.29054455272625657
19,19,0,Agronomia,0.3206476612233601,0.4390626441553649
19,19,0,Anchieta,0.2238562091503268,0.45538835689314483
19,19,0,Arquipélago,0.27272418016056604,0.2244296276137343
19,19,0,Auxiliadora,0.27246477246477246,0.19635019635019635
19,19,0,Azenha,0.1827876984126984,0.2304421768707483
19,19,0,Bela Vista,0.23314731317909676,0.24441323576514648
19,19,0,Belém Novo,0.21162569173546222,0.24022498412410415
19,19,0,Belém Velho,0.22960287414046202,0.25589121532874914
19,19,0,Boa Vista,0.20596502186133667,0.29783468665417445
19,19,0,Boa Vista do Sul,0.23083021043528396,0.29883732103391947
19,19,0,Bom Fim,0.24424959216965741,0.2346383904295813
19,19,0,Bom Jesus,0.25192893401015226,0.1969813874788494
19,19,0,Camaquã,0.22857505070993914,0.17554090601757943
19,19,0,Campo Novo,0.26406265639075166,0.23734694558435926
19,19,0,Cascata,0.20860013947885628,0.2581626830659989
19,19,0,Cavalhada,0.21820762036999225,0.21453560392589266
19,19,0,Centro Histórico,0.21076984012674635,0.11628018627874598
19,19,0,Chácara das Pedras,0.27498240675580576,0.29208136456553063
19,19,0,Chapéu do Sol,0.26770473942255313,0.4267296168512802
19,19,0,Cidade Baixa,0.3029799682665609,0.30579796377099033
19,19,0,Cel. Aparício Borges,0.22728770734922554,0.2895016294994324
19,19,0,Costa e Silva,0.23759297456091005,0.17921953455424297
19,19,0,Cristal,0.2355808372969962,0.06304723543443173
19,19,0,Cristo Redentor,0.1870376020135764,0.20222205272926042
19,19,0,Espírito Santo,0.2451142215766539,0.2610150094634447
19,19,0,Extrema,0.1985821660403143,0.2628402232092017
19,19,0,Farrapos,0.25882893527635553,0.1326418975099558
19,19,0,Farroupilha,0.3554284432480933,0.5649768206968745
19,19,0,Floresta,0.21149157404087487,0.2714951595553962
19,19,0,Glória,0.19357633789578804,0.17133681881376178
19,19,0,Guarujá,0.28370174346201743,0.25529265255292655
19,19,0,Higienópolis,0.24591344282711916,0.27482421317557926
19,19,0,Hípica,0.27225244158734085,0.13161907116660485
19,19,0,Humaitá,0.27160880458124553,0.18575518969219756
19,19,0,Independência,0.2664402759810263,0.26419433663935604
19,19,0,Ipanema,0.20723283945315296,0.20361224441104192
19,19,0,Jardim Botânico,0.2971802534727987,0.3223937867803051
19,19,0,Jardim Carvalho,0.2270700918079096,0.1981226459510358
19,19,0,Jardim do Salso,0.33325074331020815,0.43402708952758506
19,19,0,Jardim Leopoldina,0.24247279015359577,0.23547960533007833
19,19,0,Jardim Europa,0.2943602021814312,0.5176908752327747
19,19,0,Jardim Floresta,0.23642210576464984,0.37118204435974805
19,19,0,Jardim Isabel,0.279889638258737,0.41630901287553645
19,19,0,Jardim Itú,0.23447632147769698,0.20134931551712845
19,19,0,Jardim Lindóia,0.21195061344929336,0.23274835637003677
19,19,0,Jardim Sabará,0.21325495304037842,0.24688649710929825
19,19,0,Jardim São Pedro,0.30044112006137325,0.3924476835869241
19,19,0,Lageado,0.2419510624597553,0.1844458753666738
19,19,0,Lami,0.24678456591639872,0.28712635465047043
19,19,0,Lomba do Pinheiro,0.3340896891621529,0.12083800972689862
19,19,0,Mário Quintana,0.3262434352795799,0.211306765523633
19,19,0,Medianeira,0.22507130633200229,0.3362616467008937
19,19,0,Menino Deus,0.16978060399458067,0.13603717786227293
19,19,0,Moinhos de Vento,0.2701883733498031,0.22429810339946987
19,19,0,Mont'Serrat,0.2175203527815468,0.19877883310719133
19,19,0,Morro Santana,0.23817295865266344,0.24928249282492826
19,19,0,Navegantes,0.2531959300808766,0.34142099312983737
19,19,0,Nonoai,0.20447836720924348,0.22982204604874756
19,19,0,Parque Santa Fé,0.28602600641254006,0.3588053675335471
19,19,0,Partenon,0.20488412863638855,0.13944739677495938
19,19,0,Passo D'Areia,0.09236565687319227,0.21505048967372
19,19,0,Passo das Pedras,0.22319061671585055,0.2636256022941363
19,19,0,Pedra Redonda,0.4088130032806442,0.5934983596779004
19,19,0,Petrópolis,0.2165629860031104,0.15891221703818906
19,19,0,Pitinga,0.2563804104155889,0.29200436856929357
19,19,0,Ponta Grossa,0.2369960988296489,0.25068631700621297
19,19,0,Praia de Belas,0.2906362979031092,0.4366353338153772
19,19,0,Restinga,0.2875804868707662,0.192450391363669
19,19,0,Rio Branco,0.23748900131984163,0.2333186684264555
19,19,0,Rubem Berta,0.15677284676047626,0.22128756249677853
19,19,0,Santa Cecília,0.2613136798551849,0.29669856046892507
19,19,0,Santa Maria Goretti,0.2324091137543977,0.36455017590886246
19,19,0,Santa Rosa de Lima,0.22558887867355673,0.23521330670301915
19,19,0,Santa Tereza,0.22058332637903696,0.2348326796294751
19,19,0,Santana,0.18647528586121362,0.1520559824147458
19,19,0,Santo Antônio,0.19932274638019618,0.2572525818672479
19,19,0,São Caetano,0.32564750473783954,0.5413771320277954
19,19,0,São Geraldo,0.19896544368600683,0.17854095563139932
19,19,0,São João,0.21318944844124701,0.23719690913935518
19,19,0,São Sebastião,0.2132126348228043,0.3128531073446328
19,19,0,Sarandi,0.1944741986449937,0.05850270911996001
19,19,0,Serraria,0.23883520501436406,0.20309915556716288
19,19,0,Sétimo Céu,0.30244109040505157,0.5153241952872324
19,19,0,Teresópolis,0.2157315006590096,0.2117199104583778
19,19,0,Três Figueiras,0.30672609400324147,0.439642235428297
19,19,0,Tristeza,0.21607452918391878,0.1980766662214505
19,19,0,Vila Assunção,0.23035807404832262,0.26131293817718293
19,19,0,Vila Conceição,0.2809734513274336,0.45302583355680703
19,19,0,Vila Ipiranga,0.19935677770911747,0.21654214182723816
19,19,0,Vila Jardim,0.23050910336168026,0.28400205467724443
19,19,0,Vila João Pessoa,0.22340119070482042,0.2720269722382263
19,19,0,Vila Nova,0.21146179401993356,0.15343008684501952
19,19,0,São José,0.24382065723894808,0.22569796182989588
20,20,0,Aberta dos Morros,0.25357398141529663,0.30014636304843595
20,20,0,Agronomia,0.32023249377248825,0.4390626441553649
20,20,0,Anchieta,0.22744911407233856,0.4631229560208913
20,20,0,Arquipélago,0.25493485984998027,0.23897881300171075
20,20,0,Auxiliadora,0.26498572787821123,0.18236600063431652
20,20,0,Azenha,0.18540958049886622,0.2304421768707483
20,20,0,Bela Vista,0.21731582728070875,0.21071115013169447
20,20,0,Belém Novo,0.20981949145187886,0.2587289189736469
20,20,0,Belém Velho,0.22257204666615157,0.25589121532874914
20,20,0,Boa Vista,0.2096859032161106,0.3116922152088969
20,20,0,Boa Vista do Sul,0.2363711780042664,0.3642253298569961
20,20,0,Bom Fim,0.24788169464428458,0.2432720490274447
20,20,0,Bom Jesus,0.2554769230769231,0.19216410256410257
20,20,0,Camaquã,0.22653812554598776,0.18320229626856357
20,20,0,Campo Novo,0.2614048971231729,0.26732458182043883
20,20,0,Cascata,0.20905539564119133,0.2881591572186649
20,20,0,Cavalhada,0.2170338738292693,0.20987195885079288
20,20,0,Centro Histórico,0.1984666820382753,0.07926626188097251
20,20,0,Chácara das Pedras,0.27377601286820147,0.29208136456553063
20,20,0,Chapéu do Sol,0.25566006325953056,0.446701070972754
20,20,0,Cidade Baixa,0.3047222759821947,0.3145280949616154
20,20,0,Cel. Aparício Borges,0.22528487022578603,0.3044242807906028
20,20,0,Costa e Silva,0.2355303456466029,0.17921953455424297
20,20,0,Cristal,0.2539389686240775,0.028885769909901753
20,20,0,Cristo Redentor,0.18989970810568071,0.2109123568595165
20,20,0,Espírito Santo,0.24399207465166817,0.27397843964378543
20,20,0,Extrema,0.1985821660403143,0.2628402232092017
20,20,0,Farrapos,0.25610476565577,0.1326418975099558
20,20,0,Farroupilha,0.356839422259983,0.5703766638346077
20,20,0,Floresta,0.21470588235294116,0.27845485499589057
20,20,0,Glória,0.19980320742524818,0.17133681881376178
20,20,0,Guarujá,0.2853093618399741,0.23863513659432026
20,20,0,Higienópolis,0.24198221798840994,0.26704770977216796
20,20,0,Hípica,0.2706659362064767,0.13976138300462626
20,20,0,Humaitá,0.27021240150736553,0.20634920634920634
20,20,0,Independência,0.2711526348939744,0.27475680593463503
20,20,0,Ipanema,0.20968534906588004,0.17734412424677912
20,20,0,Jardim Botânico,0.2971802534727987,0.3223937867803051
20,20,0,Jardim Carvalho,0.22935038854448617,0.20323641549521232
20,20,0,Jardim do Salso,0.33441926345609063,0.4450110166824048
20,20,0,Jardim Leopoldina,0.24143732422659703,0.2408932636935851
20,20,0,Jardim Europa,0.2943602021814312,0.5176908752327747
20,20,0,Jardim Floresta,0.24502450616367147,0.39031635229466805
20,20,0,Jardim Isabel,0.2873006833712984,0.43413059984813973
20,20,0,Jardim Itú,0.2317159883524074,0.1855940046500079
20,20,0,Jardim Lindóia,0.20968682325503915,0.2012327169748459
20,20,0,Jardim Sabará,0.21620278330019882,0.24688649710929825
20,20,0,Jardim São Pedro,0.31329483140823705,0.41644304437444096
20,20,0,Lageado,0.23370340191485028,0.20900387044204521
20,20,0,Lami,0.246922024623803,0.3033515731874145
20,20,0,Lomba do Pinheiro,0.35067716616221206,0.09283674481437781
20,20,0,Mário Quintana,0.3283156911581569,0.20776255707762556
20,20,0,Medianeira,0.23022739877981144,0.3454242928452579
20,20,0,Menino Deus,0.1658872170258913,0.1180546141912551
20,20,0,Moinhos de Vento,0.27549617185757824,0.24073936420624892
20,20,0,Mont'Serrat,0.220436804517522,0.2084924984775508
20,20,0,Morro Santana,0.2331242818843355,0.24428699093578451
20,20,0,Navegantes,0.2579585649317837,0.35169277412834765
20,20,0,Nonoai,0.2028126844901746,0.22982204604874756
20,20,0,Parque Santa Fé,0.289161874891096,0.3655108323168961
20,20,0,Partenon,0.20543215559903327,0.112901369547704
20,20,0,Passo D'Areia,0.0927656583537252,0.20329393797400253
20,20,0,Passo das Pedras,0.22406761401528755,0.25328750491629476
20,20,0,Pedra Redonda,0.4134748820427422,0.5985752613562771
20,20,0,Petrópolis,0.2112804675566182,0.1462664098647362
20,20,0,Pitinga,0.25479418085633987,0.3074888411307654
20,20,0,Ponta Grossa,0.2340702210663199,0.25068631700621297
20,20,0,Praia de Belas,0.3016108654453569,0.465698041692988
20,20,0,Restinga,0.29822710785402323,0.1778238376062049
20,20,0,Rio Branco,0.23759339801494367,0.22727779636444742
20,20,0,Rubem Berta,0.15878305241997837,0.22128756249677853
20,20,0,Santa Cecília,0.27070682535827056,0.31916444012630557
20,20,0,Santa Maria Goretti,0.23416144074610065,0.37669507423487164
20,20,0,Santa Rosa de Lima,0.2248346275524878,0.23176642273564907
20,20,0,Santa Tereza,0.21882265609680943,0.23180854739161694
20,20,0,Santana,0.17997021357500476,0.12759574962502904
20,20,0,Santo Antônio,0.19690954382687217,0.2572525818672479
20,20,0,São Caetano,0.3296252927400468,0.5505464480874317
20,20,0,São Geraldo,0.1931613339342046,0.15104401382003907
20,20,0,São João,0.21457680250783698,0.24561128526645767
20,20,0,São Sebastião,0.21494854832782065,0.3291069459757442
20,20,0,Sarandi,0.19816512463571287,0.07371568155881882
20,20,0,Serraria,0.23880880121396056,0.21775417298937785
20,20,0,Sétimo Céu,0.3081209128519952,0.535522042795498
20,20,0,Teresópolis,0.21241683150512497,0.23217247097844113
20,20,0,Três Figueiras,0.31701197798640335,0.46260925865976044
20,20,0,Tristeza,0.21420462134366236,0.1980766662214505
20,20,0,Vila Assunção,0.24325337331334332,0.2781942362152257
20,20,0,Vila Conceição,0.2809734513274336,0.45302583355680703
20,20,0,Vila Ipiranga,0.20011849026067857,0.20353351444039844
20,20,0,Vila Jardim,0.2368764219521669,0.29461924051569466
20,20,0,Vila João Pessoa,0.224681518468728,0.2720269722382263
20,20,0,Vila Nova,0.21366794660815505,0.12996891570671054
20,20,0,São José,0.2440448827782189,0.21187680220652763
21,21,0,Aberta dos Morros,0.25357398141529663,0.30014636304843595
21,21,0,Agronomia,0.3135974620038365,0.4239830800255767
21,21,0,Anchieta,0.22744911407233856,0.4631229560208913
21,21,0,Arquipélago,0.2638794393795074,0.2244296276137343
21,21,0,Auxiliadora,0.26498572787821123,0.18236600063431652
21,21,0,Azenha,0.18935385043865757,0.23803555679338997
21,21,0,Bela Vista,0.209140410674204,0.19175880510987336
21,21,0,Belém Novo,0.20981949145187886,0.2587289189736469
21,21,0,Belém Velho,0.22257204666615157,0.25589121532874914
21,21,0,Boa Vista,0.2096859032161106,0.3116922152088969
21,21,0,Boa Vista do Sul,0.2394748755092802,0.3778481967707862
21,21,0,Bom Fim,0.24788169464428458,0.2432720490274447
21,21,0,Bom Jesus,0.249035175879397,0.20170184254606366
21,21,0,Camaquã,0.22653812554598776,0.18320229626856357
21,21,0,Campo Novo,0.2614048971231729,0.26732458182043883
21,21,0,Cascata,0.20905539564119133,0.2881591572186649
21,21,0,Cavalhada,0.2183161712594322,0.2051111018468337
21,21,0,Centro Histórico,0.19647291634331834,0.07356821356510942
21,21,0,Chácara das Pedras,0.27377601286820147,0.29208136456553063
21,21,0,Chapéu do Sol,0.25566006325953056,0.446701070972754
21,21,0,Cidade Baixa,0.3088194572641684,0.33077964432957974
21,21,0,Cel. Aparício Borges,0.22564477676636324,0.2946106054038434
21,21,0,Costa e Silva,0.23751532356926253,0.16349441899477385
21,21,0,Cristal,0.2535088513605288,0.028885769909901753
21,21,0,Cristo Redentor,0.190517844646606,0.19319389368374673
21,21,0,Espírito Santo,0.24399207465166817,0.27397843964378543
21,21,0,Extrema,0.1985821660403143,0.2628402232092017
21,21,0,Farrapos,0.25610476565577,0.1326418975099558
21,21,0,Farroupilha,0.35732357768052514,0.5736688548504741
21,21,0,Floresta,0.21231624238078164,0.2714951595553962
21,21,0,Glória,0.19895280488500827,0.18547052445357531
21,21,0,Guarujá,0.2853093618399741,0.23863513659432026
21,21,0,Higienópolis,0.24552424690589242,0.27482421317557926
21,21,0,Hípica,0.2706659362064767,0.13976138300462626
21,21,0,Humaitá,0.2688167337650971,0.19627749576988154
21,21,0,Independência,0.26617549302016397,0.25304675382229114
21,21,0,Ipanema,0.20968534906588004,0.17734412424677912
21,21,0,Jardim Botânico,0.29556933610191366,0.31756364928821296
21,21,0,Jardim Carvalho,0.22935038854448617,0.20323641549521232
21,21,0,Jardim do Salso,0.33657749077490773,0.4501230012300123
21,21,0,Jardim Leopoldina,0.24456202233980012,0.25132275132275134
21,21,0,Jardim Europa,0.2943602021814312,0.5176908752327747
21,21,0,Jardim Floresta,0.2507160246312473,0.4002100338918326
21,21,0,Jardim Isabel,0.2873006833712984,0.43413059984813973
21,21,0,Jardim Itú,0.2317159883524074,0.1855940046500079
21,21,0,Jardim Lindóia,0.20849992003838158,0.219841142918066
21,21,0,Jardim Sabará,0.21626676551863586,0.2539596953562041
21,21,0,Jardim São Pedro,0.31329483140823705,0.41644304437444096
21,21,0,Lageado,0.23370340191485028,0.20900387044204521
21,21,0,Lami,0.246922024623803,0.3033515731874145
21,21,0,Lomba do Pinheiro,0.35067716616221206,0.09283674481437781
21,21,0,Mário Quintana,0.3283156911581569,0.20776255707762556
21,21,0,Medianeira,0.23022739877981144,0.3454242928452579
21,21,0,Menino Deus,0.16654860381152597,0.11178648142223847
21,21,0,Moinhos de Vento,0.2791906881704736,0.24851005862463207
21,21,0,Mont'Serrat,0.21633310719131615,0.19877883310719133
21,21,0,Morro Santana,0.23251963288863658,0.24928249282492826
21,21,0,Navegantes,0.2579585649317837,0.35169277412834765
21,21,0,Nonoai,0.20269988315807044,0.23437934679797473
21,21,0,Parque Santa Fé,0.289161874891096,0.3655108323168961
21,21,0,Partenon,0.20543215559903327,0.112901369547704
21,21,0,Passo D'Areia,0.0927656583537252,0.20329393797400253
21,21,0,Passo das Pedras,0.22406761401528755,0.25328750491629476
21,21,0,Pedra Redonda,0.4134748820427422,0.5985752613562771
21,21,0,Petrópolis,0.20995178140905438,0.14190999196356818
21,21,0,Pitinga,0.25479418085633987,0.3074888411307654
21,21,0,Ponta Grossa,0.2340702210663199,0.25068631700621297
21,21,0,Praia de Belas,0.3046846295162278,0.4718513982445397
21,21,0,Restinga,0.2974991980654872,0.1778238376062049
21,21,0,Rio Branco,0.23815099810415968,0.22727779636444742
21,21,0,Rubem Berta,0.15924489472851036,0.2107118357870297
21,21,0,Santa Cecília,0.2742220650636492,0.3294043690083294
21,21,0,Santa Maria Goretti,0.2259622816509507,0.38790127273664143
21,21,0,Santa Rosa de Lima,0.2244634308721428,0.23521330670301915
21,21,0,Santa Tereza,0.21709226960416145,0.2348326796294751
21,21,0,Santana,0.17997021357500476,0.12759574962502904
21,21,0,Santo Antônio,0.19690954382687217,0.2572525818672479
21,21,0,São Caetano,0.3296252927400468,0.5505464480874317
21,21,0,São Geraldo,0.1931613339342046,0.15104401382003907
21,21,0,São João,0.21725595695618755,0.25370228029720726
21,21,0,São Sebastião,0.21363316936050597,0.3439330053876786
21,21,0,Sarandi,0.19884803283901367,0.0897676793956388
21,21,0,Serraria,0.23880880121396056,0.21775417298937785
21,21,0,Sétimo Céu,0.3148067058676342,0.543725760040035
21,21,0,Teresópolis,0.2137273682259161,0.21874806896125565
21,21,0,Três Figueiras,0.31830080913850545,0.4666560896927389
21,21,0,Tristeza,0.21310625949979273,0.1818893648381005
21,21,0,Vila Assunção,0.24325337331334332,0.2781942362152257
21,21,0,Vila Conceição,0.2809734513274336,0.45302583355680703
21,21,0,Vila Ipiranga,0.20011849026067857,0.20353351444039844
21,21,0,Vila Jardim,0.2368764219521669,0.29461924051569466
21,21,0,Vila João Pessoa,0.22639045036703923,0.2589775808478275
21,21,0,Vila Nova,0.21258380141329952,0.13483118922510118
21,21,0,São José,0.24472106085561046,0.20707518617058715
22,22,0,Aberta dos Morros,0.2419708810619848,0.3255896941797809
22,22,0,Agronomia,0.3220081135902637,0.4913229659679964
22,22,0,Anchieta,0.27597809076682317,0.5256129368805426
22,22,0,Arquipélago,0.24928534303534303,0.18425155925155925
22,22,0,Auxiliadora,0.2110057036433477,0.16428044853140883
22,22,0,Azenha,0.209958932238193,0.2454939539128451
22,22,0,Bela Vista,0.21670404554472528,0.2134621466977199
22,22,0,Belém Novo,0.2194918234570072,0.2708516499619014
22,22,0,Belém Velho,0.23597605079160974,0.2786037665086126
22,22,0,Boa Vista,0.2509719626168224,0.3317133956386293
22,22,0,Boa Vista do Sul,0.2574462890625,0.41552734375
22,22,0,Bom Fim,0.24699909561785743,0.24182630381758885
22,22,0,Bom Jesus,0.24020624495909668,0.17574989438107308
22,22,0,Camaquã,0.21323710831482853,0.17345176412533925
22,22,0,Campo Novo,0.2558420239474701,0.2893652632934209
22,22,0,Cascata,0.23733948272743716,0.31699523723397843
22,22,0,Cavalhada,0.20284351819145177,0.15406151471146173
22,22,0,Centro Histórico,0.1951967296882984,0.02963719979560552
22,22,0,Chácara das Pedras,0.27132172359901763,0.33497060355734165
22,22,0,Chapéu do Sol,0.2809734513274336,0.4500473089553069
22,22,0,Cidade Baixa,0.30491739508489313,0.3529357924122466
22,22,0,Cel. Aparício Borges,0.22517586922415103,0.2312195286536093
22,22,0,Costa e Silva,0.238088661787046,0.1791189062284215
22,22,0,Cristal,0.2485194970845481,0.02077259475218659
22,22,0,Cristo Redentor,0.21434108527131782,0.12516303679094376
22,22,0,Espírito Santo,0.2372211239762779,0.31394144780193917
22,22,0,Extrema,0.2472914409534128,0.3481401227880101
22,22,0,Farrapos,0.2615702479338843,0.128628946810765
22,22,0,Farroupilha,0.41244551330226964,0.6345508291998597
22,22,0,Floresta,0.22170513775130304,0.2818565400843882
22,22,0,Glória,0.21080113602745398,0.21655523341814095
22,22,0,Guarujá,0.243,0.30944444444444447
22,22,0,Higienópolis,0.24083438685208597,0.2890328697850822
22,22,0,Hípica,0.26519580973262685,0.1605051058732769
22,22,0,Humaitá,0.25286624203821656,0.20018198362147407
22,22,0,Independência,0.26042526837324526,0.29342141480869804
22,22,0,Ipanema,0.22175490044759993,0.1944744559345578
22,22,0,Jardim Botânico,0.280594967011152,0.34082637550845646
22,22,0,Jardim Carvalho,0.21709627859337657,0.18370888813019232
22,22,0,Jardim do Salso,0.3596359949792411,0.4771652022786521
22,22,0,Jardim Leopoldina,0.2385546267496112,0.2764061689994816
22,22,0,Jardim Europa,0.3434132543103448,0.5286458333333334
22,22,0,Jardim Floresta,0.28264911497843226,0.4475184689374783
22,22,0,Jardim Isabel,0.33157545360672663,0.480405172837685
22,22,0,Jardim Itú,0.2145940157071461,0.15019147140909975
22,22,0,Jardim Lindóia,0.19131384661744763,0.16855004771231982
22,22,0,Jardim Sabará,0.22552936476228524,0.2650597061304213
22,22,0,Jardim São Pedro,0.32837804425763384,0.44826307330943255
22,22,0,Lageado,0.24341110391013177,0.23547202419529056
22,22,0,Lami,0.2494661921708185,0.3265717674970344
22,22,0,Lomba do Pinheiro,0.33066326043357847,0.04824435743163658
22,22,0,Mário Quintana,0.31734117929626515,0.15655898482846964
22,22,0,Medianeira,0.2576968100673105,0.3738952297336845
22,22,0,Menino Deus,0.1548852543243706,0.06262487868927327
22,22,0,Moinhos de Vento,0.29102660172349193,0.267965530161109
22,22,0,Mont'Serrat,0.2434327298544551,0.2222222222222222
22,22,0,Morro Santana,0.2379059137225026,0.25521378916293685
22,22,0,Navegantes,0.273739701159056,0.39743052646278454
22,22,0,Nonoai,0.21506120053655264,0.19654035323049407
22,22,0,Parque Santa Fé,0.299305428623652,0.40699445561445197
22,22,0,Partenon,0.19848560770558432,0.06903847224542063
22,22,0,Passo D'Areia,0.06973234051116925,0.17401220902931508
22,22,0,Passo das Pedras,0.22616946160635482,0.2757060900264784
22,22,0,Pedra Redonda,0.42460549386323787,0.6312098188194039
22,22,0,Petrópolis,0.19150546124490064,0.1167916831161995
22,22,0,Pitinga,0.26251726519337015,0.3319521178637201
22,22,0,Ponta Grossa,0.23046917034326914,0.24843071846192474
22,22,0,Praia de Belas,0.34349925200598397,0.5284011061244843
22,22,0,Restinga,0.29185052719587534,0.11270069828293619
22,22,0,Rio Branco,0.24253070709306185,0.23429604219689426
22,22,0,Rubem Berta,0.18647580489685753,0.19163292847503374
22,22,0,Santa Cecília,0.297846304454234,0.3520965899820525
22,22,0,Santa Maria Goretti,0.23259518259518258,0.4236208236208236
22,22,0,Santa Rosa de Lima,0.2117183022112281,0.19151910062646435
22,22,0,Santa Tereza,0.21812646812646813,0.19035019035019035
22,22,0,Santana,0.18082011392172476,0.10093709805843082
22,22,0,Santo Antônio,0.20214375322854403,0.23378348461368165
22,22,0,São Caetano,0.3467983243566726,0.5659285856772391
22,22,0,São Geraldo,0.1900550068758595,0.1831062216110347
22,22,0,São João,0.2166068502769759,0.24155418584692206
22,22,0,São Sebastião,0.22606461086637297,0.36045031815956924
22,22,0,Sarandi,0.166313646177813,0.0848706806235025
22,22,0,Serraria,0.22335559750254103,0.26291079812206575
22,22,0,Sétimo Céu,0.34865501008742433,0.5871329298363596
22,22,0,Teresópolis,0.2206423827996581,0.2356061104170776
22,22,0,Três Figueiras,0.3312152836222858,0.5139987656399035
22,22,0,Tristeza,0.2067671714440238,0.1636470164052641
22,22,0,Vila Assunção,0.23982348703170028,0.31207973102785785
22,22,0,Vila Conceição,0.3452930984695351,0.49321397632110886
22,22,0,Vila Ipiranga,0.20894032285280387,0.19888632656504865
22,22,0,Vila Jardim,0.2637415763258131,0.32217990038089656
22,22,0,Vila João Pessoa,0.21984586390253752,0.27542572524735814
22,22,0,Vila Nova,0.20752583385430073,0.13442184876009758
22,22,0,São José,0.2465194331648297,0.1767906963896025
23,23,0,Aberta dos Morros,0.24496433067561896,0.22100993145894532
23,23,0,Agronomia,0.2294079794079794,0.22165022165022166
23,23,0,Anchieta,0.28829051383399207,0.22134387351778656
23,23,0,Arquipélago,0.2430372148859544,0.22096838735494198
23,23,0,Auxiliadora,0.24834761953939893,0.22093703741953252
23,23,0,Azenha,0.19538921303543474,0.2288316493524975
23,23,0,Bela Vista,0.24957580385170103,0.22092135403410537
23,23,0,Belém Novo,0.21475247524752475,0.22092409240924094
23,23,0,Belém Velho,0.24644670050761422,0.22101215197661897
23,23,0,Boa Vista,0.2193925897848953,0.24214283458100383
23,23,0,Boa Vista do Sul,0.23722390645300995,0.22116356286992928
23,23,0,Bom Fim,0.224079185715518,0.2209379223094396
23,23,0,Bom Jesus,0.23022667829119442,0.22091252542865447
23,23,0,Camaquã,0.21476753261233136,0.22090905712268183
23,23,0,Campo Novo,0.25079853981291356,0.22092934823940985
23,23,0,Cascata,0.2523438100361177,0.22095852865083634
23,23,0,Cavalhada,0.21354040070835792,0.2131555493825017
23,23,0,Centro Histórico,0.2507068681883611,0.21804098978682568
23,23,0,Chácara das Pedras,0.2260046256143394,0.23715910185988243
23,23,0,Chapéu do Sol,0.25720906282183315,0.22130678567341802
23,23,0,Cidade Baixa,0.260989010989011,0.22090729783037474
23,23,0,Cel. Aparício Borges,0.2372558669636844,0.22093284290870158
23,23,0,Costa e Silva,0.2730084585279636,0.2209737827715356
23,23,0,Cristal,0.22004319789645027,0.22091445981760888
23,23,0,Cristo Redentor,0.21942301758716445,0.2140491617813432
23,23,0,Espírito Santo,0.21459150909739566,0.22107266024497563
23,23,0,Extrema,0.22602221100454317,0.22143698468786807
23,23,0,Farrapos,0.24489097229537554,0.22089961023912358
23,23,0,Farroupilha,0.2515608740894901,0.22199098161637185
23,23,0,Floresta,0.1871334943083822,0.2209957456594228
23,23,0,Glória,0.19413195054784085,0.22093318489873245
23,23,0,Guarujá,0.2471497478623109,0.196740480888694
23,23,0,Higienópolis,0.22694290624403285,0.21036216663484184
23,23,0,Hípica,0.2941137034057388,0.22093501385536785
23,23,0,Humaitá,0.27260476438880193,0.22094708166695648
23,23,0,Independência,0.22735717603344172,0.2467874283944883
23,23,0,Ipanema,0.22366695804195805,0.22095959595959597
23,23,0,Jardim Botânico,0.2196110534302372,0.22096211697681228
23,23,0,Jardim Carvalho,0.23350970719287079,0.2164491831105453
23,23,0,Jardim do Salso,0.23683314415437004,0.22111237230419978
23,23,0,Jardim Leopoldina,0.24525421847246892,0.2209517465956187
23,23,0,Jardim Europa,0.25021748586341885,0.22096563723357981
23,23,0,Jardim Floresta,0.1982915028726943,0.2211470617881262
23,23,0,Jardim Isabel,0.25458553791887123,0.22128159905937683
23,23,0,Jardim Itú,0.2328600235254579,0.2209525943352191
23,23,0,Jardim Lindóia,0.23382679013955915,0.23546802312942916
23,23,0,Jardim Sabará,0.18717664449371765,0.2208918452820892
23,23,0,Jardim São Pedro,0.2196244013108142,0.22132593899672295
23,23,0,Lageado,0.2520080321285141,0.2447685478757134
23,23,0,Lami,0.2574609466076008,0.22103054325017488
23,23,0,Lomba do Pinheiro,0.2556206731098773,0.22280485297141683
23,23,0,Mário Quintana,0.28339804806380525,0.2209046069891909
23,23,0,Medianeira,0.17715851376637262,0.22097478392586653
23,23,0,Menino Deus,0.22832543443917852,0.22091627172195893
23,23,0,Moinhos de Vento,0.2445666124754,0.21140298337183766
23,23,0,Mont'Serrat,0.24279102883588466,0.2209564495075353
23,23,0,Morro Santana,0.23842616783362944,0.2151391646636709
23,23,0,Navegantes,0.1884099838225098,0.22109236576534935
23,23,0,Nonoai,0.21595786963434022,0.220906200317965
23,23,0,Parque Santa Fé,0.24835319949811793,0.22103722291928063
23,23,0,Partenon,0.2018376245847176,0.22090254706533777
23,23,0,Passo D'Areia,0.06554989075018208,0.2209274095654285
23,23,0,Passo das Pedras,0.23022261350773487,0.22097849327128663
23,23,0,Pedra Redonda,0.30656934306569344,0.22384428223844283
23,23,0,Petrópolis,0.24279923191807126,0.22091245288386316
23,23,0,Pitinga,0.2559756627553238,0.24540055048529624
23,23,0,Ponta Grossa,0.26410227012153176,0.22105021783994497
23,23,0,Praia de Belas,0.18906181499342395,0.2209557211749233
23,23,0,Restinga,0.23973985198474995,0.22088908823602701
23,23,0,Rio Branco,0.2320322897980441,0.21445518199178287
23,23,0,Rubem Berta,0.17132477086348288,0.220935841775205
23,23,0,Santa Cecília,0.23231622746185854,0.22098936662043459
23,23,0,Santa Maria Goretti,0.32252778569392987,0.22095563788353756
23,23,0,Santa Rosa de Lima,0.23587722525684204,0.22088887631015386
23,23,0,Santa Tereza,0.22497283775930466,0.22091955765554067
23,23,0,Santana,0.22126381315446605,0.2209461307082308
23,23,0,Santo Antônio,0.19928196945520857,0.22095585441835727
23,23,0,São Caetano,0.25726552179656537,0.22192866578599735
23,23,0,São Geraldo,0.21457781361594286,0.2210958798909496
23,23,0,São João,0.22206772452151152,0.2210044168166203
23,23,0,São Sebastião,0.2270622595811369,0.2210191385287553
23,23,0,Sarandi,0.21863558907391473,0.21713822948828262
23,23,0,Serraria,0.20744510338195224,0.22097558369396805
23,23,0,Sétimo Céu,0.24887133182844243,0.2217205919237522
23,23,0,Teresópolis,0.228204185331283,0.22834347351295936
23,23,0,Três Figueiras,0.18034398034398033,0.22096642096642097
23,23,0,Tristeza,0.21962616822429906,0.22090422557712278
23,23,0,Vila Assunção,0.20778632865550023,0.22106533876565565
23,23,0,Vila Conceição,0.2493746091307067,0.29101521784448614
23,23,0,Vila Ipiranga,0.21086153511869193,0.2148948883698191
23,23,0,Vila Jardim,0.21493289862764425,0.22094169383577222
23,23,0,Vila João Pessoa,0.217487155892953,0.22094420162053013
23,23,0,Vila Nova,0.2038174874495673,0.22090814828503086
23,23,0,São José,0.2504855819512924,0.22506100901439316
