Frame;Hour;Day;Region;Total;Locals;Outsiders;dTotals;dLocals;dOutsiders
0;0;0;Aberta dos Morros;7149;7149;0;0;0;0
0;0;0;Agronomia;2331;2331;0;0;0;0
0;0;0;Anchieta;2274;2024;250;250;0;250
0;0;0;Arquipélago;8080;8080;0;-250;-250;0
0;0;0;Auxiliadora;9683;9683;0;0;0;0
0;0;0;Azenha;14054;13804;250;250;0;250
0;0;0;Bela Vista;12037;11787;250;250;0;250
0;0;0;Belém Novo;10100;10100;0;0;0;0
0;0;0;Belém Velho;10585;10585;0;-250;-250;0
0;0;0;Boa Vista;10303;10053;250;250;0;250
0;0;0;Boa Vista do Sul;2309;2309;0;0;0;0
0;0;0;Bom Fim;11343;11343;0;-250;-250;0
0;0;0;Bom Jesus;28425;28425;0;-250;-250;0
0;0;0;Camaquã;18188;17938;250;250;0;250
0;0;0;Campo Novo;8766;8766;0;0;0;0
0;0;0;Cascata;12763;12763;0;-250;-250;0
0;0;0;Cavalhada;29299;29049;250;0;-250;250
0;0;0;Centro Histórico;39154;38904;250;0;-250;250
0;0;0;Chácara das Pedras;6918;6668;250;250;0;250
0;0;0;Chapéu do Sol;2913;2913;0;0;0;0
0;0;0;Cidade Baixa;15129;15129;0;-250;-250;0
0;0;0;Cel. Aparício Borges;19053;19053;0;-250;-250;0
0;0;0;Costa e Silva;16092;15842;250;250;0;250
0;0;0;Cristal;31196;31196;0;-750;-750;0
0;0;0;Cristo Redentor;16455;16455;0;0;0;0
0;0;0;Espírito Santo;5606;5606;0;0;0;0
0;0;0;Extrema;1981;1981;0;0;0;0
0;0;0;Farrapos;18986;18986;0;0;0;0
0;0;0;Farroupilha;1211;961;250;250;0;250
0;0;0;Floresta;11846;11596;250;250;0;250
0;0;0;Glória;16817;16817;0;-250;-250;0
0;0;0;Guarujá;4811;4811;0;0;0;0
0;0;0;Higienópolis;10974;10724;250;250;0;250
0;0;0;Hípica;18645;18645;0;0;0;0
0;0;0;Humaitá;11252;11252;0;-250;-250;0
0;0;0;Independência;7862;7612;250;-250;-500;250
0;0;0;Ipanema;13728;13728;0;0;0;0
0;0;0;Jardim Botânico;12521;12521;0;0;0;0
0;0;0;Jardim Carvalho;25886;25386;500;500;0;500
0;0;0;Jardim do Salso;4655;4405;250;250;0;250
0;0;0;Jardim Leopoldina;18016;17766;250;0;-250;250
0;0;0;Jardim Europa;2299;2299;0;0;0;0
0;0;0;Jardim Floresta;3307;3307;0;0;0;0
0;0;0;Jardim Isabel;3085;2835;250;250;0;250
0;0;0;Jardim Itú;17853;17853;0;0;0;0
0;0;0;Jardim Lindóia;7167;7167;0;-250;-250;0
0;0;0;Jardim Sabará;13280;13030;250;-250;-500;250
0;0;0;Jardim São Pedro;3967;3967;0;0;0;0
0;0;0;Lageado;4481;4481;0;0;0;0
0;0;0;Lami;4289;4289;0;0;0;0
0;0;0;Lomba do Pinheiro;57856;57856;0;-250;-250;0
0;0;0;Mário Quintana;38116;37866;250;0;-250;250
0;0;0;Medianeira;11223;11223;0;0;0;0
0;0;0;Menino Deus;30900;30900;0;-750;-750;0
0;0;0;Moinhos de Vento;12187;11937;250;250;0;250
0;0;0;Mont'Serrat;11236;11236;0;0;0;0
0;0;0;Morro Santana;19388;19388;0;0;0;0
0;0;0;Navegantes;4327;4327;0;0;0;0
0;0;0;Nonoai;24910;24910;0;-250;-250;0
0;0;0;Parque Santa Fé;6376;6376;0;0;0;0
0;0;0;Partenon;48160;47910;250;0;-250;250
0;0;0;Passo D'Areia;21218;21218;0;-750;-750;0
0;0;0;Passo das Pedras;16652;15902;750;750;0;750
0;0;0;Pedra Redonda;274;274;0;0;0;0
0;0;0;Petrópolis;37496;37246;250;0;-250;250
0;0;0;Pitinga;4352;4352;0;0;0;0
0;0;0;Ponta Grossa;8472;8472;0;-250;-250;0
0;0;0;Praia de Belas;2281;2281;0;0;0;0
0;0;0;Restinga;53758;53258;500;250;-250;500
0;0;0;Rio Branco;17531;17531;0;0;0;0
0;0;0;Rubem Berta;33168;33168;0;0;0;0
0;0;0;Santa Cecília;6018;5768;250;250;0;250
0;0;0;Santa Maria Goretti;3759;3509;250;250;0;250
0;0;0;Santa Rosa de Lima;35333;35333;0;0;0;0
0;0;0;Santa Tereza;39827;39577;250;250;0;250
0;0;0;Santana;21223;20473;750;500;-250;750
0;0;0;Santo Antônio;12911;12911;0;-250;-250;0
0;0;0;São Caetano;757;757;0;0;0;0
0;0;0;São Geraldo;8681;8681;0;0;0;0
0;0;0;São João;11976;11976;0;-250;-250;0
0;0;0;São Sebastião;7269;7019;250;250;0;250
0;0;0;Sarandi;59521;59521;0;-250;-250;0
0;0;0;Serraria;6239;6239;0;0;0;0
0;0;0;Sétimo Céu;1329;1329;0;0;0;0
0;0;0;Teresópolis;14707;14707;0;0;0;0
0;0;0;Três Figueiras;4320;4070;250;250;0;250
0;0;0;Tristeza;16692;16442;250;0;-250;250
0;0;0;Vila Assunção;4418;4418;0;0;0;0
0;0;0;Vila Conceição;1349;1349;0;0;0;0
0;0;0;Vila Ipiranga;18409;18409;0;-250;-250;0
0;0;0;Vila Jardim;13189;13189;0;0;0;0
0;0;0;Vila João Pessoa;13541;13041;500;500;0;500
0;0;0;Vila Nova;32469;32469;0;0;0;0
0;0;0;São José;26522;26272;250;0;-250;250
1;1;0;Aberta dos Morros;7149;7149;0;0;0;0
1;1;0;Agronomia;2331;2331;0;0;0;0
1;1;0;Anchieta;2274;2024;250;0;0;0
1;1;0;Arquipélago;8330;8080;250;250;0;250
1;1;0;Auxiliadora;9933;9683;250;250;0;250
1;1;0;Azenha;14304;13804;500;250;0;250
1;1;0;Bela Vista;12037;11787;250;0;0;0
1;1;0;Belém Novo;10100;10100;0;0;0;0
1;1;0;Belém Velho;10835;10585;250;250;0;250
1;1;0;Boa Vista;10053;9803;250;-250;-250;0
1;1;0;Boa Vista do Sul;2059;2059;0;-250;-250;0
1;1;0;Bom Fim;11593;11093;500;250;-250;500
1;1;0;Bom Jesus;28425;28425;0;0;0;0
1;1;0;Camaquã;18188;17938;250;0;0;0
1;1;0;Campo Novo;8766;8766;0;0;0;0
1;1;0;Cascata;13013;12513;500;250;-250;500
1;1;0;Cavalhada;29049;28799;250;-250;-250;0
1;1;0;Centro Histórico;39154;38904;250;0;0;0
1;1;0;Chácara das Pedras;7168;6668;500;250;0;250
1;1;0;Chapéu do Sol;2913;2913;0;0;0;0
1;1;0;Cidade Baixa;15379;15129;250;250;0;250
1;1;0;Cel. Aparício Borges;18803;18803;0;-250;-250;0
1;1;0;Costa e Silva;15842;15592;250;-250;-250;0
1;1;0;Cristal;30696;30696;0;-500;-500;0
1;1;0;Cristo Redentor;15955;15955;0;-500;-500;0
1;1;0;Espírito Santo;5606;5606;0;0;0;0
1;1;0;Extrema;2231;1981;250;250;0;250
1;1;0;Farrapos;18986;18986;0;0;0;0
1;1;0;Farroupilha;1211;961;250;0;0;0
1;1;0;Floresta;11846;11596;250;0;0;0
1;1;0;Glória;17317;16817;500;500;0;500
1;1;0;Guarujá;4811;4811;0;0;0;0
1;1;0;Higienópolis;10974;10474;500;0;-250;250
1;1;0;Hípica;18645;18645;0;0;0;0
1;1;0;Humaitá;11252;11252;0;0;0;0
1;1;0;Independência;8112;7612;500;250;0;250
1;1;0;Ipanema;13478;13478;0;-250;-250;0
1;1;0;Jardim Botânico;12771;12521;250;250;0;250
1;1;0;Jardim Carvalho;25886;25136;750;0;-250;250
1;1;0;Jardim do Salso;4655;4405;250;0;0;0
1;1;0;Jardim Leopoldina;18016;17766;250;0;0;0
1;1;0;Jardim Europa;2299;2299;0;0;0;0
1;1;0;Jardim Floresta;3557;3057;500;250;-250;500
1;1;0;Jardim Isabel;3585;2835;750;500;0;500
1;1;0;Jardim Itú;17853;17853;0;0;0;0
1;1;0;Jardim Lindóia;7167;6917;250;0;-250;250
1;1;0;Jardim Sabará;12780;12530;250;-500;-500;0
1;1;0;Jardim São Pedro;4217;3967;250;250;0;250
1;1;0;Lageado;4481;4481;0;0;0;0
1;1;0;Lami;4289;4289;0;0;0;0
1;1;0;Lomba do Pinheiro;57106;57106;0;-750;-750;0
1;1;0;Mário Quintana;38116;37866;250;0;0;0
1;1;0;Medianeira;10973;10973;0;-250;-250;0
1;1;0;Menino Deus;30900;30650;250;0;-250;250
1;1;0;Moinhos de Vento;11687;11437;250;-500;-500;0
1;1;0;Mont'Serrat;11736;11236;500;500;0;500
1;1;0;Morro Santana;19388;19138;250;0;-250;250
1;1;0;Navegantes;4327;4077;250;0;-250;250
1;1;0;Nonoai;24410;24410;0;-500;-500;0
1;1;0;Parque Santa Fé;6626;6126;500;250;-250;500
1;1;0;Partenon;48160;47910;250;0;0;0
1;1;0;Passo D'Areia;20968;20968;0;-250;-250;0
1;1;0;Passo das Pedras;16652;15902;750;0;0;0
1;1;0;Pedra Redonda;274;274;0;0;0;0
1;1;0;Petrópolis;37496;37246;250;0;0;0
1;1;0;Pitinga;4602;4352;250;250;0;250
1;1;0;Ponta Grossa;8472;8472;0;0;0;0
1;1;0;Praia de Belas;2281;2281;0;0;0;0
1;1;0;Restinga;53758;53258;500;0;0;0
1;1;0;Rio Branco;17531;17531;0;0;0;0
1;1;0;Rubem Berta;33168;33168;0;0;0;0
1;1;0;Santa Cecília;5768;5518;250;-250;-250;0
1;1;0;Santa Maria Goretti;3759;3509;250;0;0;0
1;1;0;Santa Rosa de Lima;34833;34833;0;-500;-500;0
1;1;0;Santa Tereza;39577;39327;250;-250;-250;0
1;1;0;Santana;21223;20473;750;0;0;0
1;1;0;Santo Antônio;13411;12911;500;500;0;500
1;1;0;São Caetano;757;757;0;0;0;0
1;1;0;São Geraldo;8681;8681;0;0;0;0
1;1;0;São João;11976;11976;0;0;0;0
1;1;0;São Sebastião;7519;7019;500;250;0;250
1;1;0;Sarandi;59521;59521;0;0;0;0
1;1;0;Serraria;6239;6239;0;0;0;0
1;1;0;Sétimo Céu;1329;1329;0;0;0;0
1;1;0;Teresópolis;14707;14707;0;0;0;0
1;1;0;Três Figueiras;4320;4070;250;0;0;0
1;1;0;Tristeza;16192;15942;250;-500;-500;0
1;1;0;Vila Assunção;4918;4418;500;500;0;500
1;1;0;Vila Conceição;1599;1349;250;250;0;250
1;1;0;Vila Ipiranga;18409;18409;0;0;0;0
1;1;0;Vila Jardim;13439;13189;250;250;0;250
1;1;0;Vila João Pessoa;13291;12791;500;-250;-250;0
1;1;0;Vila Nova;32219;31969;250;-250;-500;250
1;1;0;São José;26772;26272;500;250;0;250
2;2;0;Aberta dos Morros;7149;7149;0;0;0;0
2;2;0;Agronomia;2331;2331;0;0;0;0
2;2;0;Anchieta;2774;2024;750;500;0;500
2;2;0;Arquipélago;8330;8080;250;0;0;0
2;2;0;Auxiliadora;9933;9683;250;0;0;0
2;2;0;Azenha;14554;13804;750;250;0;250
2;2;0;Bela Vista;12037;11787;250;0;0;0
2;2;0;Belém Novo;10100;10100;0;0;0;0
2;2;0;Belém Velho;10835;10585;250;0;0;0
2;2;0;Boa Vista;10553;9803;750;500;0;500
2;2;0;Boa Vista do Sul;2059;2059;0;0;0;0
2;2;0;Bom Fim;11593;11093;500;0;0;0
2;2;0;Bom Jesus;28425;28425;0;0;0;0
2;2;0;Camaquã;17688;17438;250;-500;-500;0
2;2;0;Campo Novo;8766;8766;0;0;0;0
2;2;0;Cascata;12763;12263;500;-250;-250;0
2;2;0;Cavalhada;29049;28799;250;0;0;0
2;2;0;Centro Histórico;38654;38404;250;-500;-500;0
2;2;0;Chácara das Pedras;7168;6668;500;0;0;0
2;2;0;Chapéu do Sol;2913;2663;250;0;-250;250
2;2;0;Cidade Baixa;15379;15129;250;0;0;0
2;2;0;Cel. Aparício Borges;18553;18553;0;-250;-250;0
2;2;0;Costa e Silva;15842;15592;250;0;0;0
2;2;0;Cristal;30446;30446;0;-250;-250;0
2;2;0;Cristo Redentor;15955;15955;0;0;0;0
2;2;0;Espírito Santo;5606;5606;0;0;0;0
2;2;0;Extrema;2231;1981;250;0;0;0
2;2;0;Farrapos;18986;18986;0;0;0;0
2;2;0;Farroupilha;1211;961;250;0;0;0
2;2;0;Floresta;11846;11596;250;0;0;0
2;2;0;Glória;17317;16817;500;0;0;0
2;2;0;Guarujá;5061;4811;250;250;0;250
2;2;0;Higienópolis;10724;10224;500;-250;-250;0
2;2;0;Hípica;18645;18395;250;0;-250;250
2;2;0;Humaitá;11252;11252;0;0;0;0
2;2;0;Independência;8112;7612;500;0;0;0
2;2;0;Ipanema;13478;13478;0;0;0;0
2;2;0;Jardim Botânico;12771;12521;250;0;0;0
2;2;0;Jardim Carvalho;25636;24886;750;-250;-250;0
2;2;0;Jardim do Salso;4655;4405;250;0;0;0
2;2;0;Jardim Leopoldina;18016;17516;500;0;-250;250
2;2;0;Jardim Europa;2549;2299;250;250;0;250
2;2;0;Jardim Floresta;4057;3057;1000;500;0;500
2;2;0;Jardim Isabel;3585;2835;750;0;0;0
2;2;0;Jardim Itú;17853;17853;0;0;0;0
2;2;0;Jardim Lindóia;6917;6667;250;-250;-250;0
2;2;0;Jardim Sabará;12780;12530;250;0;0;0
2;2;0;Jardim São Pedro;4217;3967;250;0;0;0
2;2;0;Lageado;4481;4481;0;0;0;0
2;2;0;Lami;4539;4289;250;250;0;250
2;2;0;Lomba do Pinheiro;57356;57106;250;250;0;250
2;2;0;Mário Quintana;38116;37866;250;0;0;0
2;2;0;Medianeira;11473;10973;500;500;0;500
2;2;0;Menino Deus;30650;30400;250;-250;-250;0
2;2;0;Moinhos de Vento;11687;11437;250;0;0;0
2;2;0;Mont'Serrat;11736;11236;500;0;0;0
2;2;0;Morro Santana;19388;19138;250;0;0;0
2;2;0;Navegantes;4327;4077;250;0;0;0
2;2;0;Nonoai;24410;24160;250;0;-250;250
2;2;0;Parque Santa Fé;6876;6126;750;250;0;250
2;2;0;Partenon;48160;47660;500;0;-250;250
2;2;0;Passo D'Areia;21218;20968;250;250;0;250
2;2;0;Passo das Pedras;16402;15652;750;-250;-250;0
2;2;0;Pedra Redonda;274;274;0;0;0;0
2;2;0;Petrópolis;37246;36996;250;-250;-250;0
2;2;0;Pitinga;4352;4102;250;-250;-250;0
2;2;0;Ponta Grossa;8472;8472;0;0;0;0
2;2;0;Praia de Belas;2281;2281;0;0;0;0
2;2;0;Restinga;53508;53008;500;-250;-250;0
2;2;0;Rio Branco;17781;17531;250;250;0;250
2;2;0;Rubem Berta;32918;32918;0;-250;-250;0
2;2;0;Santa Cecília;6018;5518;500;250;0;250
2;2;0;Santa Maria Goretti;3759;3259;500;0;-250;250
2;2;0;Santa Rosa de Lima;34833;34833;0;0;0;0
2;2;0;Santa Tereza;39577;39077;500;0;-250;250
2;2;0;Santana;21223;20473;750;0;0;0
2;2;0;Santo Antônio;13161;12661;500;-250;-250;0
2;2;0;São Caetano;757;757;0;0;0;0
2;2;0;São Geraldo;8681;8681;0;0;0;0
2;2;0;São João;11976;11976;0;0;0;0
2;2;0;São Sebastião;7519;7019;500;0;0;0
2;2;0;Sarandi;58771;58771;0;-750;-750;0
2;2;0;Serraria;5989;5989;0;-250;-250;0
2;2;0;Sétimo Céu;1329;1329;0;0;0;0
2;2;0;Teresópolis;14707;14707;0;0;0;0
2;2;0;Três Figueiras;4570;4070;500;250;0;250
2;2;0;Tristeza;15942;15692;250;-250;-250;0
2;2;0;Vila Assunção;5168;4418;750;250;0;250
2;2;0;Vila Conceição;1599;1349;250;0;0;0
2;2;0;Vila Ipiranga;18659;18409;250;250;0;250
2;2;0;Vila Jardim;13439;13189;250;0;0;0
2;2;0;Vila João Pessoa;13791;12791;1000;500;0;500
2;2;0;Vila Nova;32219;31719;500;0;-250;250
2;2;0;São José;26772;26272;500;0;0;0
3;3;0;Aberta dos Morros;7399;7149;250;250;0;250
3;3;0;Agronomia;2331;2331;0;0;0;0
3;3;0;Anchieta;2774;2024;750;0;0;0
3;3;0;Arquipélago;8330;8080;250;0;0;0
3;3;0;Auxiliadora;9933;9683;250;0;0;0
3;3;0;Azenha;14804;13804;1000;250;0;250
3;3;0;Bela Vista;11787;11537;250;-250;-250;0
3;3;0;Belém Novo;10600;10100;500;500;0;500
3;3;0;Belém Velho;11085;10585;500;250;0;250
3;3;0;Boa Vista;10553;9803;750;0;0;0
3;3;0;Boa Vista do Sul;2059;2059;0;0;0;0
3;3;0;Bom Fim;11593;11093;500;0;0;0
3;3;0;Bom Jesus;28425;28425;0;0;0;0
3;3;0;Camaquã;17938;17438;500;250;0;250
3;3;0;Campo Novo;8516;8516;0;-250;-250;0
3;3;0;Cascata;12763;12263;500;0;0;0
3;3;0;Cavalhada;29049;28799;250;0;0;0
3;3;0;Centro Histórico;38654;38404;250;0;0;0
3;3;0;Chácara das Pedras;7168;6668;500;0;0;0
3;3;0;Chapéu do Sol;2913;2663;250;0;0;0
3;3;0;Cidade Baixa;15629;15129;500;250;0;250
3;3;0;Cel. Aparício Borges;18553;18303;250;0;-250;250
3;3;0;Costa e Silva;15592;15342;250;-250;-250;0
3;3;0;Cristal;30196;30196;0;-250;-250;0
3;3;0;Cristo Redentor;15955;15955;0;0;0;0
3;3;0;Espírito Santo;5606;5606;0;0;0;0
3;3;0;Extrema;2231;1981;250;0;0;0
3;3;0;Farrapos;18986;18986;0;0;0;0
3;3;0;Farroupilha;1211;961;250;0;0;0
3;3;0;Floresta;11846;11596;250;0;0;0
3;3;0;Glória;17067;16567;500;-250;-250;0
3;3;0;Guarujá;5061;4811;250;0;0;0
3;3;0;Higienópolis;10724;10224;500;0;0;0
3;3;0;Hípica;18645;18395;250;0;0;0
3;3;0;Humaitá;11252;11252;0;0;0;0
3;3;0;Independência;8112;7612;500;0;0;0
3;3;0;Ipanema;13478;13228;250;0;-250;250
3;3;0;Jardim Botânico;12771;12521;250;0;0;0
3;3;0;Jardim Carvalho;25386;24636;750;-250;-250;0
3;3;0;Jardim do Salso;4655;4405;250;0;0;0
3;3;0;Jardim Leopoldina;18016;17516;500;0;0;0
3;3;0;Jardim Europa;2799;2299;500;250;0;250
3;3;0;Jardim Floresta;4307;3057;1250;250;0;250
3;3;0;Jardim Isabel;3585;2835;750;0;0;0
3;3;0;Jardim Itú;17603;17603;0;-250;-250;0
3;3;0;Jardim Lindóia;6917;6417;500;0;-250;250
3;3;0;Jardim Sabará;12780;12530;250;0;0;0
3;3;0;Jardim São Pedro;3967;3717;250;-250;-250;0
3;3;0;Lageado;4481;4481;0;0;0;0
3;3;0;Lami;4539;4289;250;0;0;0
3;3;0;Lomba do Pinheiro;57606;57106;500;250;0;250
3;3;0;Mário Quintana;38116;37866;250;0;0;0
3;3;0;Medianeira;11723;10973;750;250;0;250
3;3;0;Menino Deus;30400;30150;250;-250;-250;0
3;3;0;Moinhos de Vento;11937;11437;500;250;0;250
3;3;0;Mont'Serrat;11736;11236;500;0;0;0
3;3;0;Morro Santana;19388;19138;250;0;0;0
3;3;0;Navegantes;4327;4077;250;0;0;0
3;3;0;Nonoai;24160;23910;250;-250;-250;0
3;3;0;Parque Santa Fé;7126;6126;1000;250;0;250
3;3;0;Partenon;48160;47660;500;0;0;0
3;3;0;Passo D'Areia;21218;20968;250;0;0;0
3;3;0;Passo das Pedras;16902;15652;1250;500;0;500
3;3;0;Pedra Redonda;524;274;250;250;0;250
3;3;0;Petrópolis;36496;36246;250;-750;-750;0
3;3;0;Pitinga;4352;4102;250;0;0;0
3;3;0;Ponta Grossa;8472;8472;0;0;0;0
3;3;0;Praia de Belas;2781;2281;500;500;0;500
3;3;0;Restinga;53258;52758;500;-250;-250;0
3;3;0;Rio Branco;17781;17531;250;0;0;0
3;3;0;Rubem Berta;32918;32918;0;0;0;0
3;3;0;Santa Cecília;6018;5518;500;0;0;0
3;3;0;Santa Maria Goretti;3509;3009;500;-250;-250;0
3;3;0;Santa Rosa de Lima;34583;34583;0;-250;-250;0
3;3;0;Santa Tereza;39577;39077;500;0;0;0
3;3;0;Santana;20473;19723;750;-750;-750;0
3;3;0;Santo Antônio;12911;12161;750;-250;-500;250
3;3;0;São Caetano;757;757;0;0;0;0
3;3;0;São Geraldo;8681;8681;0;0;0;0
3;3;0;São João;11976;11976;0;0;0;0
3;3;0;São Sebastião;7519;7019;500;0;0;0
3;3;0;Sarandi;58021;58021;0;-750;-750;0
3;3;0;Serraria;5989;5989;0;0;0;0
3;3;0;Sétimo Céu;1579;1329;250;250;0;250
3;3;0;Teresópolis;14707;14707;0;0;0;0
3;3;0;Três Figueiras;5320;4070;1250;750;0;750
3;3;0;Tristeza;16192;15692;500;250;0;250
3;3;0;Vila Assunção;5168;4418;750;0;0;0
3;3;0;Vila Conceição;1599;1349;250;0;0;0
3;3;0;Vila Ipiranga;18659;18409;250;0;0;0
3;3;0;Vila Jardim;13439;13189;250;0;0;0
3;3;0;Vila João Pessoa;13791;12791;1000;0;0;0
3;3;0;Vila Nova;32219;31719;500;0;0;0
3;3;0;São José;26772;26272;500;0;0;0
4;4;0;Aberta dos Morros;7649;7149;500;250;0;250
4;4;0;Agronomia;2581;2331;250;250;0;250
4;4;0;Anchieta;2774;2024;750;0;0;0
4;4;0;Arquipélago;8330;8080;250;0;0;0
4;4;0;Auxiliadora;9933;9683;250;0;0;0
4;4;0;Azenha;15054;13554;1500;250;-250;500
4;4;0;Bela Vista;12287;11537;750;500;0;500
4;4;0;Belém Novo;10600;10100;500;0;0;0
4;4;0;Belém Velho;11335;10585;750;250;0;250
4;4;0;Boa Vista;10553;9803;750;0;0;0
4;4;0;Boa Vista do Sul;2059;2059;0;0;0;0
4;4;0;Bom Fim;11093;10593;500;-500;-500;0
4;4;0;Bom Jesus;27925;27925;0;-500;-500;0
4;4;0;Camaquã;17688;16938;750;-250;-500;250
4;4;0;Campo Novo;8266;8266;0;-250;-250;0
4;4;0;Cascata;12763;12013;750;0;-250;250
4;4;0;Cavalhada;29299;28799;500;250;0;250
4;4;0;Centro Histórico;38654;38404;250;0;0;0
4;4;0;Chácara das Pedras;7168;6668;500;0;0;0
4;4;0;Chapéu do Sol;2913;2663;250;0;0;0
4;4;0;Cidade Baixa;15629;14879;750;0;-250;250
4;4;0;Cel. Aparício Borges;18053;17803;250;-500;-500;0
4;4;0;Costa e Silva;15342;14842;500;-250;-500;250
4;4;0;Cristal;29196;29196;0;-1000;-1000;0
4;4;0;Cristo Redentor;15705;15705;0;-250;-250;0
4;4;0;Espírito Santo;5356;5356;0;-250;-250;0
4;4;0;Extrema;2231;1981;250;0;0;0
4;4;0;Farrapos;18736;18736;0;-250;-250;0
4;4;0;Farroupilha;961;711;250;-250;-250;0
4;4;0;Floresta;11846;11596;250;0;0;0
4;4;0;Glória;17067;16317;750;0;-250;250
4;4;0;Guarujá;5061;4811;250;0;0;0
4;4;0;Higienópolis;10974;10224;750;250;0;250
4;4;0;Hípica;18895;18395;500;250;0;250
4;4;0;Humaitá;11252;11252;0;0;0;0
4;4;0;Independência;8362;7612;750;250;0;250
4;4;0;Ipanema;13728;13228;500;250;0;250
4;4;0;Jardim Botânico;13271;12521;750;500;0;500
4;4;0;Jardim Carvalho;25886;24636;1250;500;0;500
4;4;0;Jardim do Salso;4905;4405;500;250;0;250
4;4;0;Jardim Leopoldina;18016;17266;750;0;-250;250
4;4;0;Jardim Europa;3049;2049;1000;250;-250;500
4;4;0;Jardim Floresta;4557;3057;1500;250;0;250
4;4;0;Jardim Isabel;3585;2835;750;0;0;0
4;4;0;Jardim Itú;17603;17603;0;0;0;0
4;4;0;Jardim Lindóia;6667;6167;500;-250;-250;0
4;4;0;Jardim Sabará;12530;12030;500;-250;-500;250
4;4;0;Jardim São Pedro;3967;3717;250;0;0;0
4;4;0;Lageado;4481;4481;0;0;0;0
4;4;0;Lami;4539;4289;250;0;0;0
4;4;0;Lomba do Pinheiro;57606;57106;500;0;0;0
4;4;0;Mário Quintana;38116;37866;250;0;0;0
4;4;0;Medianeira;11723;10973;750;0;0;0
4;4;0;Menino Deus;30150;29900;250;-250;-250;0
4;4;0;Moinhos de Vento;11937;11437;500;0;0;0
4;4;0;Mont'Serrat;11736;11236;500;0;0;0
4;4;0;Morro Santana;19638;19138;500;250;0;250
4;4;0;Navegantes;4327;4077;250;0;0;0
4;4;0;Nonoai;24160;23660;500;0;-250;250
4;4;0;Parque Santa Fé;6876;5876;1000;-250;-250;0
4;4;0;Partenon;47910;47410;500;-250;-250;0
4;4;0;Passo D'Areia;21218;20968;250;0;0;0
4;4;0;Passo das Pedras;17152;15652;1500;250;0;250
4;4;0;Pedra Redonda;774;274;500;250;0;250
4;4;0;Petrópolis;36496;36246;250;0;0;0
4;4;0;Pitinga;4352;4102;250;0;0;0
4;4;0;Ponta Grossa;8472;8472;0;0;0;0
4;4;0;Praia de Belas;2781;2281;500;0;0;0
4;4;0;Restinga;53258;52758;500;0;0;0
4;4;0;Rio Branco;17531;17281;250;-250;-250;0
4;4;0;Rubem Berta;33168;32918;250;250;0;250
4;4;0;Santa Cecília;6018;5518;500;0;0;0
4;4;0;Santa Maria Goretti;3509;3009;500;0;0;0
4;4;0;Santa Rosa de Lima;34583;34583;0;0;0;0
4;4;0;Santa Tereza;39577;38577;1000;0;-500;500
4;4;0;Santana;20473;19723;750;0;0;0
4;4;0;Santo Antônio;12911;12161;750;0;0;0
4;4;0;São Caetano;757;757;0;0;0;0
4;4;0;São Geraldo;8681;8681;0;0;0;0
4;4;0;São João;11976;11976;0;0;0;0
4;4;0;São Sebastião;7769;7019;750;250;0;250
4;4;0;Sarandi;58521;58021;500;500;0;500
4;4;0;Serraria;5739;5739;0;-250;-250;0
4;4;0;Sétimo Céu;1829;1329;500;250;0;250
4;4;0;Teresópolis;14957;14457;500;250;-250;500
4;4;0;Três Figueiras;5320;4070;1250;0;0;0
4;4;0;Tristeza;16442;15692;750;250;0;250
4;4;0;Vila Assunção;5168;4418;750;0;0;0
4;4;0;Vila Conceição;1599;1349;250;0;0;0
4;4;0;Vila Ipiranga;18909;18409;500;250;0;250
4;4;0;Vila Jardim;13439;13189;250;0;0;0
4;4;0;Vila João Pessoa;13791;12791;1000;0;0;0
4;4;0;Vila Nova;31469;30719;750;-750;-1000;250
4;4;0;São José;26272;25772;500;-500;-500;0
5;5;0;Aberta dos Morros;7649;7149;500;0;0;0
5;5;0;Agronomia;2831;2331;500;250;0;250
5;5;0;Anchieta;3024;2024;1000;250;0;250
5;5;0;Arquipélago;8330;8080;250;0;0;0
5;5;0;Auxiliadora;9933;9683;250;0;0;0
5;5;0;Azenha;15054;13554;1500;0;0;0
5;5;0;Bela Vista;12537;11537;1000;250;0;250
5;5;0;Belém Novo;10600;10100;500;0;0;0
5;5;0;Belém Velho;11585;10585;1000;250;0;250
5;5;0;Boa Vista;10553;9553;1000;0;-250;250
5;5;0;Boa Vista do Sul;2059;2059;0;0;0;0
5;5;0;Bom Fim;11093;10343;750;0;-250;250
5;5;0;Bom Jesus;27425;27425;0;-500;-500;0
5;5;0;Camaquã;17688;16938;750;0;0;0
5;5;0;Campo Novo;8266;8266;0;0;0;0
5;5;0;Cascata;12763;12013;750;0;0;0
5;5;0;Cavalhada;29299;28799;500;0;0;0
5;5;0;Centro Histórico;38154;37654;500;-500;-750;250
5;5;0;Chácara das Pedras;7168;6668;500;0;0;0
5;5;0;Chapéu do Sol;2913;2663;250;0;0;0
5;5;0;Cidade Baixa;16129;14879;1250;500;0;500
5;5;0;Cel. Aparício Borges;17803;17553;250;-250;-250;0
5;5;0;Costa e Silva;15092;14592;500;-250;-250;0
5;5;0;Cristal;28946;28946;0;-250;-250;0
5;5;0;Cristo Redentor;15455;15455;0;-250;-250;0
5;5;0;Espírito Santo;5356;5356;0;0;0;0
5;5;0;Extrema;2231;1981;250;0;0;0
5;5;0;Farrapos;18736;18736;0;0;0;0
5;5;0;Farroupilha;1961;711;1250;1000;0;1000
5;5;0;Floresta;11846;11596;250;0;0;0
5;5;0;Glória;17067;15817;1250;0;-500;500
5;5;0;Guarujá;5061;4811;250;0;0;0
5;5;0;Higienópolis;10974;10224;750;0;0;0
5;5;0;Hípica;18645;18145;500;-250;-250;0
5;5;0;Humaitá;11002;11002;0;-250;-250;0
5;5;0;Independência;8362;7362;1000;0;-250;250
5;5;0;Ipanema;13978;13228;750;250;0;250
5;5;0;Jardim Botânico;13271;12521;750;0;0;0
5;5;0;Jardim Carvalho;25636;24386;1250;-250;-250;0
5;5;0;Jardim do Salso;5155;4405;750;250;0;250
5;5;0;Jardim Leopoldina;18016;17266;750;0;0;0
5;5;0;Jardim Europa;3049;2049;1000;0;0;0
5;5;0;Jardim Floresta;4557;3057;1500;0;0;0
5;5;0;Jardim Isabel;3585;2835;750;0;0;0
5;5;0;Jardim Itú;17603;17603;0;0;0;0
5;5;0;Jardim Lindóia;6667;6167;500;0;0;0
5;5;0;Jardim Sabará;12780;12030;750;250;0;250
5;5;0;Jardim São Pedro;3967;3717;250;0;0;0
5;5;0;Lageado;4231;4231;0;-250;-250;0
5;5;0;Lami;5039;4289;750;500;0;500
5;5;0;Lomba do Pinheiro;57356;56856;500;-250;-250;0
5;5;0;Mário Quintana;38116;37866;250;0;0;0
5;5;0;Medianeira;11473;10723;750;-250;-250;0
5;5;0;Menino Deus;29650;29400;250;-500;-500;0
5;5;0;Moinhos de Vento;11437;10937;500;-500;-500;0
5;5;0;Mont'Serrat;11736;11236;500;0;0;0
5;5;0;Morro Santana;19638;19138;500;0;0;0
5;5;0;Navegantes;4327;4077;250;0;0;0
5;5;0;Nonoai;23910;23160;750;-250;-500;250
5;5;0;Parque Santa Fé;7376;5876;1500;500;0;500
5;5;0;Partenon;47660;47160;500;-250;-250;0
5;5;0;Passo D'Areia;21218;20968;250;0;0;0
5;5;0;Passo das Pedras;17152;15652;1500;0;0;0
5;5;0;Pedra Redonda;1024;274;750;250;0;250
5;5;0;Petrópolis;35996;35746;250;-500;-500;0
5;5;0;Pitinga;4352;4102;250;0;0;0
5;5;0;Ponta Grossa;8222;8222;0;-250;-250;0
5;5;0;Praia de Belas;3031;2281;750;250;0;250
5;5;0;Restinga;53508;52758;750;250;0;250
5;5;0;Rio Branco;17531;17281;250;0;0;0
5;5;0;Rubem Berta;33168;32918;250;0;0;0
5;5;0;Santa Cecília;6018;5518;500;0;0;0
5;5;0;Santa Maria Goretti;3759;3009;750;250;0;250
5;5;0;Santa Rosa de Lima;34583;34583;0;0;0;0
5;5;0;Santa Tereza;39077;37577;1500;-500;-1000;500
5;5;0;Santana;20473;19473;1000;0;-250;250
5;5;0;Santo Antônio;13661;12161;1500;750;0;750
5;5;0;São Caetano;757;757;0;0;0;0
5;5;0;São Geraldo;8681;8681;0;0;0;0
5;5;0;São João;11976;11976;0;0;0;0
5;5;0;São Sebastião;8019;7019;1000;250;0;250
5;5;0;Sarandi;58021;57521;500;-500;-500;0
5;5;0;Serraria;5739;5739;0;0;0;0
5;5;0;Sétimo Céu;1829;1329;500;0;0;0
5;5;0;Teresópolis;15707;14457;1250;750;0;750
5;5;0;Três Figueiras;5320;4070;1250;0;0;0
5;5;0;Tristeza;16442;15692;750;0;0;0
5;5;0;Vila Assunção;4918;4168;750;-250;-250;0
5;5;0;Vila Conceição;1599;1349;250;0;0;0
5;5;0;Vila Ipiranga;18909;18409;500;0;0;0
5;5;0;Vila Jardim;13189;12939;250;-250;-250;0
5;5;0;Vila João Pessoa;13791;12791;1000;0;0;0
5;5;0;Vila Nova;31469;30719;750;0;0;0
5;5;0;São José;26522;25772;750;250;0;250
6;6;0;Aberta dos Morros;7149;6649;500;-500;-500;0
6;6;0;Agronomia;2831;2331;500;0;0;0
6;6;0;Anchieta;3024;2024;1000;0;0;0
6;6;0;Arquipélago;8580;8080;500;250;0;250
6;6;0;Auxiliadora;9933;9683;250;0;0;0
6;6;0;Azenha;14554;12804;1750;-500;-750;250
6;6;0;Bela Vista;12537;11037;1500;0;-500;500
6;6;0;Belém Novo;10600;10100;500;0;0;0
6;6;0;Belém Velho;11835;10585;1250;250;0;250
6;6;0;Boa Vista;10053;9053;1000;-500;-500;0
6;6;0;Boa Vista do Sul;2059;2059;0;0;0;0
6;6;0;Bom Fim;11093;10093;1000;0;-250;250
6;6;0;Bom Jesus;27925;27425;500;500;0;500
6;6;0;Camaquã;17688;16688;1000;0;-250;250
6;6;0;Campo Novo;8516;8266;250;250;0;250
6;6;0;Cascata;12763;11763;1000;0;-250;250
6;6;0;Cavalhada;27299;26799;500;-2000;-2000;0
6;6;0;Centro Histórico;37654;37154;500;-500;-500;0
6;6;0;Chácara das Pedras;7168;6668;500;0;0;0
6;6;0;Chapéu do Sol;3413;2663;750;500;0;500
6;6;0;Cidade Baixa;16879;14879;2000;750;0;750
6;6;0;Cel. Aparício Borges;17803;17553;250;0;0;0
6;6;0;Costa e Silva;15342;14342;1000;250;-250;500
6;6;0;Cristal;28446;28446;0;-500;-500;0
6;6;0;Cristo Redentor;15205;15205;0;-250;-250;0
6;6;0;Espírito Santo;5356;5106;250;0;-250;250
6;6;0;Extrema;2231;1981;250;0;0;0
6;6;0;Farrapos;17986;17986;0;-750;-750;0
6;6;0;Farroupilha;2211;711;1500;250;0;250
6;6;0;Floresta;11596;11346;250;-250;-250;0
6;6;0;Glória;17067;15567;1500;0;-250;250
6;6;0;Guarujá;4811;4561;250;-250;-250;0
6;6;0;Higienópolis;11474;10224;1250;500;0;500
6;6;0;Hípica;18395;17895;500;-250;-250;0
6;6;0;Humaitá;11502;10752;750;500;-250;750
6;6;0;Independência;8862;7362;1500;500;0;500
6;6;0;Ipanema;13978;13228;750;0;0;0
6;6;0;Jardim Botânico;13271;12271;1000;0;-250;250
6;6;0;Jardim Carvalho;25386;23886;1500;-250;-500;250
6;6;0;Jardim do Salso;5155;4155;1000;0;-250;250
6;6;0;Jardim Leopoldina;18266;17266;1000;250;0;250
6;6;0;Jardim Europa;3049;1799;1250;0;-250;250
6;6;0;Jardim Floresta;5057;3057;2000;500;0;500
6;6;0;Jardim Isabel;3335;2585;750;-250;-250;0
6;6;0;Jardim Itú;17603;17353;250;0;-250;250
6;6;0;Jardim Lindóia;6667;6167;500;0;0;0
6;6;0;Jardim Sabará;12780;11780;1000;0;-250;250
6;6;0;Jardim São Pedro;3967;3717;250;0;0;0
6;6;0;Lageado;3981;3981;0;-250;-250;0
6;6;0;Lami;5039;4289;750;0;0;0
6;6;0;Lomba do Pinheiro;57606;56856;750;250;0;250
6;6;0;Mário Quintana;38116;37866;250;0;0;0
6;6;0;Medianeira;12223;10723;1500;750;0;750
6;6;0;Menino Deus;29150;28900;250;-500;-500;0
6;6;0;Moinhos de Vento;11937;10687;1250;500;-250;750
6;6;0;Mont'Serrat;11736;10736;1000;0;-500;500
6;6;0;Morro Santana;19638;18888;750;0;-250;250
6;6;0;Navegantes;3827;3577;250;-500;-500;0
6;6;0;Nonoai;23410;22410;1000;-500;-750;250
6;6;0;Parque Santa Fé;7126;5626;1500;-250;-250;0
6;6;0;Partenon;47160;46660;500;-500;-500;0
6;6;0;Passo D'Areia;21218;20968;250;0;0;0
6;6;0;Passo das Pedras;17652;15402;2250;500;-250;750
6;6;0;Pedra Redonda;1274;274;1000;250;0;250
6;6;0;Petrópolis;35246;34746;500;-750;-1000;250
6;6;0;Pitinga;4352;4102;250;0;0;0
6;6;0;Ponta Grossa;8722;8222;500;500;0;500
6;6;0;Praia de Belas;3031;2281;750;0;0;0
6;6;0;Restinga;53258;52508;750;-250;-250;0
6;6;0;Rio Branco;18031;17281;750;500;0;500
6;6;0;Rubem Berta;33168;32918;250;0;0;0
6;6;0;Santa Cecília;6268;5518;750;250;0;250
6;6;0;Santa Maria Goretti;3759;3009;750;0;0;0
6;6;0;Santa Rosa de Lima;34583;34333;250;0;-250;250
6;6;0;Santa Tereza;39077;37077;2000;0;-500;500
6;6;0;Santana;20223;19223;1000;-250;-250;0
6;6;0;Santo Antônio;13661;12161;1500;0;0;0
6;6;0;São Caetano;1007;757;250;250;0;250
6;6;0;São Geraldo;8931;8681;250;250;0;250
6;6;0;São João;11976;11726;250;0;-250;250
6;6;0;São Sebastião;7769;6519;1250;-250;-500;250
6;6;0;Sarandi;57021;56521;500;-1000;-1000;0
6;6;0;Serraria;6239;5739;500;500;0;500
6;6;0;Sétimo Céu;2579;1329;1250;750;0;750
6;6;0;Teresópolis;15457;14207;1250;-250;-250;0
6;6;0;Três Figueiras;5570;4070;1500;250;0;250
6;6;0;Tristeza;16942;15442;1500;500;-250;750
6;6;0;Vila Assunção;4918;3918;1000;0;-250;250
6;6;0;Vila Conceição;1849;1349;500;250;0;250
6;6;0;Vila Ipiranga;18909;18159;750;0;-250;250
6;6;0;Vila Jardim;13189;12939;250;0;0;0
6;6;0;Vila João Pessoa;14041;12541;1500;250;-250;500
6;6;0;Vila Nova;31969;29969;2000;500;-750;1250
6;6;0;São José;26272;25522;750;-250;-250;0
7;7;0;Aberta dos Morros;6899;6399;500;-250;-250;0
7;7;0;Agronomia;3081;2081;1000;250;-250;500
7;7;0;Anchieta;3774;1774;2000;750;-250;1000
7;7;0;Arquipélago;8830;7830;1000;250;-250;500
7;7;0;Auxiliadora;8683;8433;250;-1250;-1250;0
7;7;0;Azenha;14304;11804;2500;-250;-1000;750
7;7;0;Bela Vista;12287;10787;1500;-250;-250;0
7;7;0;Belém Novo;10850;9850;1000;250;-250;500
7;7;0;Belém Velho;11085;9835;1250;-750;-750;0
7;7;0;Boa Vista;11053;8803;2250;1000;-250;1250
7;7;0;Boa Vista do Sul;2059;2059;0;0;0;0
7;7;0;Bom Fim;10343;9343;1000;-750;-750;0
7;7;0;Bom Jesus;27175;26425;750;-750;-1000;250
7;7;0;Camaquã;17438;16438;1000;-250;-250;0
7;7;0;Campo Novo;8766;8016;750;250;-250;500
7;7;0;Cascata;12513;11013;1500;-250;-750;500
7;7;0;Cavalhada;26549;25299;1250;-750;-1500;750
7;7;0;Centro Histórico;36154;35654;500;-1500;-1500;0
7;7;0;Chácara das Pedras;7918;6668;1250;750;0;750
7;7;0;Chapéu do Sol;3413;2663;750;0;0;0
7;7;0;Cidade Baixa;17629;14629;3000;750;-250;1000
7;7;0;Cel. Aparício Borges;17303;17053;250;-500;-500;0
7;7;0;Costa e Silva;15842;14092;1750;500;-250;750
7;7;0;Cristal;27446;27446;0;-1000;-1000;0
7;7;0;Cristo Redentor;13955;13955;0;-1250;-1250;0
7;7;0;Espírito Santo;6106;4856;1250;750;-250;1000
7;7;0;Extrema;2231;1981;250;0;0;0
7;7;0;Farrapos;17236;16986;250;-750;-1000;250
7;7;0;Farroupilha;2961;711;2250;750;0;750
7;7;0;Floresta;12346;11346;1000;750;0;750
7;7;0;Glória;17817;15317;2500;750;-250;1000
7;7;0;Guarujá;5061;4561;500;250;0;250
7;7;0;Higienópolis;11724;10224;1500;250;0;250
7;7;0;Hípica;19395;17645;1750;1000;-250;1250
7;7;0;Humaitá;11752;10752;1000;250;0;250
7;7;0;Independência;8612;7112;1500;-250;-250;0
7;7;0;Ipanema;13728;12978;750;-250;-250;0
7;7;0;Jardim Botânico;14271;12271;2000;1000;0;1000
7;7;0;Jardim Carvalho;25886;23886;2000;500;0;500
7;7;0;Jardim do Salso;5405;4155;1250;250;0;250
7;7;0;Jardim Leopoldina;18016;16766;1250;-250;-500;250
7;7;0;Jardim Europa;3549;1299;2250;500;-500;1000
7;7;0;Jardim Floresta;5807;2807;3000;750;-250;1000
7;7;0;Jardim Isabel;3585;2585;1000;250;0;250
7;7;0;Jardim Itú;17353;17103;250;-250;-250;0
7;7;0;Jardim Lindóia;6667;5917;750;0;-250;250
7;7;0;Jardim Sabará;13780;11780;2000;1000;0;1000
7;7;0;Jardim São Pedro;4967;3717;1250;1000;0;1000
7;7;0;Lageado;4731;3981;750;750;0;750
7;7;0;Lami;5039;4289;750;0;0;0
7;7;0;Lomba do Pinheiro;55856;55106;750;-1750;-1750;0
7;7;0;Mário Quintana;37866;37366;500;-250;-500;250
7;7;0;Medianeira;12223;10723;1500;0;0;0
7;7;0;Menino Deus;28400;28150;250;-750;-750;0
7;7;0;Moinhos de Vento;12187;10187;2000;250;-500;750
7;7;0;Mont'Serrat;12236;10736;1500;500;0;500
7;7;0;Morro Santana;20138;18638;1500;500;-250;750
7;7;0;Navegantes;3827;3327;500;0;-250;250
7;7;0;Nonoai;23160;21660;1500;-250;-750;500
7;7;0;Parque Santa Fé;8126;5376;2750;1000;-250;1250
7;7;0;Partenon;46660;45660;1000;-500;-1000;500
7;7;0;Passo D'Areia;22218;20968;1250;1000;0;1000
7;7;0;Passo das Pedras;17652;14902;2750;0;-500;500
7;7;0;Pedra Redonda;1774;274;1500;500;0;500
7;7;0;Petrópolis;34996;33996;1000;-250;-750;500
7;7;0;Pitinga;4352;4102;250;0;0;0
7;7;0;Ponta Grossa;8472;7722;750;-250;-500;250
7;7;0;Praia de Belas;3531;2281;1250;500;0;500
7;7;0;Restinga;51008;50258;750;-2250;-2250;0
7;7;0;Rio Branco;18281;16531;1750;250;-750;1000
7;7;0;Rubem Berta;33918;32418;1500;750;-500;1250
7;7;0;Santa Cecília;6518;5518;1000;250;0;250
7;7;0;Santa Maria Goretti;4009;2759;1250;250;-250;500
7;7;0;Santa Rosa de Lima;33333;32583;750;-1250;-1750;500
7;7;0;Santa Tereza;39577;36327;3250;500;-750;1250
7;7;0;Santana;18973;17973;1000;-1250;-1250;0
7;7;0;Santo Antônio;14411;12161;2250;750;0;750
7;7;0;São Caetano;1007;757;250;0;0;0
7;7;0;São Geraldo;8931;8681;250;0;0;0
7;7;0;São João;11726;11476;250;-250;-250;0
7;7;0;São Sebastião;7519;6269;1250;-250;-250;0
7;7;0;Sarandi;53771;53021;750;-3250;-3500;250
7;7;0;Serraria;6489;5739;750;250;0;250
7;7;0;Sétimo Céu;3079;1329;1750;500;0;500
7;7;0;Teresópolis;15707;14207;1500;250;0;250
7;7;0;Três Figueiras;6070;4070;2000;500;0;500
7;7;0;Tristeza;16692;14942;1750;-250;-500;250
7;7;0;Vila Assunção;5168;3918;1250;250;0;250
7;7;0;Vila Conceição;2099;1349;750;250;0;250
7;7;0;Vila Ipiranga;18659;17659;1000;-250;-500;250
7;7;0;Vila Jardim;13689;12689;1000;500;-250;750
7;7;0;Vila João Pessoa;13541;12041;1500;-500;-500;0
7;7;0;Vila Nova;31969;29719;2250;0;-250;250
7;7;0;São José;26272;24772;1500;0;-750;750
8;8;0;Aberta dos Morros;10949;5799;5150;4050;-600;4650
8;8;0;Agronomia;6429;1629;4800;3348;-452;3800
8;8;0;Anchieta;6674;1324;5350;2900;-450;3350
8;8;0;Arquipélago;7730;5930;1800;-1100;-1900;800
8;8;0;Auxiliadora;10133;6933;3200;1450;-1500;2950
8;8;0;Azenha;16204;9704;6500;1900;-2100;4000
8;8;0;Bela Vista;12937;8487;4450;650;-2300;2950
8;8;0;Belém Novo;10950;8150;2800;100;-1700;1800
8;8;0;Belém Velho;13040;7035;6005;1955;-2800;4755
8;8;0;Boa Vista;11603;6553;5050;550;-2250;2800
8;8;0;Boa Vista do Sul;3859;1609;2250;1800;-450;2250
8;8;0;Bom Fim;8843;6043;2800;-1500;-3300;1800
8;8;0;Bom Jesus;24975;19625;5350;-2200;-6800;4600
8;8;0;Camaquã;16788;12238;4550;-650;-4200;3550
8;8;0;Campo Novo;12016;6666;5350;3250;-1350;4600
8;8;0;Cascata;15363;8663;6700;2850;-2350;5200
8;8;0;Cavalhada;23149;17849;5300;-3400;-7450;4050
8;8;0;Centro Histórico;30754;28104;2650;-5400;-7550;2150
8;8;0;Chácara das Pedras;9146;5418;3728;1228;-1250;2478
8;8;0;Chapéu do Sol;5813;2213;3600;2400;-450;2850
8;8;0;Cidade Baixa;20429;13029;7400;2800;-1600;4400
8;8;0;Cel. Aparício Borges;18953;13253;5700;1650;-3800;5450
8;8;0;Costa e Silva;15592;9942;5650;-250;-4150;3900
8;8;0;Cristal;23346;20846;2500;-4100;-6600;2500
8;8;0;Cristo Redentor;10405;8905;1500;-3550;-5050;1500
8;8;0;Espírito Santo;7506;3506;4000;1400;-1350;2750
8;8;0;Extrema;2431;1481;950;200;-500;700
8;8;0;Farrapos;14240;11790;2450;-2996;-5196;2200
8;8;0;Farroupilha;7561;511;7050;4600;-200;4800
8;8;0;Floresta;12196;6646;5550;-150;-4700;4550
8;8;0;Glória;20523;11485;9038;2706;-3832;6538
8;8;0;Guarujá;6224;3574;2650;1163;-987;2150
8;8;0;Higienópolis;11774;7574;4200;50;-2650;2700
8;8;0;Hípica;18745;13345;5400;-650;-4300;3650
8;8;0;Humaitá;11452;7902;3550;-300;-2850;2550
8;8;0;Independência;10512;6062;4450;1900;-1050;2950
8;8;0;Ipanema;13728;10878;2850;0;-2100;2100
8;8;0;Jardim Botânico;15921;9821;6100;1650;-2450;4100
8;8;0;Jardim Carvalho;22122;18459;3663;-3764;-5427;1663
8;8;0;Jardim do Salso;9205;3455;5750;3800;-700;4500
8;8;0;Jardim Leopoldina;20880;14380;6500;2864;-2386;5250
8;8;0;Jardim Europa;6526;1249;5277;2977;-50;3027
8;8;0;Jardim Floresta;7844;2194;5650;2037;-613;2650
8;8;0;Jardim Isabel;5935;2135;3800;2350;-450;2800
8;8;0;Jardim Itú;17953;14253;3700;600;-2850;3450
8;8;0;Jardim Lindóia;6102;4002;2100;-565;-1915;1350
8;8;0;Jardim Sabará;16445;9380;7065;2665;-2400;5065
8;8;0;Jardim São Pedro;7767;3267;4500;2800;-450;3250
8;8;0;Lageado;6431;2831;3600;1700;-1150;2850
8;8;0;Lami;5139;3289;1850;100;-1000;1100
8;8;0;Lomba do Pinheiro;45278;41956;3322;-10578;-13150;2572
8;8;0;Mário Quintana;34916;31266;3650;-2950;-6100;3150
8;8;0;Medianeira;18023;9073;8950;5800;-1650;7450
8;8;0;Menino Deus;23050;20600;2450;-5350;-7550;2200
8;8;0;Moinhos de Vento;13887;8037;5850;1700;-2150;3850
8;8;0;Mont'Serrat;11536;7086;4450;-700;-3650;2950
8;8;0;Morro Santana;19874;15288;4586;-264;-3350;3086
8;8;0;Navegantes;8523;3277;5246;4696;-50;4746
8;8;0;Nonoai;22060;15860;6200;-1100;-5800;4700
8;8;0;Parque Santa Fé;11026;3826;7200;2900;-1550;4450
8;8;0;Partenon;37485;32660;4825;-9175;-13000;3825
8;8;0;Passo D'Areia;23168;16418;6750;950;-4550;5500
8;8;0;Passo das Pedras;18302;12102;6200;650;-2800;3450
8;8;0;Pedra Redonda;2724;274;2450;950;0;950
8;8;0;Petrópolis;30246;25696;4550;-4750;-8300;3550
8;8;0;Pitinga;6102;3402;2700;1750;-700;2450
8;8;0;Ponta Grossa;9559;6422;3137;1087;-1300;2387
8;8;0;Praia de Belas;5281;1531;3750;1750;-750;2500
8;8;0;Restinga;37464;35614;1850;-13544;-14644;1100
8;8;0;Rio Branco;18881;13481;5400;600;-3050;3650
8;8;0;Rubem Berta;31768;25068;6700;-2150;-7350;5200
8;8;0;Santa Cecília;9412;4818;4594;2894;-700;3594
8;8;0;Santa Maria Goretti;5681;1681;4000;1672;-1078;2750
8;8;0;Santa Rosa de Lima;27233;22633;4600;-6100;-9950;3850
8;8;0;Santa Tereza;33899;26939;6960;-5678;-9388;3710
8;8;0;Santana;16323;12523;3800;-2650;-5450;2800
8;8;0;Santo Antônio;14163;9361;4802;-248;-2800;2552
8;8;0;São Caetano;2707;757;1950;1700;0;1700
8;8;0;São Geraldo;9881;6181;3700;950;-2500;3450
8;8;0;São João;11076;8876;2200;-650;-2600;1950
8;8;0;São Sebastião;9118;4905;4213;1599;-1364;2963
8;8;0;Sarandi;45721;41621;4100;-8050;-11400;3350
8;8;0;Serraria;7593;3743;3850;1104;-1996;3100
8;8;0;Sétimo Céu;7229;1079;6150;4150;-250;4400
8;8;0;Teresópolis;17939;12307;5632;2232;-1900;4132
8;8;0;Três Figueiras;10170;3070;7100;4100;-1000;5100
8;8;0;Tristeza;14442;11542;2900;-2250;-3400;1150
8;8;0;Vila Assunção;6268;3268;3000;1100;-650;1750
8;8;0;Vila Conceição;4449;1349;3100;2350;0;2350
8;8;0;Vila Ipiranga;18134;12584;5550;-525;-5075;4550
8;8;0;Vila Jardim;13089;9789;3300;-600;-2900;2300
8;8;0;Vila João Pessoa;14628;8428;6200;1087;-3613;4700
8;8;0;Vila Nova;28064;22014;6050;-3905;-7705;3800
8;8;0;São José;21850;18150;3700;-4422;-6622;2200
9;9;0;Aberta dos Morros;10699;5549;5150;-250;-250;0
9;9;0;Agronomia;6429;1629;4800;0;0;0
9;9;0;Anchieta;6674;1074;5600;0;-250;250
9;9;0;Arquipélago;7980;5930;2050;250;0;250
9;9;0;Auxiliadora;10383;6933;3450;250;0;250
9;9;0;Azenha;15954;8954;7000;-250;-750;500
9;9;0;Bela Vista;12937;8237;4700;0;-250;250
9;9;0;Belém Novo;10200;7400;2800;-750;-750;0
9;9;0;Belém Velho;13290;7035;6255;250;0;250
9;9;0;Boa Vista;11853;6303;5550;250;-250;500
9;9;0;Boa Vista do Sul;3859;1609;2250;0;0;0
9;9;0;Bom Fim;8843;5543;3300;0;-500;500
9;9;0;Bom Jesus;24225;18625;5600;-750;-1000;250
9;9;0;Camaquã;16788;11488;5300;0;-750;750
9;9;0;Campo Novo;12266;6666;5600;250;0;250
9;9;0;Cascata;15863;8663;7200;500;0;500
9;9;0;Cavalhada;22649;16349;6300;-500;-1500;1000
9;9;0;Centro Histórico;30004;27104;2900;-750;-1000;250
9;9;0;Chácara das Pedras;9646;5168;4478;500;-250;750
9;9;0;Chapéu do Sol;6563;2213;4350;750;0;750
9;9;0;Cidade Baixa;20679;12779;7900;250;-250;500
9;9;0;Cel. Aparício Borges;18953;12503;6450;0;-750;750
9;9;0;Costa e Silva;16842;9942;6900;1250;0;1250
9;9;0;Cristal;21096;18596;2500;-2250;-2250;0
9;9;0;Cristo Redentor;10655;8905;1750;250;0;250
9;9;0;Espírito Santo;7256;3256;4000;-250;-250;0
9;9;0;Extrema;2431;1481;950;0;0;0
9;9;0;Farrapos;14740;11290;3450;500;-500;1000
9;9;0;Farroupilha;9061;511;8550;1500;0;1500
9;9;0;Floresta;12446;6646;5800;250;0;250
9;9;0;Glória;21023;11235;9788;500;-250;750
9;9;0;Guarujá;6724;3324;3400;500;-250;750
9;9;0;Higienópolis;11774;7324;4450;0;-250;250
9;9;0;Hípica;18245;12595;5650;-500;-750;250
9;9;0;Humaitá;10952;7402;3550;-500;-500;0
9;9;0;Independência;10012;5312;4700;-500;-750;250
9;9;0;Ipanema;13728;10128;3600;0;-750;750
9;9;0;Jardim Botânico;16171;9571;6600;250;-250;500
9;9;0;Jardim Carvalho;21622;17709;3913;-500;-750;250
9;9;0;Jardim do Salso;10205;3455;6750;1000;0;1000
9;9;0;Jardim Leopoldina;20880;13880;7000;0;-500;500
9;9;0;Jardim Europa;7276;1249;6027;750;0;750
9;9;0;Jardim Floresta;7844;2194;5650;0;0;0
9;9;0;Jardim Isabel;6935;2135;4800;1000;0;1000
9;9;0;Jardim Itú;17703;13753;3950;-250;-500;250
9;9;0;Jardim Lindóia;6102;3752;2350;0;-250;250
9;9;0;Jardim Sabará;16195;8880;7315;-250;-500;250
9;9;0;Jardim São Pedro;8017;3267;4750;250;0;250
9;9;0;Lageado;6431;2831;3600;0;0;0
9;9;0;Lami;5389;3289;2100;250;0;250
9;9;0;Lomba do Pinheiro;42528;39206;3322;-2750;-2750;0
9;9;0;Mário Quintana;34916;30766;4150;0;-500;500
9;9;0;Medianeira;19273;8823;10450;1250;-250;1500
9;9;0;Menino Deus;22550;19850;2700;-500;-750;250
9;9;0;Moinhos de Vento;14137;8037;6100;250;0;250
9;9;0;Mont'Serrat;11286;6836;4450;-250;-250;0
9;9;0;Morro Santana;19874;14788;5086;0;-500;500
9;9;0;Navegantes;8523;3027;5496;0;-250;250
9;9;0;Nonoai;22310;15110;7200;250;-750;1000
9;9;0;Parque Santa Fé;11526;3576;7950;500;-250;750
9;9;0;Partenon;35985;30160;5825;-1500;-2500;1000
9;9;0;Passo D'Areia;22418;15668;6750;-750;-750;0
9;9;0;Passo das Pedras;18302;11352;6950;0;-750;750
9;9;0;Pedra Redonda;3224;274;2950;500;0;500
9;9;0;Petrópolis;29996;24696;5300;-250;-1000;750
9;9;0;Pitinga;6602;2902;3700;500;-500;1000
9;9;0;Ponta Grossa;9559;6422;3137;0;0;0
9;9;0;Praia de Belas;5781;1531;4250;500;0;500
9;9;0;Restinga;36214;33364;2850;-1250;-2250;1000
9;9;0;Rio Branco;18631;12731;5900;-250;-750;500
9;9;0;Rubem Berta;32018;24068;7950;250;-1000;1250
9;9;0;Santa Cecília;10412;4568;5844;1000;-250;1250
9;9;0;Santa Maria Goretti;5931;1681;4250;250;0;250
9;9;0;Santa Rosa de Lima;25733;21133;4600;-1500;-1500;0
9;9;0;Santa Tereza;32649;24939;7710;-1250;-2000;750
9;9;0;Santana;16323;12023;4300;0;-500;500
9;9;0;Santo Antônio;14913;9111;5802;750;-250;1000
9;9;0;São Caetano;2957;757;2200;250;0;250
9;9;0;São Geraldo;9881;6181;3700;0;0;0
9;9;0;São João;11326;8876;2450;250;0;250
9;9;0;São Sebastião;9118;4655;4463;0;-250;250
9;9;0;Sarandi;43971;39371;4600;-1750;-2250;500
9;9;0;Serraria;8093;3743;4350;500;0;500
9;9;0;Sétimo Céu;8229;1079;7150;1000;0;1000
9;9;0;Teresópolis;18939;11807;7132;1000;-500;1500
9;9;0;Três Figueiras;10670;3070;7600;500;0;500
9;9;0;Tristeza;14192;10792;3400;-250;-750;500
9;9;0;Vila Assunção;6518;3018;3500;250;-250;500
9;9;0;Vila Conceição;4949;1349;3600;500;0;500
9;9;0;Vila Ipiranga;18634;12584;6050;500;0;500
9;9;0;Vila Jardim;12339;9039;3300;-750;-750;0
9;9;0;Vila João Pessoa;15378;8178;7200;750;-250;1000
9;9;0;Vila Nova;27314;21264;6050;-750;-750;0
9;9;0;São José;20850;17150;3700;-1000;-1000;0
10;10;0;Aberta dos Morros;10699;5299;5400;0;-250;250
10;10;0;Agronomia;6929;1629;5300;500;0;500
10;10;0;Anchieta;7174;1074;6100;500;0;500
10;10;0;Arquipélago;8480;5930;2550;500;0;500
10;10;0;Auxiliadora;10633;6933;3700;250;0;250
10;10;0;Azenha;15704;8454;7250;-250;-500;250
10;10;0;Bela Vista;13187;7987;5200;250;-250;500
10;10;0;Belém Novo;10450;7400;3050;250;0;250
10;10;0;Belém Velho;14040;7035;7005;750;0;750
10;10;0;Boa Vista;11853;6053;5800;0;-250;250
10;10;0;Boa Vista do Sul;4109;1609;2500;250;0;250
10;10;0;Bom Fim;8593;5043;3550;-250;-500;250
10;10;0;Bom Jesus;24725;18625;6100;500;0;500
10;10;0;Camaquã;16538;10988;5550;-250;-500;250
10;10;0;Campo Novo;12016;6166;5850;-250;-500;250
10;10;0;Cascata;15363;8163;7200;-500;-500;0
10;10;0;Cavalhada;21899;15349;6550;-750;-1000;250
10;10;0;Centro Histórico;29504;26354;3150;-500;-750;250
10;10;0;Chácara das Pedras;9396;4918;4478;-250;-250;0
10;10;0;Chapéu do Sol;6563;2213;4350;0;0;0
10;10;0;Cidade Baixa;21179;12529;8650;500;-250;750
10;10;0;Cel. Aparício Borges;19203;12503;6700;250;0;250
10;10;0;Costa e Silva;17092;9942;7150;250;0;250
10;10;0;Cristal;21096;18346;2750;0;-250;250
10;10;0;Cristo Redentor;11405;8905;2500;750;0;750
10;10;0;Espírito Santo;7506;3256;4250;250;0;250
10;10;0;Extrema;2681;1481;1200;250;0;250
10;10;0;Farrapos;14240;10790;3450;-500;-500;0
10;10;0;Farroupilha;10061;511;9550;1000;0;1000
10;10;0;Floresta;12696;6646;6050;250;0;250
10;10;0;Glória;21023;10735;10288;0;-500;500
10;10;0;Guarujá;6724;3324;3400;0;0;0
10;10;0;Higienópolis;11774;7074;4700;0;-250;250
10;10;0;Hípica;17995;12345;5650;-250;-250;0
10;10;0;Humaitá;10452;6902;3550;-500;-500;0
10;10;0;Independência;10012;5312;4700;0;0;0
10;10;0;Ipanema;13228;9628;3600;-500;-500;0
10;10;0;Jardim Botânico;15921;9321;6600;-250;-250;0
10;10;0;Jardim Carvalho;21122;16959;4163;-500;-750;250
10;10;0;Jardim do Salso;10205;3455;6750;0;0;0
10;10;0;Jardim Leopoldina;20130;13130;7000;-750;-750;0
10;10;0;Jardim Europa;7276;1249;6027;0;0;0
10;10;0;Jardim Floresta;7344;1694;5650;-500;-500;0
10;10;0;Jardim Isabel;7185;2135;5050;250;0;250
10;10;0;Jardim Itú;17953;13753;4200;250;0;250
10;10;0;Jardim Lindóia;6102;3752;2350;0;0;0
10;10;0;Jardim Sabará;16945;8880;8065;750;0;750
10;10;0;Jardim São Pedro;8017;3267;4750;0;0;0
10;10;0;Lageado;6181;2581;3600;-250;-250;0
10;10;0;Lami;5389;3289;2100;0;0;0
10;10;0;Lomba do Pinheiro;41278;37956;3322;-1250;-1250;0
10;10;0;Mário Quintana;35166;30516;4650;250;-250;500
10;10;0;Medianeira;19773;8573;11200;500;-250;750
10;10;0;Menino Deus;21300;18350;2950;-1250;-1500;250
10;10;0;Moinhos de Vento;13887;7537;6350;-250;-500;250
10;10;0;Mont'Serrat;11536;6836;4700;250;0;250
10;10;0;Morro Santana;19624;14538;5086;-250;-250;0
10;10;0;Navegantes;8773;3027;5746;250;0;250
10;10;0;Nonoai;23560;15110;8450;1250;0;1250
10;10;0;Parque Santa Fé;11526;3576;7950;0;0;0
10;10;0;Partenon;35235;28910;6325;-750;-1250;500
10;10;0;Passo D'Areia;22168;14918;7250;-250;-750;500
10;10;0;Passo das Pedras;18552;11352;7200;250;0;250
10;10;0;Pedra Redonda;3224;274;2950;0;0;0
10;10;0;Petrópolis;29746;24196;5550;-250;-500;250
10;10;0;Pitinga;6602;2652;3950;0;-250;250
10;10;0;Ponta Grossa;9559;6172;3387;0;-250;250
10;10;0;Praia de Belas;6531;1531;5000;750;0;750
10;10;0;Restinga;35714;32864;2850;-500;-500;0
10;10;0;Rio Branco;19131;12731;6400;500;0;500
10;10;0;Rubem Berta;32768;24068;8700;750;0;750
10;10;0;Santa Cecília;10412;4568;5844;0;0;0
10;10;0;Santa Maria Goretti;5931;1681;4250;0;0;0
10;10;0;Santa Rosa de Lima;24983;20383;4600;-750;-750;0
10;10;0;Santa Tereza;31649;23939;7710;-1000;-1000;0
10;10;0;Santana;15823;11273;4550;-500;-750;250
10;10;0;Santo Antônio;14413;8361;6052;-500;-750;250
10;10;0;São Caetano;2957;757;2200;0;0;0
10;10;0;São Geraldo;9381;5681;3700;-500;-500;0
10;10;0;São João;11576;8876;2700;250;0;250
10;10;0;São Sebastião;8868;4405;4463;-250;-250;0
10;10;0;Sarandi;43721;38871;4850;-250;-500;250
10;10;0;Serraria;8093;3743;4350;0;0;0
10;10;0;Sétimo Céu;8729;1079;7650;500;0;500
10;10;0;Teresópolis;18439;11057;7382;-500;-750;250
10;10;0;Três Figueiras;10670;2570;8100;0;-500;500
10;10;0;Tristeza;14192;10792;3400;0;0;0
10;10;0;Vila Assunção;6518;3018;3500;0;0;0
10;10;0;Vila Conceição;5199;1349;3850;250;0;250
10;10;0;Vila Ipiranga;18884;12334;6550;250;-250;500
10;10;0;Vila Jardim;12589;9039;3550;250;0;250
10;10;0;Vila João Pessoa;15878;8178;7700;500;0;500
10;10;0;Vila Nova;27814;21264;6550;500;0;500
10;10;0;São José;21100;17150;3950;250;0;250
11;11;0;Aberta dos Morros;10699;5299;5400;0;0;0
11;11;0;Agronomia;6929;1629;5300;0;0;0
11;11;0;Anchieta;7424;1074;6350;250;0;250
11;11;0;Arquipélago;8480;5680;2800;0;-250;250
11;11;0;Auxiliadora;10633;6433;4200;0;-500;500
11;11;0;Azenha;15954;7954;8000;250;-500;750
11;11;0;Bela Vista;12937;7737;5200;-250;-250;0
11;11;0;Belém Novo;10200;7150;3050;-250;-250;0
11;11;0;Belém Velho;14290;6785;7505;250;-250;500
11;11;0;Boa Vista;12103;5803;6300;250;-250;500
11;11;0;Boa Vista do Sul;4109;1609;2500;0;0;0
11;11;0;Bom Fim;8593;5043;3550;0;0;0
11;11;0;Bom Jesus;23975;17875;6100;-750;-750;0
11;11;0;Camaquã;16538;10488;6050;0;-500;500
11;11;0;Campo Novo;12016;6166;5850;0;0;0
11;11;0;Cascata;16363;7913;8450;1000;-250;1250
11;11;0;Cavalhada;22149;15099;7050;250;-250;500
11;11;0;Centro Histórico;29004;25854;3150;-500;-500;0
11;11;0;Chácara das Pedras;9396;4918;4478;0;0;0
11;11;0;Chapéu do Sol;6813;2213;4600;250;0;250
11;11;0;Cidade Baixa;21679;12529;9150;500;0;500
11;11;0;Cel. Aparício Borges;19453;12503;6950;250;0;250
11;11;0;Costa e Silva;16592;9442;7150;-500;-500;0
11;11;0;Cristal;20096;17096;3000;-1000;-1250;250
11;11;0;Cristo Redentor;10655;7905;2750;-750;-1000;250
11;11;0;Espírito Santo;7506;3256;4250;0;0;0
11;11;0;Extrema;2681;1481;1200;0;0;0
11;11;0;Farrapos;13740;10290;3450;-500;-500;0
11;11;0;Farroupilha;10234;434;9800;173;-77;250
11;11;0;Floresta;12446;5896;6550;-250;-750;500
11;11;0;Glória;21523;10485;11038;500;-250;750
11;11;0;Guarujá;6474;3074;3400;-250;-250;0
11;11;0;Higienópolis;12274;7074;5200;500;0;500
11;11;0;Hípica;18245;12345;5900;250;0;250
11;11;0;Humaitá;10452;6402;4050;0;-500;500
11;11;0;Independência;10512;5312;5200;500;0;500
11;11;0;Ipanema;12978;9378;3600;-250;-250;0
11;11;0;Jardim Botânico;15671;8821;6850;-250;-500;250
11;11;0;Jardim Carvalho;20872;16459;4413;-250;-500;250
11;11;0;Jardim do Salso;11455;3455;8000;1250;0;1250
11;11;0;Jardim Leopoldina;20457;12880;7577;327;-250;577
11;11;0;Jardim Europa;7776;1249;6527;500;0;500
11;11;0;Jardim Floresta;6844;1194;5650;-500;-500;0
11;11;0;Jardim Isabel;7685;2135;5550;500;0;500
11;11;0;Jardim Itú;17703;13253;4450;-250;-500;250
11;11;0;Jardim Lindóia;6352;3752;2600;250;0;250
11;11;0;Jardim Sabará;16445;8380;8065;-500;-500;0
11;11;0;Jardim São Pedro;8017;3017;5000;0;-250;250
11;11;0;Lageado;6181;2581;3600;0;0;0
11;11;0;Lami;5639;3289;2350;250;0;250
11;11;0;Lomba do Pinheiro;40528;36956;3572;-750;-1000;250
11;11;0;Mário Quintana;34916;30266;4650;-250;-250;0
11;11;0;Medianeira;19273;8073;11200;-500;-500;0
11;11;0;Menino Deus;21050;18100;2950;-250;-250;0
11;11;0;Moinhos de Vento;14637;7537;7100;750;0;750
11;11;0;Mont'Serrat;11786;6836;4950;250;0;250
11;11;0;Morro Santana;19624;14538;5086;0;0;0
11;11;0;Navegantes;9023;3027;5996;250;0;250
11;11;0;Nonoai;23810;14610;9200;250;-500;750
11;11;0;Parque Santa Fé;11776;3326;8450;250;-250;500
11;11;0;Partenon;34985;27910;7075;-250;-1000;750
11;11;0;Passo D'Areia;22418;14668;7750;250;-250;500
11;11;0;Passo das Pedras;19302;11352;7950;750;0;750
11;11;0;Pedra Redonda;3474;274;3200;250;0;250
11;11;0;Petrópolis;28746;22696;6050;-1000;-1500;500
11;11;0;Pitinga;6602;2402;4200;0;-250;250
11;11;0;Ponta Grossa;9809;6172;3637;250;0;250
11;11;0;Praia de Belas;6781;1531;5250;250;0;250
11;11;0;Restinga;35714;32614;3100;0;-250;250
11;11;0;Rio Branco;19381;12731;6650;250;0;250
11;11;0;Rubem Berta;32518;23568;8950;-250;-500;250
11;11;0;Santa Cecília;10162;4318;5844;-250;-250;0
11;11;0;Santa Maria Goretti;6431;1681;4750;500;0;500
11;11;0;Santa Rosa de Lima;24733;19883;4850;-250;-500;250
11;11;0;Santa Tereza;30899;22939;7960;-750;-1000;250
11;11;0;Santana;15573;10523;5050;-250;-750;500
11;11;0;Santo Antônio;14413;8111;6302;0;-250;250
11;11;0;São Caetano;3457;757;2700;500;0;500
11;11;0;São Geraldo;9131;5181;3950;-250;-500;250
11;11;0;São João;11826;8376;3450;250;-500;750
11;11;0;São Sebastião;9368;4405;4963;500;0;500
11;11;0;Sarandi;42221;37371;4850;-1500;-1500;0
11;11;0;Serraria;8093;3743;4350;0;0;0
11;11;0;Sétimo Céu;8979;1079;7900;250;0;250
11;11;0;Teresópolis;18439;10807;7632;0;-250;250
11;11;0;Três Figueiras;10920;2570;8350;250;0;250
11;11;0;Tristeza;14442;10792;3650;250;0;250
11;11;0;Vila Assunção;6518;3018;3500;0;0;0
11;11;0;Vila Conceição;5199;1349;3850;0;0;0
11;11;0;Vila Ipiranga;18384;11584;6800;-500;-750;250
11;11;0;Vila Jardim;13339;9039;4300;750;0;750
11;11;0;Vila João Pessoa;15628;7678;7950;-250;-500;250
11;11;0;Vila Nova;27064;20514;6550;-750;-750;0
11;11;0;São José;20850;16400;4450;-250;-750;500
12;12;0;Aberta dos Morros;8129;5743;2386;-2570;444;-3014
12;12;0;Agronomia;4475;2094;2381;-2454;465;-2919
12;12;0;Anchieta;4884;1426;3458;-2540;352;-2892
12;12;0;Arquipélago;8523;6932;1591;43;1252;-1209
12;12;0;Auxiliadora;9381;7319;2062;-1252;886;-2138
12;12;0;Azenha;14699;10084;4615;-1255;2130;-3385
12;12;0;Bela Vista;12781;9594;3187;-156;1857;-2013
12;12;0;Belém Novo;10591;8712;1879;391;1562;-1171
12;12;0;Belém Velho;12724;8156;4568;-1566;1371;-2937
12;12;0;Boa Vista;12856;7788;5068;753;1985;-1232
12;12;0;Boa Vista do Sul;3675;1911;1764;-434;302;-736
12;12;0;Bom Fim;10093;7651;2442;1500;2608;-1108
12;12;0;Bom Jesus;24988;21966;3022;1013;4091;-3078
12;12;0;Camaquã;17143;13675;3468;605;3187;-2582
12;12;0;Campo Novo;9655;7084;2571;-2361;918;-3279
12;12;0;Cascata;14560;9244;5316;-1803;1331;-3134
12;12;0;Cavalhada;24685;20360;4325;2536;5261;-2725
12;12;0;Centro Histórico;32303;30344;1959;3299;4490;-1191
12;12;0;Chácara das Pedras;8541;5504;3037;-855;586;-1441
12;12;0;Chapéu do Sol;4898;2427;2471;-1915;214;-2129
12;12;0;Cidade Baixa;18944;12835;6109;-2735;306;-3041
12;12;0;Cel. Aparício Borges;19832;15557;4275;379;3054;-2675
12;12;0;Costa e Silva;15544;12007;3537;-1048;2565;-3613
12;12;0;Cristal;24237;22810;1427;4141;5714;-1573
12;12;0;Cristo Redentor;13293;10917;2376;2638;3012;-374
12;12;0;Espírito Santo;6726;4124;2602;-780;868;-1648
12;12;0;Extrema;2379;1331;1048;-302;-150;-152
12;12;0;Farrapos;16311;14037;2274;2571;3747;-1176
12;12;0;Farroupilha;7258;539;6719;-2976;105;-3081
12;12;0;Floresta;12925;8658;4267;479;2762;-2283
12;12;0;Glória;17875;13040;4835;-3648;2555;-6203
12;12;0;Guarujá;6091;3931;2160;-383;857;-1240
12;12;0;Higienópolis;11802;8939;2863;-472;1865;-2337
12;12;0;Hípica;18499;15390;3109;254;3045;-2791
12;12;0;Humaitá;10576;8308;2268;124;1906;-1782
12;12;0;Independência;9559;6359;3200;-953;1047;-2000
12;12;0;Ipanema;13040;10720;2320;62;1342;-1280
12;12;0;Jardim Botânico;14567;10445;4122;-1104;1624;-2728
12;12;0;Jardim Carvalho;22930;20075;2855;2058;3616;-1558
12;12;0;Jardim do Salso;8763;3807;4956;-2692;352;-3044
12;12;0;Jardim Leopoldina;19408;15043;4365;-1049;2163;-3212
12;12;0;Jardim Europa;5766;1413;4353;-2010;164;-2174
12;12;0;Jardim Floresta;5478;1917;3561;-1366;723;-2089
12;12;0;Jardim Isabel;5742;2599;3143;-1943;464;-2407
12;12;0;Jardim Itú;17234;14808;2426;-469;1555;-2024
12;12;0;Jardim Lindóia;6704;5110;1594;352;1358;-1006
12;12;0;Jardim Sabará;15012;10544;4468;-1433;2164;-3597
12;12;0;Jardim São Pedro;6321;3207;3114;-1696;190;-1886
12;12;0;Lageado;4381;3285;1096;-1800;704;-2504
12;12;0;Lami;5457;3813;1644;-182;524;-706
12;12;0;Lomba do Pinheiro;47590;46011;1579;7062;9055;-1993
12;12;0;Mário Quintana;36764;34180;2584;1848;3914;-2066
12;12;0;Medianeira;15080;9352;5728;-4193;1279;-5472
12;12;0;Menino Deus;25192;23231;1961;4142;5131;-989
12;12;0;Moinhos de Vento;12460;8565;3895;-2177;1028;-3205
12;12;0;Mont'Serrat;11600;8851;2749;-186;2015;-2201
12;12;0;Morro Santana;19987;17129;2858;363;2591;-2228
12;12;0;Navegantes;6486;3449;3037;-2537;422;-2959
12;12;0;Nonoai;24492;18654;5838;682;4044;-3362
12;12;0;Parque Santa Fé;10046;4584;5462;-1730;1258;-2988
12;12;0;Partenon;42136;37539;4597;7151;9629;-2478
12;12;0;Passo D'Areia;21587;18060;3527;-831;3392;-4223
12;12;0;Passo das Pedras;18620;13720;4900;-682;2368;-3050
12;12;0;Pedra Redonda;2023;274;1749;-1451;0;-1451
12;12;0;Petrópolis;31871;28564;3307;3125;5868;-2743
12;12;0;Pitinga;5342;3116;2226;-1260;714;-1974
12;12;0;Ponta Grossa;9643;7081;2562;-166;909;-1075
12;12;0;Praia de Belas;5083;1843;3240;-1698;312;-2010
12;12;0;Restinga;45204;43122;2082;9490;10508;-1018
12;12;0;Rio Branco;18836;14400;4436;-545;1669;-2214
12;12;0;Rubem Berta;32969;28245;4724;451;4677;-4226
12;12;0;Santa Cecília;8458;4932;3526;-1704;614;-2318
12;12;0;Santa Maria Goretti;5757;2356;3401;-674;675;-1349
12;12;0;Santa Rosa de Lima;29852;27108;2744;5119;7225;-2106
12;12;0;Santa Tereza;36248;31072;5176;5349;8133;-2784
12;12;0;Santana;16916;14010;2906;1343;3487;-2144
12;12;0;Santo Antônio;13499;9755;3744;-914;1644;-2558
12;12;0;São Caetano;2445;757;1688;-1012;0;-1012
12;12;0;São Geraldo;8155;6367;1788;-976;1186;-2162
12;12;0;São João;12850;10280;2570;1024;1904;-880
12;12;0;São Sebastião;8781;5746;3035;-587;1341;-1928
12;12;0;Sarandi;47662;45729;1933;5441;8358;-2917
12;12;0;Serraria;6973;4540;2433;-1120;797;-1917
12;12;0;Sétimo Céu;5426;1291;4135;-3553;212;-3765
12;12;0;Teresópolis;16189;12148;4041;-2250;1341;-3591
12;12;0;Três Figueiras;8178;3107;5071;-2742;537;-3279
12;12;0;Tristeza;15854;13008;2846;1412;2216;-804
12;12;0;Vila Assunção;5376;3460;1916;-1142;442;-1584
12;12;0;Vila Conceição;3619;1349;2270;-1580;0;-1580
12;12;0;Vila Ipiranga;18695;14949;3746;311;3365;-3054
12;12;0;Vila Jardim;14857;11403;3454;1518;2364;-846
12;12;0;Vila João Pessoa;14913;10573;4340;-715;2895;-3610
12;12;0;Vila Nova;29758;25976;3782;2694;5462;-2768
12;12;0;São José;23754;20740;3014;2904;4340;-1436
13;13;0;Aberta dos Morros;9461;4277;5184;1332;-1466;2798
13;13;0;Agronomia;6705;1419;5286;2230;-675;2905
13;13;0;Anchieta;7440;1028;6412;2556;-398;2954
13;13;0;Arquipélago;7704;5113;2591;-819;-1819;1000
13;13;0;Auxiliadora;9631;5569;4062;250;-1750;2000
13;13;0;Azenha;16061;7196;8865;1362;-2888;4250
13;13;0;Bela Vista;14329;7642;6687;1548;-1952;3500
13;13;0;Belém Novo;9715;7336;2379;-876;-1376;500
13;13;0;Belém Velho;14474;7156;7318;1750;-1000;2750
13;13;0;Boa Vista;12703;5635;7068;-153;-2153;2000
13;13;0;Boa Vista do Sul;5712;1911;3801;2037;0;2037
13;13;0;Bom Fim;10644;5452;5192;551;-2199;2750
13;13;0;Bom Jesus;23238;18216;5022;-1750;-3750;2000
13;13;0;Camaquã;17643;12175;5468;500;-1500;2000
13;13;0;Campo Novo;10204;5633;4571;549;-1451;2000
13;13;0;Cascata;15767;6451;9316;1207;-2793;4000
13;13;0;Cavalhada;21895;16110;5785;-2790;-4250;1460
13;13;0;Centro Histórico;26803;22594;4209;-5500;-7750;2250
13;13;0;Chácara das Pedras;8885;4254;4631;344;-1250;1594
13;13;0;Chapéu do Sol;6648;1677;4971;1750;-750;2500
13;13;0;Cidade Baixa;19673;10335;9338;729;-2500;3229
13;13;0;Cel. Aparício Borges;17875;12057;5818;-1957;-3500;1543
13;13;0;Costa e Silva;17172;10007;7165;1628;-2000;3628
13;13;0;Cristal;21614;17687;3927;-2623;-5123;2500
13;13;0;Cristo Redentor;14209;9667;4542;916;-1250;2166
13;13;0;Espírito Santo;8169;3067;5102;1443;-1057;2500
13;13;0;Extrema;3129;1081;2048;750;-250;1000
13;13;0;Farrapos;15037;11310;3727;-1274;-2727;1453
13;13;0;Farroupilha;11508;539;10969;4250;0;4250
13;13;0;Floresta;13425;7658;5767;500;-1000;1500
13;13;0;Glória;21187;9915;11272;3312;-3125;6437
13;13;0;Guarujá;6983;3431;3552;892;-500;1392
13;13;0;Higienópolis;13019;7141;5878;1217;-1798;3015
13;13;0;Hípica;18249;13140;5109;-250;-2250;2000
13;13;0;Humaitá;10434;6166;4268;-142;-2142;2000
13;13;0;Independência;11559;5109;6450;2000;-1250;3250
13;13;0;Ipanema;11522;8220;3302;-1518;-2500;982
13;13;0;Jardim Botânico;13957;8085;5872;-610;-2360;1750
13;13;0;Jardim Carvalho;21430;16075;5355;-1500;-4000;2500
13;13;0;Jardim do Salso;12270;3557;8713;3507;-250;3757
13;13;0;Jardim Leopoldina;20608;12993;7615;1200;-2050;3250
13;13;0;Jardim Europa;6962;1109;5853;1196;-304;1500
13;13;0;Jardim Floresta;7415;1604;5811;1937;-313;2250
13;13;0;Jardim Isabel;7368;2599;4769;1626;0;1626
13;13;0;Jardim Itú;16284;11808;4476;-950;-3000;2050
13;13;0;Jardim Lindóia;7751;3907;3844;1047;-1203;2250
13;13;0;Jardim Sabará;15359;7891;7468;347;-2653;3000
13;13;0;Jardim São Pedro;7821;2707;5114;1500;-500;2000
13;13;0;Lageado;5881;2785;3096;1500;-500;2000
13;13;0;Lami;7182;3313;3869;1725;-500;2225
13;13;0;Lomba do Pinheiro;40467;36638;3829;-7123;-9373;2250
13;13;0;Mário Quintana;31310;27976;3334;-5454;-6204;750
13;13;0;Medianeira;18711;8352;10359;3631;-1000;4631
13;13;0;Menino Deus;23330;17481;5849;-1862;-5750;3888
13;13;0;Moinhos de Vento;12659;7565;5094;199;-1000;1199
13;13;0;Mont'Serrat;13350;7601;5749;1750;-1250;3000
13;13;0;Morro Santana;19722;14301;5421;-265;-2828;2563
13;13;0;Navegantes;7486;2699;4787;1000;-750;1750
13;13;0;Nonoai;23355;14517;8838;-1137;-4137;3000
13;13;0;Parque Santa Fé;11291;3456;7835;1245;-1128;2373
13;13;0;Partenon;37255;28158;9097;-4881;-9381;4500
13;13;0;Passo D'Areia;18454;13677;4777;-3133;-4383;1250
13;13;0;Passo das Pedras;19395;10745;8650;775;-2975;3750
13;13;0;Pedra Redonda;3523;274;3249;1500;0;1500
13;13;0;Petrópolis;29224;23417;5807;-2647;-5147;2500
13;13;0;Pitinga;6842;2616;4226;1500;-500;2000
13;13;0;Ponta Grossa;9471;6081;3390;-172;-1000;828
13;13;0;Praia de Belas;7083;1843;5240;2000;0;2000
13;13;0;Restinga;36154;33572;2582;-9050;-9550;500
13;13;0;Rio Branco;17336;12150;5186;-1500;-2250;750
13;13;0;Rubem Berta;31932;22458;9474;-1037;-5787;4750
13;13;0;Santa Cecília;10208;3932;6276;1750;-1000;2750
13;13;0;Santa Maria Goretti;7558;2106;5452;1801;-250;2051
13;13;0;Santa Rosa de Lima;25852;19858;5994;-4000;-7250;3250
13;13;0;Santa Tereza;32621;23572;9049;-3627;-7500;3873
13;13;0;Santana;14389;9031;5358;-2527;-4979;2452
13;13;0;Santo Antônio;13749;8005;5744;250;-1750;2000
13;13;0;São Caetano;2695;757;1938;250;0;250
13;13;0;São Geraldo;10382;5367;5015;2227;-1000;3227
13;13;0;São João;13100;8280;4820;250;-2000;2250
13;13;0;São Sebastião;9748;4463;5285;967;-1283;2250
13;13;0;Sarandi;40912;36729;4183;-6750;-9000;2250
13;13;0;Serraria;8581;4148;4433;1608;-392;2000
13;13;0;Sétimo Céu;7426;1291;6135;2000;0;2000
13;13;0;Teresópolis;16856;9398;7458;667;-2750;3417
13;13;0;Três Figueiras;10413;2592;7821;2235;-515;2750
13;13;0;Tristeza;14354;10508;3846;-1500;-2500;1000
13;13;0;Vila Assunção;6463;2978;3485;1087;-482;1569
13;13;0;Vila Conceição;5426;1349;4077;1807;0;1807
13;13;0;Vila Ipiranga;18695;12449;6246;0;-2500;2500
13;13;0;Vila Jardim;16532;9153;7379;1675;-2250;3925
13;13;0;Vila João Pessoa;15163;9073;6090;250;-1500;1750
13;13;0;Vila Nova;28133;21226;6907;-1625;-4750;3125
13;13;0;São José;21144;16130;5014;-2610;-4610;2000
14;14;0;Aberta dos Morros;9711;4277;5434;250;0;250
14;14;0;Agronomia;6955;1419;5536;250;0;250
14;14;0;Anchieta;7940;1028;6912;500;0;500
14;14;0;Arquipélago;7204;4613;2591;-500;-500;0
14;14;0;Auxiliadora;9381;5069;4312;-250;-500;250
14;14;0;Azenha;16061;6946;9115;0;-250;250
14;14;0;Bela Vista;14579;7642;6937;250;0;250
14;14;0;Belém Novo;9715;7336;2379;0;0;0
14;14;0;Belém Velho;14224;6656;7568;-250;-500;250
14;14;0;Boa Vista;12203;4885;7318;-500;-750;250
14;14;0;Boa Vista do Sul;5212;1411;3801;-500;-500;0
14;14;0;Bom Fim;11144;5452;5692;500;0;500
14;14;0;Bom Jesus;22488;17216;5272;-750;-1000;250
14;14;0;Camaquã;17393;11925;5468;-250;-250;0
14;14;0;Campo Novo;10954;5633;5321;750;0;750
14;14;0;Cascata;16017;6451;9566;250;0;250
14;14;0;Cavalhada;22145;15860;6285;250;-250;500
14;14;0;Centro Histórico;26803;22344;4459;0;-250;250
14;14;0;Chácara das Pedras;9135;4004;5131;250;-250;500
14;14;0;Chapéu do Sol;6648;1677;4971;0;0;0
14;14;0;Cidade Baixa;19673;9835;9838;0;-500;500
14;14;0;Cel. Aparício Borges;17875;12057;5818;0;0;0
14;14;0;Costa e Silva;17422;10007;7415;250;0;250
14;14;0;Cristal;21364;16687;4677;-250;-1000;750
14;14;0;Cristo Redentor;14209;9417;4792;0;-250;250
14;14;0;Espírito Santo;8169;2817;5352;0;-250;250
14;14;0;Extrema;3129;1081;2048;0;0;0
14;14;0;Farrapos;14537;10810;3727;-500;-500;0
14;14;0;Farroupilha;13258;539;12719;1750;0;1750
14;14;0;Floresta;13425;7408;6017;0;-250;250
14;14;0;Glória;21187;9915;11272;0;0;0
14;14;0;Guarujá;6983;3181;3802;0;-250;250
14;14;0;Higienópolis;13769;7141;6628;750;0;750
14;14;0;Hípica;17499;12390;5109;-750;-750;0
14;14;0;Humaitá;10434;6166;4268;0;0;0
14;14;0;Independência;11559;5109;6450;0;0;0
14;14;0;Ipanema;11522;7970;3552;0;-250;250
14;14;0;Jardim Botânico;15457;8085;7372;1500;0;1500
14;14;0;Jardim Carvalho;21930;15825;6105;500;-250;750
14;14;0;Jardim do Salso;12520;3557;8963;250;0;250
14;14;0;Jardim Leopoldina;20858;12743;8115;250;-250;500
14;14;0;Jardim Europa;7712;1109;6603;750;0;750
14;14;0;Jardim Floresta;7415;1604;5811;0;0;0
14;14;0;Jardim Isabel;7618;2599;5019;250;0;250
14;14;0;Jardim Itú;15284;10808;4476;-1000;-1000;0
14;14;0;Jardim Lindóia;7751;3657;4094;0;-250;250
14;14;0;Jardim Sabará;15859;7891;7968;500;0;500
14;14;0;Jardim São Pedro;7571;2457;5114;-250;-250;0
14;14;0;Lageado;5881;2785;3096;0;0;0
14;14;0;Lami;7182;3313;3869;0;0;0
14;14;0;Lomba do Pinheiro;39967;36138;3829;-500;-500;0
14;14;0;Mário Quintana;30560;27226;3334;-750;-750;0
14;14;0;Medianeira;19211;8352;10859;500;0;500
14;14;0;Menino Deus;22580;16481;6099;-750;-1000;250
14;14;0;Moinhos de Vento;12909;7565;5344;250;0;250
14;14;0;Mont'Serrat;12600;6851;5749;-750;-750;0
14;14;0;Morro Santana;19472;13801;5671;-250;-500;250
14;14;0;Navegantes;7986;2699;5287;500;0;500
14;14;0;Nonoai;22855;13767;9088;-500;-750;250
14;14;0;Parque Santa Fé;11791;3206;8585;500;-250;750
14;14;0;Partenon;36755;27158;9597;-500;-1000;500
14;14;0;Passo D'Areia;17954;12927;5027;-500;-750;250
14;14;0;Passo das Pedras;19645;10245;9400;250;-500;750
14;14;0;Pedra Redonda;3523;274;3249;0;0;0
14;14;0;Petrópolis;29224;22917;6307;0;-500;500
14;14;0;Pitinga;6842;2616;4226;0;0;0
14;14;0;Ponta Grossa;9471;5831;3640;0;-250;250
14;14;0;Praia de Belas;7083;1593;5490;0;-250;250
14;14;0;Restinga;35904;33322;2582;-250;-250;0
14;14;0;Rio Branco;16836;11650;5186;-500;-500;0
14;14;0;Rubem Berta;31182;21708;9474;-750;-750;0
14;14;0;Santa Cecília;9958;3682;6276;-250;-250;0
14;14;0;Santa Maria Goretti;7808;2106;5702;250;0;250
14;14;0;Santa Rosa de Lima;26102;19608;6494;250;-250;500
14;14;0;Santa Tereza;33871;23322;10549;1250;-250;1500
14;14;0;Santana;14389;9031;5358;0;0;0
14;14;0;Santo Antônio;12999;7255;5744;-750;-750;0
14;14;0;São Caetano;2945;757;2188;250;0;250
14;14;0;São Geraldo;10382;5367;5015;0;0;0
14;14;0;São João;12850;8030;4820;-250;-250;0
14;14;0;São Sebastião;10248;4463;5785;500;0;500
14;14;0;Sarandi;38662;34229;4433;-2250;-2500;250
14;14;0;Serraria;8581;4148;4433;0;0;0
14;14;0;Sétimo Céu;7676;1291;6385;250;0;250
14;14;0;Teresópolis;17106;9398;7708;250;0;250
14;14;0;Três Figueiras;10913;2592;8321;500;0;500
14;14;0;Tristeza;13854;9758;4096;-500;-750;250
14;14;0;Vila Assunção;6463;2978;3485;0;0;0
14;14;0;Vila Conceição;5426;1349;4077;0;0;0
14;14;0;Vila Ipiranga;18445;11949;6496;-250;-500;250
14;14;0;Vila Jardim;16532;9153;7379;0;0;0
14;14;0;Vila João Pessoa;14913;8573;6340;-250;-500;250
14;14;0;Vila Nova;28633;20976;7657;500;-250;750
14;14;0;São José;21394;15880;5514;250;-250;500
15;15;0;Aberta dos Morros;9961;4277;5684;250;0;250
15;15;0;Agronomia;6955;1419;5536;0;0;0
15;15;0;Anchieta;8190;1028;7162;250;0;250
15;15;0;Arquipélago;7204;4363;2841;0;-250;250
15;15;0;Auxiliadora;9381;4819;4562;0;-250;250
15;15;0;Azenha;15561;6446;9115;-500;-500;0
15;15;0;Bela Vista;14329;7142;7187;-250;-500;250
15;15;0;Belém Novo;9465;7086;2379;-250;-250;0
15;15;0;Belém Velho;14474;6406;8068;250;-250;500
15;15;0;Boa Vista;12203;4635;7568;0;-250;250
15;15;0;Boa Vista do Sul;5462;1411;4051;250;0;250
15;15;0;Bom Fim;11394;5202;6192;250;-250;500
15;15;0;Bom Jesus;22738;16966;5772;250;-250;500
15;15;0;Camaquã;17143;11175;5968;-250;-750;500
15;15;0;Campo Novo;10704;5383;5321;-250;-250;0
15;15;0;Cascata;16517;6451;10066;500;0;500
15;15;0;Cavalhada;21895;15360;6535;-250;-500;250
15;15;0;Centro Histórico;25553;21094;4459;-1250;-1250;0
15;15;0;Chácara das Pedras;9135;3504;5631;0;-500;500
15;15;0;Chapéu do Sol;6648;1677;4971;0;0;0
15;15;0;Cidade Baixa;20173;9335;10838;500;-500;1000
15;15;0;Cel. Aparício Borges;17875;12057;5818;0;0;0
15;15;0;Costa e Silva;17172;9507;7665;-250;-500;250
15;15;0;Cristal;21114;16187;4927;-250;-500;250
15;15;0;Cristo Redentor;14209;9167;5042;0;-250;250
15;15;0;Espírito Santo;8419;2817;5602;250;0;250
15;15;0;Extrema;3379;1081;2298;250;0;250
15;15;0;Farrapos;14537;10810;3727;0;0;0
15;15;0;Farroupilha;14508;539;13969;1250;0;1250
15;15;0;Floresta;13675;7408;6267;250;0;250
15;15;0;Glória;20687;9415;11272;-500;-500;0
15;15;0;Guarujá;6983;3181;3802;0;0;0
15;15;0;Higienópolis;13769;6891;6878;0;-250;250
15;15;0;Hípica;17499;12140;5359;0;-250;250
15;15;0;Humaitá;10434;6166;4268;0;0;0
15;15;0;Independência;11059;4609;6450;-500;-500;0
15;15;0;Ipanema;11522;7970;3552;0;0;0
15;15;0;Jardim Botânico;15707;8085;7622;250;0;250
15;15;0;Jardim Carvalho;21430;15325;6105;-500;-500;0
15;15;0;Jardim do Salso;12520;3307;9213;0;-250;250
15;15;0;Jardim Leopoldina;20858;12743;8115;0;0;0
15;15;0;Jardim Europa;7962;1109;6853;250;0;250
15;15;0;Jardim Floresta;7165;1354;5811;-250;-250;0
15;15;0;Jardim Isabel;8118;2599;5519;500;0;500
15;15;0;Jardim Itú;14784;10308;4476;-500;-500;0
15;15;0;Jardim Lindóia;7751;3657;4094;0;0;0
15;15;0;Jardim Sabará;15859;7891;7968;0;0;0
15;15;0;Jardim São Pedro;7821;2457;5364;250;0;250
15;15;0;Lageado;5881;2535;3346;0;-250;250
15;15;0;Lami;7432;3313;4119;250;0;250
15;15;0;Lomba do Pinheiro;39967;35888;4079;0;-250;250
15;15;0;Mário Quintana;30060;26726;3334;-500;-500;0
15;15;0;Medianeira;19711;8352;11359;500;0;500
15;15;0;Menino Deus;22830;16481;6349;250;0;250
15;15;0;Moinhos de Vento;13159;7315;5844;250;-250;500
15;15;0;Mont'Serrat;13100;6851;6249;500;0;500
15;15;0;Morro Santana;19722;13551;6171;250;-250;500
15;15;0;Navegantes;7986;2699;5287;0;0;0
15;15;0;Nonoai;22605;12767;9838;-250;-1000;750
15;15;0;Parque Santa Fé;11791;3206;8585;0;0;0
15;15;0;Partenon;35255;25658;9597;-1500;-1500;0
15;15;0;Passo D'Areia;18454;12427;6027;500;-500;1000
15;15;0;Passo das Pedras;20395;10245;10150;750;0;750
15;15;0;Pedra Redonda;3523;274;3249;0;0;0
15;15;0;Petrópolis;28224;21667;6557;-1000;-1250;250
15;15;0;Pitinga;6592;2366;4226;-250;-250;0
15;15;0;Ponta Grossa;9471;5831;3640;0;0;0
15;15;0;Praia de Belas;7833;1593;6240;750;0;750
15;15;0;Restinga;35654;33072;2582;-250;-250;0
15;15;0;Rio Branco;16336;10650;5686;-500;-1000;500
15;15;0;Rubem Berta;30932;21208;9724;-250;-500;250
15;15;0;Santa Cecília;10208;3432;6776;250;-250;500
15;15;0;Santa Maria Goretti;7808;2106;5702;0;0;0
15;15;0;Santa Rosa de Lima;26102;19358;6744;0;-250;250
15;15;0;Santa Tereza;33121;22072;11049;-750;-1250;500
15;15;0;Santana;13889;8281;5608;-500;-750;250
15;15;0;Santo Antônio;12999;7255;5744;0;0;0
15;15;0;São Caetano;2945;757;2188;0;0;0
15;15;0;São Geraldo;10632;5367;5265;250;0;250
15;15;0;São João;12600;7780;4820;-250;-250;0
15;15;0;São Sebastião;10248;4463;5785;0;0;0
15;15;0;Sarandi;37662;33229;4433;-1000;-1000;0
15;15;0;Serraria;8831;4148;4683;250;0;250
15;15;0;Sétimo Céu;8176;1291;6885;500;0;500
15;15;0;Teresópolis;17106;9148;7958;0;-250;250
15;15;0;Três Figueiras;11163;2592;8571;250;0;250
15;15;0;Tristeza;14104;9508;4596;250;-250;500
15;15;0;Vila Assunção;6213;2728;3485;-250;-250;0
15;15;0;Vila Conceição;5426;1349;4077;0;0;0
15;15;0;Vila Ipiranga;18945;11949;6996;500;0;500
15;15;0;Vila Jardim;17532;9153;8379;1000;0;1000
15;15;0;Vila João Pessoa;15413;8573;6840;500;0;500
15;15;0;Vila Nova;28383;20726;7657;-250;-250;0
15;15;0;São José;21144;15130;6014;-250;-750;500
16;16;0;Aberta dos Morros;10163;4293;5870;202;16;186
16;16;0;Agronomia;7009;1501;5508;54;82;-28
16;16;0;Anchieta;7786;1140;6646;-404;112;-516
16;16;0;Arquipélago;7050;4547;2503;-154;184;-338
16;16;0;Auxiliadora;9279;5169;4110;-102;350;-452
16;16;0;Azenha;15547;7072;8475;-14;626;-640
16;16;0;Bela Vista;14565;7670;6895;236;528;-292
16;16;0;Belém Novo;9459;7168;2291;-6;82;-88
16;16;0;Belém Velho;13822;6554;7268;-652;148;-800
16;16;0;Boa Vista;12435;5085;7350;232;450;-218
16;16;0;Boa Vista do Sul;5260;1339;3921;-202;-72;-130
16;16;0;Bom Fim;12564;5830;6734;1170;628;542
16;16;0;Bom Jesus;24460;18094;6366;1722;1128;594
16;16;0;Camaquã;17137;11487;5650;-6;312;-318
16;16;0;Campo Novo;10744;4989;5755;40;-394;434
16;16;0;Cascata;16561;6717;9844;44;266;-222
16;16;0;Cavalhada;22475;16262;6213;580;902;-322
16;16;0;Centro Histórico;26117;21862;4255;564;768;-204
16;16;0;Chácara das Pedras;8625;3614;5011;-510;110;-620
16;16;0;Chapéu do Sol;6504;1309;5195;-144;-368;224
16;16;0;Cidade Baixa;21055;10071;10984;882;736;146
16;16;0;Cel. Aparício Borges;17761;12565;5196;-114;508;-622
16;16;0;Costa e Silva;16512;9591;6921;-660;84;-744
16;16;0;Cristal;21800;17113;4687;686;926;-240
16;16;0;Cristo Redentor;14749;10017;4732;540;850;-310
16;16;0;Espírito Santo;8675;3133;5542;256;316;-60
16;16;0;Extrema;3557;1261;2296;178;180;-2
16;16;0;Farrapos;14601;11106;3495;64;296;-232
16;16;0;Farroupilha;14124;623;13501;-384;84;-468
16;16;0;Floresta;13279;7720;5559;-396;312;-708
16;16;0;Glória;20791;10039;10752;104;624;-520
16;16;0;Guarujá;6991;3383;3608;8;202;-194
16;16;0;Higienópolis;12911;6495;6416;-858;-396;-462
16;16;0;Hípica;17243;12258;4985;-256;118;-374
16;16;0;Humaitá;10562;6502;4060;128;336;-208
16;16;0;Independência;11415;5087;6328;356;478;-122
16;16;0;Ipanema;11652;8376;3276;130;406;-276
16;16;0;Jardim Botânico;16243;7947;8296;536;-138;674
16;16;0;Jardim Carvalho;21356;15417;5939;-74;92;-166
16;16;0;Jardim do Salso;12032;3469;8563;-488;162;-650
16;16;0;Jardim Leopoldina;20406;13073;7333;-452;330;-782
16;16;0;Jardim Europa;7305;1320;5985;-657;211;-868
16;16;0;Jardim Floresta;7245;1428;5817;80;74;6
16;16;0;Jardim Isabel;7132;2381;4751;-986;-218;-768
16;16;0;Jardim Itú;14708;10264;4444;-76;-44;-32
16;16;0;Jardim Lindóia;7837;3889;3948;86;232;-146
16;16;0;Jardim Sabará;15487;8185;7302;-372;294;-666
16;16;0;Jardim São Pedro;7353;2709;4644;-468;252;-720
16;16;0;Lageado;6219;2859;3360;338;324;14
16;16;0;Lami;7100;3193;3907;-332;-120;-212
16;16;0;Lomba do Pinheiro;39335;35612;3723;-632;-276;-356
16;16;0;Mário Quintana;30262;27142;3120;202;416;-214
16;16;0;Medianeira;19683;8496;11187;-28;144;-172
16;16;0;Menino Deus;22216;16079;6137;-614;-402;-212
16;16;0;Moinhos de Vento;13807;7309;6498;648;-6;654
16;16;0;Mont'Serrat;12842;6925;5917;-258;74;-332
16;16;0;Morro Santana;19756;13577;6179;34;26;8
16;16;0;Navegantes;8340;2917;5423;354;218;136
16;16;0;Nonoai;22931;13655;9276;326;888;-562
16;16;0;Parque Santa Fé;12087;3684;8403;296;478;-182
16;16;0;Partenon;35377;26338;9039;122;680;-558
16;16;0;Passo D'Areia;17852;12695;5157;-602;268;-870
16;16;0;Passo das Pedras;19401;10563;8838;-994;318;-1312
16;16;0;Pedra Redonda;4111;274;3837;588;0;588
16;16;0;Petrópolis;28624;22145;6479;400;478;-78
16;16;0;Pitinga;6482;2648;3834;-110;282;-392
16;16;0;Ponta Grossa;8523;5429;3094;-948;-402;-546
16;16;0;Praia de Belas;7633;1473;6160;-200;-120;-80
16;16;0;Restinga;36204;33508;2696;550;436;114
16;16;0;Rio Branco;16560;11058;5502;224;408;-184
16;16;0;Rubem Berta;31006;22064;8942;74;856;-782
16;16;0;Santa Cecília;9982;3434;6548;-226;2;-228
16;16;0;Santa Maria Goretti;7314;2072;5242;-494;-34;-460
16;16;0;Santa Rosa de Lima;28148;20050;8098;2046;692;1354
16;16;0;Santa Tereza;34381;23388;10993;1260;1316;-56
16;16;0;Santana;14113;8633;5480;224;352;-128
16;16;0;Santo Antônio;13089;7333;5756;90;78;12
16;16;0;São Caetano;2853;757;2096;-92;0;-92
16;16;0;São Geraldo;10240;5307;4933;-392;-60;-332
16;16;0;São João;11703;7466;4237;-897;-314;-583
16;16;0;São Sebastião;10324;4779;5545;76;316;-240
16;16;0;Sarandi;37520;33483;4037;-142;254;-396
16;16;0;Serraria;8169;3712;4457;-662;-436;-226
16;16;0;Sétimo Céu;7212;1041;6171;-964;-250;-714
16;16;0;Teresópolis;17168;9322;7846;62;174;-112
16;16;0;Três Figueiras;11267;2512;8755;104;-80;184
16;16;0;Tristeza;14204;9912;4292;100;404;-304
16;16;0;Vila Assunção;6617;2962;3655;404;234;170
16;16;0;Vila Conceição;4960;1349;3611;-466;0;-466
16;16;0;Vila Ipiranga;18665;12077;6588;-280;128;-408
16;16;0;Vila Jardim;17188;8977;8211;-344;-176;-168
16;16;0;Vila João Pessoa;14709;8331;6378;-704;-242;-462
16;16;0;Vila Nova;28577;21058;7519;194;332;-138
16;16;0;São José;22366;15894;6472;1222;764;458
17;17;0;Aberta dos Morros;8793;5101;3692;-1370;808;-2178
17;17;0;Agronomia;4976;1926;3050;-2033;425;-2458
17;17;0;Anchieta;5829;1509;4320;-1957;369;-2326
17;17;0;Arquipélago;7599;6071;1528;549;1524;-975
17;17;0;Auxiliadora;8658;6499;2159;-621;1330;-1951
17;17;0;Azenha;14612;9597;5015;-935;2525;-3460
17;17;0;Bela Vista;13529;9120;4409;-1036;1450;-2486
17;17;0;Belém Novo;10023;8065;1958;564;897;-333
17;17;0;Belém Velho;12443;7062;5381;-1379;508;-1887
17;17;0;Boa Vista;12808;6710;6098;373;1625;-1252
17;17;0;Boa Vista do Sul;3469;1371;2098;-1791;32;-1823
17;17;0;Bom Fim;11760;7276;4484;-804;1446;-2250
17;17;0;Bom Jesus;25375;20620;4755;915;2526;-1611
17;17;0;Camaquã;16776;12468;4308;-361;981;-1342
17;17;0;Campo Novo;9991;6348;3643;-753;1359;-2112
17;17;0;Cascata;15523;8533;6990;-1038;1816;-2854
17;17;0;Cavalhada;24987;19517;5470;2512;3255;-743
17;17;0;Centro Histórico;30522;28124;2398;4405;6262;-1857
17;17;0;Chácara das Pedras;8697;4770;3927;72;1156;-1084
17;17;0;Chapéu do Sol;5257;1797;3460;-1247;488;-1735
17;17;0;Cidade Baixa;20418;11826;8592;-637;1755;-2392
17;17;0;Cel. Aparício Borges;19456;14994;4462;1695;2429;-734
17;17;0;Costa e Silva;15499;11176;4323;-1013;1585;-2598
17;17;0;Cristal;23587;20752;2835;1787;3639;-1852
17;17;0;Cristo Redentor;14111;11030;3081;-638;1013;-1651
17;17;0;Espírito Santo;7323;4157;3166;-1352;1024;-2376
17;17;0;Extrema;2677;1261;1416;-880;0;-880
17;17;0;Farrapos;15984;13605;2379;1383;2499;-1116
17;17;0;Farroupilha;11374;623;10751;-2750;0;-2750
17;17;0;Floresta;13695;8888;4807;416;1168;-752
17;17;0;Glória;17273;12321;4952;-3518;2282;-5800
17;17;0;Guarujá;5924;3408;2516;-1067;25;-1092
17;17;0;Higienópolis;12097;7744;4353;-814;1249;-2063
17;17;0;Hípica;17178;13843;3335;-65;1585;-1650
17;17;0;Humaitá;10926;8544;2382;364;2042;-1678
17;17;0;Independência;9776;6030;3746;-1639;943;-2582
17;17;0;Ipanema;12971;10476;2495;1319;2100;-781
17;17;0;Jardim Botânico;16819;9923;6896;576;1976;-1400
17;17;0;Jardim Carvalho;22406;18071;4335;1050;2654;-1604
17;17;0;Jardim do Salso;9590;3713;5877;-2442;244;-2686
17;17;0;Jardim Leopoldina;19662;14834;4828;-744;1761;-2505
17;17;0;Jardim Europa;7097;1431;5666;-208;111;-319
17;17;0;Jardim Floresta;6047;1502;4545;-1198;74;-1272
17;17;0;Jardim Isabel;6024;2445;3579;-1108;64;-1172
17;17;0;Jardim Itú;15267;12361;2906;559;2097;-1538
17;17;0;Jardim Lindóia;6939;4533;2406;-898;644;-1542
17;17;0;Jardim Sabará;15087;10409;4678;-400;2224;-2624
17;17;0;Jardim São Pedro;6321;2921;3400;-1032;212;-1244
17;17;0;Lageado;4659;3135;1524;-1560;276;-1836
17;17;0;Lami;5565;3219;2346;-1535;26;-1561
17;17;0;Lomba do Pinheiro;45736;43713;2023;6401;8101;-1700
17;17;0;Mário Quintana;33870;31608;2262;3608;4466;-858
17;17;0;Medianeira;16530;9260;7270;-3153;764;-3917
17;17;0;Menino Deus;24381;20360;4021;2165;4281;-2116
17;17;0;Moinhos de Vento;12953;7823;5130;-854;514;-1368
17;17;0;Mont'Serrat;11292;8208;3084;-1550;1283;-2833
17;17;0;Morro Santana;20638;16294;4344;882;2717;-1835
17;17;0;Navegantes;6916;3373;3543;-1424;456;-1880
17;17;0;Nonoai;24214;16719;7495;1283;3064;-1781
17;17;0;Parque Santa Fé;10728;4344;6384;-1359;660;-2019
17;17;0;Partenon;39756;33872;5884;4379;7534;-3155
17;17;0;Passo D'Areia;20207;16220;3987;2355;3525;-1170
17;17;0;Passo das Pedras;18993;12951;6042;-408;2388;-2796
17;17;0;Pedra Redonda;3103;274;2829;-1008;0;-1008
17;17;0;Petrópolis;31114;26432;4682;2490;4287;-1797
17;17;0;Pitinga;5299;3136;2163;-1183;488;-1671
17;17;0;Ponta Grossa;8978;6405;2573;455;976;-521
17;17;0;Praia de Belas;5893;1505;4388;-1740;32;-1772
17;17;0;Restinga;44527;42134;2393;8323;8626;-303
17;17;0;Rio Branco;17434;12542;4892;874;1484;-610
17;17;0;Rubem Berta;32585;27518;5067;1579;5454;-3875
17;17;0;Santa Cecília;7984;4096;3888;-1998;662;-2660
17;17;0;Santa Maria Goretti;5969;2345;3624;-1345;273;-1618
17;17;0;Santa Rosa de Lima;31043;25927;5116;2895;5877;-2982
17;17;0;Santa Tereza;37199;28725;8474;2818;5337;-2519
17;17;0;Santana;16029;12392;3637;1916;3759;-1843
17;17;0;Santo Antônio;13346;8830;4516;257;1497;-1240
17;17;0;São Caetano;2699;757;1942;-154;0;-154
17;17;0;São Geraldo;8126;6002;2124;-2114;695;-2809
17;17;0;São João;12260;9136;3124;557;1670;-1113
17;17;0;São Sebastião;9634;5605;4029;-690;826;-1516
17;17;0;Sarandi;42593;40134;2459;5073;6651;-1578
17;17;0;Serraria;6658;3903;2755;-1511;191;-1702
17;17;0;Sétimo Céu;5493;1073;4420;-1719;32;-1751
17;17;0;Teresópolis;16183;10930;5253;-985;1608;-2593
17;17;0;Três Figueiras;9549;3043;6506;-1718;531;-2249
17;17;0;Tristeza;14974;11170;3804;770;1258;-488
17;17;0;Vila Assunção;5503;3403;2100;-1114;441;-1555
17;17;0;Vila Conceição;3729;1349;2380;-1231;0;-1231
17;17;0;Vila Ipiranga;18301;13543;4758;-364;1466;-1830
17;17;0;Vila Jardim;16021;11026;4995;-1167;2049;-3216
17;17;0;Vila João Pessoa;14871;9963;4908;162;1632;-1470
17;17;0;Vila Nova;28595;23555;5040;18;2497;-2479
17;17;0;São José;24179;19197;4982;1813;3303;-1490
18;18;0;Aberta dos Morros;9043;5101;3942;250;0;250
18;18;0;Agronomia;5726;1676;4050;750;-250;1000
18;18;0;Anchieta;6079;1509;4570;250;0;250
18;18;0;Arquipélago;7349;5821;1528;-250;-250;0
18;18;0;Auxiliadora;8908;6499;2409;250;0;250
18;18;0;Azenha;14362;9097;5265;-250;-500;250
18;18;0;Bela Vista;13529;8870;4659;0;-250;250
18;18;0;Belém Novo;10523;8065;2458;500;0;500
18;18;0;Belém Velho;12443;7062;5381;0;0;0
18;18;0;Boa Vista;12558;6460;6098;-250;-250;0
18;18;0;Boa Vista do Sul;3469;1371;2098;0;0;0
18;18;0;Bom Fim;12260;7026;5234;500;-250;750
18;18;0;Bom Jesus;25625;20120;5505;250;-500;750
18;18;0;Camaquã;16276;11968;4308;-500;-500;0
18;18;0;Campo Novo;9741;6098;3643;-250;-250;0
18;18;0;Cascata;15023;8033;6990;-500;-500;0
18;18;0;Cavalhada;24987;19017;5970;0;-500;500
18;18;0;Centro Histórico;29022;26374;2648;-1500;-1750;250
18;18;0;Chácara das Pedras;9197;4770;4427;500;0;500
18;18;0;Chapéu do Sol;5257;1547;3710;0;-250;250
18;18;0;Cidade Baixa;20168;11576;8592;-250;-250;0
18;18;0;Cel. Aparício Borges;19956;14744;5212;500;-250;750
18;18;0;Costa e Silva;15749;11176;4573;250;0;250
18;18;0;Cristal;23337;20252;3085;-250;-500;250
18;18;0;Cristo Redentor;14111;11030;3081;0;0;0
18;18;0;Espírito Santo;6823;3657;3166;-500;-500;0
18;18;0;Extrema;2927;1261;1666;250;0;250
18;18;0;Farrapos;15484;12855;2629;-500;-750;250
18;18;0;Farroupilha;11874;623;11251;500;0;500
18;18;0;Floresta;13445;8138;5307;-250;-750;500
18;18;0;Glória;17273;12071;5202;0;-250;250
18;18;0;Guarujá;5924;3408;2516;0;0;0
18;18;0;Higienópolis;12347;7744;4603;250;0;250
18;18;0;Hípica;16678;13093;3585;-500;-750;250
18;18;0;Humaitá;10926;8544;2382;0;0;0
18;18;0;Independência;9526;5530;3996;-250;-500;250
18;18;0;Ipanema;13221;10476;2745;250;0;250
18;18;0;Jardim Botânico;16819;9923;6896;0;0;0
18;18;0;Jardim Carvalho;22656;18071;4585;250;0;250
18;18;0;Jardim do Salso;10090;3463;6627;500;-250;750
18;18;0;Jardim Leopoldina;19412;14334;5078;-250;-500;250
18;18;0;Jardim Europa;7597;1181;6416;500;-250;750
18;18;0;Jardim Floresta;6047;1502;4545;0;0;0
18;18;0;Jardim Isabel;5774;2195;3579;-250;-250;0
18;18;0;Jardim Itú;15767;12111;3656;500;-250;750
18;18;0;Jardim Lindóia;7189;4533;2656;250;0;250
18;18;0;Jardim Sabará;15087;10409;4678;0;0;0
18;18;0;Jardim São Pedro;6821;2921;3900;500;0;500
18;18;0;Lageado;4909;3135;1774;250;0;250
18;18;0;Lami;5815;3219;2596;250;0;250
18;18;0;Lomba do Pinheiro;43736;41713;2023;-2000;-2000;0
18;18;0;Mário Quintana;33370;31108;2262;-500;-500;0
18;18;0;Medianeira;16530;9260;7270;0;0;0
18;18;0;Menino Deus;23881;19860;4021;-500;-500;0
18;18;0;Moinhos de Vento;13203;7573;5630;250;-250;500
18;18;0;Mont'Serrat;11042;7708;3334;-250;-500;250
18;18;0;Morro Santana;20888;16294;4594;250;0;250
18;18;0;Navegantes;6916;2873;4043;0;-500;500
18;18;0;Nonoai;24214;15969;8245;0;-750;750
18;18;0;Parque Santa Fé;10728;4344;6384;0;0;0
18;18;0;Partenon;37506;31372;6134;-2250;-2500;250
18;18;0;Passo D'Areia;19957;15970;3987;-250;-250;0
18;18;0;Passo das Pedras;18993;12701;6292;0;-250;250
18;18;0;Pedra Redonda;3353;274;3079;250;0;250
18;18;0;Petrópolis;30614;25932;4682;-500;-500;0
18;18;0;Pitinga;5549;3136;2413;250;0;250
18;18;0;Ponta Grossa;8978;6405;2573;0;0;0
18;18;0;Praia de Belas;6643;1505;5138;750;0;750
18;18;0;Restinga;43777;41134;2643;-750;-1000;250
18;18;0;Rio Branco;17684;12292;5392;250;-250;500
18;18;0;Rubem Berta;32835;27018;5817;250;-500;750
18;18;0;Santa Cecília;7984;4096;3888;0;0;0
18;18;0;Santa Maria Goretti;5969;2345;3624;0;0;0
18;18;0;Santa Rosa de Lima;32043;25677;6366;1000;-250;1250
18;18;0;Santa Tereza;37199;28225;8974;0;-500;500
18;18;0;Santana;16529;12392;4137;500;0;500
18;18;0;Santo Antônio;13096;8330;4766;-250;-500;250
18;18;0;São Caetano;2949;757;2192;250;0;250
18;18;0;São Geraldo;8626;5752;2874;500;-250;750
18;18;0;São João;12010;8886;3124;-250;-250;0
18;18;0;São Sebastião;9884;5605;4279;250;0;250
18;18;0;Sarandi;41343;38884;2459;-1250;-1250;0
18;18;0;Serraria;6908;3903;3005;250;0;250
18;18;0;Sétimo Céu;5993;1073;4920;500;0;500
18;18;0;Teresópolis;15683;10180;5503;-500;-750;250
18;18;0;Três Figueiras;10299;3043;7256;750;0;750
18;18;0;Tristeza;14974;11170;3804;0;0;0
18;18;0;Vila Assunção;5503;3403;2100;0;0;0
18;18;0;Vila Conceição;3729;1349;2380;0;0;0
18;18;0;Vila Ipiranga;18551;13293;5258;250;-250;500
18;18;0;Vila Jardim;16021;11026;4995;0;0;0
18;18;0;Vila João Pessoa;15121;9963;5158;250;0;250
18;18;0;Vila Nova;28595;23305;5290;0;-250;250
18;18;0;São José;24929;19197;5732;750;0;750
19;19;0;Aberta dos Morros;9543;4601;4942;500;-500;1000
19;19;0;Agronomia;7226;1676;5550;1500;0;1500
19;19;0;Anchieta;6579;1509;5070;500;0;500
19;19;0;Arquipélago;7349;5571;1778;0;-250;250
19;19;0;Auxiliadora;8658;5999;2659;-250;-500;250
19;19;0;Azenha;14112;8347;5765;-250;-750;500
19;19;0;Bela Vista;13529;8620;4909;0;-250;250
19;19;0;Belém Novo;11023;7815;3208;500;-250;750
19;19;0;Belém Velho;12943;6812;6131;500;-250;750
19;19;0;Boa Vista;12808;5960;6848;250;-500;750
19;19;0;Boa Vista do Sul;3469;1371;2098;0;0;0
19;19;0;Bom Fim;12260;6526;5734;0;-500;500
19;19;0;Bom Jesus;24625;18870;5755;-1000;-1250;250
19;19;0;Camaquã;15776;11218;4558;-500;-750;250
19;19;0;Campo Novo;9991;5848;4143;250;-250;500
19;19;0;Cascata;15773;7533;8240;750;-500;1250
19;19;0;Cavalhada;24487;17767;6720;-500;-1250;750
19;19;0;Centro Histórico;27772;24624;3148;-1250;-1750;500
19;19;0;Chácara das Pedras;9947;4520;5427;750;-250;1000
19;19;0;Chapéu do Sol;5507;1297;4210;250;-250;500
19;19;0;Cidade Baixa;20168;11076;9092;0;-500;500
19;19;0;Cel. Aparício Borges;18206;12994;5212;-1750;-1750;0
19;19;0;Costa e Silva;15999;10676;5323;250;-500;750
19;19;0;Cristal;23337;19002;4335;0;-1250;1250
19;19;0;Cristo Redentor;13111;9780;3331;-1000;-1250;250
19;19;0;Espírito Santo;7573;3657;3916;750;0;750
19;19;0;Extrema;2927;1011;1916;0;-250;250
19;19;0;Farrapos;15234;12355;2879;-250;-500;250
19;19;0;Farroupilha;13374;623;12751;1500;0;1500
19;19;0;Floresta;13945;7638;6307;500;-500;1000
19;19;0;Glória;17023;11571;5452;-250;-500;250
19;19;0;Guarujá;6424;3408;3016;500;0;500
19;19;0;Higienópolis;12847;7494;5353;500;-250;750
19;19;0;Hípica;16178;11843;4335;-500;-1250;750
19;19;0;Humaitá;11176;8544;2632;250;0;250
19;19;0;Independência;9276;4780;4496;-250;-750;500
19;19;0;Ipanema;13971;10476;3495;750;0;750
19;19;0;Jardim Botânico;18069;9923;8146;1250;0;1250
19;19;0;Jardim Carvalho;22656;17321;5335;0;-750;750
19;19;0;Jardim do Salso;10090;3463;6627;0;0;0
19;19;0;Jardim Leopoldina;19662;14084;5578;250;-250;500
19;19;0;Jardim Europa;7518;852;6666;-79;-329;250
19;19;0;Jardim Floresta;6297;1502;4795;250;0;250
19;19;0;Jardim Isabel;6524;2195;4329;750;0;750
19;19;0;Jardim Itú;15267;11361;3906;-500;-750;250
19;19;0;Jardim Lindóia;6439;3783;2656;-750;-750;0
19;19;0;Jardim Sabará;14587;9409;5178;-500;-1000;500
19;19;0;Jardim São Pedro;7821;2921;4900;1000;0;1000
19;19;0;Lageado;4659;2885;1774;-250;-250;0
19;19;0;Lami;5598;3002;2596;-217;-217;0
19;19;0;Lomba do Pinheiro;40986;38463;2523;-2750;-3250;500
19;19;0;Mário Quintana;32370;29608;2762;-1000;-1500;500
19;19;0;Medianeira;17530;9260;8270;1000;0;1000
19;19;0;Menino Deus;22881;18110;4771;-1000;-1750;750
19;19;0;Moinhos de Vento;12953;6573;6380;-250;-1000;750
19;19;0;Mont'Serrat;11792;7708;4084;750;0;750
19;19;0;Morro Santana;21138;15794;5344;250;-500;750
19;19;0;Navegantes;7666;2873;4793;750;0;750
19;19;0;Nonoai;23714;14719;8995;-500;-1250;750
19;19;0;Parque Santa Fé;11228;3844;7384;500;-500;1000
19;19;0;Partenon;36506;29372;7134;-1000;-2000;1000
19;19;0;Passo D'Areia;19707;15220;4487;-250;-750;500
19;19;0;Passo das Pedras;19993;12451;7542;1000;-250;1250
19;19;0;Pedra Redonda;3353;274;3079;0;0;0
19;19;0;Petrópolis;30864;24932;5932;250;-1000;1250
19;19;0;Pitinga;5799;3136;2663;250;0;250
19;19;0;Ponta Grossa;9228;6155;3073;250;-250;500
19;19;0;Praia de Belas;6915;1027;5888;272;-478;750
19;19;0;Restinga;41777;38634;3143;-2000;-2500;500
19;19;0;Rio Branco;18184;12042;6142;500;-250;750
19;19;0;Rubem Berta;32335;25518;6817;-500;-1500;1000
19;19;0;Santa Cecília;7734;3846;3888;-250;-250;0
19;19;0;Santa Maria Goretti;5969;2095;3874;0;-250;250
19;19;0;Santa Rosa de Lima;31543;23927;7616;-500;-1750;1250
19;19;0;Santa Tereza;35949;26975;8974;-1250;-1250;0
19;19;0;Santana;16529;12142;4387;0;-250;250
19;19;0;Santo Antônio;12846;7830;5016;-250;-500;250
19;19;0;São Caetano;3166;757;2409;217;0;217
19;19;0;São Geraldo;9376;5002;4374;750;-750;1500
19;19;0;São João;12510;8386;4124;500;-500;1000
19;19;0;São Sebastião;10384;5605;4779;500;0;500
19;19;0;Sarandi;37343;34884;2459;-4000;-4000;0
19;19;0;Serraria;7658;3903;3755;750;0;750
19;19;0;Sétimo Céu;6493;1073;5420;500;0;500
19;19;0;Teresópolis;15933;9180;6753;250;-1000;1250
19;19;0;Três Figueiras;11106;3043;8063;807;0;807
19;19;0;Tristeza;14974;10670;4304;0;-500;500
19;19;0;Vila Assunção;5753;3403;2350;250;0;250
19;19;0;Vila Conceição;3729;1349;2380;0;0;0
19;19;0;Vila Ipiranga;17801;11543;6258;-750;-1750;1000
19;19;0;Vila Jardim;17521;11026;6495;1500;0;1500
19;19;0;Vila João Pessoa;15621;9463;6158;500;-500;1000
19;19;0;Vila Nova;28595;22805;5790;0;-500;500
19;19;0;São José;24679;18447;6232;-250;-750;500
20;20;0;Aberta dos Morros;9793;4351;5442;250;-250;500
20;20;0;Agronomia;7226;1426;5800;0;-250;250
20;20;0;Anchieta;6829;1509;5320;250;0;250
20;20;0;Arquipélago;7599;5321;2278;250;-250;500
20;20;0;Auxiliadora;8408;5499;2909;-250;-500;250
20;20;0;Azenha;14112;7847;6265;0;-500;500
20;20;0;Bela Vista;12529;7370;5159;-1000;-1250;250
20;20;0;Belém Novo;11523;7815;3708;500;0;500
20;20;0;Belém Velho;12943;6312;6631;0;-500;500
20;20;0;Boa Vista;13308;5460;7848;500;-500;1000
20;20;0;Boa Vista do Sul;4219;1371;2848;750;0;750
20;20;0;Bom Fim;12510;6026;6484;250;-500;750
20;20;0;Bom Jesus;24375;18370;6005;-250;-500;250
20;20;0;Camaquã;16026;10718;5308;250;-500;750
20;20;0;Campo Novo;10741;5598;5143;750;-250;1000
20;20;0;Cascata;17023;7283;9740;1250;-250;1500
20;20;0;Cavalhada;24237;16767;7470;-250;-1000;750
20;20;0;Centro Histórico;26022;22624;3398;-1750;-2000;250
20;20;0;Chácara das Pedras;9947;4270;5677;0;-250;250
20;20;0;Chapéu do Sol;6007;1297;4710;500;0;500
20;20;0;Cidade Baixa;20668;10826;9842;500;-250;750
20;20;0;Cel. Aparício Borges;18956;12494;6462;750;-500;1250
20;20;0;Costa e Silva;15999;9926;6073;0;-750;750
20;20;0;Cristal;22087;17502;4585;-1250;-1500;250
20;20;0;Cristo Redentor;13361;9280;4081;250;-500;750
20;20;0;Espírito Santo;7823;3657;4166;250;0;250
20;20;0;Extrema;2927;1011;1916;0;0;0
20;20;0;Farrapos;15234;11605;3629;0;-750;750
20;20;0;Farroupilha;14124;623;13501;750;0;750
20;20;0;Floresta;14195;7638;6557;250;0;250
20;20;0;Glória;17023;10321;6702;0;-1250;1250
20;20;0;Guarujá;6174;2908;3266;-250;-500;250
20;20;0;Higienópolis;12597;6744;5853;-250;-750;500
20;20;0;Hípica;16428;11843;4585;250;0;250
20;20;0;Humaitá;11676;8294;3382;500;-250;750
20;20;0;Independência;9526;4780;4746;250;0;250
20;20;0;Ipanema;13221;9476;3745;-750;-1000;250
20;20;0;Jardim Botânico;18069;9923;8146;0;0;0
20;20;0;Jardim Carvalho;22906;17071;5835;250;-250;500
20;20;0;Jardim do Salso;10590;3213;7377;500;-250;750
20;20;0;Jardim Leopoldina;19912;13834;6078;250;-250;500
20;20;0;Jardim Europa;7518;852;6666;0;0;0
20;20;0;Jardim Floresta;6733;1438;5295;436;-64;500
20;20;0;Jardim Isabel;7024;2195;4829;500;0;500
20;20;0;Jardim Itú;14767;10611;4156;-500;-750;250
20;20;0;Jardim Lindóia;6003;3283;2720;-436;-500;64
20;20;0;Jardim Sabará;14587;8659;5928;0;-750;750
20;20;0;Jardim São Pedro;8571;2921;5650;750;0;750
20;20;0;Lageado;4909;2635;2274;250;-250;500
20;20;0;Lami;5848;3002;2846;250;0;250
20;20;0;Lomba do Pinheiro;38986;36213;2773;-2000;-2250;250
20;20;0;Mário Quintana;32120;29108;3012;-250;-500;250
20;20;0;Medianeira;18030;9260;8770;500;0;500
20;20;0;Menino Deus;22131;16860;5271;-750;-1250;500
20;20;0;Moinhos de Vento;13453;6573;6880;500;0;500
20;20;0;Mont'Serrat;12042;7208;4834;250;-500;750
20;20;0;Morro Santana;20888;14794;6094;-250;-1000;750
20;20;0;Navegantes;7916;2873;5043;250;0;250
20;20;0;Nonoai;23714;13719;9995;0;-1000;1000
20;20;0;Parque Santa Fé;11478;3844;7634;250;0;250
20;20;0;Partenon;34756;27372;7384;-1750;-2000;250
20;20;0;Passo D'Areia;19207;14220;4987;-500;-1000;500
20;20;0;Passo das Pedras;19493;11701;7792;-500;-750;250
20;20;0;Pedra Redonda;3603;274;3329;250;0;250
20;20;0;Petrópolis;30114;23182;6932;-750;-1750;1000
20;20;0;Pitinga;6049;3136;2913;250;0;250
20;20;0;Ponta Grossa;9228;5905;3323;0;-250;250
20;20;0;Praia de Belas;7915;1027;6888;1000;0;1000
20;20;0;Restinga;40527;37134;3393;-1250;-1500;250
20;20;0;Rio Branco;17934;11292;6642;-250;-750;500
20;20;0;Rubem Berta;32335;24768;7567;0;-750;750
20;20;0;Santa Cecília;8234;3346;4888;500;-500;1000
20;20;0;Santa Maria Goretti;6219;2095;4124;250;0;250
20;20;0;Santa Rosa de Lima;31293;23177;8116;-250;-750;500
20;20;0;Santa Tereza;35699;25475;10224;-250;-1500;1250
20;20;0;Santana;15779;11142;4637;-750;-1000;250
20;20;0;Santo Antônio;12846;7580;5266;0;-250;250
20;20;0;São Caetano;3416;757;2659;250;0;250
20;20;0;São Geraldo;8876;4502;4374;-500;-500;0
20;20;0;São João;12760;8136;4624;250;-250;500
20;20;0;São Sebastião;10884;5605;5279;500;0;500
20;20;0;Sarandi;35343;32134;3209;-2000;-2750;750
20;20;0;Serraria;7908;3653;4255;250;-250;500
20;20;0;Sétimo Céu;7493;823;6670;1000;-250;1250
20;20;0;Teresópolis;16683;9180;7503;750;0;750
20;20;0;Três Figueiras;12356;3043;9313;1250;0;1250
20;20;0;Tristeza;14974;10170;4804;0;-500;500
20;20;0;Vila Assunção;6003;3153;2850;250;-250;500
20;20;0;Vila Conceição;3729;1349;2380;0;0;0
20;20;0;Vila Ipiranga;17301;11043;6258;-500;-500;0
20;20;0;Vila Jardim;18021;10776;7245;500;-250;750
20;20;0;Vila João Pessoa;15621;8963;6658;0;-500;500
20;20;0;Vila Nova;27345;21305;6040;-1250;-1500;250
20;20;0;São José;23929;17697;6232;-750;-750;0
21;21;0;Aberta dos Morros;9793;4351;5442;0;0;0
21;21;0;Agronomia;6777;977;5800;-449;-449;0
21;21;0;Anchieta;6829;1509;5320;0;0;0
21;21;0;Arquipélago;7349;5071;2278;-250;-250;0
21;21;0;Auxiliadora;8408;5499;2909;0;0;0
21;21;0;Azenha;14362;7847;6515;250;0;250
21;21;0;Bela Vista;12029;6870;5159;-500;-500;0
21;21;0;Belém Novo;11523;7815;3708;0;0;0
21;21;0;Belém Velho;12943;6312;6631;0;0;0
21;21;0;Boa Vista;13308;5460;7848;0;0;0
21;21;0;Boa Vista do Sul;4418;1371;3047;199;0;199
21;21;0;Bom Fim;12510;6026;6484;0;0;0
21;21;0;Bom Jesus;24875;18370;6505;500;0;500
21;21;0;Camaquã;16026;10718;5308;0;0;0
21;21;0;Campo Novo;10741;5598;5143;0;0;0
21;21;0;Cascata;17023;7283;9740;0;0;0
21;21;0;Cavalhada;23987;16517;7470;-250;-250;0
21;21;0;Centro Histórico;25772;22374;3398;-250;-250;0
21;21;0;Chácara das Pedras;9947;4270;5677;0;0;0
21;21;0;Chapéu do Sol;6007;1297;4710;0;0;0
21;21;0;Cidade Baixa;21668;10826;10842;1000;0;1000
21;21;0;Cel. Aparício Borges;18456;11994;6462;-500;-500;0
21;21;0;Costa e Silva;15499;9426;6073;-500;-500;0
21;21;0;Cristal;22087;17252;4835;0;-250;250
21;21;0;Cristo Redentor;12861;8780;4081;-500;-500;0
21;21;0;Espírito Santo;7823;3657;4166;0;0;0
21;21;0;Extrema;2927;1011;1916;0;0;0
21;21;0;Farrapos;15234;11605;3629;0;0;0
21;21;0;Farroupilha;14624;623;14001;500;0;500
21;21;0;Floresta;13945;7388;6557;-250;-250;0
21;21;0;Glória;17523;10321;7202;500;0;500
21;21;0;Guarujá;6174;2908;3266;0;0;0
21;21;0;Higienópolis;12847;6744;6103;250;0;250
21;21;0;Hípica;16428;11843;4585;0;0;0
21;21;0;Humaitá;11426;8044;3382;-250;-250;0
21;21;0;Independência;9026;4280;4746;-500;-500;0
21;21;0;Ipanema;13221;9476;3745;0;0;0
21;21;0;Jardim Botânico;17819;9673;8146;-250;-250;0
21;21;0;Jardim Carvalho;22906;17071;5835;0;0;0
21;21;0;Jardim do Salso;10840;3213;7627;250;0;250
21;21;0;Jardim Leopoldina;20412;13834;6578;500;0;500
21;21;0;Jardim Europa;7518;852;6666;0;0;0
21;21;0;Jardim Floresta;6983;1438;5545;250;0;250
21;21;0;Jardim Isabel;7024;2195;4829;0;0;0
21;21;0;Jardim Itú;14767;10611;4156;0;0;0
21;21;0;Jardim Lindóia;6253;3283;2970;250;0;250
21;21;0;Jardim Sabará;14837;8659;6178;250;0;250
21;21;0;Jardim São Pedro;8571;2921;5650;0;0;0
21;21;0;Lageado;4909;2635;2274;0;0;0
21;21;0;Lami;5848;3002;2846;0;0;0
21;21;0;Lomba do Pinheiro;38986;36213;2773;0;0;0
21;21;0;Mário Quintana;32120;29108;3012;0;0;0
21;21;0;Medianeira;18030;9260;8770;0;0;0
21;21;0;Menino Deus;21881;16360;5521;-250;-500;250
21;21;0;Moinhos de Vento;13703;6573;7130;250;0;250
21;21;0;Mont'Serrat;11792;6958;4834;-250;-250;0
21;21;0;Morro Santana;21138;14794;6344;250;0;250
21;21;0;Navegantes;7916;2873;5043;0;0;0
21;21;0;Nonoai;23964;13719;10245;250;0;250
21;21;0;Parque Santa Fé;11478;3844;7634;0;0;0
21;21;0;Partenon;34756;27372;7384;0;0;0
21;21;0;Passo D'Areia;19207;14220;4987;0;0;0
21;21;0;Passo das Pedras;19493;11701;7792;0;0;0
21;21;0;Pedra Redonda;3603;274;3329;0;0;0
21;21;0;Petrópolis;29864;22932;6932;-250;-250;0
21;21;0;Pitinga;6049;3136;2913;0;0;0
21;21;0;Ponta Grossa;9228;5905;3323;0;0;0
21;21;0;Praia de Belas;8165;1027;7138;250;0;250
21;21;0;Restinga;40527;36884;3643;0;-250;250
21;21;0;Rio Branco;17934;11042;6892;0;-250;250
21;21;0;Rubem Berta;31585;24018;7567;-750;-750;0
21;21;0;Santa Cecília;8484;3346;5138;250;0;250
21;21;0;Santa Maria Goretti;6469;2095;4374;250;0;250
21;21;0;Santa Rosa de Lima;31543;23177;8366;250;0;250
21;21;0;Santa Tereza;35949;25475;10474;250;0;250
21;21;0;Santana;15779;11142;4637;0;0;0
21;21;0;Santo Antônio;12846;7580;5266;0;0;0
21;21;0;São Caetano;3416;757;2659;0;0;0
21;21;0;São Geraldo;8876;4502;4374;0;0;0
21;21;0;São João;13010;8136;4874;250;0;250
21;21;0;São Sebastião;11384;5605;5779;500;0;500
21;21;0;Sarandi;34593;31384;3209;-750;-750;0
21;21;0;Serraria;7908;3653;4255;0;0;0
21;21;0;Sétimo Céu;7993;823;7170;500;0;500
21;21;0;Teresópolis;16183;8680;7503;-500;-500;0
21;21;0;Três Figueiras;12606;3043;9563;250;0;250
21;21;0;Tristeza;14474;9670;4804;-500;-500;0
21;21;0;Vila Assunção;6003;3153;2850;0;0;0
21;21;0;Vila Conceição;3729;1349;2380;0;0;0
21;21;0;Vila Ipiranga;17301;11043;6258;0;0;0
21;21;0;Vila Jardim;18021;10776;7245;0;0;0
21;21;0;Vila João Pessoa;15121;8463;6658;-500;-500;0
21;21;0;Vila Nova;27595;21305;6290;250;0;250
21;21;0;São José;23679;17447;6232;-250;-250;0
22;22;0;Aberta dos Morros;9341;4835;4506;-452;484;-936
22;22;0;Agronomia;5916;1054;4862;-861;77;-938
22;22;0;Anchieta;6390;1576;4814;-439;67;-506
22;22;0;Arquipélago;7696;5594;2102;347;523;-176
22;22;0;Auxiliadora;8591;6283;2308;183;784;-601
22;22;0;Azenha;14610;8800;5810;248;953;-705
22;22;0;Bela Vista;11593;7175;4418;-436;305;-741
22;22;0;Belém Novo;11374;8272;3102;-149;457;-606
22;22;0;Belém Velho;12443;6243;6200;-500;-69;-431
22;22;0;Boa Vista;13375;6253;7122;67;793;-726
22;22;0;Boa Vista do Sul;4096;1377;2719;-322;6;-328
22;22;0;Bom Fim;12163;6581;5582;-347;555;-902
22;22;0;Bom Jesus;26037;19663;6374;1162;1293;-131
22;22;0;Camaquã;16212;11440;4772;186;722;-536
22;22;0;Campo Novo;10356;6092;4264;-385;494;-879
22;22;0;Cascata;16587;7949;8638;-436;666;-1102
22;22;0;Cavalhada;25479;18191;7288;1492;1674;-182
22;22;0;Centro Histórico;27398;24582;2816;1626;2208;-582
22;22;0;Chácara das Pedras;8958;4478;4480;-989;208;-1197
22;22;0;Chapéu do Sol;5989;1635;4354;-18;338;-356
22;22;0;Cidade Baixa;21851;11185;10666;183;359;-176
22;22;0;Cel. Aparício Borges;19759;13521;6238;1303;1527;-224
22;22;0;Costa e Silva;14482;9506;4976;-1017;80;-1097
22;22;0;Cristal;21952;18242;3710;-135;990;-1125
22;22;0;Cristo Redentor;13545;9805;3740;684;1025;-341
22;22;0;Espírito Santo;7082;3842;3240;-741;185;-926
22;22;0;Extrema;2769;1011;1758;-158;0;-158
22;22;0;Farrapos;15730;12302;3428;496;697;-201
22;22;0;Farroupilha;13306;434;12872;-1318;-189;-1129
22;22;0;Floresta;13430;7598;5832;-515;210;-725
22;22;0;Glória;16901;10821;6080;-622;500;-1122
22;22;0;Guarujá;6000;3003;2997;-174;95;-269
22;22;0;Higienópolis;12656;7308;5348;-191;564;-755
22;22;0;Hípica;16419;12673;3746;-9;830;-839
22;22;0;Humaitá;10990;8158;2832;-436;114;-550
22;22;0;Independência;9688;5200;4488;662;920;-258
22;22;0;Ipanema;12958;9854;3104;-263;378;-641
22;22;0;Jardim Botânico;17127;10073;7054;-692;400;-1092
22;22;0;Jardim Carvalho;23432;18268;5164;526;1197;-671
22;22;0;Jardim do Salso;10357;3257;7100;-483;44;-527
22;22;0;Jardim Leopoldina;20576;14196;6380;164;362;-198
22;22;0;Jardim Europa;7424;1202;6222;-94;350;-444
22;22;0;Jardim Floresta;6723;1497;5226;-260;59;-319
22;22;0;Jardim Isabel;6779;2207;4572;-245;12;-257
22;22;0;Jardim Itú;15407;11529;3878;640;918;-278
22;22;0;Jardim Lindóia;6637;3989;2648;384;706;-322
22;22;0;Jardim Sabará;15018;9604;5414;181;945;-764
22;22;0;Jardim São Pedro;8089;2959;5130;-482;38;-520
22;22;0;Lageado;4629;2685;1944;-280;50;-330
22;22;0;Lami;5620;3052;2568;-228;50;-278
22;22;0;Lomba do Pinheiro;41884;39710;2174;2898;3497;-599
22;22;0;Mário Quintana;33308;30702;2606;1188;1594;-406
22;22;0;Medianeira;17085;9397;7688;-945;137;-1082
22;22;0;Menino Deus;23356;18508;4848;1475;2148;-673
22;22;0;Moinhos de Vento;13345;7211;6134;-358;638;-996
22;22;0;Mont'Serrat;11268;7190;4078;-524;232;-756
22;22;0;Morro Santana;21002;15534;5468;-136;740;-876
22;22;0;Navegantes;7161;2955;4206;-755;82;-837
22;22;0;Nonoai;23856;14358;9498;-108;639;-747
22;22;0;Parque Santa Fé;10942;4214;6728;-536;370;-906
22;22;0;Partenon;35922;29940;5982;1166;2568;-1402
22;22;0;Passo D'Areia;19876;15646;4230;669;1426;-757
22;22;0;Passo das Pedras;18128;11880;6248;-1365;179;-1544
22;22;0;Pedra Redonda;3422;274;3148;-181;0;-181
22;22;0;Petrópolis;30396;24334;6062;532;1402;-870
22;22;0;Pitinga;5792;3224;2568;-257;88;-345
22;22;0;Ponta Grossa;9293;6109;3184;65;204;-139
22;22;0;Praia de Belas;7353;1033;6320;-812;6;-818
22;22;0;Restinga;43058;39764;3294;2531;2880;-349
22;22;0;Rio Branco;18074;11649;6425;140;607;-467
22;22;0;Rubem Berta;31122;24994;6128;-463;976;-1439
22;22;0;Santa Cecília;8172;3510;4662;-312;164;-476
22;22;0;Santa Maria Goretti;6435;2145;4290;-34;50;-84
22;22;0;Santa Rosa de Lima;33149;25315;7834;1606;2138;-532
22;22;0;Santa Tereza;37037;27063;9974;1088;1588;-500
22;22;0;Santana;16327;12065;4262;548;923;-375
22;22;0;Santo Antônio;13551;8349;5202;705;769;-64
22;22;0;São Caetano;3342;757;2585;-74;0;-74
22;22;0;São Geraldo;7999;5171;2828;-877;669;-1546
22;22;0;São João;12817;8732;4085;-193;596;-789
22;22;0;São Sebastião;10215;5255;4960;-1169;-350;-819
22;22;0;Sarandi;36589;33505;3084;1996;2121;-125
22;22;0;Serraria;6887;3733;3154;-1021;80;-1101
22;22;0;Sétimo Céu;7435;829;6606;-558;6;-564
22;22;0;Teresópolis;15209;9261;5948;-974;581;-1555
22;22;0;Três Figueiras;11882;3140;8742;-724;97;-821
22;22;0;Tristeza;14792;10326;4466;318;656;-338
22;22;0;Vila Assunção;5552;3232;2320;-451;79;-530
22;22;0;Vila Conceição;3463;1349;2114;-266;0;-266
22;22;0;Vila Ipiranga;17779;12397;5382;478;1354;-876
22;22;0;Vila Jardim;17065;10893;6172;-956;117;-1073
22;22;0;Vila João Pessoa;14857;9259;5598;-264;796;-1060
22;22;0;Vila Nova;27193;21641;5552;-402;336;-738
22;22;0;São José;24134;18466;5668;455;1019;-564
23;23;0;Aberta dos Morros;7149;7149;0;-2192;2314;-4506
23;23;0;Agronomia;2331;2331;0;-3585;1277;-4862
23;23;0;Anchieta;2024;2024;0;-4366;448;-4814
23;23;0;Arquipélago;8330;8330;0;634;2736;-2102
23;23;0;Auxiliadora;9683;9683;0;1092;3400;-2308
23;23;0;Azenha;14054;13804;250;-556;5004;-5560
23;23;0;Bela Vista;11787;11787;0;194;4612;-4418
23;23;0;Belém Novo;10100;10100;0;-1274;1828;-3102
23;23;0;Belém Velho;10835;10835;0;-1608;4592;-6200
23;23;0;Boa Vista;10553;10053;500;-2822;3800;-6622
23;23;0;Boa Vista do Sul;2309;2309;0;-1787;932;-2719
23;23;0;Bom Fim;11593;11593;0;-570;5012;-5582
23;23;0;Bom Jesus;28675;28675;0;2638;9012;-6374
23;23;0;Camaquã;17938;17938;0;1726;6498;-4772
23;23;0;Campo Novo;8766;8766;0;-1590;2674;-4264
23;23;0;Cascata;13013;13013;0;-3574;5064;-8638
23;23;0;Cavalhada;28799;28799;0;3320;10608;-7288
23;23;0;Centro Histórico;38904;38904;0;11506;14322;-2816
23;23;0;Chácara das Pedras;6918;6668;250;-2040;2190;-4230
23;23;0;Chapéu do Sol;2913;2913;0;-3076;1278;-4354
23;23;0;Cidade Baixa;15379;15379;0;-6472;4194;-10666
23;23;0;Cel. Aparício Borges;19303;19303;0;-456;5782;-6238
23;23;0;Costa e Silva;15842;15842;0;1360;6336;-4976
23;23;0;Cristal;31946;31946;0;9994;13704;-3710
23;23;0;Cristo Redentor;16205;16205;0;2660;6400;-3740
23;23;0;Espírito Santo;5606;5606;0;-1476;1764;-3240
23;23;0;Extrema;1981;1981;0;-788;970;-1758
23;23;0;Farrapos;18986;18986;0;3256;6684;-3428
23;23;0;Farroupilha;961;961;0;-12345;527;-12872
23;23;0;Floresta;11596;11596;0;-1834;3998;-5832
23;23;0;Glória;17067;17067;0;166;6246;-6080
23;23;0;Guarujá;4561;4561;0;-1439;1558;-2997
23;23;0;Higienópolis;10474;10474;0;-2182;3166;-5348
23;23;0;Hípica;18645;18645;0;2226;5972;-3746
23;23;0;Humaitá;11502;11502;0;512;3344;-2832
23;23;0;Independência;8612;8112;500;-1076;2912;-3988
23;23;0;Ipanema;13728;13728;0;770;3874;-3104
23;23;0;Jardim Botânico;12521;12521;0;-4606;2448;-7054
23;23;0;Jardim Carvalho;25136;25136;0;1704;6868;-5164
23;23;0;Jardim do Salso;4405;4405;0;-5952;1148;-7100
23;23;0;Jardim Leopoldina;18016;18016;0;-2560;3820;-6380
23;23;0;Jardim Europa;2299;2299;0;-5125;1097;-6222
23;23;0;Jardim Floresta;3307;3307;0;-3416;1810;-5226
23;23;0;Jardim Isabel;2835;2835;0;-3944;628;-4572
23;23;0;Jardim Itú;17853;17853;0;2446;6324;-3878
23;23;0;Jardim Lindóia;7667;7417;250;1030;3428;-2398
23;23;0;Jardim Sabará;13530;13530;0;-1488;3926;-5414
23;23;0;Jardim São Pedro;3967;3967;0;-4122;1008;-5130
23;23;0;Lageado;4731;4481;250;102;1796;-1694
23;23;0;Lami;4289;4289;0;-1331;1237;-2568
23;23;0;Lomba do Pinheiro;58356;58106;250;16472;18396;-1924
23;23;0;Mário Quintana;38116;38116;0;4808;7414;-2606
23;23;0;Medianeira;11223;11223;0;-5862;1826;-7688
23;23;0;Menino Deus;31650;31650;0;8294;13142;-4848
23;23;0;Moinhos de Vento;11687;11687;0;-1658;4476;-6134
23;23;0;Mont'Serrat;11236;11236;0;-32;4046;-4078
23;23;0;Morro Santana;19138;19138;0;-1864;3604;-5468
23;23;0;Navegantes;4327;4327;0;-2834;1372;-4206
23;23;0;Nonoai;25160;25160;0;1304;10802;-9498
23;23;0;Parque Santa Fé;6376;6376;0;-4566;2162;-6728
23;23;0;Partenon;48160;47910;250;12238;17970;-5732
23;23;0;Passo D'Areia;21968;21968;0;2092;6322;-4230
23;23;0;Passo das Pedras;15902;15902;0;-2226;4022;-6248
23;23;0;Pedra Redonda;274;274;0;-3148;0;-3148
23;23;0;Petrópolis;37496;37496;0;7100;13162;-6062
23;23;0;Pitinga;4602;4352;250;-1190;1128;-2318
23;23;0;Ponta Grossa;8722;8722;0;-571;2613;-3184
23;23;0;Praia de Belas;2281;2281;0;-5072;1248;-6320
23;23;0;Restinga;53508;53508;0;10450;13744;-3294
23;23;0;Rio Branco;17281;17281;0;-793;5632;-6425
23;23;0;Rubem Berta;33168;33168;0;2046;8174;-6128
23;23;0;Santa Cecília;5768;5768;0;-2404;2258;-4662
23;23;0;Santa Maria Goretti;3509;3509;0;-2926;1364;-4290
23;23;0;Santa Rosa de Lima;35333;35333;0;2184;10018;-7834
23;23;0;Santa Tereza;39577;39577;0;2540;12514;-9974
23;23;0;Santana;20723;20723;0;4396;8658;-4262
23;23;0;Santo Antônio;13161;13161;0;-390;4812;-5202
23;23;0;São Caetano;757;757;0;-2585;0;-2585
23;23;0;São Geraldo;8681;8681;0;682;3510;-2828
23;23;0;São João;12226;12226;0;-591;3494;-4085
23;23;0;São Sebastião;7019;7019;0;-3196;1764;-4960
23;23;0;Sarandi;59271;59271;0;22682;25766;-3084
23;23;0;Serraria;6239;6239;0;-648;2506;-3154
23;23;0;Sétimo Céu;1329;1329;0;-6106;500;-6606
23;23;0;Teresópolis;14957;14707;250;-252;5446;-5698
23;23;0;Três Figueiras;4070;4070;0;-7812;930;-8742
23;23;0;Tristeza;16692;16692;0;1900;6366;-4466
23;23;0;Vila Assunção;4418;4418;0;-1134;1186;-2320
23;23;0;Vila Conceição;1599;1349;250;-1864;0;-1864
23;23;0;Vila Ipiranga;18409;18409;0;630;6012;-5382
23;23;0;Vila Jardim;13189;13189;0;-3876;2296;-6172
23;23;0;Vila João Pessoa;13041;12791;250;-1816;3532;-5348
23;23;0;Vila Nova;32469;32469;0;5276;10828;-5552
23;23;0;São José;26772;26522;250;2638;8056;-5418
