{"type":"FeatureCollection","features":[{"type":"Feature","properties":{"name":"Hípica","code":185},"geometry":{"type":"Polygon","coordinates":[[[-51.174022,-30.136434],[-51.173849,-30.136543],[-51.173375,-30.136817],[-51.172429,-30.137325],[-51.172324,-30.13736],[-51.171317,-30.137211],[-51.170502,-30.137282],[-51.169722,-30.137518],[-51.169232,-30.137746],[-51.168776,-30.138035],[-51.167891,-30.138712],[-51.167763,-30.138841],[-51.167591,-30.139026],[-51.167461,-30.139186],[-51.167354,-30.139344],[-51.16711,-30.139814],[-51.166707,-30.141108],[-51.166597,-30.141291],[-51.16654,-30.141343],[-51.166434,-30.141411],[-51.164717,-30.142328],[-51.16432,-30.142592],[-51.1629,-30.143933],[-51.162681,-30.144218],[-51.162513,-30.144587],[-51.162075,-30.145945],[-51.161446,-30.147176],[-51.161314,-30.148209],[-51.161297,-30.148575],[-51.161296,-30.148633],[-51.161459,-30.150694],[-51.161163,-30.152369],[-51.161062,-30.153157],[-51.161032,-30.156796],[-51.161127,-30.157336],[-51.161309,-30.157932],[-51.161431,-30.158165],[-51.160453,-30.159496],[-51.159986,-30.16063],[-51.159614,-30.161238],[-51.159417,-30.161432],[-51.159121,-30.161642],[-51.158223,-30.162024],[-51.158327,-30.162206],[-51.158477,-30.162742],[-51.1585,-30.162958],[-51.158599,-30.163121],[-51.159099,-30.16365],[-51.159853,-30.164236],[-51.160459,-30.16442],[-51.160575,-30.164413],[-51.160887,-30.164568],[-51.161343,-30.164673],[-51.161509,-30.164764],[-51.161795,-30.164847],[-51.162168,-30.164915],[-51.162964,-30.165145],[-51.16408,-30.165529],[-51.165139,-30.165806],[-51.165651,-30.16602],[-51.16601,-30.166106],[-51.166461,-30.166353],[-51.166581,-30.16652],[-51.166559,-30.166591],[-51.166592,-30.166735],[-51.166769,-30.166935],[-51.166836,-30.167227],[-51.166798,-30.167695],[-51.166905,-30.167979],[-51.167069,-30.168784],[-51.167171,-30.169702],[-51.167263,-30.170097],[-51.167275,-30.170443],[-51.167504,-30.170974],[-51.167694,-30.171239],[-51.168068,-30.17159],[-51.168377,-30.171746],[-51.169576,-30.172189],[-51.17026,-30.172188],[-51.170972,-30.171891],[-51.171457,-30.171366],[-51.17175,-30.171159],[-51.171857,-30.171033],[-51.172262,-30.170831],[-51.172825,-30.170642],[-51.173074,-30.170498],[-51.173558,-30.1704],[-51.17374,-30.170264],[-51.17406,-30.170137],[-51.174964,-30.169886],[-51.175753,-30.169527],[-51.176068,-30.169467],[-51.176492,-30.169253],[-51.176895,-30.169116],[-51.177064,-30.169103],[-51.177298,-30.168985],[-51.17763,-30.168913],[-51.177977,-30.169031],[-51.178338,-30.169051],[-51.179084,-30.169242],[-51.179217,-30.169202],[-51.179498,-30.169301],[-51.17966,-30.169269],[-51.18018,-30.169443],[-51.180533,-30.16949],[-51.180747,-30.169572],[-51.180944,-30.169527],[-51.181476,-30.169519],[-51.181626,-30.169497],[-51.181926,-30.169423],[-51.183072,-30.169365],[-51.183877,-30.169489],[-51.184639,-30.169818],[-51.186934,-30.170635],[-51.187246,-30.170795],[-51.188622,-30.171333],[-51.188682,-30.171355],[-51.188835,-30.171374],[-51.189491,-30.171623],[-51.18975,-30.171735],[-51.189826,-30.171779],[-51.191263,-30.172255],[-51.192107,-30.172409],[-51.193013,-30.17244],[-51.19382,-30.172299],[-51.194157,-30.172292],[-51.198469,-30.17167],[-51.191189,-30.158576],[-51.19076,-30.158403],[-51.190327,-30.15635],[-51.191438,-30.145534],[-51.186708,-30.135795],[-51.186404,-30.136676],[-51.185056,-30.137389],[-51.184282,-30.137884],[-51.184009,-30.138028],[-51.183792,-30.138076],[-51.183052,-30.137914],[-51.179745,-30.138105],[-51.178474,-30.137587],[-51.177874,-30.137155],[-51.177669,-30.137057],[-51.177446,-30.137016],[-51.176084,-30.136948],[-51.17522,-30.136967],[-51.174572,-30.136735],[-51.174116,-30.136494],[-51.174022,-30.136434]]]}},{"type":"Feature","properties":{"name":"Passo Das Pedras","code":209},"geometry":{"type":"Polygon","coordinates":[[[-51.128581,-30.011611],[-51.127137,-30.011596],[-51.125202,-30.012307],[-51.124647,-30.012465],[-51.124531,-30.012507],[-51.124356,-30.012582],[-51.124042,-30.012772],[-51.123037,-30.01377],[-51.122904,-30.01388],[-51.122634,-30.01403],[-51.120903,-30.014688],[-51.119167,-30.014992],[-51.120025,-30.023638],[-51.1202,-30.026814],[-51.120841,-30.030166],[-51.120841,-30.030166],[-51.121957,-30.029897],[-51.122705,-30.029858],[-51.125412,-30.03042],[-51.128086,-30.031148],[-51.130149,-30.032197],[-51.130635,-30.032352],[-51.13115,-30.032405],[-51.13247,-30.032327],[-51.133126,-30.032188],[-51.1347,-30.031745],[-51.13329,-30.030306],[-51.133002,-30.029972],[-51.132856,-30.029737],[-51.13247,-30.028818],[-51.131671,-30.026853],[-51.131642,-30.026704],[-51.131613,-30.026559],[-51.131236,-30.017791],[-51.130813,-30.01125],[-51.130499,-30.01138],[-51.130408,-30.011415],[-51.130057,-30.011527],[-51.12982,-30.011582],[-51.129161,-30.011618],[-51.128581,-30.011611]]]}},{"type":"Feature","properties":{"name":"Higienópolis","code":127},"geometry":{"type":"Polygon","coordinates":[[[-51.178099,-30.019613],[-51.178767,-30.019914],[-51.183378,-30.021595],[-51.184198,-30.021878],[-51.184565,-30.021948],[-51.186207,-30.019729],[-51.186325,-30.019317],[-51.186385,-30.018723],[-51.186509,-30.017374],[-51.189705,-30.017629],[-51.190442,-30.017654],[-51.191844,-30.017699],[-51.191971,-30.016536],[-51.192019,-30.015791],[-51.191846,-30.014627],[-51.191847,-30.01449],[-51.191872,-30.014353],[-51.191956,-30.01417],[-51.185513,-30.011784],[-51.184919,-30.01163],[-51.180629,-30.011508],[-51.180651,-30.010914],[-51.180563,-30.010914],[-51.180372,-30.010956],[-51.179178,-30.010926],[-51.179015,-30.01086],[-51.178821,-30.01077],[-51.178513,-30.013821],[-51.178572,-30.014031],[-51.178555,-30.014331],[-51.17812,-30.01953],[-51.178099,-30.019613]]]}},{"type":"Feature","properties":{"name":"Vila Ipiranga","code":174},"geometry":{"type":"Polygon","coordinates":[[[-51.146354,-30.027332],[-51.150742,-30.027371],[-51.151624,-30.027323],[-51.15246,-30.02736],[-51.152675,-30.027383],[-51.152815,-30.027303],[-51.15296,-30.026331],[-51.153109,-30.026243],[-51.153243,-30.026116],[-51.154071,-30.026203],[-51.154751,-30.021121],[-51.154832,-30.020931],[-51.155074,-30.02107],[-51.155408,-30.021204],[-51.155828,-30.021254],[-51.156071,-30.021304],[-51.156972,-30.021369],[-51.15782,-30.021309],[-51.15868,-30.02124],[-51.161396,-30.021144],[-51.1615,-30.020346],[-51.161461,-30.020284],[-51.16084,-30.019551],[-51.160953,-30.018803],[-51.161063,-30.018091],[-51.15428,-30.017438],[-51.152401,-30.01729],[-51.152449,-30.016919],[-51.150272,-30.016994],[-51.150243,-30.01557],[-51.150207,-30.014173],[-51.150041,-30.010505],[-51.148501,-30.010534],[-51.146705,-30.01044],[-51.146145,-30.010506],[-51.145326,-30.010427],[-51.144968,-30.01035],[-51.143017,-30.009929],[-51.143549,-30.015237],[-51.143323,-30.015254],[-51.142512,-30.016149],[-51.14243,-30.016217],[-51.142391,-30.016289],[-51.142371,-30.016429],[-51.142448,-30.016457],[-51.142555,-30.016532],[-51.142759,-30.016736],[-51.143344,-30.018041],[-51.14388,-30.01808],[-51.143885,-30.01817],[-51.143946,-30.018832],[-51.143496,-30.018799],[-51.143557,-30.019511],[-51.144354,-30.019566],[-51.144987,-30.02666],[-51.145616,-30.026663],[-51.1464,-30.026668],[-51.146354,-30.027332]]]}},{"type":"Feature","properties":{"name":"Arquipélago","code":104},"geometry":{"type":"Polygon","coordinates":[[[-51.293411,-30.056406],[-51.293445,-30.056391],[-51.293429,-30.056347],[-51.293398,-30.056338],[-51.293408,-30.056402],[-51.293411,-30.056406]]]}},{"type":"Feature","properties":{"name":"Arquipélago","code":104},"geometry":{"type":"Polygon","coordinates":[[[-51.294324,-30.055162],[-51.294258,-30.055183],[-51.294282,-30.055258],[-51.294239,-30.055307],[-51.294237,-30.055404],[-51.294129,-30.055421],[-51.294185,-30.055458],[-51.294133,-30.055543],[-51.293999,-30.055634],[-51.293857,-30.055624],[-51.293911,-30.055689],[-51.2938,-30.055765],[-51.293822,-30.055823],[-51.293699,-30.055813],[-51.293732,-30.055845],[-51.293636,-30.056],[-51.293414,-30.05603],[-51.293397,-30.056254],[-51.293435,-30.056258],[-51.293426,-30.056154],[-51.29349,-30.056075],[-51.293495,-30.056139],[-51.29357,-30.056118],[-51.29364,-30.056231],[-51.293719,-30.056237],[-51.293815,-30.055976],[-51.293895,-30.055992],[-51.29387,-30.055879],[-51.294091,-30.055839],[-51.294093,-30.055796],[-51.29413,-30.055808],[-51.294174,-30.055734],[-51.29423,-30.055731],[-51.294224,-30.055626],[-51.29434,-30.055611],[-51.294369,-30.055546],[-51.294282,-30.055492],[-51.294359,-30.055423],[-51.29434,-30.055391],[-51.294376,-30.055353],[-51.294338,-30.055308],[-51.294396,-30.055246],[-51.294403,-30.055148],[-51.294329,-30.055159],[-51.294324,-30.055162]]]}},{"type":"Feature","properties":{"name":"Jardim São Pedro","code":133},"geometry":{"type":"Polygon","coordinates":[[[-51.164047,-29.996335],[-51.162843,-30.001564],[-51.162706,-30.001692],[-51.162763,-30.001782],[-51.162657,-30.002217],[-51.162858,-30.002267],[-51.162805,-30.002571],[-51.162801,-30.002754],[-51.162888,-30.003168],[-51.1629,-30.003347],[-51.162857,-30.003556],[-51.162663,-30.003784],[-51.161715,-30.004204],[-51.161607,-30.004258],[-51.162264,-30.00428],[-51.162451,-30.004332],[-51.162605,-30.004413],[-51.162749,-30.004509],[-51.162897,-30.004622],[-51.163012,-30.004745],[-51.163446,-30.005298],[-51.163524,-30.005482],[-51.163564,-30.005682],[-51.163354,-30.006904],[-51.163148,-30.007414],[-51.163021,-30.007606],[-51.162741,-30.007923],[-51.162744,-30.008091],[-51.162266,-30.011013],[-51.166161,-30.011705],[-51.166548,-30.009601],[-51.166573,-30.009567],[-51.166613,-30.009497],[-51.166934,-30.007788],[-51.166912,-30.007646],[-51.166932,-30.007601],[-51.166997,-30.007554],[-51.167066,-30.007547],[-51.167232,-30.007627],[-51.16776,-30.007695],[-51.168694,-30.002819],[-51.171286,-30.003182],[-51.171886,-30.003195],[-51.171878,-30.003048],[-51.171851,-30.002633],[-51.172045,-30.002585],[-51.171818,-29.999457],[-51.171658,-29.997106],[-51.17149,-29.996799],[-51.171251,-29.996533],[-51.171093,-29.996381],[-51.170768,-29.996193],[-51.167306,-29.996238],[-51.164068,-29.996335],[-51.164047,-29.996335]]]}},{"type":"Feature","properties":{"name":"Jardim Floresta","code":184},"geometry":{"type":"Polygon","coordinates":[[[-51.155294,-29.996817],[-51.155138,-30.000181],[-51.154865,-30.003134],[-51.15486,-30.004086],[-51.155335,-30.004179],[-51.155782,-30.004212],[-51.156624,-30.004205],[-51.156834,-30.004198],[-51.157324,-30.00429],[-51.157771,-30.004322],[-51.158058,-30.004296],[-51.158375,-30.004228],[-51.158513,-30.004183],[-51.158579,-30.004121],[-51.158819,-30.004084],[-51.159171,-30.004105],[-51.159361,-30.004135],[-51.159587,-30.00422],[-51.159772,-30.004315],[-51.159925,-30.004414],[-51.160078,-30.00457],[-51.160251,-30.004849],[-51.162663,-30.003784],[-51.162857,-30.003556],[-51.1629,-30.003347],[-51.162888,-30.003168],[-51.162801,-30.002754],[-51.162805,-30.002571],[-51.162858,-30.002267],[-51.162657,-30.002217],[-51.162763,-30.001782],[-51.162706,-30.001692],[-51.162843,-30.001564],[-51.164047,-29.996335],[-51.16244,-29.996371],[-51.155362,-29.995388],[-51.155353,-29.996162],[-51.155326,-29.99634],[-51.155294,-29.996817]]]}},{"type":"Feature","properties":{"name":"Santa Rosa De Lima","code":211},"geometry":{"type":"Polygon","coordinates":[[[-51.088453,-29.979892],[-51.088416,-29.979876],[-51.088431,-29.980068],[-51.088434,-29.980107],[-51.088874,-29.984506],[-51.089043,-29.986811],[-51.089005,-29.987894],[-51.088943,-29.988448],[-51.088908,-29.988823],[-51.088771,-29.991089],[-51.088604,-29.992712],[-51.08857,-29.993595],[-51.088183,-29.997163],[-51.087991,-29.99834],[-51.087768,-30.000478],[-51.092167,-30.000013],[-51.097685,-29.999368],[-51.097681,-30.000755],[-51.097606,-30.001866],[-51.097634,-30.001969],[-51.097816,-30.002183],[-51.097979,-30.002562],[-51.098089,-30.002936],[-51.098323,-30.004155],[-51.098354,-30.004532],[-51.098344,-30.004756],[-51.098303,-30.004879],[-51.098553,-30.004953],[-51.098663,-30.004931],[-51.098714,-30.004897],[-51.098803,-30.004762],[-51.10115,-30.002656],[-51.101424,-30.002426],[-51.101643,-30.00232],[-51.101941,-30.002261],[-51.102487,-30.0022],[-51.104159,-30.002168],[-51.104443,-30.002157],[-51.104713,-30.002102],[-51.104909,-30.002002],[-51.105133,-30.0017],[-51.105715,-30.001743],[-51.106479,-30.001748],[-51.107143,-30.001916],[-51.107646,-30.002016],[-51.108124,-30.002073],[-51.108678,-30.002087],[-51.108935,-30.002099],[-51.109125,-30.002118],[-51.10926,-30.002158],[-51.109825,-30.002148],[-51.115275,-30.000606],[-51.11337,-29.995537],[-51.112667,-29.994419],[-51.11262,-29.993933],[-51.112609,-29.992928],[-51.112959,-29.992213],[-51.112851,-29.992151],[-51.112753,-29.992117],[-51.112218,-29.991981],[-51.112265,-29.99132],[-51.112384,-29.990657],[-51.112327,-29.988917],[-51.112383,-29.98617],[-51.111911,-29.986057],[-51.111374,-29.986017],[-51.111065,-29.985949],[-51.110933,-29.986028],[-51.111001,-29.985894],[-51.111076,-29.985769],[-51.109263,-29.985236],[-51.109186,-29.983888],[-51.107197,-29.983999],[-51.107225,-29.983192],[-51.107607,-29.982912],[-51.107646,-29.981493],[-51.107599,-29.980954],[-51.107593,-29.979992],[-51.107676,-29.979821],[-51.107709,-29.978653],[-51.107725,-29.978603],[-51.107752,-29.978523],[-51.107887,-29.978364],[-51.107758,-29.978278],[-51.107637,-29.978213],[-51.107025,-29.978244],[-51.099126,-29.979111],[-51.095977,-29.979353],[-51.089217,-29.979982],[-51.088476,-29.979902],[-51.088453,-29.979892]]]}},{"type":"Feature","properties":{"name":"Anchieta","code":102},"geometry":{"type":"Polygon","coordinates":[[[-51.155187,-29.967106],[-51.15526,-29.967884],[-51.155687,-29.972079],[-51.155681,-29.972145],[-51.155616,-29.972935],[-51.154559,-29.996332],[-51.154544,-29.996682],[-51.154587,-29.996771],[-51.155294,-29.996817],[-51.155326,-29.99634],[-51.155353,-29.996162],[-51.155362,-29.995388],[-51.16244,-29.996371],[-51.167306,-29.996238],[-51.170768,-29.996193],[-51.171093,-29.996381],[-51.171251,-29.996533],[-51.17149,-29.996799],[-51.171658,-29.997106],[-51.171818,-29.999457],[-51.172045,-30.002585],[-51.171851,-30.002633],[-51.171878,-30.003048],[-51.171886,-30.003195],[-51.184921,-30.003239],[-51.185613,-30.003142],[-51.187398,-30.002623],[-51.188049,-30.001188],[-51.188167,-30.001036],[-51.188285,-30.000959],[-51.18773,-30.000089],[-51.187612,-29.999896],[-51.187844,-29.999818],[-51.186619,-29.99773],[-51.186651,-29.997709],[-51.186939,-29.997504],[-51.186881,-29.997297],[-51.186839,-29.997153],[-51.187161,-29.996923],[-51.18752,-29.996666],[-51.186909,-29.995997],[-51.187247,-29.995764],[-51.187239,-29.995273],[-51.18815,-29.994721],[-51.182435,-29.988625],[-51.18211,-29.988223],[-51.182006,-29.988053],[-51.181943,-29.98795],[-51.181611,-29.987276],[-51.180984,-29.984464],[-51.178388,-29.975965],[-51.178115,-29.975154],[-51.177524,-29.973701],[-51.176988,-29.971882],[-51.176482,-29.970415],[-51.176398,-29.9698],[-51.176375,-29.967907],[-51.175614,-29.967902],[-51.17382,-29.967552],[-51.172862,-29.967518],[-51.172671,-29.967572],[-51.171888,-29.967585],[-51.171715,-29.967626],[-51.170893,-29.967596],[-51.170516,-29.967524],[-51.170363,-29.967455],[-51.17024,-29.967457],[-51.170124,-29.967378],[-51.170075,-29.967407],[-51.169579,-29.967311],[-51.169475,-29.967227],[-51.169321,-29.96719],[-51.168783,-29.967083],[-51.168475,-29.967066],[-51.167876,-29.967139],[-51.166903,-29.967513],[-51.166497,-29.967536],[-51.166085,-29.967387],[-51.165913,-29.967244],[-51.165716,-29.966992],[-51.165661,-29.966979],[-51.16568,-29.966912],[-51.165601,-29.966856],[-51.165549,-29.966726],[-51.165402,-29.96655],[-51.165378,-29.966378],[-51.165213,-29.966118],[-51.165103,-29.966016],[-51.164695,-29.965805],[-51.164372,-29.96576],[-51.164186,-29.965776],[-51.164108,-29.965828],[-51.163884,-29.965818],[-51.163777,-29.965897],[-51.163593,-29.965921],[-51.163173,-29.966128],[-51.162945,-29.966312],[-51.162657,-29.966425],[-51.162514,-29.966568],[-51.162074,-29.966814],[-51.161955,-29.966974],[-51.161766,-29.967049],[-51.16148,-29.96728],[-51.160664,-29.967409],[-51.160469,-29.967384],[-51.160067,-29.967272],[-51.159873,-29.967177],[-51.159795,-29.96707],[-51.159508,-29.966886],[-51.159173,-29.966425],[-51.159123,-29.96642],[-51.158813,-29.965457],[-51.158613,-29.965201],[-51.158432,-29.965098],[-51.158389,-29.965008],[-51.158219,-29.96498],[-51.157996,-29.964882],[-51.157772,-29.964926],[-51.157433,-29.964862],[-51.15726,-29.964902],[-51.156507,-29.964686],[-51.156279,-29.964658],[-51.156007,-29.964723],[-51.155898,-29.964858],[-51.155776,-29.964918],[-51.155734,-29.965218],[-51.155743,-29.965877],[-51.155684,-29.966038],[-51.155697,-29.966212],[-51.155497,-29.966631],[-51.155301,-29.966865],[-51.155193,-29.967101],[-51.155187,-29.967106]]]}},{"type":"Feature","properties":{"name":"São Sebastião","code":164},"geometry":{"type":"Polygon","coordinates":[[[-51.143017,-30.009929],[-51.144968,-30.01035],[-51.145326,-30.010427],[-51.146145,-30.010506],[-51.146705,-30.01044],[-51.148501,-30.010534],[-51.149044,-30.010528],[-51.148487,-30.005199],[-51.148475,-30.005035],[-51.148448,-30.00462],[-51.148462,-30.00451],[-51.148485,-30.004381],[-51.147258,-30.004226],[-51.147422,-30.002616],[-51.147651,-30.000337],[-51.147825,-29.997965],[-51.140624,-29.997814],[-51.139821,-29.997833],[-51.139846,-29.997931],[-51.139625,-30.001818],[-51.139497,-30.002115],[-51.137936,-30.004928],[-51.137925,-30.005067],[-51.142969,-30.008707],[-51.143017,-30.009929]]]}},{"type":"Feature","properties":{"name":"Sarandi","code":165},"geometry":{"type":"Polygon","coordinates":[[[-51.089041,-29.97998],[-51.097448,-29.979226],[-51.099126,-29.979111],[-51.107025,-29.978244],[-51.107637,-29.978213],[-51.107758,-29.978278],[-51.107887,-29.978364],[-51.107752,-29.978523],[-51.107725,-29.978603],[-51.107709,-29.978653],[-51.107676,-29.979821],[-51.107593,-29.979992],[-51.107599,-29.980954],[-51.107646,-29.981493],[-51.107607,-29.982912],[-51.107225,-29.983192],[-51.107197,-29.983999],[-51.109186,-29.983888],[-51.109263,-29.985236],[-51.111076,-29.985769],[-51.111001,-29.985894],[-51.110933,-29.986028],[-51.111065,-29.985949],[-51.111374,-29.986017],[-51.111911,-29.986057],[-51.112383,-29.98617],[-51.112327,-29.988917],[-51.112384,-29.990657],[-51.112265,-29.99132],[-51.112218,-29.991981],[-51.112753,-29.992117],[-51.112851,-29.992151],[-51.112959,-29.992213],[-51.112609,-29.992928],[-51.11262,-29.993933],[-51.112667,-29.994419],[-51.11337,-29.995537],[-51.113433,-29.995693],[-51.113481,-29.995808],[-51.116523,-30.00393],[-51.116819,-30.004767],[-51.116879,-30.004935],[-51.116865,-30.005041],[-51.11685,-30.00516],[-51.116901,-30.006119],[-51.117494,-30.007747],[-51.117506,-30.007745],[-51.119948,-30.007456],[-51.11979,-30.005449],[-51.12391,-30.005098],[-51.127659,-30.004719],[-51.12773,-30.006127],[-51.128581,-30.011611],[-51.12953,-30.01161],[-51.12982,-30.011582],[-51.130057,-30.011527],[-51.13379,-30.010076],[-51.134046,-30.01],[-51.134284,-30.009951],[-51.134592,-30.009923],[-51.134697,-30.009922],[-51.134834,-30.009925],[-51.135031,-30.009948],[-51.137896,-30.010406],[-51.138451,-30.010341],[-51.140492,-30.009781],[-51.140874,-30.009694],[-51.141172,-30.009662],[-51.141485,-30.009671],[-51.143017,-30.009929],[-51.142969,-30.008707],[-51.137925,-30.005067],[-51.137936,-30.004928],[-51.139497,-30.002115],[-51.139625,-30.001818],[-51.139846,-29.997931],[-51.139821,-29.997833],[-51.140624,-29.997814],[-51.154281,-29.998092],[-51.155241,-29.998153],[-51.155294,-29.996817],[-51.155109,-29.996815],[-51.154633,-29.996794],[-51.154587,-29.996771],[-51.154544,-29.996682],[-51.155616,-29.972935],[-51.155681,-29.972145],[-51.155687,-29.972079],[-51.15526,-29.967884],[-51.155187,-29.967106],[-51.155019,-29.967129],[-51.154942,-29.967098],[-51.154652,-29.967195],[-51.154616,-29.967238],[-51.154424,-29.967263],[-51.154026,-29.96725],[-51.153971,-29.967169],[-51.153758,-29.967154],[-51.15333,-29.966963],[-51.153168,-29.966936],[-51.153005,-29.966764],[-51.15258,-29.96654],[-51.152523,-29.966458],[-51.152388,-29.966431],[-51.152351,-29.966468],[-51.152363,-29.966417],[-51.152316,-29.966362],[-51.152126,-29.966357],[-51.15167,-29.966162],[-51.151284,-29.966092],[-51.150999,-29.96599],[-51.150463,-29.965599],[-51.15011,-29.96521],[-51.149969,-29.964905],[-51.149993,-29.964847],[-51.149913,-29.964686],[-51.149925,-29.964549],[-51.149841,-29.964372],[-51.14985,-29.964217],[-51.149938,-29.964055],[-51.149891,-29.963913],[-51.14996,-29.963746],[-51.149937,-29.96364],[-51.149993,-29.963595],[-51.149987,-29.963388],[-51.150074,-29.963238],[-51.150093,-29.962845],[-51.150036,-29.962432],[-51.149895,-29.962168],[-51.149801,-29.962098],[-51.149624,-29.961806],[-51.149359,-29.961586],[-51.14925,-29.961435],[-51.149098,-29.961366],[-51.148987,-29.961244],[-51.148882,-29.961231],[-51.148805,-29.961135],[-51.148244,-29.960788],[-51.14811,-29.960621],[-51.148071,-29.960509],[-51.147964,-29.960413],[-51.147922,-29.960283],[-51.147826,-29.960211],[-51.147646,-29.959962],[-51.147382,-29.959838],[-51.147077,-29.959775],[-51.146698,-29.959758],[-51.146249,-29.959799],[-51.145871,-29.959877],[-51.145639,-29.959943],[-51.145553,-29.960018],[-51.145271,-29.960072],[-51.145124,-29.960215],[-51.144896,-29.960275],[-51.144771,-29.960357],[-51.144006,-29.960651],[-51.143384,-29.960768],[-51.142926,-29.96073],[-51.142822,-29.960542],[-51.1427,-29.960522],[-51.142379,-29.960178],[-51.142114,-29.95983],[-51.142113,-29.95972],[-51.14191,-29.959487],[-51.141757,-29.959184],[-51.141205,-29.958554],[-51.140973,-29.958143],[-51.140921,-29.957827],[-51.140821,-29.957666],[-51.140546,-29.957538],[-51.140271,-29.95756],[-51.139666,-29.957719],[-51.139547,-29.957701],[-51.139458,-29.957786],[-51.139398,-29.957769],[-51.139195,-29.957838],[-51.139097,-29.95782],[-51.138988,-29.95789],[-51.138248,-29.958051],[-51.137676,-29.958327],[-51.137542,-29.958496],[-51.137425,-29.958551],[-51.136979,-29.959123],[-51.136855,-29.95921],[-51.13673,-29.959398],[-51.136209,-29.959928],[-51.136194,-29.959983],[-51.135629,-29.960497],[-51.134956,-29.960949],[-51.134945,-29.96092],[-51.13481,-29.960999],[-51.134303,-29.961083],[-51.134066,-29.961055],[-51.13382,-29.960965],[-51.133731,-29.960874],[-51.133418,-29.960696],[-51.133163,-29.960414],[-51.13301,-29.960132],[-51.132837,-29.959988],[-51.132802,-29.959842],[-51.132686,-29.959746],[-51.132709,-29.959695],[-51.132613,-29.959521],[-51.132395,-29.959392],[-51.132413,-29.959319],[-51.132332,-29.959312],[-51.13219,-29.959139],[-51.131847,-29.958885],[-51.13148,-29.958746],[-51.1314,-29.958756],[-51.131335,-29.958666],[-51.131198,-29.958609],[-51.13103,-29.958621],[-51.130743,-29.958522],[-51.130655,-29.958615],[-51.130603,-29.958475],[-51.130483,-29.958385],[-51.130372,-29.958408],[-51.130075,-29.95831],[-51.129495,-29.958035],[-51.128993,-29.957696],[-51.128647,-29.957362],[-51.128492,-29.957167],[-51.12831,-29.956834],[-51.128333,-29.956765],[-51.128289,-29.956573],[-51.128173,-29.95646],[-51.128262,-29.956247],[-51.128243,-29.95607],[-51.128292,-29.955988],[-51.128278,-29.955861],[-51.128212,-29.955753],[-51.128237,-29.955599],[-51.128194,-29.955459],[-51.128096,-29.955217],[-51.128,-29.955153],[-51.127819,-29.954911],[-51.127497,-29.954657],[-51.126987,-29.954433],[-51.126401,-29.954342],[-51.125863,-29.954348],[-51.124913,-29.954587],[-51.124845,-29.954667],[-51.124749,-29.954656],[-51.124194,-29.955087],[-51.124066,-29.955283],[-51.123733,-29.955562],[-51.123237,-29.955892],[-51.123158,-29.955904],[-51.12284,-29.956099],[-51.122642,-29.956144],[-51.122559,-29.956233],[-51.122423,-29.956275],[-51.122284,-29.956421],[-51.121962,-29.956539],[-51.121717,-29.956691],[-51.121377,-29.957002],[-51.121277,-29.957156],[-51.121218,-29.957388],[-51.12105,-29.957675],[-51.120792,-29.957906],[-51.120403,-29.958094],[-51.120072,-29.958182],[-51.119862,-29.958171],[-51.119799,-29.958242],[-51.119707,-29.958244],[-51.119639,-29.958177],[-51.119402,-29.958229],[-51.119126,-29.958223],[-51.11888,-29.958296],[-51.118808,-29.958273],[-51.118394,-29.958355],[-51.118077,-29.958369],[-51.117996,-29.958413],[-51.11764,-29.958432],[-51.116988,-29.958584],[-51.116918,-29.95865],[-51.116834,-29.958633],[-51.116894,-29.958601],[-51.116838,-29.958586],[-51.116521,-29.958707],[-51.11607,-29.958722],[-51.115394,-29.958664],[-51.115197,-29.958466],[-51.115068,-29.958398],[-51.115047,-29.958484],[-51.115132,-29.95857],[-51.115042,-29.958562],[-51.114963,-29.958484],[-51.114999,-29.958428],[-51.114966,-29.95835],[-51.114891,-29.958381],[-51.114879,-29.958455],[-51.114849,-29.958419],[-51.114859,-29.958211],[-51.114666,-29.958132],[-51.11461,-29.958075],[-51.114631,-29.958002],[-51.114409,-29.957893],[-51.11372,-29.957931],[-51.112957,-29.958186],[-51.112774,-29.958381],[-51.112426,-29.958641],[-51.112272,-29.958741],[-51.111937,-29.958864],[-51.111315,-29.959331],[-51.111192,-29.959469],[-51.110892,-29.959655],[-51.110868,-29.959692],[-51.110834,-29.959736],[-51.110512,-29.959826],[-51.109716,-29.960288],[-51.109502,-29.960374],[-51.109283,-29.960564],[-51.109204,-29.960577],[-51.109176,-29.960692],[-51.109052,-29.96067],[-51.109007,-29.960874],[-51.108655,-29.961004],[-51.108665,-29.961075],[-51.108559,-29.961203],[-51.108601,-29.961335],[-51.108584,-29.961442],[-51.108417,-29.961554],[-51.108368,-29.961737],[-51.108253,-29.961858],[-51.108268,-29.961978],[-51.108197,-29.962202],[-51.108203,-29.962361],[-51.10806,-29.962586],[-51.108071,-29.962679],[-51.108003,-29.962716],[-51.108024,-29.962783],[-51.107936,-29.962847],[-51.107942,-29.963031],[-51.107821,-29.963245],[-51.107835,-29.963278],[-51.107724,-29.963311],[-51.107648,-29.963388],[-51.107634,-29.963507],[-51.107494,-29.963598],[-51.107455,-29.963728],[-51.107355,-29.963846],[-51.106838,-29.96429],[-51.10668,-29.964488],[-51.106522,-29.964626],[-51.106376,-29.964688],[-51.106037,-29.964985],[-51.105847,-29.965042],[-51.105792,-29.965096],[-51.105529,-29.965133],[-51.105391,-29.965091],[-51.105322,-29.965149],[-51.105118,-29.965119],[-51.10481,-29.965149],[-51.104482,-29.965021],[-51.104256,-29.964986],[-51.103973,-29.964863],[-51.103934,-29.96481],[-51.103789,-29.964775],[-51.103704,-29.964692],[-51.103529,-29.964681],[-51.10322,-29.964573],[-51.103091,-29.964476],[-51.10207,-29.964262],[-51.101694,-29.964231],[-51.100882,-29.964279],[-51.100592,-29.964353],[-51.1,-29.96435],[-51.099946,-29.964381],[-51.099855,-29.964364],[-51.09972,-29.96444],[-51.099617,-29.964399],[-51.099402,-29.964428],[-51.099319,-29.964496],[-51.099027,-29.964551],[-51.098532,-29.964754],[-51.09838,-29.964874],[-51.098134,-29.964974],[-51.098076,-29.965075],[-51.097759,-29.965249],[-51.097625,-29.96537],[-51.097225,-29.965583],[-51.097061,-29.965575],[-51.096812,-29.965736],[-51.096511,-29.965834],[-51.09642,-29.965802],[-51.096158,-29.965953],[-51.095664,-29.965994],[-51.094923,-29.965747],[-51.094835,-29.965643],[-51.094619,-29.96554],[-51.094245,-29.965101],[-51.094014,-29.964669],[-51.093938,-29.964638],[-51.093957,-29.964558],[-51.093892,-29.96442],[-51.093296,-29.963926],[-51.093217,-29.963937],[-51.093101,-29.96384],[-51.092826,-29.963737],[-51.09213,-29.963294],[-51.092061,-29.963213],[-51.091687,-29.963108],[-51.091298,-29.96307],[-51.090708,-29.963143],[-51.090616,-29.963193],[-51.090486,-29.963198],[-51.090445,-29.963254],[-51.09021,-29.963261],[-51.090075,-29.963344],[-51.089194,-29.963608],[-51.088736,-29.963836],[-51.08844,-29.964083],[-51.088393,-29.964394],[-51.088448,-29.964659],[-51.08863,-29.964949],[-51.08864,-29.965029],[-51.088874,-29.965186],[-51.088942,-29.965275],[-51.089005,-29.965288],[-51.089031,-29.965358],[-51.089115,-29.965368],[-51.089247,-29.965493],[-51.089479,-29.96557],[-51.089761,-29.965757],[-51.090077,-29.966116],[-51.090249,-29.966508],[-51.090263,-29.966757],[-51.090201,-29.966927],[-51.090017,-29.967076],[-51.090027,-29.967196],[-51.08998,-29.967259],[-51.089572,-29.967527],[-51.088921,-29.967728],[-51.088594,-29.967777],[-51.088155,-29.968168],[-51.087949,-29.968288],[-51.087765,-29.968619],[-51.08767,-29.968716],[-51.087671,-29.968788],[-51.087511,-29.96906],[-51.087472,-29.969244],[-51.087371,-29.969452],[-51.087367,-29.969583],[-51.087428,-29.96968],[-51.087391,-29.969783],[-51.087427,-29.969993],[-51.087389,-29.970019],[-51.087371,-29.970273],[-51.087118,-29.970648],[-51.086886,-29.97076],[-51.086707,-29.97093],[-51.08654,-29.971011],[-51.086844,-29.972747],[-51.087359,-29.97434],[-51.087784,-29.975833],[-51.08812,-29.976732],[-51.088416,-29.979876],[-51.088948,-29.979976],[-51.089041,-29.97998]]]}},{"type":"Feature","properties":{"name":"Extrema","code":202},"geometry":{"type":"Polygon","coordinates":[[[-51.052184,-30.229676],[-51.052725,-30.229431],[-51.053808,-30.229164],[-51.055293,-30.228871],[-51.05547,-30.228848],[-51.055594,-30.228851],[-51.055726,-30.228867],[-51.055828,-30.228889],[-51.056163,-30.229013],[-51.056359,-30.229164],[-51.059423,-30.231706],[-51.059802,-30.231861],[-51.06018,-30.231865],[-51.06449,-30.229429],[-51.065175,-30.229201],[-51.067004,-30.228733],[-51.067601,-30.228514],[-51.070603,-30.22697],[-51.075911,-30.224914],[-51.079023,-30.223413],[-51.079686,-30.223212],[-51.082932,-30.222393],[-51.08761,-30.221861],[-51.085567,-30.209068],[-51.085949,-30.209064],[-51.086483,-30.209204],[-51.088571,-30.210018],[-51.090272,-30.210835],[-51.090497,-30.210911],[-51.090843,-30.210937],[-51.091306,-30.210904],[-51.091783,-30.210689],[-51.091742,-30.210067],[-51.090962,-30.208102],[-51.090848,-30.207654],[-51.090796,-30.20722],[-51.090787,-30.206439],[-51.090858,-30.204796],[-51.090922,-30.204131],[-51.09127,-30.202127],[-51.091295,-30.201767],[-51.091252,-30.201255],[-51.091056,-30.200461],[-51.090336,-30.19815],[-51.090265,-30.197964],[-51.090178,-30.19777],[-51.08947,-30.196469],[-51.089369,-30.19619],[-51.055807,-30.191235],[-51.054504,-30.190174],[-51.054471,-30.190147],[-51.053874,-30.189616],[-51.053637,-30.189405],[-51.053391,-30.189407],[-51.053238,-30.189298],[-51.052483,-30.189083],[-51.051963,-30.189009],[-51.051617,-30.189022],[-51.051386,-30.18892],[-51.051239,-30.18873],[-51.051028,-30.188304],[-51.050724,-30.188152],[-51.050397,-30.187865],[-51.050067,-30.187295],[-51.049396,-30.186806],[-51.049162,-30.18678],[-51.048933,-30.186867],[-51.048517,-30.186913],[-51.048387,-30.186904],[-51.048206,-30.186901],[-51.048073,-30.186847],[-51.047999,-30.186769],[-51.047922,-30.186736],[-51.047804,-30.186728],[-51.046846,-30.18677],[-51.046603,-30.18686],[-51.046391,-30.186837],[-51.046336,-30.18681],[-51.046262,-30.186754],[-51.046097,-30.186483],[-51.045797,-30.186346],[-51.045431,-30.185997],[-51.044852,-30.185779],[-51.04462,-30.185629],[-51.044281,-30.185524],[-51.043645,-30.185206],[-51.043585,-30.185151],[-51.043562,-30.185105],[-51.043512,-30.184899],[-51.043319,-30.184741],[-51.043231,-30.184598],[-51.043205,-30.184425],[-51.042929,-30.184276],[-51.041899,-30.184265],[-51.011421,-30.19608],[-51.011668,-30.197214],[-51.011854,-30.197686],[-51.012019,-30.197911],[-51.012184,-30.198272],[-51.01221,-30.198607],[-51.012294,-30.198914],[-51.012406,-30.199069],[-51.012854,-30.199489],[-51.013272,-30.199625],[-51.013462,-30.199916],[-51.013623,-30.20004],[-51.013893,-30.200125],[-51.014425,-30.200187],[-51.014589,-30.200297],[-51.01481,-30.200304],[-51.014921,-30.200473],[-51.015006,-30.200765],[-51.015183,-30.200904],[-51.015407,-30.200952],[-51.0155,-30.201174],[-51.015594,-30.201247],[-51.015629,-30.201407],[-51.015735,-30.201608],[-51.015651,-30.201857],[-51.015732,-30.202094],[-51.015714,-30.202351],[-51.016071,-30.202641],[-51.016093,-30.202734],[-51.016275,-30.202812],[-51.016411,-30.203238],[-51.016322,-30.203535],[-51.016343,-30.20375],[-51.016311,-30.203821],[-51.016526,-30.203964],[-51.016491,-30.204211],[-51.016692,-30.204292],[-51.016849,-30.204467],[-51.017087,-30.20448],[-51.017569,-30.204615],[-51.017912,-30.204594],[-51.018101,-30.204654],[-51.018365,-30.204652],[-51.018764,-30.204726],[-51.018814,-30.204803],[-51.018793,-30.205026],[-51.018853,-30.205173],[-51.018724,-30.205388],[-51.018689,-30.205798],[-51.018853,-30.205882],[-51.018883,-30.205943],[-51.01909,-30.205943],[-51.019176,-30.206025],[-51.019723,-30.206314],[-51.019982,-30.206408],[-51.020191,-30.206557],[-51.020527,-30.206662],[-51.020668,-30.206763],[-51.021189,-30.20695],[-51.021838,-30.207533],[-51.022184,-30.207686],[-51.022589,-30.208162],[-51.022802,-30.208248],[-51.023023,-30.20855],[-51.023119,-30.208583],[-51.023225,-30.208719],[-51.023581,-30.208963],[-51.023686,-30.209101],[-51.023955,-30.209202],[-51.024239,-30.209173],[-51.024822,-30.209265],[-51.024919,-30.209407],[-51.025023,-30.209708],[-51.025555,-30.210032],[-51.025659,-30.210188],[-51.025699,-30.210366],[-51.025831,-30.210556],[-51.02584,-30.210717],[-51.026031,-30.211222],[-51.026012,-30.211366],[-51.025863,-30.211499],[-51.025868,-30.211575],[-51.026185,-30.211586],[-51.026326,-30.211683],[-51.026355,-30.211736],[-51.026307,-30.211879],[-51.026507,-30.211943],[-51.026676,-30.212102],[-51.026714,-30.21222],[-51.026855,-30.212411],[-51.026859,-30.212596],[-51.027031,-30.212687],[-51.027045,-30.212809],[-51.02726,-30.213061],[-51.027286,-30.213183],[-51.027375,-30.213307],[-51.027726,-30.213466],[-51.027753,-30.213556],[-51.027725,-30.213641],[-51.027767,-30.21369],[-51.027962,-30.213777],[-51.028087,-30.213916],[-51.028313,-30.213912],[-51.028574,-30.214052],[-51.028737,-30.214203],[-51.029211,-30.214405],[-51.029609,-30.214705],[-51.029732,-30.214954],[-51.030086,-30.21499],[-51.030534,-30.215299],[-51.030754,-30.21612],[-51.030923,-30.216358],[-51.031015,-30.216417],[-51.031132,-30.216617],[-51.031411,-30.216682],[-51.031581,-30.216884],[-51.031725,-30.216982],[-51.031874,-30.217182],[-51.032226,-30.217367],[-51.032394,-30.217347],[-51.032517,-30.217588],[-51.032813,-30.217558],[-51.032966,-30.217608],[-51.033186,-30.217618],[-51.033357,-30.21776],[-51.033406,-30.217777],[-51.03345,-30.217786],[-51.033827,-30.217716],[-51.033864,-30.217729],[-51.033872,-30.217751],[-51.033782,-30.217825],[-51.033802,-30.217899],[-51.034458,-30.21801],[-51.034698,-30.218005],[-51.035017,-30.218138],[-51.035314,-30.21813],[-51.035404,-30.218184],[-51.035543,-30.218147],[-51.035616,-30.217955],[-51.035845,-30.217944],[-51.035879,-30.217819],[-51.035985,-30.217792],[-51.036226,-30.218007],[-51.036825,-30.218333],[-51.036844,-30.21844],[-51.037019,-30.218405],[-51.03717,-30.218542],[-51.037634,-30.218551],[-51.037856,-30.218621],[-51.038167,-30.218464],[-51.038204,-30.218531],[-51.038667,-30.218787],[-51.03889,-30.218779],[-51.039242,-30.218694],[-51.039319,-30.218628],[-51.039387,-30.218337],[-51.039464,-30.218191],[-51.039665,-30.218035],[-51.040171,-30.217814],[-51.04077,-30.217775],[-51.041021,-30.21789],[-51.041043,-30.217965],[-51.041076,-30.217998],[-51.04113,-30.218032],[-51.041593,-30.218178],[-51.041732,-30.218513],[-51.041721,-30.218673],[-51.041824,-30.218735],[-51.041929,-30.218889],[-51.042111,-30.218986],[-51.042151,-30.21905],[-51.042145,-30.219283],[-51.042197,-30.219343],[-51.042196,-30.219369],[-51.042186,-30.219408],[-51.041912,-30.21978],[-51.041965,-30.220043],[-51.042091,-30.22026],[-51.042126,-30.220282],[-51.042164,-30.220282],[-51.042348,-30.220242],[-51.042439,-30.220276],[-51.042652,-30.220633],[-51.042899,-30.220832],[-51.042995,-30.221031],[-51.043193,-30.221213],[-51.04336,-30.221451],[-51.043533,-30.221576],[-51.043674,-30.221575],[-51.043915,-30.221645],[-51.043894,-30.221903],[-51.04412,-30.222157],[-51.044416,-30.222258],[-51.044583,-30.222218],[-51.044621,-30.222179],[-51.044643,-30.222128],[-51.044809,-30.222024],[-51.045235,-30.222093],[-51.045332,-30.22215],[-51.045536,-30.222383],[-51.045908,-30.222575],[-51.046039,-30.22281],[-51.046472,-30.222918],[-51.046756,-30.222904],[-51.046956,-30.223032],[-51.047038,-30.223258],[-51.047215,-30.223555],[-51.047518,-30.223514],[-51.047727,-30.223665],[-51.047848,-30.223857],[-51.047834,-30.224101],[-51.047948,-30.224552],[-51.04795,-30.224911],[-51.047872,-30.225207],[-51.048162,-30.225445],[-51.048296,-30.225609],[-51.048239,-30.2257],[-51.048241,-30.225809],[-51.048338,-30.225926],[-51.048614,-30.226129],[-51.048858,-30.226262],[-51.049087,-30.22655],[-51.049249,-30.226651],[-51.049419,-30.226984],[-51.049532,-30.227075],[-51.049787,-30.227178],[-51.049959,-30.227324],[-51.05004,-30.22744],[-51.05018,-30.22782],[-51.050273,-30.227891],[-51.050303,-30.228306],[-51.050565,-30.228335],[-51.050959,-30.228588],[-51.051416,-30.228649],[-51.051564,-30.229074],[-51.051766,-30.229256],[-51.052118,-30.229716],[-51.052155,-30.229694],[-51.052184,-30.229676]]]}},{"type":"Feature","properties":{"name":"São Caetano","code":192},"geometry":{"type":"Polygon","coordinates":[[[-51.067431,-30.17826],[-51.067288,-30.178309],[-51.067305,-30.178429],[-51.067738,-30.179166],[-51.067781,-30.179381],[-51.067138,-30.179657],[-51.067065,-30.179803],[-51.066951,-30.179874],[-51.066683,-30.17985],[-51.066585,-30.179883],[-51.066437,-30.180234],[-51.066347,-30.180346],[-51.066263,-30.18041],[-51.066165,-30.180436],[-51.066099,-30.18042],[-51.066015,-30.180308],[-51.065892,-30.180254],[-51.065582,-30.180269],[-51.065526,-30.180358],[-51.065474,-30.180456],[-51.065422,-30.180447],[-51.06533,-30.180423],[-51.065234,-30.18048],[-51.065164,-30.180581],[-51.065116,-30.180678],[-51.064804,-30.180877],[-51.064764,-30.180945],[-51.064732,-30.180997],[-51.06466,-30.181033],[-51.064469,-30.181148],[-51.064356,-30.181183],[-51.064168,-30.181172],[-51.063807,-30.181337],[-51.063745,-30.181343],[-51.063685,-30.181347],[-51.063376,-30.181206],[-51.063644,-30.181098],[-51.063674,-30.180932],[-51.06333,-30.181043],[-51.063154,-30.181232],[-51.063099,-30.181391],[-51.062883,-30.181622],[-51.062719,-30.181716],[-51.062514,-30.181989],[-51.062367,-30.182116],[-51.06217,-30.182265],[-51.061978,-30.182199],[-51.061895,-30.182223],[-51.061658,-30.18275],[-51.061346,-30.183234],[-51.061087,-30.183855],[-51.060888,-30.184079],[-51.060755,-30.184057],[-51.06065,-30.184145],[-51.060553,-30.184539],[-51.0604,-30.184723],[-51.060251,-30.185013],[-51.060053,-30.185175],[-51.059843,-30.18525],[-51.059648,-30.185431],[-51.059537,-30.18556],[-51.059521,-30.185702],[-51.059442,-30.185826],[-51.059083,-30.186096],[-51.058831,-30.186184],[-51.058672,-30.186308],[-51.058633,-30.186401],[-51.058673,-30.186473],[-51.058581,-30.186639],[-51.058359,-30.186751],[-51.05779,-30.186935],[-51.057374,-30.187139],[-51.05731,-30.187341],[-51.057418,-30.187711],[-51.05721,-30.187863],[-51.056834,-30.187859],[-51.056444,-30.188259],[-51.056182,-30.188374],[-51.05596,-30.188326],[-51.055794,-30.188338],[-51.055728,-30.188498],[-51.055664,-30.188547],[-51.055238,-30.188564],[-51.054959,-30.188812],[-51.054906,-30.188986],[-51.0547,-30.189108],[-51.054091,-30.189072],[-51.054012,-30.18911],[-51.053825,-30.189324],[-51.053637,-30.189405],[-51.053874,-30.189616],[-51.054471,-30.190147],[-51.054504,-30.190174],[-51.055807,-30.191235],[-51.089369,-30.19619],[-51.08947,-30.196469],[-51.090178,-30.19777],[-51.090265,-30.197964],[-51.090336,-30.19815],[-51.091056,-30.200461],[-51.091252,-30.201255],[-51.091295,-30.201767],[-51.09127,-30.202127],[-51.090922,-30.204131],[-51.090858,-30.204796],[-51.090787,-30.206439],[-51.090796,-30.20722],[-51.090848,-30.207654],[-51.090962,-30.208102],[-51.091742,-30.210067],[-51.091783,-30.210689],[-51.105676,-30.208513],[-51.105786,-30.208552],[-51.106167,-30.208742],[-51.106839,-30.209179],[-51.107796,-30.210053],[-51.10979,-30.211217],[-51.113498,-30.207051],[-51.11441,-30.20613],[-51.116409,-30.203956],[-51.116442,-30.203862],[-51.116439,-30.203796],[-51.116426,-30.203718],[-51.116166,-30.203649],[-51.114786,-30.203715],[-51.114293,-30.203563],[-51.112256,-30.20262],[-51.110793,-30.201521],[-51.110541,-30.201375],[-51.108614,-30.200773],[-51.107087,-30.200192],[-51.10656,-30.199977],[-51.106179,-30.19981],[-51.104868,-30.19917],[-51.104383,-30.199042],[-51.103643,-30.19895],[-51.1032,-30.198845],[-51.102578,-30.198524],[-51.101593,-30.197922],[-51.101433,-30.197801],[-51.101294,-30.197673],[-51.100165,-30.196424],[-51.099335,-30.195571],[-51.098424,-30.194776],[-51.09678,-30.193442],[-51.096721,-30.193376],[-51.09666,-30.193296],[-51.096601,-30.19317],[-51.096568,-30.193074],[-51.096489,-30.192212],[-51.096454,-30.192064],[-51.096413,-30.191945],[-51.09637,-30.19186],[-51.096311,-30.191777],[-51.096232,-30.191691],[-51.096134,-30.191599],[-51.095281,-30.191047],[-51.095131,-30.190936],[-51.095006,-30.190828],[-51.094021,-30.189688],[-51.093805,-30.18935],[-51.094091,-30.189193],[-51.094279,-30.188976],[-51.094729,-30.188276],[-51.09481,-30.18809],[-51.094794,-30.188015],[-51.093677,-30.186586],[-51.092924,-30.185756],[-51.092507,-30.185366],[-51.090982,-30.184227],[-51.08885,-30.182792],[-51.087929,-30.181963],[-51.087369,-30.18155],[-51.086161,-30.180852],[-51.083677,-30.179959],[-51.083496,-30.179879],[-51.083359,-30.179804],[-51.082986,-30.17944],[-51.082683,-30.178973],[-51.078552,-30.177452],[-51.07839,-30.177509],[-51.078217,-30.177502],[-51.077794,-30.177657],[-51.077488,-30.17795],[-51.077213,-30.178118],[-51.076805,-30.178141],[-51.076295,-30.178042],[-51.075749,-30.177996],[-51.075577,-30.177878],[-51.075336,-30.177807],[-51.075202,-30.177661],[-51.074899,-30.177486],[-51.074509,-30.177447],[-51.074044,-30.177325],[-51.073873,-30.177258],[-51.07361,-30.177042],[-51.073557,-30.17704],[-51.073539,-30.177043],[-51.072614,-30.177461],[-51.072199,-30.177509],[-51.071902,-30.177637],[-51.07145,-30.177697],[-51.071303,-30.177681],[-51.071247,-30.17767],[-51.071123,-30.177565],[-51.070524,-30.177502],[-51.070178,-30.177685],[-51.069964,-30.177606],[-51.069155,-30.177696],[-51.06903,-30.177798],[-51.068741,-30.177884],[-51.068622,-30.178033],[-51.068331,-30.178092],[-51.068043,-30.178081],[-51.067435,-30.178259],[-51.067431,-30.17826]]]}},{"type":"Feature","properties":{"name":"Belém Novo","code":108},"geometry":{"type":"Polygon","coordinates":[[[-51.166018,-30.184069],[-51.161787,-30.187346],[-51.161201,-30.187353],[-51.16097,-30.187785],[-51.160761,-30.188043],[-51.159317,-30.189236],[-51.161182,-30.191966],[-51.161491,-30.192251],[-51.162264,-30.19256],[-51.162348,-30.1936],[-51.162463,-30.19443],[-51.162837,-30.195723],[-51.162829,-30.196169],[-51.162705,-30.196621],[-51.161597,-30.199148],[-51.161332,-30.199546],[-51.160579,-30.200019],[-51.160301,-30.200248],[-51.160045,-30.200662],[-51.159902,-30.201208],[-51.159971,-30.201553],[-51.16059,-30.202997],[-51.160733,-30.20366],[-51.160711,-30.203836],[-51.160048,-30.20519],[-51.159935,-30.205508],[-51.159904,-30.205859],[-51.15999,-30.206838],[-51.160297,-30.207674],[-51.160348,-30.207938],[-51.160258,-30.208189],[-51.15987,-30.208697],[-51.15979,-30.209165],[-51.159911,-30.209512],[-51.160318,-30.210084],[-51.160588,-30.210361],[-51.16143,-30.211062],[-51.161504,-30.211131],[-51.161556,-30.211216],[-51.161619,-30.211517],[-51.161709,-30.212772],[-51.160503,-30.212624],[-51.159586,-30.212624],[-51.159041,-30.212666],[-51.155604,-30.213148],[-51.154239,-30.213219],[-51.153169,-30.213175],[-51.153207,-30.213287],[-51.156818,-30.219283],[-51.158147,-30.220394],[-51.15955,-30.221543],[-51.160862,-30.223677],[-51.16244,-30.225137],[-51.16589,-30.229378],[-51.167098,-30.235957],[-51.167129,-30.23644],[-51.16717,-30.237181],[-51.167218,-30.23718],[-51.167269,-30.237115],[-51.167296,-30.237124],[-51.167425,-30.23717],[-51.167478,-30.237213],[-51.167504,-30.237331],[-51.167576,-30.237282],[-51.167578,-30.237382],[-51.167636,-30.23741],[-51.167664,-30.237316],[-51.167713,-30.237301],[-51.167785,-30.237338],[-51.167752,-30.237413],[-51.167995,-30.237511],[-51.168072,-30.237424],[-51.168282,-30.237441],[-51.168373,-30.237338],[-51.168543,-30.237401],[-51.168677,-30.237011],[-51.16867,-30.236923],[-51.168797,-30.236913],[-51.168903,-30.236845],[-51.168986,-30.236872],[-51.168938,-30.237162],[-51.168783,-30.237507],[-51.168873,-30.23753],[-51.16917,-30.237487],[-51.169229,-30.237555],[-51.169228,-30.237622],[-51.168839,-30.237703],[-51.168774,-30.237646],[-51.168719,-30.237695],[-51.16855,-30.237674],[-51.168475,-30.237769],[-51.16912,-30.237764],[-51.169381,-30.237842],[-51.169393,-30.237913],[-51.169513,-30.237935],[-51.16969,-30.238162],[-51.169737,-30.238302],[-51.169639,-30.238397],[-51.169619,-30.238477],[-51.169713,-30.238661],[-51.169793,-30.238663],[-51.169871,-30.238757],[-51.169919,-30.238717],[-51.170016,-30.238743],[-51.170084,-30.23886],[-51.170095,-30.238993],[-51.170238,-30.239018],[-51.170222,-30.239076],[-51.170282,-30.239077],[-51.170297,-30.238964],[-51.170415,-30.23908],[-51.1705,-30.239001],[-51.170523,-30.239056],[-51.170605,-30.239028],[-51.170653,-30.239097],[-51.170708,-30.239038],[-51.170801,-30.239066],[-51.170845,-30.239035],[-51.170884,-30.238906],[-51.170918,-30.238922],[-51.170934,-30.23903],[-51.171025,-30.238931],[-51.171027,-30.238812],[-51.171496,-30.238501],[-51.171832,-30.238461],[-51.172093,-30.23854],[-51.172169,-30.238499],[-51.172237,-30.238567],[-51.172322,-30.238456],[-51.172472,-30.23844],[-51.172517,-30.238511],[-51.172768,-30.238342],[-51.172855,-30.238342],[-51.172909,-30.238417],[-51.172932,-30.238382],[-51.173334,-30.238262],[-51.173687,-30.238305],[-51.173813,-30.238198],[-51.174055,-30.238284],[-51.174023,-30.238318],[-51.174064,-30.238334],[-51.17404,-30.238363],[-51.174178,-30.238373],[-51.174207,-30.238346],[-51.174162,-30.238357],[-51.174161,-30.23831],[-51.174248,-30.238231],[-51.174253,-30.238201],[-51.174205,-30.238217],[-51.174222,-30.238156],[-51.174314,-30.238103],[-51.174465,-30.238122],[-51.174542,-30.238233],[-51.174571,-30.23823],[-51.174572,-30.238168],[-51.174613,-30.238164],[-51.174776,-30.238212],[-51.174822,-30.23817],[-51.174861,-30.238216],[-51.174949,-30.238139],[-51.175248,-30.238045],[-51.175278,-30.237975],[-51.175332,-30.238014],[-51.175431,-30.237967],[-51.175434,-30.237884],[-51.175566,-30.237817],[-51.175996,-30.237741],[-51.176021,-30.237594],[-51.176076,-30.23754],[-51.176507,-30.23735],[-51.176821,-30.237147],[-51.177204,-30.236981],[-51.177437,-30.236957],[-51.177512,-30.236985],[-51.177516,-30.236903],[-51.177779,-30.236729],[-51.177995,-30.236366],[-51.178291,-30.236094],[-51.178615,-30.2359],[-51.17876,-30.235695],[-51.178873,-30.235632],[-51.178847,-30.235572],[-51.179001,-30.235493],[-51.179287,-30.235479],[-51.179214,-30.235541],[-51.179347,-30.235582],[-51.17936,-30.235669],[-51.179376,-30.235616],[-51.179422,-30.235657],[-51.179447,-30.235624],[-51.1795,-30.23564],[-51.179454,-30.235574],[-51.179596,-30.235501],[-51.179793,-30.235606],[-51.179851,-30.235483],[-51.179937,-30.235438],[-51.17999,-30.235504],[-51.179943,-30.235569],[-51.1801,-30.235552],[-51.180124,-30.235471],[-51.180258,-30.235468],[-51.180191,-30.235434],[-51.180223,-30.235347],[-51.180272,-30.235342],[-51.180295,-30.235385],[-51.180312,-30.235323],[-51.180387,-30.235298],[-51.180389,-30.235375],[-51.180302,-30.235421],[-51.180338,-30.235532],[-51.180356,-30.235426],[-51.180505,-30.235347],[-51.180435,-30.235295],[-51.180486,-30.235258],[-51.181048,-30.235166],[-51.181814,-30.235205],[-51.182251,-30.23514],[-51.18262,-30.235135],[-51.183278,-30.235189],[-51.183291,-30.235283],[-51.183353,-30.235295],[-51.183689,-30.235199],[-51.184332,-30.235189],[-51.184472,-30.23522],[-51.184458,-30.235345],[-51.184633,-30.235258],[-51.184558,-30.235353],[-51.184627,-30.235411],[-51.184691,-30.235402],[-51.184725,-30.235269],[-51.184824,-30.235288],[-51.184914,-30.235354],[-51.184799,-30.23535],[-51.184766,-30.235414],[-51.185045,-30.2355],[-51.185202,-30.235493],[-51.18534,-30.235549],[-51.18536,-30.235523],[-51.185304,-30.235467],[-51.185332,-30.235428],[-51.185606,-30.235403],[-51.185594,-30.235456],[-51.185438,-30.235517],[-51.185433,-30.23555],[-51.185471,-30.23559],[-51.185556,-30.235559],[-51.185581,-30.23563],[-51.185681,-30.23568],[-51.185823,-30.235587],[-51.185951,-30.23561],[-51.186093,-30.235509],[-51.186276,-30.23552],[-51.186375,-30.235443],[-51.186397,-30.235505],[-51.186634,-30.235498],[-51.186708,-30.235527],[-51.186728,-30.235582],[-51.186789,-30.235594],[-51.186839,-30.235557],[-51.186863,-30.235599],[-51.186961,-30.235539],[-51.186869,-30.235467],[-51.187074,-30.235469],[-51.187975,-30.235653],[-51.188481,-30.235831],[-51.188547,-30.235892],[-51.188463,-30.236033],[-51.188441,-30.236184],[-51.188524,-30.236202],[-51.188634,-30.236073],[-51.188605,-30.23624],[-51.188664,-30.23632],[-51.188666,-30.236376],[-51.188574,-30.236387],[-51.18852,-30.236486],[-51.188594,-30.236537],[-51.188708,-30.236439],[-51.188778,-30.236581],[-51.188899,-30.23659],[-51.188848,-30.236697],[-51.188899,-30.236756],[-51.189028,-30.236633],[-51.189063,-30.236719],[-51.18916,-30.236763],[-51.189136,-30.236863],[-51.189178,-30.236906],[-51.189538,-30.236902],[-51.189639,-30.236933],[-51.189646,-30.237036],[-51.189606,-30.23711],[-51.189637,-30.237207],[-51.18973,-30.237231],[-51.189778,-30.237302],[-51.189894,-30.237356],[-51.189849,-30.237483],[-51.18996,-30.237646],[-51.190126,-30.237732],[-51.190198,-30.237841],[-51.190192,-30.2379],[-51.190299,-30.237899],[-51.190356,-30.237957],[-51.190295,-30.238118],[-51.190326,-30.238173],[-51.190422,-30.238185],[-51.190375,-30.238257],[-51.190416,-30.2383],[-51.190477,-30.238282],[-51.190512,-30.238395],[-51.190576,-30.23843],[-51.190565,-30.238485],[-51.190609,-30.238514],[-51.190701,-30.23847],[-51.190667,-30.238675],[-51.190744,-30.238748],[-51.190761,-30.238834],[-51.190853,-30.238872],[-51.190787,-30.238994],[-51.190923,-30.239023],[-51.190936,-30.239127],[-51.191007,-30.239102],[-51.190989,-30.239224],[-51.191081,-30.239258],[-51.191077,-30.239313],[-51.191239,-30.239402],[-51.191307,-30.239279],[-51.191219,-30.239285],[-51.191217,-30.239253],[-51.191392,-30.239189],[-51.19148,-30.239064],[-51.191544,-30.239109],[-51.191621,-30.23901],[-51.191861,-30.23906],[-51.191909,-30.239027],[-51.191911,-30.238972],[-51.191971,-30.239027],[-51.192119,-30.23898],[-51.192131,-30.238919],[-51.192016,-30.238883],[-51.192004,-30.23884],[-51.192179,-30.238796],[-51.192143,-30.238703],[-51.192281,-30.238534],[-51.192333,-30.238514],[-51.192441,-30.238558],[-51.192545,-30.238498],[-51.192518,-30.238376],[-51.192613,-30.238346],[-51.192757,-30.238374],[-51.192849,-30.238276],[-51.192821,-30.238184],[-51.192692,-30.238204],[-51.192738,-30.238126],[-51.192702,-30.238046],[-51.192626,-30.238027],[-51.192669,-30.237929],[-51.192938,-30.237962],[-51.193003,-30.237921],[-51.193031,-30.237955],[-51.193081,-30.237931],[-51.193065,-30.237858],[-51.193252,-30.237855],[-51.193202,-30.237524],[-51.193268,-30.237436],[-51.193423,-30.237415],[-51.193411,-30.237298],[-51.193501,-30.23714],[-51.193693,-30.237093],[-51.193611,-30.237068],[-51.193494,-30.237109],[-51.193301,-30.236997],[-51.193065,-30.237087],[-51.193006,-30.237081],[-51.192985,-30.237026],[-51.192898,-30.237072],[-51.192904,-30.236959],[-51.192836,-30.236952],[-51.192769,-30.236888],[-51.192906,-30.23672],[-51.192927,-30.236549],[-51.192785,-30.236559],[-51.192681,-30.236463],[-51.19239,-30.23645],[-51.192625,-30.236268],[-51.192751,-30.23622],[-51.192815,-30.236083],[-51.192538,-30.235994],[-51.192514,-30.235909],[-51.192576,-30.235871],[-51.192574,-30.23581],[-51.192509,-30.235816],[-51.192481,-30.235861],[-51.192233,-30.23576],[-51.192121,-30.235774],[-51.192177,-30.235614],[-51.192085,-30.235559],[-51.192184,-30.235491],[-51.192252,-30.235493],[-51.192295,-30.235404],[-51.192097,-30.235363],[-51.192154,-30.235255],[-51.192082,-30.235192],[-51.192277,-30.235128],[-51.192259,-30.23502],[-51.192437,-30.234979],[-51.192502,-30.234874],[-51.192544,-30.234902],[-51.192637,-30.234858],[-51.192738,-30.234875],[-51.192725,-30.2349],[-51.192815,-30.234874],[-51.192801,-30.234845],[-51.192748,-30.234872],[-51.192715,-30.234776],[-51.192649,-30.234812],[-51.192641,-30.234741],[-51.19251,-30.234774],[-51.192465,-30.234746],[-51.192428,-30.23481],[-51.192341,-30.234732],[-51.192238,-30.234713],[-51.192254,-30.234627],[-51.192143,-30.234559],[-51.191993,-30.234643],[-51.191867,-30.234641],[-51.191738,-30.234503],[-51.191307,-30.234454],[-51.191405,-30.234314],[-51.191364,-30.234249],[-51.191269,-30.234315],[-51.191234,-30.234298],[-51.191273,-30.234231],[-51.191258,-30.234096],[-51.191311,-30.234062],[-51.191244,-30.233924],[-51.191409,-30.233836],[-51.191399,-30.233769],[-51.191035,-30.233821],[-51.190952,-30.233741],[-51.190961,-30.233664],[-51.191033,-30.233591],[-51.190935,-30.23355],[-51.190874,-30.233381],[-51.190736,-30.233229],[-51.190513,-30.233307],[-51.190323,-30.233322],[-51.190224,-30.233426],[-51.190354,-30.233655],[-51.19026,-30.233708],[-51.19009,-30.233729],[-51.189653,-30.233499],[-51.1895,-30.23351],[-51.189458,-30.233425],[-51.188852,-30.233169],[-51.188732,-30.233145],[-51.188632,-30.233189],[-51.188461,-30.233174],[-51.18823,-30.233013],[-51.187829,-30.23307],[-51.187701,-30.232982],[-51.187593,-30.232961],[-51.187432,-30.232996],[-51.187407,-30.233077],[-51.187371,-30.233011],[-51.187233,-30.233048],[-51.187138,-30.232937],[-51.187224,-30.232811],[-51.187169,-30.232792],[-51.187085,-30.232832],[-51.186968,-30.232752],[-51.186784,-30.232815],[-51.186816,-30.232991],[-51.186789,-30.233051],[-51.186757,-30.232885],[-51.186717,-30.232861],[-51.186661,-30.232886],[-51.186647,-30.232965],[-51.1866,-30.232921],[-51.1865,-30.232915],[-51.186252,-30.233069],[-51.18617,-30.232973],[-51.186131,-30.232998],[-51.186148,-30.233091],[-51.186119,-30.233031],[-51.186049,-30.233041],[-51.186016,-30.233008],[-51.185916,-30.233087],[-51.18574,-30.233099],[-51.185609,-30.233154],[-51.185532,-30.233114],[-51.185424,-30.23316],[-51.185351,-30.233119],[-51.185288,-30.233192],[-51.185216,-30.233209],[-51.18515,-30.233187],[-51.185183,-30.233102],[-51.185132,-30.233061],[-51.184725,-30.233188],[-51.184603,-30.233175],[-51.184477,-30.233073],[-51.184588,-30.232994],[-51.184702,-30.233021],[-51.18471,-30.232934],[-51.184653,-30.232915],[-51.184227,-30.233068],[-51.184203,-30.233099],[-51.184246,-30.233188],[-51.184134,-30.233219],[-51.184014,-30.23312],[-51.183989,-30.233157],[-51.184035,-30.233195],[-51.18393,-30.233212],[-51.183816,-30.233128],[-51.183855,-30.233013],[-51.183724,-30.233005],[-51.183678,-30.232821],[-51.183555,-30.232794],[-51.183584,-30.23267],[-51.183481,-30.232677],[-51.183459,-30.23253],[-51.183203,-30.232432],[-51.183206,-30.232328],[-51.183136,-30.232328],[-51.183102,-30.232246],[-51.183129,-30.232184],[-51.182863,-30.232125],[-51.182833,-30.232177],[-51.182669,-30.232175],[-51.182624,-30.232081],[-51.18254,-30.232059],[-51.182591,-30.231939],[-51.182505,-30.231863],[-51.18258,-30.231809],[-51.182368,-30.2317],[-51.182322,-30.231469],[-51.182211,-30.231413],[-51.182207,-30.231208],[-51.182051,-30.231134],[-51.182098,-30.231047],[-51.181961,-30.231063],[-51.182067,-30.230864],[-51.181938,-30.230741],[-51.181816,-30.230488],[-51.181618,-30.230467],[-51.181724,-30.230359],[-51.181579,-30.230374],[-51.181412,-30.23028],[-51.181471,-30.23021],[-51.18147,-30.230146],[-51.181279,-30.229936],[-51.18133,-30.229859],[-51.181153,-30.229729],[-51.181151,-30.229522],[-51.181215,-30.229497],[-51.181054,-30.229506],[-51.180951,-30.229775],[-51.18107,-30.229886],[-51.181112,-30.230057],[-51.181246,-30.230163],[-51.181225,-30.230304],[-51.181131,-30.230235],[-51.181069,-30.230081],[-51.180977,-30.230023],[-51.18089,-30.229783],[-51.180659,-30.229813],[-51.180614,-30.229727],[-51.180585,-30.22932],[-51.180474,-30.229078],[-51.180202,-30.228841],[-51.180272,-30.228727],[-51.18019,-30.22844],[-51.180042,-30.22838],[-51.180152,-30.228309],[-51.180658,-30.228521],[-51.180748,-30.228463],[-51.180755,-30.228301],[-51.180637,-30.22827],[-51.18063,-30.228198],[-51.180573,-30.228226],[-51.180523,-30.228135],[-51.180406,-30.228179],[-51.180396,-30.228114],[-51.1805,-30.228066],[-51.180485,-30.227982],[-51.180248,-30.227892],[-51.180187,-30.227765],[-51.18009,-30.227717],[-51.180216,-30.227502],[-51.180087,-30.227417],[-51.179982,-30.227438],[-51.179965,-30.227382],[-51.180126,-30.227187],[-51.180057,-30.227168],[-51.179944,-30.227257],[-51.179924,-30.227231],[-51.179979,-30.227146],[-51.179849,-30.227134],[-51.179791,-30.226914],[-51.179837,-30.226868],[-51.179759,-30.226763],[-51.17975,-30.226596],[-51.179645,-30.226521],[-51.179552,-30.226555],[-51.179442,-30.226525],[-51.17941,-30.226569],[-51.179238,-30.226546],[-51.179382,-30.226268],[-51.179268,-30.226139],[-51.179471,-30.226128],[-51.179508,-30.226093],[-51.179204,-30.225734],[-51.179127,-30.225745],[-51.179056,-30.225841],[-51.178972,-30.225774],[-51.178976,-30.225724],[-51.179056,-30.225697],[-51.179084,-30.225629],[-51.178988,-30.225547],[-51.179017,-30.225339],[-51.178927,-30.225213],[-51.17902,-30.225154],[-51.179055,-30.225075],[-51.178957,-30.224993],[-51.178817,-30.224684],[-51.17887,-30.224641],[-51.178821,-30.224446],[-51.178848,-30.224335],[-51.178737,-30.224111],[-51.178794,-30.223981],[-51.178694,-30.223931],[-51.178588,-30.223802],[-51.178577,-30.223564],[-51.17851,-30.223387],[-51.178437,-30.223374],[-51.17836,-30.223441],[-51.178145,-30.223415],[-51.178052,-30.223465],[-51.178007,-30.223444],[-51.177972,-30.223318],[-51.178006,-30.223227],[-51.177902,-30.222979],[-51.178178,-30.223057],[-51.178535,-30.222987],[-51.178488,-30.222887],[-51.178547,-30.222749],[-51.178516,-30.222638],[-51.178608,-30.222548],[-51.178551,-30.222238],[-51.178472,-30.222137],[-51.178547,-30.222081],[-51.178686,-30.222065],[-51.178601,-30.221924],[-51.178574,-30.221758],[-51.178494,-30.221698],[-51.178527,-30.22162],[-51.178422,-30.221602],[-51.178296,-30.221507],[-51.178117,-30.221144],[-51.17795,-30.220614],[-51.177898,-30.220147],[-51.177887,-30.219872],[-51.177999,-30.219724],[-51.177858,-30.219637],[-51.177838,-30.219523],[-51.177908,-30.219463],[-51.177932,-30.219221],[-51.178024,-30.219239],[-51.178052,-30.219206],[-51.178014,-30.219042],[-51.177959,-30.218972],[-51.178047,-30.218871],[-51.17799,-30.218688],[-51.178044,-30.21835],[-51.178153,-30.218096],[-51.178141,-30.217989],[-51.178224,-30.217725],[-51.17847,-30.217168],[-51.178617,-30.216851],[-51.178745,-30.216765],[-51.178804,-30.216623],[-51.179108,-30.216504],[-51.179298,-30.216249],[-51.179303,-30.215842],[-51.179548,-30.215636],[-51.179632,-30.215489],[-51.179748,-30.215403],[-51.18001,-30.215308],[-51.180128,-30.215156],[-51.180139,-30.215085],[-51.180046,-30.214989],[-51.179918,-30.214949],[-51.180008,-30.214682],[-51.180247,-30.214413],[-51.180389,-30.214478],[-51.180517,-30.214464],[-51.18102,-30.214059],[-51.18108,-30.214064],[-51.181092,-30.213952],[-51.18115,-30.213948],[-51.181187,-30.213893],[-51.181367,-30.21386],[-51.181338,-30.213796],[-51.181442,-30.213703],[-51.181521,-30.213717],[-51.18162,-30.213654],[-51.181784,-30.213625],[-51.181818,-30.213591],[-51.181767,-30.2135],[-51.181929,-30.213623],[-51.181917,-30.213499],[-51.181969,-30.213295],[-51.182073,-30.213202],[-51.182178,-30.213186],[-51.182236,-30.213102],[-51.182386,-30.213004],[-51.182432,-30.213003],[-51.182472,-30.213014],[-51.182597,-30.212928],[-51.182544,-30.212746],[-51.182578,-30.212708],[-51.18265,-30.212708],[-51.182671,-30.212788],[-51.182715,-30.212805],[-51.18318,-30.212726],[-51.183265,-30.212673],[-51.183348,-30.212771],[-51.183494,-30.21267],[-51.183569,-30.212743],[-51.183638,-30.212699],[-51.183783,-30.212711],[-51.183856,-30.2126],[-51.183946,-30.212675],[-51.183978,-30.212639],[-51.183938,-30.212539],[-51.183956,-30.212477],[-51.184075,-30.212603],[-51.184097,-30.212459],[-51.184032,-30.212342],[-51.184061,-30.212312],[-51.184151,-30.212359],[-51.184186,-30.212288],[-51.184245,-30.212357],[-51.184301,-30.212248],[-51.184377,-30.212385],[-51.184412,-30.212358],[-51.184381,-30.212251],[-51.184613,-30.212303],[-51.184662,-30.212204],[-51.184617,-30.212035],[-51.184636,-30.211965],[-51.184731,-30.212135],[-51.185025,-30.212165],[-51.185138,-30.212048],[-51.185356,-30.212021],[-51.185456,-30.211958],[-51.185615,-30.212029],[-51.185654,-30.21192],[-51.185778,-30.21186],[-51.185878,-30.211948],[-51.185995,-30.211961],[-51.186053,-30.211918],[-51.186164,-30.211941],[-51.186372,-30.211814],[-51.186402,-30.211709],[-51.18652,-30.211751],[-51.186635,-30.211881],[-51.186697,-30.212174],[-51.186663,-30.212297],[-51.186758,-30.212674],[-51.186795,-30.212512],[-51.18673,-30.211731],[-51.186769,-30.211486],[-51.187089,-30.211287],[-51.187103,-30.211242],[-51.187159,-30.211293],[-51.187324,-30.21118],[-51.187542,-30.211361],[-51.187639,-30.211372],[-51.187711,-30.211214],[-51.187704,-30.211159],[-51.187618,-30.211078],[-51.187661,-30.210959],[-51.187764,-30.210885],[-51.18787,-30.210983],[-51.188003,-30.210992],[-51.188078,-30.211092],[-51.188096,-30.2112],[-51.188284,-30.211184],[-51.188726,-30.211285],[-51.18889,-30.211399],[-51.18887,-30.211484],[-51.188904,-30.211535],[-51.189068,-30.211529],[-51.189152,-30.211606],[-51.189239,-30.211604],[-51.189294,-30.211721],[-51.189393,-30.211696],[-51.189406,-30.211766],[-51.189299,-30.211878],[-51.189317,-30.211947],[-51.18999,-30.21255],[-51.190148,-30.21272],[-51.190116,-30.212786],[-51.190246,-30.212677],[-51.190315,-30.212705],[-51.190379,-30.21268],[-51.190713,-30.212838],[-51.190735,-30.212798],[-51.190693,-30.212637],[-51.191004,-30.212579],[-51.191279,-30.212807],[-51.191585,-30.212967],[-51.191741,-30.213101],[-51.191991,-30.21316],[-51.192365,-30.213348],[-51.192506,-30.213353],[-51.192687,-30.213428],[-51.192755,-30.213366],[-51.192792,-30.213392],[-51.192796,-30.213472],[-51.192865,-30.213509],[-51.193752,-30.21359],[-51.193968,-30.213534],[-51.194229,-30.213577],[-51.194499,-30.213416],[-51.194612,-30.213438],[-51.194814,-30.213399],[-51.194983,-30.213247],[-51.195123,-30.213307],[-51.195335,-30.213231],[-51.195561,-30.213244],[-51.195592,-30.21322],[-51.195595,-30.213058],[-51.195671,-30.213026],[-51.19571,-30.213048],[-51.195702,-30.212987],[-51.19586,-30.212912],[-51.196255,-30.212914],[-51.196348,-30.212961],[-51.196455,-30.212912],[-51.196659,-30.212947],[-51.196833,-30.212902],[-51.196835,-30.212817],[-51.196919,-30.212732],[-51.197084,-30.212691],[-51.197225,-30.212583],[-51.197257,-30.212627],[-51.197494,-30.212526],[-51.197755,-30.21219],[-51.197851,-30.212163],[-51.19787,-30.212096],[-51.197928,-30.212123],[-51.19801,-30.212054],[-51.198014,-30.211935],[-51.198172,-30.211853],[-51.198216,-30.211736],[-51.198506,-30.211596],[-51.19856,-30.211234],[-51.198692,-30.211047],[-51.198819,-30.210998],[-51.198946,-30.211013],[-51.199117,-30.210805],[-51.199238,-30.210773],[-51.199633,-30.210345],[-51.199789,-30.210324],[-51.199852,-30.210155],[-51.199991,-30.210127],[-51.199871,-30.210042],[-51.199846,-30.209966],[-51.199727,-30.209899],[-51.199647,-30.209902],[-51.199691,-30.209841],[-51.199665,-30.209791],[-51.199584,-30.209789],[-51.199582,-30.2096],[-51.199628,-30.209559],[-51.199512,-30.209521],[-51.199494,-30.209434],[-51.199511,-30.209394],[-51.199591,-30.209382],[-51.19962,-30.209237],[-51.199485,-30.209255],[-51.199429,-30.209348],[-51.199258,-30.209201],[-51.198844,-30.209122],[-51.198723,-30.209014],[-51.1986,-30.20906],[-51.19843,-30.208984],[-51.198322,-30.20904],[-51.198259,-30.208955],[-51.198148,-30.208964],[-51.197967,-30.208904],[-51.197855,-30.208801],[-51.197946,-30.20871],[-51.197883,-30.208684],[-51.197921,-30.208656],[-51.197856,-30.208538],[-51.197887,-30.208473],[-51.197816,-30.208451],[-51.19783,-30.208387],[-51.197664,-30.208353],[-51.197645,-30.208302],[-51.197427,-30.208289],[-51.197398,-30.208217],[-51.197342,-30.208231],[-51.197336,-30.208285],[-51.197294,-30.208274],[-51.197296,-30.20818],[-51.197208,-30.208153],[-51.197278,-30.208102],[-51.197225,-30.207954],[-51.197095,-30.207976],[-51.19706,-30.208031],[-51.197038,-30.207949],[-51.196891,-30.207938],[-51.196833,-30.207969],[-51.196751,-30.207916],[-51.196708,-30.208006],[-51.196564,-30.207939],[-51.196485,-30.207958],[-51.196468,-30.207909],[-51.196418,-30.207952],[-51.196346,-30.207853],[-51.196264,-30.2079],[-51.196284,-30.207976],[-51.196102,-30.207958],[-51.196039,-30.207892],[-51.195946,-30.207944],[-51.195822,-30.207933],[-51.1958,-30.207901],[-51.19584,-30.207829],[-51.195757,-30.207847],[-51.195706,-30.207758],[-51.195754,-30.20769],[-51.195651,-30.20768],[-51.195692,-30.20761],[-51.195633,-30.207539],[-51.195682,-30.207463],[-51.195676,-30.20739],[-51.195542,-30.207234],[-51.195396,-30.207212],[-51.19544,-30.207158],[-51.195371,-30.20695],[-51.195399,-30.20687],[-51.195315,-30.206746],[-51.195302,-30.206635],[-51.195202,-30.206502],[-51.195208,-30.206418],[-51.195163,-30.206351],[-51.195034,-30.206356],[-51.195007,-30.206321],[-51.195203,-30.206133],[-51.195115,-30.205932],[-51.195064,-30.2059],[-51.195079,-30.205835],[-51.195013,-30.205821],[-51.195038,-30.20577],[-51.194976,-30.205754],[-51.195166,-30.205663],[-51.195107,-30.205509],[-51.195167,-30.205457],[-51.195153,-30.205399],[-51.195206,-30.205325],[-51.195131,-30.205306],[-51.195168,-30.20519],[-51.195102,-30.205025],[-51.195108,-30.204864],[-51.195044,-30.204795],[-51.195048,-30.204487],[-51.194891,-30.204372],[-51.194892,-30.204264],[-51.194772,-30.204124],[-51.194808,-30.204086],[-51.194965,-30.20408],[-51.19477,-30.203778],[-51.194888,-30.203752],[-51.194855,-30.203684],[-51.194887,-30.203605],[-51.194756,-30.203257],[-51.194735,-30.203136],[-51.194776,-30.203068],[-51.194686,-30.203],[-51.19472,-30.202945],[-51.194687,-30.202886],[-51.194704,-30.202757],[-51.194627,-30.202671],[-51.194633,-30.202555],[-51.194578,-30.202516],[-51.194581,-30.202463],[-51.194482,-30.202392],[-51.194399,-30.202251],[-51.194424,-30.202094],[-51.194577,-30.202119],[-51.194561,-30.201947],[-51.194451,-30.201917],[-51.194369,-30.201979],[-51.194327,-30.201909],[-51.194386,-30.201827],[-51.194475,-30.201806],[-51.194435,-30.201639],[-51.194536,-30.201534],[-51.194497,-30.201444],[-51.19453,-30.20138],[-51.194453,-30.201295],[-51.194468,-30.201122],[-51.194399,-30.201044],[-51.194428,-30.200923],[-51.194491,-30.200888],[-51.194494,-30.200813],[-51.1943,-30.200627],[-51.194334,-30.200587],[-51.194451,-30.200582],[-51.194397,-30.200398],[-51.194471,-30.20034],[-51.194483,-30.200272],[-51.194414,-30.200127],[-51.194232,-30.200074],[-51.19428,-30.200007],[-51.19425,-30.19989],[-51.194117,-30.199842],[-51.194098,-30.199772],[-51.193877,-30.199622],[-51.193916,-30.199576],[-51.194054,-30.199594],[-51.194025,-30.19954],[-51.194073,-30.199512],[-51.194265,-30.199503],[-51.194285,-30.199544],[-51.194384,-30.199564],[-51.194391,-30.199436],[-51.194315,-30.199389],[-51.194307,-30.199315],[-51.194587,-30.199136],[-51.194589,-30.199017],[-51.194717,-30.198903],[-51.194699,-30.198854],[-51.194639,-30.198856],[-51.19465,-30.198824],[-51.194854,-30.198784],[-51.194697,-30.198488],[-51.194761,-30.198429],[-51.194755,-30.198206],[-51.194804,-30.198192],[-51.194834,-30.198098],[-51.194893,-30.198062],[-51.194816,-30.197969],[-51.194826,-30.197934],[-51.195134,-30.197808],[-51.195154,-30.197699],[-51.195304,-30.197628],[-51.195271,-30.197563],[-51.195341,-30.197539],[-51.19538,-30.197457],[-51.195468,-30.197444],[-51.195462,-30.197345],[-51.195567,-30.197332],[-51.195595,-30.19725],[-51.195835,-30.19728],[-51.195931,-30.197119],[-51.195848,-30.197114],[-51.195803,-30.197011],[-51.195983,-30.197001],[-51.196051,-30.19691],[-51.196065,-30.196797],[-51.196166,-30.19668],[-51.196236,-30.196672],[-51.196621,-30.196907],[-51.196812,-30.196632],[-51.196375,-30.196151],[-51.196493,-30.196079],[-51.196338,-30.195879],[-51.196441,-30.195822],[-51.196539,-30.195873],[-51.196885,-30.195669],[-51.197186,-30.195578],[-51.197096,-30.195384],[-51.197054,-30.195267],[-51.19682,-30.195099],[-51.196711,-30.194965],[-51.196645,-30.194874],[-51.19654,-30.194796],[-51.196473,-30.194742],[-51.195503,-30.194306],[-51.195189,-30.194106],[-51.194306,-30.193671],[-51.194272,-30.193617],[-51.194238,-30.193542],[-51.194222,-30.193472],[-51.194241,-30.193422],[-51.194354,-30.193295],[-51.194501,-30.19317],[-51.194584,-30.193124],[-51.194639,-30.193096],[-51.194652,-30.193015],[-51.193855,-30.192429],[-51.193791,-30.192425],[-51.193491,-30.192172],[-51.192648,-30.191626],[-51.192562,-30.191519],[-51.192518,-30.191256],[-51.192368,-30.19123],[-51.192226,-30.191317],[-51.192168,-30.19131],[-51.191673,-30.190894],[-51.191092,-30.190548],[-51.190979,-30.190415],[-51.190818,-30.189936],[-51.190707,-30.18992],[-51.189338,-30.191017],[-51.189332,-30.191015],[-51.189202,-30.190955],[-51.181945,-30.185762],[-51.182153,-30.184596],[-51.18216,-30.184555],[-51.179403,-30.184108],[-51.179203,-30.185229],[-51.174664,-30.18552],[-51.175175,-30.183357],[-51.175042,-30.183332],[-51.170224,-30.185631],[-51.167667,-30.182792],[-51.166445,-30.183738],[-51.166018,-30.184069]]]}},{"type":"Feature","properties":{"name":"Arquipélago","code":104},"geometry":{"type":"Polygon","coordinates":[[[-51.25172,-29.935094],[-51.251598,-29.93509],[-51.251495,-29.935141],[-51.251388,-29.935114],[-51.250944,-29.935167],[-51.250514,-29.93512],[-51.249823,-29.935162],[-51.248963,-29.935111],[-51.248628,-29.935176],[-51.248446,-29.935144],[-51.248267,-29.935201],[-51.24755,-29.935191],[-51.246866,-29.935276],[-51.246711,-29.935263],[-51.246338,-29.935373],[-51.246134,-29.935349],[-51.245844,-29.935391],[-51.245716,-29.935464],[-51.245515,-29.935461],[-51.245233,-29.935535],[-51.245051,-29.93563],[-51.244902,-29.935587],[-51.244495,-29.935683],[-51.244392,-29.935766],[-51.244221,-29.935756],[-51.243281,-29.935965],[-51.243084,-29.936035],[-51.243042,-29.936085],[-51.242934,-29.936068],[-51.242646,-29.936193],[-51.242476,-29.936198],[-51.242391,-29.936279],[-51.242092,-29.93631],[-51.241851,-29.936419],[-51.241815,-29.9365],[-51.241594,-29.936533],[-51.241509,-29.936595],[-51.241344,-29.936593],[-51.241149,-29.936681],[-51.241014,-29.936806],[-51.240924,-29.936789],[-51.24087,-29.936878],[-51.240612,-29.93691],[-51.24038,-29.937119],[-51.240067,-29.937225],[-51.239847,-29.937416],[-51.239673,-29.937436],[-51.239649,-29.937499],[-51.239514,-29.937562],[-51.239451,-29.937654],[-51.239179,-29.937778],[-51.238899,-29.938015],[-51.238816,-29.938019],[-51.238698,-29.9381],[-51.238646,-29.938193],[-51.238055,-29.938578],[-51.237854,-29.938808],[-51.237654,-29.938902],[-51.237079,-29.939352],[-51.236852,-29.93945],[-51.236811,-29.939576],[-51.236673,-29.939764],[-51.236453,-29.939878],[-51.23637,-29.939981],[-51.236277,-29.939989],[-51.2363,-29.940103],[-51.236121,-29.940205],[-51.236,-29.94037],[-51.235944,-29.940376],[-51.235927,-29.940441],[-51.235796,-29.940551],[-51.23564,-29.940783],[-51.235528,-29.940859],[-51.235319,-29.941138],[-51.235126,-29.941262],[-51.235011,-29.941477],[-51.234887,-29.941498],[-51.234895,-29.94158],[-51.234694,-29.941745],[-51.234694,-29.941796],[-51.234579,-29.941843],[-51.234567,-29.941915],[-51.234489,-29.941911],[-51.234485,-29.941988],[-51.234406,-29.942084],[-51.234411,-29.942166],[-51.234129,-29.942414],[-51.234063,-29.942618],[-51.23384,-29.94283],[-51.233823,-29.942963],[-51.233748,-29.942991],[-51.23359,-29.943206],[-51.233456,-29.943306],[-51.233453,-29.943419],[-51.233335,-29.943519],[-51.23321,-29.943777],[-51.233005,-29.943921],[-51.232915,-29.944179],[-51.232845,-29.944251],[-51.232853,-29.944386],[-51.232705,-29.944483],[-51.232635,-29.944482],[-51.232656,-29.944539],[-51.232533,-29.944618],[-51.232478,-29.944851],[-51.2324,-29.944904],[-51.232395,-29.944997],[-51.232238,-29.94509],[-51.23221,-29.945312],[-51.232154,-29.945407],[-51.232015,-29.945537],[-51.231913,-29.945578],[-51.231823,-29.945689],[-51.231805,-29.945767],[-51.231888,-29.945903],[-51.231868,-29.945983],[-51.231789,-29.946067],[-51.231659,-29.946116],[-51.231655,-29.946256],[-51.231604,-29.94629],[-51.231587,-29.946444],[-51.231518,-29.946532],[-51.231422,-29.946575],[-51.231303,-29.946804],[-51.231216,-29.947201],[-51.231123,-29.947387],[-51.231036,-29.947451],[-51.23105,-29.947541],[-51.230922,-29.947723],[-51.230901,-29.947863],[-51.230829,-29.947921],[-51.230829,-29.948154],[-51.230693,-29.948244],[-51.230708,-29.948423],[-51.23058,-29.94864],[-51.230615,-29.948736],[-51.230556,-29.948786],[-51.230498,-29.949054],[-51.230383,-29.94921],[-51.23035,-29.949426],[-51.230279,-29.949468],[-51.230301,-29.949559],[-51.230199,-29.949813],[-51.230271,-29.949849],[-51.23027,-29.949899],[-51.230217,-29.949971],[-51.230055,-29.95065],[-51.230049,-29.950962],[-51.229988,-29.951111],[-51.230007,-29.951197],[-51.229875,-29.951488],[-51.229813,-29.951787],[-51.229835,-29.951981],[-51.229785,-29.952097],[-51.22975,-29.952375],[-51.229772,-29.952504],[-51.229732,-29.952562],[-51.229707,-29.952794],[-51.229748,-29.95293],[-51.229704,-29.953257],[-51.229745,-29.953389],[-51.229723,-29.953553],[-51.229757,-29.953926],[-51.229725,-29.954043],[-51.229774,-29.954179],[-51.22973,-29.95433],[-51.229762,-29.954456],[-51.22971,-29.954554],[-51.229753,-29.9547],[-51.229687,-29.954877],[-51.229715,-29.955228],[-51.229772,-29.955426],[-51.229752,-29.955734],[-51.229832,-29.956123],[-51.229812,-29.95623],[-51.229851,-29.956289],[-51.229838,-29.956414],[-51.230008,-29.957213],[-51.229995,-29.957475],[-51.230098,-29.957839],[-51.230135,-29.958363],[-51.230235,-29.958746],[-51.230242,-29.95918],[-51.230282,-29.959313],[-51.230433,-29.959404],[-51.230377,-29.959709],[-51.230325,-29.959771],[-51.230338,-29.959986],[-51.230393,-29.960076],[-51.230358,-29.960119],[-51.230405,-29.960188],[-51.230494,-29.960697],[-51.230467,-29.960877],[-51.230504,-29.960935],[-51.230503,-29.961141],[-51.230711,-29.961426],[-51.230663,-29.961496],[-51.230592,-29.961464],[-51.230568,-29.96161],[-51.230676,-29.961718],[-51.230606,-29.961752],[-51.230622,-29.961847],[-51.230582,-29.961898],[-51.230627,-29.961932],[-51.230668,-29.962125],[-51.230762,-29.962283],[-51.230723,-29.962339],[-51.23073,-29.962435],[-51.230831,-29.962492],[-51.230774,-29.962519],[-51.230799,-29.962626],[-51.230746,-29.962701],[-51.230799,-29.962859],[-51.230659,-29.963009],[-51.230722,-29.963054],[-51.230904,-29.963028],[-51.23085,-29.96308],[-51.230876,-29.963128],[-51.230842,-29.963247],[-51.230904,-29.963321],[-51.230849,-29.963446],[-51.230871,-29.963546],[-51.230939,-29.963564],[-51.230787,-29.963739],[-51.230765,-29.963877],[-51.2308,-29.964037],[-51.230769,-29.964083],[-51.230823,-29.96412],[-51.230899,-29.964288],[-51.230795,-29.964356],[-51.230888,-29.964417],[-51.230888,-29.964619],[-51.230771,-29.964717],[-51.230771,-29.964818],[-51.230672,-29.964884],[-51.230697,-29.964957],[-51.23081,-29.965019],[-51.230791,-29.965086],[-51.230639,-29.965261],[-51.230548,-29.965265],[-51.230623,-29.965294],[-51.230597,-29.965374],[-51.23069,-29.965428],[-51.230606,-29.965492],[-51.230523,-29.965682],[-51.23055,-29.965729],[-51.230527,-29.965794],[-51.230636,-29.965767],[-51.230572,-29.965908],[-51.230623,-29.966008],[-51.230407,-29.966118],[-51.230555,-29.966207],[-51.230547,-29.966359],[-51.230507,-29.966462],[-51.230425,-29.966435],[-51.230355,-29.966479],[-51.23044,-29.966561],[-51.230375,-29.966675],[-51.230356,-29.966871],[-51.230235,-29.966947],[-51.230246,-29.967052],[-51.230204,-29.967136],[-51.230259,-29.967223],[-51.230099,-29.967449],[-51.230038,-29.967701],[-51.229938,-29.967853],[-51.229946,-29.968032],[-51.229862,-29.968127],[-51.229784,-29.968474],[-51.229678,-29.96849],[-51.229502,-29.968639],[-51.229496,-29.96877],[-51.229408,-29.968871],[-51.229443,-29.968996],[-51.229398,-29.969067],[-51.229419,-29.969141],[-51.229266,-29.969337],[-51.229194,-29.969343],[-51.229156,-29.969529],[-51.229087,-29.969518],[-51.22901,-29.96961],[-51.228953,-29.969603],[-51.228886,-29.969753],[-51.228734,-29.969861],[-51.228733,-29.969925],[-51.228622,-29.970059],[-51.228691,-29.970199],[-51.228619,-29.970234],[-51.228582,-29.970334],[-51.228495,-29.970343],[-51.228445,-29.970404],[-51.228459,-29.97049],[-51.228345,-29.970643],[-51.228351,-29.970715],[-51.228248,-29.970788],[-51.228237,-29.970896],[-51.228128,-29.970908],[-51.228181,-29.970972],[-51.228089,-29.971026],[-51.228075,-29.971181],[-51.227907,-29.971268],[-51.227939,-29.971309],[-51.227914,-29.971476],[-51.227675,-29.971655],[-51.227714,-29.971825],[-51.227595,-29.971808],[-51.227524,-29.97184],[-51.227533,-29.971927],[-51.227589,-29.971973],[-51.227536,-29.972124],[-51.227436,-29.972148],[-51.227425,-29.972276],[-51.227371,-29.972309],[-51.227388,-29.972435],[-51.227245,-29.972481],[-51.227072,-29.972658],[-51.227152,-29.972758],[-51.227143,-29.97292],[-51.227,-29.973092],[-51.226974,-29.973189],[-51.226883,-29.973251],[-51.226777,-29.973241],[-51.226804,-29.973333],[-51.226726,-29.973345],[-51.226717,-29.973442],[-51.226557,-29.973593],[-51.226523,-29.973692],[-51.226438,-29.973689],[-51.226454,-29.973749],[-51.226388,-29.973833],[-51.226215,-29.973964],[-51.22623,-29.974034],[-51.226143,-29.974026],[-51.226074,-29.974067],[-51.226149,-29.974174],[-51.226034,-29.974199],[-51.225923,-29.974288],[-51.226087,-29.974398],[-51.225951,-29.974934],[-51.225745,-29.975024],[-51.225449,-29.975483],[-51.225354,-29.975497],[-51.225199,-29.975668],[-51.225234,-29.975678],[-51.225214,-29.97572],[-51.225127,-29.97575],[-51.225062,-29.97601],[-51.22497,-29.976021],[-51.225055,-29.976098],[-51.225013,-29.976169],[-51.22489,-29.976133],[-51.224817,-29.976203],[-51.224862,-29.97624],[-51.224803,-29.976406],[-51.224741,-29.976399],[-51.224704,-29.976477],[-51.224743,-29.976609],[-51.224688,-29.976598],[-51.224576,-29.976663],[-51.224618,-29.976743],[-51.224589,-29.976918],[-51.224527,-29.97703],[-51.224457,-29.977065],[-51.224458,-29.977142],[-51.224365,-29.977196],[-51.224366,-29.977314],[-51.224292,-29.977354],[-51.224311,-29.977437],[-51.224262,-29.977491],[-51.224144,-29.977502],[-51.224142,-29.977565],[-51.224202,-29.97761],[-51.224114,-29.977747],[-51.224027,-29.977773],[-51.223986,-29.977849],[-51.223993,-29.977918],[-51.224097,-29.977962],[-51.224094,-29.978007],[-51.223989,-29.978004],[-51.22378,-29.978172],[-51.223821,-29.97833],[-51.223874,-29.97833],[-51.223933,-29.978245],[-51.223986,-29.978342],[-51.223862,-29.978459],[-51.223811,-29.978363],[-51.223731,-29.978386],[-51.22373,-29.978502],[-51.223669,-29.978552],[-51.223716,-29.978645],[-51.223595,-29.978696],[-51.22366,-29.978796],[-51.223549,-29.978812],[-51.223548,-29.978949],[-51.223458,-29.978953],[-51.223423,-29.979036],[-51.223472,-29.979078],[-51.223448,-29.979132],[-51.223367,-29.979123],[-51.223336,-29.979177],[-51.223319,-29.979257],[-51.223445,-29.979336],[-51.223283,-29.979343],[-51.223335,-29.979394],[-51.223272,-29.979406],[-51.223265,-29.979463],[-51.223342,-29.979521],[-51.223351,-29.979613],[-51.223283,-29.979749],[-51.223148,-29.979758],[-51.223122,-29.979811],[-51.223303,-29.979862],[-51.223271,-29.979921],[-51.223119,-29.979955],[-51.223099,-29.980073],[-51.223173,-29.980185],[-51.223101,-29.980325],[-51.223117,-29.980388],[-51.223049,-29.980518],[-51.222944,-29.980533],[-51.222911,-29.980593],[-51.222979,-29.98075],[-51.222846,-29.980803],[-51.222889,-29.98085],[-51.222788,-29.980975],[-51.222813,-29.981081],[-51.222762,-29.981112],[-51.22278,-29.981219],[-51.222702,-29.981255],[-51.222719,-29.981302],[-51.222614,-29.981632],[-51.222616,-29.981786],[-51.222574,-29.981851],[-51.222619,-29.981939],[-51.222609,-29.982018],[-51.222577,-29.982013],[-51.22256,-29.982281],[-51.222602,-29.98231],[-51.222594,-29.982348],[-51.222549,-29.982344],[-51.222614,-29.982483],[-51.222565,-29.982512],[-51.222556,-29.982579],[-51.222644,-29.982651],[-51.222653,-29.982709],[-51.222571,-29.98271],[-51.222633,-29.982808],[-51.222527,-29.982858],[-51.22256,-29.982963],[-51.22253,-29.98306],[-51.222566,-29.983098],[-51.222504,-29.983176],[-51.222535,-29.983222],[-51.222416,-29.983316],[-51.22249,-29.983492],[-51.222414,-29.983536],[-51.222422,-29.983663],[-51.222484,-29.983696],[-51.222403,-29.983752],[-51.22248,-29.983795],[-51.222429,-29.983816],[-51.222498,-29.98397],[-51.222416,-29.984011],[-51.222389,-29.984143],[-51.222482,-29.984264],[-51.22236,-29.984374],[-51.222429,-29.98452],[-51.22235,-29.984603],[-51.222369,-29.984731],[-51.222322,-29.984854],[-51.22238,-29.984857],[-51.222455,-29.984988],[-51.222376,-29.985137],[-51.222404,-29.985302],[-51.222446,-29.98533],[-51.222404,-29.985398],[-51.222441,-29.985397],[-51.222403,-29.985458],[-51.222425,-29.985527],[-51.222377,-29.985596],[-51.22238,-29.985907],[-51.222431,-29.986049],[-51.222375,-29.986093],[-51.222445,-29.986116],[-51.22245,-29.986344],[-51.222404,-29.986365],[-51.222466,-29.986411],[-51.222428,-29.986542],[-51.222477,-29.986773],[-51.222457,-29.987062],[-51.222508,-29.987134],[-51.222465,-29.987208],[-51.222535,-29.987284],[-51.222546,-29.987549],[-51.222613,-29.98766],[-51.222584,-29.987725],[-51.222617,-29.987779],[-51.22261,-29.987914],[-51.222676,-29.987968],[-51.222628,-29.988054],[-51.222696,-29.988244],[-51.222692,-29.988374],[-51.222743,-29.988418],[-51.222706,-29.988552],[-51.222765,-29.988567],[-51.222781,-29.98876],[-51.222837,-29.988825],[-51.222812,-29.988975],[-51.222864,-29.988991],[-51.222913,-29.989087],[-51.222887,-29.989151],[-51.222969,-29.989364],[-51.222954,-29.989458],[-51.223014,-29.989538],[-51.223103,-29.990038],[-51.223149,-29.990122],[-51.223285,-29.990138],[-51.223191,-29.990176],[-51.223114,-29.990338],[-51.223233,-29.990348],[-51.223205,-29.990371],[-51.22341,-29.990847],[-51.223531,-29.991555],[-51.223612,-29.991689],[-51.223647,-29.991991],[-51.223712,-29.992174],[-51.223693,-29.992257],[-51.223745,-29.992301],[-51.22375,-29.992412],[-51.223837,-29.99255],[-51.223768,-29.992715],[-51.223859,-29.992849],[-51.22378,-29.99305],[-51.223776,-29.993221],[-51.223819,-29.993292],[-51.223852,-29.993551],[-51.223783,-29.993657],[-51.223864,-29.993922],[-51.223783,-29.993999],[-51.223819,-29.994223],[-51.223908,-29.994282],[-51.223884,-29.994403],[-51.223933,-29.994451],[-51.223883,-29.994525],[-51.223843,-29.995277],[-51.223717,-29.995627],[-51.22367,-29.995627],[-51.223495,-29.99633],[-51.22351,-29.996434],[-51.223331,-29.996885],[-51.223385,-29.997057],[-51.223239,-29.997183],[-51.223132,-29.997634],[-51.223181,-29.997762],[-51.223115,-29.997867],[-51.223181,-29.997916],[-51.223195,-29.997954],[-51.223139,-29.998007],[-51.2232,-29.99806],[-51.223145,-29.99832],[-51.223098,-29.998321],[-51.223163,-29.998411],[-51.22311,-29.998957],[-51.223134,-29.999089],[-51.223133,-29.999096],[-51.223058,-29.999094],[-51.223055,-29.999108],[-51.223113,-29.99911],[-51.223106,-29.999143],[-51.223041,-29.999137],[-51.223022,-29.999225],[-51.223102,-29.999284],[-51.223091,-29.999428],[-51.223043,-29.999436],[-51.223034,-29.999533],[-51.222955,-29.999534],[-51.222976,-29.999641],[-51.223026,-29.999662],[-51.222969,-29.999745],[-51.223004,-29.999833],[-51.222955,-30.000189],[-51.222989,-30.000228],[-51.222988,-30.000234],[-51.22295,-30.000233],[-51.222921,-30.000774],[-51.222884,-30.000775],[-51.22289,-30.000865],[-51.222859,-30.000867],[-51.222905,-30.001032],[-51.223002,-30.001043],[-51.222989,-30.001356],[-51.222948,-30.001375],[-51.223064,-30.001496],[-51.222987,-30.001531],[-51.222981,-30.001627],[-51.22311,-30.001617],[-51.223086,-30.00175],[-51.223245,-30.00217],[-51.223237,-30.002247],[-51.223191,-30.002275],[-51.223304,-30.002273],[-51.22317,-30.002388],[-51.223206,-30.002515],[-51.223267,-30.0025],[-51.223344,-30.002698],[-51.223344,-30.002698],[-51.22321,-30.002729],[-51.223259,-30.002776],[-51.22327,-30.002773],[-51.223258,-30.002732],[-51.223346,-30.002711],[-51.223365,-30.002782],[-51.223309,-30.002811],[-51.223327,-30.002875],[-51.223391,-30.002919],[-51.223538,-30.003321],[-51.223626,-30.003438],[-51.223781,-30.004012],[-51.223757,-30.004021],[-51.223803,-30.004111],[-51.223842,-30.004109],[-51.223822,-30.004303],[-51.223886,-30.004428],[-51.22404,-30.00453],[-51.223993,-30.004724],[-51.224118,-30.004899],[-51.224115,-30.005161],[-51.22414,-30.00522],[-51.224273,-30.005306],[-51.22428,-30.005359],[-51.22422,-30.005376],[-51.22422,-30.005435],[-51.224274,-30.005482],[-51.224324,-30.005657],[-51.224391,-30.005666],[-51.224463,-30.005831],[-51.224501,-30.005957],[-51.224457,-30.006013],[-51.224578,-30.006057],[-51.224709,-30.00642],[-51.224941,-30.006831],[-51.224975,-30.006978],[-51.225049,-30.00706],[-51.225146,-30.007364],[-51.225121,-30.00743],[-51.225199,-30.007416],[-51.225226,-30.007538],[-51.225673,-30.00809],[-51.225777,-30.008332],[-51.225988,-30.008584],[-51.225947,-30.00865],[-51.225963,-30.008702],[-51.22614,-30.008796],[-51.226357,-30.009071],[-51.226675,-30.009386],[-51.226768,-30.009429],[-51.226824,-30.009609],[-51.226927,-30.009665],[-51.227089,-30.009858],[-51.227253,-30.009945],[-51.227257,-30.009989],[-51.227381,-30.010074],[-51.227388,-30.010131],[-51.22746,-30.010165],[-51.227477,-30.010227],[-51.227548,-30.010228],[-51.22761,-30.01017],[-51.227744,-30.010267],[-51.227902,-30.010313],[-51.227986,-30.010275],[-51.228045,-30.01038],[-51.228132,-30.010428],[-51.228157,-30.010261],[-51.228289,-30.010246],[-51.228306,-30.010325],[-51.228355,-30.010351],[-51.228482,-30.010272],[-51.228386,-30.010273],[-51.22837,-30.010121],[-51.228295,-30.010081],[-51.228184,-30.010111],[-51.228163,-30.010084],[-51.228205,-30.010045],[-51.228118,-30.01004],[-51.228059,-30.009949],[-51.228009,-30.009784],[-51.22812,-30.009716],[-51.22802,-30.009703],[-51.228023,-30.009568],[-51.2279,-30.009533],[-51.227917,-30.00939],[-51.227779,-30.009213],[-51.227744,-30.009069],[-51.227639,-30.008998],[-51.227614,-30.008918],[-51.227548,-30.008897],[-51.227517,-30.008786],[-51.227567,-30.008613],[-51.227481,-30.008592],[-51.227415,-30.00863],[-51.227356,-30.008563],[-51.22739,-30.008525],[-51.227282,-30.008508],[-51.227216,-30.008366],[-51.227092,-30.008327],[-51.227034,-30.008173],[-51.227083,-30.008072],[-51.226965,-30.008076],[-51.226917,-30.008038],[-51.226886,-30.007907],[-51.226703,-30.007605],[-51.226599,-30.007533],[-51.226615,-30.00743],[-51.226531,-30.007308],[-51.226593,-30.007269],[-51.226529,-30.006973],[-51.226567,-30.006637],[-51.226522,-30.006493],[-51.226293,-30.006187],[-51.226044,-30.005742],[-51.22599,-30.005556],[-51.226015,-30.005485],[-51.225929,-30.005466],[-51.225782,-30.00525],[-51.225801,-30.004925],[-51.225865,-30.004999],[-51.225908,-30.004981],[-51.225875,-30.004853],[-51.22584,-30.00483],[-51.225777,-30.004863],[-51.225765,-30.004785],[-51.225879,-30.004734],[-51.2258,-30.004742],[-51.225814,-30.004699],[-51.225732,-30.004673],[-51.225731,-30.004518],[-51.225646,-30.00448],[-51.225605,-30.004367],[-51.225589,-30.004197],[-51.225617,-30.004162],[-51.225514,-30.00418],[-51.225457,-30.00413],[-51.225433,-30.004056],[-51.225468,-30.00401],[-51.225421,-30.003937],[-51.225527,-30.003834],[-51.225463,-30.003763],[-51.225329,-30.00376],[-51.225313,-30.003708],[-51.225384,-30.003695],[-51.225373,-30.003645],[-51.225318,-30.003655],[-51.225231,-30.003499],[-51.225162,-30.003181],[-51.2252,-30.003129],[-51.225099,-30.002881],[-51.225071,-30.002869],[-51.225009,-30.002885],[-51.224956,-30.002665],[-51.224814,-30.002644],[-51.224739,-30.002405],[-51.224671,-30.002344],[-51.224623,-30.002192],[-51.224686,-30.002062],[-51.224581,-30.001971],[-51.224607,-30.001905],[-51.224511,-30.001292],[-51.224597,-30.001071],[-51.224522,-30.001045],[-51.224408,-30.001088],[-51.22439,-30.001057],[-51.224391,-30.001007],[-51.224442,-30.000997],[-51.224372,-30.000919],[-51.224369,-30.000854],[-51.224438,-30.000852],[-51.224445,-30.000563],[-51.224338,-30.000549],[-51.224382,-30.00053],[-51.224377,-30.000479],[-51.224342,-30.000478],[-51.22434,-30.000477],[-51.224392,-30.000454],[-51.224392,-30.000398],[-51.224323,-30.000391],[-51.224323,-30.000334],[-51.224284,-30.000322],[-51.224352,-30.000249],[-51.224417,-30.000251],[-51.22442,-30.00012],[-51.224421,-30.000101],[-51.224345,-30.000069],[-51.224351,-30.0],[-51.224454,-29.999966],[-51.224384,-29.99987],[-51.224324,-29.999878],[-51.22434,-29.999842],[-51.224285,-29.999778],[-51.224439,-29.99979],[-51.224442,-29.999754],[-51.224385,-29.999752],[-51.224375,-29.99975],[-51.224354,-29.999647],[-51.224289,-29.999612],[-51.224402,-29.999534],[-51.224397,-29.999405],[-51.224431,-29.999408],[-51.224436,-29.999356],[-51.224672,-29.999458],[-51.224691,-29.999394],[-51.224445,-29.999336],[-51.224457,-29.99929],[-51.224426,-29.999283],[-51.224453,-29.999195],[-51.224729,-29.999224],[-51.224734,-29.999153],[-51.224457,-29.99917],[-51.224492,-29.999118],[-51.224588,-29.999119],[-51.224593,-29.998997],[-51.224704,-29.999054],[-51.224704,-29.998974],[-51.224594,-29.99897],[-51.224555,-29.998764],[-51.224794,-29.998606],[-51.224703,-29.998456],[-51.224704,-29.998366],[-51.224728,-29.998302],[-51.224846,-29.998256],[-51.224874,-29.998112],[-51.22482,-29.998089],[-51.224821,-29.998011],[-51.22473,-29.997987],[-51.224732,-29.997934],[-51.224816,-29.997894],[-51.224786,-29.997814],[-51.224832,-29.997745],[-51.224961,-29.997745],[-51.224968,-29.99769],[-51.224914,-29.997653],[-51.224976,-29.997562],[-51.224921,-29.99756],[-51.224898,-29.997458],[-51.22504,-29.997496],[-51.225089,-29.997468],[-51.225084,-29.997413],[-51.224963,-29.997376],[-51.225011,-29.997234],[-51.224986,-29.997163],[-51.225104,-29.997027],[-51.225137,-29.996846],[-51.225418,-29.996594],[-51.225373,-29.996488],[-51.225449,-29.996463],[-51.225445,-29.996415],[-51.225496,-29.996429],[-51.225426,-29.9963],[-51.225443,-29.996263],[-51.22551,-29.996272],[-51.225486,-29.996177],[-51.225602,-29.996201],[-51.225612,-29.996103],[-51.225634,-29.996102],[-51.225749,-29.996138],[-51.225981,-29.996013],[-51.226185,-29.996039],[-51.22626,-29.995832],[-51.22626,-29.995679],[-51.226222,-29.995686],[-51.226167,-29.995622],[-51.226244,-29.995496],[-51.226295,-29.995515],[-51.226336,-29.995673],[-51.226491,-29.995706],[-51.226563,-29.995638],[-51.226775,-29.995743],[-51.226848,-29.995742],[-51.226881,-29.995674],[-51.227225,-29.99558],[-51.227252,-29.99544],[-51.227475,-29.99532],[-51.227424,-29.995262],[-51.227534,-29.995192],[-51.227664,-29.995189],[-51.227705,-29.995333],[-51.227769,-29.995378],[-51.227904,-29.9953],[-51.227929,-29.995196],[-51.228161,-29.995321],[-51.22819,-29.995283],[-51.228168,-29.995085],[-51.228265,-29.995137],[-51.228377,-29.995119],[-51.228414,-29.994983],[-51.228526,-29.994948],[-51.228551,-29.995076],[-51.228698,-29.99506],[-51.229258,-29.995192],[-51.229312,-29.995125],[-51.229497,-29.995197],[-51.229616,-29.995309],[-51.229705,-29.995622],[-51.230016,-29.995738],[-51.23005,-29.995777],[-51.230027,-29.99588],[-51.230235,-29.996043],[-51.230268,-29.996166],[-51.230243,-29.996207],[-51.230388,-29.996303],[-51.230424,-29.996369],[-51.230552,-29.996386],[-51.230607,-29.996437],[-51.230592,-29.996611],[-51.230676,-29.996753],[-51.230638,-29.996791],[-51.230718,-29.996885],[-51.230752,-29.997033],[-51.230635,-29.997125],[-51.230765,-29.997255],[-51.230817,-29.997385],[-51.230794,-29.997413],[-51.231054,-29.997827],[-51.231104,-29.998084],[-51.23125,-29.998256],[-51.231168,-29.998406],[-51.231323,-29.998627],[-51.231272,-29.998712],[-51.23139,-29.998983],[-51.231373,-29.999047],[-51.231253,-29.999102],[-51.231305,-29.999342],[-51.231255,-29.999422],[-51.231257,-29.999675],[-51.231173,-29.999743],[-51.231278,-30.000162],[-51.231175,-30.000383],[-51.231209,-30.000591],[-51.231333,-30.000659],[-51.231355,-30.00081],[-51.231468,-30.000777],[-51.231504,-30.000715],[-51.231627,-30.000687],[-51.231825,-30.000793],[-51.231826,-30.00075],[-51.231898,-30.000734],[-51.231899,-30.000672],[-51.231992,-30.000753],[-51.232027,-30.000656],[-51.232079,-30.000633],[-51.232094,-30.000448],[-51.232218,-30.000316],[-51.232336,-30.000289],[-51.232403,-30.000204],[-51.232745,-30.000097],[-51.232803,-30.000174],[-51.232847,-30.000141],[-51.232803,-30.000076],[-51.232897,-30.000063],[-51.233013,-30.000144],[-51.23301,-30.000244],[-51.233091,-30.000274],[-51.23313,-30.000012],[-51.233216,-30.000027],[-51.233191,-29.999986],[-51.233249,-29.999977],[-51.23323,-29.999851],[-51.23327,-29.999776],[-51.233378,-29.999741],[-51.233387,-29.999649],[-51.23345,-29.999604],[-51.233549,-29.999583],[-51.233499,-29.999538],[-51.233537,-29.999386],[-51.233616,-29.999326],[-51.233698,-29.999323],[-51.233902,-29.999127],[-51.233937,-29.999007],[-51.233984,-29.998991],[-51.233979,-29.998759],[-51.234072,-29.998702],[-51.234016,-29.998638],[-51.233995,-29.998467],[-51.234123,-29.998284],[-51.234075,-29.998163],[-51.234133,-29.998042],[-51.233988,-29.997781],[-51.233792,-29.997758],[-51.233691,-29.997607],[-51.233618,-29.997602],[-51.233577,-29.99755],[-51.233604,-29.997327],[-51.233561,-29.997261],[-51.233607,-29.997209],[-51.233552,-29.997163],[-51.233574,-29.997127],[-51.233519,-29.997015],[-51.233598,-29.996917],[-51.233583,-29.996865],[-51.233669,-29.996658],[-51.233746,-29.996588],[-51.233895,-29.996591],[-51.234027,-29.996402],[-51.234095,-29.996418],[-51.234173,-29.996352],[-51.234429,-29.996261],[-51.234677,-29.996317],[-51.234836,-29.996419],[-51.234816,-29.996235],[-51.23477,-29.996201],[-51.234788,-29.996149],[-51.234878,-29.996106],[-51.234857,-29.996077],[-51.234914,-29.995966],[-51.234987,-29.995981],[-51.235028,-29.995946],[-51.234951,-29.995635],[-51.235015,-29.995451],[-51.235032,-29.995066],[-51.235027,-29.994931],[-51.234938,-29.994815],[-51.235004,-29.99468],[-51.234931,-29.994583],[-51.234968,-29.994547],[-51.234933,-29.994494],[-51.234966,-29.99444],[-51.234901,-29.994314],[-51.234774,-29.994307],[-51.234774,-29.99426],[-51.234645,-29.994213],[-51.234596,-29.99415],[-51.234637,-29.993996],[-51.234588,-29.993857],[-51.234653,-29.993781],[-51.234613,-29.993715],[-51.234548,-29.993702],[-51.234688,-29.993527],[-51.234865,-29.993521],[-51.234881,-29.993474],[-51.234964,-29.993542],[-51.234981,-29.993472],[-51.235045,-29.993455],[-51.235006,-29.993279],[-51.234913,-29.99322],[-51.234782,-29.993229],[-51.23476,-29.993141],[-51.235045,-29.993016],[-51.234962,-29.992929],[-51.235006,-29.992852],[-51.234896,-29.992789],[-51.234905,-29.992749],[-51.234811,-29.992714],[-51.234749,-29.992534],[-51.234745,-29.992391],[-51.234834,-29.992321],[-51.234816,-29.992199],[-51.234659,-29.992158],[-51.234622,-29.992095],[-51.23463,-29.992029],[-51.234692,-29.992021],[-51.234751,-29.991915],[-51.234584,-29.991882],[-51.234599,-29.99176],[-51.234744,-29.991824],[-51.234659,-29.991687],[-51.234677,-29.991634],[-51.234716,-29.991666],[-51.234749,-29.991634],[-51.234716,-29.991628],[-51.23473,-29.991528],[-51.234581,-29.991508],[-51.234498,-29.991313],[-51.234615,-29.991236],[-51.234503,-29.991204],[-51.234485,-29.991079],[-51.234528,-29.990953],[-51.2346,-29.990905],[-51.234563,-29.990907],[-51.234553,-29.990853],[-51.234448,-29.990898],[-51.234279,-29.990827],[-51.234321,-29.990663],[-51.234194,-29.990483],[-51.234209,-29.99043],[-51.234266,-29.990464],[-51.234299,-29.990431],[-51.23409,-29.990375],[-51.234034,-29.990313],[-51.234025,-29.990199],[-51.234069,-29.990131],[-51.234003,-29.990025],[-51.234028,-29.989847],[-51.234118,-29.989477],[-51.234232,-29.98929],[-51.234128,-29.989045],[-51.234033,-29.988949],[-51.234097,-29.9888],[-51.234033,-29.98871],[-51.233953,-29.988683],[-51.233904,-29.988582],[-51.234051,-29.98819],[-51.23404,-29.988062],[-51.233958,-29.987877],[-51.233973,-29.987821],[-51.233821,-29.987466],[-51.233808,-29.98732],[-51.233841,-29.987155],[-51.233812,-29.98709],[-51.233835,-29.986969],[-51.233796,-29.986904],[-51.233912,-29.986563],[-51.233879,-29.986528],[-51.23391,-29.98637],[-51.233883,-29.985815],[-51.233946,-29.985544],[-51.233967,-29.985238],[-51.233941,-29.985198],[-51.233976,-29.985138],[-51.233916,-29.984994],[-51.233994,-29.984677],[-51.233982,-29.984472],[-51.234036,-29.984468],[-51.234011,-29.984408],[-51.234074,-29.984412],[-51.234094,-29.984335],[-51.234026,-29.984194],[-51.234052,-29.984196],[-51.234038,-29.984154],[-51.234129,-29.983942],[-51.234114,-29.983876],[-51.234222,-29.983624],[-51.234217,-29.983563],[-51.234135,-29.983519],[-51.234216,-29.983442],[-51.234186,-29.983296],[-51.234226,-29.983114],[-51.234162,-29.982856],[-51.234193,-29.982701],[-51.234161,-29.982576],[-51.234232,-29.982445],[-51.23419,-29.982332],[-51.234306,-29.982149],[-51.234311,-29.981962],[-51.234375,-29.981842],[-51.234343,-29.981523],[-51.234292,-29.981483],[-51.234384,-29.981314],[-51.234336,-29.981113],[-51.234371,-29.981036],[-51.234324,-29.980983],[-51.23437,-29.980753],[-51.234347,-29.980555],[-51.234408,-29.980402],[-51.234391,-29.980302],[-51.234427,-29.980275],[-51.23436,-29.980149],[-51.234409,-29.980028],[-51.23436,-29.979972],[-51.234356,-29.97982],[-51.234309,-29.979753],[-51.234362,-29.979716],[-51.234336,-29.979541],[-51.234403,-29.979451],[-51.234296,-29.979089],[-51.23432,-29.979057],[-51.234375,-29.979116],[-51.234444,-29.979012],[-51.234397,-29.978931],[-51.234406,-29.978861],[-51.234332,-29.978821],[-51.234373,-29.978735],[-51.234367,-29.978604],[-51.234317,-29.978545],[-51.234373,-29.978517],[-51.234328,-29.97841],[-51.234346,-29.978249],[-51.23426,-29.978219],[-51.23434,-29.978183],[-51.234324,-29.97807],[-51.234384,-29.977916],[-51.234316,-29.977784],[-51.234327,-29.977635],[-51.234237,-29.977469],[-51.234297,-29.977345],[-51.234326,-29.977084],[-51.234298,-29.976915],[-51.234234,-29.976889],[-51.234288,-29.976841],[-51.234282,-29.976577],[-51.234323,-29.976464],[-51.234264,-29.976223],[-51.234271,-29.97585],[-51.234226,-29.975714],[-51.234308,-29.975595],[-51.234259,-29.97535],[-51.23431,-29.975255],[-51.234269,-29.975135],[-51.234336,-29.975066],[-51.234283,-29.975034],[-51.234282,-29.974867],[-51.234194,-29.974799],[-51.234203,-29.97475],[-51.234151,-29.974688],[-51.234278,-29.974546],[-51.234255,-29.97445],[-51.234122,-29.974298],[-51.234216,-29.974301],[-51.23423,-29.974249],[-51.234216,-29.974105],[-51.234147,-29.974056],[-51.234206,-29.973984],[-51.234156,-29.973847],[-51.234185,-29.973633],[-51.234097,-29.973623],[-51.234192,-29.973535],[-51.234092,-29.973411],[-51.234274,-29.97318],[-51.23421,-29.973116],[-51.234278,-29.973082],[-51.234268,-29.972918],[-51.234105,-29.972636],[-51.23416,-29.972573],[-51.234124,-29.97246],[-51.234277,-29.972321],[-51.234268,-29.971843],[-51.234213,-29.971809],[-51.234191,-29.971713],[-51.23421,-29.97167],[-51.234305,-29.971668],[-51.23433,-29.971518],[-51.234301,-29.971437],[-51.234179,-29.971361],[-51.234286,-29.971243],[-51.234195,-29.971147],[-51.23421,-29.97109],[-51.234165,-29.971061],[-51.234186,-29.970979],[-51.234109,-29.970839],[-51.234255,-29.970797],[-51.234153,-29.970722],[-51.234236,-29.970708],[-51.234267,-29.970661],[-51.234247,-29.970437],[-51.234361,-29.970299],[-51.234332,-29.969999],[-51.234273,-29.969958],[-51.23436,-29.969819],[-51.234251,-29.969684],[-51.234339,-29.969599],[-51.234377,-29.969339],[-51.234497,-29.969263],[-51.234434,-29.969158],[-51.234458,-29.969117],[-51.23443,-29.969007],[-51.234348,-29.968955],[-51.234483,-29.968852],[-51.234421,-29.9687],[-51.234511,-29.968559],[-51.234474,-29.968491],[-51.234633,-29.968447],[-51.234607,-29.968352],[-51.2345,-29.968306],[-51.234607,-29.968203],[-51.2346,-29.968131],[-51.234684,-29.968045],[-51.234719,-29.96794],[-51.23465,-29.967731],[-51.234671,-29.967677],[-51.234775,-29.967628],[-51.234709,-29.967499],[-51.234777,-29.967433],[-51.23471,-29.96731],[-51.234826,-29.967243],[-51.234852,-29.967129],[-51.234826,-29.967043],[-51.234902,-29.966939],[-51.234852,-29.966906],[-51.234919,-29.966857],[-51.234879,-29.966747],[-51.234941,-29.966695],[-51.234943,-29.966606],[-51.235051,-29.966552],[-51.235051,-29.966437],[-51.235102,-29.966384],[-51.235051,-29.966315],[-51.235049,-29.966214],[-51.235107,-29.966079],[-51.235223,-29.965962],[-51.235228,-29.965772],[-51.235274,-29.965733],[-51.235302,-29.965497],[-51.235401,-29.96531],[-51.235409,-29.965215],[-51.235464,-29.965178],[-51.235419,-29.965075],[-51.235573,-29.964911],[-51.235643,-29.964578],[-51.235596,-29.964495],[-51.235682,-29.964361],[-51.23566,-29.964261],[-51.235783,-29.964096],[-51.235847,-29.963923],[-51.235833,-29.963846],[-51.235951,-29.963646],[-51.235936,-29.963531],[-51.23599,-29.963422],[-51.235979,-29.963346],[-51.236054,-29.963295],[-51.236116,-29.963145],[-51.236123,-29.962943],[-51.236215,-29.96281],[-51.236161,-29.962774],[-51.236227,-29.962714],[-51.236233,-29.962567],[-51.236292,-29.962493],[-51.236318,-29.962346],[-51.236289,-29.962192],[-51.236355,-29.962077],[-51.236311,-29.962024],[-51.236357,-29.961932],[-51.236294,-29.961891],[-51.23627,-29.961777],[-51.236317,-29.96169],[-51.23627,-29.961638],[-51.236321,-29.961385],[-51.236246,-29.961247],[-51.236249,-29.96113],[-51.236425,-29.960159],[-51.236512,-29.960089],[-51.236515,-29.959972],[-51.236692,-29.959802],[-51.236921,-29.959266],[-51.237169,-29.959036],[-51.23718,-29.958992],[-51.237109,-29.958947],[-51.237342,-29.958893],[-51.237335,-29.958823],[-51.237385,-29.958737],[-51.237505,-29.958707],[-51.237541,-29.95861],[-51.237612,-29.958563],[-51.237646,-29.95844],[-51.23791,-29.958144],[-51.237928,-29.95807],[-51.23803,-29.958039],[-51.238135,-29.95787],[-51.238275,-29.957807],[-51.238252,-29.957694],[-51.238294,-29.957652],[-51.238389,-29.957662],[-51.238386,-29.957543],[-51.238492,-29.957499],[-51.238543,-29.957379],[-51.238688,-29.957288],[-51.239072,-29.956763],[-51.239424,-29.956471],[-51.239464,-29.956314],[-51.239781,-29.956053],[-51.239779,-29.955941],[-51.240018,-29.955701],[-51.240082,-29.955543],[-51.24019,-29.955486],[-51.240201,-29.955329],[-51.240372,-29.955127],[-51.240349,-29.955046],[-51.24043,-29.954893],[-51.240498,-29.95486],[-51.24057,-29.954663],[-51.240651,-29.954618],[-51.240678,-29.954543],[-51.240775,-29.954499],[-51.240742,-29.954439],[-51.240805,-29.954275],[-51.240986,-29.954236],[-51.24098,-29.954114],[-51.241031,-29.954004],[-51.241136,-29.953938],[-51.2413,-29.953737],[-51.241411,-29.953714],[-51.241448,-29.953632],[-51.241654,-29.953507],[-51.24169,-29.953378],[-51.241845,-29.953232],[-51.242133,-29.953115],[-51.242207,-29.952986],[-51.242349,-29.952884],[-51.242433,-29.952875],[-51.242686,-29.952629],[-51.242774,-29.952645],[-51.242831,-29.95253],[-51.24293,-29.952527],[-51.242975,-29.952424],[-51.2432,-29.952257],[-51.243318,-29.952226],[-51.243352,-29.952137],[-51.243506,-29.9521],[-51.243896,-29.95181],[-51.244089,-29.951613],[-51.244205,-29.951573],[-51.244285,-29.951439],[-51.244387,-29.951444],[-51.244401,-29.95134],[-51.244514,-29.951296],[-51.244594,-29.951165],[-51.244786,-29.951051],[-51.244819,-29.950957],[-51.244959,-29.950908],[-51.244966,-29.950805],[-51.245298,-29.950591],[-51.245539,-29.950293],[-51.245828,-29.950101],[-51.245839,-29.95005],[-51.245948,-29.950018],[-51.24609,-29.949818],[-51.246448,-29.949596],[-51.246451,-29.949528],[-51.246696,-29.949396],[-51.246884,-29.949165],[-51.247572,-29.948761],[-51.247643,-29.948645],[-51.247884,-29.948457],[-51.247988,-29.948428],[-51.248024,-29.948289],[-51.248313,-29.94818],[-51.248719,-29.947787],[-51.24884,-29.947759],[-51.248925,-29.94766],[-51.249049,-29.947601],[-51.249173,-29.947417],[-51.249396,-29.94728],[-51.249474,-29.947157],[-51.249693,-29.947001],[-51.249745,-29.94687],[-51.249839,-29.946844],[-51.250055,-29.946643],[-51.250194,-29.946584],[-51.250301,-29.946353],[-51.250487,-29.946201],[-51.250851,-29.945732],[-51.251009,-29.94569],[-51.251096,-29.945573],[-51.251198,-29.945547],[-51.251213,-29.94542],[-51.251268,-29.945347],[-51.251707,-29.9451],[-51.251769,-29.944959],[-51.252244,-29.944655],[-51.252388,-29.944481],[-51.252582,-29.944444],[-51.252624,-29.944298],[-51.252942,-29.944227],[-51.253071,-29.94405],[-51.253313,-29.943861],[-51.253619,-29.943768],[-51.25383,-29.943566],[-51.254085,-29.943529],[-51.254156,-29.943324],[-51.254362,-29.943306],[-51.254444,-29.943213],[-51.254535,-29.943265],[-51.254636,-29.943103],[-51.254914,-29.942947],[-51.2551,-29.942921],[-51.255243,-29.942784],[-51.255453,-29.942656],[-51.255621,-29.942611],[-51.255706,-29.942517],[-51.255837,-29.942482],[-51.25587,-29.94242],[-51.256172,-29.942323],[-51.256294,-29.942188],[-51.256705,-29.942084],[-51.256767,-29.942012],[-51.257023,-29.941908],[-51.25721,-29.941879],[-51.257566,-29.941675],[-51.257952,-29.941611],[-51.258636,-29.941388],[-51.259077,-29.941319],[-51.259283,-29.941188],[-51.259549,-29.941104],[-51.259796,-29.941086],[-51.259943,-29.940983],[-51.260827,-29.940807],[-51.261663,-29.940696],[-51.262153,-29.940792],[-51.262981,-29.940838],[-51.263455,-29.941019],[-51.264312,-29.941047],[-51.264742,-29.941172],[-51.265278,-29.94116],[-51.266691,-29.941389],[-51.267194,-29.941433],[-51.26737,-29.941411],[-51.267606,-29.941458],[-51.267964,-29.941445],[-51.268202,-29.941341],[-51.268323,-29.941217],[-51.268408,-29.940992],[-51.268475,-29.940918],[-51.268462,-29.940786],[-51.268523,-29.940438],[-51.268465,-29.940344],[-51.268465,-29.940156],[-51.268342,-29.939908],[-51.268447,-29.939553],[-51.268432,-29.939339],[-51.268387,-29.939193],[-51.268276,-29.939183],[-51.268267,-29.939099],[-51.268146,-29.938937],[-51.268023,-29.93886],[-51.267862,-29.93886],[-51.267633,-29.938644],[-51.26724,-29.938514],[-51.267079,-29.938339],[-51.266943,-29.938333],[-51.266832,-29.938252],[-51.266653,-29.938202],[-51.266592,-29.938094],[-51.266473,-29.938106],[-51.266193,-29.938025],[-51.266151,-29.937952],[-51.266051,-29.937895],[-51.265924,-29.937898],[-51.265842,-29.937786],[-51.265416,-29.937668],[-51.265125,-29.937533],[-51.26502,-29.937435],[-51.264907,-29.937464],[-51.264708,-29.937389],[-51.264278,-29.937377],[-51.264154,-29.937293],[-51.263702,-29.937196],[-51.26344,-29.937198],[-51.263232,-29.937103],[-51.263029,-29.937134],[-51.262739,-29.936953],[-51.262362,-29.936871],[-51.262135,-29.936877],[-51.261959,-29.936774],[-51.261819,-29.936777],[-51.261672,-29.936697],[-51.261458,-29.936666],[-51.261208,-29.936506],[-51.261095,-29.936544],[-51.260994,-29.936489],[-51.260881,-29.936519],[-51.260732,-29.93639],[-51.260423,-29.93631],[-51.259877,-29.936088],[-51.259163,-29.935987],[-51.258931,-29.935883],[-51.258712,-29.935838],[-51.258361,-29.935838],[-51.258133,-29.935757],[-51.257862,-29.935725],[-51.257721,-29.935658],[-51.257616,-29.935686],[-51.257568,-29.935657],[-51.257492,-29.935704],[-51.257396,-29.935648],[-51.25673,-29.935564],[-51.256637,-29.9355],[-51.256316,-29.93553],[-51.255866,-29.935448],[-51.255724,-29.935385],[-51.255617,-29.93539],[-51.255515,-29.935314],[-51.255246,-29.935261],[-51.254997,-29.935299],[-51.253124,-29.935142],[-51.25292,-29.935168],[-51.252792,-29.935068],[-51.252759,-29.935169],[-51.252695,-29.935158],[-51.252645,-29.935079],[-51.252128,-29.93511],[-51.251835,-29.935043],[-51.251729,-29.935092],[-51.25172,-29.935094]]]}},{"type":"Feature","properties":{"name":"Arquipélago","code":104},"geometry":{"type":"Polygon","coordinates":[[[-51.261824,-30.012172],[-51.26183,-30.012276],[-51.261693,-30.01234],[-51.26164,-30.0123],[-51.261508,-30.01239],[-51.261494,-30.012485],[-51.261335,-30.012525],[-51.261381,-30.012602],[-51.261289,-30.012591],[-51.261155,-30.012672],[-51.261186,-30.012711],[-51.261169,-30.012721],[-51.261135,-30.012685],[-51.261068,-30.012725],[-51.261107,-30.012767],[-51.261073,-30.012792],[-51.260998,-30.012717],[-51.260778,-30.012982],[-51.260608,-30.013047],[-51.260527,-30.013123],[-51.260488,-30.01308],[-51.260401,-30.013141],[-51.260398,-30.013148],[-51.260424,-30.01318],[-51.26025,-30.013265],[-51.260208,-30.013356],[-51.260071,-30.013466],[-51.260016,-30.013429],[-51.259782,-30.013615],[-51.259698,-30.013585],[-51.259582,-30.013633],[-51.259548,-30.013704],[-51.259321,-30.013838],[-51.259329,-30.01388],[-51.259259,-30.013945],[-51.259045,-30.014076],[-51.258934,-30.01428],[-51.25879,-30.014422],[-51.25879,-30.014422],[-51.25882,-30.014438],[-51.258649,-30.014758],[-51.25863,-30.014877],[-51.258519,-30.014934],[-51.258273,-30.015384],[-51.258229,-30.015362],[-51.258198,-30.015395],[-51.258223,-30.015416],[-51.257688,-30.016207],[-51.257509,-30.016593],[-51.257434,-30.016594],[-51.257364,-30.016753],[-51.257424,-30.01677],[-51.257391,-30.016844],[-51.25732,-30.016842],[-51.257155,-30.017176],[-51.25702,-30.017316],[-51.257008,-30.017394],[-51.256941,-30.017428],[-51.256678,-30.01803],[-51.256581,-30.018007],[-51.256562,-30.018057],[-51.256676,-30.018149],[-51.256503,-30.018293],[-51.256477,-30.018454],[-51.256426,-30.018483],[-51.256496,-30.01851],[-51.256484,-30.018546],[-51.256353,-30.018577],[-51.256327,-30.018628],[-51.256419,-30.01869],[-51.25622,-30.019017],[-51.256214,-30.019257],[-51.256111,-30.019556],[-51.255978,-30.019805],[-51.255904,-30.01986],[-51.255856,-30.019984],[-51.255886,-30.019996],[-51.255853,-30.02006],[-51.255894,-30.020083],[-51.25572,-30.020453],[-51.255599,-30.020496],[-51.255625,-30.020535],[-51.255564,-30.020646],[-51.255587,-30.020668],[-51.255418,-30.020919],[-51.255407,-30.020982],[-51.255486,-30.021],[-51.255441,-30.021114],[-51.255459,-30.021158],[-51.255336,-30.021148],[-51.255302,-30.021212],[-51.255395,-30.02126],[-51.255297,-30.021457],[-51.255196,-30.021501],[-51.255215,-30.021565],[-51.255089,-30.021784],[-51.255128,-30.021828],[-51.25508,-30.02189],[-51.255072,-30.02205],[-51.254995,-30.022042],[-51.254955,-30.022099],[-51.25495,-30.02217],[-51.255014,-30.022211],[-51.255001,-30.02226],[-51.254867,-30.022403],[-51.254822,-30.022393],[-51.254812,-30.022428],[-51.254897,-30.022446],[-51.254879,-30.022511],[-51.254964,-30.022529],[-51.25496,-30.022554],[-51.254955,-30.022584],[-51.254779,-30.022574],[-51.254764,-30.022623],[-51.254806,-30.022632],[-51.254776,-30.022729],[-51.254852,-30.022746],[-51.254848,-30.022773],[-51.254708,-30.022774],[-51.254706,-30.022779],[-51.254672,-30.022863],[-51.254704,-30.022959],[-51.2546,-30.023036],[-51.254429,-30.02343],[-51.254444,-30.023494],[-51.254305,-30.023874],[-51.254302,-30.023878],[-51.254336,-30.023896],[-51.254302,-30.023944],[-51.254253,-30.02394],[-51.254242,-30.024063],[-51.254164,-30.024139],[-51.254051,-30.024444],[-51.253945,-30.024428],[-51.253933,-30.024474],[-51.253973,-30.024507],[-51.253885,-30.024714],[-51.253817,-30.024751],[-51.253812,-30.024841],[-51.25375,-30.024907],[-51.253694,-30.02508],[-51.253584,-30.025211],[-51.253555,-30.025377],[-51.253477,-30.025421],[-51.253434,-30.025638],[-51.253321,-30.025873],[-51.253281,-30.025863],[-51.253223,-30.025925],[-51.253244,-30.02602],[-51.253199,-30.026021],[-51.253126,-30.026176],[-51.253057,-30.026208],[-51.253045,-30.026399],[-51.253002,-30.026407],[-51.252884,-30.026655],[-51.252842,-30.026672],[-51.252868,-30.026754],[-51.252769,-30.026765],[-51.252787,-30.026893],[-51.252723,-30.026971],[-51.252716,-30.027064],[-51.252646,-30.027076],[-51.252669,-30.027157],[-51.252635,-30.027228],[-51.252598,-30.027227],[-51.252572,-30.027238],[-51.252568,-30.027259],[-51.252614,-30.027274],[-51.252544,-30.027417],[-51.252468,-30.027567],[-51.252396,-30.027569],[-51.252416,-30.027658],[-51.25225,-30.027848],[-51.252218,-30.027927],[-51.252235,-30.02803],[-51.252031,-30.028428],[-51.251905,-30.028658],[-51.251819,-30.028603],[-51.251742,-30.028617],[-51.251705,-30.02867],[-51.251607,-30.028678],[-51.251027,-30.029329],[-51.251023,-30.029358],[-51.251088,-30.029395],[-51.25135,-30.029481],[-51.251318,-30.029698],[-51.251344,-30.029711],[-51.251293,-30.029755],[-51.251286,-30.029864],[-51.251224,-30.029844],[-51.251192,-30.02989],[-51.250927,-30.029866],[-51.251009,-30.029942],[-51.250928,-30.030033],[-51.250955,-30.03007],[-51.25084,-30.030107],[-51.250808,-30.030167],[-51.250877,-30.030223],[-51.25091,-30.030376],[-51.251405,-30.030621],[-51.251395,-30.030679],[-51.251604,-30.030688],[-51.251568,-30.030761],[-51.251622,-30.030795],[-51.251769,-30.030721],[-51.251932,-30.030777],[-51.251953,-30.030735],[-51.251998,-30.030778],[-51.252305,-30.030734],[-51.252437,-30.030831],[-51.252625,-30.030862],[-51.252715,-30.030973],[-51.253103,-30.030899],[-51.253104,-30.030977],[-51.253024,-30.030961],[-51.252973,-30.031003],[-51.253052,-30.031065],[-51.253025,-30.031089],[-51.253054,-30.031087],[-51.253064,-30.031156],[-51.253096,-30.031078],[-51.253068,-30.031045],[-51.253115,-30.031061],[-51.253065,-30.031222],[-51.253199,-30.031287],[-51.253248,-30.03137],[-51.253226,-30.0316],[-51.253147,-30.031659],[-51.25303,-30.031677],[-51.252709,-30.03158],[-51.252707,-30.031512],[-51.252818,-30.031354],[-51.252794,-30.031259],[-51.252753,-30.031231],[-51.252658,-30.031295],[-51.252634,-30.031266],[-51.252551,-30.031307],[-51.252544,-30.031237],[-51.252484,-30.031254],[-51.25253,-30.031175],[-51.252469,-30.03112],[-51.252351,-30.031242],[-51.252378,-30.031266],[-51.252351,-30.031319],[-51.252235,-30.031298],[-51.252197,-30.031252],[-51.252129,-30.031313],[-51.252133,-30.031223],[-51.252066,-30.031222],[-51.252028,-30.031279],[-51.252021,-30.031211],[-51.25199,-30.031271],[-51.251794,-30.031226],[-51.251789,-30.031065],[-51.251736,-30.031022],[-51.251596,-30.031008],[-51.251503,-30.030927],[-51.251286,-30.031052],[-51.25108,-30.030942],[-51.250962,-30.030942],[-51.250895,-30.030881],[-51.250777,-30.03087],[-51.250665,-30.030919],[-51.250548,-30.030856],[-51.250435,-30.030867],[-51.250329,-30.030774],[-51.250237,-30.030806],[-51.250171,-30.030977],[-51.250181,-30.031065],[-51.250094,-30.031198],[-51.250155,-30.031383],[-51.250307,-30.031524],[-51.250296,-30.031564],[-51.250229,-30.031572],[-51.250263,-30.03163],[-51.250219,-30.03177],[-51.250366,-30.031842],[-51.250403,-30.031923],[-51.250241,-30.031967],[-51.250321,-30.031992],[-51.250294,-30.032174],[-51.250242,-30.032249],[-51.250301,-30.032335],[-51.250318,-30.032469],[-51.250368,-30.032514],[-51.250268,-30.032544],[-51.250272,-30.03259],[-51.250388,-30.032601],[-51.250246,-30.032683],[-51.250289,-30.032715],[-51.250362,-30.032661],[-51.250448,-30.032723],[-51.250358,-30.032752],[-51.25048,-30.032889],[-51.250372,-30.032928],[-51.250391,-30.033042],[-51.250359,-30.03308],[-51.250402,-30.033115],[-51.250477,-30.033089],[-51.250626,-30.033303],[-51.250616,-30.033372],[-51.250689,-30.033407],[-51.250604,-30.033524],[-51.250642,-30.033578],[-51.250616,-30.033688],[-51.250661,-30.033708],[-51.250708,-30.033823],[-51.250687,-30.033876],[-51.250636,-30.03388],[-51.250655,-30.034],[-51.250772,-30.034093],[-51.250722,-30.034221],[-51.250854,-30.034377],[-51.25079,-30.03453],[-51.250797,-30.034669],[-51.250891,-30.034895],[-51.25106,-30.034893],[-51.251052,-30.03493],[-51.25098,-30.034952],[-51.251028,-30.035058],[-51.251031,-30.035217],[-51.251103,-30.035313],[-51.251066,-30.035366],[-51.251084,-30.035415],[-51.251194,-30.035525],[-51.251183,-30.035588],[-51.251106,-30.035653],[-51.251131,-30.035751],[-51.2511,-30.035808],[-51.251161,-30.035842],[-51.251375,-30.035777],[-51.251365,-30.035823],[-51.251468,-30.035936],[-51.25146,-30.036014],[-51.251384,-30.036078],[-51.251367,-30.036151],[-51.251411,-30.03617],[-51.251414,-30.036283],[-51.251534,-30.036311],[-51.25152,-30.036356],[-51.251564,-30.036393],[-51.25148,-30.03674],[-51.251492,-30.036889],[-51.251571,-30.036939],[-51.251586,-30.037011],[-51.251649,-30.036973],[-51.251671,-30.037004],[-51.251659,-30.037049],[-51.251576,-30.037061],[-51.2515,-30.037002],[-51.251449,-30.03688],[-51.251481,-30.036788],[-51.25144,-30.036781],[-51.251479,-30.036683],[-51.251414,-30.036717],[-51.251387,-30.036884],[-51.251465,-30.037041],[-51.251698,-30.037173],[-51.251671,-30.037245],[-51.251699,-30.037309],[-51.251761,-30.037404],[-51.251857,-30.037454],[-51.251809,-30.037553],[-51.251888,-30.037764],[-51.251821,-30.037827],[-51.251789,-30.037993],[-51.251886,-30.038022],[-51.251911,-30.037959],[-51.251981,-30.038014],[-51.251933,-30.038059],[-51.251959,-30.038148],[-51.252055,-30.038265],[-51.251958,-30.038299],[-51.252019,-30.0384],[-51.252071,-30.038392],[-51.252149,-30.038651],[-51.252255,-30.038678],[-51.252262,-30.038728],[-51.252186,-30.038791],[-51.252335,-30.03902],[-51.252337,-30.039062],[-51.252283,-30.039088],[-51.252338,-30.039174],[-51.252318,-30.039299],[-51.252346,-30.039363],[-51.252615,-30.03941],[-51.252526,-30.039492],[-51.252499,-30.039569],[-51.252524,-30.039627],[-51.252461,-30.039684],[-51.252551,-30.039829],[-51.252681,-30.039827],[-51.252657,-30.039919],[-51.252595,-30.039902],[-51.252556,-30.039937],[-51.252589,-30.03999],[-51.252538,-30.040083],[-51.252663,-30.040188],[-51.252661,-30.040263],[-51.252785,-30.040332],[-51.252871,-30.040339],[-51.25294,-30.040296],[-51.253048,-30.04035],[-51.252947,-30.040426],[-51.252938,-30.040536],[-51.253075,-30.040548],[-51.253125,-30.040492],[-51.253093,-30.04064],[-51.253187,-30.040645],[-51.253192,-30.040752],[-51.253266,-30.040838],[-51.253255,-30.040911],[-51.253307,-30.040948],[-51.253285,-30.041028],[-51.253331,-30.041031],[-51.253355,-30.041111],[-51.253276,-30.041207],[-51.25326,-30.041302],[-51.253419,-30.0413],[-51.253399,-30.041342],[-51.25346,-30.041367],[-51.253397,-30.041511],[-51.25345,-30.041576],[-51.253453,-30.041684],[-51.253327,-30.041719],[-51.253385,-30.041898],[-51.253442,-30.041922],[-51.253445,-30.042095],[-51.253487,-30.042087],[-51.253488,-30.042157],[-51.253594,-30.04217],[-51.253625,-30.042272],[-51.253693,-30.042205],[-51.253832,-30.042233],[-51.253857,-30.042306],[-51.254019,-30.042227],[-51.25407,-30.042233],[-51.254064,-30.04229],[-51.254148,-30.042262],[-51.254091,-30.042464],[-51.254189,-30.042545],[-51.254179,-30.042573],[-51.25423,-30.042551],[-51.254245,-30.042478],[-51.25429,-30.042552],[-51.25441,-30.04252],[-51.254493,-30.042575],[-51.254485,-30.042607],[-51.254547,-30.042606],[-51.254557,-30.042677],[-51.254478,-30.042771],[-51.254473,-30.043],[-51.254521,-30.043003],[-51.254541,-30.042934],[-51.254619,-30.04296],[-51.254632,-30.043008],[-51.254582,-30.043064],[-51.254602,-30.043109],[-51.254666,-30.043119],[-51.254751,-30.043077],[-51.254673,-30.043058],[-51.254658,-30.043],[-51.254772,-30.04297],[-51.254885,-30.043149],[-51.254817,-30.043223],[-51.254816,-30.043142],[-51.254777,-30.04314],[-51.254778,-30.043297],[-51.254928,-30.043382],[-51.255087,-30.043354],[-51.255076,-30.043523],[-51.255105,-30.043551],[-51.254997,-30.043613],[-51.255053,-30.043688],[-51.255419,-30.043956],[-51.255826,-30.044088],[-51.255928,-30.044177],[-51.256068,-30.044197],[-51.256078,-30.044062],[-51.256086,-30.044052],[-51.256116,-30.044053],[-51.256135,-30.044141],[-51.256085,-30.044186],[-51.256119,-30.044256],[-51.256158,-30.044246],[-51.256195,-30.044296],[-51.256036,-30.044314],[-51.256143,-30.04435],[-51.256233,-30.044456],[-51.256339,-30.044448],[-51.256434,-30.044523],[-51.25647,-30.044486],[-51.256608,-30.044481],[-51.256653,-30.044518],[-51.256933,-30.044527],[-51.256957,-30.044515],[-51.256906,-30.044453],[-51.25694,-30.044426],[-51.257022,-30.044531],[-51.257241,-30.044609],[-51.257506,-30.044543],[-51.25763,-30.044436],[-51.257648,-30.04437],[-51.257533,-30.044189],[-51.257461,-30.04393],[-51.257523,-30.043697],[-51.257607,-30.043947],[-51.257584,-30.044138],[-51.257645,-30.044167],[-51.257659,-30.044249],[-51.257743,-30.044357],[-51.257832,-30.044711],[-51.258058,-30.044874],[-51.258091,-30.045051],[-51.258191,-30.045219],[-51.258304,-30.045318],[-51.258298,-30.045399],[-51.258362,-30.045493],[-51.25841,-30.045505],[-51.258563,-30.04577],[-51.258715,-30.04583],[-51.258712,-30.045889],[-51.258817,-30.045921],[-51.258827,-30.046001],[-51.258969,-30.046116],[-51.258966,-30.04617],[-51.259391,-30.046409],[-51.259605,-30.046663],[-51.259794,-30.046725],[-51.2599,-30.046715],[-51.260062,-30.046849],[-51.260116,-30.046827],[-51.26018,-30.046859],[-51.260223,-30.046895],[-51.260459,-30.046925],[-51.260487,-30.047025],[-51.26054,-30.047051],[-51.260653,-30.047068],[-51.260688,-30.047064],[-51.260694,-30.04706],[-51.260721,-30.046988],[-51.260771,-30.046974],[-51.260941,-30.047169],[-51.261149,-30.047087],[-51.261408,-30.047126],[-51.261535,-30.04705],[-51.26169,-30.047072],[-51.261788,-30.046979],[-51.261873,-30.047005],[-51.261992,-30.046965],[-51.262108,-30.047008],[-51.262159,-30.046941],[-51.262079,-30.046854],[-51.261674,-30.04676],[-51.261559,-30.046625],[-51.26155,-30.046516],[-51.261453,-30.04638],[-51.261461,-30.04633],[-51.261403,-30.046302],[-51.261445,-30.046272],[-51.261374,-30.046195],[-51.261474,-30.046193],[-51.261446,-30.046176],[-51.26146,-30.04605],[-51.261506,-30.046027],[-51.261366,-30.045864],[-51.261346,-30.045738],[-51.26145,-30.045689],[-51.261585,-30.045488],[-51.261694,-30.045506],[-51.261786,-30.045468],[-51.262042,-30.045618],[-51.262109,-30.045574],[-51.262069,-30.045385],[-51.262121,-30.045359],[-51.262021,-30.04528],[-51.261926,-30.045294],[-51.261936,-30.045252],[-51.26197,-30.045259],[-51.261965,-30.045204],[-51.262012,-30.045202],[-51.262012,-30.045231],[-51.262136,-30.045177],[-51.261948,-30.04509],[-51.261809,-30.044951],[-51.261848,-30.044941],[-51.261829,-30.044896],[-51.261991,-30.044694],[-51.262127,-30.044698],[-51.262211,-30.044774],[-51.262424,-30.044742],[-51.262525,-30.044795],[-51.262768,-30.044738],[-51.262787,-30.044671],[-51.262847,-30.04464],[-51.262774,-30.044455],[-51.262836,-30.044428],[-51.262862,-30.044333],[-51.262748,-30.044208],[-51.262704,-30.044075],[-51.262492,-30.043925],[-51.262415,-30.043756],[-51.262625,-30.043546],[-51.262596,-30.043393],[-51.262664,-30.043297],[-51.262621,-30.043183],[-51.262721,-30.043179],[-51.262751,-30.043127],[-51.26285,-30.043099],[-51.262839,-30.042976],[-51.262896,-30.042936],[-51.262881,-30.042783],[-51.262766,-30.042708],[-51.262962,-30.042672],[-51.262963,-30.042488],[-51.263021,-30.042419],[-51.262878,-30.042241],[-51.262744,-30.0422],[-51.26289,-30.042082],[-51.262879,-30.042022],[-51.262803,-30.041995],[-51.262828,-30.041915],[-51.262491,-30.041852],[-51.262346,-30.041662],[-51.262324,-30.041565],[-51.262214,-30.041486],[-51.262321,-30.041454],[-51.262238,-30.041329],[-51.262356,-30.041237],[-51.262313,-30.041072],[-51.262422,-30.041078],[-51.262491,-30.04101],[-51.262269,-30.040873],[-51.262181,-30.040636],[-51.262214,-30.040564],[-51.262391,-30.040458],[-51.262398,-30.04028],[-51.262549,-30.040279],[-51.262679,-30.040344],[-51.262713,-30.040301],[-51.262573,-30.040152],[-51.26236,-30.040188],[-51.262302,-30.040116],[-51.262033,-30.040048],[-51.261918,-30.039867],[-51.261877,-30.039656],[-51.261812,-30.039565],[-51.261674,-30.039503],[-51.261655,-30.039408],[-51.261703,-30.039366],[-51.261631,-30.039178],[-51.261521,-30.039097],[-51.261473,-30.039141],[-51.261403,-30.039078],[-51.261264,-30.039095],[-51.261321,-30.039034],[-51.261311,-30.038941],[-51.2612,-30.038883],[-51.261145,-30.038759],[-51.261109,-30.038766],[-51.261091,-30.03867],[-51.261031,-30.038652],[-51.260818,-30.038294],[-51.260728,-30.038266],[-51.260677,-30.038018],[-51.260499,-30.037727],[-51.260488,-30.037645],[-51.260401,-30.037587],[-51.260361,-30.037493],[-51.260298,-30.037491],[-51.260351,-30.037421],[-51.260282,-30.037397],[-51.260309,-30.037304],[-51.260204,-30.037177],[-51.260221,-30.037092],[-51.260188,-30.037106],[-51.260172,-30.037046],[-51.26019,-30.036895],[-51.260029,-30.036684],[-51.260014,-30.036612],[-51.259966,-30.036637],[-51.259963,-30.036494],[-51.259849,-30.036462],[-51.259922,-30.03643],[-51.259851,-30.03637],[-51.259857,-30.036303],[-51.259908,-30.036296],[-51.259836,-30.036065],[-51.259805,-30.036008],[-51.259743,-30.035994],[-51.259723,-30.035869],[-51.259639,-30.035857],[-51.259676,-30.035817],[-51.259611,-30.035692],[-51.259637,-30.035667],[-51.259599,-30.035655],[-51.259626,-30.035591],[-51.259512,-30.0355],[-51.259515,-30.035431],[-51.259555,-30.035487],[-51.259554,-30.035416],[-51.259541,-30.035332],[-51.259444,-30.035192],[-51.259479,-30.035141],[-51.259437,-30.035122],[-51.259417,-30.035007],[-51.259449,-30.034876],[-51.259314,-30.034665],[-51.259372,-30.034665],[-51.259313,-30.034547],[-51.25939,-30.034446],[-51.259341,-30.034329],[-51.259395,-30.034165],[-51.259279,-30.034017],[-51.259332,-30.033947],[-51.259339,-30.033804],[-51.2594,-30.033815],[-51.259525,-30.033719],[-51.259646,-30.03375],[-51.259767,-30.033623],[-51.259815,-30.033645],[-51.259843,-30.033609],[-51.25992,-30.033654],[-51.26002,-30.033616],[-51.260159,-30.033653],[-51.260327,-30.033607],[-51.260349,-30.033671],[-51.260524,-30.033665],[-51.260541,-30.033759],[-51.260594,-30.033796],[-51.260816,-30.033754],[-51.260856,-30.033793],[-51.260896,-30.033778],[-51.261019,-30.034003],[-51.261144,-30.034007],[-51.261202,-30.034064],[-51.261342,-30.034091],[-51.261419,-30.034171],[-51.261459,-30.034129],[-51.261597,-30.034295],[-51.26203,-30.034357],[-51.262051,-30.034313],[-51.262173,-30.034421],[-51.262214,-30.03438],[-51.26243,-30.034482],[-51.26251,-30.034464],[-51.262563,-30.034568],[-51.262643,-30.03454],[-51.262652,-30.034614],[-51.262745,-30.03467],[-51.262744,-30.034717],[-51.262837,-30.034702],[-51.262985,-30.034768],[-51.263013,-30.034728],[-51.263094,-30.034797],[-51.263188,-30.034774],[-51.263235,-30.03467],[-51.263288,-30.034779],[-51.263567,-30.034765],[-51.263616,-30.034799],[-51.263704,-30.034668],[-51.263782,-30.034692],[-51.263899,-30.034582],[-51.263972,-30.034582],[-51.263974,-30.034612],[-51.263879,-30.034634],[-51.26402,-30.034641],[-51.264037,-30.034688],[-51.263997,-30.034657],[-51.263982,-30.034686],[-51.26405,-30.034726],[-51.264062,-30.034841],[-51.264118,-30.034848],[-51.264165,-30.034772],[-51.264224,-30.034842],[-51.264262,-30.034823],[-51.264319,-30.034859],[-51.264331,-30.034972],[-51.264378,-30.034974],[-51.264407,-30.03492],[-51.264466,-30.034927],[-51.264517,-30.035099],[-51.264557,-30.03506],[-51.264595,-30.03511],[-51.264582,-30.03518],[-51.2645,-30.035218],[-51.264516,-30.035307],[-51.264614,-30.035352],[-51.264645,-30.035432],[-51.264689,-30.035386],[-51.264736,-30.035394],[-51.264856,-30.035498],[-51.264896,-30.035468],[-51.264872,-30.035418],[-51.264788,-30.035374],[-51.264789,-30.035317],[-51.264683,-30.035226],[-51.264847,-30.03531],[-51.264864,-30.035365],[-51.264936,-30.035327],[-51.264888,-30.035379],[-51.264913,-30.035436],[-51.264966,-30.035354],[-51.265072,-30.035343],[-51.26514,-30.03523],[-51.265195,-30.035268],[-51.265263,-30.035255],[-51.265306,-30.035303],[-51.265249,-30.03532],[-51.265243,-30.03536],[-51.265341,-30.035451],[-51.265257,-30.035477],[-51.265435,-30.035562],[-51.265487,-30.035492],[-51.265437,-30.035412],[-51.265345,-30.035383],[-51.265565,-30.035332],[-51.265641,-30.035389],[-51.265738,-30.035389],[-51.265795,-30.03546],[-51.265917,-30.03533],[-51.265938,-30.035221],[-51.26601,-30.035293],[-51.266146,-30.035327],[-51.266116,-30.035396],[-51.266189,-30.035451],[-51.266126,-30.035489],[-51.266208,-30.035495],[-51.266318,-30.035647],[-51.266359,-30.035615],[-51.266321,-30.03554],[-51.266541,-30.03567],[-51.266578,-30.035583],[-51.266627,-30.035624],[-51.266677,-30.035573],[-51.266785,-30.035559],[-51.266967,-30.035635],[-51.267059,-30.035528],[-51.267127,-30.035587],[-51.267343,-30.035482],[-51.267489,-30.035514],[-51.267591,-30.035411],[-51.267537,-30.035273],[-51.267583,-30.035173],[-51.267544,-30.035141],[-51.267633,-30.0351],[-51.2676,-30.035055],[-51.267686,-30.03508],[-51.267908,-30.035031],[-51.267926,-30.034999],[-51.267878,-30.034936],[-51.267921,-30.034829],[-51.267991,-30.034806],[-51.268058,-30.03484],[-51.268185,-30.034717],[-51.268232,-30.034758],[-51.26811,-30.034826],[-51.268222,-30.034868],[-51.268244,-30.034818],[-51.268363,-30.034809],[-51.268448,-30.034858],[-51.26853,-30.03481],[-51.268652,-30.034939],[-51.268711,-30.034916],[-51.268679,-30.034864],[-51.268712,-30.034824],[-51.268781,-30.034827],[-51.268874,-30.034897],[-51.268846,-30.034933],[-51.268881,-30.034955],[-51.268874,-30.035025],[-51.268931,-30.034925],[-51.269078,-30.035011],[-51.269141,-30.035003],[-51.269216,-30.035081],[-51.269306,-30.034975],[-51.269494,-30.03509],[-51.269587,-30.035088],[-51.269655,-30.035162],[-51.269536,-30.035152],[-51.269636,-30.035226],[-51.269717,-30.035123],[-51.269731,-30.035167],[-51.269905,-30.035216],[-51.269876,-30.035275],[-51.269898,-30.035325],[-51.269861,-30.035355],[-51.269935,-30.035324],[-51.269937,-30.035387],[-51.270015,-30.035423],[-51.270056,-30.035502],[-51.270294,-30.035644],[-51.27028,-30.035713],[-51.270367,-30.03584],[-51.270473,-30.03585],[-51.270474,-30.035948],[-51.270429,-30.03598],[-51.270512,-30.036163],[-51.27037,-30.036278],[-51.270417,-30.036485],[-51.27054,-30.036556],[-51.270492,-30.036637],[-51.270421,-30.036665],[-51.270416,-30.036712],[-51.270496,-30.036742],[-51.27053,-30.036868],[-51.270461,-30.036791],[-51.270413,-30.0368],[-51.270379,-30.037088],[-51.270414,-30.037119],[-51.270391,-30.03723],[-51.270466,-30.03736],[-51.270422,-30.037486],[-51.270445,-30.037639],[-51.270517,-30.037668],[-51.270511,-30.037808],[-51.270607,-30.037867],[-51.270629,-30.037802],[-51.270699,-30.037976],[-51.270826,-30.038036],[-51.270784,-30.038068],[-51.270808,-30.03814],[-51.270851,-30.038102],[-51.270904,-30.038171],[-51.271043,-30.038171],[-51.271161,-30.038273],[-51.271243,-30.038256],[-51.271274,-30.038312],[-51.271321,-30.038308],[-51.271324,-30.038243],[-51.271566,-30.0383],[-51.271621,-30.038248],[-51.271629,-30.038147],[-51.271784,-30.038171],[-51.271717,-30.038379],[-51.271717,-30.038511],[-51.27187,-30.03861],[-51.271967,-30.038575],[-51.271987,-30.038507],[-51.272116,-30.038489],[-51.272187,-30.038419],[-51.272324,-30.038436],[-51.272377,-30.0384],[-51.272359,-30.038472],[-51.272465,-30.038525],[-51.273249,-30.037833],[-51.273504,-30.037449],[-51.273608,-30.037231],[-51.273677,-30.03708],[-51.273816,-30.036679],[-51.273836,-30.036372],[-51.273699,-30.035781],[-51.273588,-30.035463],[-51.273042,-30.034654],[-51.272495,-30.034053],[-51.272016,-30.033638],[-51.271411,-30.033277],[-51.270153,-30.032849],[-51.269663,-30.032602],[-51.269306,-30.032345],[-51.268814,-30.031888],[-51.268686,-30.031755],[-51.268339,-30.031301],[-51.268103,-30.031047],[-51.267859,-30.030683],[-51.267687,-30.030377],[-51.267233,-30.029273],[-51.267048,-30.029155],[-51.266934,-30.028975],[-51.266937,-30.028912],[-51.266875,-30.028892],[-51.266902,-30.028812],[-51.266855,-30.028709],[-51.266823,-30.028432],[-51.266856,-30.028349],[-51.266674,-30.028081],[-51.266764,-30.028058],[-51.266769,-30.028012],[-51.266728,-30.027947],[-51.266629,-30.027907],[-51.266687,-30.027843],[-51.266578,-30.027649],[-51.266596,-30.027543],[-51.266376,-30.02719],[-51.26637,-30.027076],[-51.266251,-30.026885],[-51.266247,-30.026774],[-51.26616,-30.026657],[-51.266137,-30.026523],[-51.265902,-30.026114],[-51.265935,-30.026041],[-51.265892,-30.026026],[-51.265848,-30.025919],[-51.265839,-30.02574],[-51.265783,-30.02571],[-51.265809,-30.025676],[-51.265664,-30.025607],[-51.265645,-30.025239],[-51.265677,-30.025185],[-51.265549,-30.025056],[-51.265373,-30.024489],[-51.265265,-30.024371],[-51.265295,-30.024296],[-51.265219,-30.024241],[-51.265146,-30.024072],[-51.265126,-30.023829],[-51.265029,-30.023782],[-51.265111,-30.023692],[-51.265092,-30.023618],[-51.265043,-30.023591],[-51.265077,-30.023512],[-51.265015,-30.023354],[-51.265024,-30.023226],[-51.264958,-30.023108],[-51.264951,-30.023035],[-51.264991,-30.022981],[-51.264902,-30.02287],[-51.264955,-30.022764],[-51.264939,-30.0226],[-51.264882,-30.022569],[-51.264867,-30.02206],[-51.264834,-30.02199],[-51.264873,-30.021975],[-51.264827,-30.021859],[-51.264858,-30.021637],[-51.264785,-30.021367],[-51.26481,-30.021226],[-51.264743,-30.02105],[-51.264786,-30.020991],[-51.264677,-30.020341],[-51.264711,-30.01999],[-51.264574,-30.019414],[-51.264593,-30.019359],[-51.264548,-30.019286],[-51.264571,-30.01922],[-51.264382,-30.018748],[-51.26436,-30.018566],[-51.264169,-30.018085],[-51.264109,-30.017784],[-51.264063,-30.017754],[-51.263983,-30.017559],[-51.263995,-30.017419],[-51.263923,-30.017143],[-51.263961,-30.017073],[-51.263942,-30.01692],[-51.263845,-30.016766],[-51.263668,-30.016243],[-51.263698,-30.016219],[-51.263645,-30.015951],[-51.263683,-30.015816],[-51.263616,-30.015697],[-51.263608,-30.015485],[-51.263645,-30.015428],[-51.263591,-30.015244],[-51.263588,-30.0149],[-51.263537,-30.014765],[-51.263478,-30.014232],[-51.263517,-30.013871],[-51.263428,-30.013805],[-51.263363,-30.013573],[-51.263168,-30.01316],[-51.262837,-30.012885],[-51.262726,-30.012855],[-51.262652,-30.012727],[-51.262632,-30.01259],[-51.262477,-30.012451],[-51.26244,-30.012307],[-51.262365,-30.012311],[-51.262283,-30.012201],[-51.262191,-30.012196],[-51.262165,-30.012084],[-51.262129,-30.012063],[-51.26208,-30.012071],[-51.26196,-30.012071],[-51.261824,-30.012172]]]}},{"type":"Feature","properties":{"name":"Arquipélago","code":104},"geometry":{"type":"Polygon","coordinates":[[[-51.217067,-29.978373],[-51.217198,-29.978483],[-51.217226,-29.978477],[-51.217246,-29.978468],[-51.217295,-29.978349],[-51.217241,-29.978204],[-51.217075,-29.978332],[-51.217067,-29.978373]]]}},{"type":"Feature","properties":{"name":"Arquipélago","code":104},"geometry":{"type":"Polygon","coordinates":[[[-51.216962,-29.9787],[-51.216935,-29.978699],[-51.216915,-29.978717],[-51.216946,-29.978784],[-51.216967,-29.978782],[-51.216994,-29.978761],[-51.217003,-29.978735],[-51.216994,-29.978704],[-51.216962,-29.9787]]]}},{"type":"Feature","properties":{"name":"Morro Santana","code":200},"geometry":{"type":"Polygon","coordinates":[[[-51.13612,-30.053986],[-51.139571,-30.050289],[-51.139506,-30.048611],[-51.139497,-30.048469],[-51.139474,-30.048374],[-51.139128,-30.047634],[-51.138774,-30.047183],[-51.13838,-30.046763],[-51.137316,-30.045971],[-51.137198,-30.045908],[-51.137047,-30.045855],[-51.136368,-30.045677],[-51.136101,-30.045449],[-51.136097,-30.045345],[-51.136101,-30.045233],[-51.13612,-30.045117],[-51.136157,-30.045006],[-51.136803,-30.043722],[-51.136843,-30.043673],[-51.136894,-30.043629],[-51.137181,-30.042926],[-51.135832,-30.042605],[-51.135747,-30.042582],[-51.135767,-30.042478],[-51.135768,-30.0423],[-51.135299,-30.035309],[-51.135046,-30.032821],[-51.134841,-30.031987],[-51.1347,-30.031745],[-51.133126,-30.032188],[-51.13247,-30.032327],[-51.131279,-30.032402],[-51.130762,-30.032375],[-51.130149,-30.032197],[-51.128086,-30.031148],[-51.125412,-30.03042],[-51.122705,-30.029858],[-51.121957,-30.029897],[-51.120841,-30.030166],[-51.121987,-30.036369],[-51.122363,-30.038664],[-51.121097,-30.038606],[-51.119718,-30.038197],[-51.118668,-30.037987],[-51.118147,-30.03795],[-51.11566,-30.038097],[-51.113517,-30.038329],[-51.112515,-30.038351],[-51.112118,-30.038448],[-51.111739,-30.038637],[-51.108906,-30.040332],[-51.107957,-30.040748],[-51.107078,-30.040991],[-51.107606,-30.046864],[-51.107819,-30.050294],[-51.107958,-30.05029],[-51.108475,-30.050412],[-51.109201,-30.050454],[-51.109446,-30.050525],[-51.110454,-30.05054],[-51.110582,-30.050602],[-51.110661,-30.05075],[-51.110854,-30.050906],[-51.111064,-30.050989],[-51.111138,-30.051077],[-51.111631,-30.051081],[-51.111834,-30.051165],[-51.112222,-30.051246],[-51.112749,-30.051497],[-51.112979,-30.051662],[-51.11329,-30.051786],[-51.113463,-30.051932],[-51.113588,-30.051968],[-51.113668,-30.052192],[-51.113775,-30.052284],[-51.114042,-30.052353],[-51.114149,-30.052301],[-51.114502,-30.052265],[-51.114742,-30.052295],[-51.114922,-30.052401],[-51.115052,-30.05257],[-51.115341,-30.052661],[-51.115545,-30.05279],[-51.115875,-30.052869],[-51.116001,-30.052973],[-51.116321,-30.053049],[-51.116804,-30.053247],[-51.116972,-30.053531],[-51.116966,-30.053768],[-51.117218,-30.053994],[-51.117392,-30.054059],[-51.117979,-30.054107],[-51.118444,-30.054353],[-51.118618,-30.054545],[-51.119039,-30.054652],[-51.119443,-30.05484],[-51.11962,-30.054869],[-51.119666,-30.054897],[-51.119704,-30.054931],[-51.119821,-30.0552],[-51.120058,-30.055402],[-51.125931,-30.053463],[-51.13612,-30.053986]]]}},{"type":"Feature","properties":{"name":"Arquipélago","code":104},"geometry":{"type":"Polygon","coordinates":[[[-51.234226,-30.004843],[-51.234076,-30.004884],[-51.234046,-30.004934],[-51.233977,-30.004929],[-51.234016,-30.004963],[-51.23398,-30.004999],[-51.233898,-30.005018],[-51.233909,-30.005054],[-51.233917,-30.005106],[-51.233865,-30.005085],[-51.233838,-30.005109],[-51.233846,-30.005145],[-51.2336,-30.005417],[-51.23357,-30.005515],[-51.233548,-30.005642],[-51.233499,-30.005637],[-51.233474,-30.005668],[-51.233518,-30.00572],[-51.233524,-30.005792],[-51.233464,-30.005911],[-51.233423,-30.00616],[-51.233426,-30.006258],[-51.233517,-30.006279],[-51.233547,-30.006324],[-51.233643,-30.006345],[-51.233819,-30.006393],[-51.23395,-30.006357],[-51.234068,-30.006416],[-51.234027,-30.00649],[-51.234039,-30.006619],[-51.23408,-30.006633],[-51.234146,-30.006574],[-51.2342,-30.006531],[-51.234219,-30.006428],[-51.234233,-30.006318],[-51.234287,-30.006235],[-51.234279,-30.006115],[-51.23421,-30.006034],[-51.234204,-30.005946],[-51.234177,-30.00587],[-51.234204,-30.005869],[-51.234251,-30.005898],[-51.234273,-30.005872],[-51.234239,-30.005669],[-51.234297,-30.005621],[-51.234376,-30.005332],[-51.234318,-30.005261],[-51.234252,-30.005251],[-51.234317,-30.004941],[-51.234246,-30.004848],[-51.234226,-30.004843]]]}},{"type":"Feature","properties":{"name":"Arquipélago","code":104},"geometry":{"type":"Polygon","coordinates":[[[-51.291621,-30.056887],[-51.291512,-30.056917],[-51.291549,-30.057003],[-51.29158,-30.057026],[-51.291616,-30.05702],[-51.291651,-30.056913],[-51.291621,-30.056887]]]}},{"type":"Feature","properties":{"name":"Jardim Do Salso","code":182},"geometry":{"type":"Polygon","coordinates":[[[-51.166346,-30.047764],[-51.166383,-30.047909],[-51.164894,-30.047429],[-51.164865,-30.04749],[-51.164794,-30.047655],[-51.164359,-30.04874],[-51.165127,-30.048985],[-51.164693,-30.050179],[-51.164637,-30.050205],[-51.164775,-30.050237],[-51.16481,-30.05027],[-51.164872,-30.050394],[-51.165013,-30.050854],[-51.165017,-30.051116],[-51.164504,-30.052113],[-51.161547,-30.052077],[-51.159997,-30.052109],[-51.159566,-30.052117],[-51.159342,-30.055666],[-51.159353,-30.055758],[-51.159375,-30.055879],[-51.160693,-30.055794],[-51.169151,-30.055756],[-51.169106,-30.05483],[-51.169151,-30.054538],[-51.169351,-30.054038],[-51.171413,-30.051815],[-51.172592,-30.049827],[-51.172728,-30.049509],[-51.172798,-30.049155],[-51.17279,-30.048815],[-51.172422,-30.047336],[-51.172303,-30.046033],[-51.166056,-30.046475],[-51.166308,-30.047605],[-51.166346,-30.047764]]]}},{"type":"Feature","properties":{"name":"Jardim Carvalho","code":183},"geometry":{"type":"Polygon","coordinates":[[[-51.141673,-30.044021],[-51.141286,-30.044013],[-51.14092,-30.043945],[-51.138393,-30.043216],[-51.137181,-30.042926],[-51.136894,-30.043629],[-51.136843,-30.043673],[-51.136803,-30.043722],[-51.136157,-30.045006],[-51.13612,-30.045117],[-51.136101,-30.045233],[-51.136097,-30.045345],[-51.136101,-30.045449],[-51.136368,-30.045677],[-51.137047,-30.045855],[-51.137419,-30.046043],[-51.13838,-30.046763],[-51.139077,-30.047555],[-51.13929,-30.047943],[-51.139497,-30.048469],[-51.139571,-30.050289],[-51.13612,-30.053986],[-51.137474,-30.0637],[-51.137577,-30.064054],[-51.138439,-30.065368],[-51.139933,-30.065425],[-51.140131,-30.065558],[-51.140327,-30.065812],[-51.140456,-30.065909],[-51.141384,-30.066316],[-51.141526,-30.066627],[-51.14179,-30.066877],[-51.141887,-30.066924],[-51.142077,-30.066971],[-51.142226,-30.066983],[-51.142619,-30.066974],[-51.142715,-30.067007],[-51.142794,-30.067077],[-51.142917,-30.067344],[-51.142753,-30.067812],[-51.14269,-30.067822],[-51.142839,-30.068158],[-51.143432,-30.068094],[-51.145954,-30.067378],[-51.14714,-30.067117],[-51.147979,-30.066762],[-51.148762,-30.066286],[-51.149225,-30.06584],[-51.149531,-30.065381],[-51.149703,-30.065092],[-51.149823,-30.064846],[-51.150099,-30.064108],[-51.150301,-30.06387],[-51.150584,-30.063421],[-51.151621,-30.060365],[-51.151963,-30.059714],[-51.15254,-30.058998],[-51.153357,-30.058313],[-51.154197,-30.057867],[-51.157728,-30.056355],[-51.158545,-30.056086],[-51.15938,-30.055897],[-51.159342,-30.055666],[-51.15959,-30.051466],[-51.159481,-30.051123],[-51.159243,-30.050931],[-51.153797,-30.050788],[-51.153733,-30.051616],[-51.15349,-30.05147],[-51.153091,-30.051315],[-51.151768,-30.051273],[-51.15153,-30.051216],[-51.150866,-30.051179],[-51.149699,-30.051314],[-51.149546,-30.051276],[-51.149948,-30.050218],[-51.150098,-30.050283],[-51.15017,-30.048416],[-51.150081,-30.048182],[-51.15012,-30.048156],[-51.150134,-30.04813],[-51.15015,-30.048033],[-51.150465,-30.044501],[-51.150392,-30.043924],[-51.149948,-30.04169],[-51.149716,-30.041742],[-51.147669,-30.041912],[-51.147437,-30.041969],[-51.145997,-30.04252],[-51.144554,-30.043186],[-51.142435,-30.043865],[-51.141758,-30.044015],[-51.141673,-30.044021]]]}},{"type":"Feature","properties":{"name":"Bom Jesus","code":179},"geometry":{"type":"Polygon","coordinates":[[[-51.169311,-30.040966],[-51.163389,-30.040004],[-51.162935,-30.039947],[-51.162607,-30.039942],[-51.162442,-30.039947],[-51.161747,-30.040046],[-51.159431,-30.040731],[-51.158501,-30.040943],[-51.153056,-30.041644],[-51.152889,-30.041656],[-51.152766,-30.04166],[-51.151518,-30.041524],[-51.151099,-30.041515],[-51.149948,-30.04169],[-51.150392,-30.043924],[-51.150465,-30.044501],[-51.15015,-30.048033],[-51.150134,-30.04813],[-51.15012,-30.048156],[-51.150081,-30.048182],[-51.15017,-30.048416],[-51.150098,-30.050283],[-51.149948,-30.050218],[-51.149546,-30.051276],[-51.149667,-30.05131],[-51.150866,-30.051179],[-51.15153,-30.051216],[-51.151768,-30.051273],[-51.153091,-30.051315],[-51.15349,-30.05147],[-51.153733,-30.051616],[-51.153785,-30.050788],[-51.153797,-30.050788],[-51.159243,-30.050931],[-51.159481,-30.051123],[-51.159485,-30.05113],[-51.159567,-30.051316],[-51.159566,-30.052117],[-51.159997,-30.052109],[-51.161547,-30.052077],[-51.164504,-30.052113],[-51.164541,-30.052032],[-51.164849,-30.051402],[-51.165005,-30.051183],[-51.165013,-30.050854],[-51.164872,-30.050394],[-51.16481,-30.05027],[-51.164775,-30.050237],[-51.164637,-30.050205],[-51.164693,-30.050179],[-51.165127,-30.048985],[-51.164359,-30.04874],[-51.164894,-30.047429],[-51.166383,-30.047909],[-51.166056,-30.046475],[-51.172303,-30.046033],[-51.171707,-30.03972],[-51.171346,-30.039943],[-51.170701,-30.040579],[-51.17032,-30.040888],[-51.169878,-30.04102],[-51.169371,-30.040975],[-51.169311,-30.040966]]]}},{"type":"Feature","properties":{"name":"Ponta Grossa","code":150},"geometry":{"type":"Polygon","coordinates":[[[-51.183072,-30.169365],[-51.181926,-30.169423],[-51.181626,-30.169497],[-51.181476,-30.169519],[-51.180944,-30.169527],[-51.180747,-30.169572],[-51.180675,-30.169555],[-51.180639,-30.169521],[-51.1801,-30.170973],[-51.179872,-30.171347],[-51.179618,-30.171629],[-51.179345,-30.171918],[-51.176834,-30.174416],[-51.176492,-30.174849],[-51.17635,-30.175177],[-51.176275,-30.175545],[-51.17571,-30.181513],[-51.17525,-30.183042],[-51.174664,-30.18552],[-51.179203,-30.185229],[-51.179403,-30.184108],[-51.18216,-30.184555],[-51.182153,-30.184596],[-51.181945,-30.185762],[-51.189202,-30.190955],[-51.189332,-30.191015],[-51.189338,-30.191017],[-51.190707,-30.18992],[-51.190818,-30.189936],[-51.190979,-30.190415],[-51.191092,-30.190548],[-51.191673,-30.190894],[-51.192168,-30.19131],[-51.192226,-30.191317],[-51.192368,-30.19123],[-51.192518,-30.191256],[-51.192562,-30.191519],[-51.192648,-30.191626],[-51.193491,-30.192172],[-51.193791,-30.192425],[-51.193855,-30.192429],[-51.194652,-30.193015],[-51.194639,-30.193096],[-51.194584,-30.193124],[-51.194501,-30.19317],[-51.194354,-30.193295],[-51.194241,-30.193422],[-51.194222,-30.193472],[-51.194238,-30.193542],[-51.194272,-30.193617],[-51.194306,-30.193671],[-51.195189,-30.194106],[-51.195347,-30.194201],[-51.195503,-30.194306],[-51.196473,-30.194742],[-51.19654,-30.194796],[-51.196645,-30.194874],[-51.196711,-30.194965],[-51.19682,-30.195099],[-51.196932,-30.195152],[-51.197054,-30.195267],[-51.197096,-30.195384],[-51.197186,-30.195578],[-51.197439,-30.195459],[-51.197431,-30.195371],[-51.197318,-30.195352],[-51.197314,-30.195274],[-51.19736,-30.195204],[-51.197536,-30.195122],[-51.197587,-30.195153],[-51.197561,-30.195217],[-51.197626,-30.195238],[-51.197663,-30.195199],[-51.197767,-30.195202],[-51.197667,-30.195092],[-51.197776,-30.195135],[-51.197824,-30.195117],[-51.197792,-30.195051],[-51.197742,-30.195041],[-51.197777,-30.194894],[-51.197887,-30.194882],[-51.198103,-30.194723],[-51.198235,-30.194685],[-51.198242,-30.194638],[-51.198112,-30.194484],[-51.198167,-30.194391],[-51.198252,-30.194374],[-51.19842,-30.194459],[-51.198505,-30.194413],[-51.198551,-30.194319],[-51.198495,-30.194312],[-51.198473,-30.19424],[-51.198574,-30.194147],[-51.198507,-30.193969],[-51.198568,-30.193972],[-51.198567,-30.194034],[-51.198655,-30.194097],[-51.198722,-30.194078],[-51.198686,-30.193985],[-51.198767,-30.193924],[-51.19877,-30.19376],[-51.198818,-30.19376],[-51.198855,-30.193678],[-51.198948,-30.193725],[-51.198912,-30.193548],[-51.199078,-30.193482],[-51.199095,-30.193441],[-51.19904,-30.193406],[-51.199157,-30.193283],[-51.199219,-30.193282],[-51.199268,-30.193331],[-51.199311,-30.193274],[-51.199278,-30.193217],[-51.199361,-30.19311],[-51.199453,-30.193142],[-51.199455,-30.192991],[-51.199541,-30.193063],[-51.199643,-30.192969],[-51.19953,-30.192846],[-51.199538,-30.192783],[-51.199749,-30.192915],[-51.199921,-30.192898],[-51.200008,-30.192812],[-51.200356,-30.192649],[-51.200518,-30.192655],[-51.200619,-30.192474],[-51.201422,-30.192108],[-51.201956,-30.191796],[-51.202138,-30.191645],[-51.202139,-30.191535],[-51.202274,-30.191581],[-51.202443,-30.191562],[-51.20271,-30.191391],[-51.203065,-30.191355],[-51.2033,-30.191202],[-51.203382,-30.191242],[-51.203507,-30.191156],[-51.203537,-30.19102],[-51.203609,-30.190975],[-51.203782,-30.190966],[-51.203901,-30.191106],[-51.204226,-30.190998],[-51.204406,-30.191068],[-51.204465,-30.191007],[-51.204459,-30.190914],[-51.204605,-30.190917],[-51.204807,-30.190842],[-51.204891,-30.190864],[-51.204931,-30.190826],[-51.204929,-30.190958],[-51.205023,-30.191026],[-51.205087,-30.190961],[-51.205097,-30.190864],[-51.20533,-30.190836],[-51.20539,-30.190779],[-51.205379,-30.190717],[-51.205461,-30.190658],[-51.20622,-30.190456],[-51.206191,-30.190557],[-51.206355,-30.19058],[-51.206437,-30.190499],[-51.20645,-30.190396],[-51.206642,-30.190315],[-51.206977,-30.190327],[-51.20705,-30.190494],[-51.207225,-30.190592],[-51.207235,-30.190623],[-51.207159,-30.190614],[-51.207265,-30.190687],[-51.207383,-30.190502],[-51.20752,-30.1905],[-51.207568,-30.1905],[-51.207655,-30.190555],[-51.207692,-30.190489],[-51.207867,-30.190495],[-51.207989,-30.190381],[-51.208162,-30.190329],[-51.208277,-30.190342],[-51.208264,-30.190407],[-51.208271,-30.19042],[-51.208298,-30.19043],[-51.208416,-30.190381],[-51.208544,-30.19043],[-51.208615,-30.190328],[-51.20881,-30.190334],[-51.208836,-30.190231],[-51.208913,-30.190205],[-51.208979,-30.190212],[-51.209003,-30.190302],[-51.209058,-30.190335],[-51.209154,-30.190283],[-51.209579,-30.190378],[-51.209667,-30.190344],[-51.20968,-30.190229],[-51.209848,-30.190163],[-51.210107,-30.190168],[-51.210303,-30.190265],[-51.210344,-30.190207],[-51.210446,-30.19021],[-51.210624,-30.190346],[-51.21076,-30.190313],[-51.21092,-30.19034],[-51.211368,-30.190293],[-51.211459,-30.190151],[-51.211576,-30.190227],[-51.211788,-30.190269],[-51.212011,-30.190198],[-51.212486,-30.190197],[-51.212608,-30.190133],[-51.212704,-30.190151],[-51.212883,-30.190051],[-51.213147,-30.19012],[-51.213374,-30.190038],[-51.213542,-30.19006],[-51.213958,-30.189958],[-51.214075,-30.189968],[-51.214078,-30.189981],[-51.214077,-30.190005],[-51.214142,-30.190015],[-51.214143,-30.190073],[-51.214737,-30.190007],[-51.214972,-30.189966],[-51.215012,-30.189877],[-51.215027,-30.18996],[-51.215234,-30.18993],[-51.215242,-30.189823],[-51.21538,-30.189774],[-51.21575,-30.189737],[-51.215928,-30.189816],[-51.216068,-30.189688],[-51.216159,-30.189793],[-51.216234,-30.189737],[-51.216251,-30.189549],[-51.216342,-30.189511],[-51.216394,-30.189532],[-51.216395,-30.189494],[-51.216506,-30.189465],[-51.216568,-30.189541],[-51.21655,-30.18955],[-51.216534,-30.189559],[-51.216552,-30.189584],[-51.216613,-30.189605],[-51.216828,-30.189374],[-51.217092,-30.189641],[-51.217219,-30.189644],[-51.21722,-30.189605],[-51.217121,-30.18962],[-51.217052,-30.189577],[-51.216865,-30.189337],[-51.216877,-30.189281],[-51.216956,-30.189254],[-51.217017,-30.189296],[-51.216997,-30.18922],[-51.217121,-30.189108],[-51.217271,-30.189068],[-51.217336,-30.189081],[-51.217344,-30.189131],[-51.217362,-30.189089],[-51.217447,-30.189068],[-51.218272,-30.188943],[-51.218399,-30.188986],[-51.218553,-30.188903],[-51.218962,-30.188953],[-51.219089,-30.188827],[-51.219311,-30.188738],[-51.219743,-30.18862],[-51.220163,-30.188561],[-51.220404,-30.18846],[-51.220499,-30.188583],[-51.220462,-30.188466],[-51.220494,-30.188371],[-51.220914,-30.188191],[-51.220893,-30.188106],[-51.221336,-30.187986],[-51.221621,-30.187952],[-51.22179,-30.18799],[-51.221952,-30.187972],[-51.221985,-30.187937],[-51.222455,-30.187953],[-51.222473,-30.18789],[-51.222535,-30.187854],[-51.223031,-30.187766],[-51.223785,-30.187753],[-51.223894,-30.187765],[-51.223892,-30.187827],[-51.224028,-30.187858],[-51.224188,-30.187831],[-51.224188,-30.187793],[-51.224222,-30.187828],[-51.224397,-30.187834],[-51.224408,-30.187777],[-51.224564,-30.187799],[-51.224606,-30.187768],[-51.225218,-30.187726],[-51.226161,-30.187792],[-51.226654,-30.187781],[-51.227343,-30.18787],[-51.227434,-30.18792],[-51.227437,-30.187903],[-51.22744,-30.187884],[-51.227527,-30.187885],[-51.22791,-30.187975],[-51.228072,-30.187962],[-51.228136,-30.188016],[-51.22815,-30.187986],[-51.228289,-30.18798],[-51.228575,-30.188062],[-51.22919,-30.188047],[-51.229331,-30.188111],[-51.229403,-30.188326],[-51.229482,-30.18827],[-51.229526,-30.188284],[-51.229572,-30.188325],[-51.229561,-30.188366],[-51.229651,-30.188363],[-51.229704,-30.188443],[-51.229841,-30.188372],[-51.229907,-30.188514],[-51.229988,-30.188478],[-51.230046,-30.18853],[-51.230141,-30.188529],[-51.230145,-30.188655],[-51.23016,-30.188566],[-51.230244,-30.18854],[-51.230498,-30.188728],[-51.230754,-30.188779],[-51.230915,-30.188906],[-51.230943,-30.188838],[-51.231302,-30.188936],[-51.231632,-30.188945],[-51.231703,-30.188991],[-51.231922,-30.188968],[-51.232442,-30.189011],[-51.232844,-30.188942],[-51.232993,-30.188979],[-51.233098,-30.188954],[-51.233432,-30.189018],[-51.233594,-30.188995],[-51.233977,-30.189079],[-51.23421,-30.189075],[-51.23421,-30.189082],[-51.234211,-30.189118],[-51.234243,-30.189118],[-51.234243,-30.18908],[-51.234243,-30.189071],[-51.234704,-30.189156],[-51.235201,-30.189191],[-51.235372,-30.189272],[-51.235316,-30.189358],[-51.235401,-30.18926],[-51.235691,-30.189284],[-51.236025,-30.189342],[-51.236157,-30.189433],[-51.236453,-30.189493],[-51.236534,-30.189478],[-51.237006,-30.189587],[-51.237144,-30.189569],[-51.237262,-30.189697],[-51.237336,-30.189702],[-51.237344,-30.189659],[-51.237503,-30.189616],[-51.237598,-30.18967],[-51.237669,-30.189639],[-51.237837,-30.189705],[-51.237879,-30.189684],[-51.238081,-30.189736],[-51.238092,-30.189791],[-51.238402,-30.189855],[-51.238422,-30.189919],[-51.238474,-30.189897],[-51.238764,-30.18999],[-51.238859,-30.189961],[-51.238893,-30.190106],[-51.239074,-30.190093],[-51.239136,-30.190268],[-51.23959,-30.19034],[-51.239705,-30.190268],[-51.23978,-30.190118],[-51.24026,-30.190158],[-51.24029,-30.190069],[-51.24039,-30.190081],[-51.240546,-30.190006],[-51.240637,-30.189909],[-51.240758,-30.189882],[-51.240835,-30.189803],[-51.240877,-30.189826],[-51.240901,-30.189774],[-51.240981,-30.189753],[-51.241131,-30.189807],[-51.241115,-30.189769],[-51.241221,-30.189746],[-51.241285,-30.189659],[-51.241301,-30.189557],[-51.241409,-30.189621],[-51.241553,-30.189542],[-51.241663,-30.189396],[-51.241805,-30.189426],[-51.241842,-30.189529],[-51.241874,-30.18953],[-51.241876,-30.189442],[-51.241961,-30.189447],[-51.242112,-30.189554],[-51.242109,-30.189603],[-51.242209,-30.18954],[-51.242237,-30.189566],[-51.242549,-30.189315],[-51.242638,-30.189305],[-51.242734,-30.189199],[-51.242928,-30.189112],[-51.243006,-30.189021],[-51.242965,-30.188986],[-51.243186,-30.189096],[-51.243021,-30.188972],[-51.243064,-30.188841],[-51.243188,-30.188798],[-51.24329,-30.188932],[-51.243409,-30.188886],[-51.243444,-30.188736],[-51.243505,-30.188699],[-51.243468,-30.188613],[-51.24365,-30.18855],[-51.243937,-30.188546],[-51.244002,-30.188506],[-51.244057,-30.188551],[-51.244021,-30.188498],[-51.244041,-30.188466],[-51.244265,-30.188468],[-51.244836,-30.188169],[-51.244938,-30.188178],[-51.24513,-30.188278],[-51.244903,-30.1881],[-51.244936,-30.188042],[-51.245214,-30.187987],[-51.245271,-30.188009],[-51.245189,-30.188167],[-51.245212,-30.188184],[-51.245334,-30.188018],[-51.245319,-30.187989],[-51.246342,-30.187673],[-51.246617,-30.187434],[-51.246779,-30.187387],[-51.24704,-30.187131],[-51.247231,-30.187154],[-51.247359,-30.187122],[-51.247452,-30.187055],[-51.247432,-30.187027],[-51.247566,-30.186866],[-51.247644,-30.186812],[-51.247717,-30.186815],[-51.247818,-30.186674],[-51.248028,-30.186608],[-51.248317,-30.186658],[-51.24851,-30.186547],[-51.248639,-30.186366],[-51.248653,-30.186183],[-51.248751,-30.186061],[-51.248768,-30.185984],[-51.24872,-30.185778],[-51.248748,-30.185732],[-51.248545,-30.185472],[-51.248542,-30.185398],[-51.248469,-30.185389],[-51.248385,-30.185263],[-51.248253,-30.185182],[-51.248227,-30.185079],[-51.248276,-30.18506],[-51.248204,-30.185054],[-51.248204,-30.185084],[-51.248089,-30.185051],[-51.248029,-30.185095],[-51.247983,-30.185015],[-51.247905,-30.185012],[-51.247901,-30.184921],[-51.247839,-30.184938],[-51.247774,-30.184871],[-51.247676,-30.184864],[-51.247748,-30.184806],[-51.247726,-30.184765],[-51.247643,-30.18472],[-51.247575,-30.184768],[-51.247606,-30.184787],[-51.247509,-30.184815],[-51.247433,-30.184673],[-51.247381,-30.184657],[-51.247357,-30.184597],[-51.247315,-30.184613],[-51.247293,-30.184556],[-51.24725,-30.184582],[-51.247169,-30.184528],[-51.247006,-30.184578],[-51.246838,-30.184571],[-51.24642,-30.184365],[-51.246371,-30.184306],[-51.246406,-30.184189],[-51.246354,-30.184184],[-51.246386,-30.184116],[-51.24634,-30.183955],[-51.246171,-30.183881],[-51.246135,-30.183688],[-51.246067,-30.18359],[-51.245961,-30.183669],[-51.245906,-30.183609],[-51.245876,-30.183646],[-51.245758,-30.183636],[-51.245704,-30.183372],[-51.245671,-30.183352],[-51.245596,-30.18339],[-51.245542,-30.183223],[-51.245465,-30.1832],[-51.245405,-30.183124],[-51.245327,-30.183129],[-51.245304,-30.183008],[-51.245264,-30.182995],[-51.245292,-30.182973],[-51.245244,-30.182933],[-51.24508,-30.18294],[-51.244995,-30.183019],[-51.244871,-30.18303],[-51.244748,-30.182935],[-51.244745,-30.182803],[-51.244692,-30.182791],[-51.244692,-30.182858],[-51.244687,-30.182862],[-51.244661,-30.182862],[-51.244615,-30.182845],[-51.244594,-30.182775],[-51.244443,-30.182784],[-51.244378,-30.182723],[-51.244392,-30.18265],[-51.244323,-30.182567],[-51.24421,-30.182517],[-51.244066,-30.182515],[-51.244001,-30.182418],[-51.243948,-30.182411],[-51.243929,-30.182172],[-51.243857,-30.182106],[-51.243765,-30.182148],[-51.243691,-30.182078],[-51.243494,-30.182136],[-51.243234,-30.182058],[-51.243135,-30.182087],[-51.243127,-30.182127],[-51.243074,-30.182078],[-51.243046,-30.182109],[-51.242682,-30.182081],[-51.242595,-30.182122],[-51.24252,-30.182039],[-51.242486,-30.18207],[-51.242372,-30.182031],[-51.242383,-30.181989],[-51.242306,-30.181982],[-51.242194,-30.181885],[-51.241987,-30.18193],[-51.241956,-30.181766],[-51.241889,-30.181691],[-51.241612,-30.181751],[-51.241601,-30.181708],[-51.241507,-30.181696],[-51.241461,-30.181721],[-51.241475,-30.181875],[-51.241405,-30.181974],[-51.241312,-30.181979],[-51.24126,-30.181901],[-51.241147,-30.181961],[-51.241093,-30.182044],[-51.241011,-30.182028],[-51.241037,-30.181903],[-51.240933,-30.181961],[-51.240881,-30.181881],[-51.240658,-30.181894],[-51.240621,-30.181951],[-51.240416,-30.181966],[-51.240186,-30.182158],[-51.239997,-30.182208],[-51.239946,-30.182287],[-51.239849,-30.182313],[-51.239611,-30.182678],[-51.23934,-30.182648],[-51.239287,-30.182787],[-51.2391,-30.182766],[-51.238759,-30.182986],[-51.238588,-30.182992],[-51.238565,-30.183038],[-51.238313,-30.183089],[-51.238248,-30.183159],[-51.23788,-30.183196],[-51.237744,-30.183328],[-51.237554,-30.183301],[-51.237285,-30.183408],[-51.23709,-30.183333],[-51.236651,-30.183389],[-51.236602,-30.183433],[-51.236401,-30.183412],[-51.236278,-30.183378],[-51.236011,-30.183205],[-51.235734,-30.183173],[-51.235704,-30.183123],[-51.235567,-30.183179],[-51.235482,-30.183101],[-51.235388,-30.183099],[-51.235034,-30.182918],[-51.234772,-30.183015],[-51.234597,-30.183],[-51.234427,-30.18293],[-51.234383,-30.182931],[-51.234363,-30.18299],[-51.234298,-30.182898],[-51.234232,-30.182882],[-51.234139,-30.18291],[-51.234187,-30.182959],[-51.234122,-30.182904],[-51.234055,-30.182907],[-51.234077,-30.182981],[-51.234026,-30.183005],[-51.233868,-30.182954],[-51.233845,-30.182871],[-51.233694,-30.18287],[-51.233738,-30.182827],[-51.233466,-30.182745],[-51.233396,-30.182822],[-51.233456,-30.182909],[-51.233391,-30.182921],[-51.233381,-30.182855],[-51.233339,-30.182851],[-51.233322,-30.182856],[-51.233312,-30.182865],[-51.233336,-30.182932],[-51.23327,-30.182948],[-51.233143,-30.182919],[-51.233084,-30.182882],[-51.2331,-30.18285],[-51.232775,-30.182714],[-51.232741,-30.182758],[-51.232303,-30.182329],[-51.232226,-30.182156],[-51.232135,-30.182102],[-51.232075,-30.181971],[-51.231986,-30.181928],[-51.231415,-30.18128],[-51.231374,-30.181218],[-51.231406,-30.181118],[-51.231358,-30.181109],[-51.231433,-30.181055],[-51.231346,-30.181041],[-51.231289,-30.181093],[-51.231151,-30.181039],[-51.231215,-30.180885],[-51.231146,-30.18081],[-51.231163,-30.180686],[-51.230947,-30.18069],[-51.230811,-30.180562],[-51.230748,-30.180585],[-51.230663,-30.180525],[-51.230626,-30.180467],[-51.230709,-30.180364],[-51.23071,-30.180295],[-51.230618,-30.180284],[-51.230411,-30.180066],[-51.230225,-30.179978],[-51.230199,-30.179918],[-51.230242,-30.179878],[-51.230191,-30.179782],[-51.230229,-30.179737],[-51.230108,-30.179632],[-51.230207,-30.179593],[-51.230208,-30.179555],[-51.230025,-30.179581],[-51.229881,-30.179393],[-51.229926,-30.179344],[-51.229902,-30.179238],[-51.229778,-30.179242],[-51.229752,-30.179162],[-51.229565,-30.179081],[-51.229554,-30.179029],[-51.229443,-30.17903],[-51.229425,-30.178975],[-51.229522,-30.178881],[-51.229307,-30.178607],[-51.229137,-30.178574],[-51.229236,-30.178352],[-51.228979,-30.178242],[-51.229001,-30.178135],[-51.2289,-30.177976],[-51.228712,-30.17798],[-51.228581,-30.177801],[-51.228191,-30.177809],[-51.228032,-30.177768],[-51.227932,-30.177692],[-51.227774,-30.177534],[-51.227714,-30.177383],[-51.227744,-30.177334],[-51.227882,-30.177304],[-51.227949,-30.177235],[-51.227956,-30.177213],[-51.227957,-30.177194],[-51.227886,-30.177151],[-51.227867,-30.177091],[-51.227705,-30.177089],[-51.227671,-30.177131],[-51.227589,-30.177138],[-51.227446,-30.177103],[-51.227417,-30.177038],[-51.227326,-30.177039],[-51.227069,-30.177118],[-51.227106,-30.177002],[-51.227085,-30.176942],[-51.227062,-30.176933],[-51.227038,-30.176941],[-51.226992,-30.176998],[-51.226939,-30.176933],[-51.226917,-30.176941],[-51.226896,-30.176947],[-51.226842,-30.176903],[-51.226606,-30.176931],[-51.226495,-30.176614],[-51.226623,-30.176486],[-51.226483,-30.17641],[-51.226361,-30.17627],[-51.22613,-30.175733],[-51.226022,-30.17563],[-51.225903,-30.175544],[-51.225208,-30.175148],[-51.225007,-30.174857],[-51.224912,-30.174791],[-51.224811,-30.174733],[-51.224235,-30.174603],[-51.223336,-30.174656],[-51.223187,-30.174626],[-51.223112,-30.174587],[-51.222981,-30.1745],[-51.222779,-30.17419],[-51.222662,-30.174083],[-51.222541,-30.174031],[-51.222419,-30.174006],[-51.222264,-30.174005],[-51.222141,-30.174018],[-51.221873,-30.174136],[-51.221688,-30.174166],[-51.221525,-30.17416],[-51.221359,-30.17411],[-51.220977,-30.173753],[-51.220918,-30.173642],[-51.220831,-30.173578],[-51.220725,-30.173516],[-51.220024,-30.17336],[-51.219987,-30.173312],[-51.219943,-30.173221],[-51.219884,-30.172997],[-51.219563,-30.172852],[-51.219149,-30.172792],[-51.218686,-30.17289],[-51.218519,-30.172893],[-51.218417,-30.172889],[-51.218326,-30.172873],[-51.218206,-30.172843],[-51.217928,-30.172872],[-51.217738,-30.172951],[-51.217478,-30.173071],[-51.217338,-30.173207],[-51.217158,-30.173413],[-51.215938,-30.17401],[-51.215347,-30.174367],[-51.214123,-30.174921],[-51.213537,-30.17509],[-51.209694,-30.175684],[-51.208875,-30.175867],[-51.208281,-30.175898],[-51.207086,-30.176064],[-51.206723,-30.176017],[-51.20645,-30.175943],[-51.206335,-30.175912],[-51.206167,-30.175817],[-51.20594,-30.175664],[-51.205694,-30.175438],[-51.205487,-30.17523],[-51.204841,-30.173999],[-51.204396,-30.173356],[-51.202652,-30.171593],[-51.201928,-30.171288],[-51.201801,-30.171254],[-51.201343,-30.171251],[-51.201091,-30.171277],[-51.20093,-30.171293],[-51.198635,-30.171657],[-51.198322,-30.171673],[-51.194157,-30.172292],[-51.19382,-30.172299],[-51.193013,-30.17244],[-51.192185,-30.172418],[-51.191263,-30.172255],[-51.190277,-30.171938],[-51.188835,-30.171374],[-51.188682,-30.171355],[-51.188622,-30.171333],[-51.187246,-30.170795],[-51.186934,-30.170635],[-51.184639,-30.169818],[-51.18402,-30.169528],[-51.183188,-30.169383],[-51.183072,-30.169365]]]}},{"type":"Feature","properties":{"name":"Chapéu Do Sol","code":197},"geometry":{"type":"Polygon","coordinates":[[[-51.145336,-30.176095],[-51.144686,-30.176629],[-51.143674,-30.177564],[-51.143317,-30.177945],[-51.142946,-30.178447],[-51.14192,-30.180288],[-51.141835,-30.180647],[-51.141764,-30.181485],[-51.141443,-30.182331],[-51.141018,-30.182987],[-51.140854,-30.183171],[-51.140786,-30.183216],[-51.140634,-30.183263],[-51.140763,-30.183324],[-51.140916,-30.183363],[-51.141102,-30.183386],[-51.141675,-30.183376],[-51.141815,-30.183387],[-51.141937,-30.183413],[-51.143171,-30.183858],[-51.145334,-30.183847],[-51.145891,-30.183899],[-51.146053,-30.183933],[-51.146192,-30.183971],[-51.147514,-30.184496],[-51.149581,-30.185888],[-51.150413,-30.18634],[-51.151003,-30.18655],[-51.152125,-30.186682],[-51.154578,-30.186565],[-51.15668,-30.186713],[-51.157396,-30.186827],[-51.157672,-30.186981],[-51.158,-30.187345],[-51.159317,-30.189236],[-51.160761,-30.188043],[-51.16097,-30.187785],[-51.161201,-30.187353],[-51.161787,-30.187346],[-51.167667,-30.182792],[-51.170224,-30.185631],[-51.175042,-30.183332],[-51.175175,-30.183357],[-51.175726,-30.181409],[-51.176257,-30.175709],[-51.176373,-30.175106],[-51.176492,-30.174849],[-51.176725,-30.17453],[-51.179345,-30.171918],[-51.179618,-30.171629],[-51.179872,-30.171347],[-51.1801,-30.170973],[-51.180639,-30.169521],[-51.18018,-30.169443],[-51.17966,-30.169269],[-51.179498,-30.169301],[-51.179217,-30.169202],[-51.179084,-30.169242],[-51.178338,-30.169051],[-51.177977,-30.169031],[-51.17763,-30.168913],[-51.177298,-30.168985],[-51.177064,-30.169103],[-51.176895,-30.169116],[-51.176468,-30.169262],[-51.176068,-30.169467],[-51.175753,-30.169527],[-51.174964,-30.169886],[-51.17406,-30.170137],[-51.17374,-30.170264],[-51.173558,-30.1704],[-51.173074,-30.170498],[-51.172825,-30.170642],[-51.172262,-30.170831],[-51.171857,-30.171033],[-51.17175,-30.171159],[-51.171457,-30.171366],[-51.170972,-30.171891],[-51.170522,-30.172101],[-51.17022,-30.172196],[-51.169671,-30.172204],[-51.169529,-30.172174],[-51.168377,-30.171746],[-51.168068,-30.17159],[-51.167694,-30.171239],[-51.167416,-30.170814],[-51.167258,-30.17037],[-51.167263,-30.170097],[-51.167171,-30.169702],[-51.167069,-30.168784],[-51.166905,-30.167979],[-51.166798,-30.167695],[-51.16685,-30.167316],[-51.166826,-30.167178],[-51.166769,-30.166935],[-51.166592,-30.166735],[-51.166559,-30.166591],[-51.166581,-30.16652],[-51.166461,-30.166353],[-51.16601,-30.166106],[-51.165651,-30.16602],[-51.165139,-30.165806],[-51.16408,-30.165529],[-51.162964,-30.165145],[-51.162168,-30.164915],[-51.161795,-30.164847],[-51.161509,-30.164764],[-51.161343,-30.164673],[-51.160887,-30.164568],[-51.160575,-30.164413],[-51.160459,-30.16442],[-51.159853,-30.164236],[-51.159099,-30.16365],[-51.158599,-30.163121],[-51.1585,-30.162958],[-51.158477,-30.162742],[-51.158327,-30.162206],[-51.158223,-30.162024],[-51.156824,-30.162655],[-51.156322,-30.162965],[-51.155896,-30.16334],[-51.155632,-30.163704],[-51.155494,-30.164083],[-51.155251,-30.165472],[-51.155231,-30.165842],[-51.153964,-30.167905],[-51.149507,-30.171668],[-51.145908,-30.175571],[-51.145432,-30.176015],[-51.145336,-30.176095]]]}},{"type":"Feature","properties":{"name":"Serraria","code":166},"geometry":{"type":"Polygon","coordinates":[[[-51.227321,-30.158878],[-51.227337,-30.158924],[-51.227235,-30.158955],[-51.225847,-30.159193],[-51.224815,-30.15931],[-51.222592,-30.159566],[-51.222545,-30.159683],[-51.222561,-30.160077],[-51.222487,-30.160361],[-51.222186,-30.160673],[-51.221828,-30.160903],[-51.221464,-30.161044],[-51.220564,-30.161111],[-51.220327,-30.161653],[-51.220116,-30.161945],[-51.219871,-30.162194],[-51.21837,-30.163094],[-51.212736,-30.16352],[-51.206507,-30.163929],[-51.208131,-30.168286],[-51.201385,-30.167409],[-51.201423,-30.167507],[-51.202234,-30.171417],[-51.202708,-30.171641],[-51.204396,-30.173356],[-51.204841,-30.173999],[-51.205487,-30.17523],[-51.20594,-30.175664],[-51.206167,-30.175817],[-51.206335,-30.175912],[-51.20645,-30.175943],[-51.206723,-30.176017],[-51.207086,-30.176064],[-51.207233,-30.176062],[-51.207382,-30.176047],[-51.207588,-30.175981],[-51.207772,-30.175957],[-51.208875,-30.175867],[-51.209694,-30.175684],[-51.213537,-30.17509],[-51.214123,-30.174921],[-51.215347,-30.174367],[-51.215938,-30.17401],[-51.217158,-30.173413],[-51.217338,-30.173207],[-51.217478,-30.173071],[-51.217738,-30.172951],[-51.217928,-30.172872],[-51.218206,-30.172843],[-51.218326,-30.172873],[-51.218417,-30.172889],[-51.218519,-30.172893],[-51.218686,-30.17289],[-51.219149,-30.172792],[-51.219563,-30.172852],[-51.219694,-30.172897],[-51.219808,-30.172949],[-51.219884,-30.172997],[-51.219943,-30.173221],[-51.219987,-30.173312],[-51.220024,-30.17336],[-51.220725,-30.173516],[-51.220831,-30.173578],[-51.220918,-30.173642],[-51.220977,-30.173753],[-51.221359,-30.17411],[-51.221525,-30.17416],[-51.221688,-30.174166],[-51.221873,-30.174136],[-51.222141,-30.174018],[-51.222264,-30.174005],[-51.222419,-30.174006],[-51.222541,-30.174031],[-51.222662,-30.174083],[-51.222779,-30.17419],[-51.222981,-30.1745],[-51.223112,-30.174587],[-51.223187,-30.174626],[-51.223336,-30.174656],[-51.224235,-30.174603],[-51.224811,-30.174733],[-51.224912,-30.174791],[-51.225007,-30.174857],[-51.225208,-30.175148],[-51.225903,-30.175544],[-51.226022,-30.17563],[-51.22613,-30.175733],[-51.226361,-30.17627],[-51.226483,-30.17641],[-51.226623,-30.176486],[-51.226814,-30.176381],[-51.227106,-30.176446],[-51.227101,-30.176376],[-51.226983,-30.176344],[-51.226834,-30.176185],[-51.227072,-30.176106],[-51.227186,-30.175995],[-51.22731,-30.17598],[-51.227379,-30.175915],[-51.227267,-30.175764],[-51.227303,-30.175622],[-51.227102,-30.175566],[-51.227078,-30.175484],[-51.227125,-30.175346],[-51.227255,-30.175292],[-51.227298,-30.175187],[-51.227459,-30.17509],[-51.227415,-30.175046],[-51.22731,-30.175069],[-51.227355,-30.174994],[-51.227341,-30.174913],[-51.227293,-30.174877],[-51.227154,-30.17492],[-51.227101,-30.174864],[-51.227103,-30.174737],[-51.226994,-30.174734],[-51.226904,-30.174641],[-51.22694,-30.174519],[-51.226889,-30.174471],[-51.226877,-30.17437],[-51.226952,-30.174262],[-51.226958,-30.174167],[-51.227064,-30.174238],[-51.227096,-30.174118],[-51.226992,-30.174004],[-51.226973,-30.173892],[-51.226881,-30.173862],[-51.226897,-30.173707],[-51.226954,-30.173645],[-51.226926,-30.173598],[-51.226985,-30.173539],[-51.226852,-30.17353],[-51.226742,-30.173459],[-51.226734,-30.173395],[-51.226665,-30.173344],[-51.226848,-30.173297],[-51.226784,-30.173138],[-51.226802,-30.173081],[-51.226607,-30.173093],[-51.226577,-30.172928],[-51.226533,-30.172844],[-51.226484,-30.172831],[-51.226539,-30.172744],[-51.226619,-30.172729],[-51.226614,-30.172663],[-51.226756,-30.172527],[-51.22668,-30.172488],[-51.226638,-30.172387],[-51.226663,-30.172271],[-51.226552,-30.172245],[-51.226363,-30.172021],[-51.226375,-30.171953],[-51.226482,-30.171861],[-51.226518,-30.171777],[-51.226457,-30.171672],[-51.226508,-30.171532],[-51.226375,-30.171497],[-51.226293,-30.171526],[-51.226233,-30.171465],[-51.226272,-30.171393],[-51.226207,-30.171274],[-51.226284,-30.171214],[-51.226302,-30.171129],[-51.226189,-30.171091],[-51.226194,-30.170953],[-51.226254,-30.170944],[-51.226278,-30.171023],[-51.226303,-30.171033],[-51.226317,-30.171033],[-51.226303,-30.170926],[-51.22643,-30.17088],[-51.226362,-30.17073],[-51.226378,-30.170624],[-51.226308,-30.170601],[-51.226424,-30.170554],[-51.226305,-30.17047],[-51.226251,-30.170313],[-51.22605,-30.170265],[-51.226106,-30.170218],[-51.226297,-30.170267],[-51.226307,-30.170216],[-51.226249,-30.170158],[-51.226329,-30.170143],[-51.226357,-30.170099],[-51.226238,-30.17003],[-51.226399,-30.170005],[-51.22632,-30.169949],[-51.226358,-30.169892],[-51.226322,-30.169865],[-51.22626,-30.169923],[-51.226006,-30.170015],[-51.225949,-30.169869],[-51.226056,-30.169465],[-51.226105,-30.169433],[-51.226364,-30.169437],[-51.226374,-30.169386],[-51.226298,-30.169332],[-51.226333,-30.169252],[-51.226431,-30.169204],[-51.226346,-30.169139],[-51.226419,-30.16911],[-51.226425,-30.169059],[-51.226312,-30.169015],[-51.22622,-30.169041],[-51.226249,-30.168996],[-51.226431,-30.168958],[-51.22648,-30.168878],[-51.226303,-30.1687],[-51.226348,-30.168616],[-51.226255,-30.168506],[-51.226293,-30.168463],[-51.226408,-30.168472],[-51.226445,-30.168332],[-51.226523,-30.168331],[-51.226519,-30.168223],[-51.226608,-30.16817],[-51.226666,-30.168053],[-51.22684,-30.167986],[-51.226995,-30.167856],[-51.227064,-30.167858],[-51.227088,-30.167909],[-51.227189,-30.167907],[-51.227205,-30.167945],[-51.227301,-30.167945],[-51.227374,-30.168031],[-51.227461,-30.168022],[-51.2275,-30.167921],[-51.227366,-30.167873],[-51.227287,-30.167758],[-51.227305,-30.167675],[-51.227376,-30.167657],[-51.227559,-30.167709],[-51.227644,-30.167582],[-51.227714,-30.167671],[-51.227774,-30.167643],[-51.227792,-30.167585],[-51.227924,-30.167643],[-51.227993,-30.167601],[-51.22801,-30.167542],[-51.228205,-30.167569],[-51.228361,-30.167493],[-51.228528,-30.16749],[-51.228528,-30.167421],[-51.22866,-30.16736],[-51.228691,-30.167304],[-51.228863,-30.167245],[-51.228872,-30.167271],[-51.228951,-30.167193],[-51.228992,-30.167223],[-51.2291,-30.167086],[-51.229317,-30.167103],[-51.229324,-30.167067],[-51.229417,-30.167053],[-51.229463,-30.16694],[-51.229487,-30.166977],[-51.229521,-30.166961],[-51.229562,-30.166877],[-51.22985,-30.166788],[-51.230053,-30.166819],[-51.230134,-30.166657],[-51.230305,-30.166541],[-51.230597,-30.166536],[-51.230578,-30.166476],[-51.230639,-30.166489],[-51.230634,-30.166439],[-51.230688,-30.166465],[-51.230647,-30.166401],[-51.23072,-30.166294],[-51.23112,-30.166083],[-51.231316,-30.166034],[-51.23137,-30.165958],[-51.231412,-30.165979],[-51.231408,-30.16593],[-51.231446,-30.16599],[-51.231437,-30.165917],[-51.231491,-30.165932],[-51.231487,-30.165881],[-51.232153,-30.165556],[-51.232323,-30.16511],[-51.232318,-30.164952],[-51.232458,-30.164931],[-51.232444,-30.164988],[-51.232502,-30.165049],[-51.232576,-30.165039],[-51.232553,-30.165005],[-51.232594,-30.164991],[-51.232626,-30.165031],[-51.232678,-30.165022],[-51.232691,-30.164946],[-51.232719,-30.164967],[-51.232779,-30.164914],[-51.232775,-30.164775],[-51.232819,-30.164787],[-51.232807,-30.164689],[-51.232863,-30.164653],[-51.232835,-30.164591],[-51.232962,-30.16448],[-51.233111,-30.164494],[-51.233091,-30.164447],[-51.233166,-30.1644],[-51.233086,-30.164293],[-51.233161,-30.164201],[-51.233201,-30.164054],[-51.233154,-30.164036],[-51.233135,-30.163962],[-51.233358,-30.163713],[-51.233204,-30.163502],[-51.233115,-30.163507],[-51.233157,-30.163379],[-51.233126,-30.163358],[-51.233134,-30.163136],[-51.232944,-30.162984],[-51.232871,-30.162978],[-51.232715,-30.162771],[-51.232715,-30.162657],[-51.232772,-30.16257],[-51.232726,-30.162496],[-51.232793,-30.162466],[-51.232732,-30.162348],[-51.232658,-30.162327],[-51.232623,-30.162377],[-51.23253,-30.162362],[-51.232526,-30.162328],[-51.232589,-30.162309],[-51.232507,-30.16221],[-51.232349,-30.16222],[-51.232332,-30.162291],[-51.232249,-30.16227],[-51.232221,-30.162331],[-51.232278,-30.16236],[-51.232166,-30.162417],[-51.23207,-30.162272],[-51.232037,-30.162289],[-51.232089,-30.162386],[-51.232123,-30.162447],[-51.231942,-30.162556],[-51.231949,-30.162795],[-51.231905,-30.162877],[-51.231796,-30.162916],[-51.231644,-30.162845],[-51.231601,-30.162864],[-51.231541,-30.162811],[-51.231498,-30.162901],[-51.231353,-30.16295],[-51.231053,-30.162967],[-51.230684,-30.162774],[-51.230627,-30.162715],[-51.230674,-30.162648],[-51.230604,-30.162634],[-51.230329,-30.162804],[-51.230093,-30.16273],[-51.230092,-30.16258],[-51.229863,-30.162733],[-51.229763,-30.162672],[-51.229679,-30.162683],[-51.22979,-30.162576],[-51.229763,-30.162554],[-51.22959,-30.16263],[-51.229566,-30.162678],[-51.229504,-30.162669],[-51.229422,-30.16258],[-51.229404,-30.162473],[-51.229342,-30.162481],[-51.229286,-30.16243],[-51.228904,-30.161993],[-51.228927,-30.161926],[-51.22906,-30.161898],[-51.229071,-30.161851],[-51.229005,-30.161808],[-51.229082,-30.161751],[-51.229042,-30.161652],[-51.228995,-30.161647],[-51.228946,-30.16171],[-51.228906,-30.161655],[-51.228614,-30.16169],[-51.228498,-30.16163],[-51.228381,-30.161441],[-51.228188,-30.161272],[-51.228073,-30.160983],[-51.227947,-30.160971],[-51.227931,-30.160897],[-51.227851,-30.160861],[-51.227948,-30.160745],[-51.227915,-30.160706],[-51.227988,-30.16037],[-51.227951,-30.160302],[-51.227997,-30.160291],[-51.228071,-30.160377],[-51.22813,-30.160365],[-51.228135,-30.160342],[-51.228135,-30.160325],[-51.228002,-30.160195],[-51.227828,-30.16018],[-51.227809,-30.160164],[-51.227798,-30.160144],[-51.227821,-30.160037],[-51.227937,-30.160066],[-51.228036,-30.160039],[-51.227997,-30.159981],[-51.227783,-30.159888],[-51.227598,-30.159903],[-51.227613,-30.159835],[-51.227532,-30.159699],[-51.227574,-30.159691],[-51.227633,-30.159758],[-51.227745,-30.15972],[-51.22767,-30.159668],[-51.227722,-30.159522],[-51.227705,-30.159318],[-51.227617,-30.159171],[-51.227672,-30.159121],[-51.227615,-30.159104],[-51.227488,-30.159211],[-51.2274,-30.159192],[-51.227376,-30.159089],[-51.227273,-30.159077],[-51.227466,-30.158883],[-51.227332,-30.158866],[-51.227321,-30.158878]]]}},{"type":"Feature","properties":{"name":"Guarujá","code":126},"geometry":{"type":"Polygon","coordinates":[[[-51.210713,-30.155029],[-51.208109,-30.156889],[-51.206507,-30.163929],[-51.212736,-30.16352],[-51.21837,-30.163094],[-51.219871,-30.162194],[-51.220116,-30.161945],[-51.220327,-30.161653],[-51.220564,-30.161111],[-51.221464,-30.161044],[-51.221828,-30.160903],[-51.222186,-30.160673],[-51.222487,-30.160361],[-51.222561,-30.160077],[-51.222545,-30.159683],[-51.222592,-30.159566],[-51.224815,-30.15931],[-51.225847,-30.159193],[-51.227145,-30.158946],[-51.227211,-30.158852],[-51.227189,-30.158786],[-51.226945,-30.158811],[-51.226888,-30.158771],[-51.226919,-30.158575],[-51.227007,-30.158619],[-51.22726,-30.158539],[-51.227174,-30.158445],[-51.227069,-30.158431],[-51.227123,-30.158366],[-51.226928,-30.158356],[-51.227002,-30.158289],[-51.226937,-30.15821],[-51.227116,-30.158254],[-51.227134,-30.15812],[-51.227182,-30.158062],[-51.226936,-30.15806],[-51.226925,-30.157894],[-51.227015,-30.157815],[-51.226877,-30.157813],[-51.226753,-30.157746],[-51.226737,-30.157514],[-51.226658,-30.157408],[-51.226719,-30.157332],[-51.226722,-30.157247],[-51.226575,-30.157197],[-51.226547,-30.157145],[-51.226696,-30.157119],[-51.2267,-30.157055],[-51.226791,-30.156979],[-51.226728,-30.156884],[-51.226647,-30.156878],[-51.226637,-30.1568],[-51.226695,-30.156781],[-51.226685,-30.156744],[-51.226539,-30.156724],[-51.226369,-30.156478],[-51.226293,-30.156438],[-51.226332,-30.156348],[-51.226277,-30.156177],[-51.2263,-30.156083],[-51.226225,-30.155988],[-51.226285,-30.155947],[-51.22602,-30.155629],[-51.226152,-30.155549],[-51.226064,-30.155527],[-51.226062,-30.155453],[-51.226128,-30.15536],[-51.226067,-30.155228],[-51.225989,-30.155196],[-51.226014,-30.154979],[-51.225971,-30.154869],[-51.225827,-30.154821],[-51.225794,-30.154533],[-51.225722,-30.154493],[-51.22556,-30.154506],[-51.225557,-30.15447],[-51.225727,-30.154445],[-51.225722,-30.154376],[-51.225511,-30.154074],[-51.225492,-30.153891],[-51.22556,-30.153811],[-51.22551,-30.153696],[-51.225549,-30.153644],[-51.225471,-30.153566],[-51.225547,-30.153501],[-51.225323,-30.153446],[-51.225266,-30.153349],[-51.225191,-30.152957],[-51.225191,-30.152865],[-51.225247,-30.15279],[-51.225126,-30.152705],[-51.225113,-30.152483],[-51.225191,-30.152381],[-51.223981,-30.152735],[-51.222915,-30.152979],[-51.222822,-30.152981],[-51.222504,-30.152924],[-51.220742,-30.152196],[-51.220438,-30.152163],[-51.219388,-30.152408],[-51.219822,-30.153017],[-51.219778,-30.153044],[-51.219676,-30.153083],[-51.212449,-30.154684],[-51.212421,-30.154689],[-51.210868,-30.154998],[-51.210713,-30.155029]]]}},{"type":"Feature","properties":{"name":"Aberta Dos Morros","code":199},"geometry":{"type":"Polygon","coordinates":[[[-51.198469,-30.17167],[-51.199898,-30.171432],[-51.201343,-30.171251],[-51.201801,-30.171254],[-51.202234,-30.171417],[-51.201423,-30.167507],[-51.201385,-30.167409],[-51.208131,-30.168286],[-51.206507,-30.163929],[-51.208109,-30.156889],[-51.210713,-30.155029],[-51.210595,-30.15479],[-51.20999,-30.150727],[-51.208782,-30.150833],[-51.208651,-30.150832],[-51.208541,-30.150815],[-51.208436,-30.150785],[-51.208322,-30.150737],[-51.206597,-30.149319],[-51.20441,-30.147748],[-51.20447,-30.147636],[-51.204443,-30.147521],[-51.204207,-30.147238],[-51.203975,-30.147294],[-51.197112,-30.146303],[-51.191438,-30.145534],[-51.190327,-30.15635],[-51.19076,-30.158403],[-51.191189,-30.158576],[-51.198421,-30.171588],[-51.198469,-30.17167]]]}},{"type":"Feature","properties":{"name":"Espírito Santo","code":122},"geometry":{"type":"Polygon","coordinates":[[[-51.225477,-30.147201],[-51.225434,-30.147104],[-51.220441,-30.143587],[-51.219422,-30.143028],[-51.21897,-30.142921],[-51.218696,-30.142771],[-51.218111,-30.142306],[-51.216181,-30.14356],[-51.215786,-30.143625],[-51.215426,-30.143875],[-51.215011,-30.144089],[-51.212622,-30.145561],[-51.210069,-30.146693],[-51.209696,-30.14674],[-51.20952,-30.146792],[-51.209426,-30.146977],[-51.207885,-30.147426],[-51.207565,-30.147475],[-51.207091,-30.147507],[-51.205069,-30.147614],[-51.204925,-30.14763],[-51.204738,-30.147719],[-51.204616,-30.147782],[-51.204534,-30.147778],[-51.20441,-30.147748],[-51.206597,-30.149319],[-51.208322,-30.150737],[-51.208436,-30.150785],[-51.208541,-30.150815],[-51.208651,-30.150832],[-51.208782,-30.150833],[-51.20999,-30.150727],[-51.210595,-30.15479],[-51.210713,-30.155029],[-51.212449,-30.154684],[-51.219676,-30.153083],[-51.219778,-30.153044],[-51.219822,-30.153017],[-51.219388,-30.152408],[-51.220438,-30.152163],[-51.220742,-30.152196],[-51.222504,-30.152924],[-51.222822,-30.152981],[-51.222915,-30.152979],[-51.223981,-30.152735],[-51.225191,-30.152381],[-51.225237,-30.152289],[-51.225131,-30.152169],[-51.225115,-30.152026],[-51.225145,-30.151966],[-51.225257,-30.151923],[-51.225298,-30.151707],[-51.225248,-30.151465],[-51.225148,-30.151332],[-51.225199,-30.151282],[-51.225247,-30.151096],[-51.225127,-30.150974],[-51.225101,-30.150808],[-51.225138,-30.150705],[-51.225199,-30.150661],[-51.225209,-30.150719],[-51.225248,-30.15066],[-51.225218,-30.150629],[-51.225259,-30.150623],[-51.225268,-30.150564],[-51.225215,-30.150597],[-51.225184,-30.15055],[-51.225338,-30.150415],[-51.225349,-30.150312],[-51.225302,-30.150288],[-51.225406,-30.150144],[-51.225419,-30.150019],[-51.225549,-30.149892],[-51.225595,-30.149975],[-51.225658,-30.149975],[-51.225706,-30.149894],[-51.225769,-30.149901],[-51.22588,-30.149803],[-51.225944,-30.149793],[-51.225885,-30.149729],[-51.225835,-30.14976],[-51.225805,-30.149732],[-51.225866,-30.149645],[-51.225808,-30.149598],[-51.225872,-30.149404],[-51.225755,-30.149261],[-51.225804,-30.149203],[-51.225778,-30.149144],[-51.225815,-30.149126],[-51.225801,-30.149046],[-51.225839,-30.149013],[-51.225732,-30.148945],[-51.225711,-30.148883],[-51.225827,-30.148766],[-51.225887,-30.148779],[-51.225824,-30.148746],[-51.225898,-30.148747],[-51.22588,-30.148679],[-51.225927,-30.148646],[-51.225862,-30.148607],[-51.225674,-30.148662],[-51.225671,-30.1486],[-51.225522,-30.14841],[-51.22556,-30.148278],[-51.225708,-30.148148],[-51.225621,-30.147935],[-51.225578,-30.147934],[-51.225585,-30.147852],[-51.225499,-30.147721],[-51.225452,-30.14772],[-51.225485,-30.147677],[-51.225415,-30.147667],[-51.225421,-30.147393],[-51.225474,-30.147217],[-51.225477,-30.147201]]]}},{"type":"Feature","properties":{"name":"Parque Santa Fé","code":208},"geometry":{"type":"Polygon","coordinates":[[[-51.098714,-30.004897],[-51.0987,-30.005099],[-51.09875,-30.005794],[-51.098983,-30.00822],[-51.099072,-30.01005],[-51.099354,-30.01408],[-51.09975,-30.014395],[-51.099913,-30.014525],[-51.100358,-30.014786],[-51.10343,-30.015868],[-51.104276,-30.016106],[-51.105279,-30.016232],[-51.107746,-30.016346],[-51.108116,-30.016318],[-51.108467,-30.016273],[-51.108824,-30.016191],[-51.109066,-30.016119],[-51.111293,-30.015286],[-51.111867,-30.015213],[-51.112044,-30.015221],[-51.112301,-30.01523],[-51.111737,-30.008416],[-51.111198,-30.008084],[-51.110269,-30.007373],[-51.109825,-30.002148],[-51.10926,-30.002158],[-51.109125,-30.002118],[-51.108935,-30.002099],[-51.108678,-30.002087],[-51.108124,-30.002073],[-51.107646,-30.002016],[-51.107143,-30.001916],[-51.106479,-30.001748],[-51.105715,-30.001743],[-51.105133,-30.0017],[-51.104909,-30.002002],[-51.104713,-30.002102],[-51.104443,-30.002157],[-51.104159,-30.002168],[-51.102487,-30.0022],[-51.101941,-30.002261],[-51.101643,-30.00232],[-51.101424,-30.002426],[-51.10115,-30.002656],[-51.098803,-30.004762],[-51.098714,-30.004897]]]}},{"type":"Feature","properties":{"name":"Costa E Silva","code":201},"geometry":{"type":"Polygon","coordinates":[[[-51.109825,-30.002148],[-51.110269,-30.007373],[-51.111198,-30.008084],[-51.111737,-30.008416],[-51.112301,-30.01523],[-51.113827,-30.015301],[-51.114331,-30.01534],[-51.114701,-30.015375],[-51.115611,-30.015505],[-51.115819,-30.015519],[-51.116083,-30.015515],[-51.120677,-30.014748],[-51.121624,-30.014427],[-51.122634,-30.01403],[-51.122904,-30.01388],[-51.124042,-30.012772],[-51.124531,-30.012507],[-51.125202,-30.012307],[-51.127137,-30.011596],[-51.128581,-30.011611],[-51.12773,-30.006127],[-51.127659,-30.004719],[-51.12391,-30.005098],[-51.11979,-30.005449],[-51.119948,-30.007456],[-51.117506,-30.007745],[-51.117494,-30.007747],[-51.116901,-30.006119],[-51.11685,-30.00516],[-51.116865,-30.005041],[-51.116879,-30.004935],[-51.115275,-30.000606],[-51.110016,-30.002099],[-51.109825,-30.002148]]]}},{"type":"Feature","properties":{"name":"Rubem Berta","code":155},"geometry":{"type":"Polygon","coordinates":[[[-51.0946,-30.020154],[-51.09767,-30.020245],[-51.100262,-30.020411],[-51.100368,-30.020588],[-51.10047,-30.021128],[-51.100531,-30.021832],[-51.100577,-30.022374],[-51.101002,-30.024996],[-51.101004,-30.025185],[-51.101002,-30.025668],[-51.103409,-30.025812],[-51.104298,-30.025818],[-51.104464,-30.025808],[-51.10448,-30.026383],[-51.104551,-30.027194],[-51.107635,-30.027191],[-51.107849,-30.027198],[-51.107977,-30.0268],[-51.108002,-30.026564],[-51.107987,-30.026264],[-51.107975,-30.026028],[-51.107018,-30.016781],[-51.106967,-30.016466],[-51.106931,-30.016312],[-51.104786,-30.016189],[-51.10387,-30.016004],[-51.101593,-30.015238],[-51.100258,-30.014744],[-51.100125,-30.014672],[-51.100017,-30.014604],[-51.099354,-30.01408],[-51.099072,-30.01005],[-51.098983,-30.00822],[-51.09875,-30.005794],[-51.0987,-30.005099],[-51.098714,-30.004897],[-51.098663,-30.004931],[-51.098553,-30.004953],[-51.098303,-30.004879],[-51.098344,-30.004756],[-51.098354,-30.004532],[-51.098323,-30.004155],[-51.098089,-30.002936],[-51.097979,-30.002562],[-51.097816,-30.002183],[-51.097634,-30.001969],[-51.097606,-30.001866],[-51.097681,-30.000755],[-51.097685,-29.999368],[-51.092167,-30.000013],[-51.087768,-30.000478],[-51.087565,-30.002472],[-51.087471,-30.002977],[-51.087478,-30.003778],[-51.08749,-30.003857],[-51.087545,-30.00407],[-51.087947,-30.00468],[-51.08906,-30.005917],[-51.089779,-30.00687],[-51.091024,-30.008273],[-51.091541,-30.008789],[-51.091744,-30.009098],[-51.092092,-30.009351],[-51.092357,-30.009808],[-51.092841,-30.010297],[-51.092922,-30.010429],[-51.093124,-30.011053],[-51.093146,-30.011348],[-51.093119,-30.011626],[-51.092695,-30.012583],[-51.092696,-30.012651],[-51.092717,-30.012735],[-51.092933,-30.013021],[-51.093046,-30.013295],[-51.093626,-30.014323],[-51.093689,-30.014503],[-51.093898,-30.014749],[-51.094044,-30.015146],[-51.094319,-30.01535],[-51.09437,-30.01542],[-51.094387,-30.015478],[-51.094386,-30.015555],[-51.094032,-30.016225],[-51.093471,-30.016353],[-51.093323,-30.016452],[-51.093068,-30.016934],[-51.093039,-30.017191],[-51.092517,-30.01765],[-51.092442,-30.017685],[-51.092371,-30.017705],[-51.09223,-30.017706],[-51.091345,-30.017354],[-51.090781,-30.017446],[-51.090551,-30.017431],[-51.090501,-30.017442],[-51.090481,-30.01758],[-51.090562,-30.017838],[-51.090436,-30.018013],[-51.090342,-30.018062],[-51.089956,-30.018056],[-51.089856,-30.018027],[-51.089736,-30.017984],[-51.089473,-30.017836],[-51.089423,-30.01783],[-51.089303,-30.017843],[-51.089201,-30.017878],[-51.088852,-30.018217],[-51.088507,-30.018455],[-51.088454,-30.018509],[-51.088432,-30.018545],[-51.088397,-30.018778],[-51.088528,-30.019177],[-51.088547,-30.019499],[-51.088303,-30.019997],[-51.088298,-30.02024],[-51.088238,-30.020418],[-51.088263,-30.020835],[-51.088127,-30.021279],[-51.087996,-30.021439],[-51.087578,-30.02145],[-51.087312,-30.0216],[-51.087138,-30.022006],[-51.0869,-30.022319],[-51.094406,-30.020161],[-51.094545,-30.020153],[-51.0946,-30.020154]]]}},{"type":"Feature","properties":{"name":"Jardim Lindóia","code":132},"geometry":{"type":"Polygon","coordinates":[[[-51.149044,-30.010528],[-51.154185,-30.010413],[-51.154699,-30.006611],[-51.15469,-30.006418],[-51.154644,-30.006298],[-51.154559,-30.006198],[-51.154457,-30.006122],[-51.154266,-30.006084],[-51.153903,-30.006072],[-51.153961,-30.005056],[-51.154876,-30.005068],[-51.154865,-30.003134],[-51.155138,-30.000181],[-51.15519,-29.999332],[-51.155241,-29.998153],[-51.154281,-29.998092],[-51.147825,-29.997965],[-51.147651,-30.000337],[-51.147422,-30.002616],[-51.147258,-30.004226],[-51.148485,-30.004381],[-51.148462,-30.00451],[-51.148448,-30.00462],[-51.148475,-30.005035],[-51.148487,-30.005199],[-51.148974,-30.009782],[-51.149044,-30.010528]]]}},{"type":"Feature","properties":{"name":"Santa Maria Goretti","code":157},"geometry":{"type":"Polygon","coordinates":[[[-51.16776,-30.007695],[-51.169386,-30.007936],[-51.169525,-30.007932],[-51.169743,-30.007837],[-51.172604,-30.007987],[-51.172782,-30.008071],[-51.173956,-30.007983],[-51.175823,-30.008357],[-51.176382,-30.008425],[-51.177588,-30.00856],[-51.178713,-30.008626],[-51.178909,-30.008666],[-51.180571,-30.008681],[-51.182485,-30.008516],[-51.182697,-30.003233],[-51.171439,-30.003191],[-51.168694,-30.002819],[-51.16783,-30.0074],[-51.16776,-30.007695]]]}},{"type":"Feature","properties":{"name":"Campo Novo","code":189},"geometry":{"type":"Polygon","coordinates":[[[-51.186708,-30.135795],[-51.191438,-30.145534],[-51.197112,-30.146303],[-51.203975,-30.147294],[-51.204207,-30.147238],[-51.204443,-30.147521],[-51.20447,-30.147636],[-51.20441,-30.147748],[-51.204534,-30.147778],[-51.204616,-30.147782],[-51.204738,-30.147719],[-51.204925,-30.14763],[-51.205069,-30.147614],[-51.207091,-30.147507],[-51.207565,-30.147475],[-51.207885,-30.147426],[-51.209426,-30.146977],[-51.20952,-30.146792],[-51.209232,-30.146081],[-51.208924,-30.14575],[-51.208297,-30.145252],[-51.208202,-30.145164],[-51.208122,-30.145055],[-51.208001,-30.144679],[-51.207868,-30.144249],[-51.207751,-30.144114],[-51.207595,-30.144001],[-51.207432,-30.143931],[-51.206112,-30.143951],[-51.206195,-30.143711],[-51.206274,-30.143628],[-51.206363,-30.143572],[-51.20746,-30.143194],[-51.207722,-30.14314],[-51.208004,-30.143085],[-51.208312,-30.142961],[-51.208416,-30.142855],[-51.20929,-30.142562],[-51.206735,-30.136164],[-51.206744,-30.136072],[-51.207296,-30.13468],[-51.210328,-30.134547],[-51.210869,-30.134563],[-51.212773,-30.134982],[-51.21298,-30.135164],[-51.213141,-30.135375],[-51.213131,-30.134124],[-51.213363,-30.132902],[-51.213384,-30.132603],[-51.213313,-30.131939],[-51.213069,-30.131612],[-51.212817,-30.131408],[-51.212204,-30.131023],[-51.212053,-30.13084],[-51.211757,-30.130651],[-51.211595,-30.130633],[-51.211169,-30.130463],[-51.210894,-30.130569],[-51.210496,-30.130522],[-51.21008,-30.130312],[-51.209845,-30.130486],[-51.209577,-30.130482],[-51.209048,-30.130592],[-51.20886,-30.130489],[-51.208633,-30.130511],[-51.208482,-30.130469],[-51.208147,-30.130521],[-51.20802,-30.130476],[-51.207791,-30.13059],[-51.207082,-30.130786],[-51.206913,-30.130927],[-51.206804,-30.130944],[-51.206428,-30.130727],[-51.206406,-30.130688],[-51.206473,-30.130571],[-51.206113,-30.130338],[-51.203284,-30.129483],[-51.203182,-30.12944],[-51.203101,-30.129389],[-51.202864,-30.129157],[-51.20244,-30.128628],[-51.202202,-30.128516],[-51.202074,-30.128497],[-51.201833,-30.128467],[-51.201882,-30.128051],[-51.201962,-30.127437],[-51.199866,-30.127709],[-51.199738,-30.127745],[-51.199572,-30.127815],[-51.196703,-30.129797],[-51.196545,-30.129892],[-51.196327,-30.130012],[-51.19066,-30.132049],[-51.190174,-30.13223],[-51.190099,-30.13226],[-51.189782,-30.13243],[-51.189256,-30.132809],[-51.189013,-30.133031],[-51.188774,-30.133548],[-51.188589,-30.133794],[-51.187173,-30.135025],[-51.186877,-30.135426],[-51.186732,-30.135737],[-51.186708,-30.135795]]]}},{"type":"Feature","properties":{"name":"Lageado","code":186},"geometry":{"type":"Polygon","coordinates":[[[-51.088531,-30.17547],[-51.082683,-30.178973],[-51.082723,-30.179047],[-51.083137,-30.179613],[-51.083496,-30.179879],[-51.086161,-30.180852],[-51.087246,-30.18147],[-51.087929,-30.181963],[-51.08885,-30.182792],[-51.090982,-30.184227],[-51.092694,-30.185532],[-51.093472,-30.186343],[-51.094794,-30.188015],[-51.09481,-30.18809],[-51.094729,-30.188276],[-51.094279,-30.188976],[-51.094091,-30.189193],[-51.093805,-30.18935],[-51.094021,-30.189688],[-51.095006,-30.190828],[-51.095131,-30.190936],[-51.095281,-30.191047],[-51.096134,-30.191599],[-51.096232,-30.191691],[-51.096311,-30.191777],[-51.09637,-30.19186],[-51.096413,-30.191945],[-51.096454,-30.192064],[-51.096489,-30.192212],[-51.096568,-30.193074],[-51.096721,-30.193376],[-51.099335,-30.195571],[-51.101433,-30.197801],[-51.101901,-30.198124],[-51.102928,-30.198723],[-51.103498,-30.198925],[-51.104383,-30.199042],[-51.104868,-30.19917],[-51.106179,-30.19981],[-51.10656,-30.199977],[-51.107087,-30.200192],[-51.108614,-30.200773],[-51.110541,-30.201375],[-51.110793,-30.201521],[-51.112256,-30.20262],[-51.114293,-30.203563],[-51.114505,-30.203644],[-51.114663,-30.20369],[-51.11497,-30.203723],[-51.116051,-30.203652],[-51.116426,-30.203718],[-51.11654,-30.203703],[-51.116676,-30.203674],[-51.117203,-30.203397],[-51.11862,-30.202771],[-51.120556,-30.202088],[-51.12417,-30.200089],[-51.124686,-30.199883],[-51.125732,-30.199602],[-51.12604,-30.199473],[-51.126413,-30.199215],[-51.126864,-30.198782],[-51.128055,-30.199682],[-51.128443,-30.200041],[-51.13593,-30.205702],[-51.13925,-30.205204],[-51.143946,-30.2045],[-51.143859,-30.205364],[-51.143885,-30.205661],[-51.145759,-30.209733],[-51.145891,-30.210037],[-51.145979,-30.21024],[-51.146026,-30.210462],[-51.146788,-30.21053],[-51.147296,-30.210623],[-51.148877,-30.211117],[-51.149448,-30.21138],[-51.150066,-30.211748],[-51.150492,-30.212031],[-51.151228,-30.212611],[-51.151612,-30.212829],[-51.152621,-30.213097],[-51.1532,-30.213179],[-51.153982,-30.213221],[-51.15589,-30.213118],[-51.159041,-30.212666],[-51.159586,-30.212624],[-51.160503,-30.212624],[-51.161709,-30.212772],[-51.161619,-30.211517],[-51.161556,-30.211216],[-51.161504,-30.211131],[-51.16143,-30.211062],[-51.160588,-30.210361],[-51.160318,-30.210084],[-51.159911,-30.209512],[-51.15979,-30.209165],[-51.15987,-30.208697],[-51.160258,-30.208189],[-51.160348,-30.207938],[-51.160297,-30.207674],[-51.15999,-30.206838],[-51.159904,-30.205859],[-51.159935,-30.205508],[-51.160048,-30.20519],[-51.160711,-30.203836],[-51.160733,-30.20366],[-51.16059,-30.202997],[-51.159971,-30.201553],[-51.159902,-30.201208],[-51.160045,-30.200662],[-51.160301,-30.200248],[-51.160579,-30.200019],[-51.16125,-30.199615],[-51.161332,-30.199546],[-51.161401,-30.199467],[-51.161455,-30.199379],[-51.161524,-30.19927],[-51.161954,-30.198383],[-51.162781,-30.196398],[-51.162842,-30.196063],[-51.162837,-30.195723],[-51.162463,-30.19443],[-51.162348,-30.1936],[-51.162264,-30.19256],[-51.161491,-30.192251],[-51.161182,-30.191966],[-51.15822,-30.187646],[-51.157806,-30.187106],[-51.157516,-30.186878],[-51.15702,-30.186748],[-51.154578,-30.186565],[-51.152125,-30.186682],[-51.151003,-30.18655],[-51.150413,-30.18634],[-51.149581,-30.185888],[-51.147514,-30.184496],[-51.146192,-30.183971],[-51.146053,-30.183933],[-51.145891,-30.183899],[-51.145334,-30.183847],[-51.143171,-30.183858],[-51.141937,-30.183413],[-51.141815,-30.183387],[-51.141675,-30.183376],[-51.141102,-30.183386],[-51.140916,-30.183363],[-51.140763,-30.183324],[-51.140634,-30.183263],[-51.140786,-30.183216],[-51.140854,-30.183171],[-51.141018,-30.182987],[-51.141443,-30.182331],[-51.141764,-30.181485],[-51.141835,-30.180647],[-51.14192,-30.180288],[-51.142946,-30.178447],[-51.143317,-30.177945],[-51.143674,-30.177564],[-51.144686,-30.176629],[-51.145336,-30.176095],[-51.145245,-30.176003],[-51.145204,-30.175985],[-51.145137,-30.175978],[-51.140652,-30.175771],[-51.140456,-30.175709],[-51.140354,-30.175551],[-51.140382,-30.175348],[-51.140849,-30.174776],[-51.141135,-30.174299],[-51.141363,-30.173719],[-51.141787,-30.172418],[-51.142404,-30.171642],[-51.142501,-30.171468],[-51.142652,-30.170495],[-51.142831,-30.169651],[-51.143073,-30.168841],[-51.124531,-30.169909],[-51.123657,-30.169947],[-51.122508,-30.169997],[-51.122189,-30.169694],[-51.114047,-30.161979],[-51.088531,-30.17547]]]}},{"type":"Feature","properties":{"name":"Pitinga","code":210},"geometry":{"type":"Polygon","coordinates":[[[-51.088531,-30.17547],[-51.114047,-30.161979],[-51.125905,-30.142553],[-51.125942,-30.142527],[-51.125981,-30.142017],[-51.126236,-30.141024],[-51.126433,-30.140672],[-51.126904,-30.139998],[-51.1271,-30.139569],[-51.127173,-30.139305],[-51.127284,-30.138376],[-51.127309,-30.138285],[-51.127332,-30.138225],[-51.127443,-30.13807],[-51.127855,-30.137717],[-51.127377,-30.137613],[-51.127236,-30.137681],[-51.126804,-30.137756],[-51.12594,-30.138133],[-51.125509,-30.138209],[-51.124208,-30.13821],[-51.122649,-30.138287],[-51.122218,-30.138363],[-51.121537,-30.138585],[-51.121095,-30.138815],[-51.1204,-30.138815],[-51.119448,-30.13859],[-51.118153,-30.138366],[-51.117806,-30.138442],[-51.117394,-30.138656],[-51.1172,-30.138895],[-51.116546,-30.139465],[-51.115998,-30.139868],[-51.115645,-30.139948],[-51.115213,-30.140174],[-51.114698,-30.140323],[-51.113398,-30.140852],[-51.112802,-30.141001],[-51.11209,-30.14108],[-51.110717,-30.141155],[-51.11054,-30.141079],[-51.110111,-30.140706],[-51.109503,-30.140029],[-51.109413,-30.139875],[-51.108896,-30.139427],[-51.108117,-30.139127],[-51.10742,-30.138746],[-51.107078,-30.138226],[-51.106823,-30.137635],[-51.106646,-30.137326],[-51.106036,-30.136871],[-51.10474,-30.135672],[-51.104479,-30.135369],[-51.104219,-30.134993],[-51.104129,-30.134687],[-51.103057,-30.132822],[-51.098162,-30.136755],[-51.097665,-30.13644],[-51.097668,-30.136482],[-51.097674,-30.13653],[-51.098015,-30.137017],[-51.098059,-30.137135],[-51.097925,-30.137356],[-51.097379,-30.138023],[-51.097066,-30.138545],[-51.096846,-30.139209],[-51.094401,-30.145098],[-51.088531,-30.17547]]]}},{"type":"Feature","properties":{"name":"Restinga","code":153},"geometry":{"type":"Polygon","coordinates":[[[-51.127855,-30.137717],[-51.127443,-30.13807],[-51.127332,-30.138225],[-51.127309,-30.138285],[-51.127284,-30.138376],[-51.127173,-30.139305],[-51.1271,-30.139569],[-51.126904,-30.139998],[-51.126433,-30.140672],[-51.126236,-30.141024],[-51.125981,-30.142017],[-51.125942,-30.142527],[-51.125905,-30.142553],[-51.114047,-30.161979],[-51.122189,-30.169694],[-51.122508,-30.169997],[-51.123657,-30.169947],[-51.124531,-30.169909],[-51.143073,-30.168841],[-51.142831,-30.169651],[-51.142652,-30.170495],[-51.142501,-30.171468],[-51.142404,-30.171642],[-51.141787,-30.172418],[-51.141363,-30.173719],[-51.141135,-30.174299],[-51.140849,-30.174776],[-51.140382,-30.175348],[-51.140354,-30.175551],[-51.140456,-30.175709],[-51.140652,-30.175771],[-51.145137,-30.175978],[-51.145204,-30.175985],[-51.145245,-30.176003],[-51.145336,-30.176095],[-51.145908,-30.175571],[-51.149507,-30.171668],[-51.153964,-30.167905],[-51.155231,-30.165842],[-51.155251,-30.165472],[-51.155494,-30.164083],[-51.155632,-30.163704],[-51.155896,-30.16334],[-51.156322,-30.162965],[-51.157072,-30.162519],[-51.15918,-30.161607],[-51.1595,-30.161357],[-51.159783,-30.161003],[-51.160025,-30.160543],[-51.160453,-30.159496],[-51.161431,-30.158165],[-51.161309,-30.157932],[-51.161127,-30.157336],[-51.161032,-30.156796],[-51.161062,-30.153157],[-51.161163,-30.152369],[-51.161459,-30.150694],[-51.161296,-30.148633],[-51.161297,-30.148575],[-51.161314,-30.148209],[-51.161446,-30.147176],[-51.162075,-30.145945],[-51.162638,-30.144295],[-51.1629,-30.143933],[-51.16432,-30.142592],[-51.164717,-30.142328],[-51.166434,-30.141411],[-51.16654,-30.141343],[-51.166597,-30.141291],[-51.166707,-30.141108],[-51.16711,-30.139814],[-51.167354,-30.139344],[-51.167461,-30.139186],[-51.167591,-30.139026],[-51.167763,-30.138841],[-51.167891,-30.138712],[-51.168776,-30.138035],[-51.169232,-30.137746],[-51.169722,-30.137518],[-51.170502,-30.137282],[-51.171317,-30.137211],[-51.172151,-30.13735],[-51.172324,-30.13736],[-51.172429,-30.137325],[-51.174022,-30.136434],[-51.174554,-30.135975],[-51.174757,-30.135741],[-51.175329,-30.135018],[-51.17571,-30.13367],[-51.176085,-30.131096],[-51.17609,-30.130927],[-51.176073,-30.130757],[-51.175972,-30.130159],[-51.17597,-30.130045],[-51.175974,-30.129875],[-51.175994,-30.1297],[-51.176017,-30.12956],[-51.176295,-30.128512],[-51.176268,-30.128153],[-51.176244,-30.12806],[-51.176201,-30.127939],[-51.175889,-30.127303],[-51.17567,-30.127046],[-51.175574,-30.12698],[-51.175505,-30.126934],[-51.174145,-30.126347],[-51.174001,-30.126251],[-51.173848,-30.126134],[-51.173453,-30.125736],[-51.173385,-30.125615],[-51.173338,-30.125502],[-51.173297,-30.12521],[-51.173384,-30.124904],[-51.173444,-30.1248],[-51.173581,-30.12456],[-51.1735,-30.124528],[-51.17335,-30.124504],[-51.173186,-30.124511],[-51.17291,-30.12455],[-51.172588,-30.124615],[-51.172376,-30.124666],[-51.17213,-30.124743],[-51.171703,-30.124932],[-51.171304,-30.125082],[-51.170702,-30.12517],[-51.170011,-30.125134],[-51.168766,-30.124919],[-51.168386,-30.124869],[-51.168099,-30.124846],[-51.167843,-30.124863],[-51.167497,-30.124911],[-51.165548,-30.125296],[-51.164684,-30.125337],[-51.164463,-30.125317],[-51.164266,-30.125281],[-51.162385,-30.124607],[-51.162226,-30.124518],[-51.161955,-30.124335],[-51.159822,-30.122508],[-51.158115,-30.120516],[-51.157587,-30.119959],[-51.157308,-30.120148],[-51.156151,-30.120728],[-51.15584,-30.120712],[-51.154867,-30.120305],[-51.154481,-30.120242],[-51.154068,-30.120309],[-51.153185,-30.120645],[-51.152634,-30.120746],[-51.152432,-30.120743],[-51.152157,-30.120606],[-51.151446,-30.11999],[-51.15073,-30.119505],[-51.1505,-30.119311],[-51.150103,-30.118839],[-51.149829,-30.118651],[-51.149058,-30.118313],[-51.148381,-30.1182],[-51.147358,-30.117712],[-51.147129,-30.117658],[-51.146964,-30.117673],[-51.143848,-30.118951],[-51.142721,-30.119655],[-51.142311,-30.120035],[-51.14228,-30.120078],[-51.14226,-30.120121],[-51.142265,-30.120274],[-51.142276,-30.120336],[-51.142671,-30.121117],[-51.142689,-30.121353],[-51.142677,-30.121425],[-51.142642,-30.121523],[-51.140853,-30.124648],[-51.140575,-30.124953],[-51.140161,-30.125311],[-51.140127,-30.125354],[-51.140058,-30.125451],[-51.139664,-30.126442],[-51.139619,-30.126581],[-51.139571,-30.126733],[-51.13954,-30.127074],[-51.139633,-30.127464],[-51.139816,-30.127973],[-51.140034,-30.12844],[-51.140746,-30.129434],[-51.142097,-30.131733],[-51.142137,-30.131896],[-51.142111,-30.132038],[-51.141952,-30.132254],[-51.141007,-30.132842],[-51.140685,-30.133176],[-51.140245,-30.133741],[-51.139973,-30.133919],[-51.137635,-30.134498],[-51.136434,-30.135042],[-51.134975,-30.135579],[-51.13335,-30.136412],[-51.132165,-30.136775],[-51.13132,-30.137091],[-51.130962,-30.137183],[-51.130684,-30.13718],[-51.129291,-30.136861],[-51.129005,-30.136851],[-51.128741,-30.136988],[-51.128098,-30.137518],[-51.127855,-30.137717]]]}},{"type":"Feature","properties":{"name":"Lami","code":134},"geometry":{"type":"Polygon","coordinates":[[[-51.090953,-30.210935],[-51.090575,-30.210924],[-51.090272,-30.210835],[-51.088571,-30.210018],[-51.086483,-30.209204],[-51.085949,-30.209064],[-51.085567,-30.209068],[-51.08761,-30.221861],[-51.082932,-30.222393],[-51.079686,-30.223212],[-51.079023,-30.223413],[-51.075911,-30.224914],[-51.070603,-30.22697],[-51.067601,-30.228514],[-51.067004,-30.228733],[-51.065175,-30.229201],[-51.06449,-30.229429],[-51.06018,-30.231865],[-51.059802,-30.231861],[-51.059423,-30.231706],[-51.056359,-30.229164],[-51.056163,-30.229013],[-51.055828,-30.228889],[-51.055726,-30.228867],[-51.055594,-30.228851],[-51.05547,-30.228848],[-51.055293,-30.228871],[-51.053808,-30.229164],[-51.052725,-30.229431],[-51.052118,-30.229716],[-51.052248,-30.229889],[-51.052548,-30.229958],[-51.052588,-30.230154],[-51.052821,-30.230345],[-51.052903,-30.23049],[-51.053107,-30.230643],[-51.053182,-30.230758],[-51.053177,-30.230838],[-51.053097,-30.230931],[-51.05265,-30.231153],[-51.052585,-30.231223],[-51.05256,-30.231548],[-51.052667,-30.231668],[-51.052673,-30.231864],[-51.052425,-30.232131],[-51.052495,-30.232287],[-51.052438,-30.232468],[-51.05245,-30.232547],[-51.052663,-30.232715],[-51.052852,-30.232983],[-51.053073,-30.233201],[-51.053577,-30.23343],[-51.053843,-30.233435],[-51.053936,-30.233519],[-51.054299,-30.233675],[-51.054522,-30.233715],[-51.054636,-30.233841],[-51.054823,-30.233876],[-51.054833,-30.233926],[-51.054721,-30.233949],[-51.054702,-30.234063],[-51.054437,-30.234265],[-51.054362,-30.234402],[-51.054179,-30.234591],[-51.054153,-30.234767],[-51.054207,-30.234873],[-51.054343,-30.234941],[-51.054619,-30.235211],[-51.054704,-30.235484],[-51.054933,-30.235639],[-51.054958,-30.236012],[-51.055159,-30.23626],[-51.055162,-30.236405],[-51.055297,-30.236432],[-51.055403,-30.236524],[-51.055395,-30.236691],[-51.055273,-30.236988],[-51.055284,-30.237094],[-51.055332,-30.237124],[-51.055473,-30.237112],[-51.055608,-30.237193],[-51.055726,-30.237434],[-51.055871,-30.237588],[-51.055955,-30.237593],[-51.056252,-30.237489],[-51.056407,-30.237569],[-51.056545,-30.237888],[-51.056709,-30.238003],[-51.057696,-30.239036],[-51.057983,-30.239657],[-51.058107,-30.239809],[-51.058128,-30.239933],[-51.058177,-30.239948],[-51.05831,-30.239858],[-51.058365,-30.239895],[-51.058379,-30.239926],[-51.058386,-30.23995],[-51.058334,-30.240113],[-51.058371,-30.240342],[-51.058269,-30.2408],[-51.05824,-30.24117],[-51.058236,-30.241768],[-51.058171,-30.241856],[-51.058471,-30.242701],[-51.058581,-30.243247],[-51.058564,-30.243479],[-51.057752,-30.243991],[-51.05739,-30.244293],[-51.057035,-30.244477],[-51.056844,-30.244669],[-51.056837,-30.244724],[-51.056852,-30.244767],[-51.057017,-30.244887],[-51.056971,-30.245007],[-51.056847,-30.245068],[-51.056802,-30.245202],[-51.056933,-30.24559],[-51.056889,-30.245822],[-51.056932,-30.246026],[-51.057248,-30.246824],[-51.057277,-30.247539],[-51.055988,-30.24913],[-51.055971,-30.249261],[-51.055873,-30.249294],[-51.055567,-30.249667],[-51.055121,-30.250273],[-51.055089,-30.250439],[-51.054999,-30.250479],[-51.054958,-30.250551],[-51.05487,-30.250552],[-51.054861,-30.250668],[-51.054734,-30.250764],[-51.054721,-30.250943],[-51.054498,-30.250976],[-51.054468,-30.251161],[-51.054335,-30.251307],[-51.054353,-30.251458],[-51.054423,-30.251589],[-51.054262,-30.251711],[-51.054226,-30.251879],[-51.05413,-30.251995],[-51.054116,-30.252029],[-51.054115,-30.252074],[-51.054221,-30.252226],[-51.054282,-30.252435],[-51.054412,-30.252572],[-51.054331,-30.252877],[-51.054176,-30.253074],[-51.054175,-30.25311],[-51.054187,-30.253135],[-51.054327,-30.253191],[-51.054367,-30.25325],[-51.054293,-30.253494],[-51.054095,-30.253769],[-51.054104,-30.253858],[-51.05423,-30.254009],[-51.054566,-30.254164],[-51.054763,-30.254169],[-51.05488,-30.254224],[-51.055095,-30.254185],[-51.055172,-30.25461],[-51.055122,-30.254795],[-51.05535,-30.254973],[-51.055422,-30.255078],[-51.055299,-30.255257],[-51.05531,-30.255486],[-51.055012,-30.255552],[-51.054899,-30.255625],[-51.055098,-30.255883],[-51.054962,-30.256353],[-51.055018,-30.256478],[-51.054986,-30.25658],[-51.054793,-30.25677],[-51.054458,-30.256903],[-51.053809,-30.257285],[-51.053809,-30.257394],[-51.053707,-30.257455],[-51.053538,-30.257745],[-51.053593,-30.257868],[-51.053764,-30.257992],[-51.054088,-30.258029],[-51.054196,-30.258155],[-51.054348,-30.258237],[-51.054777,-30.258312],[-51.055133,-30.258521],[-51.055205,-30.258602],[-51.054943,-30.258845],[-51.054483,-30.258716],[-51.053988,-30.258863],[-51.0539,-30.259007],[-51.05369,-30.259165],[-51.053603,-30.259338],[-51.053433,-30.259478],[-51.053406,-30.259849],[-51.053469,-30.259938],[-51.053681,-30.259868],[-51.054114,-30.259859],[-51.054472,-30.260027],[-51.054616,-30.26017],[-51.05477,-30.260253],[-51.054883,-30.260385],[-51.054999,-30.26043],[-51.05527,-30.260456],[-51.05569,-30.260357],[-51.056227,-30.260357],[-51.057088,-30.260035],[-51.057366,-30.259802],[-51.057467,-30.259659],[-51.057949,-30.259202],[-51.058296,-30.259125],[-51.058423,-30.259036],[-51.058604,-30.258978],[-51.05963,-30.259269],[-51.059865,-30.259232],[-51.060125,-30.259043],[-51.060423,-30.259025],[-51.060469,-30.258982],[-51.060515,-30.258954],[-51.060689,-30.258952],[-51.061143,-30.259576],[-51.061448,-30.259759],[-51.061537,-30.259778],[-51.06167,-30.259826],[-51.062172,-30.259783],[-51.062236,-30.259591],[-51.062291,-30.259607],[-51.062371,-30.259558],[-51.062499,-30.259596],[-51.062678,-30.259529],[-51.062579,-30.259439],[-51.062626,-30.259181],[-51.062516,-30.25908],[-51.062578,-30.259036],[-51.062644,-30.258877],[-51.062663,-30.258656],[-51.062712,-30.258601],[-51.062803,-30.258585],[-51.062847,-30.258646],[-51.062991,-30.258639],[-51.063032,-30.258577],[-51.062838,-30.258454],[-51.062803,-30.258372],[-51.062692,-30.258382],[-51.062657,-30.258322],[-51.062717,-30.258239],[-51.062736,-30.258093],[-51.062825,-30.25808],[-51.063122,-30.257885],[-51.062988,-30.257775],[-51.063007,-30.257444],[-51.063089,-30.257372],[-51.063015,-30.257215],[-51.062982,-30.257017],[-51.063136,-30.25694],[-51.063053,-30.256796],[-51.063058,-30.256725],[-51.062954,-30.256625],[-51.063097,-30.256507],[-51.063033,-30.256448],[-51.063072,-30.256188],[-51.063035,-30.255992],[-51.063277,-30.255506],[-51.063404,-30.255333],[-51.063399,-30.255185],[-51.063535,-30.255082],[-51.063609,-30.254963],[-51.063613,-30.254794],[-51.063741,-30.254645],[-51.06376,-30.254505],[-51.063818,-30.254455],[-51.063952,-30.254453],[-51.064018,-30.254295],[-51.064139,-30.254212],[-51.064315,-30.254246],[-51.064342,-30.254142],[-51.064305,-30.254031],[-51.064405,-30.253962],[-51.064433,-30.253857],[-51.064357,-30.253744],[-51.064394,-30.253573],[-51.064352,-30.253499],[-51.064578,-30.253378],[-51.064669,-30.253247],[-51.064654,-30.253151],[-51.064743,-30.25315],[-51.06485,-30.253042],[-51.065395,-30.252673],[-51.065473,-30.252655],[-51.0655,-30.25257],[-51.065451,-30.252416],[-51.065473,-30.252241],[-51.066046,-30.251823],[-51.066354,-30.251805],[-51.066476,-30.251864],[-51.066554,-30.251819],[-51.066871,-30.251448],[-51.066996,-30.251392],[-51.067003,-30.251375],[-51.066998,-30.25133],[-51.066882,-30.251218],[-51.066897,-30.251114],[-51.066983,-30.251091],[-51.067071,-30.25115],[-51.06722,-30.251111],[-51.067217,-30.251006],[-51.067331,-30.250765],[-51.067304,-30.250662],[-51.067334,-30.250606],[-51.067401,-30.250564],[-51.067575,-30.250549],[-51.067738,-30.250424],[-51.068026,-30.25004],[-51.068564,-30.249647],[-51.068604,-30.249536],[-51.068584,-30.249439],[-51.068677,-30.24928],[-51.068727,-30.249248],[-51.068809,-30.249276],[-51.06895,-30.249054],[-51.069121,-30.248979],[-51.06914,-30.248885],[-51.069019,-30.248775],[-51.069012,-30.248705],[-51.069323,-30.248536],[-51.069426,-30.248282],[-51.069418,-30.24821],[-51.069413,-30.248174],[-51.069453,-30.248044],[-51.069367,-30.247705],[-51.069433,-30.247375],[-51.069516,-30.247261],[-51.069991,-30.246899],[-51.071299,-30.246167],[-51.07245,-30.245628],[-51.072641,-30.245557],[-51.073333,-30.245468],[-51.073413,-30.245289],[-51.073574,-30.245272],[-51.073707,-30.245202],[-51.073967,-30.244892],[-51.074365,-30.244542],[-51.074872,-30.244389],[-51.075033,-30.24442],[-51.075229,-30.24437],[-51.07531,-30.244409],[-51.075457,-30.244364],[-51.075494,-30.244323],[-51.075483,-30.244147],[-51.075616,-30.24399],[-51.075994,-30.243752],[-51.076072,-30.24361],[-51.076536,-30.243374],[-51.077026,-30.243199],[-51.078609,-30.242757],[-51.079291,-30.242511],[-51.079446,-30.242576],[-51.079351,-30.242712],[-51.079373,-30.242743],[-51.079773,-30.242727],[-51.079983,-30.242792],[-51.080112,-30.242736],[-51.080409,-30.242504],[-51.080553,-30.242533],[-51.080666,-30.242647],[-51.080749,-30.242523],[-51.081057,-30.242477],[-51.081147,-30.242394],[-51.081238,-30.242392],[-51.081344,-30.242307],[-51.0813,-30.242241],[-51.081406,-30.242213],[-51.081443,-30.242073],[-51.081608,-30.242142],[-51.081704,-30.241993],[-51.081762,-30.242048],[-51.082028,-30.242094],[-51.082067,-30.242078],[-51.082064,-30.242024],[-51.082352,-30.242012],[-51.082482,-30.24193],[-51.082584,-30.241955],[-51.082643,-30.24207],[-51.082894,-30.241973],[-51.082929,-30.241919],[-51.082904,-30.241846],[-51.083069,-30.241791],[-51.083047,-30.241731],[-51.083168,-30.241733],[-51.083239,-30.241651],[-51.083348,-30.241606],[-51.083465,-30.241802],[-51.083544,-30.241823],[-51.083606,-30.241729],[-51.083799,-30.241734],[-51.08388,-30.241651],[-51.084145,-30.241616],[-51.084562,-30.241371],[-51.084741,-30.241462],[-51.084901,-30.24143],[-51.085034,-30.241479],[-51.085219,-30.241467],[-51.085283,-30.241414],[-51.085274,-30.241306],[-51.085304,-30.24128],[-51.085409,-30.241334],[-51.085412,-30.241407],[-51.085512,-30.241421],[-51.085589,-30.241502],[-51.085698,-30.24145],[-51.085694,-30.241347],[-51.085725,-30.241331],[-51.085777,-30.241423],[-51.085774,-30.241508],[-51.085837,-30.241539],[-51.085919,-30.2415],[-51.08593,-30.2414],[-51.086237,-30.241318],[-51.086252,-30.241233],[-51.086346,-30.241141],[-51.086406,-30.241206],[-51.086439,-30.241344],[-51.086521,-30.241263],[-51.086557,-30.241331],[-51.086672,-30.241355],[-51.087015,-30.241335],[-51.087247,-30.241198],[-51.08734,-30.241288],[-51.087417,-30.241261],[-51.087517,-30.241311],[-51.087743,-30.24124],[-51.087817,-30.241369],[-51.087883,-30.241271],[-51.087997,-30.241297],[-51.088097,-30.241271],[-51.088143,-30.241135],[-51.088213,-30.241144],[-51.08827,-30.241259],[-51.088318,-30.241166],[-51.088416,-30.241154],[-51.088421,-30.24109],[-51.088474,-30.241043],[-51.088658,-30.240979],[-51.088824,-30.241035],[-51.088995,-30.240962],[-51.088995,-30.240909],[-51.089076,-30.240864],[-51.08917,-30.240896],[-51.089153,-30.240833],[-51.089567,-30.240763],[-51.089601,-30.240695],[-51.089766,-30.24066],[-51.089847,-30.24077],[-51.08992,-30.240771],[-51.089974,-30.240836],[-51.090293,-30.240823],[-51.090359,-30.240916],[-51.09041,-30.240895],[-51.0904,-30.240823],[-51.090462,-30.24069],[-51.090523,-30.240871],[-51.090562,-30.240768],[-51.090626,-30.240845],[-51.090842,-30.240838],[-51.090847,-30.240751],[-51.090929,-30.2408],[-51.090962,-30.240876],[-51.091228,-30.240843],[-51.091292,-30.240885],[-51.091359,-30.240859],[-51.091395,-30.240758],[-51.091465,-30.240764],[-51.091523,-30.240831],[-51.091875,-30.240719],[-51.091999,-30.240817],[-51.092174,-30.240827],[-51.092553,-30.240697],[-51.0926,-30.240715],[-51.09269,-30.24087],[-51.092927,-30.240923],[-51.093032,-30.240985],[-51.093125,-30.240941],[-51.093204,-30.240988],[-51.093231,-30.240933],[-51.09329,-30.240991],[-51.093355,-30.240989],[-51.093449,-30.240936],[-51.093448,-30.240851],[-51.093604,-30.240851],[-51.093654,-30.240807],[-51.093706,-30.240812],[-51.093736,-30.240936],[-51.093856,-30.241032],[-51.094081,-30.240919],[-51.094219,-30.240943],[-51.094328,-30.24101],[-51.094678,-30.241058],[-51.09497,-30.241033],[-51.095267,-30.241062],[-51.095477,-30.240982],[-51.09553,-30.241082],[-51.095637,-30.241097],[-51.095686,-30.241188],[-51.095897,-30.241188],[-51.095899,-30.241272],[-51.096058,-30.241258],[-51.096173,-30.241294],[-51.096185,-30.241374],[-51.096254,-30.241321],[-51.096323,-30.241405],[-51.096428,-30.24132],[-51.096477,-30.241359],[-51.09643,-30.241423],[-51.096529,-30.241394],[-51.096649,-30.241426],[-51.096664,-30.241513],[-51.096863,-30.241466],[-51.096873,-30.241578],[-51.096931,-30.241615],[-51.097007,-30.241622],[-51.097139,-30.241711],[-51.097367,-30.241739],[-51.097457,-30.241824],[-51.097546,-30.24181],[-51.097596,-30.241902],[-51.097811,-30.241966],[-51.097866,-30.241917],[-51.09794,-30.241998],[-51.097999,-30.241953],[-51.098129,-30.241975],[-51.098207,-30.24189],[-51.098202,-30.242036],[-51.09834,-30.242118],[-51.098361,-30.242043],[-51.098409,-30.242162],[-51.098484,-30.242172],[-51.098515,-30.242255],[-51.098615,-30.242205],[-51.098745,-30.242327],[-51.099006,-30.24237],[-51.099039,-30.242437],[-51.099107,-30.242421],[-51.099138,-30.242477],[-51.099205,-30.242475],[-51.099347,-30.242579],[-51.099441,-30.242563],[-51.099437,-30.242615],[-51.099531,-30.242622],[-51.099637,-30.242757],[-51.099772,-30.242759],[-51.099832,-30.242867],[-51.099873,-30.242866],[-51.0999,-30.242786],[-51.099966,-30.24279],[-51.099996,-30.242877],[-51.100079,-30.2429],[-51.100014,-30.242937],[-51.100069,-30.243005],[-51.100193,-30.242953],[-51.100252,-30.242983],[-51.100204,-30.243021],[-51.100217,-30.243062],[-51.100358,-30.243034],[-51.100421,-30.243163],[-51.100413,-30.243265],[-51.100452,-30.243215],[-51.100516,-30.243313],[-51.100617,-30.243254],[-51.100632,-30.243426],[-51.100703,-30.243414],[-51.100745,-30.24348],[-51.100868,-30.2435],[-51.100949,-30.243646],[-51.10111,-30.243649],[-51.10109,-30.243745],[-51.101121,-30.243779],[-51.101166,-30.243763],[-51.101175,-30.243881],[-51.101353,-30.243918],[-51.101349,-30.244025],[-51.101426,-30.244095],[-51.101454,-30.244228],[-51.101613,-30.244383],[-51.101573,-30.244414],[-51.101603,-30.244504],[-51.101687,-30.244535],[-51.101658,-30.244632],[-51.101718,-30.244665],[-51.101696,-30.244754],[-51.10175,-30.244835],[-51.101735,-30.244948],[-51.10184,-30.245015],[-51.101832,-30.245115],[-51.101894,-30.245159],[-51.101918,-30.245322],[-51.102015,-30.245437],[-51.102079,-30.245461],[-51.10213,-30.245429],[-51.102103,-30.245515],[-51.102158,-30.245609],[-51.102313,-30.245663],[-51.102294,-30.245792],[-51.102367,-30.245803],[-51.102372,-30.245836],[-51.102249,-30.245908],[-51.1024,-30.245898],[-51.102532,-30.245987],[-51.102554,-30.246075],[-51.102768,-30.246079],[-51.102775,-30.246111],[-51.102714,-30.246138],[-51.10277,-30.246186],[-51.102904,-30.246108],[-51.102924,-30.245947],[-51.102988,-30.245897],[-51.10301,-30.245767],[-51.103093,-30.245771],[-51.103144,-30.245861],[-51.103193,-30.245859],[-51.103246,-30.245616],[-51.103333,-30.245652],[-51.103351,-30.245719],[-51.103496,-30.245735],[-51.103581,-30.245635],[-51.103749,-30.245587],[-51.10375,-30.245683],[-51.103801,-30.245714],[-51.103892,-30.245633],[-51.103904,-30.245462],[-51.103958,-30.24546],[-51.103959,-30.245526],[-51.104013,-30.24555],[-51.104117,-30.245469],[-51.104222,-30.245455],[-51.104286,-30.245362],[-51.104496,-30.245399],[-51.104539,-30.245446],[-51.10468,-30.245397],[-51.104682,-30.24546],[-51.104605,-30.245462],[-51.104585,-30.245504],[-51.10462,-30.245576],[-51.104689,-30.24553],[-51.10471,-30.245592],[-51.104891,-30.245402],[-51.104934,-30.245255],[-51.104986,-30.245243],[-51.105029,-30.244982],[-51.105123,-30.244861],[-51.105146,-30.244727],[-51.105103,-30.244465],[-51.10502,-30.244291],[-51.104951,-30.243895],[-51.104874,-30.243816],[-51.104883,-30.243736],[-51.105062,-30.243689],[-51.105055,-30.243526],[-51.104774,-30.243424],[-51.104662,-30.243337],[-51.104545,-30.243324],[-51.104454,-30.243227],[-51.104386,-30.243235],[-51.104258,-30.243069],[-51.104172,-30.243036],[-51.104143,-30.242906],[-51.104018,-30.242916],[-51.103886,-30.242781],[-51.103819,-30.242809],[-51.103804,-30.242694],[-51.10391,-30.242729],[-51.10414,-30.242644],[-51.104173,-30.242567],[-51.10428,-30.242514],[-51.104258,-30.242397],[-51.104325,-30.242369],[-51.104382,-30.242504],[-51.104253,-30.242588],[-51.104299,-30.242662],[-51.104254,-30.24266],[-51.104242,-30.242729],[-51.104308,-30.242734],[-51.104395,-30.242824],[-51.104597,-30.242791],[-51.104687,-30.242826],[-51.104714,-30.242787],[-51.10479,-30.242791],[-51.104766,-30.242894],[-51.104965,-30.242881],[-51.105174,-30.242955],[-51.105266,-30.243004],[-51.105375,-30.243136],[-51.105422,-30.242999],[-51.105513,-30.242956],[-51.105587,-30.242969],[-51.105788,-30.24289],[-51.105944,-30.242915],[-51.10599,-30.242829],[-51.10608,-30.242789],[-51.105983,-30.242706],[-51.106214,-30.242802],[-51.106219,-30.242747],[-51.106354,-30.242689],[-51.106432,-30.242588],[-51.106591,-30.242502],[-51.106659,-30.242527],[-51.106829,-30.242448],[-51.106952,-30.242338],[-51.107173,-30.242375],[-51.107178,-30.242418],[-51.1071,-30.242404],[-51.10713,-30.242461],[-51.107035,-30.242648],[-51.106985,-30.242662],[-51.106927,-30.242771],[-51.106876,-30.242772],[-51.106746,-30.242886],[-51.106758,-30.243119],[-51.106816,-30.243209],[-51.106755,-30.243279],[-51.106745,-30.243422],[-51.106861,-30.243719],[-51.106761,-30.243867],[-51.10676,-30.243974],[-51.106834,-30.244109],[-51.106889,-30.244132],[-51.106894,-30.244245],[-51.106989,-30.244266],[-51.10707,-30.244337],[-51.107137,-30.244538],[-51.107111,-30.244695],[-51.107156,-30.244813],[-51.107078,-30.244862],[-51.107086,-30.244923],[-51.107047,-30.244954],[-51.10711,-30.245168],[-51.107033,-30.245256],[-51.107025,-30.245392],[-51.107248,-30.245461],[-51.107299,-30.245435],[-51.107397,-30.245541],[-51.107319,-30.245717],[-51.1073,-30.245895],[-51.107206,-30.245962],[-51.107173,-30.24605],[-51.107021,-30.246108],[-51.106863,-30.246235],[-51.106775,-30.246249],[-51.106729,-30.246322],[-51.106675,-30.246289],[-51.10667,-30.246354],[-51.106605,-30.246374],[-51.106591,-30.246428],[-51.106527,-30.246435],[-51.106557,-30.246495],[-51.106485,-30.246563],[-51.106499,-30.246667],[-51.106373,-30.246752],[-51.106327,-30.246831],[-51.106431,-30.246891],[-51.106461,-30.246991],[-51.106165,-30.247166],[-51.106147,-30.247268],[-51.106207,-30.247305],[-51.10629,-30.247443],[-51.1063,-30.247545],[-51.106362,-30.247601],[-51.106303,-30.247798],[-51.106334,-30.247835],[-51.106192,-30.247986],[-51.106193,-30.248062],[-51.106122,-30.248124],[-51.106109,-30.248206],[-51.105796,-30.248404],[-51.105738,-30.248565],[-51.105786,-30.24865],[-51.105482,-30.24874],[-51.10538,-30.248927],[-51.105239,-30.249038],[-51.105204,-30.249119],[-51.105004,-30.2491],[-51.105052,-30.249239],[-51.104898,-30.249276],[-51.104896,-30.249336],[-51.104569,-30.249401],[-51.104277,-30.249515],[-51.103982,-30.24952],[-51.104005,-30.249578],[-51.103844,-30.249588],[-51.103818,-30.249677],[-51.103713,-30.249682],[-51.10369,-30.249723],[-51.103455,-30.249723],[-51.103369,-30.249675],[-51.103271,-30.249725],[-51.103257,-30.249669],[-51.103134,-30.249586],[-51.10298,-30.249606],[-51.102835,-30.249513],[-51.102737,-30.249522],[-51.102695,-30.24957],[-51.102591,-30.24956],[-51.10237,-30.249421],[-51.102247,-30.249492],[-51.10212,-30.249436],[-51.10214,-30.249531],[-51.102059,-30.249569],[-51.102066,-30.249648],[-51.101952,-30.249641],[-51.10197,-30.249728],[-51.101897,-30.249729],[-51.101898,-30.249797],[-51.102045,-30.249848],[-51.101954,-30.249895],[-51.101904,-30.25001],[-51.101979,-30.250077],[-51.102099,-30.250047],[-51.102083,-30.25016],[-51.102193,-30.250316],[-51.102097,-30.250362],[-51.102021,-30.250343],[-51.102026,-30.250399],[-51.102112,-30.25043],[-51.102119,-30.250467],[-51.102084,-30.250522],[-51.101983,-30.250553],[-51.101966,-30.250606],[-51.101882,-30.250609],[-51.101861,-30.250645],[-51.101923,-30.250705],[-51.101968,-30.250875],[-51.102062,-30.250943],[-51.102,-30.25096],[-51.102026,-30.251059],[-51.102203,-30.251035],[-51.102229,-30.251121],[-51.102308,-30.251135],[-51.102213,-30.251256],[-51.102352,-30.251321],[-51.102288,-30.251471],[-51.102396,-30.251555],[-51.102302,-30.251596],[-51.102225,-30.251572],[-51.102212,-30.251658],[-51.102258,-30.251688],[-51.102244,-30.251773],[-51.102336,-30.251783],[-51.10227,-30.251873],[-51.102431,-30.251845],[-51.10236,-30.251979],[-51.10248,-30.251969],[-51.102574,-30.252226],[-51.102345,-30.2524],[-51.102239,-30.252427],[-51.102208,-30.252572],[-51.102301,-30.252593],[-51.102324,-30.252734],[-51.102225,-30.252815],[-51.102338,-30.25284],[-51.102352,-30.252889],[-51.102258,-30.252879],[-51.102282,-30.252934],[-51.102225,-30.252981],[-51.102246,-30.253021],[-51.102139,-30.253015],[-51.102136,-30.253079],[-51.102071,-30.253068],[-51.102047,-30.253152],[-51.101941,-30.253127],[-51.101841,-30.253193],[-51.101858,-30.253274],[-51.102085,-30.253273],[-51.102017,-30.253314],[-51.101958,-30.253296],[-51.101867,-30.25338],[-51.101869,-30.253426],[-51.101809,-30.253441],[-51.1019,-30.253538],[-51.101813,-30.253494],[-51.101781,-30.253545],[-51.101862,-30.253644],[-51.101953,-30.25363],[-51.102032,-30.253665],[-51.101991,-30.253723],[-51.102051,-30.25381],[-51.102004,-30.253863],[-51.101979,-30.25381],[-51.10192,-30.253797],[-51.101922,-30.253843],[-51.101816,-30.25396],[-51.101751,-30.253976],[-51.101747,-30.254046],[-51.101658,-30.254119],[-51.101669,-30.254166],[-51.101734,-30.254146],[-51.10175,-30.254205],[-51.101718,-30.254273],[-51.101628,-30.254313],[-51.101693,-30.254377],[-51.10161,-30.254398],[-51.101557,-30.254474],[-51.101581,-30.254538],[-51.101519,-30.254566],[-51.101526,-30.25467],[-51.101453,-30.254719],[-51.101462,-30.254823],[-51.101332,-30.254857],[-51.10129,-30.254909],[-51.101347,-30.25506],[-51.101279,-30.255064],[-51.101267,-30.255104],[-51.101331,-30.255177],[-51.101258,-30.255175],[-51.101141,-30.255314],[-51.101249,-30.255433],[-51.101255,-30.255573],[-51.101431,-30.255599],[-51.101459,-30.255755],[-51.101402,-30.255824],[-51.101358,-30.255798],[-51.101308,-30.255828],[-51.101358,-30.255844],[-51.1014,-30.255958],[-51.101228,-30.255908],[-51.101166,-30.255926],[-51.101146,-30.255995],[-51.101067,-30.256003],[-51.101105,-30.256092],[-51.100916,-30.256075],[-51.100905,-30.256169],[-51.100837,-30.25609],[-51.100659,-30.256122],[-51.100561,-30.256183],[-51.100565,-30.256237],[-51.10042,-30.256318],[-51.100352,-30.25648],[-51.100245,-30.256509],[-51.100147,-30.256618],[-51.100077,-30.256584],[-51.099983,-30.256794],[-51.099922,-30.256785],[-51.09988,-30.256691],[-51.099773,-30.256689],[-51.099517,-30.25686],[-51.099468,-30.256939],[-51.099361,-30.256931],[-51.099337,-30.256985],[-51.099255,-30.256953],[-51.099168,-30.257028],[-51.099065,-30.257046],[-51.099027,-30.257103],[-51.099035,-30.257171],[-51.099085,-30.2572],[-51.099041,-30.257207],[-51.099087,-30.257217],[-51.0991,-30.257328],[-51.099214,-30.25738],[-51.099286,-30.257546],[-51.09946,-30.257628],[-51.099492,-30.257754],[-51.099696,-30.257769],[-51.09972,-30.257833],[-51.099941,-30.257885],[-51.099968,-30.257921],[-51.099939,-30.257975],[-51.100041,-30.257943],[-51.100378,-30.257969],[-51.10057,-30.258148],[-51.100523,-30.258177],[-51.100591,-30.258285],[-51.100779,-30.2583],[-51.100791,-30.258333],[-51.100724,-30.258371],[-51.100759,-30.258408],[-51.100852,-30.258358],[-51.100912,-30.258379],[-51.100932,-30.258424],[-51.100872,-30.258474],[-51.100947,-30.258515],[-51.100957,-30.258595],[-51.101116,-30.25871],[-51.101118,-30.25878],[-51.101208,-30.258847],[-51.101326,-30.259039],[-51.101291,-30.259169],[-51.101391,-30.259295],[-51.101662,-30.259361],[-51.101761,-30.259347],[-51.101983,-30.259424],[-51.102243,-30.259356],[-51.102487,-30.259466],[-51.10258,-30.259573],[-51.102646,-30.259548],[-51.10265,-30.259617],[-51.102745,-30.25954],[-51.102836,-30.25962],[-51.102893,-30.259568],[-51.103012,-30.259643],[-51.103203,-30.259632],[-51.103252,-30.259689],[-51.10354,-30.25974],[-51.103949,-30.259947],[-51.104032,-30.259958],[-51.104081,-30.259884],[-51.104193,-30.259947],[-51.104469,-30.259878],[-51.104628,-30.259966],[-51.104821,-30.259934],[-51.104924,-30.259875],[-51.105015,-30.259883],[-51.105032,-30.259759],[-51.105083,-30.259694],[-51.105208,-30.259667],[-51.105517,-30.25945],[-51.105641,-30.259425],[-51.10569,-30.259335],[-51.10578,-30.259333],[-51.105993,-30.259196],[-51.10606,-30.259082],[-51.106254,-30.259092],[-51.106349,-30.259013],[-51.106446,-30.25903],[-51.106521,-30.258958],[-51.106508,-30.258861],[-51.106304,-30.258805],[-51.106234,-30.258693],[-51.106108,-30.258664],[-51.106075,-30.258598],[-51.105978,-30.258595],[-51.106032,-30.258494],[-51.105975,-30.258356],[-51.106009,-30.258289],[-51.105931,-30.258216],[-51.106016,-30.258096],[-51.105972,-30.258011],[-51.106012,-30.257932],[-51.106134,-30.257926],[-51.106057,-30.257866],[-51.106034,-30.257791],[-51.106076,-30.257746],[-51.105996,-30.257706],[-51.106067,-30.257618],[-51.106014,-30.257436],[-51.105814,-30.257331],[-51.105687,-30.257183],[-51.105583,-30.257154],[-51.105603,-30.257096],[-51.105653,-30.257103],[-51.105596,-30.257051],[-51.105265,-30.256931],[-51.105222,-30.256976],[-51.10514,-30.256971],[-51.105074,-30.256878],[-51.104992,-30.256895],[-51.104917,-30.256819],[-51.104747,-30.256822],[-51.104675,-30.256744],[-51.104723,-30.256692],[-51.104824,-30.256731],[-51.104845,-30.256679],[-51.104686,-30.256563],[-51.10465,-30.256598],[-51.104605,-30.256581],[-51.104563,-30.256344],[-51.104485,-30.256341],[-51.104457,-30.256266],[-51.104572,-30.256275],[-51.104684,-30.256226],[-51.104708,-30.256175],[-51.104552,-30.256105],[-51.104647,-30.256002],[-51.104591,-30.255938],[-51.10451,-30.255925],[-51.104577,-30.255818],[-51.104469,-30.255722],[-51.104463,-30.255613],[-51.104398,-30.255578],[-51.104422,-30.255508],[-51.104342,-30.255415],[-51.104405,-30.25534],[-51.104327,-30.255212],[-51.104385,-30.255134],[-51.104375,-30.255051],[-51.104316,-30.254928],[-51.10417,-30.254795],[-51.104157,-30.254713],[-51.104017,-30.254634],[-51.103979,-30.25456],[-51.103994,-30.254407],[-51.104067,-30.254412],[-51.104047,-30.254323],[-51.104119,-30.25431],[-51.1041,-30.254237],[-51.104147,-30.254054],[-51.104105,-30.254009],[-51.104199,-30.253988],[-51.104315,-30.254044],[-51.104413,-30.254017],[-51.10434,-30.253978],[-51.104408,-30.253957],[-51.104373,-30.25389],[-51.104401,-30.25383],[-51.104355,-30.253786],[-51.104217,-30.253814],[-51.104189,-30.253944],[-51.104115,-30.253895],[-51.104108,-30.25379],[-51.104063,-30.253799],[-51.104042,-30.253742],[-51.103994,-30.253789],[-51.103983,-30.253895],[-51.103933,-30.253899],[-51.103954,-30.253768],[-51.104049,-30.253682],[-51.104078,-30.25351],[-51.104051,-30.25346],[-51.104103,-30.253397],[-51.104084,-30.253499],[-51.104168,-30.253447],[-51.104211,-30.253616],[-51.104259,-30.253629],[-51.104301,-30.253589],[-51.104283,-30.25346],[-51.104356,-30.253435],[-51.104267,-30.253205],[-51.104376,-30.253154],[-51.104319,-30.253077],[-51.104393,-30.253068],[-51.104409,-30.253016],[-51.10433,-30.252821],[-51.104459,-30.252739],[-51.104467,-30.252703],[-51.104413,-30.252702],[-51.104449,-30.252635],[-51.104416,-30.25258],[-51.104532,-30.252492],[-51.10453,-30.25235],[-51.104584,-30.252326],[-51.104688,-30.252143],[-51.104853,-30.252073],[-51.104862,-30.251962],[-51.105001,-30.251919],[-51.104986,-30.251847],[-51.105088,-30.251751],[-51.105236,-30.251787],[-51.105324,-30.251754],[-51.105308,-30.251806],[-51.105348,-30.251852],[-51.105411,-30.251896],[-51.105456,-30.251876],[-51.105394,-30.251794],[-51.105366,-30.251525],[-51.105497,-30.2515],[-51.105526,-30.251532],[-51.105499,-30.251591],[-51.105547,-30.251654],[-51.105649,-30.251674],[-51.105653,-30.251627],[-51.10558,-30.25155],[-51.105739,-30.251465],[-51.1057,-30.251403],[-51.105728,-30.251213],[-51.105675,-30.251155],[-51.105752,-30.251143],[-51.105872,-30.250981],[-51.106025,-30.250922],[-51.106201,-30.250751],[-51.106279,-30.250751],[-51.106611,-30.250397],[-51.106688,-30.250394],[-51.106717,-30.250256],[-51.106855,-30.250196],[-51.106842,-30.250051],[-51.106955,-30.250044],[-51.107001,-30.249937],[-51.107083,-30.249875],[-51.107191,-30.249875],[-51.107245,-30.249817],[-51.107331,-30.249849],[-51.107334,-30.24978],[-51.107422,-30.249821],[-51.10742,-30.249752],[-51.107596,-30.249622],[-51.107665,-30.249622],[-51.107699,-30.249541],[-51.10783,-30.249575],[-51.10783,-30.249483],[-51.107926,-30.249477],[-51.108026,-30.249344],[-51.108133,-30.249306],[-51.108193,-30.24933],[-51.108489,-30.249163],[-51.108699,-30.249101],[-51.10874,-30.249115],[-51.108713,-30.249177],[-51.108865,-30.249162],[-51.108996,-30.249029],[-51.109015,-30.24913],[-51.109064,-30.249096],[-51.109114,-30.249113],[-51.109108,-30.249006],[-51.109166,-30.248973],[-51.109189,-30.248847],[-51.109293,-30.248779],[-51.109225,-30.248529],[-51.109175,-30.248511],[-51.109176,-30.248425],[-51.109211,-30.248401],[-51.109267,-30.248453],[-51.109336,-30.248425],[-51.109328,-30.248312],[-51.109432,-30.248284],[-51.109439,-30.248232],[-51.109495,-30.248244],[-51.109557,-30.248341],[-51.109655,-30.248283],[-51.109655,-30.24823],[-51.10974,-30.2482],[-51.109732,-30.248141],[-51.109879,-30.248139],[-51.110036,-30.248036],[-51.110098,-30.24804],[-51.110231,-30.248156],[-51.110362,-30.248009],[-51.110576,-30.247962],[-51.11077,-30.24802],[-51.110819,-30.248081],[-51.110911,-30.247936],[-51.110939,-30.248093],[-51.110981,-30.248126],[-51.111083,-30.247993],[-51.111155,-30.247976],[-51.111141,-30.247808],[-51.111081,-30.247826],[-51.111045,-30.247713],[-51.11114,-30.24774],[-51.111203,-30.247674],[-51.111242,-30.247764],[-51.111336,-30.247777],[-51.111367,-30.247693],[-51.111286,-30.247614],[-51.111356,-30.247535],[-51.111448,-30.247625],[-51.111459,-30.247713],[-51.111518,-30.247717],[-51.111538,-30.247667],[-51.111495,-30.247581],[-51.111564,-30.247562],[-51.111554,-30.247459],[-51.111601,-30.247534],[-51.11164,-30.24748],[-51.111672,-30.24749],[-51.111686,-30.247621],[-51.111808,-30.24762],[-51.11178,-30.247394],[-51.111662,-30.247356],[-51.111737,-30.247296],[-51.111707,-30.247187],[-51.111834,-30.247191],[-51.11178,-30.247278],[-51.111871,-30.247315],[-51.111851,-30.247477],[-51.111963,-30.247569],[-51.112,-30.24754],[-51.111917,-30.247404],[-51.111954,-30.247371],[-51.112032,-30.247431],[-51.111999,-30.247332],[-51.112161,-30.247328],[-51.112237,-30.247467],[-51.1123,-30.247495],[-51.112227,-30.2473],[-51.112288,-30.247268],[-51.112301,-30.247201],[-51.112486,-30.247262],[-51.11256,-30.247201],[-51.112581,-30.247247],[-51.112503,-30.247321],[-51.112513,-30.247398],[-51.112713,-30.247284],[-51.112705,-30.246855],[-51.112766,-30.246888],[-51.112767,-30.246972],[-51.112853,-30.247078],[-51.112866,-30.247155],[-51.11295,-30.247178],[-51.112962,-30.247251],[-51.113002,-30.247257],[-51.11311,-30.246966],[-51.113182,-30.246948],[-51.113192,-30.24686],[-51.113256,-30.246797],[-51.113249,-30.246734],[-51.11335,-30.246756],[-51.113385,-30.246634],[-51.113442,-30.246585],[-51.113544,-30.246604],[-51.113487,-30.246543],[-51.113357,-30.246559],[-51.113373,-30.2465],[-51.113316,-30.246409],[-51.11346,-30.246259],[-51.113644,-30.246274],[-51.113784,-30.246229],[-51.113807,-30.246179],[-51.114067,-30.246111],[-51.114405,-30.246144],[-51.11451,-30.24607],[-51.114622,-30.246082],[-51.114677,-30.245973],[-51.114967,-30.246018],[-51.115036,-30.245974],[-51.115126,-30.245979],[-51.115139,-30.245904],[-51.115417,-30.245974],[-51.115534,-30.245899],[-51.115628,-30.245902],[-51.115701,-30.245946],[-51.115727,-30.246019],[-51.115756,-30.245945],[-51.1158,-30.246001],[-51.115905,-30.24594],[-51.116081,-30.245987],[-51.116081,-30.245898],[-51.116147,-30.245951],[-51.11633,-30.245894],[-51.11653,-30.245676],[-51.116752,-30.245757],[-51.116874,-30.245661],[-51.116877,-30.245736],[-51.116947,-30.245681],[-51.116957,-30.245748],[-51.116997,-30.245755],[-51.117052,-30.245727],[-51.117099,-30.245597],[-51.117217,-30.245549],[-51.117257,-30.245586],[-51.117296,-30.245557],[-51.117433,-30.245604],[-51.117458,-30.245668],[-51.117513,-30.245479],[-51.117581,-30.245435],[-51.117944,-30.245487],[-51.118091,-30.24547],[-51.118194,-30.245608],[-51.118283,-30.245658],[-51.11833,-30.24564],[-51.118296,-30.245616],[-51.118325,-30.24559],[-51.118596,-30.245636],[-51.118726,-30.245565],[-51.119149,-30.245639],[-51.119447,-30.240172],[-51.119903,-30.23443],[-51.114729,-30.23144],[-51.114242,-30.231243],[-51.114213,-30.230941],[-51.113777,-30.229003],[-51.113645,-30.228259],[-51.113649,-30.22758],[-51.113895,-30.226398],[-51.113922,-30.226067],[-51.113831,-30.224677],[-51.113576,-30.222994],[-51.112933,-30.219881],[-51.10926,-30.220024],[-51.106415,-30.219802],[-51.102816,-30.219367],[-51.102225,-30.219173],[-51.101118,-30.218669],[-51.101449,-30.21848],[-51.106984,-30.214566],[-51.107272,-30.214275],[-51.108444,-30.212747],[-51.10979,-30.211217],[-51.107796,-30.210053],[-51.106839,-30.209179],[-51.106167,-30.208742],[-51.105786,-30.208552],[-51.105676,-30.208513],[-51.091783,-30.210689],[-51.091306,-30.210904],[-51.091077,-30.21093],[-51.090953,-30.210935]]]}},{"type":"Feature","properties":{"name":"Jardim Itu","code":205},"geometry":{"type":"Polygon","coordinates":[[[-51.130813,-30.01125],[-51.131236,-30.017791],[-51.131613,-30.026559],[-51.131642,-30.026704],[-51.131671,-30.026853],[-51.13247,-30.028818],[-51.132856,-30.029737],[-51.133002,-30.029972],[-51.13329,-30.030306],[-51.133598,-30.030606],[-51.134443,-30.030356],[-51.134916,-30.030909],[-51.13926,-30.029646],[-51.138807,-30.028529],[-51.138793,-30.027558],[-51.14365,-30.027548],[-51.143658,-30.027982],[-51.143715,-30.027954],[-51.143814,-30.027896],[-51.144421,-30.027409],[-51.144483,-30.027357],[-51.144578,-30.027327],[-51.145209,-30.02732],[-51.146354,-30.027332],[-51.1464,-30.026668],[-51.145616,-30.026663],[-51.144987,-30.02666],[-51.144354,-30.019566],[-51.143557,-30.019511],[-51.143496,-30.018799],[-51.143946,-30.018832],[-51.143885,-30.01817],[-51.14388,-30.01808],[-51.143344,-30.018041],[-51.142759,-30.016736],[-51.142555,-30.016532],[-51.142448,-30.016457],[-51.142371,-30.016429],[-51.142391,-30.016289],[-51.14243,-30.016217],[-51.142512,-30.016149],[-51.143323,-30.015254],[-51.143549,-30.015237],[-51.143017,-30.009929],[-51.141485,-30.009671],[-51.141172,-30.009662],[-51.140874,-30.009694],[-51.140492,-30.009781],[-51.138451,-30.010341],[-51.137896,-30.010406],[-51.135031,-30.009948],[-51.134834,-30.009925],[-51.134697,-30.009922],[-51.134592,-30.009923],[-51.134284,-30.009951],[-51.134046,-30.01],[-51.13379,-30.010076],[-51.131463,-30.010992],[-51.130813,-30.01125]]]}},{"type":"Feature","properties":{"name":"Passo Da Areia","code":146},"geometry":{"type":"Polygon","coordinates":[[[-51.162266,-30.011013],[-51.162047,-30.010979],[-51.16149,-30.015147],[-51.16084,-30.019551],[-51.161461,-30.020284],[-51.1615,-30.020346],[-51.163915,-30.020591],[-51.164022,-30.019805],[-51.164887,-30.020094],[-51.165528,-30.020462],[-51.165904,-30.020607],[-51.167278,-30.021296],[-51.171201,-30.021883],[-51.171598,-30.018618],[-51.17514,-30.018829],[-51.175191,-30.018769],[-51.175316,-30.018478],[-51.176764,-30.018945],[-51.178099,-30.019613],[-51.178555,-30.014331],[-51.178572,-30.014031],[-51.178513,-30.013821],[-51.178821,-30.01077],[-51.179015,-30.01086],[-51.179178,-30.010926],[-51.180372,-30.010956],[-51.180563,-30.010914],[-51.180651,-30.010914],[-51.180629,-30.011508],[-51.181792,-30.011531],[-51.181827,-30.009969],[-51.181854,-30.00856],[-51.180571,-30.008681],[-51.178909,-30.008666],[-51.178713,-30.008626],[-51.177588,-30.00856],[-51.176382,-30.008425],[-51.175823,-30.008357],[-51.173956,-30.007983],[-51.172782,-30.008071],[-51.172604,-30.007987],[-51.169743,-30.007837],[-51.169525,-30.007932],[-51.169386,-30.007936],[-51.167232,-30.007627],[-51.167066,-30.007547],[-51.166997,-30.007554],[-51.166932,-30.007601],[-51.166912,-30.007646],[-51.166934,-30.007788],[-51.166613,-30.009497],[-51.166573,-30.009567],[-51.166548,-30.009601],[-51.166161,-30.011705],[-51.162633,-30.011081],[-51.162266,-30.011013]]]}},{"type":"Feature","properties":{"name":"Cristo Redentor","code":120},"geometry":{"type":"Polygon","coordinates":[[[-51.150041,-30.010505],[-51.150207,-30.014173],[-51.150243,-30.01557],[-51.150272,-30.016994],[-51.152449,-30.016919],[-51.152401,-30.01729],[-51.15428,-30.017438],[-51.161063,-30.018091],[-51.162047,-30.010979],[-51.162266,-30.011013],[-51.162744,-30.008091],[-51.162741,-30.007923],[-51.163021,-30.007606],[-51.163148,-30.007414],[-51.163354,-30.006904],[-51.163564,-30.005682],[-51.163524,-30.005482],[-51.163446,-30.005298],[-51.163012,-30.004745],[-51.162897,-30.004622],[-51.162749,-30.004509],[-51.162605,-30.004413],[-51.162451,-30.004332],[-51.162264,-30.00428],[-51.161607,-30.004258],[-51.160251,-30.004849],[-51.160078,-30.00457],[-51.159925,-30.004414],[-51.159772,-30.004315],[-51.159587,-30.00422],[-51.159361,-30.004135],[-51.159171,-30.004105],[-51.158819,-30.004084],[-51.158579,-30.004121],[-51.158513,-30.004183],[-51.158375,-30.004228],[-51.158058,-30.004296],[-51.157771,-30.004322],[-51.157324,-30.00429],[-51.156834,-30.004198],[-51.156624,-30.004205],[-51.155782,-30.004212],[-51.155335,-30.004179],[-51.15486,-30.004086],[-51.154876,-30.005068],[-51.153961,-30.005056],[-51.153903,-30.006072],[-51.154266,-30.006084],[-51.154457,-30.006122],[-51.154559,-30.006198],[-51.154644,-30.006298],[-51.15469,-30.006418],[-51.154699,-30.006611],[-51.154185,-30.010413],[-51.150041,-30.010505],[-51.150041,-30.010505]]]}},{"type":"Feature","properties":{"name":"Vila Jardim","code":175},"geometry":{"type":"Polygon","coordinates":[[[-51.147144,-30.027329],[-51.147617,-30.03001],[-51.14766,-30.030049],[-51.147681,-30.030757],[-51.147712,-30.031417],[-51.147876,-30.033034],[-51.14794,-30.033372],[-51.14851,-30.034605],[-51.14868,-30.035387],[-51.148714,-30.035747],[-51.148913,-30.03643],[-51.148797,-30.036433],[-51.149747,-30.041737],[-51.151099,-30.041515],[-51.151518,-30.041524],[-51.152766,-30.04166],[-51.153722,-30.041577],[-51.158501,-30.040943],[-51.159431,-30.040731],[-51.158413,-30.039528],[-51.158349,-30.039407],[-51.158026,-30.03781],[-51.158059,-30.037636],[-51.158389,-30.036832],[-51.158563,-30.03622],[-51.158857,-30.035165],[-51.159112,-30.034543],[-51.159514,-30.03371],[-51.159578,-30.033486],[-51.159618,-30.033206],[-51.159652,-30.032192],[-51.159622,-30.031928],[-51.158822,-30.0309],[-51.158567,-30.030475],[-51.158477,-30.030124],[-51.158467,-30.029821],[-51.158485,-30.029641],[-51.158694,-30.028441],[-51.155993,-30.030103],[-51.155513,-30.030474],[-51.155478,-30.030429],[-51.155412,-30.030344],[-51.155321,-30.029801],[-51.155081,-30.029284],[-51.155,-30.02914],[-51.15491,-30.029001],[-51.154217,-30.028127],[-51.15408,-30.028127],[-51.153588,-30.027781],[-51.152815,-30.027303],[-51.152675,-30.027383],[-51.15246,-30.02736],[-51.151624,-30.027323],[-51.150742,-30.027371],[-51.149125,-30.027353],[-51.147144,-30.027329]]]}},{"type":"Feature","properties":{"name":"Jardim Europa","code":204},"geometry":{"type":"Polygon","coordinates":[[[-51.1615,-30.020346],[-51.161396,-30.021144],[-51.15868,-30.02124],[-51.15782,-30.021309],[-51.156972,-30.021369],[-51.156071,-30.021304],[-51.155828,-30.021254],[-51.155408,-30.021204],[-51.155074,-30.02107],[-51.154832,-30.020931],[-51.154751,-30.021121],[-51.154071,-30.026203],[-51.153243,-30.026116],[-51.153109,-30.026243],[-51.15296,-30.026331],[-51.152815,-30.027303],[-51.153588,-30.027781],[-51.15408,-30.028127],[-51.154217,-30.028127],[-51.15491,-30.029001],[-51.155,-30.02914],[-51.155081,-30.029284],[-51.155321,-30.029801],[-51.155412,-30.030344],[-51.155478,-30.030429],[-51.155513,-30.030474],[-51.155993,-30.030103],[-51.15851,-30.028533],[-51.158905,-30.028326],[-51.159291,-30.028185],[-51.159513,-30.028124],[-51.159751,-30.028076],[-51.159942,-30.028055],[-51.160067,-30.028045],[-51.161874,-30.028022],[-51.16324,-30.02806],[-51.163259,-30.027154],[-51.163264,-30.026722],[-51.163237,-30.026232],[-51.163386,-30.023206],[-51.163424,-30.022844],[-51.163783,-30.021467],[-51.163915,-30.020591],[-51.16157,-30.020338],[-51.1615,-30.020346]]]}},{"type":"Feature","properties":{"name":"Mário Quintana","code":188},"geometry":{"type":"Polygon","coordinates":[[[-51.09848,-30.048361],[-51.098504,-30.048585],[-51.098734,-30.048589],[-51.098849,-30.04853],[-51.09905,-30.048512],[-51.099143,-30.048588],[-51.099229,-30.048757],[-51.099411,-30.048816],[-51.09974,-30.048754],[-51.100117,-30.048595],[-51.100638,-30.048606],[-51.10089,-30.048477],[-51.101415,-30.048533],[-51.101778,-30.048744],[-51.102266,-30.048917],[-51.102271,-30.048992],[-51.102393,-30.049072],[-51.102522,-30.049105],[-51.102755,-30.049093],[-51.102977,-30.049211],[-51.10303,-30.049201],[-51.103099,-30.049092],[-51.103339,-30.048987],[-51.103564,-30.048966],[-51.103869,-30.048827],[-51.104086,-30.048831],[-51.104154,-30.048878],[-51.10425,-30.049072],[-51.104479,-30.049368],[-51.105377,-30.049543],[-51.105707,-30.049753],[-51.105865,-30.049766],[-51.106271,-30.049899],[-51.106538,-30.049852],[-51.106833,-30.049876],[-51.107819,-30.050294],[-51.107606,-30.046864],[-51.107078,-30.040991],[-51.107957,-30.040748],[-51.108906,-30.040332],[-51.111739,-30.038637],[-51.112118,-30.038448],[-51.112515,-30.038351],[-51.113517,-30.038329],[-51.11566,-30.038097],[-51.118147,-30.03795],[-51.118668,-30.037987],[-51.119718,-30.038197],[-51.121097,-30.038606],[-51.122363,-30.038664],[-51.121987,-30.036369],[-51.1202,-30.026814],[-51.120153,-30.025763],[-51.114326,-30.026201],[-51.114295,-30.025803],[-51.113475,-30.025871],[-51.113266,-30.023501],[-51.110028,-30.023737],[-51.110263,-30.026552],[-51.108825,-30.026676],[-51.108753,-30.025965],[-51.107975,-30.026028],[-51.107987,-30.026264],[-51.108002,-30.026564],[-51.107977,-30.0268],[-51.107849,-30.027198],[-51.107635,-30.027191],[-51.104551,-30.027194],[-51.10448,-30.026383],[-51.104464,-30.025808],[-51.104298,-30.025818],[-51.103409,-30.025812],[-51.101002,-30.025668],[-51.101004,-30.025185],[-51.101002,-30.024996],[-51.100577,-30.022374],[-51.100531,-30.021832],[-51.10047,-30.021128],[-51.100368,-30.020588],[-51.100262,-30.020411],[-51.09767,-30.020245],[-51.094445,-30.02015],[-51.0869,-30.022319],[-51.086764,-30.022517],[-51.086512,-30.022663],[-51.086395,-30.022797],[-51.08627,-30.023105],[-51.086209,-30.024596],[-51.086113,-30.025143],[-51.086158,-30.02523],[-51.086188,-30.025264],[-51.086614,-30.025433],[-51.086744,-30.025514],[-51.086894,-30.025618],[-51.087064,-30.025686],[-51.087326,-30.025749],[-51.087548,-30.025841],[-51.087683,-30.025914],[-51.087761,-30.026009],[-51.087797,-30.026082],[-51.087882,-30.026654],[-51.087836,-30.026946],[-51.087654,-30.027279],[-51.087287,-30.027476],[-51.087096,-30.02766],[-51.087096,-30.02784],[-51.087244,-30.028346],[-51.08731,-30.028823],[-51.08745,-30.029081],[-51.087911,-30.029229],[-51.088229,-30.029248],[-51.088395,-30.02935],[-51.088378,-30.029566],[-51.088296,-30.029789],[-51.088491,-30.029958],[-51.088541,-30.030393],[-51.08862,-30.030494],[-51.088616,-30.030554],[-51.088919,-30.030697],[-51.08919,-30.030689],[-51.089358,-30.030823],[-51.089459,-30.031052],[-51.089471,-30.031692],[-51.089636,-30.032652],[-51.089662,-30.033621],[-51.089984,-30.034044],[-51.090034,-30.034089],[-51.090094,-30.034126],[-51.090265,-30.034182],[-51.090296,-30.034258],[-51.090214,-30.034388],[-51.089931,-30.034509],[-51.089759,-30.034698],[-51.089629,-30.035282],[-51.08943,-30.03581],[-51.089237,-30.035979],[-51.088956,-30.036129],[-51.088471,-30.036472],[-51.088387,-30.036564],[-51.088319,-30.036641],[-51.088021,-30.037118],[-51.087819,-30.037341],[-51.08728,-30.037596],[-51.086703,-30.037946],[-51.086675,-30.037978],[-51.086654,-30.038017],[-51.086664,-30.038218],[-51.086758,-30.038382],[-51.087267,-30.038784],[-51.087246,-30.038975],[-51.087013,-30.039172],[-51.086964,-30.039383],[-51.08718,-30.039658],[-51.087503,-30.03989],[-51.087513,-30.040224],[-51.087701,-30.040599],[-51.087785,-30.04109],[-51.087653,-30.04143],[-51.087461,-30.041735],[-51.087289,-30.041885],[-51.087197,-30.042045],[-51.08717,-30.042534],[-51.086966,-30.042958],[-51.086745,-30.043907],[-51.086414,-30.044712],[-51.086346,-30.045185],[-51.086249,-30.045524],[-51.086102,-30.045675],[-51.085926,-30.045634],[-51.085747,-30.04551],[-51.085529,-30.045586],[-51.085076,-30.045951],[-51.08485,-30.046192],[-51.084675,-30.046305],[-51.084418,-30.046858],[-51.084444,-30.047177],[-51.084326,-30.047345],[-51.08439,-30.047401],[-51.084368,-30.047513],[-51.084574,-30.047688],[-51.084906,-30.047853],[-51.085425,-30.047928],[-51.085959,-30.047581],[-51.086098,-30.047332],[-51.086311,-30.047304],[-51.086556,-30.047349],[-51.0868,-30.047299],[-51.086899,-30.047176],[-51.086982,-30.047144],[-51.087277,-30.04716],[-51.087413,-30.046926],[-51.087339,-30.046779],[-51.087555,-30.046691],[-51.087672,-30.046725],[-51.08779,-30.046987],[-51.08791,-30.047112],[-51.088242,-30.047274],[-51.088293,-30.047269],[-51.088332,-30.047153],[-51.08836,-30.04713],[-51.088399,-30.04712],[-51.088719,-30.047167],[-51.089018,-30.047325],[-51.089324,-30.047191],[-51.089548,-30.047264],[-51.090091,-30.047283],[-51.09049,-30.047411],[-51.090973,-30.04764],[-51.091372,-30.047722],[-51.091402,-30.047736],[-51.091439,-30.047766],[-51.091474,-30.047899],[-51.091655,-30.048047],[-51.091995,-30.048141],[-51.09235,-30.048315],[-51.093033,-30.048394],[-51.093164,-30.048441],[-51.093266,-30.048574],[-51.093319,-30.048873],[-51.093435,-30.049048],[-51.093744,-30.049282],[-51.094134,-30.049832],[-51.094574,-30.050256],[-51.095454,-30.050445],[-51.095649,-30.050413],[-51.095906,-30.050498],[-51.096065,-30.05047],[-51.096326,-30.050243],[-51.096519,-30.050196],[-51.096757,-30.049931],[-51.096982,-30.049797],[-51.097155,-30.04936],[-51.097501,-30.048963],[-51.097646,-30.048624],[-51.097659,-30.048444],[-51.097721,-30.04835],[-51.098054,-30.048388],[-51.098346,-30.048305],[-51.098474,-30.048331],[-51.09848,-30.048361]]]}},{"type":"Feature","properties":{"name":"Boa Vista","code":110},"geometry":{"type":"Polygon","coordinates":[[[-51.163915,-30.020591],[-51.163783,-30.021467],[-51.163424,-30.022844],[-51.163386,-30.023206],[-51.163237,-30.026232],[-51.163264,-30.026722],[-51.163259,-30.027154],[-51.16324,-30.02806],[-51.169651,-30.028225],[-51.17099,-30.028058],[-51.17226,-30.027617],[-51.172667,-30.027521],[-51.173145,-30.027467],[-51.173647,-30.02748],[-51.17448,-30.027655],[-51.18091,-30.029487],[-51.181753,-30.027507],[-51.184567,-30.021948],[-51.184028,-30.021826],[-51.178767,-30.019914],[-51.176764,-30.018945],[-51.175316,-30.018478],[-51.175191,-30.018769],[-51.17514,-30.018829],[-51.171598,-30.018618],[-51.171201,-30.021883],[-51.167278,-30.021296],[-51.165904,-30.020607],[-51.165528,-30.020462],[-51.164887,-30.020094],[-51.164022,-30.019805],[-51.16402,-30.019819],[-51.163939,-30.020416],[-51.163915,-30.020591]]]}},{"type":"Feature","properties":{"name":"Jardim Leopoldina","code":206},"geometry":{"type":"Polygon","coordinates":[[[-51.112301,-30.01523],[-51.112044,-30.015221],[-51.111867,-30.015213],[-51.111293,-30.015286],[-51.109066,-30.016119],[-51.108824,-30.016191],[-51.108467,-30.016273],[-51.108116,-30.016318],[-51.107746,-30.016346],[-51.106931,-30.016312],[-51.106967,-30.016466],[-51.107018,-30.016781],[-51.107975,-30.026028],[-51.108753,-30.025965],[-51.108825,-30.026676],[-51.110263,-30.026552],[-51.110028,-30.023737],[-51.113266,-30.023501],[-51.113475,-30.025871],[-51.114295,-30.025803],[-51.114326,-30.026201],[-51.120153,-30.025763],[-51.120025,-30.023638],[-51.119167,-30.014992],[-51.116083,-30.015515],[-51.115819,-30.015519],[-51.115611,-30.015505],[-51.114331,-30.01534],[-51.112841,-30.015251],[-51.112301,-30.01523]]]}},{"type":"Feature","properties":{"name":"Farroupilha","code":123},"geometry":{"type":"Polygon","coordinates":[[[-51.208968,-30.036794],[-51.209357,-30.037071],[-51.216381,-30.041186],[-51.219858,-30.036702],[-51.220211,-30.036131],[-51.221296,-30.034748],[-51.221081,-30.034619],[-51.220916,-30.034494],[-51.220678,-30.034248],[-51.220743,-30.03424],[-51.221477,-30.03415],[-51.221527,-30.03412],[-51.221583,-30.034033],[-51.22159,-30.033976],[-51.220523,-30.032333],[-51.215373,-30.033514],[-51.209292,-30.036668],[-51.208968,-30.036794]]]}},{"type":"Feature","properties":{"name":"Arquipélago","code":104},"geometry":{"type":"Polygon","coordinates":[[[-51.294396,-30.054605],[-51.294364,-30.054643],[-51.294347,-30.054612],[-51.294331,-30.054692],[-51.294457,-30.054667],[-51.294454,-30.0546],[-51.294401,-30.054601],[-51.294396,-30.054605]]]}},{"type":"Feature","properties":{"name":"Arquipélago","code":104},"geometry":{"type":"Polygon","coordinates":[[[-51.263929,-30.050649],[-51.263851,-30.050781],[-51.263851,-30.050839],[-51.263893,-30.050882],[-51.263942,-30.050978],[-51.264091,-30.050999],[-51.264206,-30.05096],[-51.264255,-30.050867],[-51.264226,-30.050795],[-51.264127,-30.050731],[-51.264028,-30.050652],[-51.263929,-30.05065],[-51.263929,-30.050649]]]}},{"type":"Feature","properties":{"name":"Arquipélago","code":104},"geometry":{"type":"Polygon","coordinates":[[[-51.263446,-30.049942],[-51.263373,-30.049952],[-51.26336,-30.049976],[-51.263355,-30.050012],[-51.263439,-30.050127],[-51.263525,-30.0501],[-51.263569,-30.050067],[-51.263571,-30.050012],[-51.263539,-30.049983],[-51.263446,-30.049942]]]}},{"type":"Feature","properties":{"name":"Arquipélago","code":104},"geometry":{"type":"Polygon","coordinates":[[[-51.270626,-30.059652],[-51.270492,-30.059691],[-51.270472,-30.059754],[-51.27041,-30.059785],[-51.270427,-30.059913],[-51.270373,-30.059996],[-51.27048,-30.059995],[-51.270618,-30.059904],[-51.270711,-30.059727],[-51.270699,-30.059658],[-51.270633,-30.05965],[-51.270626,-30.059652]]]}},{"type":"Feature","properties":{"name":"Arquipélago","code":104},"geometry":{"type":"Polygon","coordinates":[[[-51.271574,-30.058563],[-51.271361,-30.058587],[-51.271332,-30.05864],[-51.271291,-30.058598],[-51.271235,-30.058612],[-51.271004,-30.058746],[-51.270963,-30.058815],[-51.270817,-30.058815],[-51.270769,-30.058856],[-51.270727,-30.058998],[-51.270778,-30.059059],[-51.270946,-30.059025],[-51.270942,-30.059071],[-51.271165,-30.059072],[-51.271009,-30.059198],[-51.271093,-30.059273],[-51.270971,-30.059331],[-51.271036,-30.059367],[-51.270987,-30.059399],[-51.270996,-30.059456],[-51.27119,-30.059487],[-51.271227,-30.059372],[-51.27134,-30.059314],[-51.271368,-30.059217],[-51.271417,-30.059227],[-51.271464,-30.059176],[-51.271536,-30.059014],[-51.271465,-30.059022],[-51.271553,-30.058858],[-51.271514,-30.058799],[-51.271611,-30.058664],[-51.271663,-30.058652],[-51.271748,-30.058722],[-51.271914,-30.058716],[-51.271896,-30.058626],[-51.271789,-30.058554],[-51.271581,-30.058566],[-51.271574,-30.058563]]]}},{"type":"Feature","properties":{"name":"Arquipélago","code":104},"geometry":{"type":"Polygon","coordinates":[[[-51.271755,-30.057827],[-51.2713,-30.058059],[-51.271261,-30.05816],[-51.271095,-30.05831],[-51.271162,-30.058352],[-51.271085,-30.058446],[-51.271183,-30.058446],[-51.271215,-30.058514],[-51.271402,-30.058515],[-51.271856,-30.058435],[-51.271919,-30.058393],[-51.271898,-30.058318],[-51.271848,-30.058323],[-51.271869,-30.05821],[-51.271788,-30.058092],[-51.271928,-30.057982],[-51.271849,-30.057989],[-51.271759,-30.057826],[-51.271755,-30.057827]]]}},{"type":"Feature","properties":{"name":"Arquipélago","code":104},"geometry":{"type":"Polygon","coordinates":[[[-51.271171,-30.057378],[-51.271199,-30.057449],[-51.271363,-30.057503],[-51.271525,-30.057483],[-51.271536,-30.057533],[-51.271735,-30.057473],[-51.27171,-30.057433],[-51.271751,-30.057374],[-51.271544,-30.057016],[-51.271309,-30.056842],[-51.271111,-30.056905],[-51.271139,-30.057015],[-51.271103,-30.057044],[-51.271076,-30.057004],[-51.271029,-30.057092],[-51.2711,-30.057175],[-51.271124,-30.057118],[-51.271163,-30.057135],[-51.271149,-30.057219],[-51.271055,-30.057252],[-51.271068,-30.057329],[-51.270956,-30.057444],[-51.27101,-30.057514],[-51.271098,-30.057521],[-51.271153,-30.057486],[-51.271136,-30.05741],[-51.271168,-30.057374],[-51.271171,-30.057378]]]}},{"type":"Feature","properties":{"name":"Arquipélago","code":104},"geometry":{"type":"Polygon","coordinates":[[[-51.254815,-30.044499],[-51.254864,-30.044545],[-51.254831,-30.044595],[-51.254769,-30.044632],[-51.254749,-30.044572],[-51.254782,-30.04454],[-51.254748,-30.044533],[-51.254687,-30.044636],[-51.254708,-30.044723],[-51.254783,-30.044705],[-51.254754,-30.044837],[-51.254817,-30.044884],[-51.254709,-30.044864],[-51.254675,-30.04498],[-51.254788,-30.04507],[-51.254862,-30.045056],[-51.254874,-30.045],[-51.25491,-30.045066],[-51.254834,-30.045159],[-51.254704,-30.045202],[-51.254684,-30.045329],[-51.254771,-30.045373],[-51.25486,-30.04536],[-51.254885,-30.045266],[-51.255012,-30.045227],[-51.255053,-30.045345],[-51.255032,-30.045404],[-51.255129,-30.045492],[-51.255106,-30.045527],[-51.25515,-30.045629],[-51.255215,-30.045611],[-51.255204,-30.045527],[-51.255258,-30.045582],[-51.255357,-30.045577],[-51.255334,-30.045532],[-51.255387,-30.045488],[-51.255422,-30.045507],[-51.25543,-30.045575],[-51.255354,-30.045658],[-51.255431,-30.045736],[-51.255556,-30.045743],[-51.255515,-30.045852],[-51.255677,-30.045969],[-51.255708,-30.046042],[-51.255697,-30.046129],[-51.255632,-30.046157],[-51.255609,-30.046214],[-51.255669,-30.046185],[-51.255717,-30.046253],[-51.255801,-30.046255],[-51.255787,-30.046341],[-51.255836,-30.046402],[-51.255768,-30.046421],[-51.255733,-30.046508],[-51.255779,-30.046592],[-51.25584,-30.046618],[-51.255866,-30.046535],[-51.255956,-30.046558],[-51.256014,-30.046503],[-51.256023,-30.046564],[-51.256053,-30.046584],[-51.256071,-30.046552],[-51.256113,-30.046636],[-51.256046,-30.04668],[-51.256014,-30.046787],[-51.256082,-30.046839],[-51.256104,-30.046956],[-51.256173,-30.046969],[-51.256183,-30.047026],[-51.256248,-30.047013],[-51.256245,-30.047127],[-51.256416,-30.047095],[-51.256501,-30.046974],[-51.256502,-30.047014],[-51.256546,-30.047017],[-51.256514,-30.047099],[-51.256578,-30.047154],[-51.256553,-30.047291],[-51.256723,-30.047306],[-51.256648,-30.047515],[-51.256667,-30.047641],[-51.25684,-30.047612],[-51.256834,-30.047709],[-51.256873,-30.04776],[-51.256961,-30.047758],[-51.256944,-30.04781],[-51.257026,-30.047886],[-51.256944,-30.047871],[-51.256968,-30.047892],[-51.256863,-30.047962],[-51.256847,-30.048032],[-51.256896,-30.048124],[-51.256969,-30.048156],[-51.2571,-30.048101],[-51.257213,-30.048114],[-51.257202,-30.048057],[-51.257107,-30.047994],[-51.257351,-30.04799],[-51.257377,-30.047955],[-51.257425,-30.048009],[-51.257424,-30.048093],[-51.257129,-30.048144],[-51.257251,-30.048236],[-51.257196,-30.048251],[-51.257173,-30.048307],[-51.257308,-30.048342],[-51.257402,-30.04826],[-51.257524,-30.048269],[-51.257595,-30.04822],[-51.257613,-30.048157],[-51.257538,-30.048118],[-51.25761,-30.048066],[-51.257634,-30.04795],[-51.257763,-30.048064],[-51.257767,-30.048154],[-51.257832,-30.048242],[-51.257963,-30.048248],[-51.258014,-30.048321],[-51.258105,-30.048278],[-51.258176,-30.0483],[-51.258165,-30.048402],[-51.258253,-30.048378],[-51.258306,-30.048302],[-51.258284,-30.048253],[-51.258336,-30.048264],[-51.258383,-30.048485],[-51.258352,-30.048485],[-51.258344,-30.048574],[-51.258526,-30.048584],[-51.258623,-30.048683],[-51.25876,-30.048707],[-51.258776,-30.048762],[-51.258912,-30.048732],[-51.258825,-30.048873],[-51.258879,-30.049072],[-51.258955,-30.049117],[-51.259072,-30.049117],[-51.259074,-30.049287],[-51.259235,-30.049353],[-51.259208,-30.049416],[-51.259288,-30.049516],[-51.259262,-30.049553],[-51.259459,-30.049609],[-51.259495,-30.04971],[-51.259561,-30.049763],[-51.25958,-30.049876],[-51.259717,-30.049903],[-51.25965,-30.049952],[-51.259649,-30.050101],[-51.259755,-30.050145],[-51.259758,-30.050239],[-51.259834,-30.050333],[-51.259969,-30.050354],[-51.260053,-30.050499],[-51.260139,-30.050477],[-51.260169,-30.050535],[-51.260252,-30.050569],[-51.260214,-30.050658],[-51.260332,-30.050705],[-51.260336,-30.050777],[-51.260485,-30.050696],[-51.260458,-30.05083],[-51.260592,-30.050867],[-51.260554,-30.050921],[-51.260601,-30.05099],[-51.260736,-30.051015],[-51.260659,-30.051123],[-51.260662,-30.051256],[-51.260705,-30.051286],[-51.260684,-30.051353],[-51.26081,-30.051447],[-51.260778,-30.051472],[-51.2608,-30.051503],[-51.260863,-30.051511],[-51.261001,-30.051434],[-51.261162,-30.051502],[-51.261155,-30.051557],[-51.261044,-30.051641],[-51.261142,-30.051627],[-51.261123,-30.05172],[-51.261004,-30.051803],[-51.261026,-30.051897],[-51.26108,-30.051864],[-51.261104,-30.051921],[-51.261175,-30.051951],[-51.261268,-30.051907],[-51.261258,-30.051987],[-51.261245,-30.05196],[-51.261217,-30.051992],[-51.261212,-30.052126],[-51.261314,-30.052172],[-51.261385,-30.052131],[-51.261367,-30.052173],[-51.261402,-30.052202],[-51.261363,-30.052234],[-51.261391,-30.052314],[-51.261514,-30.052321],[-51.261593,-30.05251],[-51.261657,-30.052527],[-51.261661,-30.052477],[-51.261749,-30.052493],[-51.261672,-30.052653],[-51.261863,-30.052661],[-51.261957,-30.05261],[-51.261912,-30.052745],[-51.261965,-30.052796],[-51.261922,-30.052854],[-51.261999,-30.052823],[-51.26211,-30.052881],[-51.262181,-30.052871],[-51.262221,-30.052931],[-51.262146,-30.052982],[-51.262153,-30.053018],[-51.26235,-30.053112],[-51.262367,-30.053191],[-51.262522,-30.053176],[-51.262496,-30.053279],[-51.262569,-30.053314],[-51.262539,-30.053397],[-51.262603,-30.05346],[-51.262512,-30.053475],[-51.262545,-30.053557],[-51.262665,-30.053547],[-51.262747,-30.053615],[-51.262805,-30.053572],[-51.2628,-30.053643],[-51.26292,-30.053633],[-51.262915,-30.053803],[-51.263085,-30.053764],[-51.263057,-30.053793],[-51.263127,-30.053833],[-51.26309,-30.053865],[-51.263115,-30.053922],[-51.263294,-30.054087],[-51.263339,-30.054014],[-51.263419,-30.054012],[-51.263625,-30.054065],[-51.26368,-30.054215],[-51.263814,-30.054145],[-51.263819,-30.054279],[-51.263988,-30.054343],[-51.264045,-30.054319],[-51.264116,-30.054469],[-51.264349,-30.054459],[-51.264356,-30.054525],[-51.264422,-30.054501],[-51.264489,-30.05456],[-51.264548,-30.054469],[-51.264584,-30.054572],[-51.264675,-30.054551],[-51.264726,-30.054485],[-51.264727,-30.05455],[-51.264769,-30.054532],[-51.264803,-30.054622],[-51.265018,-30.05461],[-51.264928,-30.054643],[-51.26497,-30.054755],[-51.265031,-30.054737],[-51.265128,-30.054788],[-51.265236,-30.054735],[-51.265247,-30.054668],[-51.265285,-30.05476],[-51.265463,-30.054832],[-51.265544,-30.054949],[-51.265585,-30.054947],[-51.265579,-30.054899],[-51.265659,-30.054913],[-51.265715,-30.054876],[-51.26584,-30.054933],[-51.265906,-30.054877],[-51.265961,-30.054938],[-51.266004,-30.054911],[-51.266003,-30.055039],[-51.266091,-30.054993],[-51.266082,-30.055062],[-51.266141,-30.055085],[-51.266133,-30.055186],[-51.266171,-30.055186],[-51.266174,-30.055119],[-51.266227,-30.055148],[-51.266242,-30.055224],[-51.266194,-30.055284],[-51.266242,-30.055349],[-51.266347,-30.055303],[-51.266481,-30.055417],[-51.266596,-30.055402],[-51.26656,-30.055482],[-51.26665,-30.055463],[-51.266705,-30.055519],[-51.266626,-30.055578],[-51.266676,-30.055633],[-51.266877,-30.055561],[-51.26685,-30.05563],[-51.266921,-30.055664],[-51.266826,-30.055677],[-51.266828,-30.055725],[-51.266959,-30.055722],[-51.266927,-30.055838],[-51.267008,-30.055836],[-51.267096,-30.05591],[-51.267098,-30.055978],[-51.267008,-30.056086],[-51.266831,-30.056164],[-51.266806,-30.05624],[-51.266689,-30.056252],[-51.266621,-30.056329],[-51.266658,-30.056394],[-51.266793,-30.056381],[-51.266766,-30.056438],[-51.26679,-30.056482],[-51.266652,-30.056626],[-51.26669,-30.056691],[-51.266613,-30.056758],[-51.266575,-30.056861],[-51.266516,-30.056879],[-51.266563,-30.056807],[-51.266541,-30.056784],[-51.266381,-30.056911],[-51.266471,-30.056973],[-51.266534,-30.056913],[-51.266613,-30.056965],[-51.266643,-30.057036],[-51.266472,-30.057121],[-51.266529,-30.057121],[-51.26653,-30.057197],[-51.266641,-30.057144],[-51.266713,-30.057251],[-51.26676,-30.057262],[-51.266832,-30.057184],[-51.266896,-30.057199],[-51.266884,-30.057129],[-51.266775,-30.057067],[-51.266835,-30.057016],[-51.266813,-30.056977],[-51.266913,-30.056896],[-51.267006,-30.056941],[-51.267044,-30.057013],[-51.267224,-30.056955],[-51.267253,-30.05706],[-51.267319,-30.057085],[-51.267355,-30.056984],[-51.26753,-30.056967],[-51.267566,-30.056858],[-51.267658,-30.056911],[-51.267665,-30.056971],[-51.267788,-30.057035],[-51.267801,-30.057157],[-51.267972,-30.057119],[-51.268147,-30.057151],[-51.268246,-30.057212],[-51.268271,-30.057144],[-51.268129,-30.057095],[-51.268178,-30.057031],[-51.268157,-30.056948],[-51.268094,-30.056997],[-51.268061,-30.057117],[-51.268026,-30.057045],[-51.267964,-30.05704],[-51.267998,-30.056945],[-51.267972,-30.056808],[-51.268003,-30.056784],[-51.268035,-30.056848],[-51.268187,-30.056861],[-51.268271,-30.057073],[-51.268448,-30.057113],[-51.268552,-30.057092],[-51.268596,-30.057026],[-51.268566,-30.056988],[-51.268615,-30.056968],[-51.268663,-30.057088],[-51.268702,-30.057121],[-51.268758,-30.057102],[-51.268783,-30.057194],[-51.268888,-30.057229],[-51.268927,-30.05713],[-51.268871,-30.057072],[-51.268861,-30.056992],[-51.268912,-30.056948],[-51.268942,-30.05676],[-51.269036,-30.056911],[-51.269184,-30.056897],[-51.269279,-30.056949],[-51.26931,-30.056889],[-51.269267,-30.05681],[-51.269341,-30.05666],[-51.269394,-30.05665],[-51.269383,-30.056596],[-51.269425,-30.056617],[-51.269449,-30.056588],[-51.269348,-30.056718],[-51.26933,-30.056768],[-51.269366,-30.056807],[-51.26952,-30.056852],[-51.269527,-30.056731],[-51.269679,-30.056738],[-51.269687,-30.056794],[-51.269742,-30.056807],[-51.26965,-30.056891],[-51.26966,-30.056949],[-51.269782,-30.057071],[-51.269896,-30.057064],[-51.269996,-30.057112],[-51.269966,-30.057173],[-51.26999,-30.05729],[-51.270051,-30.057251],[-51.270154,-30.057269],[-51.270221,-30.057144],[-51.270388,-30.057084],[-51.270291,-30.056906],[-51.270336,-30.056823],[-51.270381,-30.056834],[-51.270389,-30.056784],[-51.270464,-30.05681],[-51.270427,-30.056878],[-51.270485,-30.056903],[-51.27082,-30.056609],[-51.270865,-30.056652],[-51.270905,-30.056553],[-51.270923,-30.05658],[-51.270956,-30.056548],[-51.270931,-30.056505],[-51.27099,-30.056522],[-51.270987,-30.056572],[-51.271025,-30.056539],[-51.271068,-30.056634],[-51.271202,-30.056556],[-51.271199,-30.056482],[-51.271242,-30.056432],[-51.271318,-30.056491],[-51.271406,-30.056461],[-51.271437,-30.056392],[-51.271332,-30.056287],[-51.271258,-30.056289],[-51.271053,-30.056068],[-51.271055,-30.056014],[-51.271148,-30.05594],[-51.27106,-30.055756],[-51.270963,-30.055726],[-51.271086,-30.055596],[-51.271172,-30.055599],[-51.271289,-30.055702],[-51.271407,-30.055717],[-51.271455,-30.055555],[-51.271259,-30.055313],[-51.271283,-30.055271],[-51.271349,-30.055301],[-51.271351,-30.055344],[-51.271421,-30.055355],[-51.271449,-30.055274],[-51.271394,-30.055236],[-51.271305,-30.055257],[-51.271207,-30.055145],[-51.271206,-30.055036],[-51.271134,-30.054995],[-51.271107,-30.05491],[-51.270978,-30.054832],[-51.270964,-30.054763],[-51.270738,-30.054784],[-51.270722,-30.054816],[-51.270539,-30.054683],[-51.270541,-30.054784],[-51.270394,-30.054793],[-51.2701,-30.054612],[-51.270116,-30.054524],[-51.26991,-30.054501],[-51.269965,-30.05445],[-51.269913,-30.054396],[-51.269838,-30.054434],[-51.269683,-30.05441],[-51.269544,-30.054456],[-51.269363,-30.054453],[-51.268564,-30.054273],[-51.268116,-30.054264],[-51.26791,-30.054216],[-51.267667,-30.054258],[-51.267604,-30.054207],[-51.267293,-30.054247],[-51.26708,-30.054157],[-51.266995,-30.054169],[-51.266954,-30.054128],[-51.266899,-30.05415],[-51.266691,-30.054081],[-51.2665,-30.053937],[-51.266257,-30.053847],[-51.266237,-30.053756],[-51.266051,-30.053734],[-51.265747,-30.053578],[-51.265531,-30.053524],[-51.265278,-30.053253],[-51.265184,-30.053058],[-51.265107,-30.053038],[-51.265091,-30.052929],[-51.26503,-30.052903],[-51.264963,-30.05276],[-51.264864,-30.052689],[-51.264722,-30.052494],[-51.264522,-30.052377],[-51.264526,-30.052263],[-51.264476,-30.052136],[-51.264536,-30.05204],[-51.264511,-30.051917],[-51.264368,-30.051882],[-51.264298,-30.05173],[-51.264186,-30.051653],[-51.26418,-30.05157],[-51.264076,-30.05156],[-51.264065,-30.051497],[-51.264127,-30.051361],[-51.263837,-30.051253],[-51.263838,-30.05122],[-51.263877,-30.051227],[-51.263849,-30.051121],[-51.263813,-30.05103],[-51.26375,-30.051023],[-51.263737,-30.05098],[-51.263787,-30.05089],[-51.2633,-30.050722],[-51.263096,-30.050731],[-51.262963,-30.050692],[-51.26291,-30.050609],[-51.262784,-30.050548],[-51.262781,-30.050491],[-51.262727,-30.050477],[-51.26262,-30.050339],[-51.262596,-30.050242],[-51.262439,-30.050105],[-51.262455,-30.050069],[-51.26233,-30.049903],[-51.26231,-30.04978],[-51.262202,-30.049703],[-51.26223,-30.049664],[-51.262043,-30.04931],[-51.261986,-30.049116],[-51.261976,-30.048922],[-51.262049,-30.048658],[-51.26198,-30.048652],[-51.261979,-30.048697],[-51.261951,-30.048668],[-51.262215,-30.048555],[-51.26265,-30.048565],[-51.262663,-30.048424],[-51.262535,-30.048368],[-51.262388,-30.048161],[-51.262186,-30.048088],[-51.262185,-30.048016],[-51.262087,-30.047962],[-51.261911,-30.04791],[-51.261563,-30.047894],[-51.261389,-30.047817],[-51.261311,-30.047731],[-51.261303,-30.047528],[-51.261159,-30.047406],[-51.261091,-30.04742],[-51.261,-30.047267],[-51.260851,-30.047203],[-51.260698,-30.047218],[-51.26064,-30.047213],[-51.260543,-30.047179],[-51.260219,-30.046951],[-51.260155,-30.046966],[-51.259928,-30.046897],[-51.259878,-30.046825],[-51.259482,-30.046763],[-51.259455,-30.04672],[-51.259391,-30.04672],[-51.259263,-30.046559],[-51.259191,-30.046576],[-51.259075,-30.046523],[-51.25903,-30.046424],[-51.258826,-30.046432],[-51.25872,-30.046326],[-51.258692,-30.04622],[-51.258549,-30.046242],[-51.258404,-30.046192],[-51.258056,-30.045726],[-51.258022,-30.045702],[-51.257948,-30.045676],[-51.257825,-30.045532],[-51.257706,-30.045508],[-51.257568,-30.045414],[-51.257554,-30.045349],[-51.25748,-30.045325],[-51.257483,-30.04527],[-51.257392,-30.045207],[-51.257391,-30.045097],[-51.257139,-30.045001],[-51.25712,-30.044933],[-51.257012,-30.044936],[-51.256867,-30.044753],[-51.256588,-30.044698],[-51.256408,-30.04472],[-51.256283,-30.04458],[-51.256142,-30.044554],[-51.256103,-30.044525],[-51.256075,-30.044505],[-51.256072,-30.044443],[-51.255961,-30.044405],[-51.255748,-30.044434],[-51.255487,-30.044382],[-51.255513,-30.044352],[-51.255427,-30.044401],[-51.255248,-30.044394],[-51.255214,-30.044337],[-51.255148,-30.04446],[-51.255169,-30.044585],[-51.255141,-30.044653],[-51.255107,-30.044507],[-51.254831,-30.044488],[-51.254815,-30.044499]]]}},{"type":"Feature","properties":{"name":"Floresta","code":124},"geometry":{"type":"Polygon","coordinates":[[[-51.196753,-30.016217],[-51.197715,-30.017826],[-51.197715,-30.017875],[-51.197681,-30.017922],[-51.203618,-30.018245],[-51.205184,-30.018351],[-51.205388,-30.018405],[-51.205499,-30.018491],[-51.208545,-30.022036],[-51.210431,-30.023918],[-51.211171,-30.024541],[-51.211493,-30.024784],[-51.214495,-30.026751],[-51.215602,-30.027666],[-51.219503,-30.027934],[-51.219546,-30.027118],[-51.219535,-30.026993],[-51.219351,-30.026457],[-51.218952,-30.025618],[-51.218931,-30.025525],[-51.218911,-30.02532],[-51.218983,-30.024998],[-51.219314,-30.024575],[-51.218985,-30.023819],[-51.218234,-30.023187],[-51.218146,-30.023099],[-51.218105,-30.023033],[-51.218177,-30.021748],[-51.21815,-30.021634],[-51.218113,-30.021531],[-51.218061,-30.021434],[-51.217911,-30.021129],[-51.218813,-30.020891],[-51.218966,-30.020851],[-51.219702,-30.019885],[-51.219723,-30.019728],[-51.215869,-30.016142],[-51.212829,-30.010353],[-51.210631,-30.011267],[-51.21113,-30.012376],[-51.205966,-30.013408],[-51.205587,-30.013456],[-51.205426,-30.014165],[-51.204802,-30.014068],[-51.20472,-30.01413],[-51.204698,-30.014118],[-51.204591,-30.014022],[-51.202627,-30.013701],[-51.202508,-30.01417],[-51.196777,-30.01621],[-51.196753,-30.016217]]]}},{"type":"Feature","properties":{"name":"Montserrat","code":141},"geometry":{"type":"Polygon","coordinates":[[[-51.181837,-30.027336],[-51.185246,-30.028516],[-51.185184,-30.029201],[-51.186912,-30.029312],[-51.186791,-30.030575],[-51.189573,-30.031295],[-51.189511,-30.031074],[-51.18957,-30.030551],[-51.190097,-30.030671],[-51.190342,-30.030685],[-51.19299,-30.030685],[-51.192962,-30.029499],[-51.194513,-30.029479],[-51.194516,-30.029086],[-51.194566,-30.028688],[-51.195263,-30.028764],[-51.195309,-30.028808],[-51.195328,-30.028848],[-51.195298,-30.029204],[-51.195355,-30.029252],[-51.195804,-30.02928],[-51.195874,-30.029284],[-51.196575,-30.024825],[-51.186513,-30.023866],[-51.185649,-30.023835],[-51.185599,-30.024387],[-51.185131,-30.024347],[-51.183624,-30.023792],[-51.181949,-30.027112],[-51.181837,-30.027336]]]}},{"type":"Feature","properties":{"name":"Centro Histórico","code":115},"geometry":{"type":"Polygon","coordinates":[[[-51.219503,-30.027934],[-51.219372,-30.030407],[-51.219438,-30.030563],[-51.219454,-30.030651],[-51.22159,-30.033976],[-51.221583,-30.034033],[-51.221527,-30.03412],[-51.221477,-30.03415],[-51.220743,-30.03424],[-51.220678,-30.034248],[-51.220916,-30.034494],[-51.221081,-30.034619],[-51.221296,-30.034748],[-51.221319,-30.034763],[-51.221614,-30.034879],[-51.22201,-30.034966],[-51.22351,-30.035125],[-51.22387,-30.035223],[-51.224216,-30.035388],[-51.224652,-30.035746],[-51.226867,-30.038139],[-51.22716,-30.03837],[-51.227678,-30.038608],[-51.228037,-30.038693],[-51.228374,-30.038723],[-51.229025,-30.038624],[-51.229587,-30.038367],[-51.230167,-30.037885],[-51.230451,-30.037704],[-51.230802,-30.037559],[-51.231196,-30.037472],[-51.232759,-30.037344],[-51.232814,-30.037377],[-51.232903,-30.037396],[-51.233628,-30.037368],[-51.234764,-30.037423],[-51.23507,-30.037415],[-51.235355,-30.037402],[-51.235998,-30.037325],[-51.237087,-30.037281],[-51.237229,-30.037228],[-51.239035,-30.037068],[-51.239563,-30.036977],[-51.240153,-30.036722],[-51.240759,-30.036267],[-51.240917,-30.036063],[-51.240998,-30.035847],[-51.241018,-30.035621],[-51.240973,-30.035382],[-51.242137,-30.035458],[-51.242203,-30.035382],[-51.242209,-30.03531],[-51.24223,-30.035353],[-51.242428,-30.035062],[-51.242468,-30.035054],[-51.242479,-30.035107],[-51.2426,-30.035087],[-51.242569,-30.034958],[-51.242518,-30.034967],[-51.242489,-30.034972],[-51.242528,-30.034897],[-51.242441,-30.034851],[-51.241681,-30.034818],[-51.241587,-30.033952],[-51.24132,-30.033846],[-51.241305,-30.033871],[-51.24124,-30.033853],[-51.241421,-30.033606],[-51.241655,-30.033532],[-51.241801,-30.033392],[-51.241871,-30.033125],[-51.24183,-30.032955],[-51.241762,-30.032942],[-51.241747,-30.032858],[-51.241643,-30.032772],[-51.241455,-30.032805],[-51.241244,-30.032698],[-51.241141,-30.032724],[-51.240845,-30.032913],[-51.240773,-30.032906],[-51.240739,-30.032814],[-51.24076,-30.032695],[-51.241203,-30.032377],[-51.241228,-30.031839],[-51.241023,-30.031759],[-51.240994,-30.031682],[-51.240976,-30.031632],[-51.241007,-30.031561],[-51.22779,-30.025111],[-51.227784,-30.025307],[-51.227773,-30.025692],[-51.227354,-30.025683],[-51.227171,-30.025679],[-51.227194,-30.024821],[-51.226355,-30.02441],[-51.226311,-30.024426],[-51.226291,-30.025295],[-51.22625,-30.025314],[-51.225886,-30.025133],[-51.225693,-30.025042],[-51.225719,-30.023909],[-51.22455,-30.023342],[-51.224515,-30.023361],[-51.224499,-30.024425],[-51.224462,-30.024442],[-51.223588,-30.024019],[-51.223611,-30.022657],[-51.222265,-30.022017],[-51.222202,-30.022034],[-51.221867,-30.023181],[-51.220982,-30.022764],[-51.22141,-30.021261],[-51.220962,-30.020859],[-51.220849,-30.02085],[-51.22075,-30.020897],[-51.220079,-30.02172],[-51.219887,-30.021713],[-51.218966,-30.020851],[-51.218813,-30.020891],[-51.217911,-30.021129],[-51.218061,-30.021434],[-51.218113,-30.021531],[-51.21815,-30.021634],[-51.218177,-30.021748],[-51.218105,-30.023033],[-51.218146,-30.023099],[-51.218234,-30.023187],[-51.218985,-30.023819],[-51.219314,-30.024575],[-51.218983,-30.024998],[-51.218911,-30.02532],[-51.218931,-30.025525],[-51.218952,-30.025618],[-51.219407,-30.026591],[-51.219493,-30.026814],[-51.219535,-30.026993],[-51.219546,-30.027118],[-51.219503,-30.027934]]]}},{"type":"Feature","properties":{"name":"São Geraldo","code":161},"geometry":{"type":"Polygon","coordinates":[[[-51.193768,-30.007436],[-51.192047,-30.007956],[-51.192496,-30.009335],[-51.192793,-30.009978],[-51.193989,-30.012172],[-51.195798,-30.014696],[-51.196753,-30.016217],[-51.202508,-30.01417],[-51.202627,-30.013701],[-51.204591,-30.014022],[-51.204698,-30.014118],[-51.20472,-30.01413],[-51.204802,-30.014068],[-51.205426,-30.014165],[-51.205587,-30.013456],[-51.205966,-30.013408],[-51.21113,-30.012376],[-51.210631,-30.011267],[-51.212829,-30.010353],[-51.210263,-30.005462],[-51.20932,-30.002695],[-51.193979,-30.007371],[-51.193768,-30.007436]]]}},{"type":"Feature","properties":{"name":"São João","code":162},"geometry":{"type":"Polygon","coordinates":[[[-51.182697,-30.003233],[-51.182485,-30.008516],[-51.181854,-30.008559],[-51.181792,-30.011531],[-51.184694,-30.011607],[-51.184919,-30.01163],[-51.185513,-30.011784],[-51.191956,-30.01417],[-51.191872,-30.014353],[-51.191847,-30.01449],[-51.191846,-30.014627],[-51.192019,-30.015791],[-51.191971,-30.016536],[-51.191844,-30.017699],[-51.197681,-30.017922],[-51.197715,-30.017875],[-51.197715,-30.017826],[-51.195798,-30.014696],[-51.193989,-30.012172],[-51.192793,-30.009978],[-51.192496,-30.009335],[-51.192047,-30.007956],[-51.193768,-30.007436],[-51.190022,-29.997125],[-51.189767,-29.996373],[-51.189844,-29.996228],[-51.189112,-29.995624],[-51.18815,-29.994721],[-51.187239,-29.995273],[-51.187247,-29.995764],[-51.186909,-29.995997],[-51.18752,-29.996666],[-51.187161,-29.996923],[-51.186839,-29.997153],[-51.186881,-29.997297],[-51.186939,-29.997504],[-51.186651,-29.997709],[-51.186619,-29.99773],[-51.187844,-29.999818],[-51.187612,-29.999896],[-51.18773,-30.000089],[-51.188285,-30.000959],[-51.188167,-30.001036],[-51.188049,-30.001188],[-51.187398,-30.002623],[-51.185402,-30.003189],[-51.184863,-30.003241],[-51.184664,-30.003241],[-51.183695,-30.003238],[-51.182697,-30.003233]]]}},{"type":"Feature","properties":{"name":"Navegantes","code":142},"geometry":{"type":"Polygon","coordinates":[[[-51.20198,-29.988688],[-51.201771,-29.988692],[-51.200629,-29.988527],[-51.200467,-29.988528],[-51.200384,-29.988537],[-51.19753,-29.989617],[-51.197358,-29.989778],[-51.196908,-29.990883],[-51.196616,-29.991338],[-51.196418,-29.99158],[-51.195887,-29.992091],[-51.196404,-29.993736],[-51.197909,-29.993376],[-51.198344,-29.993272],[-51.199549,-29.997238],[-51.198745,-29.997184],[-51.197498,-29.997124],[-51.197799,-29.997939],[-51.197522,-29.997656],[-51.197116,-29.99751],[-51.19319,-29.997336],[-51.192204,-29.997203],[-51.191686,-29.997076],[-51.190916,-29.996795],[-51.190465,-29.996592],[-51.189844,-29.996228],[-51.189769,-29.996369],[-51.189767,-29.996373],[-51.191648,-30.001565],[-51.191732,-30.001902],[-51.191947,-30.002405],[-51.193768,-30.007436],[-51.20932,-30.002695],[-51.207817,-29.998287],[-51.207486,-29.995788],[-51.206947,-29.995891],[-51.206776,-29.995367],[-51.206626,-29.994902],[-51.206722,-29.994856],[-51.206708,-29.994812],[-51.207286,-29.994675],[-51.207307,-29.994646],[-51.207202,-29.99433],[-51.207169,-29.994315],[-51.206496,-29.994483],[-51.206488,-29.994477],[-51.20632,-29.993951],[-51.206995,-29.99379],[-51.207014,-29.993757],[-51.206962,-29.993595],[-51.206927,-29.99358],[-51.20682,-29.993608],[-51.206391,-29.99231],[-51.206115,-29.991445],[-51.205977,-29.991023],[-51.206108,-29.990953],[-51.205215,-29.988229],[-51.204967,-29.988147],[-51.204821,-29.988016],[-51.202117,-29.988686],[-51.20198,-29.988688]]]}},{"type":"Feature","properties":{"name":"Farrapos","code":181},"geometry":{"type":"Polygon","coordinates":[[[-51.199973,-29.971928],[-51.199941,-29.971894],[-51.199752,-29.971886],[-51.19871,-29.971135],[-51.197813,-29.970609],[-51.197645,-29.970444],[-51.197406,-29.970432],[-51.196948,-29.970227],[-51.196695,-29.970051],[-51.196485,-29.96996],[-51.195679,-29.969784],[-51.195535,-29.969662],[-51.195437,-29.969634],[-51.195367,-29.969677],[-51.195363,-29.96962],[-51.195285,-29.969584],[-51.193726,-29.969289],[-51.190965,-29.969051],[-51.190867,-29.96899],[-51.190711,-29.968994],[-51.190475,-29.9689],[-51.190394,-29.96898],[-51.190343,-29.968907],[-51.19012,-29.968956],[-51.18937,-29.968872],[-51.189365,-29.968962],[-51.189225,-29.97132],[-51.190975,-29.976665],[-51.190938,-29.977063],[-51.195575,-29.99143],[-51.1957,-29.991777],[-51.195853,-29.992024],[-51.195887,-29.992091],[-51.196418,-29.99158],[-51.196616,-29.991338],[-51.196908,-29.990883],[-51.197358,-29.989778],[-51.19753,-29.989617],[-51.200384,-29.988537],[-51.200467,-29.988528],[-51.200629,-29.988527],[-51.201771,-29.988692],[-51.20198,-29.988688],[-51.202117,-29.988686],[-51.204821,-29.988016],[-51.204739,-29.987917],[-51.204672,-29.987688],[-51.204229,-29.987362],[-51.204193,-29.98723],[-51.204129,-29.987192],[-51.203946,-29.986851],[-51.203952,-29.98675],[-51.20385,-29.986725],[-51.203811,-29.986654],[-51.203825,-29.986566],[-51.20374,-29.986535],[-51.203653,-29.986422],[-51.203414,-29.985876],[-51.203372,-29.985652],[-51.203399,-29.985552],[-51.203332,-29.985503],[-51.203331,-29.985409],[-51.203215,-29.985217],[-51.203219,-29.98512],[-51.203092,-29.984957],[-51.203098,-29.984869],[-51.202904,-29.984605],[-51.202702,-29.984047],[-51.202718,-29.983978],[-51.202624,-29.983812],[-51.202678,-29.983795],[-51.202644,-29.983768],[-51.20265,-29.983669],[-51.202752,-29.983475],[-51.202752,-29.983355],[-51.202866,-29.983273],[-51.202774,-29.983242],[-51.202805,-29.983119],[-51.202767,-29.983077],[-51.202701,-29.98311],[-51.202724,-29.982994],[-51.202628,-29.982924],[-51.202624,-29.982702],[-51.202692,-29.982612],[-51.202605,-29.982582],[-51.2026,-29.982451],[-51.202705,-29.982406],[-51.202708,-29.982318],[-51.20279,-29.982272],[-51.20269,-29.982246],[-51.20266,-29.982201],[-51.202692,-29.982146],[-51.202794,-29.982142],[-51.203147,-29.981869],[-51.20354,-29.981806],[-51.203558,-29.981767],[-51.203491,-29.981711],[-51.203214,-29.981699],[-51.203111,-29.981561],[-51.20315,-29.981502],[-51.203213,-29.981492],[-51.203284,-29.981379],[-51.20346,-29.981275],[-51.203458,-29.981196],[-51.203398,-29.981173],[-51.203465,-29.980928],[-51.203553,-29.980899],[-51.203533,-29.980824],[-51.203568,-29.980701],[-51.203524,-29.980509],[-51.203536,-29.980409],[-51.203624,-29.980368],[-51.203576,-29.980323],[-51.203628,-29.980221],[-51.203601,-29.980161],[-51.203631,-29.979759],[-51.20359,-29.979346],[-51.203457,-29.978703],[-51.203425,-29.978216],[-51.203345,-29.978056],[-51.203296,-29.977584],[-51.203261,-29.97747],[-51.203216,-29.977463],[-51.203168,-29.977356],[-51.20307,-29.97728],[-51.203133,-29.97716],[-51.203044,-29.977149],[-51.203121,-29.977061],[-51.203029,-29.976961],[-51.203074,-29.976882],[-51.203076,-29.976754],[-51.202941,-29.976535],[-51.20294,-29.97648],[-51.202988,-29.976468],[-51.202472,-29.975218],[-51.202381,-29.975097],[-51.202404,-29.975036],[-51.202252,-29.974936],[-51.202226,-29.974893],[-51.202208,-29.974847],[-51.20223,-29.974785],[-51.201759,-29.97397],[-51.201469,-29.973635],[-51.201241,-29.973222],[-51.200732,-29.972759],[-51.20066,-29.972741],[-51.200573,-29.97262],[-51.2003,-29.972431],[-51.200229,-29.97218],[-51.200176,-29.972168],[-51.200095,-29.97223],[-51.200166,-29.972134],[-51.199979,-29.972056],[-51.199973,-29.971929],[-51.199973,-29.971928]]]}},{"type":"Feature","properties":{"name":"Humaitá","code":180},"geometry":{"type":"Polygon","coordinates":[[[-51.181964,-29.968911],[-51.180121,-29.968554],[-51.179816,-29.968468],[-51.179774,-29.968425],[-51.178982,-29.968269],[-51.178874,-29.968289],[-51.178776,-29.968226],[-51.17777,-29.968026],[-51.177526,-29.968034],[-51.177259,-29.967955],[-51.176592,-29.967947],[-51.176375,-29.967907],[-51.176373,-29.967979],[-51.17637,-29.968115],[-51.176398,-29.9698],[-51.176482,-29.970415],[-51.176988,-29.971882],[-51.177524,-29.973701],[-51.178115,-29.975154],[-51.178388,-29.975965],[-51.181026,-29.984605],[-51.181561,-29.987099],[-51.181865,-29.987812],[-51.18211,-29.988223],[-51.182435,-29.988625],[-51.188252,-29.994836],[-51.189112,-29.995624],[-51.189844,-29.996228],[-51.190701,-29.996706],[-51.191457,-29.996999],[-51.192036,-29.997167],[-51.19319,-29.997336],[-51.197116,-29.99751],[-51.197522,-29.997656],[-51.197799,-29.997939],[-51.197498,-29.997124],[-51.198745,-29.997184],[-51.199549,-29.997238],[-51.198344,-29.993272],[-51.197909,-29.993376],[-51.196404,-29.993736],[-51.195887,-29.992091],[-51.195646,-29.991645],[-51.190938,-29.977063],[-51.190975,-29.976665],[-51.189225,-29.97132],[-51.189365,-29.968962],[-51.18937,-29.968872],[-51.188883,-29.968881],[-51.186315,-29.968599],[-51.18594,-29.968722],[-51.185857,-29.968715],[-51.185753,-29.968764],[-51.185727,-29.968837],[-51.185416,-29.968944],[-51.183584,-29.969196],[-51.182847,-29.969127],[-51.181965,-29.968911],[-51.181964,-29.968911]]]}},{"type":"Feature","properties":{"name":"Partenon","code":145},"geometry":{"type":"Polygon","coordinates":[[[-51.180603,-30.059044],[-51.179747,-30.059],[-51.178723,-30.058771],[-51.172325,-30.05602],[-51.171468,-30.055798],[-51.170835,-30.055746],[-51.160693,-30.055794],[-51.159727,-30.055841],[-51.15872,-30.056041],[-51.157728,-30.056355],[-51.154197,-30.057867],[-51.153572,-30.05818],[-51.153357,-30.058313],[-51.153156,-30.058462],[-51.152664,-30.058878],[-51.152317,-30.059244],[-51.151963,-30.059714],[-51.151868,-30.059873],[-51.151789,-30.060015],[-51.151533,-30.060583],[-51.150584,-30.063421],[-51.150301,-30.06387],[-51.150191,-30.063978],[-51.150824,-30.064748],[-51.151143,-30.065081],[-51.151383,-30.065341],[-51.151635,-30.065678],[-51.151657,-30.065713],[-51.151689,-30.068109],[-51.148751,-30.075456],[-51.15699,-30.077273],[-51.157164,-30.076532],[-51.157432,-30.076342],[-51.157917,-30.075847],[-51.158192,-30.075299],[-51.15832,-30.075127],[-51.158476,-30.075046],[-51.158892,-30.074987],[-51.159027,-30.075036],[-51.159118,-30.07516],[-51.159881,-30.071851],[-51.159826,-30.071751],[-51.159957,-30.071368],[-51.159852,-30.071151],[-51.159984,-30.070371],[-51.159974,-30.070204],[-51.160086,-30.070003],[-51.160322,-30.070002],[-51.160289,-30.06984],[-51.160302,-30.069446],[-51.160429,-30.069015],[-51.160457,-30.068518],[-51.160589,-30.067692],[-51.161488,-30.062574],[-51.161936,-30.062399],[-51.1627,-30.062194],[-51.162888,-30.062176],[-51.163098,-30.062173],[-51.163576,-30.062206],[-51.1646,-30.062144],[-51.167231,-30.061805],[-51.169242,-30.061593],[-51.169489,-30.06159],[-51.169697,-30.061592],[-51.171523,-30.06179],[-51.172669,-30.061695],[-51.173109,-30.061695],[-51.174505,-30.062049],[-51.177146,-30.062334],[-51.177699,-30.062507],[-51.178097,-30.062817],[-51.178836,-30.063644],[-51.179105,-30.063859],[-51.179397,-30.064042],[-51.17973,-30.064201],[-51.180129,-30.064333],[-51.179956,-30.065124],[-51.17976,-30.06621],[-51.179726,-30.066248],[-51.179707,-30.066296],[-51.179722,-30.066428],[-51.179742,-30.066563],[-51.179912,-30.067149],[-51.186269,-30.064446],[-51.186491,-30.065074],[-51.186948,-30.066992],[-51.187108,-30.067366],[-51.189063,-30.07023],[-51.190155,-30.071433],[-51.190531,-30.07162],[-51.19124,-30.071789],[-51.199706,-30.073431],[-51.200398,-30.071635],[-51.201835,-30.068932],[-51.201954,-30.068894],[-51.202659,-30.068921],[-51.202441,-30.068535],[-51.203284,-30.068294],[-51.201901,-30.064722],[-51.201387,-30.064819],[-51.200566,-30.064893],[-51.199188,-30.065212],[-51.195146,-30.058099],[-51.197959,-30.056233],[-51.200603,-30.054074],[-51.201352,-30.053831],[-51.203358,-30.053303],[-51.204101,-30.053021],[-51.204702,-30.052796],[-51.196524,-30.048442],[-51.193571,-30.052673],[-51.192967,-30.053312],[-51.192332,-30.053812],[-51.191474,-30.054298],[-51.182822,-30.058549],[-51.182278,-30.058761],[-51.18176,-30.058904],[-51.181214,-30.058999],[-51.180666,-30.059042],[-51.180603,-30.059044]]]}},{"type":"Feature","properties":{"name":"Arquipélago","code":104},"geometry":{"type":"Polygon","coordinates":[[[-51.294443,-30.054243],[-51.294442,-30.054292],[-51.294267,-30.054361],[-51.294229,-30.054439],[-51.294329,-30.054468],[-51.294366,-30.054425],[-51.294538,-30.054421],[-51.294561,-30.054484],[-51.294524,-30.05456],[-51.294597,-30.054466],[-51.294536,-30.054393],[-51.294543,-30.054306],[-51.294493,-30.054296],[-51.294507,-30.054243],[-51.294448,-30.054241],[-51.294443,-30.054243]]]}},{"type":"Feature","properties":{"name":"Arquipélago","code":104},"geometry":{"type":"Polygon","coordinates":[[[-51.225401,-30.011845],[-51.225272,-30.012254],[-51.225314,-30.01261],[-51.22524,-30.012809],[-51.225302,-30.012943],[-51.225231,-30.013036],[-51.225222,-30.013121],[-51.22527,-30.013444],[-51.225236,-30.013507],[-51.225294,-30.013573],[-51.225203,-30.013668],[-51.225151,-30.013815],[-51.225185,-30.013868],[-51.225119,-30.013989],[-51.225109,-30.014272],[-51.225127,-30.014377],[-51.225184,-30.014413],[-51.22517,-30.014714],[-51.225208,-30.014836],[-51.225162,-30.014943],[-51.225283,-30.015063],[-51.22519,-30.01516],[-51.225249,-30.015424],[-51.225235,-30.015563],[-51.225326,-30.015765],[-51.22536,-30.016039],[-51.225647,-30.016676],[-51.225647,-30.016831],[-51.225733,-30.01692],[-51.22573,-30.016984],[-51.225806,-30.017051],[-51.22583,-30.017135],[-51.225993,-30.017197],[-51.225988,-30.017254],[-51.225924,-30.017239],[-51.225887,-30.017285],[-51.225964,-30.017394],[-51.225911,-30.017459],[-51.225919,-30.017556],[-51.226019,-30.017625],[-51.22605,-30.017733],[-51.226358,-30.017972],[-51.226368,-30.018107],[-51.226422,-30.018142],[-51.226385,-30.018281],[-51.226501,-30.018385],[-51.226496,-30.018552],[-51.226589,-30.018672],[-51.226536,-30.018726],[-51.226566,-30.018782],[-51.226792,-30.018893],[-51.226919,-30.018881],[-51.226979,-30.018836],[-51.227138,-30.018874],[-51.227271,-30.018828],[-51.227293,-30.018542],[-51.22723,-30.018411],[-51.227061,-30.018311],[-51.227087,-30.018255],[-51.227286,-30.01814],[-51.227304,-30.017981],[-51.227251,-30.017704],[-51.227303,-30.017646],[-51.227595,-30.017549],[-51.22776,-30.017399],[-51.227802,-30.017231],[-51.227934,-30.017055],[-51.227944,-30.01692],[-51.22819,-30.01681],[-51.228461,-30.01681],[-51.228791,-30.0169],[-51.228904,-30.016873],[-51.228878,-30.016945],[-51.228966,-30.017021],[-51.229275,-30.017098],[-51.229355,-30.017209],[-51.22956,-30.017259],[-51.229782,-30.017387],[-51.229862,-30.017353],[-51.230196,-30.017354],[-51.230276,-30.017378],[-51.230357,-30.017515],[-51.230635,-30.017546],[-51.230807,-30.017504],[-51.230902,-30.01757],[-51.230929,-30.017508],[-51.23101,-30.017503],[-51.231127,-30.017712],[-51.231206,-30.017721],[-51.231288,-30.017656],[-51.231255,-30.017575],[-51.231131,-30.017492],[-51.23119,-30.017396],[-51.23111,-30.01733],[-51.231144,-30.01727],[-51.231129,-30.017189],[-51.231066,-30.017158],[-51.23105,-30.017098],[-51.230978,-30.017105],[-51.230974,-30.016922],[-51.230794,-30.016913],[-51.230782,-30.016758],[-51.230701,-30.016771],[-51.230718,-30.016667],[-51.230577,-30.016547],[-51.230631,-30.016394],[-51.230459,-30.016301],[-51.230449,-30.016252],[-51.23049,-30.016229],[-51.230417,-30.016216],[-51.230443,-30.016128],[-51.230386,-30.01611],[-51.230347,-30.016143],[-51.230252,-30.016074],[-51.230312,-30.016065],[-51.230342,-30.016015],[-51.230279,-30.015963],[-51.230154,-30.015563],[-51.230054,-30.015457],[-51.229973,-30.015446],[-51.229934,-30.015399],[-51.229928,-30.015288],[-51.229816,-30.015265],[-51.229712,-30.015171],[-51.229723,-30.015137],[-51.229672,-30.015095],[-51.229688,-30.015008],[-51.22962,-30.014973],[-51.22953,-30.014996],[-51.22946,-30.014803],[-51.229341,-30.014628],[-51.229267,-30.014582],[-51.229258,-30.014508],[-51.229057,-30.014433],[-51.228974,-30.014276],[-51.228811,-30.014297],[-51.228775,-30.014068],[-51.228483,-30.01394],[-51.228375,-30.013959],[-51.228309,-30.013812],[-51.228177,-30.013719],[-51.228166,-30.013638],[-51.227902,-30.013522],[-51.227907,-30.013431],[-51.227795,-30.013426],[-51.227614,-30.013256],[-51.227479,-30.013271],[-51.227469,-30.013141],[-51.227278,-30.013],[-51.227302,-30.012939],[-51.227067,-30.012846],[-51.227019,-30.012721],[-51.226672,-30.012611],[-51.226629,-30.012356],[-51.226538,-30.012341],[-51.226374,-30.012204],[-51.226226,-30.01222],[-51.226203,-30.012181],[-51.226231,-30.012135],[-51.226183,-30.012075],[-51.226116,-30.012097],[-51.225929,-30.01197],[-51.225744,-30.011965],[-51.22571,-30.011915],[-51.225743,-30.011878],[-51.225692,-30.011838],[-51.225566,-30.011809],[-51.225498,-30.011848],[-51.225458,-30.011769],[-51.225403,-30.011834],[-51.225401,-30.011845]]]}},{"type":"Feature","properties":{"name":"Arquipélago","code":104},"geometry":{"type":"Polygon","coordinates":[[[-51.233777,-30.008302],[-51.233727,-30.008427],[-51.233754,-30.008579],[-51.233679,-30.008605],[-51.233732,-30.008759],[-51.233672,-30.008782],[-51.23363,-30.008921],[-51.233683,-30.009019],[-51.233769,-30.009016],[-51.233809,-30.008965],[-51.233828,-30.009037],[-51.233782,-30.009067],[-51.233863,-30.009225],[-51.233786,-30.009252],[-51.233778,-30.009299],[-51.233879,-30.009389],[-51.233831,-30.009456],[-51.233885,-30.009478],[-51.233781,-30.009576],[-51.233901,-30.009787],[-51.23381,-30.009781],[-51.233791,-30.009861],[-51.23386,-30.009965],[-51.23382,-30.010031],[-51.233925,-30.01015],[-51.233885,-30.010186],[-51.23392,-30.010318],[-51.233866,-30.01038],[-51.233899,-30.010429],[-51.233845,-30.010525],[-51.233951,-30.010598],[-51.233913,-30.010678],[-51.233956,-30.010705],[-51.233919,-30.011025],[-51.233997,-30.011109],[-51.234132,-30.011137],[-51.234162,-30.011081],[-51.234076,-30.011049],[-51.234064,-30.011004],[-51.234087,-30.010987],[-51.234188,-30.011084],[-51.23427,-30.011065],[-51.234265,-30.010893],[-51.234221,-30.010895],[-51.234208,-30.011],[-51.234161,-30.010924],[-51.234198,-30.010909],[-51.23418,-30.010856],[-51.234255,-30.010753],[-51.234327,-30.010808],[-51.23427,-30.010732],[-51.2343,-30.010652],[-51.234461,-30.010786],[-51.23443,-30.010626],[-51.234379,-30.010602],[-51.234391,-30.010483],[-51.234273,-30.01046],[-51.234276,-30.010372],[-51.234352,-30.010335],[-51.234244,-30.010171],[-51.234408,-30.010101],[-51.23444,-30.009976],[-51.234387,-30.009764],[-51.234507,-30.009746],[-51.234446,-30.009689],[-51.234324,-30.009689],[-51.234245,-30.009643],[-51.234258,-30.00951],[-51.234361,-30.0095],[-51.23441,-30.009372],[-51.23437,-30.009311],[-51.234329,-30.009329],[-51.234287,-30.009289],[-51.234334,-30.009224],[-51.234275,-30.009101],[-51.234314,-30.00901],[-51.234299,-30.008754],[-51.234267,-30.008708],[-51.234233,-30.008747],[-51.234208,-30.008699],[-51.234153,-30.008488],[-51.234177,-30.008444],[-51.233883,-30.008275],[-51.233808,-30.008265],[-51.233777,-30.008297],[-51.233777,-30.008302]]]}},{"type":"Feature","properties":{"name":"Arquipélago","code":104},"geometry":{"type":"Polygon","coordinates":[[[-51.233533,-30.007149],[-51.233437,-30.00723],[-51.233465,-30.007343],[-51.233392,-30.007452],[-51.233474,-30.007569],[-51.233449,-30.007679],[-51.233526,-30.007845],[-51.233594,-30.007897],[-51.233667,-30.007794],[-51.233662,-30.007705],[-51.23372,-30.007649],[-51.233636,-30.00761],[-51.233716,-30.007505],[-51.233679,-30.007407],[-51.233719,-30.007375],[-51.233727,-30.007272],[-51.233715,-30.007204],[-51.233539,-30.007148],[-51.233533,-30.007149]]]}},{"type":"Feature","properties":{"name":"Arquipélago","code":104},"geometry":{"type":"Polygon","coordinates":[[[-51.237822,-30.003691],[-51.237469,-30.003768],[-51.237285,-30.003754],[-51.2372,-30.003801],[-51.237126,-30.003792],[-51.237093,-30.00384],[-51.237044,-30.003803],[-51.236934,-30.003862],[-51.23687,-30.00382],[-51.236705,-30.003902],[-51.236605,-30.00391],[-51.236552,-30.003875],[-51.236485,-30.003959],[-51.236421,-30.003921],[-51.236244,-30.003982],[-51.236194,-30.003891],[-51.236146,-30.003891],[-51.236083,-30.003983],[-51.235919,-30.004083],[-51.235518,-30.004118],[-51.235311,-30.004256],[-51.235248,-30.004341],[-51.235215,-30.004307],[-51.235069,-30.00438],[-51.234705,-30.004461],[-51.234685,-30.004522],[-51.234456,-30.004633],[-51.234467,-30.004702],[-51.234418,-30.004723],[-51.234497,-30.004794],[-51.234412,-30.00481],[-51.234434,-30.004915],[-51.23457,-30.004942],[-51.234683,-30.004904],[-51.234668,-30.004982],[-51.234742,-30.00502],[-51.234906,-30.005001],[-51.234921,-30.004958],[-51.234983,-30.004987],[-51.235024,-30.005025],[-51.235007,-30.005089],[-51.235122,-30.005108],[-51.235279,-30.005314],[-51.235278,-30.00537],[-51.235394,-30.005432],[-51.235423,-30.005509],[-51.23555,-30.005562],[-51.235566,-30.005881],[-51.235613,-30.006024],[-51.235564,-30.006147],[-51.235701,-30.006352],[-51.235799,-30.006422],[-51.235819,-30.006505],[-51.235969,-30.006565],[-51.23601,-30.006822],[-51.236125,-30.006927],[-51.236195,-30.00719],[-51.236248,-30.007205],[-51.236264,-30.007132],[-51.236308,-30.007199],[-51.236485,-30.007234],[-51.236488,-30.007344],[-51.236562,-30.007417],[-51.236543,-30.007447],[-51.236658,-30.007657],[-51.236824,-30.007739],[-51.236872,-30.007682],[-51.236953,-30.007709],[-51.236988,-30.007827],[-51.237065,-30.007811],[-51.237162,-30.0077],[-51.23737,-30.007677],[-51.237421,-30.007579],[-51.237482,-30.007617],[-51.23753,-30.007729],[-51.23756,-30.007693],[-51.237522,-30.007629],[-51.237641,-30.007577],[-51.237837,-30.007778],[-51.237947,-30.007663],[-51.238063,-30.00761],[-51.238165,-30.007678],[-51.238472,-30.007694],[-51.238522,-30.007601],[-51.238644,-30.007544],[-51.238682,-30.007546],[-51.238686,-30.007612],[-51.238734,-30.007612],[-51.238798,-30.007484],[-51.238833,-30.007484],[-51.238826,-30.007436],[-51.239088,-30.007397],[-51.239086,-30.007476],[-51.239127,-30.007494],[-51.239222,-30.007391],[-51.239303,-30.007446],[-51.239308,-30.007386],[-51.23938,-30.007458],[-51.239452,-30.007348],[-51.239692,-30.007291],[-51.239787,-30.007205],[-51.239883,-30.007232],[-51.239981,-30.007202],[-51.239962,-30.007275],[-51.239885,-30.00731],[-51.239966,-30.007352],[-51.239994,-30.007322],[-51.240041,-30.007374],[-51.240095,-30.007262],[-51.240063,-30.007217],[-51.240115,-30.00719],[-51.240192,-30.007297],[-51.24026,-30.007283],[-51.240178,-30.007346],[-51.240216,-30.007371],[-51.240439,-30.007204],[-51.240347,-30.007135],[-51.240362,-30.007085],[-51.240637,-30.006991],[-51.240706,-30.007],[-51.240744,-30.006959],[-51.240789,-30.007025],[-51.24074,-30.007159],[-51.240808,-30.007094],[-51.240877,-30.007116],[-51.240891,-30.00706],[-51.240992,-30.007091],[-51.241026,-30.00706],[-51.241043,-30.00714],[-51.241097,-30.00713],[-51.24112,-30.007082],[-51.241239,-30.007031],[-51.241175,-30.006991],[-51.241237,-30.006983],[-51.241326,-30.006991],[-51.241396,-30.007061],[-51.241608,-30.007133],[-51.24166,-30.007116],[-51.241732,-30.006996],[-51.241784,-30.007038],[-51.241877,-30.007026],[-51.241921,-30.007094],[-51.241851,-30.00712],[-51.241895,-30.007169],[-51.241996,-30.00718],[-51.24198,-30.007271],[-51.242018,-30.007319],[-51.242206,-30.007363],[-51.242298,-30.007282],[-51.242359,-30.007393],[-51.242443,-30.007359],[-51.242465,-30.007306],[-51.242571,-30.007319],[-51.242656,-30.007185],[-51.242779,-30.007247],[-51.242851,-30.007223],[-51.242907,-30.007252],[-51.243034,-30.007112],[-51.24322,-30.007199],[-51.243297,-30.0072],[-51.243371,-30.007137],[-51.2434,-30.0072],[-51.243344,-30.007248],[-51.243483,-30.0073],[-51.243474,-30.007354],[-51.243522,-30.007388],[-51.243606,-30.007387],[-51.24367,-30.007447],[-51.243795,-30.007427],[-51.243873,-30.007463],[-51.244013,-30.007415],[-51.244048,-30.007471],[-51.244022,-30.00755],[-51.244155,-30.00756],[-51.244125,-30.007602],[-51.244172,-30.007612],[-51.244189,-30.007688],[-51.244207,-30.007624],[-51.244365,-30.007622],[-51.244296,-30.00772],[-51.24431,-30.007813],[-51.244539,-30.008021],[-51.244424,-30.008044],[-51.244435,-30.008135],[-51.244543,-30.008272],[-51.244599,-30.008225],[-51.244588,-30.008269],[-51.244756,-30.008416],[-51.244802,-30.008559],[-51.244773,-30.008592],[-51.244868,-30.00881],[-51.24478,-30.008894],[-51.24494,-30.009006],[-51.244971,-30.009202],[-51.245038,-30.009268],[-51.244951,-30.009354],[-51.244982,-30.009498],[-51.244937,-30.009524],[-51.244988,-30.009553],[-51.244985,-30.009635],[-51.24491,-30.009718],[-51.245009,-30.009855],[-51.244891,-30.009859],[-51.244945,-30.009925],[-51.244864,-30.00998],[-51.244942,-30.010017],[-51.244839,-30.010106],[-51.244899,-30.010129],[-51.244929,-30.010205],[-51.244862,-30.010269],[-51.244849,-30.010439],[-51.244807,-30.010451],[-51.244801,-30.01066],[-51.24452,-30.010708],[-51.244339,-30.01079],[-51.244064,-30.011087],[-51.243888,-30.011172],[-51.24382,-30.011304],[-51.243679,-30.01137],[-51.243494,-30.01154],[-51.243284,-30.011624],[-51.243033,-30.011901],[-51.242915,-30.011967],[-51.242542,-30.012072],[-51.242468,-30.012148],[-51.24164,-30.012366],[-51.241406,-30.012554],[-51.241374,-30.012682],[-51.241176,-30.01303],[-51.240414,-30.01337],[-51.239998,-30.013363],[-51.239885,-30.013644],[-51.239984,-30.013774],[-51.239844,-30.013864],[-51.239894,-30.014032],[-51.23981,-30.014131],[-51.239826,-30.014179],[-51.239678,-30.014304],[-51.239638,-30.014476],[-51.239505,-30.014489],[-51.239349,-30.014607],[-51.239331,-30.014746],[-51.239382,-30.014825],[-51.239133,-30.014948],[-51.239039,-30.014922],[-51.238931,-30.014947],[-51.238878,-30.015009],[-51.238903,-30.015065],[-51.238766,-30.015179],[-51.238613,-30.015234],[-51.23866,-30.01551],[-51.238728,-30.015566],[-51.238665,-30.015572],[-51.23863,-30.015654],[-51.238715,-30.015833],[-51.238675,-30.015852],[-51.23872,-30.015886],[-51.238678,-30.015972],[-51.238743,-30.015946],[-51.238792,-30.016],[-51.238738,-30.016049],[-51.238682,-30.016005],[-51.238622,-30.016032],[-51.238551,-30.016128],[-51.23859,-30.016142],[-51.23853,-30.016169],[-51.238578,-30.016289],[-51.238474,-30.016306],[-51.238462,-30.016385],[-51.238508,-30.016414],[-51.238329,-30.016526],[-51.238268,-30.016644],[-51.238262,-30.016754],[-51.238027,-30.016837],[-51.237972,-30.016911],[-51.237958,-30.017019],[-51.237856,-30.017037],[-51.237914,-30.017074],[-51.23784,-30.017091],[-51.237867,-30.017165],[-51.237776,-30.017176],[-51.237886,-30.017243],[-51.237898,-30.017318],[-51.238014,-30.017462],[-51.238066,-30.017472],[-51.237994,-30.017564],[-51.238069,-30.01768],[-51.23807,-30.017754],[-51.238126,-30.017789],[-51.238066,-30.017839],[-51.238076,-30.017913],[-51.238014,-30.017962],[-51.238036,-30.018022],[-51.238101,-30.018043],[-51.23813,-30.018175],[-51.238201,-30.018237],[-51.238207,-30.018284],[-51.238156,-30.018321],[-51.238222,-30.018365],[-51.238165,-30.018505],[-51.238239,-30.01866],[-51.238358,-30.01871],[-51.238291,-30.01879],[-51.238345,-30.018932],[-51.238432,-30.018962],[-51.238395,-30.019005],[-51.238409,-30.019057],[-51.23857,-30.019185],[-51.238558,-30.019316],[-51.238618,-30.019364],[-51.238631,-30.019435],[-51.238522,-30.019542],[-51.23866,-30.019581],[-51.238745,-30.019672],[-51.238727,-30.019843],[-51.238802,-30.019941],[-51.238755,-30.020034],[-51.238806,-30.02002],[-51.238885,-30.020133],[-51.239008,-30.020173],[-51.239038,-30.020302],[-51.239002,-30.020431],[-51.239017,-30.020602],[-51.239254,-30.020705],[-51.239201,-30.02081],[-51.239387,-30.020742],[-51.239898,-30.021075],[-51.239942,-30.021091],[-51.240009,-30.021039],[-51.24011,-30.021157],[-51.240117,-30.021501],[-51.240021,-30.021532],[-51.240061,-30.021561],[-51.240103,-30.02173],[-51.239941,-30.022009],[-51.239957,-30.022096],[-51.240011,-30.022137],[-51.24,-30.022189],[-51.240146,-30.022078],[-51.240247,-30.022054],[-51.240575,-30.022193],[-51.240592,-30.022241],[-51.2408,-30.022288],[-51.24089,-30.022224],[-51.24089,-30.022182],[-51.240793,-30.022206],[-51.240554,-30.022095],[-51.240542,-30.022065],[-51.24059,-30.02204],[-51.240579,-30.02186],[-51.240555,-30.021803],[-51.240465,-30.02177],[-51.240677,-30.021511],[-51.240683,-30.021413],[-51.240627,-30.02136],[-51.240705,-30.021314],[-51.240737,-30.021158],[-51.240777,-30.02117],[-51.240801,-30.021126],[-51.240877,-30.021188],[-51.24098,-30.021194],[-51.241034,-30.021108],[-51.241044,-30.020946],[-51.241212,-30.02092],[-51.241261,-30.020861],[-51.241465,-30.020917],[-51.241485,-30.021055],[-51.241602,-30.021103],[-51.241735,-30.02114],[-51.241786,-30.021058],[-51.241832,-30.021055],[-51.241914,-30.02126],[-51.242171,-30.021476],[-51.24221,-30.021471],[-51.242217,-30.021412],[-51.242095,-30.021325],[-51.242193,-30.021261],[-51.242513,-30.021435],[-51.242578,-30.021614],[-51.242677,-30.021685],[-51.242693,-30.021842],[-51.242655,-30.021904],[-51.242718,-30.02193],[-51.24276,-30.022017],[-51.243019,-30.021914],[-51.243042,-30.022027],[-51.243076,-30.021968],[-51.24317,-30.022001],[-51.243263,-30.02194],[-51.243261,-30.022043],[-51.243305,-30.022067],[-51.243403,-30.022047],[-51.243449,-30.02196],[-51.243566,-30.022027],[-51.243615,-30.021965],[-51.243691,-30.022052],[-51.243764,-30.021878],[-51.243879,-30.021914],[-51.244045,-30.0218],[-51.244229,-30.021792],[-51.244378,-30.021608],[-51.24412,-30.021564],[-51.24423,-30.021245],[-51.244165,-30.021166],[-51.244153,-30.021015],[-51.244075,-30.020951],[-51.244145,-30.020879],[-51.244058,-30.020682],[-51.24408,-30.020625],[-51.244382,-30.020712],[-51.244411,-30.02081],[-51.244381,-30.020878],[-51.244443,-30.020928],[-51.244502,-30.02075],[-51.244549,-30.020842],[-51.244613,-30.020755],[-51.244696,-30.02083],[-51.244659,-30.020696],[-51.244746,-30.020709],[-51.244803,-30.020638],[-51.244917,-30.020658],[-51.244976,-30.020586],[-51.244974,-30.020517],[-51.245055,-30.020492],[-51.24507,-30.02039],[-51.245148,-30.020375],[-51.245146,-30.02033],[-51.245205,-30.020288],[-51.245221,-30.020172],[-51.245133,-30.020146],[-51.245159,-30.019922],[-51.245105,-30.019883],[-51.245144,-30.019839],[-51.245098,-30.019785],[-51.245144,-30.019751],[-51.245089,-30.019594],[-51.245136,-30.01946],[-51.245197,-30.019406],[-51.24518,-30.019338],[-51.245294,-30.019217],[-51.245308,-30.01914],[-51.245406,-30.019133],[-51.245422,-30.01904],[-51.245491,-30.019012],[-51.245544,-30.018923],[-51.245597,-30.018929],[-51.245703,-30.019049],[-51.245739,-30.018999],[-51.245695,-30.018853],[-51.245783,-30.018867],[-51.245826,-30.018831],[-51.24591,-30.018963],[-51.245985,-30.018958],[-51.246047,-30.018836],[-51.246001,-30.018714],[-51.246031,-30.018693],[-51.246132,-30.018788],[-51.246154,-30.01889],[-51.246253,-30.018899],[-51.246213,-30.018972],[-51.246263,-30.019027],[-51.246324,-30.018991],[-51.246354,-30.018891],[-51.246504,-30.018883],[-51.246531,-30.018851],[-51.246503,-30.018774],[-51.246537,-30.018749],[-51.246648,-30.018868],[-51.246749,-30.018899],[-51.246785,-30.018844],[-51.24683,-30.018913],[-51.247064,-30.018834],[-51.24723,-30.018898],[-51.247347,-30.018881],[-51.247423,-30.01894],[-51.247525,-30.018877],[-51.247585,-30.018999],[-51.247775,-30.018993],[-51.247983,-30.019241],[-51.248098,-30.019274],[-51.24821,-30.019226],[-51.248242,-30.01926],[-51.248455,-30.019246],[-51.24849,-30.019381],[-51.248621,-30.019403],[-51.248707,-30.01951],[-51.248698,-30.019748],[-51.248794,-30.019751],[-51.248771,-30.019801],[-51.248824,-30.019852],[-51.248811,-30.019963],[-51.248903,-30.019995],[-51.248938,-30.019915],[-51.248999,-30.019939],[-51.248984,-30.020086],[-51.248883,-30.020134],[-51.248872,-30.020267],[-51.248898,-30.020315],[-51.248985,-30.020334],[-51.249034,-30.020492],[-51.249129,-30.020555],[-51.249006,-30.020523],[-51.248907,-30.020598],[-51.249013,-30.020621],[-51.249101,-30.020784],[-51.249016,-30.020846],[-51.249058,-30.02095],[-51.249016,-30.020999],[-51.249113,-30.021047],[-51.248771,-30.02123],[-51.24882,-30.021282],[-51.248765,-30.021312],[-51.248798,-30.021342],[-51.24875,-30.021422],[-51.248674,-30.021451],[-51.248715,-30.02153],[-51.24859,-30.021626],[-51.248609,-30.021687],[-51.248562,-30.021701],[-51.248509,-30.021824],[-51.248443,-30.021843],[-51.248358,-30.022046],[-51.248211,-30.022194],[-51.24825,-30.022231],[-51.248216,-30.022252],[-51.248224,-30.022333],[-51.24811,-30.02229],[-51.248108,-30.02237],[-51.248071,-30.022342],[-51.247945,-30.022421],[-51.247915,-30.022579],[-51.247748,-30.022572],[-51.247742,-30.022646],[-51.247663,-30.022707],[-51.247691,-30.022765],[-51.24765,-30.022746],[-51.247599,-30.022792],[-51.247668,-30.022864],[-51.247617,-30.022948],[-51.247554,-30.022939],[-51.247562,-30.023021],[-51.247518,-30.023088],[-51.247557,-30.023155],[-51.247705,-30.023169],[-51.247624,-30.023207],[-51.247723,-30.023292],[-51.247622,-30.023396],[-51.247734,-30.023458],[-51.247594,-30.023476],[-51.247704,-30.023653],[-51.247759,-30.023627],[-51.247875,-30.023652],[-51.247926,-30.02369],[-51.247916,-30.023778],[-51.248046,-30.023799],[-51.248021,-30.023846],[-51.248074,-30.023899],[-51.248145,-30.023874],[-51.248319,-30.023909],[-51.24826,-30.023903],[-51.248163,-30.024188],[-51.248292,-30.024348],[-51.248365,-30.024336],[-51.248259,-30.024433],[-51.248435,-30.02462],[-51.248419,-30.024661],[-51.248343,-30.024681],[-51.248296,-30.024801],[-51.248388,-30.02478],[-51.248426,-30.024813],[-51.248467,-30.024778],[-51.248474,-30.024838],[-51.248513,-30.024844],[-51.248551,-30.024829],[-51.248543,-30.024782],[-51.248624,-30.024742],[-51.248705,-30.024771],[-51.248712,-30.02472],[-51.248974,-30.024771],[-51.249073,-30.024732],[-51.24908,-30.024761],[-51.249149,-30.024671],[-51.2492,-30.024704],[-51.24918,-30.024783],[-51.249244,-30.024814],[-51.249256,-30.024705],[-51.24939,-30.024592],[-51.249503,-30.024561],[-51.249539,-30.02446],[-51.249673,-30.02447],[-51.249975,-30.024223],[-51.250083,-30.024255],[-51.250233,-30.024094],[-51.250217,-30.023997],[-51.250423,-30.023903],[-51.250579,-30.023686],[-51.250629,-30.023544],[-51.250789,-30.023352],[-51.250799,-30.023209],[-51.250895,-30.023186],[-51.250933,-30.023039],[-51.251037,-30.023012],[-51.25106,-30.022831],[-51.251146,-30.022704],[-51.251151,-30.022609],[-51.251217,-30.022563],[-51.251205,-30.022499],[-51.251309,-30.02236],[-51.25138,-30.022359],[-51.251427,-30.0222],[-51.251485,-30.02217],[-51.251506,-30.022083],[-51.251578,-30.022019],[-51.251607,-30.021898],[-51.251717,-30.021742],[-51.251626,-30.021749],[-51.251614,-30.021707],[-51.251812,-30.021622],[-51.251849,-30.021459],[-51.25194,-30.021359],[-51.251928,-30.021296],[-51.252,-30.02128],[-51.25201,-30.021165],[-51.252049,-30.021163],[-51.252086,-30.021244],[-51.252122,-30.021151],[-51.252171,-30.021152],[-51.252169,-30.020903],[-51.252224,-30.020857],[-51.252297,-30.020883],[-51.252333,-30.020852],[-51.252345,-30.020625],[-51.25238,-30.020601],[-51.252515,-30.020643],[-51.252484,-30.02057],[-51.252424,-30.02059],[-51.252361,-30.020549],[-51.252348,-30.02049],[-51.25243,-30.02042],[-51.252451,-30.020322],[-51.252391,-30.02025],[-51.252504,-30.020161],[-51.252565,-30.020032],[-51.252596,-30.019855],[-51.252559,-30.019775],[-51.252662,-30.019734],[-51.252818,-30.019316],[-51.252783,-30.019148],[-51.252856,-30.019039],[-51.252701,-30.01891],[-51.25283,-30.018814],[-51.252879,-30.01863],[-51.252857,-30.018522],[-51.252704,-30.018447],[-51.252681,-30.018386],[-51.252809,-30.018298],[-51.25277,-30.018183],[-51.252838,-30.018047],[-51.252719,-30.018027],[-51.252712,-30.017921],[-51.25278,-30.017823],[-51.252796,-30.01762],[-51.252765,-30.017556],[-51.252836,-30.017517],[-51.252804,-30.017429],[-51.252851,-30.01719],[-51.253011,-30.017116],[-51.252938,-30.017029],[-51.252957,-30.016995],[-51.252832,-30.016997],[-51.252787,-30.016864],[-51.252849,-30.016793],[-51.252954,-30.016814],[-51.253052,-30.016754],[-51.252972,-30.016681],[-51.253099,-30.016487],[-51.253097,-30.016194],[-51.252972,-30.016029],[-51.252988,-30.015881],[-51.253018,-30.015818],[-51.253078,-30.015817],[-51.253089,-30.01569],[-51.253202,-30.015594],[-51.25336,-30.0152],[-51.253643,-30.014861],[-51.253691,-30.014482],[-51.253815,-30.01436],[-51.253869,-30.014366],[-51.253875,-30.014302],[-51.253923,-30.014273],[-51.253895,-30.014231],[-51.25403,-30.014167],[-51.254082,-30.014067],[-51.254214,-30.01404],[-51.254296,-30.013939],[-51.254479,-30.013903],[-51.254582,-30.013782],[-51.254595,-30.013689],[-51.254726,-30.013591],[-51.254877,-30.013385],[-51.255071,-30.013322],[-51.255072,-30.013202],[-51.255195,-30.013152],[-51.255273,-30.012996],[-51.255418,-30.012956],[-51.255467,-30.012862],[-51.255567,-30.012827],[-51.255602,-30.012753],[-51.25577,-30.012703],[-51.255743,-30.01262],[-51.255847,-30.012586],[-51.255939,-30.012468],[-51.255931,-30.012342],[-51.255882,-30.012295],[-51.255905,-30.012245],[-51.256098,-30.012346],[-51.256155,-30.012227],[-51.256344,-30.012181],[-51.25643,-30.011941],[-51.256625,-30.011699],[-51.256919,-30.011547],[-51.256973,-30.011455],[-51.25716,-30.011363],[-51.257399,-30.011335],[-51.257496,-30.011107],[-51.257741,-30.011041],[-51.257875,-30.010819],[-51.258158,-30.010643],[-51.258236,-30.010491],[-51.258198,-30.010404],[-51.258342,-30.010383],[-51.258349,-30.010249],[-51.258608,-30.01026],[-51.258599,-30.01011],[-51.258661,-30.010088],[-51.258729,-30.009974],[-51.258824,-30.009955],[-51.259004,-30.009791],[-51.258933,-30.009706],[-51.25912,-30.009669],[-51.259137,-30.009611],[-51.259421,-30.009393],[-51.259605,-30.009064],[-51.259731,-30.009043],[-51.259894,-30.008919],[-51.25998,-30.008904],[-51.259984,-30.008857],[-51.260036,-30.008834],[-51.260031,-30.00877],[-51.260217,-30.008561],[-51.260304,-30.008336],[-51.260425,-30.008233],[-51.260441,-30.008033],[-51.260484,-30.008008],[-51.260544,-30.007804],[-51.260537,-30.007706],[-51.260751,-30.007626],[-51.260613,-30.007488],[-51.260787,-30.007497],[-51.260863,-30.007359],[-51.260868,-30.007258],[-51.26077,-30.007165],[-51.260908,-30.007157],[-51.260868,-30.007106],[-51.260924,-30.007071],[-51.260859,-30.007045],[-51.260945,-30.006927],[-51.260924,-30.006801],[-51.260837,-30.00675],[-51.26089,-30.006703],[-51.26086,-30.006407],[-51.260702,-30.006386],[-51.260616,-30.00624],[-51.260609,-30.006144],[-51.2605,-30.006058],[-51.260078,-30.006146],[-51.260083,-30.006209],[-51.260042,-30.006211],[-51.260019,-30.006149],[-51.259725,-30.006224],[-51.259077,-30.006539],[-51.258949,-30.006531],[-51.258943,-30.006584],[-51.258783,-30.006575],[-51.258554,-30.006795],[-51.258414,-30.006847],[-51.258358,-30.006948],[-51.258116,-30.007052],[-51.258048,-30.006997],[-51.257991,-30.00701],[-51.257861,-30.007068],[-51.25783,-30.007175],[-51.257726,-30.007155],[-51.257482,-30.007333],[-51.257239,-30.007361],[-51.256987,-30.007466],[-51.256907,-30.007528],[-51.256881,-30.007603],[-51.256224,-30.007932],[-51.255609,-30.008121],[-51.25546,-30.008201],[-51.254967,-30.008313],[-51.254382,-30.008578],[-51.253911,-30.008657],[-51.253789,-30.008642],[-51.25355,-30.008802],[-51.253206,-30.008855],[-51.253134,-30.008909],[-51.253009,-30.00887],[-51.252635,-30.008904],[-51.252474,-30.00901],[-51.252337,-30.00901],[-51.252268,-30.008953],[-51.252095,-30.009036],[-51.251877,-30.008977],[-51.251787,-30.009005],[-51.251571,-30.008966],[-51.251242,-30.009052],[-51.251162,-30.008982],[-51.251176,-30.008905],[-51.251143,-30.008874],[-51.251022,-30.008983],[-51.250426,-30.008852],[-51.250382,-30.008866],[-51.250387,-30.008938],[-51.25034,-30.008953],[-51.250169,-30.008887],[-51.250309,-30.00887],[-51.25027,-30.00883],[-51.249868,-30.00872],[-51.249782,-30.008763],[-51.249653,-30.008728],[-51.249559,-30.008646],[-51.249413,-30.008626],[-51.24936,-30.008554],[-51.24931,-30.00857],[-51.249091,-30.008475],[-51.248838,-30.008472],[-51.248554,-30.008401],[-51.248317,-30.008276],[-51.248107,-30.008265],[-51.248016,-30.008206],[-51.247996,-30.008135],[-51.247566,-30.008053],[-51.247527,-30.007965],[-51.247431,-30.007975],[-51.247339,-30.007903],[-51.247112,-30.007888],[-51.246901,-30.007765],[-51.246768,-30.007611],[-51.246662,-30.00759],[-51.246577,-30.007509],[-51.246098,-30.007257],[-51.24595,-30.007094],[-51.245741,-30.007008],[-51.245677,-30.006889],[-51.245585,-30.006864],[-51.245408,-30.00673],[-51.245298,-30.006757],[-51.245321,-30.006656],[-51.245243,-30.006603],[-51.245229,-30.006538],[-51.245126,-30.00645],[-51.244956,-30.006414],[-51.244715,-30.006191],[-51.244596,-30.006204],[-51.244573,-30.006059],[-51.24441,-30.006079],[-51.244336,-30.005979],[-51.244219,-30.005949],[-51.244176,-30.005899],[-51.244087,-30.005929],[-51.243857,-30.005681],[-51.243784,-30.005716],[-51.243681,-30.005583],[-51.243515,-30.005472],[-51.243391,-30.005466],[-51.243182,-30.005328],[-51.243049,-30.005321],[-51.242621,-30.005035],[-51.242527,-30.005033],[-51.242492,-30.004916],[-51.242412,-30.004944],[-51.242141,-30.004838],[-51.241779,-30.004586],[-51.241402,-30.004513],[-51.241002,-30.004267],[-51.240774,-30.004224],[-51.240528,-30.004079],[-51.239831,-30.00393],[-51.239766,-30.003802],[-51.239435,-30.003772],[-51.239165,-30.003812],[-51.239098,-30.003746],[-51.238872,-30.003721],[-51.238822,-30.003745],[-51.238842,-30.003808],[-51.238752,-30.003819],[-51.238517,-30.00372],[-51.238138,-30.00374],[-51.237827,-30.003689],[-51.237822,-30.003691]]]}},{"type":"Feature","properties":{"name":"Arquipélago","code":104},"geometry":{"type":"Polygon","coordinates":[[[-51.290292,-30.058435],[-51.290309,-30.058566],[-51.290236,-30.058485],[-51.290105,-30.058489],[-51.290083,-30.058432],[-51.290025,-30.058444],[-51.290044,-30.058484],[-51.289983,-30.058517],[-51.289922,-30.058481],[-51.28973,-30.058485],[-51.289571,-30.058592],[-51.289231,-30.058624],[-51.289248,-30.058676],[-51.28921,-30.058718],[-51.289108,-30.058708],[-51.289116,-30.058794],[-51.289053,-30.058898],[-51.289014,-30.058851],[-51.28907,-30.058803],[-51.288913,-30.058798],[-51.288901,-30.05885],[-51.28899,-30.058872],[-51.289024,-30.059002],[-51.288961,-30.05906],[-51.288949,-30.05915],[-51.288977,-30.059184],[-51.289047,-30.059166],[-51.289117,-30.059233],[-51.289123,-30.059297],[-51.2892,-30.059351],[-51.289199,-30.059502],[-51.289286,-30.059622],[-51.289118,-30.059838],[-51.289122,-30.059915],[-51.288968,-30.060019],[-51.288929,-30.060124],[-51.28879,-30.060237],[-51.28873,-30.060223],[-51.288635,-30.060342],[-51.288506,-30.06033],[-51.2885,-30.060379],[-51.28823,-30.060406],[-51.288207,-30.060438],[-51.288051,-30.060391],[-51.28801,-30.060461],[-51.287918,-30.060455],[-51.287821,-30.06052],[-51.287578,-30.060512],[-51.287449,-30.060428],[-51.287405,-30.060452],[-51.287274,-30.060395],[-51.28712,-30.060404],[-51.287054,-30.060341],[-51.286765,-30.060251],[-51.286667,-30.060184],[-51.286595,-30.060206],[-51.286513,-30.060097],[-51.286537,-30.060027],[-51.286456,-30.060022],[-51.286449,-30.059924],[-51.286392,-30.05992],[-51.286377,-30.059725],[-51.286408,-30.059673],[-51.286345,-30.059611],[-51.286361,-30.05951],[-51.286323,-30.059496],[-51.286375,-30.05941],[-51.286344,-30.059298],[-51.286451,-30.059211],[-51.286457,-30.059081],[-51.286405,-30.05898],[-51.286266,-30.058865],[-51.286237,-30.058952],[-51.286149,-30.059026],[-51.286194,-30.059084],[-51.286152,-30.059059],[-51.286075,-30.05909],[-51.286088,-30.059134],[-51.286161,-30.059135],[-51.286175,-30.059196],[-51.286058,-30.059242],[-51.285955,-30.05938],[-51.285979,-30.059408],[-51.28603,-30.059362],[-51.286036,-30.059473],[-51.28593,-30.059645],[-51.285913,-30.059729],[-51.285948,-30.059783],[-51.285877,-30.059816],[-51.285909,-30.059938],[-51.28597,-30.059958],[-51.285972,-30.060005],[-51.285912,-30.06004],[-51.285878,-30.060137],[-51.285794,-30.060115],[-51.285956,-30.060188],[-51.285848,-30.060181],[-51.285838,-30.06023],[-51.285775,-30.060237],[-51.285942,-30.060426],[-51.285901,-30.060544],[-51.285926,-30.060802],[-51.286013,-30.060953],[-51.286123,-30.060979],[-51.286001,-30.061014],[-51.28604,-30.061207],[-51.285994,-30.061231],[-51.286166,-30.061545],[-51.286119,-30.061593],[-51.28617,-30.061634],[-51.286117,-30.061678],[-51.286144,-30.061761],[-51.286112,-30.06184],[-51.286167,-30.061877],[-51.286143,-30.061935],[-51.286225,-30.061954],[-51.286183,-30.061992],[-51.286221,-30.062029],[-51.286191,-30.062097],[-51.28625,-30.062093],[-51.286285,-30.06217],[-51.286332,-30.062153],[-51.286311,-30.062286],[-51.286363,-30.062296],[-51.286349,-30.062427],[-51.286464,-30.062512],[-51.286419,-30.062561],[-51.286477,-30.062589],[-51.286449,-30.06264],[-51.286511,-30.062635],[-51.286519,-30.062846],[-51.286651,-30.062801],[-51.286588,-30.062906],[-51.286732,-30.062905],[-51.28674,-30.063029],[-51.286897,-30.063113],[-51.28686,-30.063194],[-51.286886,-30.063267],[-51.28697,-30.063275],[-51.287127,-30.063169],[-51.287132,-30.063214],[-51.287329,-30.063392],[-51.287374,-30.063381],[-51.287381,-30.063331],[-51.287457,-30.06336],[-51.287477,-30.063425],[-51.287431,-30.063452],[-51.287406,-30.06355],[-51.287449,-30.063624],[-51.287493,-30.063602],[-51.287541,-30.063687],[-51.287676,-30.063678],[-51.287783,-30.063732],[-51.287913,-30.063709],[-51.287986,-30.063784],[-51.288075,-30.063781],[-51.288213,-30.063843],[-51.288208,-30.063758],[-51.288304,-30.063714],[-51.288323,-30.063631],[-51.288449,-30.063674],[-51.288553,-30.063632],[-51.288617,-30.063533],[-51.288597,-30.063416],[-51.288731,-30.063559],[-51.288953,-30.063398],[-51.289053,-30.063466],[-51.289193,-30.063377],[-51.289271,-30.06346],[-51.289431,-30.063366],[-51.289464,-30.063382],[-51.28944,-30.063427],[-51.289469,-30.063412],[-51.289487,-30.063524],[-51.289522,-30.063518],[-51.289578,-30.063615],[-51.289703,-30.063667],[-51.289743,-30.063822],[-51.289843,-30.063835],[-51.289795,-30.06385],[-51.289774,-30.064004],[-51.28971,-30.064076],[-51.289729,-30.064141],[-51.289597,-30.064134],[-51.289607,-30.064202],[-51.289383,-30.064292],[-51.289405,-30.064361],[-51.289563,-30.064336],[-51.289553,-30.064416],[-51.289596,-30.06443],[-51.289658,-30.064337],[-51.289735,-30.064317],[-51.289743,-30.064479],[-51.289984,-30.064421],[-51.290016,-30.06449],[-51.289999,-30.064593],[-51.290121,-30.064618],[-51.290162,-30.064669],[-51.290218,-30.064588],[-51.290348,-30.064603],[-51.290609,-30.06451],[-51.290654,-30.064425],[-51.290699,-30.064467],[-51.290794,-30.06445],[-51.29083,-30.064656],[-51.290777,-30.064671],[-51.290782,-30.064743],[-51.290734,-30.064793],[-51.290804,-30.064841],[-51.290874,-30.064779],[-51.291053,-30.064784],[-51.291166,-30.064716],[-51.291232,-30.064727],[-51.291234,-30.064616],[-51.291306,-30.06453],[-51.291388,-30.064503],[-51.291421,-30.064424],[-51.29153,-30.064464],[-51.291584,-30.064429],[-51.291611,-30.064466],[-51.291587,-30.064547],[-51.29153,-30.064548],[-51.291558,-30.064643],[-51.291657,-30.064609],[-51.291657,-30.06454],[-51.291742,-30.064609],[-51.291741,-30.064543],[-51.291696,-30.064514],[-51.291859,-30.064429],[-51.291967,-30.064045],[-51.291867,-30.063966],[-51.291793,-30.063977],[-51.291775,-30.064019],[-51.291684,-30.064014],[-51.291631,-30.063919],[-51.291441,-30.063798],[-51.29136,-30.063678],[-51.291302,-30.063436],[-51.291097,-30.063206],[-51.291012,-30.063177],[-51.291006,-30.063132],[-51.290914,-30.06307],[-51.29089,-30.062827],[-51.29074,-30.062623],[-51.290762,-30.062531],[-51.290672,-30.062309],[-51.290678,-30.062129],[-51.290858,-30.06178],[-51.290828,-30.061454],[-51.290913,-30.061424],[-51.290994,-30.061322],[-51.29096,-30.061243],[-51.29101,-30.061033],[-51.29096,-30.06094],[-51.290919,-30.060935],[-51.291054,-30.060849],[-51.291025,-30.06077],[-51.290968,-30.06079],[-51.290915,-30.060741],[-51.290972,-30.060531],[-51.290919,-30.060472],[-51.29097,-30.060407],[-51.290939,-30.060351],[-51.290958,-30.060291],[-51.290884,-30.060076],[-51.290814,-30.059996],[-51.290843,-30.059871],[-51.290808,-30.059729],[-51.290846,-30.059669],[-51.290795,-30.059579],[-51.290808,-30.059477],[-51.290733,-30.059364],[-51.290734,-30.059277],[-51.290785,-30.059239],[-51.290773,-30.059172],[-51.290686,-30.059052],[-51.290729,-30.05899],[-51.290749,-30.058671],[-51.290829,-30.058588],[-51.290795,-30.058473],[-51.290745,-30.058439],[-51.290677,-30.058468],[-51.290672,-30.058414],[-51.290467,-30.058435],[-51.290394,-30.058387],[-51.290296,-30.058432],[-51.290292,-30.058435]]]}},{"type":"Feature","properties":{"name":"Arquipélago","code":104},"geometry":{"type":"Polygon","coordinates":[[[-51.293197,-30.056508],[-51.293168,-30.056559],[-51.292856,-30.056539],[-51.292876,-30.056651],[-51.292833,-30.056717],[-51.292597,-30.056846],[-51.292609,-30.057098],[-51.292807,-30.057286],[-51.292774,-30.057509],[-51.292804,-30.05754],[-51.292704,-30.057615],[-51.292663,-30.057782],[-51.292512,-30.058029],[-51.292344,-30.058083],[-51.292274,-30.0582],[-51.2923,-30.058253],[-51.292347,-30.058249],[-51.292423,-30.058201],[-51.292438,-30.058145],[-51.29253,-30.058157],[-51.292502,-30.058237],[-51.292587,-30.05822],[-51.292561,-30.058265],[-51.29259,-30.058262],[-51.292652,-30.058401],[-51.29263,-30.058422],[-51.292702,-30.058447],[-51.292699,-30.058383],[-51.292813,-30.058257],[-51.292765,-30.05817],[-51.292824,-30.058148],[-51.292875,-30.058218],[-51.293045,-30.058228],[-51.29307,-30.058074],[-51.293043,-30.057934],[-51.29309,-30.057914],[-51.293144,-30.057775],[-51.293085,-30.05778],[-51.293066,-30.057762],[-51.293104,-30.057745],[-51.292949,-30.05767],[-51.293017,-30.057472],[-51.293062,-30.057484],[-51.29306,-30.057562],[-51.293143,-30.057517],[-51.293055,-30.057368],[-51.29307,-30.0573],[-51.293123,-30.05731],[-51.293107,-30.057198],[-51.293197,-30.0571],[-51.293191,-30.056781],[-51.293261,-30.05672],[-51.293223,-30.056619],[-51.293261,-30.056514],[-51.293201,-30.056504],[-51.293197,-30.056508]]]}},{"type":"Feature","properties":{"name":"Sétimo Céu","code":212},"geometry":{"type":"Polygon","coordinates":[[[-51.230449,-30.123432],[-51.231269,-30.122969],[-51.231759,-30.122608],[-51.231915,-30.122655],[-51.232249,-30.122737],[-51.232757,-30.122803],[-51.233784,-30.122877],[-51.235538,-30.123184],[-51.241152,-30.124664],[-51.241863,-30.124805],[-51.244329,-30.123325],[-51.244876,-30.123035],[-51.246641,-30.122319],[-51.247682,-30.121946],[-51.248633,-30.121502],[-51.249431,-30.121354],[-51.249625,-30.12125],[-51.249865,-30.122847],[-51.250283,-30.122787],[-51.251359,-30.12289],[-51.251912,-30.122847],[-51.252087,-30.122807],[-51.252234,-30.122765],[-51.252328,-30.122721],[-51.252539,-30.122582],[-51.252807,-30.122228],[-51.253001,-30.121161],[-51.253541,-30.119954],[-51.253621,-30.119569],[-51.253614,-30.119348],[-51.25328,-30.118269],[-51.253221,-30.117631],[-51.253245,-30.117399],[-51.253316,-30.117224],[-51.253457,-30.116925],[-51.250792,-30.115956],[-51.250305,-30.117056],[-51.248718,-30.119035],[-51.248509,-30.118986],[-51.246438,-30.11812],[-51.246414,-30.118165],[-51.245775,-30.118047],[-51.245791,-30.117989],[-51.244621,-30.117448],[-51.244634,-30.117407],[-51.243862,-30.117099],[-51.234752,-30.113684],[-51.234544,-30.114115],[-51.234115,-30.114721],[-51.233534,-30.115214],[-51.232952,-30.115541],[-51.232767,-30.11569],[-51.23253,-30.115932],[-51.232355,-30.116225],[-51.232227,-30.116652],[-51.232243,-30.116856],[-51.2323,-30.117062],[-51.232353,-30.117191],[-51.232463,-30.117374],[-51.23263,-30.117594],[-51.232826,-30.117977],[-51.232889,-30.118163],[-51.232936,-30.118428],[-51.232958,-30.118977],[-51.232927,-30.119189],[-51.232874,-30.119423],[-51.23268,-30.120068],[-51.232566,-30.120283],[-51.232419,-30.120476],[-51.232251,-30.120652],[-51.23206,-30.120808],[-51.231536,-30.121174],[-51.231041,-30.121725],[-51.230449,-30.123432]]]}},{"type":"Feature","properties":{"name":"Vila  Assunção","code":170},"geometry":{"type":"Polygon","coordinates":[[[-51.256627,-30.094501],[-51.256264,-30.094516],[-51.25624,-30.094523],[-51.25622,-30.094536],[-51.256242,-30.094578],[-51.256644,-30.094551],[-51.257085,-30.0946],[-51.257536,-30.094762],[-51.257794,-30.094927],[-51.258097,-30.095205],[-51.258618,-30.09598],[-51.258574,-30.096079],[-51.257079,-30.096806],[-51.257,-30.096797],[-51.256932,-30.096692],[-51.256897,-30.096698],[-51.256857,-30.096709],[-51.256454,-30.096035],[-51.256441,-30.095715],[-51.256499,-30.095558],[-51.256599,-30.095439],[-51.25657,-30.095382],[-51.254491,-30.095352],[-51.254406,-30.095439],[-51.254513,-30.095616],[-51.254515,-30.095638],[-51.25448,-30.095733],[-51.254309,-30.095801],[-51.254309,-30.095917],[-51.254126,-30.09611],[-51.254084,-30.096106],[-51.254057,-30.096103],[-51.254032,-30.096043],[-51.253835,-30.096002],[-51.253746,-30.095989],[-51.253728,-30.096066],[-51.253638,-30.096066],[-51.252731,-30.095872],[-51.252397,-30.095709],[-51.252382,-30.095655],[-51.252206,-30.095606],[-51.251864,-30.095364],[-51.249262,-30.101025],[-51.249588,-30.101201],[-51.249761,-30.101299],[-51.250186,-30.101654],[-51.251111,-30.102901],[-51.251482,-30.103201],[-51.251947,-30.103482],[-51.252332,-30.103677],[-51.252534,-30.103755],[-51.252648,-30.103793],[-51.254355,-30.104189],[-51.261207,-30.105977],[-51.261292,-30.105922],[-51.261298,-30.10593],[-51.261327,-30.105968],[-51.261525,-30.10585],[-51.261517,-30.105839],[-51.261494,-30.105811],[-51.261608,-30.105748],[-51.261617,-30.105752],[-51.261658,-30.105804],[-51.26171,-30.105771],[-51.261741,-30.105662],[-51.262087,-30.105475],[-51.2621,-30.105489],[-51.262114,-30.105511],[-51.262134,-30.105501],[-51.262186,-30.105474],[-51.26239,-30.105325],[-51.26315,-30.105031],[-51.263209,-30.105053],[-51.263482,-30.104966],[-51.263686,-30.104988],[-51.263836,-30.105041],[-51.263858,-30.105104],[-51.26397,-30.105164],[-51.264039,-30.105155],[-51.264041,-30.105043],[-51.264144,-30.105044],[-51.264225,-30.104962],[-51.26434,-30.104929],[-51.264386,-30.104809],[-51.264362,-30.104762],[-51.264521,-30.104692],[-51.265146,-30.104726],[-51.265213,-30.104782],[-51.265176,-30.104889],[-51.26521,-30.104953],[-51.265433,-30.105065],[-51.265421,-30.104797],[-51.265489,-30.104765],[-51.265619,-30.104828],[-51.265713,-30.104801],[-51.265723,-30.1047],[-51.265784,-30.104673],[-51.265811,-30.104578],[-51.265971,-30.104603],[-51.266121,-30.104507],[-51.266222,-30.104598],[-51.266823,-30.104558],[-51.266875,-30.104488],[-51.266833,-30.104349],[-51.266863,-30.104241],[-51.266742,-30.10416],[-51.26678,-30.103989],[-51.267008,-30.103951],[-51.267056,-30.103899],[-51.267634,-30.103692],[-51.267625,-30.103648],[-51.267231,-30.103783],[-51.266939,-30.1038],[-51.266836,-30.103892],[-51.266728,-30.103855],[-51.266596,-30.103687],[-51.266552,-30.103484],[-51.266478,-30.10339],[-51.266362,-30.103064],[-51.266395,-30.102924],[-51.26645,-30.102871],[-51.26664,-30.102775],[-51.266766,-30.102817],[-51.266647,-30.102715],[-51.266543,-30.102471],[-51.266549,-30.102454],[-51.266562,-30.102435],[-51.266513,-30.102397],[-51.266258,-30.101814],[-51.26589,-30.101701],[-51.26583,-30.101616],[-51.265856,-30.101397],[-51.265872,-30.101371],[-51.265887,-30.101352],[-51.26601,-30.101317],[-51.26593,-30.101116],[-51.26595,-30.10101],[-51.266139,-30.100994],[-51.266115,-30.100774],[-51.266073,-30.100778],[-51.266034,-30.100781],[-51.26595,-30.100683],[-51.265955,-30.100527],[-51.266036,-30.100406],[-51.266189,-30.100287],[-51.266245,-30.100336],[-51.266325,-30.100275],[-51.266385,-30.100287],[-51.266342,-30.100182],[-51.26638,-30.100001],[-51.26627,-30.100103],[-51.266096,-30.100104],[-51.265998,-30.100257],[-51.266028,-30.100311],[-51.26588,-30.100558],[-51.265748,-30.100562],[-51.265552,-30.100301],[-51.265704,-30.100244],[-51.265708,-30.100019],[-51.265781,-30.099982],[-51.265826,-30.099878],[-51.265984,-30.099846],[-51.266154,-30.099866],[-51.266014,-30.099809],[-51.265797,-30.099846],[-51.265546,-30.099733],[-51.265458,-30.099836],[-51.265379,-30.099827],[-51.265214,-30.099712],[-51.264976,-30.099424],[-51.264805,-30.09943],[-51.264665,-30.099036],[-51.264789,-30.09894],[-51.264955,-30.0989],[-51.265066,-30.098771],[-51.265044,-30.098643],[-51.264967,-30.098569],[-51.264664,-30.098608],[-51.264599,-30.098566],[-51.264519,-30.09862],[-51.264337,-30.09861],[-51.264226,-30.098655],[-51.264139,-30.098628],[-51.26403,-30.098546],[-51.264007,-30.098299],[-51.263873,-30.098232],[-51.263888,-30.098164],[-51.263822,-30.098093],[-51.263743,-30.098135],[-51.263544,-30.097996],[-51.26348,-30.097861],[-51.263364,-30.097908],[-51.263349,-30.097995],[-51.263283,-30.097926],[-51.263304,-30.097906],[-51.263147,-30.097815],[-51.263117,-30.097743],[-51.263131,-30.097725],[-51.263167,-30.097679],[-51.263095,-30.097643],[-51.263023,-30.097608],[-51.262925,-30.097627],[-51.262768,-30.097533],[-51.26266,-30.097524],[-51.262664,-30.097473],[-51.262601,-30.097399],[-51.262605,-30.097471],[-51.262494,-30.097405],[-51.262471,-30.097444],[-51.26232,-30.097412],[-51.262172,-30.097269],[-51.262179,-30.097221],[-51.261998,-30.097188],[-51.261864,-30.097081],[-51.261832,-30.09696],[-51.261649,-30.096865],[-51.261231,-30.096431],[-51.260361,-30.09627],[-51.259979,-30.09616],[-51.259878,-30.0961],[-51.259713,-30.095848],[-51.259631,-30.095894],[-51.259695,-30.095934],[-51.259751,-30.0961],[-51.2596,-30.096193],[-51.259434,-30.096216],[-51.259283,-30.096186],[-51.259239,-30.096141],[-51.25928,-30.096062],[-51.259238,-30.096044],[-51.258933,-30.09617],[-51.258778,-30.096158],[-51.258729,-30.096025],[-51.258193,-30.095229],[-51.257844,-30.094886],[-51.257541,-30.094698],[-51.257231,-30.094584],[-51.256654,-30.094501],[-51.256627,-30.094501]]]}},{"type":"Feature","properties":{"name":"Ipanema","code":129},"geometry":{"type":"Polygon","coordinates":[[[-51.240541,-30.131921],[-51.238184,-30.130472],[-51.236087,-30.131294],[-51.235454,-30.13079],[-51.233965,-30.129249],[-51.23379,-30.129091],[-51.233409,-30.128751],[-51.229084,-30.12632],[-51.228974,-30.126288],[-51.228834,-30.126227],[-51.226745,-30.124955],[-51.225541,-30.12446],[-51.224171,-30.124138],[-51.224035,-30.124082],[-51.223978,-30.124011],[-51.22366,-30.12426],[-51.223372,-30.124739],[-51.223139,-30.125152],[-51.222763,-30.125719],[-51.222587,-30.125959],[-51.222631,-30.126396],[-51.222871,-30.127372],[-51.222914,-30.12751],[-51.222965,-30.127659],[-51.223441,-30.128676],[-51.223549,-30.129049],[-51.223522,-30.129403],[-51.223336,-30.130233],[-51.223303,-30.131184],[-51.218018,-30.131704],[-51.218081,-30.132199],[-51.216577,-30.131935],[-51.214026,-30.131935],[-51.213284,-30.131875],[-51.21337,-30.132265],[-51.213384,-30.132603],[-51.213363,-30.132902],[-51.213131,-30.134124],[-51.213141,-30.135375],[-51.21298,-30.135164],[-51.212773,-30.134982],[-51.210869,-30.134563],[-51.210328,-30.134547],[-51.207296,-30.13468],[-51.206735,-30.136164],[-51.20929,-30.142562],[-51.208416,-30.142855],[-51.208312,-30.142961],[-51.208004,-30.143085],[-51.207722,-30.14314],[-51.20746,-30.143194],[-51.206363,-30.143572],[-51.206274,-30.143628],[-51.206195,-30.143711],[-51.206112,-30.143951],[-51.207432,-30.143931],[-51.207595,-30.144001],[-51.207751,-30.144114],[-51.207868,-30.144249],[-51.208001,-30.144679],[-51.208122,-30.145055],[-51.208202,-30.145164],[-51.208297,-30.145252],[-51.208924,-30.14575],[-51.209232,-30.146081],[-51.20952,-30.146792],[-51.209696,-30.14674],[-51.210069,-30.146693],[-51.212622,-30.145561],[-51.215011,-30.144089],[-51.215426,-30.143875],[-51.215786,-30.143625],[-51.216181,-30.14356],[-51.218111,-30.142306],[-51.218696,-30.142771],[-51.21897,-30.142921],[-51.219422,-30.143028],[-51.220441,-30.143587],[-51.225398,-30.147083],[-51.225489,-30.147052],[-51.225538,-30.146965],[-51.225573,-30.146675],[-51.225397,-30.146375],[-51.225518,-30.146153],[-51.225435,-30.145997],[-51.225423,-30.145834],[-51.225476,-30.145754],[-51.225416,-30.145649],[-51.225507,-30.145557],[-51.225548,-30.145387],[-51.225673,-30.145354],[-51.225688,-30.145262],[-51.225628,-30.145166],[-51.225681,-30.144908],[-51.225873,-30.144495],[-51.226006,-30.144303],[-51.226029,-30.144109],[-51.226177,-30.14379],[-51.226431,-30.143404],[-51.22683,-30.143056],[-51.226992,-30.143143],[-51.227128,-30.143151],[-51.227235,-30.143145],[-51.227359,-30.143076],[-51.227033,-30.143067],[-51.226921,-30.143008],[-51.226965,-30.142759],[-51.227037,-30.142641],[-51.22711,-30.142591],[-51.227288,-30.142645],[-51.227427,-30.142782],[-51.227451,-30.142884],[-51.227495,-30.142892],[-51.22747,-30.142794],[-51.227337,-30.142639],[-51.227154,-30.142538],[-51.227022,-30.142526],[-51.22702,-30.142261],[-51.227223,-30.1418],[-51.227455,-30.141551],[-51.22753,-30.141514],[-51.227815,-30.14165],[-51.227875,-30.141618],[-51.227884,-30.141558],[-51.227757,-30.141452],[-51.227533,-30.14113],[-51.227525,-30.140916],[-51.227847,-30.140202],[-51.22836,-30.139584],[-51.228906,-30.139064],[-51.229984,-30.13822],[-51.230948,-30.137663],[-51.231243,-30.137622],[-51.231246,-30.137544],[-51.2311,-30.137337],[-51.231142,-30.137266],[-51.231437,-30.137398],[-51.231465,-30.137478],[-51.231377,-30.137669],[-51.231238,-30.137766],[-51.231434,-30.137755],[-51.231525,-30.137707],[-51.231728,-30.137439],[-51.231727,-30.137394],[-51.231722,-30.137379],[-51.231609,-30.137429],[-51.23161,-30.137375],[-51.231907,-30.136924],[-51.232007,-30.136625],[-51.232183,-30.13639],[-51.232976,-30.135786],[-51.234667,-30.134752],[-51.235665,-30.134202],[-51.235964,-30.134135],[-51.235987,-30.134066],[-51.236174,-30.133953],[-51.23842,-30.132913],[-51.238589,-30.132854],[-51.23877,-30.132845],[-51.238801,-30.132794],[-51.239223,-30.132606],[-51.239909,-30.132358],[-51.240857,-30.132097],[-51.240541,-30.131921]]]}},{"type":"Feature","properties":{"name":"Jardim Isabel","code":195},"geometry":{"type":"Polygon","coordinates":[[[-51.230449,-30.123432],[-51.229543,-30.126],[-51.229357,-30.126243],[-51.229263,-30.126296],[-51.229175,-30.126314],[-51.229084,-30.12632],[-51.233409,-30.128751],[-51.23379,-30.129091],[-51.233965,-30.129249],[-51.235454,-30.13079],[-51.236087,-30.131294],[-51.238184,-30.130472],[-51.242478,-30.127219],[-51.240208,-30.126426],[-51.240947,-30.124992],[-51.241028,-30.124705],[-51.241002,-30.124628],[-51.235538,-30.123184],[-51.233784,-30.122877],[-51.232757,-30.122803],[-51.232249,-30.122737],[-51.231915,-30.122655],[-51.231759,-30.122608],[-51.231669,-30.122704],[-51.231553,-30.122786],[-51.230799,-30.123241],[-51.230449,-30.123432]]]}},{"type":"Feature","properties":{"name":"Pedra Redonda","code":148},"geometry":{"type":"Polygon","coordinates":[[[-51.240873,-30.132093],[-51.241353,-30.131968],[-51.241637,-30.131938],[-51.241779,-30.13203],[-51.241707,-30.132123],[-51.241946,-30.132131],[-51.241968,-30.132144],[-51.241983,-30.132156],[-51.241957,-30.13221],[-51.241989,-30.13227],[-51.242041,-30.132293],[-51.242031,-30.132262],[-51.242106,-30.13227],[-51.242189,-30.132223],[-51.242341,-30.132245],[-51.242384,-30.132197],[-51.242486,-30.132242],[-51.24259,-30.132205],[-51.24272,-30.132246],[-51.242743,-30.132197],[-51.242881,-30.13216],[-51.242928,-30.132257],[-51.24296,-30.132206],[-51.243101,-30.132172],[-51.243182,-30.132106],[-51.243448,-30.132186],[-51.243459,-30.132146],[-51.243412,-30.132131],[-51.243488,-30.132098],[-51.243795,-30.132107],[-51.244095,-30.131902],[-51.2442,-30.131757],[-51.244276,-30.131747],[-51.244561,-30.13149],[-51.244711,-30.131409],[-51.244746,-30.131287],[-51.244839,-30.131292],[-51.244831,-30.131321],[-51.24485,-30.131325],[-51.244927,-30.131289],[-51.244923,-30.13127],[-51.244913,-30.131251],[-51.245021,-30.131153],[-51.244995,-30.131091],[-51.245119,-30.131032],[-51.245155,-30.130975],[-51.245085,-30.130871],[-51.24511,-30.130825],[-51.245083,-30.130766],[-51.244939,-30.130722],[-51.244935,-30.130656],[-51.244803,-30.130516],[-51.244748,-30.130343],[-51.244797,-30.130106],[-51.244898,-30.129978],[-51.244992,-30.129976],[-51.245002,-30.129881],[-51.245113,-30.129855],[-51.245075,-30.129791],[-51.245293,-30.129686],[-51.245385,-30.129547],[-51.245463,-30.129514],[-51.245502,-30.129522],[-51.245544,-30.129535],[-51.245524,-30.129686],[-51.245649,-30.129679],[-51.245688,-30.129563],[-51.245618,-30.129493],[-51.24566,-30.129426],[-51.245656,-30.129465],[-51.245691,-30.129465],[-51.245773,-30.129336],[-51.245587,-30.129276],[-51.245546,-30.129328],[-51.245493,-30.129305],[-51.245541,-30.129242],[-51.245488,-30.129227],[-51.245385,-30.129034],[-51.245424,-30.129019],[-51.245424,-30.128743],[-51.245093,-30.128666],[-51.245006,-30.128582],[-51.244866,-30.12821],[-51.244755,-30.128111],[-51.244697,-30.127989],[-51.244707,-30.127884],[-51.244722,-30.127873],[-51.244763,-30.127872],[-51.244762,-30.12783],[-51.244678,-30.127795],[-51.244694,-30.127658],[-51.244844,-30.12768],[-51.244849,-30.127665],[-51.244856,-30.127632],[-51.244711,-30.12759],[-51.244725,-30.127515],[-51.244798,-30.127349],[-51.244857,-30.127331],[-51.244888,-30.127201],[-51.244992,-30.127141],[-51.244971,-30.126937],[-51.245061,-30.12673],[-51.245139,-30.126684],[-51.245345,-30.126709],[-51.245781,-30.126238],[-51.245815,-30.126088],[-51.245682,-30.126077],[-51.245672,-30.12601],[-51.245756,-30.126012],[-51.245752,-30.125874],[-51.245806,-30.125785],[-51.246071,-30.125571],[-51.246653,-30.125274],[-51.247421,-30.12495],[-51.24766,-30.124905],[-51.248332,-30.124671],[-51.249753,-30.124361],[-51.251049,-30.124138],[-51.254004,-30.123802],[-51.255301,-30.123695],[-51.255429,-30.12373],[-51.255548,-30.123644],[-51.255638,-30.123682],[-51.255691,-30.123619],[-51.255838,-30.12356],[-51.256639,-30.123502],[-51.25678,-30.123523],[-51.256957,-30.123436],[-51.258606,-30.123359],[-51.258672,-30.123416],[-51.258888,-30.123407],[-51.258953,-30.123509],[-51.258961,-30.123396],[-51.259048,-30.123364],[-51.259249,-30.123396],[-51.25955,-30.123318],[-51.259676,-30.123349],[-51.259624,-30.12324],[-51.259658,-30.123079],[-51.259756,-30.123011],[-51.260498,-30.122842],[-51.260641,-30.122867],[-51.260797,-30.123048],[-51.260796,-30.123099],[-51.26082,-30.123059],[-51.260951,-30.123051],[-51.260779,-30.123015],[-51.260657,-30.122855],[-51.260786,-30.122784],[-51.261035,-30.122784],[-51.261058,-30.122738],[-51.258947,-30.122927],[-51.25865,-30.122868],[-51.258224,-30.122785],[-51.256682,-30.12227],[-51.256145,-30.122416],[-51.25257,-30.122771],[-51.252467,-30.122773],[-51.252386,-30.122759],[-51.252328,-30.122721],[-51.251757,-30.122875],[-51.251564,-30.12289],[-51.251359,-30.12289],[-51.250283,-30.122787],[-51.249865,-30.122847],[-51.249625,-30.12125],[-51.249431,-30.121354],[-51.248633,-30.121502],[-51.247682,-30.121946],[-51.246641,-30.122319],[-51.244876,-30.123035],[-51.244329,-30.123325],[-51.241863,-30.124805],[-51.240949,-30.124604],[-51.241029,-30.124679],[-51.240947,-30.124992],[-51.240208,-30.126426],[-51.242478,-30.127219],[-51.238184,-30.130472],[-51.240857,-30.132097],[-51.240873,-30.132093]]]}},{"type":"Feature","properties":{"name":"Vila Conceição","code":172},"geometry":{"type":"Polygon","coordinates":[[[-51.252328,-30.122721],[-51.252386,-30.122759],[-51.252467,-30.122773],[-51.25257,-30.122771],[-51.256145,-30.122416],[-51.256682,-30.12227],[-51.258224,-30.122785],[-51.25865,-30.122868],[-51.258947,-30.122927],[-51.261058,-30.122738],[-51.26111,-30.122704],[-51.261203,-30.122616],[-51.261129,-30.122616],[-51.261054,-30.12236],[-51.261196,-30.122302],[-51.261197,-30.122227],[-51.261268,-30.122144],[-51.261233,-30.122119],[-51.261279,-30.122048],[-51.261238,-30.121952],[-51.261309,-30.121944],[-51.261236,-30.121839],[-51.261238,-30.121572],[-51.261394,-30.12144],[-51.261487,-30.121445],[-51.261653,-30.121152],[-51.261573,-30.120958],[-51.261523,-30.120933],[-51.26153,-30.120789],[-51.261608,-30.120656],[-51.261766,-30.120536],[-51.261848,-30.120385],[-51.2619,-30.12038],[-51.261907,-30.12033],[-51.262082,-30.1203],[-51.262176,-30.120195],[-51.258708,-30.118937],[-51.253457,-30.116925],[-51.253316,-30.117224],[-51.253245,-30.117399],[-51.253221,-30.117631],[-51.25328,-30.118269],[-51.253623,-30.119388],[-51.253602,-30.119711],[-51.253514,-30.120021],[-51.253001,-30.121161],[-51.252807,-30.122228],[-51.252539,-30.122582],[-51.252328,-30.122721]]]}},{"type":"Feature","properties":{"name":"Cristal","code":119},"geometry":{"type":"Polygon","coordinates":[[[-51.242305,-30.073049],[-51.241395,-30.074108],[-51.241237,-30.074081],[-51.240965,-30.074254],[-51.240897,-30.074527],[-51.240971,-30.074738],[-51.240889,-30.074809],[-51.240891,-30.074915],[-51.240791,-30.075158],[-51.24038,-30.075516],[-51.240337,-30.075756],[-51.240151,-30.075837],[-51.239766,-30.076142],[-51.239743,-30.076207],[-51.239656,-30.076262],[-51.239302,-30.076322],[-51.239145,-30.076389],[-51.238683,-30.076676],[-51.238301,-30.076813],[-51.23785,-30.077145],[-51.235417,-30.077554],[-51.23505,-30.077662],[-51.234702,-30.078382],[-51.234172,-30.080371],[-51.233903,-30.080526],[-51.233832,-30.080561],[-51.233937,-30.08077],[-51.234125,-30.08115],[-51.231073,-30.082836],[-51.232349,-30.083819],[-51.232203,-30.084086],[-51.232169,-30.084185],[-51.232147,-30.084281],[-51.232182,-30.084606],[-51.230926,-30.084858],[-51.229547,-30.085081],[-51.227959,-30.086689],[-51.227847,-30.086732],[-51.227525,-30.087087],[-51.226012,-30.08907],[-51.227888,-30.089629],[-51.230323,-30.090571],[-51.231006,-30.091348],[-51.231778,-30.093266],[-51.235264,-30.092239],[-51.235429,-30.092431],[-51.235557,-30.092801],[-51.235761,-30.093061],[-51.236631,-30.094554],[-51.236661,-30.094575],[-51.23674,-30.094639],[-51.237242,-30.094521],[-51.237265,-30.094676],[-51.237513,-30.094768],[-51.237643,-30.0949],[-51.237623,-30.095026],[-51.23768,-30.095076],[-51.236602,-30.098306],[-51.245076,-30.100421],[-51.245989,-30.097614],[-51.246374,-30.097675],[-51.247353,-30.097511],[-51.248064,-30.09745],[-51.248299,-30.097364],[-51.248164,-30.09821],[-51.248207,-30.098533],[-51.248513,-30.099884],[-51.248778,-30.100616],[-51.249,-30.100843],[-51.249157,-30.100965],[-51.249262,-30.101025],[-51.251864,-30.095364],[-51.251671,-30.095179],[-51.251582,-30.095173],[-51.251207,-30.094691],[-51.251042,-30.094615],[-51.25103,-30.09459],[-51.251003,-30.094537],[-51.251081,-30.094425],[-51.250816,-30.094409],[-51.250614,-30.094341],[-51.250449,-30.094115],[-51.250399,-30.094118],[-51.250338,-30.094057],[-51.250337,-30.093852],[-51.250297,-30.093767],[-51.250331,-30.093569],[-51.25025,-30.093243],[-51.250161,-30.093258],[-51.250028,-30.092734],[-51.249985,-30.092735],[-51.249971,-30.092674],[-51.25045,-30.092534],[-51.250878,-30.09268],[-51.251071,-30.092909],[-51.251292,-30.093304],[-51.251675,-30.093736],[-51.252113,-30.094052],[-51.252279,-30.094059],[-51.251921,-30.09385],[-51.251671,-30.093633],[-51.251349,-30.093232],[-51.250991,-30.092671],[-51.250738,-30.092529],[-51.250492,-30.092463],[-51.250259,-30.092341],[-51.250191,-30.092129],[-51.25016,-30.091751],[-51.250314,-30.091361],[-51.250222,-30.091286],[-51.250034,-30.091289],[-51.249972,-30.091102],[-51.250181,-30.090938],[-51.250245,-30.090774],[-51.250167,-30.090726],[-51.250091,-30.09078],[-51.250002,-30.090741],[-51.249869,-30.090518],[-51.249921,-30.090182],[-51.249845,-30.089604],[-51.249808,-30.089572],[-51.249835,-30.089498],[-51.249476,-30.089447],[-51.249367,-30.089253],[-51.249293,-30.089004],[-51.248989,-30.087092],[-51.248921,-30.086067],[-51.248751,-30.084932],[-51.248747,-30.084588],[-51.248586,-30.083928],[-51.248382,-30.083604],[-51.248311,-30.083229],[-51.248237,-30.083183],[-51.248252,-30.082932],[-51.248109,-30.082685],[-51.248181,-30.082337],[-51.24815,-30.082076],[-51.248309,-30.081662],[-51.248461,-30.081457],[-51.248752,-30.081342],[-51.248977,-30.081424],[-51.249098,-30.081117],[-51.250532,-30.081271],[-51.250548,-30.081163],[-51.249102,-30.081008],[-51.249107,-30.080685],[-51.249145,-30.080473],[-51.249179,-30.080476],[-51.249162,-30.08039],[-51.249239,-30.080398],[-51.249309,-30.080406],[-51.249323,-30.080306],[-51.249034,-30.080247],[-51.248969,-30.080174],[-51.248962,-30.080096],[-51.249043,-30.080025],[-51.249239,-30.080001],[-51.249288,-30.079777],[-51.249045,-30.079306],[-51.248972,-30.079241],[-51.248507,-30.079176],[-51.248323,-30.079108],[-51.24827,-30.078901],[-51.248304,-30.078726],[-51.248353,-30.078695],[-51.248323,-30.078637],[-51.248338,-30.078406],[-51.247749,-30.078289],[-51.247395,-30.078336],[-51.247265,-30.078253],[-51.247138,-30.078235],[-51.246743,-30.077997],[-51.246608,-30.077776],[-51.24646,-30.077791],[-51.246332,-30.077729],[-51.246198,-30.077665],[-51.246041,-30.077486],[-51.245895,-30.077516],[-51.245426,-30.077313],[-51.245063,-30.077127],[-51.244782,-30.076884],[-51.244491,-30.076482],[-51.244378,-30.076191],[-51.244195,-30.076099],[-51.24415,-30.07599],[-51.244179,-30.075924],[-51.244039,-30.075838],[-51.243879,-30.075396],[-51.243809,-30.075073],[-51.243666,-30.074903],[-51.243588,-30.074431],[-51.243633,-30.07441],[-51.243266,-30.074448],[-51.243187,-30.074158],[-51.24308,-30.074063],[-51.243106,-30.073993],[-51.242982,-30.073966],[-51.242763,-30.073792],[-51.242661,-30.073659],[-51.242527,-30.073314],[-51.242383,-30.07319],[-51.24231,-30.073068],[-51.242305,-30.073049]]]}},{"type":"Feature","properties":{"name":"Camaquã","code":112},"geometry":{"type":"Polygon","coordinates":[[[-51.234752,-30.113684],[-51.241342,-30.116143],[-51.241664,-30.115322],[-51.242194,-30.114202],[-51.242786,-30.11309],[-51.243452,-30.111691],[-51.244351,-30.10968],[-51.24425,-30.10964],[-51.244881,-30.108239],[-51.244932,-30.10813],[-51.245432,-30.107136],[-51.247089,-30.103449],[-51.245633,-30.103088],[-51.244642,-30.102845],[-51.244935,-30.101948],[-51.24494,-30.101873],[-51.244894,-30.101779],[-51.244841,-30.101695],[-51.244817,-30.101562],[-51.245076,-30.100421],[-51.235868,-30.098133],[-51.235432,-30.099298],[-51.235171,-30.099895],[-51.234798,-30.100712],[-51.234807,-30.10082],[-51.232703,-30.105494],[-51.233611,-30.105825],[-51.233109,-30.106956],[-51.231452,-30.110303],[-51.231584,-30.110431],[-51.232849,-30.110964],[-51.232636,-30.111473],[-51.232298,-30.111356],[-51.231967,-30.111233],[-51.231398,-30.112299],[-51.234752,-30.113684]]]}},{"type":"Feature","properties":{"name":"Cavalhada","code":114},"geometry":{"type":"Polygon","coordinates":[[[-51.231778,-30.093266],[-51.226878,-30.094725],[-51.225876,-30.095072],[-51.225795,-30.095116],[-51.225713,-30.095173],[-51.225635,-30.095252],[-51.225588,-30.095313],[-51.224724,-30.096828],[-51.224645,-30.097166],[-51.224643,-30.097397],[-51.224738,-30.097694],[-51.225373,-30.098602],[-51.225445,-30.098775],[-51.225421,-30.099195],[-51.225285,-30.099869],[-51.225205,-30.100071],[-51.224783,-30.100793],[-51.223812,-30.101588],[-51.223661,-30.101773],[-51.223561,-30.101994],[-51.222505,-30.10599],[-51.222089,-30.1073],[-51.220526,-30.108626],[-51.219022,-30.110429],[-51.219224,-30.110459],[-51.219561,-30.110325],[-51.220081,-30.109837],[-51.220246,-30.109763],[-51.22058,-30.109754],[-51.221376,-30.1099],[-51.221523,-30.109911],[-51.221616,-30.109909],[-51.224562,-30.109333],[-51.224801,-30.109406],[-51.225151,-30.109855],[-51.225391,-30.110076],[-51.226685,-30.110578],[-51.226922,-30.110595],[-51.226873,-30.111134],[-51.226632,-30.112452],[-51.226579,-30.112678],[-51.226481,-30.113045],[-51.226378,-30.113784],[-51.226137,-30.114377],[-51.224973,-30.116222],[-51.224697,-30.116778],[-51.224483,-30.11747],[-51.224125,-30.119988],[-51.224032,-30.120197],[-51.222596,-30.121671],[-51.221593,-30.122572],[-51.221388,-30.122806],[-51.221184,-30.123037],[-51.220579,-30.124215],[-51.220207,-30.125034],[-51.220078,-30.125689],[-51.220085,-30.126512],[-51.220018,-30.126879],[-51.217708,-30.126812],[-51.217077,-30.126936],[-51.215979,-30.127058],[-51.21329,-30.126661],[-51.213204,-30.128664],[-51.2132,-30.128752],[-51.213115,-30.129311],[-51.212701,-30.13038],[-51.212283,-30.130921],[-51.212204,-30.131023],[-51.212817,-30.131408],[-51.213069,-30.131612],[-51.213284,-30.131875],[-51.214026,-30.131935],[-51.216577,-30.131935],[-51.218081,-30.132199],[-51.218018,-30.131704],[-51.223303,-30.131184],[-51.223336,-30.130233],[-51.223522,-30.129403],[-51.223549,-30.129049],[-51.223441,-30.128676],[-51.222965,-30.127659],[-51.222914,-30.12751],[-51.222871,-30.127372],[-51.222631,-30.126396],[-51.222587,-30.125959],[-51.222763,-30.125719],[-51.223139,-30.125152],[-51.223372,-30.124739],[-51.22366,-30.12426],[-51.223978,-30.124011],[-51.224035,-30.124082],[-51.224171,-30.124138],[-51.225541,-30.12446],[-51.226745,-30.124955],[-51.228834,-30.126227],[-51.228974,-30.126288],[-51.229084,-30.12632],[-51.229175,-30.126314],[-51.229263,-30.126296],[-51.229357,-30.126243],[-51.229436,-30.126166],[-51.229485,-30.126095],[-51.229543,-30.126],[-51.229603,-30.125852],[-51.231073,-30.121658],[-51.231536,-30.121174],[-51.23206,-30.120808],[-51.232251,-30.120652],[-51.232419,-30.120476],[-51.232566,-30.120283],[-51.23268,-30.120068],[-51.232749,-30.119873],[-51.232927,-30.119189],[-51.232949,-30.118524],[-51.232826,-30.117977],[-51.23263,-30.117594],[-51.232463,-30.117374],[-51.232353,-30.117191],[-51.2323,-30.117062],[-51.232243,-30.116856],[-51.232227,-30.116652],[-51.232355,-30.116225],[-51.23253,-30.115932],[-51.232767,-30.11569],[-51.232952,-30.115541],[-51.233534,-30.115214],[-51.234115,-30.114721],[-51.234544,-30.114115],[-51.234752,-30.113684],[-51.231398,-30.112299],[-51.231967,-30.111233],[-51.232298,-30.111356],[-51.232636,-30.111473],[-51.232849,-30.110964],[-51.231584,-30.110431],[-51.231452,-30.110303],[-51.233109,-30.106956],[-51.233611,-30.105825],[-51.232703,-30.105494],[-51.234807,-30.10082],[-51.234798,-30.100712],[-51.235171,-30.099895],[-51.235432,-30.099298],[-51.235868,-30.098133],[-51.236602,-30.098306],[-51.23768,-30.095076],[-51.237623,-30.095026],[-51.237643,-30.0949],[-51.23759,-30.094832],[-51.237513,-30.094768],[-51.237275,-30.094685],[-51.237234,-30.094611],[-51.237242,-30.094521],[-51.23674,-30.094639],[-51.236616,-30.094537],[-51.236461,-30.094216],[-51.235943,-30.093412],[-51.235761,-30.093061],[-51.235557,-30.092801],[-51.235429,-30.092431],[-51.235264,-30.092239],[-51.233303,-30.092803],[-51.231778,-30.093266]]]}},{"type":"Feature","properties":{"name":"Bom Fim","code":111},"geometry":{"type":"Polygon","coordinates":[[[-51.208323,-30.036947],[-51.208581,-30.036904],[-51.208754,-30.036869],[-51.209292,-30.036668],[-51.215373,-30.033514],[-51.220523,-30.032333],[-51.219454,-30.030651],[-51.219438,-30.030563],[-51.218579,-30.030513],[-51.217281,-30.030512],[-51.210797,-30.030236],[-51.209806,-30.03024],[-51.208475,-30.03022],[-51.208388,-30.035141],[-51.208323,-30.036947]]]}},{"type":"Feature","properties":{"name":"Petrópolis","code":149},"geometry":{"type":"Polygon","coordinates":[[[-51.173861,-30.038253],[-51.173774,-30.038622],[-51.173138,-30.03887],[-51.171707,-30.03972],[-51.172393,-30.047096],[-51.172486,-30.047596],[-51.178411,-30.047713],[-51.178512,-30.047656],[-51.179052,-30.047225],[-51.179029,-30.047163],[-51.178957,-30.046975],[-51.179888,-30.0469],[-51.180219,-30.046748],[-51.180397,-30.046678],[-51.181881,-30.046764],[-51.182188,-30.046743],[-51.182567,-30.046691],[-51.183657,-30.046508],[-51.183629,-30.04742],[-51.183382,-30.047484],[-51.183294,-30.047568],[-51.183148,-30.047977],[-51.183031,-30.048335],[-51.183044,-30.048412],[-51.183048,-30.048434],[-51.183407,-30.049],[-51.183838,-30.04945],[-51.184529,-30.050658],[-51.190056,-30.048984],[-51.190475,-30.049975],[-51.191021,-30.04987],[-51.19151,-30.049962],[-51.191942,-30.049959],[-51.193493,-30.049694],[-51.193586,-30.050077],[-51.193665,-30.050438],[-51.194644,-30.050274],[-51.194786,-30.050286],[-51.194913,-30.050309],[-51.195142,-30.050424],[-51.197826,-30.046579],[-51.197605,-30.046458],[-51.197412,-30.046371],[-51.197369,-30.046324],[-51.197352,-30.046306],[-51.195908,-30.040289],[-51.195882,-30.038962],[-51.195785,-30.03889],[-51.195288,-30.038681],[-51.194908,-30.038584],[-51.19457,-30.038522],[-51.190487,-30.038441],[-51.190096,-30.038415],[-51.189907,-30.038382],[-51.189531,-30.038294],[-51.189365,-30.038245],[-51.189135,-30.038165],[-51.188853,-30.038051],[-51.187695,-30.037454],[-51.185674,-30.035461],[-51.185563,-30.035313],[-51.183283,-30.030773],[-51.183098,-30.030527],[-51.182895,-30.030319],[-51.182621,-30.030107],[-51.182425,-30.029984],[-51.182091,-30.029823],[-51.18091,-30.029487],[-51.179866,-30.031829],[-51.177494,-30.034916],[-51.176733,-30.035683],[-51.176108,-30.036096],[-51.174983,-30.036689],[-51.174612,-30.036989],[-51.174252,-30.037428],[-51.173887,-30.03817],[-51.173861,-30.038253]]]}},{"type":"Feature","properties":{"name":"Rio Branco","code":154},"geometry":{"type":"Polygon","coordinates":[[[-51.195874,-30.029284],[-51.195887,-30.031572],[-51.195958,-30.034011],[-51.195943,-30.034107],[-51.195911,-30.034214],[-51.195737,-30.0346],[-51.195707,-30.03503],[-51.195769,-30.036393],[-51.195831,-30.03759],[-51.195908,-30.040289],[-51.197499,-30.04005],[-51.199809,-30.039343],[-51.201505,-30.038983],[-51.204794,-30.037496],[-51.208323,-30.036947],[-51.208388,-30.035141],[-51.208406,-30.03472],[-51.208515,-30.028996],[-51.207558,-30.028915],[-51.205871,-30.02879],[-51.19601,-30.028287],[-51.195874,-30.029284]]]}},{"type":"Feature","properties":{"name":"Bela Vista","code":107},"geometry":{"type":"Polygon","coordinates":[[[-51.18091,-30.029487],[-51.182091,-30.029823],[-51.182425,-30.029984],[-51.182621,-30.030107],[-51.182895,-30.030319],[-51.183098,-30.030527],[-51.183283,-30.030773],[-51.183407,-30.030988],[-51.185563,-30.035313],[-51.185674,-30.035461],[-51.187695,-30.037454],[-51.188853,-30.038051],[-51.189135,-30.038165],[-51.189365,-30.038245],[-51.189531,-30.038294],[-51.189907,-30.038382],[-51.190096,-30.038415],[-51.190487,-30.038441],[-51.19457,-30.038522],[-51.194908,-30.038584],[-51.195288,-30.038681],[-51.195785,-30.03889],[-51.195882,-30.038962],[-51.195707,-30.03503],[-51.195737,-30.0346],[-51.195911,-30.034214],[-51.195943,-30.034107],[-51.195958,-30.034011],[-51.195887,-30.031572],[-51.195874,-30.029284],[-51.195804,-30.02928],[-51.195355,-30.029252],[-51.195298,-30.029204],[-51.195328,-30.028848],[-51.195309,-30.028808],[-51.195263,-30.028764],[-51.194566,-30.028688],[-51.194516,-30.029086],[-51.194513,-30.029479],[-51.192962,-30.029499],[-51.19299,-30.030685],[-51.190342,-30.030685],[-51.190097,-30.030671],[-51.18957,-30.030551],[-51.189511,-30.031074],[-51.189573,-30.031295],[-51.186791,-30.030575],[-51.186912,-30.029312],[-51.185184,-30.029201],[-51.185246,-30.028516],[-51.181837,-30.027336],[-51.180968,-30.02933],[-51.18091,-30.029487]]]}},{"type":"Feature","properties":{"name":"Independência","code":128},"geometry":{"type":"Polygon","coordinates":[[[-51.208515,-30.028996],[-51.208488,-30.029686],[-51.208475,-30.03022],[-51.209806,-30.03024],[-51.210797,-30.030236],[-51.217281,-30.030512],[-51.218579,-30.030513],[-51.219438,-30.030563],[-51.219372,-30.030407],[-51.219503,-30.027934],[-51.215602,-30.027666],[-51.214495,-30.026751],[-51.211493,-30.024784],[-51.211171,-30.024541],[-51.210431,-30.023918],[-51.208562,-30.028671],[-51.208521,-30.02892],[-51.208515,-30.028996]]]}},{"type":"Feature","properties":{"name":"Moinhos De Vento","code":140},"geometry":{"type":"Polygon","coordinates":[[[-51.196575,-30.024825],[-51.19601,-30.028287],[-51.205871,-30.02879],[-51.207558,-30.028915],[-51.208515,-30.028996],[-51.208562,-30.028671],[-51.210431,-30.023918],[-51.208545,-30.022036],[-51.205499,-30.018491],[-51.205351,-30.018386],[-51.203618,-30.018245],[-51.197681,-30.017922],[-51.196716,-30.023918],[-51.196575,-30.024825]]]}},{"type":"Feature","properties":{"name":"Auxiliadora","code":105},"geometry":{"type":"Polygon","coordinates":[[[-51.184565,-30.021948],[-51.183624,-30.023792],[-51.185131,-30.024347],[-51.185599,-30.024387],[-51.185649,-30.023835],[-51.186513,-30.023866],[-51.196575,-30.024825],[-51.197681,-30.017922],[-51.189705,-30.017629],[-51.186509,-30.017374],[-51.186385,-30.018723],[-51.186325,-30.019317],[-51.186207,-30.019729],[-51.184628,-30.021854],[-51.184565,-30.021948]]]}},{"type":"Feature","properties":{"name":"Tristeza","code":169},"geometry":{"type":"Polygon","coordinates":[[[-51.259786,-30.110458],[-51.259811,-30.110498],[-51.259859,-30.110536],[-51.259939,-30.110559],[-51.260119,-30.110558],[-51.260252,-30.110596],[-51.26034,-30.110646],[-51.260758,-30.111145],[-51.260798,-30.111248],[-51.260794,-30.111271],[-51.260613,-30.111356],[-51.260657,-30.111432],[-51.26071,-30.111424],[-51.260869,-30.111482],[-51.260891,-30.111535],[-51.260994,-30.112083],[-51.260976,-30.112178],[-51.260915,-30.112239],[-51.260845,-30.112315],[-51.260885,-30.112392],[-51.26241,-30.111793],[-51.262718,-30.111735],[-51.262859,-30.111666],[-51.263163,-30.111734],[-51.263242,-30.111711],[-51.263277,-30.111658],[-51.26326,-30.111585],[-51.263069,-30.111336],[-51.263219,-30.110965],[-51.263201,-30.110858],[-51.263165,-30.110789],[-51.263033,-30.110713],[-51.262834,-30.110571],[-51.26283,-30.110483],[-51.262891,-30.110227],[-51.263071,-30.109752],[-51.263246,-30.109491],[-51.263514,-30.109265],[-51.26362,-30.109184],[-51.264525,-30.109377],[-51.26471,-30.109377],[-51.264701,-30.109357],[-51.264639,-30.109315],[-51.262942,-30.108962],[-51.262805,-30.108859],[-51.26247,-30.108768],[-51.262501,-30.108837],[-51.262752,-30.108894],[-51.262818,-30.108932],[-51.262911,-30.109012],[-51.262385,-30.110698],[-51.260032,-30.11033],[-51.259795,-30.110403],[-51.259217,-30.110473],[-51.259077,-30.110529],[-51.258632,-30.110586],[-51.258585,-30.110578],[-51.258487,-30.109912],[-51.25865,-30.109117],[-51.258725,-30.108937],[-51.258836,-30.108876],[-51.258803,-30.108763],[-51.258897,-30.108731],[-51.258861,-30.10865],[-51.259001,-30.1087],[-51.259014,-30.108673],[-51.258964,-30.108653],[-51.258967,-30.108555],[-51.259038,-30.108407],[-51.258955,-30.10837],[-51.258946,-30.108315],[-51.259185,-30.107959],[-51.259176,-30.107834],[-51.25925,-30.107823],[-51.259381,-30.107584],[-51.259527,-30.107417],[-51.259635,-30.107366],[-51.260074,-30.106803],[-51.260295,-30.10661],[-51.26043,-30.106573],[-51.260433,-30.106463],[-51.261207,-30.105977],[-51.254355,-30.104189],[-51.252648,-30.103793],[-51.251947,-30.103482],[-51.251482,-30.103201],[-51.251036,-30.10283],[-51.250288,-30.101765],[-51.250186,-30.101654],[-51.250024,-30.101498],[-51.249896,-30.101392],[-51.249761,-30.101299],[-51.249157,-30.100965],[-51.248778,-30.100616],[-51.248513,-30.099884],[-51.248207,-30.098533],[-51.248164,-30.09821],[-51.248299,-30.097364],[-51.248064,-30.09745],[-51.247353,-30.097511],[-51.246374,-30.097675],[-51.245989,-30.097614],[-51.245076,-30.100421],[-51.244817,-30.101562],[-51.244841,-30.101695],[-51.244894,-30.101779],[-51.24494,-30.101873],[-51.244935,-30.101948],[-51.244642,-30.102845],[-51.245633,-30.103088],[-51.247089,-30.103449],[-51.245432,-30.107136],[-51.244932,-30.10813],[-51.244881,-30.108239],[-51.24425,-30.10964],[-51.244351,-30.10968],[-51.243452,-30.111691],[-51.242786,-30.11309],[-51.242194,-30.114202],[-51.241664,-30.115322],[-51.241342,-30.116143],[-51.244634,-30.117407],[-51.244621,-30.117448],[-51.245791,-30.117989],[-51.245775,-30.118047],[-51.246414,-30.118165],[-51.246438,-30.11812],[-51.248509,-30.118986],[-51.248718,-30.119035],[-51.250305,-30.117056],[-51.250792,-30.115956],[-51.253457,-30.116925],[-51.258708,-30.118937],[-51.262176,-30.120195],[-51.262127,-30.119981],[-51.262198,-30.119838],[-51.262127,-30.119839],[-51.262109,-30.119795],[-51.262033,-30.119811],[-51.261789,-30.119388],[-51.261826,-30.119304],[-51.261718,-30.119264],[-51.261747,-30.119228],[-51.261682,-30.119181],[-51.261615,-30.119204],[-51.261511,-30.119102],[-51.261484,-30.118825],[-51.261426,-30.118836],[-51.261328,-30.118746],[-51.2612,-30.118791],[-51.261107,-30.118687],[-51.260859,-30.118238],[-51.260869,-30.118062],[-51.260769,-30.11779],[-51.260832,-30.117704],[-51.260687,-30.117639],[-51.260702,-30.11757],[-51.260574,-30.11758],[-51.260525,-30.117549],[-51.260319,-30.117285],[-51.26017,-30.116886],[-51.260028,-30.116232],[-51.26009,-30.116222],[-51.260098,-30.116092],[-51.260088,-30.11609],[-51.260067,-30.116093],[-51.260027,-30.115953],[-51.260019,-30.115946],[-51.259969,-30.115967],[-51.259902,-30.115869],[-51.259716,-30.115307],[-51.259513,-30.114223],[-51.259442,-30.113562],[-51.259234,-30.113449],[-51.259189,-30.112995],[-51.259056,-30.112488],[-51.258986,-30.112394],[-51.258899,-30.112067],[-51.258674,-30.11154],[-51.258615,-30.11085],[-51.258718,-30.11084],[-51.258712,-30.110813],[-51.258702,-30.110776],[-51.25862,-30.110746],[-51.258589,-30.11062],[-51.259784,-30.110456],[-51.259786,-30.110458]]]}},{"type":"Feature","properties":{"name":"Vila Nova","code":177},"geometry":{"type":"Polygon","coordinates":[[[-51.17571,-30.13367],[-51.175329,-30.135018],[-51.174554,-30.135975],[-51.174022,-30.136434],[-51.174241,-30.136567],[-51.174863,-30.136855],[-51.17522,-30.136967],[-51.176084,-30.136948],[-51.177446,-30.137016],[-51.177669,-30.137057],[-51.177874,-30.137155],[-51.178474,-30.137587],[-51.179745,-30.138105],[-51.183052,-30.137914],[-51.183246,-30.137935],[-51.183653,-30.138065],[-51.183841,-30.138073],[-51.184009,-30.138028],[-51.184376,-30.137833],[-51.185056,-30.137389],[-51.186404,-30.136676],[-51.186796,-30.135584],[-51.187113,-30.135096],[-51.187349,-30.13484],[-51.18791,-30.134411],[-51.188589,-30.133794],[-51.188774,-30.133548],[-51.189013,-30.133031],[-51.189714,-30.132473],[-51.190099,-30.13226],[-51.190174,-30.13223],[-51.19066,-30.132049],[-51.196327,-30.130012],[-51.196545,-30.129892],[-51.196703,-30.129797],[-51.199572,-30.127815],[-51.199738,-30.127745],[-51.199866,-30.127709],[-51.201962,-30.127437],[-51.201882,-30.128051],[-51.201833,-30.128467],[-51.202074,-30.128497],[-51.202202,-30.128516],[-51.20244,-30.128628],[-51.202864,-30.129157],[-51.203101,-30.129389],[-51.203182,-30.12944],[-51.203284,-30.129483],[-51.206113,-30.130338],[-51.206473,-30.130571],[-51.206406,-30.130688],[-51.206428,-30.130727],[-51.206792,-30.130941],[-51.206913,-30.130927],[-51.207095,-30.130781],[-51.207791,-30.13059],[-51.20802,-30.130476],[-51.208147,-30.130521],[-51.208482,-30.130469],[-51.208633,-30.130511],[-51.20886,-30.130489],[-51.209048,-30.130592],[-51.209577,-30.130482],[-51.209845,-30.130486],[-51.210008,-30.130339],[-51.210093,-30.130312],[-51.210506,-30.130524],[-51.210894,-30.130569],[-51.211133,-30.130463],[-51.211335,-30.130505],[-51.211595,-30.130633],[-51.211797,-30.130671],[-51.212053,-30.13084],[-51.212204,-30.131023],[-51.212283,-30.130921],[-51.212701,-30.13038],[-51.213115,-30.129311],[-51.2132,-30.128752],[-51.213204,-30.128664],[-51.21329,-30.126661],[-51.215979,-30.127058],[-51.217077,-30.126936],[-51.217708,-30.126812],[-51.220018,-30.126879],[-51.220085,-30.126512],[-51.220078,-30.125689],[-51.220207,-30.125034],[-51.220579,-30.124215],[-51.221184,-30.123037],[-51.221388,-30.122806],[-51.221593,-30.122572],[-51.222596,-30.121671],[-51.224032,-30.120197],[-51.224125,-30.119988],[-51.224483,-30.11747],[-51.224697,-30.116778],[-51.224973,-30.116222],[-51.226137,-30.114377],[-51.226378,-30.113784],[-51.226481,-30.113045],[-51.226579,-30.112678],[-51.226632,-30.112452],[-51.226873,-30.111134],[-51.226922,-30.110595],[-51.226685,-30.110578],[-51.225391,-30.110076],[-51.225151,-30.109855],[-51.224801,-30.109406],[-51.224562,-30.109333],[-51.221616,-30.109909],[-51.221523,-30.109911],[-51.221376,-30.1099],[-51.22058,-30.109754],[-51.220246,-30.109763],[-51.220081,-30.109837],[-51.219561,-30.110325],[-51.219224,-30.110459],[-51.219022,-30.110429],[-51.220526,-30.108626],[-51.222089,-30.1073],[-51.222315,-30.106649],[-51.222844,-30.104692],[-51.220527,-30.103475],[-51.220156,-30.103356],[-51.212932,-30.103142],[-51.19055,-30.101464],[-51.187997,-30.101662],[-51.187083,-30.101667],[-51.186857,-30.101539],[-51.186633,-30.101038],[-51.18653,-30.100892],[-51.185142,-30.099913],[-51.184201,-30.099132],[-51.183436,-30.098973],[-51.182081,-30.098252],[-51.180945,-30.097718],[-51.180007,-30.097544],[-51.178,-30.096681],[-51.184699,-30.112531],[-51.184707,-30.112553],[-51.185222,-30.113888],[-51.184247,-30.117538],[-51.185934,-30.117848],[-51.186791,-30.117948],[-51.187622,-30.118066],[-51.189151,-30.118472],[-51.189385,-30.118496],[-51.189625,-30.118495],[-51.189865,-30.118457],[-51.190345,-30.118353],[-51.190579,-30.118351],[-51.190758,-30.11835],[-51.191013,-30.118403],[-51.191269,-30.118438],[-51.192013,-30.118345],[-51.192691,-30.119454],[-51.193206,-30.120554],[-51.193722,-30.121419],[-51.193986,-30.122164],[-51.192881,-30.122317],[-51.192235,-30.122583],[-51.191782,-30.122826],[-51.190387,-30.123818],[-51.18862,-30.124787],[-51.188161,-30.125094],[-51.187562,-30.12562],[-51.187023,-30.126262],[-51.186735,-30.126544],[-51.186285,-30.12687],[-51.185865,-30.127086],[-51.185426,-30.127244],[-51.18481,-30.127368],[-51.184063,-30.127396],[-51.183243,-30.127354],[-51.18267,-30.127421],[-51.182121,-30.127571],[-51.18197,-30.127628],[-51.181429,-30.127901],[-51.180013,-30.128962],[-51.178105,-30.130578],[-51.177121,-30.131524],[-51.176559,-30.132146],[-51.175939,-30.133256],[-51.17571,-30.13367]]]}},{"type":"Feature","properties":{"name":"Belém Velho","code":109},"geometry":{"type":"Polygon","coordinates":[[[-51.153975,-30.100807],[-51.152238,-30.101189],[-51.151875,-30.101337],[-51.149932,-30.102514],[-51.148995,-30.103225],[-51.147342,-30.117707],[-51.148381,-30.1182],[-51.149058,-30.118313],[-51.149895,-30.118689],[-51.150103,-30.118839],[-51.1505,-30.119311],[-51.15073,-30.119505],[-51.151446,-30.11999],[-51.152157,-30.120606],[-51.152432,-30.120743],[-51.152634,-30.120746],[-51.153185,-30.120645],[-51.154068,-30.120309],[-51.154481,-30.120242],[-51.154867,-30.120305],[-51.15584,-30.120712],[-51.156151,-30.120728],[-51.157308,-30.120148],[-51.157587,-30.119959],[-51.158115,-30.120516],[-51.159822,-30.122508],[-51.161955,-30.124335],[-51.162226,-30.124518],[-51.162385,-30.124607],[-51.164266,-30.125281],[-51.164463,-30.125317],[-51.164684,-30.125337],[-51.165548,-30.125296],[-51.167497,-30.124911],[-51.167843,-30.124863],[-51.168099,-30.124846],[-51.168386,-30.124869],[-51.168766,-30.124919],[-51.170011,-30.125134],[-51.170702,-30.12517],[-51.171304,-30.125082],[-51.171703,-30.124932],[-51.17213,-30.124743],[-51.172376,-30.124666],[-51.172588,-30.124615],[-51.17291,-30.12455],[-51.173186,-30.124511],[-51.17335,-30.124504],[-51.1735,-30.124528],[-51.173581,-30.12456],[-51.173444,-30.1248],[-51.173384,-30.124904],[-51.173297,-30.12521],[-51.173338,-30.125502],[-51.173385,-30.125615],[-51.173453,-30.125736],[-51.173848,-30.126134],[-51.174001,-30.126251],[-51.174145,-30.126347],[-51.175505,-30.126934],[-51.175574,-30.12698],[-51.17567,-30.127046],[-51.175889,-30.127303],[-51.176201,-30.127939],[-51.176244,-30.12806],[-51.176268,-30.128153],[-51.176284,-30.128599],[-51.176017,-30.12956],[-51.175994,-30.1297],[-51.175974,-30.129875],[-51.17597,-30.130045],[-51.175972,-30.130159],[-51.176073,-30.130757],[-51.17609,-30.130927],[-51.176085,-30.131096],[-51.17571,-30.13367],[-51.176512,-30.132223],[-51.176835,-30.131807],[-51.178216,-30.130482],[-51.180013,-30.128962],[-51.181429,-30.127901],[-51.18197,-30.127628],[-51.182121,-30.127571],[-51.18267,-30.127421],[-51.183243,-30.127354],[-51.184063,-30.127396],[-51.18481,-30.127368],[-51.185426,-30.127244],[-51.185865,-30.127086],[-51.186285,-30.12687],[-51.186735,-30.126544],[-51.187023,-30.126262],[-51.187562,-30.12562],[-51.188161,-30.125094],[-51.18862,-30.124787],[-51.190387,-30.123818],[-51.191782,-30.122826],[-51.192235,-30.122583],[-51.192881,-30.122317],[-51.193986,-30.122164],[-51.193722,-30.121419],[-51.193206,-30.120554],[-51.192691,-30.119454],[-51.192013,-30.118345],[-51.191269,-30.118438],[-51.191013,-30.118403],[-51.190758,-30.11835],[-51.190579,-30.118351],[-51.190345,-30.118353],[-51.189865,-30.118457],[-51.189625,-30.118495],[-51.189385,-30.118496],[-51.189151,-30.118472],[-51.187622,-30.118066],[-51.186791,-30.117948],[-51.185934,-30.117848],[-51.184247,-30.117538],[-51.185222,-30.113888],[-51.184707,-30.112553],[-51.184699,-30.112531],[-51.178,-30.096681],[-51.177982,-30.096962],[-51.17784,-30.097243],[-51.177351,-30.097679],[-51.176912,-30.097971],[-51.176819,-30.097994],[-51.176742,-30.09801],[-51.176675,-30.098006],[-51.176546,-30.097987],[-51.175994,-30.097754],[-51.175899,-30.097744],[-51.175799,-30.097756],[-51.175725,-30.097783],[-51.175656,-30.097814],[-51.174039,-30.098573],[-51.173211,-30.099028],[-51.172984,-30.099271],[-51.172871,-30.099579],[-51.172761,-30.099764],[-51.172624,-30.099957],[-51.17241,-30.100083],[-51.172188,-30.100046],[-51.171258,-30.099539],[-51.171074,-30.099475],[-51.17022,-30.100622],[-51.16954,-30.100735],[-51.169003,-30.101165],[-51.168279,-30.1015],[-51.167449,-30.101616],[-51.166887,-30.101651],[-51.166352,-30.101425],[-51.166066,-30.101372],[-51.165117,-30.101654],[-51.164956,-30.101605],[-51.164549,-30.101231],[-51.163992,-30.101018],[-51.162032,-30.101054],[-51.160796,-30.100952],[-51.159658,-30.101042],[-51.158889,-30.101159],[-51.157489,-30.100924],[-51.156664,-30.100899],[-51.154748,-30.100739],[-51.15409,-30.10079],[-51.153975,-30.100807]]]}},{"type":"Feature","properties":{"name":"Cascata","code":113},"geometry":{"type":"Polygon","coordinates":[[[-51.163407,-30.087533],[-51.152373,-30.092614],[-51.152263,-30.092675],[-51.152391,-30.092945],[-51.152441,-30.093171],[-51.152298,-30.094001],[-51.152211,-30.095079],[-51.152286,-30.095131],[-51.152367,-30.095185],[-51.153626,-30.09638],[-51.153788,-30.096614],[-51.153844,-30.096776],[-51.153849,-30.09703],[-51.153688,-30.098034],[-51.153501,-30.098735],[-51.15353,-30.098895],[-51.153726,-30.099281],[-51.153754,-30.099367],[-51.153793,-30.099524],[-51.153839,-30.100454],[-51.153975,-30.100807],[-51.154748,-30.100739],[-51.156664,-30.100899],[-51.157489,-30.100924],[-51.158889,-30.101159],[-51.159658,-30.101042],[-51.160796,-30.100952],[-51.162032,-30.101054],[-51.163992,-30.101018],[-51.164549,-30.101231],[-51.164956,-30.101605],[-51.165117,-30.101654],[-51.166066,-30.101372],[-51.166352,-30.101425],[-51.166887,-30.101651],[-51.167449,-30.101616],[-51.168279,-30.1015],[-51.169003,-30.101165],[-51.16954,-30.100735],[-51.17022,-30.100622],[-51.171074,-30.099475],[-51.171258,-30.099539],[-51.172188,-30.100046],[-51.17241,-30.100083],[-51.172624,-30.099957],[-51.172761,-30.099764],[-51.172871,-30.099579],[-51.172984,-30.099271],[-51.173211,-30.099028],[-51.174039,-30.098573],[-51.175656,-30.097814],[-51.175725,-30.097783],[-51.175799,-30.097756],[-51.175899,-30.097744],[-51.175994,-30.097754],[-51.176546,-30.097987],[-51.176675,-30.098006],[-51.176742,-30.09801],[-51.176819,-30.097994],[-51.176912,-30.097971],[-51.177351,-30.097679],[-51.17784,-30.097243],[-51.177982,-30.096962],[-51.178,-30.096681],[-51.180007,-30.097544],[-51.180945,-30.097718],[-51.182081,-30.098252],[-51.183436,-30.098973],[-51.184201,-30.099132],[-51.185142,-30.099913],[-51.18653,-30.100892],[-51.186633,-30.101038],[-51.186857,-30.101539],[-51.186994,-30.101642],[-51.187564,-30.10168],[-51.190273,-30.10147],[-51.190732,-30.101491],[-51.192884,-30.094238],[-51.184958,-30.088611],[-51.184531,-30.08768],[-51.18553,-30.087337],[-51.185941,-30.085004],[-51.182725,-30.079555],[-51.169714,-30.088085],[-51.163407,-30.087533]]]}},{"type":"Feature","properties":{"name":"Nonoai","code":143},"geometry":{"type":"Polygon","coordinates":[[[-51.21276,-30.103118],[-51.220156,-30.103356],[-51.220527,-30.103475],[-51.222844,-30.104692],[-51.223463,-30.102341],[-51.223561,-30.101994],[-51.223661,-30.101773],[-51.223812,-30.101588],[-51.223945,-30.101459],[-51.224783,-30.100793],[-51.225205,-30.100071],[-51.225285,-30.099869],[-51.225421,-30.099195],[-51.225445,-30.098775],[-51.225373,-30.098602],[-51.224738,-30.097694],[-51.224643,-30.097397],[-51.224645,-30.097166],[-51.224724,-30.096828],[-51.225635,-30.095252],[-51.225876,-30.095072],[-51.227028,-30.094676],[-51.231778,-30.093266],[-51.231006,-30.091348],[-51.230323,-30.090571],[-51.227888,-30.089629],[-51.226012,-30.08907],[-51.227293,-30.087363],[-51.227847,-30.086732],[-51.227959,-30.086689],[-51.22084,-30.081402],[-51.219426,-30.080642],[-51.219275,-30.080523],[-51.219184,-30.080447],[-51.218427,-30.079593],[-51.214559,-30.076738],[-51.214559,-30.076881],[-51.214174,-30.078734],[-51.21407,-30.07909],[-51.214003,-30.079244],[-51.213791,-30.079604],[-51.215358,-30.080759],[-51.213582,-30.082596],[-51.213701,-30.08276],[-51.213748,-30.082852],[-51.21386,-30.083154],[-51.21387,-30.083454],[-51.213848,-30.083527],[-51.213547,-30.083609],[-51.213358,-30.083709],[-51.213144,-30.083689],[-51.21285,-30.083553],[-51.212717,-30.083559],[-51.212522,-30.083815],[-51.212257,-30.083868],[-51.212087,-30.083982],[-51.211983,-30.084121],[-51.211675,-30.084212],[-51.211484,-30.084574],[-51.211505,-30.084875],[-51.211478,-30.084944],[-51.210969,-30.085184],[-51.210884,-30.085379],[-51.210653,-30.085483],[-51.21058,-30.085615],[-51.210439,-30.085742],[-51.210266,-30.085826],[-51.209757,-30.086218],[-51.209634,-30.086413],[-51.209432,-30.086619],[-51.209324,-30.086641],[-51.209176,-30.08659],[-51.208988,-30.086606],[-51.208585,-30.086671],[-51.20844,-30.086745],[-51.208163,-30.087296],[-51.208086,-30.087687],[-51.207871,-30.087931],[-51.207672,-30.087959],[-51.207586,-30.088119],[-51.207376,-30.088322],[-51.207258,-30.088332],[-51.207081,-30.08828],[-51.20691,-30.08832],[-51.20655,-30.088573],[-51.206365,-30.088884],[-51.205896,-30.088917],[-51.205314,-30.089164],[-51.205029,-30.089096],[-51.204748,-30.08921],[-51.204426,-30.089238],[-51.203803,-30.089557],[-51.203432,-30.089789],[-51.203236,-30.089977],[-51.203053,-30.090072],[-51.202977,-30.090288],[-51.202802,-30.090443],[-51.20276,-30.090553],[-51.202352,-30.090837],[-51.202292,-30.091048],[-51.202714,-30.094391],[-51.203073,-30.094317],[-51.203431,-30.094343],[-51.204131,-30.094606],[-51.204414,-30.094903],[-51.204573,-30.094956],[-51.204859,-30.09514],[-51.205021,-30.095427],[-51.205129,-30.095504],[-51.205408,-30.095906],[-51.205448,-30.096186],[-51.205537,-30.096336],[-51.206012,-30.096648],[-51.206277,-30.096983],[-51.206562,-30.09716],[-51.206775,-30.097238],[-51.207214,-30.097655],[-51.207592,-30.097627],[-51.208104,-30.097737],[-51.208259,-30.097816],[-51.208744,-30.098291],[-51.208789,-30.098919],[-51.208862,-30.099145],[-51.209206,-30.099498],[-51.209588,-30.099796],[-51.209829,-30.100154],[-51.210775,-30.100958],[-51.211294,-30.101591],[-51.211754,-30.101898],[-51.211904,-30.102045],[-51.212027,-30.102305],[-51.211999,-30.102653],[-51.212068,-30.102766],[-51.212717,-30.10308],[-51.21276,-30.103118]]]}},{"type":"Feature","properties":{"name":"Teresópolis","code":167},"geometry":{"type":"Polygon","coordinates":[[[-51.207117,-30.070305],[-51.205345,-30.074193],[-51.204377,-30.073709],[-51.203754,-30.074657],[-51.204224,-30.074955],[-51.204911,-30.075369],[-51.205549,-30.075846],[-51.205837,-30.076398],[-51.206607,-30.07767],[-51.203223,-30.079159],[-51.202855,-30.079342],[-51.202486,-30.079528],[-51.200498,-30.080734],[-51.199638,-30.081215],[-51.198863,-30.081648],[-51.197634,-30.082649],[-51.197824,-30.082761],[-51.19795,-30.082925],[-51.197937,-30.083102],[-51.197639,-30.083591],[-51.197795,-30.083864],[-51.198007,-30.084111],[-51.198213,-30.08418],[-51.198943,-30.084268],[-51.199555,-30.084473],[-51.199674,-30.084608],[-51.199901,-30.085014],[-51.199954,-30.085072],[-51.200011,-30.08512],[-51.200092,-30.08515],[-51.200176,-30.085159],[-51.200758,-30.085162],[-51.200645,-30.085259],[-51.200299,-30.085356],[-51.199978,-30.085396],[-51.199616,-30.085355],[-51.199444,-30.08555],[-51.199462,-30.08572],[-51.199392,-30.085815],[-51.199163,-30.085986],[-51.198848,-30.086066],[-51.198667,-30.086234],[-51.198583,-30.086427],[-51.19813,-30.086961],[-51.197987,-30.087396],[-51.197847,-30.087566],[-51.197536,-30.088163],[-51.19731,-30.088309],[-51.197235,-30.0886],[-51.197052,-30.088907],[-51.196864,-30.089469],[-51.19665,-30.089776],[-51.19667,-30.090177],[-51.196542,-30.090392],[-51.196272,-30.090582],[-51.196195,-30.090718],[-51.195712,-30.09117],[-51.195563,-30.091499],[-51.195312,-30.091659],[-51.195214,-30.091843],[-51.19461,-30.092523],[-51.194571,-30.092679],[-51.194499,-30.092772],[-51.193892,-30.092949],[-51.193807,-30.093031],[-51.193656,-30.093083],[-51.193345,-30.093343],[-51.193175,-30.093707],[-51.19307,-30.093771],[-51.193053,-30.093819],[-51.193128,-30.094056],[-51.19311,-30.094206],[-51.192884,-30.094238],[-51.190732,-30.101491],[-51.21276,-30.103118],[-51.212068,-30.102766],[-51.211999,-30.102653],[-51.212027,-30.102305],[-51.211904,-30.102045],[-51.211754,-30.101898],[-51.211294,-30.101591],[-51.210775,-30.100958],[-51.209829,-30.100154],[-51.209588,-30.099796],[-51.209206,-30.099498],[-51.208862,-30.099145],[-51.208789,-30.098919],[-51.208744,-30.098291],[-51.208259,-30.097816],[-51.208104,-30.097737],[-51.207592,-30.097627],[-51.207214,-30.097655],[-51.206775,-30.097238],[-51.206562,-30.09716],[-51.206277,-30.096983],[-51.206012,-30.096648],[-51.205537,-30.096336],[-51.205448,-30.096186],[-51.205408,-30.095906],[-51.205129,-30.095504],[-51.205021,-30.095427],[-51.204859,-30.09514],[-51.204573,-30.094956],[-51.204414,-30.094903],[-51.204131,-30.094606],[-51.203431,-30.094343],[-51.203073,-30.094317],[-51.202714,-30.094391],[-51.202293,-30.091034],[-51.20237,-30.090815],[-51.202753,-30.09056],[-51.202807,-30.090437],[-51.202966,-30.090306],[-51.203038,-30.090088],[-51.203282,-30.089944],[-51.203419,-30.089799],[-51.203605,-30.089679],[-51.204374,-30.089255],[-51.204748,-30.08921],[-51.205029,-30.089096],[-51.205314,-30.089164],[-51.205896,-30.088917],[-51.206365,-30.088884],[-51.20655,-30.088573],[-51.20691,-30.08832],[-51.207081,-30.08828],[-51.207258,-30.088332],[-51.207376,-30.088322],[-51.207586,-30.088119],[-51.207672,-30.087959],[-51.207871,-30.087931],[-51.208086,-30.087687],[-51.208163,-30.087296],[-51.20844,-30.086745],[-51.208585,-30.086671],[-51.208988,-30.086606],[-51.209176,-30.08659],[-51.209324,-30.086641],[-51.209432,-30.086619],[-51.209634,-30.086413],[-51.209757,-30.086218],[-51.210266,-30.085826],[-51.210439,-30.085742],[-51.21058,-30.085615],[-51.210653,-30.085483],[-51.210884,-30.085379],[-51.210969,-30.085184],[-51.211478,-30.084944],[-51.211505,-30.084875],[-51.211484,-30.084574],[-51.211675,-30.084212],[-51.211983,-30.084121],[-51.212087,-30.083982],[-51.212257,-30.083868],[-51.212522,-30.083815],[-51.212717,-30.083559],[-51.21285,-30.083553],[-51.213144,-30.083689],[-51.213358,-30.083709],[-51.213547,-30.083609],[-51.213848,-30.083527],[-51.21387,-30.083454],[-51.21386,-30.083154],[-51.213748,-30.082852],[-51.213701,-30.08276],[-51.213582,-30.082596],[-51.215358,-30.080759],[-51.213791,-30.079604],[-51.21407,-30.07909],[-51.214174,-30.078734],[-51.214251,-30.078415],[-51.214747,-30.075803],[-51.214827,-30.075144],[-51.214827,-30.074659],[-51.213193,-30.074135],[-51.212431,-30.073675],[-51.210435,-30.072474],[-51.210752,-30.071899],[-51.21103,-30.071397],[-51.211302,-30.070791],[-51.211329,-30.070696],[-51.211326,-30.070625],[-51.21118,-30.070078],[-51.208693,-30.070532],[-51.208086,-30.07045],[-51.207117,-30.070305]]]}},{"type":"Feature","properties":{"name":"Glória","code":125},"geometry":{"type":"Polygon","coordinates":[[[-51.199892,-30.072919],[-51.199706,-30.073431],[-51.193004,-30.072147],[-51.19161,-30.074189],[-51.191463,-30.074252],[-51.187224,-30.073452],[-51.186952,-30.074423],[-51.186184,-30.074273],[-51.186041,-30.074907],[-51.185895,-30.075265],[-51.185796,-30.075669],[-51.185785,-30.075684],[-51.182725,-30.079555],[-51.185941,-30.085004],[-51.18553,-30.087337],[-51.184531,-30.08768],[-51.184958,-30.088611],[-51.192884,-30.094238],[-51.19311,-30.094206],[-51.193128,-30.094056],[-51.193053,-30.093819],[-51.193175,-30.093707],[-51.193345,-30.093343],[-51.193656,-30.093083],[-51.193807,-30.093031],[-51.193892,-30.092949],[-51.194482,-30.092788],[-51.194571,-30.092679],[-51.19461,-30.092523],[-51.195214,-30.091843],[-51.195312,-30.091659],[-51.195563,-30.091499],[-51.195712,-30.09117],[-51.196195,-30.090718],[-51.196272,-30.090582],[-51.196552,-30.090378],[-51.19667,-30.090177],[-51.19665,-30.089776],[-51.196864,-30.089469],[-51.197052,-30.088907],[-51.197235,-30.0886],[-51.19731,-30.088309],[-51.197536,-30.088163],[-51.197847,-30.087566],[-51.197987,-30.087396],[-51.19813,-30.086961],[-51.198583,-30.086427],[-51.198659,-30.086243],[-51.198848,-30.086066],[-51.199163,-30.085986],[-51.199392,-30.085815],[-51.199462,-30.08572],[-51.199444,-30.08555],[-51.199616,-30.085355],[-51.199978,-30.085396],[-51.200299,-30.085356],[-51.200645,-30.085259],[-51.200758,-30.085162],[-51.200176,-30.085159],[-51.200092,-30.08515],[-51.200011,-30.08512],[-51.199954,-30.085072],[-51.199901,-30.085014],[-51.199674,-30.084608],[-51.199555,-30.084473],[-51.198943,-30.084268],[-51.198213,-30.08418],[-51.198007,-30.084111],[-51.197795,-30.083864],[-51.197639,-30.083591],[-51.197937,-30.083102],[-51.19795,-30.082925],[-51.197824,-30.082761],[-51.197634,-30.082649],[-51.198863,-30.081648],[-51.199638,-30.081215],[-51.200498,-30.080734],[-51.202486,-30.079528],[-51.202855,-30.079342],[-51.203223,-30.079159],[-51.206607,-30.07767],[-51.205837,-30.076398],[-51.205549,-30.075846],[-51.204911,-30.075369],[-51.204224,-30.074955],[-51.203754,-30.074657],[-51.204377,-30.073709],[-51.205345,-30.074193],[-51.207117,-30.070305],[-51.204637,-30.069934],[-51.204851,-30.06943],[-51.205021,-30.069003],[-51.201875,-30.068905],[-51.200696,-30.071025],[-51.200182,-30.072166],[-51.199892,-30.072919]]]}},{"type":"Feature","properties":{"name":"Cel. Aparicio Borges","code":103},"geometry":{"type":"Polygon","coordinates":[[[-51.179532,-30.071446],[-51.176911,-30.073001],[-51.176071,-30.073592],[-51.17527,-30.073983],[-51.175019,-30.074166],[-51.174772,-30.07444],[-51.174463,-30.074034],[-51.17426,-30.074369],[-51.174212,-30.074664],[-51.174236,-30.074983],[-51.174543,-30.075376],[-51.17454,-30.075463],[-51.174475,-30.07556],[-51.17394,-30.075734],[-51.172984,-30.075579],[-51.172327,-30.075526],[-51.172052,-30.075543],[-51.171861,-30.075657],[-51.171366,-30.076303],[-51.170783,-30.077326],[-51.170793,-30.077528],[-51.171009,-30.077958],[-51.171072,-30.078208],[-51.170814,-30.07817],[-51.170388,-30.077767],[-51.170017,-30.077556],[-51.169819,-30.077607],[-51.169545,-30.077765],[-51.16937,-30.077789],[-51.169194,-30.077724],[-51.169282,-30.077626],[-51.169293,-30.077612],[-51.16918,-30.077522],[-51.169004,-30.077468],[-51.168503,-30.07748],[-51.168348,-30.077709],[-51.168245,-30.077744],[-51.168149,-30.077956],[-51.167616,-30.078088],[-51.167534,-30.078083],[-51.167346,-30.077949],[-51.167201,-30.077897],[-51.167045,-30.077907],[-51.166848,-30.077856],[-51.16653,-30.077879],[-51.165739,-30.078451],[-51.165606,-30.078684],[-51.1654,-30.078881],[-51.165411,-30.079075],[-51.165355,-30.079261],[-51.165,-30.079519],[-51.164969,-30.079903],[-51.164896,-30.080034],[-51.164793,-30.08012],[-51.164797,-30.080225],[-51.164687,-30.080392],[-51.1644,-30.080689],[-51.164072,-30.080774],[-51.163955,-30.080923],[-51.163848,-30.081209],[-51.163881,-30.081594],[-51.163769,-30.081904],[-51.163805,-30.082035],[-51.163759,-30.082308],[-51.163613,-30.082528],[-51.163805,-30.083007],[-51.163798,-30.083594],[-51.163832,-30.083749],[-51.163764,-30.083912],[-51.163917,-30.084351],[-51.163897,-30.084464],[-51.163811,-30.084594],[-51.163782,-30.084828],[-51.163659,-30.085017],[-51.163683,-30.085168],[-51.16364,-30.085285],[-51.16364,-30.085289],[-51.163407,-30.087533],[-51.169714,-30.088085],[-51.182725,-30.079555],[-51.185785,-30.075684],[-51.185796,-30.075669],[-51.185895,-30.075265],[-51.186041,-30.074907],[-51.186184,-30.074273],[-51.186952,-30.074423],[-51.187224,-30.073452],[-51.191463,-30.074252],[-51.19161,-30.074189],[-51.193004,-30.072147],[-51.190746,-30.071684],[-51.190425,-30.071579],[-51.190084,-30.071375],[-51.189204,-30.070416],[-51.188185,-30.068969],[-51.187062,-30.067278],[-51.186868,-30.0667],[-51.186491,-30.065074],[-51.186269,-30.064446],[-51.179912,-30.067149],[-51.180347,-30.068414],[-51.17908,-30.06899],[-51.179169,-30.069163],[-51.179212,-30.069217],[-51.179294,-30.069299],[-51.180228,-30.070133],[-51.180883,-30.07055],[-51.180658,-30.070743],[-51.179638,-30.071383],[-51.179532,-30.071446]]]}},{"type":"Feature","properties":{"name":"Vila João Pessoa","code":176},"geometry":{"type":"Polygon","coordinates":[[[-51.171824,-30.061788],[-51.171523,-30.06179],[-51.171202,-30.061761],[-51.1699,-30.068716],[-51.170505,-30.068812],[-51.170655,-30.069204],[-51.170693,-30.069547],[-51.170778,-30.069619],[-51.170986,-30.068731],[-51.171343,-30.068164],[-51.171425,-30.068081],[-51.171496,-30.068013],[-51.17218,-30.067624],[-51.172255,-30.067594],[-51.172309,-30.067588],[-51.172363,-30.06759],[-51.172457,-30.067608],[-51.171926,-30.06853],[-51.171829,-30.06879],[-51.171812,-30.068883],[-51.171779,-30.069104],[-51.17159,-30.07073],[-51.171656,-30.073138],[-51.171504,-30.073521],[-51.170998,-30.074106],[-51.170873,-30.074336],[-51.170782,-30.075435],[-51.170326,-30.076707],[-51.170153,-30.076943],[-51.170101,-30.076986],[-51.170005,-30.07705],[-51.16976,-30.077153],[-51.169531,-30.077158],[-51.169409,-30.07747],[-51.169194,-30.077724],[-51.169328,-30.077781],[-51.169496,-30.077782],[-51.169819,-30.077607],[-51.170017,-30.077556],[-51.170388,-30.077767],[-51.170814,-30.07817],[-51.171072,-30.078208],[-51.171009,-30.077958],[-51.170793,-30.077528],[-51.170783,-30.077326],[-51.171366,-30.076303],[-51.171861,-30.075657],[-51.172052,-30.075543],[-51.172327,-30.075526],[-51.172984,-30.075579],[-51.17394,-30.075734],[-51.174475,-30.07556],[-51.17454,-30.075463],[-51.174543,-30.075376],[-51.174236,-30.074983],[-51.174212,-30.074664],[-51.17426,-30.074369],[-51.174463,-30.074034],[-51.174772,-30.07444],[-51.175019,-30.074166],[-51.17527,-30.073983],[-51.176071,-30.073592],[-51.176911,-30.073001],[-51.179638,-30.071383],[-51.180658,-30.070743],[-51.180883,-30.07055],[-51.180228,-30.070133],[-51.179294,-30.069299],[-51.179212,-30.069217],[-51.179169,-30.069163],[-51.17908,-30.06899],[-51.180347,-30.068414],[-51.179849,-30.066968],[-51.179707,-30.066296],[-51.179726,-30.066248],[-51.17976,-30.06621],[-51.179956,-30.065124],[-51.180129,-30.064333],[-51.17973,-30.064201],[-51.179397,-30.064042],[-51.179105,-30.063859],[-51.178836,-30.063644],[-51.177968,-30.062693],[-51.177699,-30.062507],[-51.177424,-30.062395],[-51.177094,-30.062327],[-51.174505,-30.062049],[-51.173109,-30.061695],[-51.172669,-30.061695],[-51.171878,-30.061783],[-51.171824,-30.061788]]]}},{"type":"Feature","properties":{"name":"Vila São José","code":213},"geometry":{"type":"Polygon","coordinates":[[[-51.163805,-30.062199],[-51.1627,-30.062194],[-51.161936,-30.062399],[-51.161488,-30.062574],[-51.160589,-30.067692],[-51.160457,-30.068518],[-51.160429,-30.069015],[-51.160302,-30.069446],[-51.160289,-30.06984],[-51.160322,-30.070002],[-51.160086,-30.070003],[-51.159974,-30.070204],[-51.159984,-30.070371],[-51.159852,-30.071151],[-51.159957,-30.071368],[-51.159826,-30.071751],[-51.159881,-30.071851],[-51.159118,-30.07516],[-51.159027,-30.075036],[-51.158892,-30.074987],[-51.158563,-30.075025],[-51.158335,-30.075113],[-51.158192,-30.075299],[-51.157917,-30.075847],[-51.157432,-30.076342],[-51.157154,-30.07655],[-51.15699,-30.077273],[-51.152295,-30.092556],[-51.152263,-30.092675],[-51.152373,-30.092614],[-51.163407,-30.087533],[-51.16364,-30.085289],[-51.16364,-30.085285],[-51.163683,-30.085168],[-51.163659,-30.085017],[-51.163782,-30.084828],[-51.163811,-30.084594],[-51.163897,-30.084464],[-51.163918,-30.084336],[-51.163764,-30.083912],[-51.163832,-30.083749],[-51.163798,-30.083594],[-51.163805,-30.083007],[-51.163613,-30.082528],[-51.163759,-30.082308],[-51.163805,-30.082035],[-51.163769,-30.081904],[-51.163881,-30.081594],[-51.163848,-30.081209],[-51.164015,-30.080825],[-51.164078,-30.080771],[-51.164397,-30.080691],[-51.16468,-30.080401],[-51.164797,-30.080225],[-51.164793,-30.08012],[-51.164896,-30.080034],[-51.164969,-30.079903],[-51.165,-30.079519],[-51.165366,-30.079243],[-51.165418,-30.079001],[-51.1654,-30.078881],[-51.165606,-30.078684],[-51.16576,-30.078431],[-51.16652,-30.077885],[-51.166848,-30.077856],[-51.167045,-30.077907],[-51.167201,-30.077897],[-51.167603,-30.07809],[-51.168149,-30.077956],[-51.168245,-30.077744],[-51.168348,-30.077709],[-51.168527,-30.077471],[-51.169024,-30.077471],[-51.16918,-30.077522],[-51.169293,-30.077612],[-51.169431,-30.077432],[-51.169531,-30.077158],[-51.169823,-30.077134],[-51.170101,-30.076986],[-51.170258,-30.07682],[-51.170326,-30.076707],[-51.170382,-30.076576],[-51.170782,-30.075435],[-51.170873,-30.074336],[-51.170998,-30.074106],[-51.171504,-30.073521],[-51.171644,-30.073196],[-51.171672,-30.072858],[-51.17159,-30.07073],[-51.171779,-30.069104],[-51.171812,-30.068883],[-51.171829,-30.06879],[-51.171926,-30.06853],[-51.172457,-30.067608],[-51.172363,-30.06759],[-51.172309,-30.067588],[-51.172255,-30.067594],[-51.17218,-30.067624],[-51.171496,-30.068013],[-51.171425,-30.068081],[-51.171343,-30.068164],[-51.170986,-30.068731],[-51.170778,-30.069619],[-51.170693,-30.069547],[-51.170655,-30.069204],[-51.170505,-30.068812],[-51.1699,-30.068716],[-51.171202,-30.061761],[-51.169697,-30.061592],[-51.169489,-30.06159],[-51.169242,-30.061593],[-51.164108,-30.062181],[-51.163805,-30.062199]]]}},{"type":"Feature","properties":{"name":"Agronomia","code":101},"geometry":{"type":"Polygon","coordinates":[[[-51.112468,-30.074266],[-51.112199,-30.074198],[-51.11195,-30.074888],[-51.11171,-30.075157],[-51.111235,-30.075545],[-51.110877,-30.075945],[-51.110456,-30.076497],[-51.110065,-30.077208],[-51.10963,-30.07745],[-51.109153,-30.078057],[-51.109165,-30.078252],[-51.109166,-30.07827],[-51.110129,-30.078685],[-51.110623,-30.078986],[-51.111367,-30.079849],[-51.111467,-30.079943],[-51.111526,-30.079987],[-51.111814,-30.080136],[-51.112229,-30.080213],[-51.112707,-30.080142],[-51.11482,-30.079301],[-51.115681,-30.079044],[-51.116633,-30.078879],[-51.118256,-30.078698],[-51.118512,-30.07863],[-51.118705,-30.078559],[-51.118915,-30.078473],[-51.120076,-30.077746],[-51.120591,-30.077491],[-51.120871,-30.07739],[-51.121624,-30.077183],[-51.122162,-30.077061],[-51.122845,-30.076892],[-51.123408,-30.076802],[-51.123977,-30.07677],[-51.124663,-30.076763],[-51.125064,-30.076766],[-51.125171,-30.076784],[-51.126532,-30.076947],[-51.128173,-30.07696],[-51.1289,-30.076888],[-51.131771,-30.076204],[-51.133352,-30.075764],[-51.134072,-30.075483],[-51.134958,-30.075013],[-51.135256,-30.075373],[-51.135573,-30.075527],[-51.135947,-30.075432],[-51.13624,-30.075406],[-51.136721,-30.07552],[-51.136846,-30.075627],[-51.136861,-30.075818],[-51.136915,-30.07583],[-51.13707,-30.075757],[-51.137128,-30.075773],[-51.137342,-30.076177],[-51.137644,-30.076275],[-51.13768,-30.076405],[-51.137793,-30.076491],[-51.137736,-30.076796],[-51.137765,-30.076998],[-51.137046,-30.077409],[-51.136821,-30.077605],[-51.136629,-30.077905],[-51.136636,-30.0783],[-51.136734,-30.078584],[-51.13675,-30.078939],[-51.136694,-30.079037],[-51.136725,-30.07913],[-51.136655,-30.079388],[-51.136456,-30.079456],[-51.136255,-30.079413],[-51.136181,-30.079432],[-51.136088,-30.079548],[-51.136023,-30.079766],[-51.13585,-30.079915],[-51.13594,-30.080114],[-51.136121,-30.080255],[-51.136229,-30.080502],[-51.136809,-30.081001],[-51.136832,-30.081105],[-51.136764,-30.081287],[-51.136812,-30.081412],[-51.137273,-30.08169],[-51.137338,-30.081829],[-51.137171,-30.082161],[-51.136749,-30.082582],[-51.13671,-30.082676],[-51.136782,-30.082793],[-51.136812,-30.082961],[-51.136911,-30.083104],[-51.13671,-30.083329],[-51.136754,-30.08347],[-51.136689,-30.083633],[-51.13654,-30.083806],[-51.136545,-30.083924],[-51.136492,-30.084056],[-51.136547,-30.084545],[-51.136956,-30.084426],[-51.138201,-30.084573],[-51.138753,-30.084671],[-51.138985,-30.084801],[-51.139123,-30.084893],[-51.139332,-30.085059],[-51.140214,-30.086103],[-51.142216,-30.087659],[-51.142405,-30.087899],[-51.142543,-30.088258],[-51.14282,-30.088664],[-51.143941,-30.089639],[-51.144181,-30.089767],[-51.14459,-30.089871],[-51.144972,-30.089985],[-51.145023,-30.090007],[-51.145137,-30.090064],[-51.145302,-30.090206],[-51.14609,-30.091497],[-51.146259,-30.091706],[-51.146499,-30.09193],[-51.146839,-30.092114],[-51.14727,-30.09232],[-51.147856,-30.092537],[-51.148599,-30.091086],[-51.148645,-30.091014],[-51.148676,-30.090983],[-51.148708,-30.090965],[-51.148738,-30.090961],[-51.149925,-30.091457],[-51.150515,-30.091794],[-51.152263,-30.092675],[-51.152295,-30.092556],[-51.15699,-30.077273],[-51.148751,-30.075456],[-51.151689,-30.068109],[-51.151657,-30.065713],[-51.151635,-30.065678],[-51.151383,-30.065341],[-51.151143,-30.065081],[-51.150824,-30.064748],[-51.150191,-30.063978],[-51.150169,-30.064],[-51.150099,-30.064108],[-51.149703,-30.065092],[-51.149225,-30.06584],[-51.148762,-30.066286],[-51.147979,-30.066762],[-51.14714,-30.067117],[-51.145954,-30.067378],[-51.143573,-30.068057],[-51.143179,-30.068132],[-51.143177,-30.068125],[-51.142839,-30.068158],[-51.14269,-30.067822],[-51.142753,-30.067812],[-51.142917,-30.067344],[-51.142794,-30.067077],[-51.142715,-30.067007],[-51.142619,-30.066974],[-51.142226,-30.066983],[-51.142077,-30.066971],[-51.141887,-30.066924],[-51.14179,-30.066877],[-51.141526,-30.066627],[-51.141384,-30.066316],[-51.140456,-30.065909],[-51.140327,-30.065812],[-51.140131,-30.065558],[-51.139933,-30.065425],[-51.138439,-30.065368],[-51.137577,-30.064054],[-51.137474,-30.0637],[-51.13612,-30.053986],[-51.126206,-30.053477],[-51.125931,-30.053463],[-51.120058,-30.055402],[-51.120203,-30.055634],[-51.120201,-30.055877],[-51.120078,-30.056035],[-51.119856,-30.056157],[-51.119884,-30.056361],[-51.120047,-30.056571],[-51.119882,-30.056561],[-51.11974,-30.056558],[-51.119625,-30.056803],[-51.119588,-30.05688],[-51.119011,-30.057191],[-51.118751,-30.057109],[-51.11865,-30.057079],[-51.11842,-30.057041],[-51.118271,-30.057023],[-51.119087,-30.059584],[-51.119036,-30.059883],[-51.119098,-30.060079],[-51.119084,-30.06018],[-51.118964,-30.060389],[-51.118569,-30.060788],[-51.118509,-30.060838],[-51.118405,-30.060926],[-51.117995,-30.061101],[-51.11819,-30.061974],[-51.118166,-30.062059],[-51.118602,-30.062004],[-51.118734,-30.061983],[-51.120353,-30.061644],[-51.120459,-30.061621],[-51.120157,-30.063692],[-51.120396,-30.063894],[-51.120442,-30.064021],[-51.120386,-30.064217],[-51.120411,-30.064471],[-51.120296,-30.064642],[-51.120323,-30.064847],[-51.120099,-30.065206],[-51.120279,-30.065642],[-51.120265,-30.065794],[-51.120094,-30.065979],[-51.120013,-30.066334],[-51.120115,-30.066818],[-51.120022,-30.06688],[-51.119516,-30.066974],[-51.119215,-30.067086],[-51.118852,-30.067119],[-51.118634,-30.06735],[-51.118275,-30.067488],[-51.118065,-30.067675],[-51.117963,-30.068032],[-51.117842,-30.068765],[-51.117865,-30.069026],[-51.117934,-30.069186],[-51.117891,-30.069546],[-51.117953,-30.069754],[-51.11779,-30.069991],[-51.117778,-30.070174],[-51.117723,-30.070291],[-51.117747,-30.070519],[-51.117633,-30.070754],[-51.117677,-30.071046],[-51.11754,-30.071709],[-51.117468,-30.071785],[-51.117303,-30.071778],[-51.117219,-30.071828],[-51.1173,-30.072093],[-51.117291,-30.07213],[-51.117248,-30.072147],[-51.117275,-30.072329],[-51.117255,-30.072361],[-51.117182,-30.072476],[-51.117107,-30.072869],[-51.117018,-30.072899],[-51.116896,-30.072838],[-51.116831,-30.07283],[-51.116802,-30.07294],[-51.116716,-30.072985],[-51.116635,-30.072971],[-51.11625,-30.072808],[-51.116014,-30.072526],[-51.115909,-30.072504],[-51.115676,-30.072467],[-51.113894,-30.072779],[-51.113799,-30.072559],[-51.11356,-30.072607],[-51.113382,-30.072705],[-51.113235,-30.072696],[-51.113192,-30.072719],[-51.112931,-30.072864],[-51.112973,-30.07334],[-51.11324,-30.073368],[-51.113261,-30.073519],[-51.113014,-30.073578],[-51.11273,-30.073647],[-51.112811,-30.073744],[-51.11247,-30.074263],[-51.112468,-30.074266]]]}},{"type":"Feature","properties":{"name":"Lomba Do Pinheiro","code":135},"geometry":{"type":"Polygon","coordinates":[[[-51.078521,-30.17741],[-51.078552,-30.177452],[-51.082683,-30.178973],[-51.082808,-30.178898],[-51.088531,-30.17547],[-51.094401,-30.145098],[-51.096846,-30.139209],[-51.097066,-30.138545],[-51.097379,-30.138023],[-51.097925,-30.137356],[-51.098059,-30.137135],[-51.098015,-30.137017],[-51.097674,-30.13653],[-51.097668,-30.136482],[-51.097665,-30.13644],[-51.098162,-30.136755],[-51.103057,-30.132822],[-51.104129,-30.134687],[-51.104219,-30.134993],[-51.104479,-30.135369],[-51.10474,-30.135672],[-51.106036,-30.136871],[-51.106646,-30.137326],[-51.106823,-30.137635],[-51.107078,-30.138226],[-51.107427,-30.138753],[-51.108117,-30.139127],[-51.108896,-30.139427],[-51.109413,-30.139875],[-51.109503,-30.140029],[-51.110102,-30.140697],[-51.110554,-30.141086],[-51.110712,-30.141154],[-51.110895,-30.141155],[-51.112101,-30.141079],[-51.112792,-30.141003],[-51.113398,-30.140852],[-51.114698,-30.140323],[-51.115213,-30.140174],[-51.115645,-30.139948],[-51.115989,-30.139873],[-51.116546,-30.139465],[-51.1172,-30.138895],[-51.117375,-30.138668],[-51.117806,-30.138442],[-51.118153,-30.138366],[-51.119448,-30.13859],[-51.1204,-30.138815],[-51.121095,-30.138815],[-51.121537,-30.138585],[-51.122218,-30.138363],[-51.122649,-30.138287],[-51.124208,-30.13821],[-51.125509,-30.138209],[-51.12594,-30.138133],[-51.126804,-30.137756],[-51.127236,-30.137681],[-51.127377,-30.137613],[-51.127855,-30.137717],[-51.128741,-30.136988],[-51.129005,-30.136851],[-51.129291,-30.136861],[-51.130684,-30.13718],[-51.130962,-30.137183],[-51.13132,-30.137091],[-51.132165,-30.136775],[-51.13335,-30.136412],[-51.134975,-30.135579],[-51.136434,-30.135042],[-51.137635,-30.134498],[-51.139043,-30.134166],[-51.140063,-30.13388],[-51.140321,-30.133659],[-51.14093,-30.132907],[-51.141885,-30.132313],[-51.142093,-30.132082],[-51.142134,-30.13185],[-51.142022,-30.131591],[-51.141329,-30.130472],[-51.140746,-30.129434],[-51.140111,-30.128563],[-51.139872,-30.128113],[-51.139633,-30.127464],[-51.13954,-30.127074],[-51.139571,-30.126733],[-51.139619,-30.126581],[-51.139664,-30.126442],[-51.140058,-30.125451],[-51.140127,-30.125354],[-51.140161,-30.125311],[-51.140575,-30.124953],[-51.140853,-30.124648],[-51.142642,-30.121523],[-51.142677,-30.121425],[-51.142689,-30.121353],[-51.142671,-30.121117],[-51.142313,-30.120434],[-51.142276,-30.120336],[-51.142265,-30.120274],[-51.14226,-30.120121],[-51.142386,-30.119945],[-51.142928,-30.119511],[-51.143956,-30.118901],[-51.146823,-30.117712],[-51.147096,-30.117657],[-51.147342,-30.117707],[-51.148995,-30.103225],[-51.149932,-30.102514],[-51.151875,-30.101337],[-51.152238,-30.101189],[-51.153975,-30.100807],[-51.153839,-30.100454],[-51.153793,-30.099524],[-51.153754,-30.099367],[-51.153726,-30.099281],[-51.15353,-30.098895],[-51.153501,-30.098735],[-51.153688,-30.098034],[-51.153849,-30.09703],[-51.15385,-30.096816],[-51.153788,-30.096614],[-51.153626,-30.09638],[-51.152367,-30.095185],[-51.152286,-30.095131],[-51.152211,-30.095079],[-51.152298,-30.094001],[-51.152441,-30.093171],[-51.152347,-30.092832],[-51.15222,-30.092636],[-51.150515,-30.091794],[-51.149925,-30.091457],[-51.148738,-30.090961],[-51.148708,-30.090965],[-51.148676,-30.090983],[-51.148645,-30.091014],[-51.148599,-30.091086],[-51.147856,-30.092537],[-51.14727,-30.09232],[-51.146839,-30.092114],[-51.146499,-30.09193],[-51.146259,-30.091706],[-51.14609,-30.091497],[-51.145302,-30.090206],[-51.145137,-30.090064],[-51.145023,-30.090007],[-51.144972,-30.089985],[-51.14459,-30.089871],[-51.144181,-30.089767],[-51.143941,-30.089639],[-51.14282,-30.088664],[-51.142543,-30.088258],[-51.142405,-30.087899],[-51.142216,-30.087659],[-51.140214,-30.086103],[-51.139332,-30.085059],[-51.139123,-30.084893],[-51.138985,-30.084801],[-51.138753,-30.084671],[-51.138201,-30.084573],[-51.136956,-30.084426],[-51.136547,-30.084545],[-51.136492,-30.084056],[-51.136545,-30.083924],[-51.13654,-30.083806],[-51.136689,-30.083633],[-51.136754,-30.08347],[-51.13671,-30.083329],[-51.136911,-30.083104],[-51.136812,-30.082961],[-51.136782,-30.082793],[-51.13671,-30.082676],[-51.136749,-30.082582],[-51.137171,-30.082161],[-51.137338,-30.081829],[-51.137273,-30.08169],[-51.136812,-30.081412],[-51.136764,-30.081287],[-51.136832,-30.081105],[-51.136809,-30.081001],[-51.136229,-30.080502],[-51.136121,-30.080255],[-51.13594,-30.080114],[-51.135849,-30.079925],[-51.136023,-30.079766],[-51.136088,-30.079548],[-51.136175,-30.079436],[-51.136255,-30.079413],[-51.136456,-30.079456],[-51.136605,-30.079422],[-51.136663,-30.07937],[-51.136725,-30.07913],[-51.136694,-30.079037],[-51.13675,-30.078939],[-51.136734,-30.078584],[-51.136628,-30.078199],[-51.136625,-30.077919],[-51.136698,-30.077787],[-51.136821,-30.077605],[-51.137071,-30.07739],[-51.13731,-30.077282],[-51.137772,-30.076987],[-51.137736,-30.076796],[-51.137786,-30.076465],[-51.137685,-30.076412],[-51.137629,-30.076265],[-51.137342,-30.076177],[-51.137128,-30.075773],[-51.137059,-30.075759],[-51.136872,-30.075825],[-51.136816,-30.07559],[-51.136721,-30.07552],[-51.136417,-30.075423],[-51.135947,-30.075432],[-51.135573,-30.075527],[-51.135256,-30.075373],[-51.134958,-30.075013],[-51.134072,-30.075483],[-51.133352,-30.075764],[-51.131771,-30.076204],[-51.1289,-30.076888],[-51.128173,-30.07696],[-51.126532,-30.076947],[-51.125171,-30.076784],[-51.125064,-30.076766],[-51.123408,-30.076802],[-51.122845,-30.076892],[-51.122162,-30.077061],[-51.121624,-30.077183],[-51.120871,-30.07739],[-51.120591,-30.077491],[-51.120076,-30.077746],[-51.118915,-30.078473],[-51.118256,-30.078698],[-51.117542,-30.078807],[-51.117534,-30.078899],[-51.117481,-30.078952],[-51.117093,-30.079232],[-51.1171,-30.079426],[-51.116995,-30.079584],[-51.115961,-30.079786],[-51.115782,-30.079865],[-51.115636,-30.080017],[-51.115554,-30.080049],[-51.115568,-30.080273],[-51.115498,-30.08049],[-51.115431,-30.080553],[-51.115487,-30.080839],[-51.115357,-30.081381],[-51.115127,-30.081633],[-51.115008,-30.08198],[-51.114956,-30.082313],[-51.115015,-30.082805],[-51.114999,-30.083039],[-51.114947,-30.083247],[-51.114801,-30.083526],[-51.114564,-30.083794],[-51.114069,-30.084098],[-51.11398,-30.084294],[-51.114072,-30.084827],[-51.114019,-30.08505],[-51.113872,-30.085236],[-51.113502,-30.085565],[-51.113339,-30.085443],[-51.113275,-30.085417],[-51.113184,-30.085394],[-51.112684,-30.085422],[-51.112458,-30.085484],[-51.11215,-30.08563],[-51.112014,-30.085758],[-51.111811,-30.086306],[-51.111698,-30.086888],[-51.111442,-30.087261],[-51.111123,-30.087561],[-51.111029,-30.087787],[-51.110988,-30.088043],[-51.111065,-30.088381],[-51.111402,-30.088934],[-51.111438,-30.089191],[-51.111332,-30.089555],[-51.111396,-30.090473],[-51.11138,-30.09072],[-51.111304,-30.091147],[-51.110737,-30.092387],[-51.110699,-30.092751],[-51.110842,-30.093938],[-51.111291,-30.095367],[-51.111282,-30.095921],[-51.111428,-30.096399],[-51.11133,-30.097039],[-51.111438,-30.097266],[-51.111443,-30.097422],[-51.11173,-30.097662],[-51.111831,-30.098442],[-51.112005,-30.098559],[-51.111952,-30.098801],[-51.111745,-30.099266],[-51.111779,-30.099423],[-51.111728,-30.099568],[-51.111838,-30.099642],[-51.111837,-30.099647],[-51.111817,-30.099735],[-51.111692,-30.099875],[-51.111704,-30.100044],[-51.111668,-30.100143],[-51.11151,-30.100317],[-51.111397,-30.10053],[-51.111282,-30.100584],[-51.111259,-30.100653],[-51.111227,-30.100734],[-51.111224,-30.100966],[-51.110952,-30.101665],[-51.11091,-30.102109],[-51.111224,-30.10235],[-51.11132,-30.102562],[-51.111731,-30.102616],[-51.111851,-30.102719],[-51.111948,-30.102875],[-51.112184,-30.103021],[-51.112085,-30.103231],[-51.111968,-30.103338],[-51.112075,-30.103621],[-51.111991,-30.10393],[-51.11202,-30.10412],[-51.111995,-30.104268],[-51.111834,-30.10442],[-51.111694,-30.104475],[-51.111455,-30.104377],[-51.111215,-30.104439],[-51.110667,-30.105061],[-51.110433,-30.105218],[-51.110223,-30.105278],[-51.109157,-30.105411],[-51.108399,-30.105611],[-51.106179,-30.10671],[-51.103902,-30.108253],[-51.102484,-30.109288],[-51.101005,-30.110751],[-51.100924,-30.110847],[-51.100873,-30.11093],[-51.100772,-30.111169],[-51.100741,-30.111544],[-51.100971,-30.113246],[-51.100994,-30.113653],[-51.10102,-30.114006],[-51.100999,-30.11452],[-51.100036,-30.114731],[-51.096156,-30.114822],[-51.096165,-30.114907],[-51.096262,-30.114972],[-51.096416,-30.11521],[-51.096404,-30.115433],[-51.096557,-30.115708],[-51.096505,-30.115975],[-51.096441,-30.116085],[-51.096289,-30.116209],[-51.096358,-30.116641],[-51.09619,-30.116881],[-51.096092,-30.116935],[-51.096207,-30.117183],[-51.095872,-30.117405],[-51.095816,-30.117653],[-51.095624,-30.117772],[-51.095587,-30.117956],[-51.095455,-30.118116],[-51.095409,-30.118281],[-51.095175,-30.118606],[-51.095162,-30.118696],[-51.095208,-30.118821],[-51.095099,-30.119015],[-51.09502,-30.119332],[-51.095172,-30.119502],[-51.095311,-30.119573],[-51.095328,-30.119878],[-51.095431,-30.119947],[-51.095358,-30.120523],[-51.095398,-30.120627],[-51.095516,-30.120737],[-51.095532,-30.120864],[-51.095585,-30.12092],[-51.095586,-30.121239],[-51.095706,-30.121485],[-51.095644,-30.121664],[-51.095743,-30.12171],[-51.09582,-30.121817],[-51.096255,-30.121969],[-51.096347,-30.121889],[-51.09671,-30.121971],[-51.096959,-30.122254],[-51.096936,-30.122475],[-51.096784,-30.122715],[-51.096809,-30.122801],[-51.096713,-30.122936],[-51.096484,-30.12313],[-51.096437,-30.123347],[-51.096318,-30.123535],[-51.096339,-30.123752],[-51.096582,-30.124182],[-51.096576,-30.124241],[-51.096754,-30.124431],[-51.096752,-30.12448],[-51.096745,-30.124531],[-51.096726,-30.12458],[-51.09669,-30.124611],[-51.096323,-30.124793],[-51.096316,-30.124906],[-51.096387,-30.125103],[-51.096287,-30.125254],[-51.096497,-30.125564],[-51.096908,-30.125649],[-51.097224,-30.125871],[-51.097255,-30.126031],[-51.097372,-30.126068],[-51.097452,-30.12641],[-51.097515,-30.126969],[-51.097658,-30.12723],[-51.097623,-30.127451],[-51.097691,-30.127609],[-51.097652,-30.127684],[-51.097653,-30.12798],[-51.097628,-30.128064],[-51.097332,-30.128377],[-51.097157,-30.129018],[-51.097238,-30.129792],[-51.097432,-30.129842],[-51.097507,-30.129834],[-51.097562,-30.12981],[-51.097728,-30.12983],[-51.097768,-30.131342],[-51.097719,-30.131671],[-51.09761,-30.131963],[-51.097383,-30.132298],[-51.097308,-30.132379],[-51.095785,-30.133852],[-51.095703,-30.133948],[-51.094339,-30.135613],[-51.094275,-30.135715],[-51.094234,-30.135805],[-51.094119,-30.136164],[-51.093774,-30.137748],[-51.093668,-30.138001],[-51.093604,-30.138095],[-51.093525,-30.13818],[-51.092986,-30.138567],[-51.091427,-30.139233],[-51.090144,-30.139552],[-51.088057,-30.140342],[-51.087678,-30.140535],[-51.087383,-30.140751],[-51.087053,-30.141085],[-51.085755,-30.142883],[-51.085613,-30.143133],[-51.085639,-30.143523],[-51.085724,-30.143919],[-51.085815,-30.144264],[-51.086063,-30.145269],[-51.086189,-30.145582],[-51.086428,-30.145956],[-51.08674,-30.146301],[-51.087887,-30.147292],[-51.088288,-30.147828],[-51.088374,-30.147965],[-51.088435,-30.148101],[-51.088666,-30.148789],[-51.088977,-30.149469],[-51.08907,-30.149801],[-51.089111,-30.150314],[-51.089034,-30.151031],[-51.088926,-30.151289],[-51.088756,-30.151512],[-51.087743,-30.15218],[-51.08632,-30.153467],[-51.086039,-30.154166],[-51.085964,-30.154286],[-51.085908,-30.154357],[-51.085668,-30.154593],[-51.085587,-30.154657],[-51.085485,-30.154737],[-51.083456,-30.155869],[-51.08249,-30.15655],[-51.081945,-30.157036],[-51.080776,-30.158535],[-51.080488,-30.158762],[-51.079032,-30.159699],[-51.078963,-30.159748],[-51.078774,-30.15991],[-51.078645,-30.160119],[-51.078585,-30.160346],[-51.078585,-30.160706],[-51.078862,-30.162211],[-51.079043,-30.163067],[-51.079227,-30.163573],[-51.079466,-30.163828],[-51.079388,-30.164146],[-51.079147,-30.164376],[-51.078892,-30.164735],[-51.07878,-30.165042],[-51.078491,-30.165294],[-51.078246,-30.165385],[-51.078135,-30.165543],[-51.07796,-30.165616],[-51.077874,-30.165718],[-51.077874,-30.165852],[-51.077838,-30.165907],[-51.077289,-30.166367],[-51.077142,-30.166545],[-51.076902,-30.166625],[-51.076946,-30.166981],[-51.077063,-30.167139],[-51.077121,-30.167344],[-51.077278,-30.167453],[-51.077277,-30.167582],[-51.077165,-30.167925],[-51.077054,-30.168113],[-51.076943,-30.168205],[-51.076891,-30.168358],[-51.076766,-30.168462],[-51.076444,-30.169216],[-51.076667,-30.16941],[-51.076646,-30.169469],[-51.076526,-30.169553],[-51.076755,-30.169891],[-51.076768,-30.170193],[-51.076673,-30.170579],[-51.076737,-30.170747],[-51.076903,-30.170954],[-51.076933,-30.17111],[-51.076738,-30.171368],[-51.076558,-30.171464],[-51.076505,-30.171593],[-51.076177,-30.172038],[-51.076521,-30.172454],[-51.076555,-30.172584],[-51.076663,-30.172747],[-51.076689,-30.173011],[-51.076847,-30.173152],[-51.076941,-30.173305],[-51.076767,-30.173535],[-51.076809,-30.17358],[-51.076915,-30.173591],[-51.076939,-30.173667],[-51.076902,-30.173704],[-51.07677,-30.173706],[-51.0767,-30.173813],[-51.076722,-30.173855],[-51.076853,-30.173895],[-51.07665,-30.173974],[-51.076517,-30.174327],[-51.076536,-30.17447],[-51.076776,-30.1746],[-51.076857,-30.174703],[-51.076705,-30.174962],[-51.076736,-30.175341],[-51.07682,-30.175433],[-51.077059,-30.175362],[-51.077593,-30.17578],[-51.077922,-30.175786],[-51.077988,-30.175993],[-51.077972,-30.176193],[-51.077946,-30.176221],[-51.077839,-30.176207],[-51.077771,-30.176297],[-51.077764,-30.176328],[-51.077764,-30.176381],[-51.077819,-30.176464],[-51.077756,-30.176641],[-51.077918,-30.176635],[-51.078031,-30.176858],[-51.078301,-30.177081],[-51.078412,-30.177323],[-51.078474,-30.177369],[-51.078521,-30.17741]]]}},{"type":"Feature","properties":{"name":"Boa Vista Do Sul","code":203},"geometry":{"type":"Polygon","coordinates":[[[-51.163977,-30.262322],[-51.163771,-30.262347],[-51.16375,-30.262403],[-51.163644,-30.262374],[-51.163522,-30.262541],[-51.163652,-30.262409],[-51.163714,-30.262446],[-51.163628,-30.262458],[-51.163523,-30.262577],[-51.163546,-30.262664],[-51.163451,-30.2627],[-51.163347,-30.262665],[-51.163242,-30.262713],[-51.162878,-30.262626],[-51.162642,-30.262526],[-51.1625,-30.262281],[-51.162372,-30.262184],[-51.162597,-30.262633],[-51.162521,-30.26273],[-51.162599,-30.262879],[-51.162589,-30.263009],[-51.162624,-30.263043],[-51.162654,-30.263258],[-51.16258,-30.263748],[-51.16264,-30.263823],[-51.162664,-30.264011],[-51.162509,-30.264335],[-51.162556,-30.264447],[-51.162492,-30.264581],[-51.162567,-30.264674],[-51.162556,-30.264739],[-51.162662,-30.264791],[-51.162751,-30.264948],[-51.162691,-30.264994],[-51.162705,-30.26508],[-51.16303,-30.265196],[-51.163132,-30.265324],[-51.163388,-30.265328],[-51.16362,-30.265598],[-51.1637,-30.265608],[-51.163744,-30.265721],[-51.163888,-30.265756],[-51.164133,-30.265931],[-51.164206,-30.265922],[-51.164317,-30.266001],[-51.164433,-30.265963],[-51.164809,-30.265993],[-51.165129,-30.266192],[-51.165359,-30.266074],[-51.1655,-30.26613],[-51.165737,-30.265935],[-51.16597,-30.265919],[-51.166047,-30.265877],[-51.166082,-30.265804],[-51.166284,-30.265739],[-51.166414,-30.265522],[-51.166446,-30.265338],[-51.166577,-30.265275],[-51.166577,-30.2652],[-51.166833,-30.265073],[-51.167459,-30.264919],[-51.167641,-30.264994],[-51.167835,-30.26499],[-51.167964,-30.265074],[-51.168069,-30.264995],[-51.168219,-30.264996],[-51.168266,-30.264915],[-51.168367,-30.264969],[-51.16838,-30.264912],[-51.168447,-30.264902],[-51.16851,-30.264752],[-51.168707,-30.264728],[-51.168828,-30.264659],[-51.168872,-30.264726],[-51.16893,-30.264719],[-51.168974,-30.264577],[-51.169075,-30.264549],[-51.169201,-30.264427],[-51.169314,-30.264528],[-51.169398,-30.264498],[-51.169363,-30.26443],[-51.169484,-30.264334],[-51.169443,-30.264294],[-51.169505,-30.264186],[-51.169661,-30.264087],[-51.169756,-30.264114],[-51.169808,-30.264024],[-51.169953,-30.26397],[-51.170097,-30.263714],[-51.170246,-30.263643],[-51.170233,-30.263519],[-51.170124,-30.26337],[-51.170048,-30.263392],[-51.169949,-30.263253],[-51.169854,-30.263216],[-51.169822,-30.263086],[-51.169874,-30.26301],[-51.16986,-30.262963],[-51.169761,-30.262951],[-51.169734,-30.262877],[-51.169606,-30.262847],[-51.169475,-30.26286],[-51.16937,-30.262822],[-51.169086,-30.262897],[-51.168922,-30.2629],[-51.168209,-30.262773],[-51.167739,-30.262782],[-51.167579,-30.262723],[-51.167275,-30.26278],[-51.167091,-30.262745],[-51.166872,-30.262635],[-51.166622,-30.262665],[-51.166317,-30.262601],[-51.166264,-30.26248],[-51.165881,-30.262396],[-51.165777,-30.262427],[-51.165573,-30.262378],[-51.165411,-30.262449],[-51.165249,-30.262438],[-51.16517,-30.262487],[-51.16508,-30.262412],[-51.164877,-30.2624],[-51.164718,-30.262264],[-51.164615,-30.262392],[-51.164559,-30.262343],[-51.164555,-30.262214],[-51.164325,-30.262136],[-51.164256,-30.261973],[-51.164033,-30.261665],[-51.164013,-30.261728],[-51.164178,-30.262044],[-51.164059,-30.262273],[-51.163983,-30.262322],[-51.163977,-30.262322]]]}},{"type":"Feature","properties":{"name":"Boa Vista Do Sul","code":203},"geometry":{"type":"Polygon","coordinates":[[[-51.114884,-30.205609],[-51.113357,-30.207206],[-51.108718,-30.212429],[-51.107069,-30.214489],[-51.106488,-30.21494],[-51.101449,-30.21848],[-51.101118,-30.218669],[-51.102225,-30.219173],[-51.102816,-30.219367],[-51.106415,-30.219802],[-51.10926,-30.220024],[-51.112933,-30.219881],[-51.113576,-30.222994],[-51.113831,-30.224677],[-51.113922,-30.226067],[-51.113895,-30.226398],[-51.113649,-30.22758],[-51.113645,-30.228259],[-51.113777,-30.229003],[-51.114213,-30.230941],[-51.114235,-30.231073],[-51.114242,-30.231243],[-51.114729,-30.23144],[-51.119903,-30.23443],[-51.119447,-30.240172],[-51.119159,-30.245655],[-51.119128,-30.245686],[-51.119195,-30.24586],[-51.119504,-30.245971],[-51.119609,-30.245934],[-51.119675,-30.245986],[-51.12004,-30.245996],[-51.120118,-30.245868],[-51.120318,-30.24585],[-51.120335,-30.245727],[-51.120429,-30.245712],[-51.120534,-30.245784],[-51.120532,-30.24584],[-51.120468,-30.245894],[-51.120541,-30.246032],[-51.120674,-30.246082],[-51.120698,-30.246159],[-51.120871,-30.246172],[-51.120847,-30.246241],[-51.12088,-30.246275],[-51.121183,-30.24629],[-51.121188,-30.246225],[-51.121121,-30.246105],[-51.121164,-30.246067],[-51.121271,-30.246234],[-51.12138,-30.246242],[-51.121387,-30.246329],[-51.121728,-30.246413],[-51.121793,-30.246502],[-51.121887,-30.246482],[-51.12201,-30.246542],[-51.122073,-30.246514],[-51.122114,-30.246564],[-51.122279,-30.24649],[-51.122281,-30.246351],[-51.122352,-30.246275],[-51.122659,-30.246237],[-51.122752,-30.246177],[-51.122877,-30.246272],[-51.122847,-30.246387],[-51.12323,-30.246577],[-51.123277,-30.246725],[-51.123441,-30.246827],[-51.123402,-30.246899],[-51.123408,-30.247022],[-51.123579,-30.247163],[-51.123529,-30.247248],[-51.123557,-30.247515],[-51.123518,-30.247706],[-51.123645,-30.24783],[-51.123618,-30.24788],[-51.123654,-30.247947],[-51.123587,-30.247977],[-51.123644,-30.248073],[-51.123759,-30.248116],[-51.123841,-30.248208],[-51.123904,-30.248192],[-51.123868,-30.248142],[-51.12387,-30.247923],[-51.12383,-30.247878],[-51.12394,-30.247793],[-51.124294,-30.24773],[-51.124366,-30.247831],[-51.124459,-30.247872],[-51.124575,-30.247732],[-51.124779,-30.247619],[-51.124925,-30.247664],[-51.124987,-30.247614],[-51.125107,-30.247629],[-51.125144,-30.247548],[-51.125282,-30.247528],[-51.125299,-30.247556],[-51.125197,-30.247668],[-51.125276,-30.247838],[-51.125342,-30.247852],[-51.125573,-30.247675],[-51.125843,-30.247334],[-51.1259,-30.247328],[-51.125903,-30.247407],[-51.125992,-30.247388],[-51.126085,-30.247439],[-51.126126,-30.247406],[-51.126112,-30.247336],[-51.126251,-30.24722],[-51.126844,-30.247292],[-51.127577,-30.247515],[-51.128324,-30.247862],[-51.128598,-30.248141],[-51.128711,-30.248198],[-51.128909,-30.248484],[-51.129037,-30.248557],[-51.129267,-30.248605],[-51.129699,-30.248934],[-51.129923,-30.248953],[-51.129948,-30.249016],[-51.1299,-30.24907],[-51.130063,-30.249137],[-51.130094,-30.249262],[-51.130145,-30.24931],[-51.130089,-30.249374],[-51.130105,-30.249414],[-51.130256,-30.249418],[-51.130323,-30.249359],[-51.130322,-30.249455],[-51.130404,-30.249564],[-51.13047,-30.24957],[-51.130459,-30.2495],[-51.130505,-30.249497],[-51.130687,-30.249623],[-51.130663,-30.249742],[-51.130697,-30.249805],[-51.130725,-30.249807],[-51.130729,-30.24975],[-51.130846,-30.249785],[-51.130909,-30.249886],[-51.130815,-30.249858],[-51.130824,-30.249903],[-51.130784,-30.249878],[-51.130771,-30.249904],[-51.13084,-30.250039],[-51.130976,-30.250001],[-51.130951,-30.25008],[-51.130998,-30.250107],[-51.131025,-30.249983],[-51.131062,-30.24997],[-51.131363,-30.250085],[-51.131499,-30.250063],[-51.131563,-30.250172],[-51.131611,-30.250495],[-51.131718,-30.250676],[-51.131678,-30.250755],[-51.131843,-30.2509],[-51.131898,-30.250906],[-51.131934,-30.251011],[-51.132065,-30.251054],[-51.132072,-30.251186],[-51.132104,-30.251167],[-51.132091,-30.25112],[-51.132176,-30.251063],[-51.132409,-30.250999],[-51.132578,-30.250884],[-51.132632,-30.250903],[-51.132737,-30.250859],[-51.132882,-30.250722],[-51.133153,-30.250561],[-51.133137,-30.250617],[-51.133067,-30.250632],[-51.132907,-30.250805],[-51.132855,-30.250809],[-51.132566,-30.251102],[-51.132403,-30.251177],[-51.132353,-30.251413],[-51.132411,-30.251459],[-51.13245,-30.2514],[-51.132485,-30.251495],[-51.132625,-30.251586],[-51.132787,-30.251532],[-51.132881,-30.251565],[-51.132857,-30.251474],[-51.132971,-30.251382],[-51.133248,-30.251419],[-51.13326,-30.251462],[-51.1332,-30.251471],[-51.133175,-30.251564],[-51.133305,-30.251626],[-51.133326,-30.251835],[-51.133437,-30.251949],[-51.133565,-30.251961],[-51.133598,-30.252037],[-51.133576,-30.252113],[-51.133516,-30.252103],[-51.133444,-30.252187],[-51.133472,-30.252286],[-51.133415,-30.25234],[-51.13341,-30.252421],[-51.133292,-30.252323],[-51.133212,-30.252346],[-51.133231,-30.252459],[-51.133312,-30.252519],[-51.133215,-30.252685],[-51.133224,-30.252796],[-51.133249,-30.252816],[-51.133244,-30.252713],[-51.133321,-30.252646],[-51.13335,-30.2528],[-51.133423,-30.252823],[-51.13352,-30.252816],[-51.133567,-30.25274],[-51.133679,-30.25276],[-51.133924,-30.252686],[-51.133762,-30.252805],[-51.133757,-30.252881],[-51.133707,-30.25291],[-51.133323,-30.252911],[-51.133364,-30.253009],[-51.133302,-30.253207],[-51.133353,-30.253276],[-51.133525,-30.253316],[-51.133578,-30.253442],[-51.133882,-30.253457],[-51.133894,-30.253619],[-51.133842,-30.253738],[-51.133558,-30.253862],[-51.133594,-30.253964],[-51.13357,-30.254128],[-51.133722,-30.254338],[-51.133631,-30.25447],[-51.133865,-30.254842],[-51.13425,-30.25522],[-51.134319,-30.255546],[-51.134447,-30.255856],[-51.134928,-30.256313],[-51.135256,-30.256498],[-51.135661,-30.256522],[-51.135737,-30.256461],[-51.136079,-30.256368],[-51.136214,-30.256355],[-51.136265,-30.256399],[-51.136257,-30.256509],[-51.136007,-30.256754],[-51.135762,-30.256771],[-51.135567,-30.256727],[-51.135434,-30.256771],[-51.135332,-30.256859],[-51.135213,-30.257137],[-51.135052,-30.257149],[-51.135034,-30.257187],[-51.135083,-30.257235],[-51.135275,-30.257265],[-51.135449,-30.257488],[-51.13547,-30.257545],[-51.135407,-30.257753],[-51.135452,-30.257879],[-51.135702,-30.258131],[-51.135844,-30.258089],[-51.136064,-30.258505],[-51.136141,-30.258546],[-51.136341,-30.258875],[-51.136621,-30.259221],[-51.136933,-30.259757],[-51.136906,-30.259858],[-51.136976,-30.259909],[-51.136981,-30.259967],[-51.13693,-30.260028],[-51.136836,-30.260034],[-51.136837,-30.260174],[-51.136935,-30.260224],[-51.136951,-30.260309],[-51.137026,-30.260315],[-51.137063,-30.260388],[-51.137132,-30.260392],[-51.137176,-30.26057],[-51.137072,-30.260619],[-51.137047,-30.26073],[-51.13698,-30.260721],[-51.136937,-30.260759],[-51.136976,-30.260828],[-51.136933,-30.260883],[-51.136979,-30.260895],[-51.136935,-30.260975],[-51.136989,-30.261041],[-51.136707,-30.261119],[-51.136745,-30.26113],[-51.136726,-30.261214],[-51.136786,-30.261252],[-51.136775,-30.261181],[-51.136803,-30.261173],[-51.136911,-30.261361],[-51.136966,-30.26155],[-51.136946,-30.261706],[-51.136988,-30.26174],[-51.136976,-30.26186],[-51.137059,-30.261929],[-51.137222,-30.26239],[-51.137197,-30.262432],[-51.137259,-30.262479],[-51.137443,-30.263001],[-51.137424,-30.263135],[-51.137245,-30.263198],[-51.137233,-30.263267],[-51.137384,-30.263359],[-51.137525,-30.263732],[-51.137537,-30.263971],[-51.137589,-30.263962],[-51.137637,-30.263884],[-51.13774,-30.263888],[-51.137807,-30.263833],[-51.137848,-30.263917],[-51.137949,-30.263814],[-51.137965,-30.263864],[-51.138006,-30.263865],[-51.138033,-30.263799],[-51.137998,-30.26373],[-51.138106,-30.263751],[-51.138058,-30.263796],[-51.138112,-30.263877],[-51.138042,-30.26398],[-51.13805,-30.264197],[-51.137952,-30.264233],[-51.137945,-30.264181],[-51.137899,-30.264233],[-51.137833,-30.264165],[-51.13759,-30.264167],[-51.137304,-30.264511],[-51.137287,-30.264682],[-51.13734,-30.264777],[-51.137302,-30.264915],[-51.137393,-30.265014],[-51.137305,-30.26517],[-51.137373,-30.265521],[-51.137333,-30.265601],[-51.13738,-30.265721],[-51.13728,-30.265928],[-51.137334,-30.266124],[-51.13719,-30.266163],[-51.137173,-30.26614],[-51.137272,-30.266101],[-51.137162,-30.266096],[-51.137079,-30.266162],[-51.137095,-30.266332],[-51.13694,-30.266341],[-51.13694,-30.266407],[-51.136872,-30.266403],[-51.136958,-30.266531],[-51.136881,-30.266618],[-51.136888,-30.266726],[-51.136825,-30.266782],[-51.136818,-30.266912],[-51.136682,-30.266953],[-51.136738,-30.267],[-51.136596,-30.267012],[-51.136572,-30.267109],[-51.136335,-30.26714],[-51.135838,-30.267321],[-51.135637,-30.267352],[-51.135239,-30.267557],[-51.13523,-30.267664],[-51.135164,-30.267575],[-51.135011,-30.267604],[-51.134933,-30.267706],[-51.134984,-30.267829],[-51.134712,-30.26767],[-51.134672,-30.267706],[-51.134699,-30.267792],[-51.134629,-30.267807],[-51.134607,-30.267692],[-51.134534,-30.267681],[-51.134568,-30.267848],[-51.13442,-30.267877],[-51.134417,-30.267928],[-51.134532,-30.26796],[-51.134606,-30.267899],[-51.13467,-30.267903],[-51.134927,-30.268],[-51.134897,-30.268064],[-51.134942,-30.268117],[-51.134856,-30.268129],[-51.1349,-30.268179],[-51.134827,-30.268197],[-51.134795,-30.268259],[-51.134873,-30.268329],[-51.1348,-30.268388],[-51.134768,-30.268478],[-51.134855,-30.268541],[-51.134792,-30.268566],[-51.134829,-30.268641],[-51.134792,-30.268716],[-51.134806,-30.268795],[-51.134619,-30.268755],[-51.134562,-30.26882],[-51.134392,-30.268867],[-51.134315,-30.26896],[-51.133923,-30.269087],[-51.133846,-30.26918],[-51.13373,-30.269222],[-51.133745,-30.269286],[-51.133824,-30.269358],[-51.134088,-30.26927],[-51.134246,-30.269292],[-51.134429,-30.269251],[-51.134493,-30.269343],[-51.134587,-30.269356],[-51.134805,-30.269273],[-51.134806,-30.269197],[-51.134853,-30.269201],[-51.134897,-30.269144],[-51.135176,-30.269194],[-51.135344,-30.26911],[-51.13537,-30.269135],[-51.135368,-30.269086],[-51.135406,-30.269069],[-51.135458,-30.269123],[-51.135498,-30.269086],[-51.135644,-30.269128],[-51.135861,-30.269103],[-51.135902,-30.269059],[-51.136514,-30.268919],[-51.136554,-30.268869],[-51.13688,-30.268783],[-51.137011,-30.268793],[-51.137116,-30.26874],[-51.137347,-30.268731],[-51.137497,-30.268659],[-51.137865,-30.268612],[-51.137896,-30.268554],[-51.137982,-30.268587],[-51.138481,-30.268543],[-51.138578,-30.268565],[-51.138629,-30.268497],[-51.139075,-30.268319],[-51.139253,-30.268296],[-51.139601,-30.268117],[-51.140033,-30.26805],[-51.14018,-30.267989],[-51.140354,-30.26799],[-51.140416,-30.267955],[-51.140539,-30.268056],[-51.140466,-30.267912],[-51.140513,-30.267815],[-51.140656,-30.267764],[-51.141189,-30.267405],[-51.141629,-30.267177],[-51.141926,-30.266816],[-51.142033,-30.266237],[-51.142218,-30.265934],[-51.142521,-30.265683],[-51.142851,-30.265496],[-51.143039,-30.265435],[-51.143139,-30.265443],[-51.143338,-30.265301],[-51.143446,-30.265294],[-51.143606,-30.265199],[-51.143883,-30.265124],[-51.144891,-30.265081],[-51.145129,-30.265032],[-51.145204,-30.264981],[-51.145241,-30.265038],[-51.145306,-30.26495],[-51.14564,-30.264935],[-51.145722,-30.264858],[-51.146333,-30.264672],[-51.146428,-30.264582],[-51.146676,-30.264587],[-51.146805,-30.264477],[-51.147438,-30.264281],[-51.147884,-30.264282],[-51.148344,-30.264083],[-51.148469,-30.264115],[-51.149016,-30.263863],[-51.149213,-30.263841],[-51.149273,-30.263891],[-51.149371,-30.263894],[-51.149426,-30.26384],[-51.14955,-30.263843],[-51.14972,-30.263719],[-51.149713,-30.263646],[-51.149633,-30.263583],[-51.149686,-30.263468],[-51.149944,-30.263371],[-51.150052,-30.2634],[-51.150145,-30.263325],[-51.150483,-30.263236],[-51.150679,-30.263302],[-51.151238,-30.263197],[-51.151276,-30.26323],[-51.151417,-30.263175],[-51.151708,-30.263231],[-51.152053,-30.263217],[-51.152264,-30.263303],[-51.152286,-30.263221],[-51.152332,-30.263195],[-51.152952,-30.26317],[-51.153167,-30.263095],[-51.15327,-30.263019],[-51.15357,-30.262915],[-51.153604,-30.262859],[-51.153838,-30.262796],[-51.154043,-30.262645],[-51.154478,-30.262499],[-51.154568,-30.262514],[-51.154704,-30.262458],[-51.154766,-30.26249],[-51.155004,-30.2624],[-51.155178,-30.262393],[-51.155396,-30.262414],[-51.155527,-30.26251],[-51.155746,-30.262429],[-51.155957,-30.262451],[-51.156032,-30.262422],[-51.15609,-30.262464],[-51.156251,-30.262461],[-51.156378,-30.262403],[-51.156547,-30.262412],[-51.156639,-30.262345],[-51.156687,-30.262367],[-51.156747,-30.262327],[-51.15696,-30.262366],[-51.157449,-30.262196],[-51.157568,-30.26224],[-51.157679,-30.262182],[-51.157973,-30.26215],[-51.15822,-30.262045],[-51.158459,-30.261997],[-51.158665,-30.261882],[-51.158831,-30.261936],[-51.158991,-30.261918],[-51.159111,-30.262015],[-51.159405,-30.261903],[-51.159555,-30.261941],[-51.159701,-30.261844],[-51.159616,-30.261739],[-51.159265,-30.261725],[-51.159233,-30.26159],[-51.159306,-30.261557],[-51.159406,-30.26159],[-51.159466,-30.261522],[-51.159456,-30.261483],[-51.159208,-30.261557],[-51.159109,-30.261481],[-51.158986,-30.26145],[-51.158889,-30.2615],[-51.158857,-30.261439],[-51.158968,-30.261358],[-51.158834,-30.261314],[-51.158791,-30.261221],[-51.158399,-30.261208],[-51.158337,-30.261139],[-51.157997,-30.261169],[-51.157519,-30.261083],[-51.157172,-30.261095],[-51.157225,-30.260908],[-51.157018,-30.260908],[-51.156945,-30.260856],[-51.157228,-30.260794],[-51.15709,-30.260427],[-51.157067,-30.260188],[-51.156946,-30.2601],[-51.156952,-30.260009],[-51.157093,-30.259982],[-51.157347,-30.260045],[-51.157454,-30.260143],[-51.157406,-30.260223],[-51.1575,-30.260342],[-51.157552,-30.2603],[-51.157522,-30.260118],[-51.157466,-30.260045],[-51.157309,-30.25996],[-51.156843,-30.259881],[-51.156722,-30.259684],[-51.156579,-30.25962],[-51.15665,-30.259531],[-51.156623,-30.259489],[-51.156647,-30.259391],[-51.156452,-30.258993],[-51.156415,-30.258731],[-51.156348,-30.258611],[-51.156394,-30.258524],[-51.156282,-30.258455],[-51.156119,-30.258097],[-51.156155,-30.258047],[-51.156092,-30.257998],[-51.156113,-30.257897],[-51.15598,-30.25743],[-51.155861,-30.257355],[-51.155753,-30.257389],[-51.155796,-30.257266],[-51.15574,-30.257143],[-51.155678,-30.257195],[-51.155613,-30.257179],[-51.155642,-30.25712],[-51.155599,-30.257101],[-51.155593,-30.257008],[-51.155649,-30.256971],[-51.155585,-30.256954],[-51.155634,-30.256891],[-51.155594,-30.256782],[-51.155495,-30.256732],[-51.155501,-30.25664],[-51.155399,-30.256525],[-51.155252,-30.256459],[-51.155303,-30.256424],[-51.155268,-30.256394],[-51.155372,-30.256354],[-51.155368,-30.256194],[-51.155241,-30.256088],[-51.155081,-30.256029],[-51.155093,-30.255926],[-51.155205,-30.255889],[-51.15518,-30.255868],[-51.155242,-30.255845],[-51.155314,-30.255742],[-51.155285,-30.255722],[-51.15532,-30.255626],[-51.155237,-30.255554],[-51.15528,-30.255406],[-51.155238,-30.255304],[-51.155294,-30.255231],[-51.155193,-30.255156],[-51.154918,-30.255111],[-51.154857,-30.25505],[-51.154856,-30.254935],[-51.154769,-30.254827],[-51.154963,-30.254735],[-51.154785,-30.254711],[-51.154937,-30.254674],[-51.154884,-30.254522],[-51.154922,-30.254449],[-51.154888,-30.254383],[-51.155006,-30.254361],[-51.155086,-30.254404],[-51.155146,-30.254309],[-51.155117,-30.254241],[-51.155085,-30.254301],[-51.154934,-30.254334],[-51.155006,-30.254284],[-51.154974,-30.254271],[-51.155024,-30.254205],[-51.154957,-30.25417],[-51.155021,-30.254144],[-51.154952,-30.254081],[-51.154975,-30.254043],[-51.154887,-30.253984],[-51.154901,-30.253922],[-51.154991,-30.253851],[-51.154911,-30.253833],[-51.154958,-30.253815],[-51.15495,-30.253785],[-51.154822,-30.25376],[-51.15473,-30.253692],[-51.154794,-30.253614],[-51.154833,-30.25364],[-51.154858,-30.253574],[-51.154714,-30.253347],[-51.154835,-30.253272],[-51.154796,-30.253256],[-51.154795,-30.253196],[-51.154838,-30.253214],[-51.154875,-30.253171],[-51.154747,-30.253126],[-51.154779,-30.253103],[-51.154715,-30.253064],[-51.154638,-30.25307],[-51.154632,-30.253006],[-51.154475,-30.252987],[-51.154489,-30.252908],[-51.154435,-30.252795],[-51.154514,-30.252685],[-51.154836,-30.252522],[-51.154779,-30.252344],[-51.154669,-30.252355],[-51.154591,-30.252249],[-51.154598,-30.252209],[-51.154743,-30.252141],[-51.154694,-30.252067],[-51.154727,-30.251972],[-51.15466,-30.251904],[-51.15468,-30.251776],[-51.154754,-30.251769],[-51.154697,-30.251716],[-51.154692,-30.251539],[-51.154775,-30.251505],[-51.154667,-30.251427],[-51.154621,-30.25118],[-51.154558,-30.251057],[-51.154565,-30.25103],[-51.154635,-30.251093],[-51.154671,-30.251074],[-51.154596,-30.250969],[-51.154544,-30.250727],[-51.154499,-30.250671],[-51.154529,-30.250545],[-51.154601,-30.250508],[-51.154537,-30.250478],[-51.154578,-30.250429],[-51.154514,-30.2504],[-51.154523,-30.25032],[-51.154396,-30.250221],[-51.154286,-30.250239],[-51.154306,-30.25021],[-51.154261,-30.250164],[-51.154419,-30.250174],[-51.154571,-30.250107],[-51.154526,-30.250017],[-51.154462,-30.249999],[-51.154427,-30.250034],[-51.154387,-30.24999],[-51.154412,-30.249951],[-51.154518,-30.24999],[-51.154572,-30.249958],[-51.154571,-30.249891],[-51.15451,-30.249852],[-51.154545,-30.249783],[-51.154483,-30.2498],[-51.154613,-30.249641],[-51.15464,-30.249333],[-51.154594,-30.249259],[-51.154452,-30.249202],[-51.154748,-30.249242],[-51.154785,-30.249171],[-51.154886,-30.249123],[-51.155051,-30.248936],[-51.155098,-30.248822],[-51.155052,-30.248782],[-51.154896,-30.248813],[-51.154871,-30.24869],[-51.154949,-30.248642],[-51.155004,-30.248653],[-51.155042,-30.248557],[-51.154737,-30.248493],[-51.154436,-30.248597],[-51.154264,-30.248545],[-51.154217,-30.248407],[-51.154142,-30.248375],[-51.153796,-30.248499],[-51.153569,-30.248543],[-51.153401,-30.248527],[-51.153371,-30.248614],[-51.153302,-30.248573],[-51.153193,-30.248614],[-51.153044,-30.248582],[-51.153016,-30.24873],[-51.152971,-30.248677],[-51.152968,-30.248503],[-51.152852,-30.248501],[-51.152738,-30.24842],[-51.152633,-30.248507],[-51.152451,-30.248394],[-51.152219,-30.247807],[-51.152145,-30.247749],[-51.152165,-30.247625],[-51.152075,-30.247398],[-51.152081,-30.247296],[-51.151974,-30.247215],[-51.151981,-30.247144],[-51.151907,-30.246976],[-51.151803,-30.246958],[-51.151881,-30.246801],[-51.151856,-30.246773],[-51.151773,-30.246794],[-51.15172,-30.24674],[-51.151823,-30.246707],[-51.151838,-30.246638],[-51.15192,-30.24658],[-51.15183,-30.246399],[-51.151832,-30.246037],[-51.151786,-30.245991],[-51.15182,-30.245879],[-51.151789,-30.245841],[-51.151765,-30.245873],[-51.151552,-30.245831],[-51.151492,-30.245777],[-51.151484,-30.2457],[-51.151637,-30.245627],[-51.15178,-30.245633],[-51.151836,-30.24558],[-51.151877,-30.245343],[-51.151974,-30.245128],[-51.151962,-30.244937],[-51.151874,-30.244884],[-51.151851,-30.24481],[-51.151976,-30.244749],[-51.152199,-30.244275],[-51.152343,-30.244128],[-51.152446,-30.24411],[-51.152461,-30.243977],[-51.152553,-30.243824],[-51.152541,-30.24362],[-51.152728,-30.243467],[-51.152561,-30.243213],[-51.152689,-30.242894],[-51.152537,-30.242754],[-51.152555,-30.242682],[-51.152711,-30.24277],[-51.152774,-30.242766],[-51.153113,-30.242258],[-51.153468,-30.242065],[-51.153557,-30.241928],[-51.153646,-30.241887],[-51.153729,-30.241707],[-51.154047,-30.241324],[-51.154117,-30.2413],[-51.154197,-30.241332],[-51.154202,-30.241404],[-51.15426,-30.241425],[-51.154321,-30.241399],[-51.154365,-30.241312],[-51.154672,-30.241204],[-51.154744,-30.241045],[-51.154718,-30.24098],[-51.154634,-30.24095],[-51.154644,-30.240912],[-51.154747,-30.24084],[-51.154711,-30.240929],[-51.154871,-30.240911],[-51.154776,-30.24079],[-51.154808,-30.240743],[-51.154939,-30.240828],[-51.15509,-30.24076],[-51.155126,-30.240661],[-51.155173,-30.240682],[-51.15547,-30.24048],[-51.155393,-30.240446],[-51.155447,-30.240351],[-51.155529,-30.24033],[-51.155588,-30.240358],[-51.155817,-30.240283],[-51.156081,-30.240075],[-51.156284,-30.240112],[-51.15652,-30.239965],[-51.156639,-30.239974],[-51.156651,-30.239902],[-51.156736,-30.239816],[-51.156909,-30.239879],[-51.156848,-30.239795],[-51.156863,-30.239759],[-51.156974,-30.239752],[-51.157203,-30.239655],[-51.157207,-30.239555],[-51.157316,-30.239418],[-51.157445,-30.239433],[-51.157387,-30.239558],[-51.157494,-30.239586],[-51.157644,-30.23946],[-51.157758,-30.239541],[-51.157799,-30.239519],[-51.157815,-30.239437],[-51.158126,-30.239377],[-51.158176,-30.239328],[-51.158052,-30.239351],[-51.158051,-30.239307],[-51.158269,-30.239205],[-51.158356,-30.239235],[-51.158385,-30.239187],[-51.158547,-30.23914],[-51.158507,-30.238986],[-51.158575,-30.238911],[-51.158685,-30.238873],[-51.15882,-30.238892],[-51.158776,-30.238943],[-51.158804,-30.23903],[-51.159016,-30.23912],[-51.159163,-30.239089],[-51.159173,-30.238998],[-51.159238,-30.238998],[-51.159223,-30.239086],[-51.159333,-30.239187],[-51.159352,-30.239144],[-51.159288,-30.239027],[-51.15933,-30.238967],[-51.159412,-30.238945],[-51.159371,-30.23899],[-51.159424,-30.239079],[-51.15948,-30.239057],[-51.159638,-30.239146],[-51.159763,-30.23896],[-51.159973,-30.239024],[-51.160139,-30.238965],[-51.160059,-30.238852],[-51.160093,-30.238773],[-51.160219,-30.238934],[-51.160503,-30.238966],[-51.160664,-30.238754],[-51.160783,-30.238831],[-51.160885,-30.238718],[-51.16099,-30.238754],[-51.161132,-30.238621],[-51.161681,-30.23843],[-51.16212,-30.2382],[-51.162392,-30.238114],[-51.162504,-30.238012],[-51.162608,-30.238007],[-51.162652,-30.238074],[-51.162723,-30.238061],[-51.162777,-30.237979],[-51.162919,-30.237948],[-51.162914,-30.237895],[-51.162829,-30.237905],[-51.162768,-30.237859],[-51.162676,-30.237895],[-51.162666,-30.237826],[-51.162382,-30.237847],[-51.162592,-30.23764],[-51.162587,-30.237493],[-51.162772,-30.237344],[-51.162801,-30.237398],[-51.163077,-30.23741],[-51.163232,-30.237287],[-51.163254,-30.237227],[-51.163312,-30.237256],[-51.163511,-30.237122],[-51.163577,-30.23715],[-51.163726,-30.237102],[-51.163765,-30.237151],[-51.163886,-30.23708],[-51.163989,-30.237242],[-51.164015,-30.237143],[-51.163928,-30.236999],[-51.1639,-30.236864],[-51.163944,-30.236695],[-51.164029,-30.23672],[-51.164029,-30.236934],[-51.164241,-30.237436],[-51.164307,-30.237376],[-51.164233,-30.237316],[-51.164212,-30.237008],[-51.164338,-30.236915],[-51.164265,-30.236927],[-51.164261,-30.236852],[-51.164329,-30.236845],[-51.164453,-30.236912],[-51.164463,-30.236867],[-51.164526,-30.236887],[-51.164529,-30.23684],[-51.164621,-30.23686],[-51.164702,-30.237019],[-51.164744,-30.23722],[-51.164928,-30.237235],[-51.16505,-30.237072],[-51.164944,-30.236982],[-51.164972,-30.236905],[-51.165088,-30.236986],[-51.165264,-30.237001],[-51.165191,-30.236893],[-51.165263,-30.236804],[-51.165183,-30.236811],[-51.165143,-30.236751],[-51.165197,-30.236641],[-51.165287,-30.236633],[-51.165397,-30.236502],[-51.165886,-30.236575],[-51.165949,-30.236633],[-51.166011,-30.23661],[-51.166053,-30.236671],[-51.165991,-30.236816],[-51.166016,-30.23689],[-51.166086,-30.236921],[-51.16623,-30.236866],[-51.166312,-30.236933],[-51.166383,-30.236838],[-51.166362,-30.236787],[-51.166474,-30.236717],[-51.16638,-30.236671],[-51.166387,-30.236643],[-51.166492,-30.236635],[-51.166516,-30.236716],[-51.166645,-30.236793],[-51.166679,-30.236707],[-51.166793,-30.236716],[-51.166838,-30.236642],[-51.166809,-30.236565],[-51.166868,-30.236548],[-51.166958,-30.236639],[-51.166855,-30.236655],[-51.167037,-30.236709],[-51.166982,-30.23701],[-51.166936,-30.237078],[-51.166986,-30.237119],[-51.166976,-30.2372],[-51.167053,-30.237222],[-51.16717,-30.237181],[-51.167098,-30.235957],[-51.16589,-30.229378],[-51.16244,-30.225137],[-51.160862,-30.223677],[-51.15955,-30.221543],[-51.158147,-30.220394],[-51.156818,-30.219283],[-51.156379,-30.218558],[-51.153542,-30.213849],[-51.153207,-30.213287],[-51.153169,-30.213175],[-51.152384,-30.213046],[-51.151612,-30.212829],[-51.151228,-30.212611],[-51.150492,-30.212031],[-51.149873,-30.211628],[-51.149448,-30.21138],[-51.14876,-30.211071],[-51.147296,-30.210623],[-51.146788,-30.21053],[-51.146026,-30.210462],[-51.145979,-30.21024],[-51.145891,-30.210037],[-51.145759,-30.209733],[-51.143885,-30.205661],[-51.143859,-30.205364],[-51.143946,-30.2045],[-51.13925,-30.205204],[-51.13593,-30.205702],[-51.128443,-30.200041],[-51.128055,-30.199682],[-51.126864,-30.198782],[-51.126413,-30.199215],[-51.12604,-30.199473],[-51.125732,-30.199602],[-51.124686,-30.199883],[-51.12417,-30.200089],[-51.120556,-30.202088],[-51.118855,-30.202677],[-51.117203,-30.203397],[-51.116676,-30.203674],[-51.11654,-30.203703],[-51.116426,-30.203718],[-51.116439,-30.203796],[-51.116442,-30.203862],[-51.116409,-30.203956],[-51.115568,-30.204857],[-51.114884,-30.205609]]]}},{"type":"Feature","properties":{"name":"Arquipélago","code":104},"geometry":{"type":"Polygon","coordinates":[[[-51.233579,-30.008061],[-51.233444,-30.008086],[-51.233483,-30.00817],[-51.23361,-30.008143],[-51.233583,-30.008062],[-51.233579,-30.008061]]]}},{"type":"Feature","properties":{"name":"Arquipélago","code":104},"geometry":{"type":"Polygon","coordinates":[[[-51.21976,-29.973461],[-51.219678,-29.973491],[-51.21963,-29.973462],[-51.219541,-29.973536],[-51.219465,-29.973611],[-51.219383,-29.973713],[-51.219308,-29.973799],[-51.219288,-29.974026],[-51.219141,-29.974134],[-51.218967,-29.974367],[-51.218981,-29.974599],[-51.218926,-29.974659],[-51.218985,-29.974877],[-51.219239,-29.974874],[-51.219437,-29.97473],[-51.219471,-29.974655],[-51.219522,-29.974575],[-51.21957,-29.974249],[-51.219635,-29.974219],[-51.219747,-29.973942],[-51.21975,-29.973808],[-51.219805,-29.973825],[-51.219846,-29.973736],[-51.219849,-29.973676],[-51.219935,-29.973583],[-51.220031,-29.973542],[-51.22002,-29.973473],[-51.219952,-29.973419],[-51.219904,-29.97339],[-51.219832,-29.973426],[-51.21976,-29.973461]]]}},{"type":"Feature","properties":{"name":"Arquipélago","code":104},"geometry":{"type":"Polygon","coordinates":[[[-51.216612,-29.980511],[-51.216589,-29.98051],[-51.216531,-29.980523],[-51.216507,-29.980646],[-51.216426,-29.980692],[-51.216494,-29.98088],[-51.216446,-29.9809],[-51.216507,-29.980949],[-51.216601,-29.980922],[-51.21672,-29.980786],[-51.21668,-29.980678],[-51.216689,-29.980655],[-51.216715,-29.980612],[-51.21662,-29.980512],[-51.216612,-29.980511]]]}},{"type":"Feature","properties":{"name":"Arquipélago","code":104},"geometry":{"type":"Polygon","coordinates":[[[-51.218518,-29.986148],[-51.218369,-29.986145],[-51.218323,-29.986413],[-51.218147,-29.986499],[-51.218013,-29.986659],[-51.217802,-29.986791],[-51.217753,-29.987034],[-51.217657,-29.987106],[-51.217666,-29.987114],[-51.217626,-29.987157],[-51.217651,-29.987201],[-51.217604,-29.987248],[-51.217383,-29.987394],[-51.217326,-29.987319],[-51.217283,-29.987325],[-51.217203,-29.98749],[-51.21706,-29.987599],[-51.216978,-29.987606],[-51.216807,-29.987762],[-51.2167,-29.987787],[-51.21652,-29.987991],[-51.216373,-29.98803],[-51.216354,-29.988098],[-51.216074,-29.988345],[-51.215791,-29.988399],[-51.215689,-29.988494],[-51.215613,-29.988466],[-51.215513,-29.988535],[-51.21547,-29.988627],[-51.215362,-29.988585],[-51.215275,-29.988602],[-51.215228,-29.988643],[-51.215219,-29.988792],[-51.215048,-29.988802],[-51.214961,-29.988901],[-51.2148,-29.988952],[-51.214795,-29.989003],[-51.214481,-29.98916],[-51.214397,-29.98925],[-51.214278,-29.989268],[-51.214152,-29.989371],[-51.21397,-29.989355],[-51.213938,-29.989443],[-51.213861,-29.989427],[-51.213788,-29.989508],[-51.213695,-29.989489],[-51.21352,-29.98964],[-51.213243,-29.98978],[-51.21312,-29.989764],[-51.213033,-29.989803],[-51.213036,-29.989872],[-51.212703,-29.990025],[-51.212701,-29.990079],[-51.212635,-29.990129],[-51.212449,-29.990188],[-51.212286,-29.990187],[-51.212184,-29.990246],[-51.212099,-29.990223],[-51.212043,-29.990301],[-51.211896,-29.990383],[-51.211833,-29.990529],[-51.211607,-29.990598],[-51.211566,-29.990759],[-51.211518,-29.990806],[-51.211022,-29.9911],[-51.211008,-29.991256],[-51.210966,-29.991171],[-51.210929,-29.991183],[-51.21082,-29.991507],[-51.210873,-29.991588],[-51.210774,-29.991608],[-51.210635,-29.991732],[-51.21063,-29.991945],[-51.210551,-29.991989],[-51.210537,-29.992048],[-51.210599,-29.99207],[-51.210571,-29.992164],[-51.210534,-29.992213],[-51.210455,-29.992196],[-51.210409,-29.992236],[-51.210424,-29.992503],[-51.210319,-29.992609],[-51.210383,-29.992919],[-51.210258,-29.993088],[-51.210282,-29.993153],[-51.210171,-29.993541],[-51.210234,-29.993642],[-51.210174,-29.993723],[-51.210251,-29.993899],[-51.210179,-29.994067],[-51.210234,-29.994578],[-51.210209,-29.994673],[-51.210247,-29.994804],[-51.210356,-29.99483],[-51.210475,-29.994999],[-51.210433,-29.995078],[-51.210426,-29.995343],[-51.21049,-29.995473],[-51.21057,-29.995515],[-51.210568,-29.995658],[-51.210784,-29.995789],[-51.210903,-29.996095],[-51.210968,-29.996154],[-51.210997,-29.996485],[-51.210787,-29.996601],[-51.210775,-29.99667],[-51.210989,-29.996742],[-51.211321,-29.99669],[-51.211339,-29.996807],[-51.211422,-29.996881],[-51.211256,-29.997165],[-51.211292,-29.997283],[-51.211253,-29.997389],[-51.211291,-29.997486],[-51.211226,-29.997518],[-51.211313,-29.997566],[-51.211307,-29.997646],[-51.211422,-29.997841],[-51.211445,-29.997977],[-51.211405,-29.998076],[-51.21151,-29.998184],[-51.211519,-29.99834],[-51.211481,-29.99842],[-51.211562,-29.998484],[-51.211565,-29.998649],[-51.211654,-29.998766],[-51.211637,-29.998875],[-51.211757,-29.999136],[-51.211744,-29.99925],[-51.211812,-29.999379],[-51.211896,-29.999334],[-51.211864,-29.999524],[-51.211746,-29.999448],[-51.21168,-29.999556],[-51.211758,-29.999767],[-51.211753,-29.999884],[-51.212029,-30.000122],[-51.212057,-30.000192],[-51.212157,-30.000215],[-51.212231,-30.000284],[-51.212233,-30.00043],[-51.212295,-30.000443],[-51.212263,-30.00058],[-51.212305,-30.000726],[-51.212559,-30.000786],[-51.212661,-30.001055],[-51.212814,-30.001132],[-51.212898,-30.00131],[-51.212957,-30.001319],[-51.212946,-30.001446],[-51.212883,-30.001552],[-51.212931,-30.001588],[-51.212923,-30.001726],[-51.212855,-30.001899],[-51.213087,-30.002058],[-51.21307,-30.002235],[-51.213253,-30.00229],[-51.213304,-30.00238],[-51.213453,-30.002459],[-51.21353,-30.002569],[-51.213556,-30.00269],[-51.213646,-30.002799],[-51.21364,-30.002905],[-51.213709,-30.002928],[-51.213667,-30.003081],[-51.213779,-30.003187],[-51.213821,-30.00318],[-51.213995,-30.003298],[-51.214048,-30.003409],[-51.214037,-30.003498],[-51.214145,-30.003571],[-51.214166,-30.003782],[-51.214241,-30.003821],[-51.214179,-30.003874],[-51.214164,-30.004],[-51.214259,-30.004071],[-51.214208,-30.004156],[-51.214235,-30.004257],[-51.214315,-30.004305],[-51.214347,-30.004377],[-51.214355,-30.004627],[-51.21466,-30.004893],[-51.214695,-30.005008],[-51.214786,-30.005028],[-51.214894,-30.005158],[-51.214902,-30.005223],[-51.215028,-30.005344],[-51.215001,-30.005406],[-51.215077,-30.005451],[-51.215131,-30.005594],[-51.215122,-30.005683],[-51.2152,-30.005835],[-51.215198,-30.005981],[-51.215422,-30.006399],[-51.215378,-30.006601],[-51.215466,-30.006676],[-51.21562,-30.006713],[-51.215633,-30.006903],[-51.215772,-30.007005],[-51.215663,-30.007169],[-51.215711,-30.007342],[-51.215687,-30.007527],[-51.215765,-30.007693],[-51.215742,-30.007739],[-51.215841,-30.007852],[-51.215782,-30.007879],[-51.215863,-30.007882],[-51.215895,-30.007946],[-51.216074,-30.007875],[-51.216118,-30.007927],[-51.215982,-30.007963],[-51.215982,-30.008043],[-51.215746,-30.008117],[-51.215846,-30.008228],[-51.215851,-30.008319],[-51.215989,-30.008407],[-51.215931,-30.008486],[-51.215918,-30.008666],[-51.215989,-30.008635],[-51.216103,-30.008689],[-51.216171,-30.008848],[-51.216387,-30.008749],[-51.216284,-30.008818],[-51.216278,-30.00894],[-51.21618,-30.008938],[-51.216102,-30.009022],[-51.216187,-30.009164],[-51.216419,-30.00925],[-51.216634,-30.009271],[-51.216585,-30.009323],[-51.216451,-30.009349],[-51.216336,-30.009507],[-51.216494,-30.009619],[-51.216528,-30.00989],[-51.21667,-30.010119],[-51.21667,-30.010178],[-51.216582,-30.010262],[-51.216675,-30.010302],[-51.216969,-30.010246],[-51.216978,-30.010296],[-51.216898,-30.010319],[-51.216904,-30.010351],[-51.21706,-30.010407],[-51.216909,-30.010439],[-51.216866,-30.010373],[-51.216676,-30.010341],[-51.216646,-30.010374],[-51.216681,-30.010649],[-51.216741,-30.01071],[-51.216755,-30.010841],[-51.216871,-30.011115],[-51.216948,-30.011213],[-51.217055,-30.011225],[-51.217064,-30.011283],[-51.217287,-30.011516],[-51.217341,-30.011675],[-51.217395,-30.011679],[-51.21759,-30.011858],[-51.217639,-30.011984],[-51.21786,-30.012151],[-51.217909,-30.012281],[-51.218065,-30.01236],[-51.218088,-30.012414],[-51.218041,-30.012494],[-51.218336,-30.012824],[-51.218489,-30.012865],[-51.2186,-30.012967],[-51.218962,-30.013094],[-51.219185,-30.013275],[-51.219338,-30.013242],[-51.21945,-30.013378],[-51.219577,-30.013388],[-51.219613,-30.013443],[-51.219577,-30.013548],[-51.219623,-30.013615],[-51.219627,-30.013717],[-51.219776,-30.013807],[-51.219852,-30.013957],[-51.220025,-30.014079],[-51.220211,-30.014335],[-51.220234,-30.014417],[-51.220197,-30.014507],[-51.220499,-30.014868],[-51.220488,-30.014973],[-51.22048,-30.014995],[-51.220598,-30.015025],[-51.220837,-30.015362],[-51.221054,-30.015518],[-51.221208,-30.015715],[-51.221619,-30.01603],[-51.221697,-30.016141],[-51.221914,-30.016277],[-51.222308,-30.016689],[-51.222395,-30.016724],[-51.222494,-30.0167],[-51.222525,-30.016672],[-51.222548,-30.01664],[-51.222542,-30.016531],[-51.222337,-30.016113],[-51.222189,-30.015917],[-51.222218,-30.015907],[-51.222135,-30.015722],[-51.221661,-30.014964],[-51.221576,-30.014932],[-51.221054,-30.014423],[-51.221056,-30.014362],[-51.221123,-30.014321],[-51.22101,-30.014162],[-51.220971,-30.014181],[-51.22085,-30.013958],[-51.220862,-30.013881],[-51.220786,-30.013766],[-51.220822,-30.013651],[-51.220634,-30.013527],[-51.220642,-30.013327],[-51.220709,-30.0133],[-51.220794,-30.013324],[-51.220858,-30.013244],[-51.220881,-30.01299],[-51.22093,-30.012957],[-51.22097,-30.013009],[-51.221038,-30.013001],[-51.221134,-30.01268],[-51.221106,-30.012623],[-51.221256,-30.01258],[-51.22121,-30.012483],[-51.221257,-30.012483],[-51.221353,-30.012339],[-51.221361,-30.012172],[-51.221341,-30.012085],[-51.221282,-30.012061],[-51.221186,-30.011716],[-51.221139,-30.011674],[-51.221092,-30.01152],[-51.221132,-30.011504],[-51.221125,-30.011468],[-51.22107,-30.011468],[-51.221069,-30.011346],[-51.221021,-30.011292],[-51.221071,-30.011269],[-51.220969,-30.011165],[-51.220971,-30.011038],[-51.220675,-30.010721],[-51.220592,-30.010587],[-51.220572,-30.01037],[-51.220472,-30.010286],[-51.220496,-30.010212],[-51.22039,-30.010058],[-51.220366,-30.009778],[-51.22042,-30.009759],[-51.220367,-30.009683],[-51.220274,-30.009685],[-51.220286,-30.009541],[-51.220369,-30.009471],[-51.22042,-30.009272],[-51.220386,-30.009114],[-51.220459,-30.009054],[-51.220441,-30.008912],[-51.220408,-30.008866],[-51.220324,-30.008852],[-51.220327,-30.008775],[-51.220227,-30.008639],[-51.220159,-30.008639],[-51.220188,-30.008527],[-51.22008,-30.008416],[-51.220032,-30.008185],[-51.219968,-30.008193],[-51.219904,-30.008114],[-51.219947,-30.007922],[-51.219769,-30.007789],[-51.219844,-30.007683],[-51.219856,-30.007595],[-51.219743,-30.007568],[-51.219594,-30.007439],[-51.21956,-30.007293],[-51.219476,-30.007198],[-51.219407,-30.007235],[-51.219444,-30.00702],[-51.219333,-30.006905],[-51.219355,-30.006732],[-51.219269,-30.006702],[-51.21924,-30.006647],[-51.21927,-30.006552],[-51.219197,-30.00636],[-51.219223,-30.006292],[-51.219126,-30.006267],[-51.219172,-30.006168],[-51.21914,-30.006101],[-51.219215,-30.006048],[-51.219148,-30.005976],[-51.219137,-30.005833],[-51.219259,-30.005738],[-51.219246,-30.005679],[-51.219304,-30.005608],[-51.219272,-30.005485],[-51.219391,-30.005399],[-51.219335,-30.005279],[-51.219355,-30.005213],[-51.219231,-30.005077],[-51.219188,-30.004801],[-51.219072,-30.004722],[-51.219095,-30.004655],[-51.219046,-30.004559],[-51.219081,-30.004365],[-51.219011,-30.004198],[-51.219085,-30.004118],[-51.218998,-30.003973],[-51.218945,-30.003964],[-51.218912,-30.003766],[-51.218943,-30.003636],[-51.218856,-30.003456],[-51.218884,-30.003374],[-51.218824,-30.003137],[-51.218747,-30.002993],[-51.218943,-30.002784],[-51.219346,-30.002745],[-51.219792,-30.002866],[-51.219932,-30.003015],[-51.220016,-30.00316],[-51.220016,-30.003511],[-51.220164,-30.003894],[-51.220306,-30.004564],[-51.220498,-30.005105],[-51.220487,-30.005192],[-51.220615,-30.005424],[-51.220646,-30.00559],[-51.220758,-30.005663],[-51.220897,-30.005912],[-51.22106,-30.006537],[-51.221034,-30.006578],[-51.221119,-30.006611],[-51.221144,-30.006675],[-51.221114,-30.006864],[-51.22124,-30.00703],[-51.221433,-30.007129],[-51.221405,-30.007171],[-51.221441,-30.007219],[-51.221523,-30.007203],[-51.22162,-30.007268],[-51.22176,-30.007245],[-51.22173,-30.007158],[-51.221801,-30.007034],[-51.221819,-30.006875],[-51.221778,-30.006649],[-51.221801,-30.006592],[-51.221768,-30.006563],[-51.221832,-30.00648],[-51.221792,-30.006252],[-51.221852,-30.00603],[-51.221806,-30.005996],[-51.221853,-30.005906],[-51.221789,-30.005589],[-51.221844,-30.005408],[-51.221767,-30.005234],[-51.221833,-30.00516],[-51.221783,-30.004988],[-51.221809,-30.00483],[-51.221886,-30.004766],[-51.221815,-30.004647],[-51.221773,-30.004696],[-51.221753,-30.004665],[-51.221806,-30.004529],[-51.221744,-30.004466],[-51.221769,-30.004403],[-51.221721,-30.004386],[-51.221788,-30.00421],[-51.22172,-30.004053],[-51.221814,-30.003892],[-51.221726,-30.003681],[-51.221683,-30.003408],[-51.221721,-30.00334],[-51.221675,-30.00291],[-51.221613,-30.002896],[-51.221645,-30.002704],[-51.221596,-30.002572],[-51.22156,-30.002038],[-51.2216,-30.001814],[-51.22153,-30.00179],[-51.221548,-30.001663],[-51.221499,-30.001597],[-51.221508,-30.001478],[-51.221422,-30.001368],[-51.221465,-30.001202],[-51.221453,-30.000843],[-51.221371,-30.000756],[-51.221402,-30.000622],[-51.221347,-30.000478],[-51.221385,-30.000398],[-51.221338,-30.000313],[-51.221328,-30.000054],[-51.221251,-29.999862],[-51.22124,-29.999696],[-51.221333,-29.999078],[-51.221449,-29.998891],[-51.221425,-29.99871],[-51.221676,-29.997415],[-51.22169,-29.997051],[-51.221745,-29.996897],[-51.221738,-29.996607],[-51.221856,-29.996229],[-51.221826,-29.996146],[-51.221867,-29.995994],[-51.221938,-29.995898],[-51.221888,-29.995736],[-51.221946,-29.995688],[-51.221971,-29.995567],[-51.221954,-29.995519],[-51.221881,-29.995499],[-51.221891,-29.995401],[-51.222011,-29.995168],[-51.222017,-29.995057],[-51.221963,-29.995038],[-51.221966,-29.994811],[-51.222014,-29.99471],[-51.222065,-29.994225],[-51.222172,-29.993908],[-51.222123,-29.993639],[-51.222114,-29.993225],[-51.221921,-29.992792],[-51.221955,-29.992531],[-51.221832,-29.992334],[-51.221338,-29.992492],[-51.220961,-29.992516],[-51.22094,-29.992424],[-51.220738,-29.99254],[-51.220356,-29.992631],[-51.220283,-29.992608],[-51.220235,-29.992483],[-51.220361,-29.992361],[-51.220213,-29.991976],[-51.220488,-29.991895],[-51.220813,-29.991794],[-51.221016,-29.992163],[-51.221608,-29.99196],[-51.221785,-29.991895],[-51.221749,-29.991673],[-51.221353,-29.990832],[-51.221304,-29.990606],[-51.221209,-29.990505],[-51.221149,-29.99032],[-51.221058,-29.990286],[-51.221078,-29.990062],[-51.220868,-29.989797],[-51.220613,-29.989136],[-51.220461,-29.988517],[-51.220374,-29.98825],[-51.22026,-29.988066],[-51.220222,-29.987786],[-51.220151,-29.987704],[-51.220057,-29.987403],[-51.220066,-29.987116],[-51.219983,-29.987097],[-51.219894,-29.986721],[-51.219592,-29.986129],[-51.219594,-29.985962],[-51.219344,-29.985782],[-51.219238,-29.985768],[-51.218862,-29.985952],[-51.218773,-29.986046],[-51.218651,-29.986062],[-51.218534,-29.986139],[-51.218518,-29.986148]]]}},{"type":"Feature","properties":{"name":"Arquipélago","code":104},"geometry":{"type":"Polygon","coordinates":[[[-51.210079,-29.964674],[-51.210054,-29.964749],[-51.209928,-29.964701],[-51.209639,-29.964723],[-51.209632,-29.964693],[-51.20937,-29.964775],[-51.209301,-29.964738],[-51.20887,-29.964835],[-51.208773,-29.964769],[-51.20865,-29.96476],[-51.208444,-29.964847],[-51.208398,-29.964801],[-51.207889,-29.965094],[-51.207583,-29.965218],[-51.207538,-29.965287],[-51.207644,-29.965365],[-51.207606,-29.96541],[-51.207665,-29.965473],[-51.207528,-29.96546],[-51.207481,-29.965495],[-51.207467,-29.965449],[-51.207383,-29.965445],[-51.207376,-29.9654],[-51.207236,-29.965432],[-51.207058,-29.965664],[-51.206881,-29.96572],[-51.206897,-29.965778],[-51.207002,-29.965802],[-51.206982,-29.965865],[-51.206904,-29.965822],[-51.206719,-29.96588],[-51.20668,-29.965932],[-51.206629,-29.965909],[-51.206396,-29.966168],[-51.206305,-29.96618],[-51.206235,-29.966312],[-51.206127,-29.966294],[-51.205989,-29.966406],[-51.205878,-29.966436],[-51.205798,-29.966512],[-51.205786,-29.966591],[-51.205691,-29.966636],[-51.205693,-29.966691],[-51.205544,-29.966799],[-51.205551,-29.966849],[-51.205495,-29.966815],[-51.205428,-29.966853],[-51.205408,-29.966909],[-51.205258,-29.966989],[-51.205266,-29.96706],[-51.205062,-29.967178],[-51.205053,-29.967614],[-51.204944,-29.967813],[-51.204884,-29.967853],[-51.204883,-29.967989],[-51.204805,-29.967993],[-51.204854,-29.968077],[-51.204791,-29.968114],[-51.204793,-29.968229],[-51.204605,-29.96845],[-51.204559,-29.96875],[-51.204379,-29.969027],[-51.20437,-29.969109],[-51.204215,-29.969136],[-51.204253,-29.969195],[-51.204133,-29.969251],[-51.204076,-29.969356],[-51.204086,-29.969474],[-51.204022,-29.969584],[-51.204029,-29.969649],[-51.20385,-29.969581],[-51.203793,-29.969669],[-51.203697,-29.969671],[-51.203652,-29.969747],[-51.203568,-29.969776],[-51.203479,-29.969958],[-51.203413,-29.969945],[-51.203396,-29.969986],[-51.203322,-29.969989],[-51.203211,-29.97014],[-51.203155,-29.970139],[-51.203013,-29.970263],[-51.202952,-29.97026],[-51.202776,-29.970441],[-51.202677,-29.970482],[-51.20266,-29.97056],[-51.202708,-29.970607],[-51.202625,-29.970599],[-51.202561,-29.970664],[-51.202538,-29.970766],[-51.202446,-29.970791],[-51.202526,-29.970837],[-51.202464,-29.970887],[-51.202481,-29.971033],[-51.202432,-29.97109],[-51.202394,-29.971515],[-51.202567,-29.972041],[-51.202973,-29.972697],[-51.202943,-29.972763],[-51.203069,-29.972834],[-51.203154,-29.972938],[-51.203332,-29.973004],[-51.203295,-29.973051],[-51.203182,-29.973065],[-51.203328,-29.973356],[-51.203282,-29.973434],[-51.203363,-29.973438],[-51.203379,-29.973574],[-51.203464,-29.97364],[-51.203443,-29.973942],[-51.20362,-29.974066],[-51.203744,-29.974047],[-51.203754,-29.97398],[-51.203811,-29.973985],[-51.203841,-29.974018],[-51.203819,-29.974056],[-51.203677,-29.974094],[-51.203637,-29.974141],[-51.203665,-29.974165],[-51.203749,-29.974117],[-51.203782,-29.974154],[-51.203867,-29.974143],[-51.203936,-29.974206],[-51.203917,-29.974237],[-51.203868,-29.974194],[-51.203785,-29.974201],[-51.20373,-29.974346],[-51.203813,-29.974555],[-51.203923,-29.974616],[-51.203906,-29.974654],[-51.203997,-29.974837],[-51.203979,-29.974876],[-51.204049,-29.975096],[-51.204026,-29.9752],[-51.204152,-29.97527],[-51.204163,-29.975352],[-51.204234,-29.975381],[-51.204249,-29.975478],[-51.204313,-29.975521],[-51.204321,-29.97567],[-51.204416,-29.975697],[-51.204535,-29.97585],[-51.204506,-29.975959],[-51.204567,-29.975968],[-51.204585,-29.976022],[-51.204525,-29.976059],[-51.204669,-29.976187],[-51.204656,-29.976307],[-51.204703,-29.976383],[-51.204677,-29.976482],[-51.204751,-29.976503],[-51.204728,-29.976579],[-51.20494,-29.976831],[-51.204984,-29.976936],[-51.204944,-29.976977],[-51.205052,-29.977134],[-51.204997,-29.977219],[-51.205023,-29.977409],[-51.204984,-29.977506],[-51.20509,-29.977603],[-51.205089,-29.977693],[-51.205182,-29.977753],[-51.205184,-29.977837],[-51.205091,-29.977892],[-51.205091,-29.977944],[-51.20515,-29.977961],[-51.205208,-29.978191],[-51.205299,-29.978236],[-51.20553,-29.978535],[-51.205502,-29.978659],[-51.205564,-29.978738],[-51.20556,-29.978835],[-51.205639,-29.97884],[-51.205676,-29.978886],[-51.205701,-29.979007],[-51.205662,-29.979074],[-51.205835,-29.979157],[-51.206197,-29.979083],[-51.206203,-29.979146],[-51.206089,-29.97915],[-51.206134,-29.979255],[-51.20623,-29.979304],[-51.206329,-29.979247],[-51.206392,-29.979281],[-51.206391,-29.979251],[-51.206448,-29.979307],[-51.206707,-29.979385],[-51.206835,-29.979566],[-51.206952,-29.97963],[-51.206971,-29.979716],[-51.207043,-29.979745],[-51.207039,-29.979833],[-51.207067,-29.979786],[-51.207106,-29.979805],[-51.207204,-29.980107],[-51.207154,-29.980197],[-51.207191,-29.980298],[-51.20718,-29.980396],[-51.20714,-29.980421],[-51.207157,-29.980714],[-51.206996,-29.980947],[-51.207211,-29.980998],[-51.207213,-29.98111],[-51.207412,-29.981231],[-51.207566,-29.98142],[-51.207625,-29.981659],[-51.207913,-29.981797],[-51.207991,-29.981993],[-51.208173,-29.982135],[-51.208329,-29.982201],[-51.208388,-29.982283],[-51.208528,-29.982299],[-51.208613,-29.982396],[-51.20851,-29.982492],[-51.208707,-29.982752],[-51.208648,-29.982898],[-51.208789,-29.983168],[-51.208754,-29.983336],[-51.208546,-29.983513],[-51.208546,-29.983686],[-51.208478,-29.983725],[-51.208474,-29.98378],[-51.208323,-29.983909],[-51.208195,-29.984091],[-51.208289,-29.984216],[-51.208273,-29.984442],[-51.208426,-29.984811],[-51.208321,-29.985077],[-51.208309,-29.985201],[-51.208371,-29.985251],[-51.208288,-29.985343],[-51.208292,-29.985443],[-51.207997,-29.985791],[-51.208044,-29.985933],[-51.207923,-29.98612],[-51.208108,-29.986433],[-51.208252,-29.98684],[-51.208195,-29.986926],[-51.208285,-29.987027],[-51.208251,-29.987128],[-51.208299,-29.987081],[-51.208529,-29.987066],[-51.208722,-29.987107],[-51.208708,-29.986951],[-51.20877,-29.98695],[-51.208786,-29.986901],[-51.208857,-29.986908],[-51.208904,-29.986854],[-51.208924,-29.986879],[-51.208937,-29.986811],[-51.209104,-29.986736],[-51.209155,-29.986631],[-51.209258,-29.986575],[-51.20935,-29.986426],[-51.209533,-29.986345],[-51.209551,-29.98624],[-51.209673,-29.986233],[-51.209682,-29.986098],[-51.209783,-29.986104],[-51.209844,-29.985979],[-51.209903,-29.986013],[-51.209924,-29.985963],[-51.21,-29.985955],[-51.21002,-29.985876],[-51.209987,-29.985832],[-51.210042,-29.985783],[-51.21001,-29.985726],[-51.21011,-29.985692],[-51.210148,-29.985517],[-51.210214,-29.985526],[-51.21021,-29.98547],[-51.210285,-29.985395],[-51.210302,-29.98545],[-51.210372,-29.985471],[-51.210369,-29.985338],[-51.210461,-29.985321],[-51.210439,-29.985248],[-51.210562,-29.985113],[-51.21061,-29.985122],[-51.210677,-29.985064],[-51.210699,-29.984962],[-51.210842,-29.984891],[-51.210874,-29.984782],[-51.210969,-29.984761],[-51.210984,-29.9848],[-51.210998,-29.984757],[-51.211042,-29.984756],[-51.211149,-29.984546],[-51.211228,-29.984545],[-51.211317,-29.98448],[-51.211345,-29.9845],[-51.211442,-29.984334],[-51.211487,-29.984334],[-51.211503,-29.984215],[-51.211616,-29.984181],[-51.211603,-29.98404],[-51.211685,-29.984003],[-51.211704,-29.983834],[-51.211808,-29.983765],[-51.211757,-29.983624],[-51.211809,-29.983558],[-51.211919,-29.983553],[-51.211929,-29.98344],[-51.212055,-29.983305],[-51.212028,-29.983207],[-51.212104,-29.983184],[-51.212069,-29.983118],[-51.212145,-29.982995],[-51.212196,-29.982984],[-51.212261,-29.982838],[-51.212342,-29.982816],[-51.212326,-29.982763],[-51.212366,-29.982752],[-51.2124,-29.982608],[-51.212464,-29.982547],[-51.212422,-29.982519],[-51.212512,-29.982363],[-51.212485,-29.982321],[-51.212504,-29.98216],[-51.212623,-29.982038],[-51.212648,-29.981947],[-51.212618,-29.98189],[-51.212685,-29.981878],[-51.212756,-29.981779],[-51.212704,-29.981675],[-51.212749,-29.981619],[-51.2127,-29.981511],[-51.212768,-29.981432],[-51.212771,-29.981205],[-51.212822,-29.981193],[-51.212849,-29.9811],[-51.212892,-29.9811],[-51.212865,-29.981002],[-51.213056,-29.980975],[-51.21301,-29.980905],[-51.213082,-29.980778],[-51.213046,-29.980703],[-51.213145,-29.980676],[-51.213156,-29.980578],[-51.213215,-29.980514],[-51.213205,-29.980448],[-51.213328,-29.980087],[-51.213296,-29.980066],[-51.213436,-29.979697],[-51.213389,-29.979499],[-51.21341,-29.979434],[-51.213347,-29.9794],[-51.213348,-29.979335],[-51.213524,-29.979015],[-51.213658,-29.978961],[-51.213601,-29.978839],[-51.213652,-29.978703],[-51.213616,-29.978592],[-51.213674,-29.97858],[-51.213693,-29.978481],[-51.213778,-29.978439],[-51.21392,-29.977876],[-51.214069,-29.977711],[-51.214058,-29.977533],[-51.214071,-29.977464],[-51.214129,-29.97745],[-51.214118,-29.977304],[-51.214232,-29.977241],[-51.214176,-29.977183],[-51.214216,-29.97712],[-51.21418,-29.977041],[-51.214253,-29.976977],[-51.214259,-29.976821],[-51.214346,-29.976565],[-51.214302,-29.976471],[-51.214333,-29.976279],[-51.214306,-29.976205],[-51.21437,-29.976151],[-51.214314,-29.976113],[-51.21434,-29.97604],[-51.214296,-29.975903],[-51.21436,-29.975841],[-51.21429,-29.975744],[-51.214317,-29.975635],[-51.21421,-29.975538],[-51.21425,-29.975343],[-51.214333,-29.975291],[-51.214292,-29.97523],[-51.214371,-29.975218],[-51.214434,-29.975114],[-51.214469,-29.975273],[-51.214602,-29.975337],[-51.214591,-29.975199],[-51.214639,-29.975036],[-51.214681,-29.975025],[-51.214624,-29.974935],[-51.214675,-29.97489],[-51.214804,-29.97499],[-51.214893,-29.974963],[-51.214856,-29.974796],[-51.214771,-29.974689],[-51.214921,-29.974501],[-51.214909,-29.974396],[-51.214811,-29.974248],[-51.214669,-29.974168],[-51.21469,-29.97408],[-51.214598,-29.974009],[-51.214541,-29.974033],[-51.214533,-29.97397],[-51.214487,-29.973947],[-51.214524,-29.973872],[-51.214501,-29.973696],[-51.214586,-29.973687],[-51.214573,-29.973523],[-51.214683,-29.973454],[-51.214677,-29.973379],[-51.214587,-29.973352],[-51.214642,-29.973309],[-51.214613,-29.973244],[-51.21473,-29.973282],[-51.214759,-29.97322],[-51.214874,-29.973184],[-51.214872,-29.973116],[-51.214923,-29.973117],[-51.214892,-29.973081],[-51.215049,-29.973061],[-51.215029,-29.972967],[-51.214955,-29.972937],[-51.214939,-29.972876],[-51.215064,-29.972856],[-51.21497,-29.97272],[-51.215089,-29.972655],[-51.214986,-29.972542],[-51.21505,-29.972403],[-51.21501,-29.972296],[-51.214935,-29.972177],[-51.214744,-29.972079],[-51.214814,-29.971963],[-51.214667,-29.971964],[-51.214548,-29.97187],[-51.214535,-29.971807],[-51.214661,-29.971786],[-51.214688,-29.971749],[-51.214658,-29.971723],[-51.214675,-29.971633],[-51.214573,-29.971529],[-51.214614,-29.971487],[-51.214543,-29.971453],[-51.214484,-29.971265],[-51.214564,-29.970897],[-51.214505,-29.97083],[-51.214501,-29.970718],[-51.214569,-29.970403],[-51.214557,-29.97025],[-51.214604,-29.970226],[-51.214563,-29.97012],[-51.21461,-29.969985],[-51.214723,-29.970006],[-51.21476,-29.969969],[-51.214647,-29.969876],[-51.214635,-29.969739],[-51.214698,-29.969718],[-51.21465,-29.969663],[-51.214781,-29.969412],[-51.214766,-29.969376],[-51.214814,-29.96936],[-51.214834,-29.9692],[-51.214907,-29.969187],[-51.214856,-29.969129],[-51.214872,-29.969062],[-51.214963,-29.969029],[-51.214954,-29.968966],[-51.215046,-29.968951],[-51.215023,-29.968876],[-51.215071,-29.968894],[-51.215068,-29.968826],[-51.215133,-29.968842],[-51.215174,-29.968753],[-51.215362,-29.968687],[-51.215538,-29.968692],[-51.215647,-29.968514],[-51.215777,-29.968528],[-51.215865,-29.968494],[-51.2159,-29.968533],[-51.215902,-29.968461],[-51.215998,-29.968425],[-51.216065,-29.96849],[-51.216135,-29.968436],[-51.216303,-29.968476],[-51.216445,-29.96842],[-51.216562,-29.968507],[-51.216597,-29.968465],[-51.216722,-29.968543],[-51.216756,-29.96852],[-51.216986,-29.968568],[-51.217006,-29.968623],[-51.217239,-29.968608],[-51.217468,-29.968842],[-51.217528,-29.968807],[-51.217602,-29.968663],[-51.217479,-29.968553],[-51.217497,-29.9683],[-51.217447,-29.968207],[-51.217494,-29.968067],[-51.217442,-29.968035],[-51.217475,-29.96799],[-51.217406,-29.967957],[-51.217404,-29.967838],[-51.217352,-29.967771],[-51.2174,-29.967719],[-51.217195,-29.967529],[-51.217205,-29.96748],[-51.217045,-29.967182],[-51.216844,-29.967029],[-51.216822,-29.966927],[-51.216738,-29.966836],[-51.216662,-29.966869],[-51.216675,-29.966839],[-51.216578,-29.966773],[-51.216496,-29.966619],[-51.216394,-29.966569],[-51.21635,-29.966591],[-51.216187,-29.966404],[-51.216055,-29.966344],[-51.216026,-29.966369],[-51.215995,-29.966283],[-51.215378,-29.965942],[-51.214758,-29.965696],[-51.214629,-29.965764],[-51.214648,-29.965661],[-51.214451,-29.965533],[-51.214337,-29.965558],[-51.214228,-29.965461],[-51.21398,-29.965387],[-51.213873,-29.965399],[-51.21372,-29.965298],[-51.213444,-29.965285],[-51.212991,-29.965136],[-51.212768,-29.965171],[-51.212702,-29.965121],[-51.212646,-29.965136],[-51.212595,-29.965034],[-51.212535,-29.965015],[-51.212378,-29.964983],[-51.212218,-29.96502],[-51.212062,-29.964913],[-51.211709,-29.964902],[-51.211671,-29.964856],[-51.211513,-29.96484],[-51.211437,-29.964792],[-51.21134,-29.964847],[-51.211196,-29.964763],[-51.211072,-29.964799],[-51.210945,-29.964773],[-51.210911,-29.964805],[-51.210971,-29.964802],[-51.210873,-29.964854],[-51.210774,-29.964808],[-51.210782,-29.96478],[-51.210717,-29.964792],[-51.210633,-29.964705],[-51.210475,-29.964694],[-51.210436,-29.964759],[-51.210189,-29.964724],[-51.210159,-29.964669],[-51.210079,-29.964665],[-51.210079,-29.964674]]]}},{"type":"Feature","properties":{"name":"Arquipélago","code":104},"geometry":{"type":"Polygon","coordinates":[[[-51.224725,-29.961371],[-51.224676,-29.961378],[-51.224569,-29.961529],[-51.224549,-29.961638],[-51.224415,-29.961734],[-51.224253,-29.96197],[-51.224163,-29.962013],[-51.22412,-29.962208],[-51.224009,-29.96227],[-51.223967,-29.962439],[-51.223784,-29.962651],[-51.22377,-29.962784],[-51.223877,-29.962982],[-51.223797,-29.9631],[-51.223786,-29.963207],[-51.223704,-29.963239],[-51.223762,-29.963299],[-51.223736,-29.963421],[-51.223553,-29.963521],[-51.223553,-29.963592],[-51.223633,-29.963625],[-51.22362,-29.96368],[-51.223541,-29.963733],[-51.22356,-29.963799],[-51.223402,-29.963885],[-51.223178,-29.964185],[-51.223208,-29.964257],[-51.223009,-29.964448],[-51.22278,-29.964628],[-51.222431,-29.964799],[-51.222365,-29.964921],[-51.222262,-29.964965],[-51.222251,-29.965075],[-51.222144,-29.965136],[-51.222199,-29.965198],[-51.222088,-29.965263],[-51.221953,-29.965572],[-51.22178,-29.965749],[-51.221757,-29.965904],[-51.221798,-29.966013],[-51.221611,-29.966148],[-51.221452,-29.966374],[-51.221472,-29.966461],[-51.221408,-29.966471],[-51.221418,-29.966509],[-51.221312,-29.966568],[-51.221218,-29.966779],[-51.221091,-29.966915],[-51.220911,-29.967312],[-51.22087,-29.967497],[-51.220796,-29.967553],[-51.220799,-29.967629],[-51.220653,-29.967971],[-51.220567,-29.968085],[-51.220557,-29.968289],[-51.220404,-29.968542],[-51.220391,-29.968662],[-51.220327,-29.96872],[-51.220135,-29.969398],[-51.220086,-29.969444],[-51.220101,-29.969642],[-51.219948,-29.969819],[-51.219843,-29.969853],[-51.219728,-29.969978],[-51.219753,-29.970071],[-51.219569,-29.970505],[-51.219587,-29.970658],[-51.21954,-29.970673],[-51.219531,-29.970929],[-51.219456,-29.971072],[-51.219495,-29.971169],[-51.21975,-29.971302],[-51.219961,-29.971135],[-51.220136,-29.970889],[-51.220171,-29.97076],[-51.220151,-29.970574],[-51.220408,-29.970369],[-51.220668,-29.969933],[-51.220809,-29.969838],[-51.221104,-29.969468],[-51.221306,-29.969051],[-51.221654,-29.968824],[-51.221865,-29.968575],[-51.222041,-29.968223],[-51.222493,-29.967608],[-51.222569,-29.967581],[-51.222639,-29.967308],[-51.222853,-29.967225],[-51.222904,-29.967155],[-51.222912,-29.967052],[-51.223128,-29.966961],[-51.223096,-29.966804],[-51.223206,-29.966748],[-51.223258,-29.966575],[-51.223413,-29.966541],[-51.223534,-29.966284],[-51.223621,-29.966261],[-51.223629,-29.966125],[-51.223692,-29.966038],[-51.223685,-29.965921],[-51.223735,-29.965862],[-51.223852,-29.965859],[-51.223878,-29.965614],[-51.22397,-29.965537],[-51.223985,-29.965428],[-51.224174,-29.965265],[-51.224171,-29.965147],[-51.224221,-29.96516],[-51.224267,-29.965115],[-51.224306,-29.964975],[-51.224263,-29.964943],[-51.224265,-29.964866],[-51.224383,-29.964858],[-51.224504,-29.96454],[-51.224674,-29.964384],[-51.224794,-29.963878],[-51.224941,-29.963691],[-51.224922,-29.963558],[-51.225074,-29.96348],[-51.225047,-29.963408],[-51.225107,-29.963353],[-51.225229,-29.963047],[-51.22522,-29.962909],[-51.225282,-29.962866],[-51.225292,-29.96277],[-51.22537,-29.962663],[-51.225414,-29.96243],[-51.225475,-29.962411],[-51.225453,-29.962385],[-51.225496,-29.962359],[-51.225446,-29.962252],[-51.225592,-29.962108],[-51.225604,-29.961899],[-51.225713,-29.961747],[-51.225681,-29.961526],[-51.225567,-29.961191],[-51.225647,-29.961119],[-51.225633,-29.961042],[-51.22571,-29.960965],[-51.225568,-29.960885],[-51.225527,-29.960785],[-51.225326,-29.960801],[-51.224772,-29.961249],[-51.224737,-29.961368],[-51.224725,-29.961371]]]}},{"type":"Feature","properties":{"name":"Arquipélago","code":104},"geometry":{"type":"Polygon","coordinates":[[[-51.255304,-29.957031],[-51.255223,-29.957071],[-51.25486,-29.957058],[-51.25467,-29.957131],[-51.254533,-29.957282],[-51.254475,-29.957499],[-51.254221,-29.957768],[-51.254147,-29.958052],[-51.254031,-29.958142],[-51.254005,-29.958246],[-51.253875,-29.958414],[-51.253792,-29.958376],[-51.253778,-29.95844],[-51.253415,-29.958819],[-51.253139,-29.958894],[-51.252729,-29.959093],[-51.252556,-29.959121],[-51.252392,-29.959207],[-51.252222,-29.959213],[-51.251936,-29.959331],[-51.25173,-29.959358],[-51.251649,-29.959402],[-51.251609,-29.959477],[-51.251503,-29.959446],[-51.251423,-29.959371],[-51.251319,-29.959484],[-51.250941,-29.959578],[-51.250895,-29.959505],[-51.2508,-29.959606],[-51.249975,-29.959734],[-51.249458,-29.959928],[-51.249182,-29.959955],[-51.249016,-29.960051],[-51.24886,-29.959937],[-51.248597,-29.960112],[-51.248523,-29.960079],[-51.248194,-29.960119],[-51.248075,-29.96017],[-51.247752,-29.960167],[-51.247539,-29.960275],[-51.247372,-29.960285],[-51.247186,-29.960384],[-51.246674,-29.960419],[-51.246299,-29.960549],[-51.246117,-29.960537],[-51.245668,-29.960619],[-51.245598,-29.960681],[-51.245107,-29.960743],[-51.245006,-29.960804],[-51.244756,-29.9608],[-51.244545,-29.960875],[-51.244344,-29.960848],[-51.244117,-29.9609],[-51.244069,-29.960866],[-51.243964,-29.960969],[-51.243447,-29.961042],[-51.24322,-29.961123],[-51.242746,-29.961089],[-51.242703,-29.961167],[-51.242629,-29.961188],[-51.24201,-29.961253],[-51.241758,-29.961235],[-51.241656,-29.961309],[-51.241436,-29.961291],[-51.241221,-29.961405],[-51.240977,-29.961358],[-51.240862,-29.961411],[-51.240227,-29.961528],[-51.240103,-29.961596],[-51.239789,-29.961661],[-51.238956,-29.962004],[-51.23844,-29.962379],[-51.238109,-29.962765],[-51.23802,-29.962993],[-51.237831,-29.963295],[-51.237833,-29.9634],[-51.237764,-29.963464],[-51.237671,-29.963759],[-51.237578,-29.963906],[-51.237611,-29.963947],[-51.237515,-29.964086],[-51.237466,-29.964275],[-51.237327,-29.964528],[-51.23727,-29.964759],[-51.237292,-29.964837],[-51.237127,-29.965113],[-51.237148,-29.965182],[-51.237038,-29.965424],[-51.237026,-29.965605],[-51.236921,-29.965726],[-51.236915,-29.966018],[-51.236826,-29.966142],[-51.236831,-29.966272],[-51.236712,-29.966729],[-51.236701,-29.967057],[-51.236637,-29.967222],[-51.236668,-29.967473],[-51.236603,-29.967557],[-51.23658,-29.968054],[-51.236614,-29.968153],[-51.236558,-29.968239],[-51.23656,-29.968463],[-51.236522,-29.968515],[-51.23658,-29.968608],[-51.236537,-29.969173],[-51.236603,-29.969401],[-51.236535,-29.969469],[-51.236605,-29.969557],[-51.236558,-29.969576],[-51.236604,-29.969677],[-51.236542,-29.969716],[-51.236536,-29.969907],[-51.236629,-29.970133],[-51.236619,-29.970194],[-51.236527,-29.970266],[-51.236645,-29.970427],[-51.236539,-29.970538],[-51.236623,-29.970632],[-51.236654,-29.970803],[-51.236587,-29.970871],[-51.236671,-29.971017],[-51.236617,-29.971114],[-51.236696,-29.971215],[-51.236636,-29.97137],[-51.236753,-29.971443],[-51.236605,-29.971686],[-51.236642,-29.971797],[-51.236575,-29.971939],[-51.236692,-29.972018],[-51.236682,-29.972062],[-51.236753,-29.972142],[-51.236688,-29.972182],[-51.236618,-29.972427],[-51.236689,-29.972723],[-51.236673,-29.972817],[-51.236724,-29.972931],[-51.2367,-29.973004],[-51.236735,-29.973049],[-51.236713,-29.973181],[-51.236748,-29.973317],[-51.236721,-29.973511],[-51.23682,-29.973672],[-51.236792,-29.973717],[-51.236847,-29.97404],[-51.236823,-29.974146],[-51.236893,-29.974414],[-51.236847,-29.974444],[-51.236925,-29.974667],[-51.236976,-29.97498],[-51.236953,-29.975046],[-51.23699,-29.975094],[-51.23697,-29.975176],[-51.237023,-29.975194],[-51.237055,-29.97539],[-51.237019,-29.97542],[-51.2371,-29.975607],[-51.237108,-29.97571],[-51.237072,-29.975737],[-51.237123,-29.975808],[-51.237086,-29.975866],[-51.237133,-29.975914],[-51.237135,-29.976146],[-51.237208,-29.976241],[-51.237235,-29.976368],[-51.237195,-29.976525],[-51.237245,-29.97667],[-51.237218,-29.976727],[-51.237276,-29.976825],[-51.237296,-29.977096],[-51.237343,-29.977137],[-51.237294,-29.977206],[-51.237345,-29.977284],[-51.237324,-29.977366],[-51.237354,-29.977419],[-51.23732,-29.977489],[-51.237386,-29.977602],[-51.23736,-29.977694],[-51.23745,-29.977875],[-51.237477,-29.978169],[-51.237542,-29.978298],[-51.23752,-29.978424],[-51.237567,-29.978425],[-51.23756,-29.978529],[-51.23752,-29.978554],[-51.237553,-29.978768],[-51.237605,-29.97883],[-51.237581,-29.979049],[-51.237663,-29.97931],[-51.237605,-29.979373],[-51.237779,-29.979581],[-51.237806,-29.979689],[-51.238101,-29.979912],[-51.238325,-29.979762],[-51.238481,-29.979725],[-51.238806,-29.979747],[-51.238942,-29.979703],[-51.239723,-29.979643],[-51.240243,-29.979558],[-51.240462,-29.979465],[-51.240694,-29.979288],[-51.240899,-29.978867],[-51.241021,-29.978735],[-51.24107,-29.978504],[-51.241003,-29.978423],[-51.240989,-29.978335],[-51.241168,-29.978006],[-51.241217,-29.977343],[-51.241332,-29.97698],[-51.24136,-29.976744],[-51.241333,-29.97668],[-51.241438,-29.975946],[-51.241357,-29.975575],[-51.241338,-29.975232],[-51.241372,-29.975102],[-51.241439,-29.975033],[-51.241325,-29.974752],[-51.241326,-29.974069],[-51.241239,-29.973787],[-51.241275,-29.973713],[-51.241259,-29.973311],[-51.241355,-29.972892],[-51.241335,-29.972733],[-51.241165,-29.972296],[-51.241194,-29.972053],[-51.241105,-29.971613],[-51.241135,-29.971357],[-51.241098,-29.971291],[-51.241081,-29.970558],[-51.241197,-29.970115],[-51.241185,-29.969899],[-51.241282,-29.969637],[-51.241426,-29.969513],[-51.241421,-29.969336],[-51.241466,-29.96918],[-51.241626,-29.968926],[-51.241831,-29.968708],[-51.242037,-29.968558],[-51.242338,-29.96848],[-51.242557,-29.968548],[-51.242719,-29.968476],[-51.242892,-29.968454],[-51.242981,-29.968493],[-51.243174,-29.968478],[-51.243458,-29.968248],[-51.243496,-29.968141],[-51.243476,-29.968078],[-51.243407,-29.968064],[-51.243421,-29.968033],[-51.243859,-29.967848],[-51.244004,-29.967881],[-51.24418,-29.968065],[-51.244434,-29.968084],[-51.244515,-29.968125],[-51.244925,-29.968556],[-51.244987,-29.968786],[-51.245008,-29.969083],[-51.244954,-29.969163],[-51.244953,-29.969382],[-51.245064,-29.96968],[-51.245313,-29.970149],[-51.245679,-29.970548],[-51.245987,-29.971434],[-51.246298,-29.97176],[-51.246324,-29.971841],[-51.246464,-29.971913],[-51.247022,-29.972608],[-51.247272,-29.973055],[-51.247276,-29.973132],[-51.247408,-29.973274],[-51.247593,-29.973665],[-51.247803,-29.973955],[-51.247981,-29.974104],[-51.248131,-29.974314],[-51.24836,-29.97446],[-51.248498,-29.974675],[-51.248693,-29.974839],[-51.248877,-29.97489],[-51.249066,-29.975035],[-51.249359,-29.975057],[-51.249446,-29.975023],[-51.249522,-29.975119],[-51.249543,-29.975274],[-51.249664,-29.975514],[-51.249745,-29.975597],[-51.249755,-29.975786],[-51.249865,-29.975911],[-51.24999,-29.975959],[-51.250183,-29.976233],[-51.250302,-29.97632],[-51.250643,-29.976452],[-51.250796,-29.976405],[-51.250976,-29.976535],[-51.251396,-29.976623],[-51.251744,-29.97677],[-51.251759,-29.976808],[-51.251941,-29.976698],[-51.252106,-29.976744],[-51.252184,-29.976813],[-51.25248,-29.976863],[-51.253024,-29.976786],[-51.253116,-29.976827],[-51.253334,-29.976824],[-51.253421,-29.976874],[-51.253806,-29.976799],[-51.253917,-29.97676],[-51.253916,-29.976728],[-51.25429,-29.976772],[-51.254514,-29.976757],[-51.254724,-29.976668],[-51.254747,-29.976558],[-51.254797,-29.976527],[-51.254924,-29.97654],[-51.255076,-29.976496],[-51.255156,-29.976362],[-51.255278,-29.976352],[-51.255431,-29.976273],[-51.255455,-29.976178],[-51.255606,-29.976179],[-51.255794,-29.976084],[-51.255868,-29.975979],[-51.256116,-29.975934],[-51.256411,-29.976077],[-51.256536,-29.976016],[-51.256708,-29.976019],[-51.256974,-29.976072],[-51.257044,-29.97605],[-51.257109,-29.97614],[-51.257198,-29.976143],[-51.257414,-29.976056],[-51.257763,-29.975998],[-51.257848,-29.975995],[-51.257944,-29.976065],[-51.258076,-29.976093],[-51.258465,-29.976077],[-51.258548,-29.976003],[-51.258894,-29.97593],[-51.259078,-29.975851],[-51.259357,-29.975858],[-51.259419,-29.975825],[-51.259519,-29.975889],[-51.260123,-29.975895],[-51.260666,-29.975831],[-51.26096,-29.975628],[-51.261132,-29.975593],[-51.261319,-29.975602],[-51.261611,-29.975691],[-51.261908,-29.975633],[-51.262134,-29.975639],[-51.262378,-29.975524],[-51.262568,-29.975357],[-51.262677,-29.975389],[-51.263498,-29.975255],[-51.263638,-29.975157],[-51.263822,-29.974888],[-51.26404,-29.974764],[-51.264179,-29.974756],[-51.264373,-29.974683],[-51.264416,-29.974625],[-51.26452,-29.974612],[-51.264657,-29.974524],[-51.26491,-29.974513],[-51.265087,-29.974588],[-51.265767,-29.974225],[-51.266106,-29.974176],[-51.266203,-29.974094],[-51.2667,-29.974101],[-51.266752,-29.974257],[-51.266847,-29.974236],[-51.266862,-29.974275],[-51.266791,-29.974375],[-51.266642,-29.974417],[-51.266437,-29.97456],[-51.266118,-29.974649],[-51.265752,-29.974603],[-51.265408,-29.974742],[-51.265317,-29.974866],[-51.265282,-29.975002],[-51.265336,-29.975352],[-51.265238,-29.97542],[-51.265123,-29.975397],[-51.26505,-29.975424],[-51.264945,-29.975628],[-51.265018,-29.975774],[-51.264912,-29.975862],[-51.264892,-29.975976],[-51.264739,-29.976248],[-51.264814,-29.975863],[-51.264723,-29.975779],[-51.264635,-29.975772],[-51.26457,-29.975813],[-51.264421,-29.975757],[-51.264353,-29.975808],[-51.264343,-29.975883],[-51.264321,-29.975785],[-51.26417,-29.975777],[-51.263895,-29.975901],[-51.263889,-29.976061],[-51.263842,-29.976082],[-51.26413,-29.976155],[-51.264089,-29.97618],[-51.263637,-29.976173],[-51.263569,-29.976235],[-51.26348,-29.976136],[-51.263343,-29.976143],[-51.263138,-29.976273],[-51.263139,-29.976388],[-51.263037,-29.976413],[-51.263025,-29.97648],[-51.262888,-29.976486],[-51.262776,-29.976566],[-51.262687,-29.976543],[-51.26254,-29.976579],[-51.262509,-29.976625],[-51.262451,-29.976612],[-51.262423,-29.976663],[-51.262371,-29.976636],[-51.262324,-29.97652],[-51.262133,-29.976425],[-51.261831,-29.976427],[-51.261726,-29.976494],[-51.261534,-29.976441],[-51.261314,-29.976496],[-51.261222,-29.976478],[-51.261027,-29.976583],[-51.260891,-29.976452],[-51.260751,-29.976387],[-51.260648,-29.976461],[-51.260471,-29.976461],[-51.260407,-29.976425],[-51.260355,-29.976553],[-51.260218,-29.976523],[-51.260133,-29.976582],[-51.259984,-29.976567],[-51.259748,-29.976697],[-51.259716,-29.97696],[-51.259831,-29.976982],[-51.259803,-29.977071],[-51.259749,-29.977037],[-51.259669,-29.977076],[-51.259606,-29.977008],[-51.259436,-29.977073],[-51.259255,-29.977001],[-51.259148,-29.976898],[-51.258778,-29.976857],[-51.25864,-29.976948],[-51.258648,-29.976987],[-51.258545,-29.977108],[-51.25845,-29.977046],[-51.258093,-29.977023],[-51.257936,-29.976958],[-51.25777,-29.976743],[-51.257589,-29.976809],[-51.257395,-29.976809],[-51.257275,-29.97685],[-51.257081,-29.976834],[-51.256948,-29.976881],[-51.256906,-29.976991],[-51.256696,-29.977013],[-51.256679,-29.977048],[-51.256196,-29.976996],[-51.256053,-29.977059],[-51.255893,-29.977017],[-51.255799,-29.977052],[-51.255664,-29.976972],[-51.255543,-29.976966],[-51.255502,-29.977013],[-51.255112,-29.977142],[-51.255021,-29.977135],[-51.25494,-29.977206],[-51.254738,-29.977242],[-51.254684,-29.977307],[-51.254336,-29.977285],[-51.254229,-29.977339],[-51.254128,-29.977322],[-51.253928,-29.97741],[-51.253639,-29.977416],[-51.253575,-29.977487],[-51.253449,-29.97753],[-51.253341,-29.977514],[-51.253246,-29.977411],[-51.253029,-29.977412],[-51.252829,-29.97748],[-51.252463,-29.977361],[-51.25222,-29.977396],[-51.252162,-29.977479],[-51.252018,-29.977357],[-51.251733,-29.977382],[-51.251388,-29.977258],[-51.251339,-29.977272],[-51.251122,-29.977147],[-51.251005,-29.977195],[-51.250952,-29.977073],[-51.25085,-29.977011],[-51.250725,-29.977029],[-51.250284,-29.976848],[-51.250049,-29.976842],[-51.249949,-29.976774],[-51.249749,-29.976772],[-51.249409,-29.976602],[-51.249322,-29.976611],[-51.248972,-29.976391],[-51.248839,-29.976402],[-51.248627,-29.976317],[-51.248447,-29.976303],[-51.248275,-29.976182],[-51.248098,-29.97619],[-51.247844,-29.976094],[-51.247602,-29.976079],[-51.247017,-29.975876],[-51.246943,-29.9759],[-51.246758,-29.975836],[-51.246317,-29.975856],[-51.245911,-29.975814],[-51.245702,-29.975851],[-51.245436,-29.976016],[-51.244819,-29.976223],[-51.244529,-29.976433],[-51.244164,-29.976586],[-51.244046,-29.976831],[-51.24366,-29.976903],[-51.243486,-29.977013],[-51.243362,-29.977167],[-51.243279,-29.977206],[-51.243041,-29.977525],[-51.242954,-29.977665],[-51.24289,-29.977893],[-51.242827,-29.977949],[-51.242811,-29.978047],[-51.242754,-29.978083],[-51.242539,-29.978532],[-51.242587,-29.978796],[-51.242482,-29.97901],[-51.242506,-29.979293],[-51.242458,-29.979362],[-51.242425,-29.979554],[-51.242327,-29.979669],[-51.242324,-29.979762],[-51.242244,-29.979783],[-51.242113,-29.979952],[-51.241948,-29.980014],[-51.241727,-29.980174],[-51.241557,-29.980205],[-51.241418,-29.980151],[-51.24099,-29.980501],[-51.240897,-29.980634],[-51.240826,-29.980646],[-51.240601,-29.980824],[-51.240545,-29.980823],[-51.240377,-29.980937],[-51.240046,-29.981228],[-51.239922,-29.981453],[-51.239717,-29.981606],[-51.23975,-29.981648],[-51.239717,-29.981716],[-51.239473,-29.981902],[-51.239393,-29.98214],[-51.239411,-29.982295],[-51.239359,-29.982462],[-51.239348,-29.983005],[-51.239406,-29.983313],[-51.239509,-29.983459],[-51.239545,-29.983667],[-51.239505,-29.98387],[-51.239522,-29.984044],[-51.239626,-29.984246],[-51.239584,-29.98454],[-51.239598,-29.984749],[-51.23954,-29.984991],[-51.239564,-29.985187],[-51.239487,-29.985331],[-51.239639,-29.985587],[-51.239641,-29.985725],[-51.239729,-29.98579],[-51.239636,-29.985815],[-51.239677,-29.985901],[-51.239595,-29.985941],[-51.239577,-29.986062],[-51.239647,-29.986102],[-51.239693,-29.986335],[-51.239834,-29.986423],[-51.23976,-29.986436],[-51.239784,-29.986513],[-51.239732,-29.986537],[-51.239733,-29.986691],[-51.239794,-29.986767],[-51.239778,-29.986898],[-51.239599,-29.986979],[-51.239644,-29.987063],[-51.239738,-29.987067],[-51.239786,-29.987113],[-51.239656,-29.987382],[-51.239522,-29.987518],[-51.239917,-29.987637],[-51.239966,-29.987688],[-51.239932,-29.987733],[-51.239972,-29.987795],[-51.240139,-29.98783],[-51.240235,-29.987971],[-51.240505,-29.98803],[-51.240584,-29.98794],[-51.240723,-29.987942],[-51.240788,-29.98814],[-51.240847,-29.988057],[-51.241026,-29.988031],[-51.241124,-29.988031],[-51.241166,-29.988086],[-51.241359,-29.98805],[-51.241486,-29.988106],[-51.241664,-29.98808],[-51.241676,-29.988138],[-51.241771,-29.988126],[-51.241784,-29.988178],[-51.241971,-29.988245],[-51.241908,-29.988313],[-51.241949,-29.988417],[-51.242111,-29.988259],[-51.24202,-29.988146],[-51.242025,-29.988096],[-51.242225,-29.988075],[-51.242274,-29.988181],[-51.242233,-29.98827],[-51.24233,-29.988448],[-51.242397,-29.988446],[-51.242413,-29.988322],[-51.242615,-29.988315],[-51.242621,-29.988315],[-51.242649,-29.988267],[-51.242753,-29.988287],[-51.242769,-29.988379],[-51.242722,-29.98844],[-51.242796,-29.98857],[-51.242768,-29.988624],[-51.242999,-29.988702],[-51.243026,-29.988679],[-51.243148,-29.988781],[-51.243225,-29.988711],[-51.243164,-29.988628],[-51.243198,-29.988256],[-51.243273,-29.988383],[-51.243397,-29.98841],[-51.243439,-29.988466],[-51.243388,-29.98854],[-51.243375,-29.988772],[-51.243591,-29.988847],[-51.24371,-29.988819],[-51.243689,-29.988986],[-51.243814,-29.989065],[-51.243891,-29.988985],[-51.243947,-29.988991],[-51.243941,-29.989062],[-51.24398,-29.989097],[-51.244088,-29.989019],[-51.244281,-29.989057],[-51.244481,-29.989212],[-51.244482,-29.989373],[-51.244537,-29.989297],[-51.244616,-29.989301],[-51.244662,-29.989214],[-51.244782,-29.989206],[-51.244837,-29.989216],[-51.244924,-29.989334],[-51.245049,-29.989338],[-51.245175,-29.989272],[-51.245213,-29.989347],[-51.245314,-29.989278],[-51.2454,-29.989337],[-51.245509,-29.989161],[-51.245555,-29.989193],[-51.245496,-29.989265],[-51.245596,-29.989355],[-51.24565,-29.989188],[-51.245777,-29.989116],[-51.245923,-29.98912],[-51.245941,-29.989249],[-51.246031,-29.989245],[-51.246051,-29.989167],[-51.246143,-29.989183],[-51.246192,-29.989224],[-51.246175,-29.989262],[-51.246226,-29.989272],[-51.246517,-29.989136],[-51.246539,-29.989182],[-51.246503,-29.989288],[-51.246575,-29.989382],[-51.246746,-29.989186],[-51.246786,-29.989183],[-51.246859,-29.989208],[-51.24684,-29.989318],[-51.246879,-29.989372],[-51.246926,-29.98937],[-51.246988,-29.989175],[-51.247206,-29.989123],[-51.247488,-29.989294],[-51.247614,-29.989471],[-51.247779,-29.989387],[-51.247788,-29.989298],[-51.247827,-29.989277],[-51.248076,-29.989447],[-51.248047,-29.989509],[-51.248081,-29.989587],[-51.248223,-29.989592],[-51.248253,-29.989652],[-51.248298,-29.989641],[-51.248329,-29.98957],[-51.24839,-29.989612],[-51.248452,-29.9896],[-51.248489,-29.989639],[-51.248474,-29.989684],[-51.248526,-29.989666],[-51.248573,-29.989703],[-51.248551,-29.989763],[-51.248599,-29.989858],[-51.248663,-29.989849],[-51.248789,-29.98974],[-51.248919,-29.989809],[-51.248964,-29.989797],[-51.249109,-29.990024],[-51.24912,-29.990119],[-51.249049,-29.990249],[-51.2491,-29.990268],[-51.249134,-29.990214],[-51.249213,-29.990226],[-51.24921,-29.990303],[-51.249081,-29.990311],[-51.248981,-29.990439],[-51.248996,-29.990509],[-51.249126,-29.990586],[-51.249072,-29.99063],[-51.249076,-29.99068],[-51.24912,-29.990723],[-51.24926,-29.990715],[-51.249315,-29.990768],[-51.249227,-29.990804],[-51.249239,-29.990896],[-51.249367,-29.990876],[-51.249402,-29.990769],[-51.249512,-29.990816],[-51.249519,-29.990864],[-51.249644,-29.990933],[-51.249778,-29.991201],[-51.249728,-29.991307],[-51.249486,-29.991265],[-51.24939,-29.991389],[-51.249509,-29.991549],[-51.249475,-29.991605],[-51.249538,-29.991655],[-51.249534,-29.991755],[-51.249573,-29.991803],[-51.249514,-29.991891],[-51.249604,-29.991999],[-51.249645,-29.992226],[-51.249726,-29.992241],[-51.249779,-29.992118],[-51.249843,-29.99217],[-51.249924,-29.992072],[-51.250035,-29.992095],[-51.250075,-29.992209],[-51.250046,-29.992306],[-51.250162,-29.992315],[-51.25028,-29.992511],[-51.250196,-29.99263],[-51.250185,-29.992746],[-51.250084,-29.992734],[-51.249926,-29.992847],[-51.249845,-29.992788],[-51.249784,-29.992826],[-51.249811,-29.993093],[-51.249919,-29.993244],[-51.24984,-29.993449],[-51.249954,-29.993565],[-51.250053,-29.993786],[-51.249947,-29.993891],[-51.249997,-29.994098],[-51.25008,-29.994123],[-51.249969,-29.994188],[-51.25003,-29.994354],[-51.249981,-29.994539],[-51.250193,-29.994821],[-51.250216,-29.994921],[-51.250168,-29.995144],[-51.250349,-29.995216],[-51.250145,-29.995281],[-51.250239,-29.995331],[-51.250259,-29.995387],[-51.250125,-29.995421],[-51.250152,-29.995504],[-51.250128,-29.995679],[-51.250047,-29.995759],[-51.250076,-29.995856],[-51.250228,-29.995917],[-51.250253,-29.996181],[-51.250132,-29.996284],[-51.250138,-29.996399],[-51.250047,-29.9965],[-51.250101,-29.996744],[-51.250025,-29.99709],[-51.250041,-29.997219],[-51.249915,-29.997566],[-51.249953,-29.997679],[-51.249925,-29.9978],[-51.249814,-29.997997],[-51.249647,-29.998163],[-51.249609,-29.998255],[-51.249531,-29.998299],[-51.24933,-29.998584],[-51.249162,-29.998741],[-51.248612,-29.999113],[-51.248295,-29.999457],[-51.248178,-29.999472],[-51.248167,-29.999579],[-51.247919,-29.999932],[-51.247913,-30.000061],[-51.247864,-30.000088],[-51.247778,-30.00035],[-51.24769,-30.000454],[-51.24775,-30.000486],[-51.247765,-30.000585],[-51.247686,-30.000648],[-51.247699,-30.000691],[-51.247587,-30.000729],[-51.247508,-30.000701],[-51.247535,-30.000683],[-51.24751,-30.000636],[-51.247431,-30.000609],[-51.247392,-30.000652],[-51.24715,-30.000707],[-51.246844,-30.000678],[-51.246707,-30.000572],[-51.246605,-30.000567],[-51.246588,-30.000486],[-51.246409,-30.00046],[-51.246483,-30.00031],[-51.24635,-30.000194],[-51.246345,-30.000116],[-51.246399,-30.000086],[-51.246383,-30.000027],[-51.246211,-29.999813],[-51.246233,-29.99968],[-51.246164,-29.999634],[-51.246086,-29.999463],[-51.24593,-29.999353],[-51.245773,-29.999302],[-51.245772,-29.999166],[-51.245707,-29.999081],[-51.245276,-29.998929],[-51.24509,-29.9988],[-51.244981,-29.998636],[-51.244856,-29.998561],[-51.244692,-29.998641],[-51.244533,-29.998559],[-51.244388,-29.99854],[-51.244075,-29.998605],[-51.243816,-29.998591],[-51.243667,-29.998523],[-51.243584,-29.998559],[-51.243491,-29.998532],[-51.243402,-29.998585],[-51.243151,-29.998533],[-51.243061,-29.998455],[-51.242647,-29.998532],[-51.242561,-29.998445],[-51.242476,-29.998426],[-51.242172,-29.998581],[-51.241941,-29.998566],[-51.241804,-29.998618],[-51.241511,-29.99853],[-51.241308,-29.998623],[-51.241111,-29.998632],[-51.24086,-29.998564],[-51.240744,-29.998614],[-51.240607,-29.998556],[-51.240121,-29.998871],[-51.240038,-29.998966],[-51.239913,-29.999003],[-51.239791,-29.999146],[-51.23967,-29.9992],[-51.239385,-29.999457],[-51.239009,-29.999699],[-51.238812,-29.999942],[-51.238613,-30.000029],[-51.238532,-30.000163],[-51.238431,-30.000206],[-51.238347,-30.000306],[-51.238133,-30.000382],[-51.238037,-30.000467],[-51.237912,-30.000467],[-51.23783,-30.000604],[-51.237465,-30.00077],[-51.237406,-30.000964],[-51.23722,-30.000995],[-51.23684,-30.001232],[-51.236713,-30.001414],[-51.236683,-30.001562],[-51.236635,-30.001616],[-51.236613,-30.001803],[-51.236525,-30.001923],[-51.236252,-30.002107],[-51.236231,-30.002389],[-51.236131,-30.002572],[-51.235842,-30.002747],[-51.235651,-30.002814],[-51.235569,-30.002884],[-51.235538,-30.002976],[-51.235434,-30.002943],[-51.235381,-30.002982],[-51.235372,-30.003053],[-51.235474,-30.003198],[-51.235594,-30.003234],[-51.235627,-30.003184],[-51.235792,-30.003207],[-51.23617,-30.003071],[-51.236356,-30.0031],[-51.236405,-30.003069],[-51.236501,-30.003139],[-51.236554,-30.003058],[-51.236647,-30.003036],[-51.236896,-30.00312],[-51.237005,-30.003103],[-51.237059,-30.003148],[-51.237142,-30.003104],[-51.237477,-30.003123],[-51.237558,-30.003106],[-51.237583,-30.003061],[-51.23768,-30.003103],[-51.23788,-30.003099],[-51.238174,-30.003045],[-51.238443,-30.00311],[-51.238478,-30.003058],[-51.238669,-30.003015],[-51.238956,-30.003099],[-51.239634,-30.003115],[-51.239734,-30.00319],[-51.239782,-30.003156],[-51.239706,-30.003114],[-51.239756,-30.003097],[-51.239887,-30.003189],[-51.240272,-30.003208],[-51.240982,-30.003402],[-51.241193,-30.003505],[-51.241482,-30.003552],[-51.241879,-30.003761],[-51.242039,-30.003772],[-51.242141,-30.003895],[-51.242196,-30.003874],[-51.242257,-30.003976],[-51.242417,-30.003982],[-51.242419,-30.004042],[-51.242671,-30.004198],[-51.242883,-30.004254],[-51.242904,-30.004303],[-51.243008,-30.004353],[-51.243054,-30.00445],[-51.24315,-30.004417],[-51.243272,-30.004473],[-51.243682,-30.004798],[-51.243866,-30.004839],[-51.243918,-30.004916],[-51.24399,-30.004928],[-51.243987,-30.004973],[-51.244055,-30.005033],[-51.24416,-30.005058],[-51.24416,-30.005104],[-51.244476,-30.005329],[-51.244642,-30.005391],[-51.244949,-30.005668],[-51.245014,-30.005648],[-51.245163,-30.005726],[-51.245316,-30.005892],[-51.245466,-30.005937],[-51.245714,-30.006095],[-51.245844,-30.006209],[-51.245879,-30.006362],[-51.246002,-30.006376],[-51.246082,-30.006491],[-51.24624,-30.006513],[-51.246307,-30.006642],[-51.24648,-30.006745],[-51.246548,-30.006712],[-51.246608,-30.006735],[-51.246682,-30.006792],[-51.246762,-30.006962],[-51.246846,-30.006949],[-51.246971,-30.007031],[-51.247092,-30.007044],[-51.247229,-30.007194],[-51.2475,-30.007358],[-51.24767,-30.007424],[-51.24773,-30.007398],[-51.24785,-30.007433],[-51.248031,-30.007528],[-51.248181,-30.007677],[-51.248276,-30.007701],[-51.248392,-30.007666],[-51.248444,-30.007741],[-51.248736,-30.007788],[-51.248767,-30.007844],[-51.249013,-30.007902],[-51.249117,-30.007881],[-51.249559,-30.008002],[-51.249666,-30.008071],[-51.249752,-30.008026],[-51.249848,-30.008041],[-51.249944,-30.008126],[-51.250193,-30.008193],[-51.250379,-30.008116],[-51.250494,-30.008126],[-51.250573,-30.008211],[-51.250693,-30.008254],[-51.250751,-30.008176],[-51.250832,-30.008221],[-51.251204,-30.008186],[-51.25133,-30.008222],[-51.251679,-30.008114],[-51.251734,-30.008195],[-51.251804,-30.008184],[-51.251786,-30.008132],[-51.251959,-30.008162],[-51.252035,-30.008066],[-51.252249,-30.008137],[-51.252295,-30.008067],[-51.252994,-30.007939],[-51.253118,-30.007836],[-51.253175,-30.00787],[-51.253298,-30.007818],[-51.253573,-30.007842],[-51.253828,-30.007723],[-51.25392,-30.007738],[-51.254283,-30.007572],[-51.254395,-30.007566],[-51.254457,-30.007481],[-51.254554,-30.007468],[-51.25461,-30.0074],[-51.254793,-30.007433],[-51.254966,-30.007351],[-51.255273,-30.007342],[-51.255378,-30.007258],[-51.255496,-30.007225],[-51.255575,-30.007143],[-51.255726,-30.007156],[-51.255829,-30.007114],[-51.255858,-30.007013],[-51.255979,-30.006949],[-51.256148,-30.006886],[-51.256281,-30.006898],[-51.256371,-30.006845],[-51.256485,-30.006843],[-51.256567,-30.006777],[-51.256767,-30.006756],[-51.256878,-30.006641],[-51.257118,-30.006611],[-51.257336,-30.006354],[-51.257701,-30.006174],[-51.257952,-30.006123],[-51.258043,-30.00591],[-51.258212,-30.005786],[-51.258295,-30.005759],[-51.258345,-30.005834],[-51.258451,-30.005767],[-51.2585,-30.00581],[-51.258613,-30.005692],[-51.258658,-30.005736],[-51.258712,-30.005695],[-51.258592,-30.005584],[-51.258619,-30.005539],[-51.258749,-30.005489],[-51.258822,-30.005545],[-51.258882,-30.005503],[-51.258867,-30.005464],[-51.258916,-30.005438],[-51.258911,-30.005376],[-51.258957,-30.005323],[-51.259172,-30.00517],[-51.259278,-30.005042],[-51.259386,-30.004999],[-51.259457,-30.004828],[-51.259627,-30.004733],[-51.259706,-30.004605],[-51.259827,-30.004525],[-51.260235,-30.004059],[-51.260456,-30.003913],[-51.260547,-30.003711],[-51.260707,-30.003787],[-51.260762,-30.003708],[-51.26069,-30.003669],[-51.260826,-30.003528],[-51.260797,-30.003506],[-51.260893,-30.003403],[-51.260936,-30.003245],[-51.261174,-30.003012],[-51.261213,-30.002757],[-51.261288,-30.002723],[-51.261334,-30.002577],[-51.261556,-30.002492],[-51.261691,-30.002317],[-51.261841,-30.002249],[-51.261927,-30.002098],[-51.262009,-30.002057],[-51.262061,-30.001813],[-51.262088,-30.001784],[-51.262173,-30.001823],[-51.262412,-30.001508],[-51.262539,-30.001473],[-51.262596,-30.001393],[-51.262588,-30.001229],[-51.262884,-30.001122],[-51.263068,-30.000774],[-51.263242,-30.000679],[-51.263279,-30.000369],[-51.263422,-30.000217],[-51.263499,-30.000217],[-51.263513,-30.000145],[-51.26368,-29.99997],[-51.263726,-29.999847],[-51.263776,-29.99985],[-51.264033,-29.999545],[-51.264292,-29.999013],[-51.264372,-29.998651],[-51.264512,-29.998683],[-51.264577,-29.998521],[-51.264522,-29.998499],[-51.264531,-29.998477],[-51.264649,-29.998514],[-51.264688,-29.998428],[-51.264559,-29.998388],[-51.264649,-29.998145],[-51.264734,-29.998157],[-51.264746,-29.99812],[-51.264683,-29.998108],[-51.264693,-29.998073],[-51.264857,-29.998086],[-51.264832,-29.997823],[-51.264945,-29.997582],[-51.265061,-29.997594],[-51.265166,-29.997268],[-51.265145,-29.997128],[-51.265212,-29.997139],[-51.265214,-29.997133],[-51.265224,-29.997108],[-51.265181,-29.9971],[-51.26518,-29.9971],[-51.265244,-29.996939],[-51.265317,-29.99691],[-51.265454,-29.996724],[-51.2655,-29.996731],[-51.265529,-29.996666],[-51.265491,-29.996637],[-51.265505,-29.996593],[-51.265587,-29.996582],[-51.265588,-29.996332],[-51.265634,-29.996201],[-51.265811,-29.996041],[-51.265906,-29.995824],[-51.265853,-29.995721],[-51.26593,-29.995721],[-51.265939,-29.995614],[-51.266088,-29.995552],[-51.266157,-29.995216],[-51.266133,-29.995175],[-51.266219,-29.995139],[-51.266313,-29.994967],[-51.266391,-29.994924],[-51.26639,-29.994864],[-51.266454,-29.994782],[-51.266366,-29.994659],[-51.26643,-29.994621],[-51.266507,-29.994687],[-51.266596,-29.994557],[-51.266486,-29.994518],[-51.266505,-29.994462],[-51.266432,-29.994462],[-51.266456,-29.994345],[-51.266511,-29.994275],[-51.266698,-29.99431],[-51.266744,-29.994115],[-51.266715,-29.99398],[-51.266793,-29.993797],[-51.266857,-29.993777],[-51.266938,-29.993426],[-51.267084,-29.99343],[-51.267089,-29.993357],[-51.266955,-29.993342],[-51.266949,-29.993293],[-51.267113,-29.993141],[-51.267094,-29.992993],[-51.267147,-29.992941],[-51.267176,-29.99279],[-51.267256,-29.992696],[-51.267253,-29.992412],[-51.267181,-29.992316],[-51.267186,-29.992228],[-51.267406,-29.992062],[-51.267386,-29.991774],[-51.267531,-29.991426],[-51.267559,-29.99123],[-51.267637,-29.991103],[-51.267789,-29.991031],[-51.267776,-29.991013],[-51.267678,-29.99098],[-51.267713,-29.990882],[-51.267676,-29.990697],[-51.267703,-29.990592],[-51.267916,-29.990354],[-51.267961,-29.990198],[-51.268028,-29.990209],[-51.268082,-29.990078],[-51.268008,-29.990026],[-51.268111,-29.990032],[-51.268143,-29.989979],[-51.268081,-29.989925],[-51.268182,-29.989927],[-51.268256,-29.989749],[-51.268331,-29.989778],[-51.268433,-29.989563],[-51.268381,-29.989546],[-51.268534,-29.98905],[-51.268851,-29.988566],[-51.268953,-29.988118],[-51.269108,-29.98799],[-51.26932,-29.987711],[-51.269392,-29.987391],[-51.269544,-29.987342],[-51.269814,-29.986974],[-51.269893,-29.98694],[-51.26993,-29.986863],[-51.270093,-29.986802],[-51.270124,-29.986647],[-51.270453,-29.986322],[-51.270622,-29.986228],[-51.270651,-29.986105],[-51.270799,-29.986084],[-51.270877,-29.985993],[-51.270941,-29.986034],[-51.271063,-29.985974],[-51.271211,-29.985835],[-51.271273,-29.985705],[-51.271351,-29.985636],[-51.271426,-29.985631],[-51.271414,-29.985589],[-51.271584,-29.985391],[-51.271724,-29.985464],[-51.271845,-29.985343],[-51.271735,-29.985274],[-51.271765,-29.985228],[-51.271901,-29.985241],[-51.271996,-29.985131],[-51.271962,-29.98511],[-51.272032,-29.98502],[-51.272133,-29.985052],[-51.272206,-29.985025],[-51.272484,-29.984649],[-51.27259,-29.984569],[-51.272619,-29.98448],[-51.272872,-29.984371],[-51.27302,-29.984134],[-51.273643,-29.983682],[-51.273731,-29.983653],[-51.273815,-29.983505],[-51.273985,-29.983425],[-51.274163,-29.983187],[-51.274221,-29.983171],[-51.274783,-29.982658],[-51.274871,-29.982466],[-51.274968,-29.982386],[-51.275059,-29.98237],[-51.275033,-29.982281],[-51.27513,-29.982146],[-51.275446,-29.981862],[-51.275473,-29.981757],[-51.275552,-29.981695],[-51.27564,-29.981505],[-51.275729,-29.981537],[-51.275762,-29.981451],[-51.275693,-29.981431],[-51.275786,-29.981411],[-51.275738,-29.981377],[-51.275842,-29.981264],[-51.275816,-29.981168],[-51.275877,-29.98112],[-51.275957,-29.980916],[-51.276058,-29.980867],[-51.276197,-29.980684],[-51.276249,-29.980541],[-51.276444,-29.98037],[-51.276496,-29.980236],[-51.276693,-29.980117],[-51.276787,-29.979989],[-51.276853,-29.979988],[-51.276852,-29.979908],[-51.276998,-29.979694],[-51.277136,-29.979581],[-51.277166,-29.979393],[-51.277281,-29.979241],[-51.277459,-29.979187],[-51.27763,-29.978985],[-51.27769,-29.978755],[-51.27785,-29.97874],[-51.277951,-29.9785],[-51.278029,-29.978442],[-51.278021,-29.978329],[-51.278125,-29.978247],[-51.278154,-29.978059],[-51.278265,-29.977891],[-51.27845,-29.977724],[-51.278501,-29.977553],[-51.278616,-29.977382],[-51.278789,-29.977251],[-51.278814,-29.976975],[-51.279066,-29.976831],[-51.27918,-29.976693],[-51.279172,-29.976536],[-51.279274,-29.975975],[-51.27952,-29.975517],[-51.279624,-29.975174],[-51.279692,-29.975074],[-51.279671,-29.974961],[-51.279705,-29.974893],[-51.279671,-29.974831],[-51.279787,-29.974784],[-51.279765,-29.974547],[-51.279919,-29.974339],[-51.279973,-29.974118],[-51.28007,-29.974024],[-51.280188,-29.973747],[-51.280319,-29.973613],[-51.280431,-29.973413],[-51.280464,-29.973279],[-51.28043,-29.973201],[-51.28044,-29.973041],[-51.280486,-29.972914],[-51.280597,-29.972899],[-51.280646,-29.97282],[-51.280713,-29.972865],[-51.280745,-29.97284],[-51.280757,-29.9727],[-51.280832,-29.972657],[-51.280917,-29.972387],[-51.28108,-29.972223],[-51.281075,-29.972077],[-51.281333,-29.971535],[-51.281486,-29.971364],[-51.281526,-29.971209],[-51.281726,-29.970973],[-51.281867,-29.970948],[-51.281904,-29.970857],[-51.28186,-29.970776],[-51.281927,-29.970752],[-51.282048,-29.970486],[-51.282352,-29.970137],[-51.282439,-29.970096],[-51.282675,-29.96978],[-51.282636,-29.96976],[-51.282661,-29.969716],[-51.282705,-29.969736],[-51.283081,-29.969203],[-51.283132,-29.969097],[-51.28308,-29.969073],[-51.283008,-29.96891],[-51.283086,-29.968864],[-51.283283,-29.968862],[-51.283321,-29.968716],[-51.283439,-29.968622],[-51.28359,-29.968574],[-51.283592,-29.968467],[-51.283912,-29.968149],[-51.284068,-29.968193],[-51.284253,-29.968148],[-51.284343,-29.968169],[-51.284443,-29.968021],[-51.284656,-29.967823],[-51.284803,-29.967768],[-51.284919,-29.967631],[-51.285007,-29.967664],[-51.28503,-29.967564],[-51.285319,-29.96733],[-51.285578,-29.967234],[-51.285802,-29.966929],[-51.28599,-29.966936],[-51.286147,-29.966886],[-51.286253,-29.966763],[-51.286253,-29.96658],[-51.286304,-29.966509],[-51.286663,-29.966499],[-51.286853,-29.966235],[-51.287095,-29.966162],[-51.287161,-29.96608],[-51.287586,-29.965833],[-51.28765,-29.965731],[-51.287809,-29.965616],[-51.287865,-29.965594],[-51.287946,-29.965626],[-51.288324,-29.96534],[-51.288936,-29.965013],[-51.288953,-29.964873],[-51.289277,-29.964771],[-51.289592,-29.964774],[-51.289741,-29.964642],[-51.289964,-29.964587],[-51.28997,-29.964503],[-51.290082,-29.96444],[-51.290129,-29.964286],[-51.289925,-29.964057],[-51.289842,-29.963853],[-51.289753,-29.96378],[-51.289613,-29.963529],[-51.28952,-29.963444],[-51.289372,-29.963405],[-51.288807,-29.962914],[-51.28858,-29.962775],[-51.28812,-29.96231],[-51.286826,-29.961574],[-51.286239,-29.961175],[-51.285801,-29.961019],[-51.285681,-29.960907],[-51.285455,-29.960821],[-51.285343,-29.960736],[-51.28424,-29.960252],[-51.284053,-29.960124],[-51.284062,-29.960069],[-51.28399,-29.960011],[-51.283923,-29.960029],[-51.283833,-29.95995],[-51.283652,-29.95993],[-51.283334,-29.959781],[-51.283192,-29.959758],[-51.282804,-29.959546],[-51.282725,-29.959547],[-51.282704,-29.959589],[-51.282754,-29.959613],[-51.282698,-29.959621],[-51.282665,-29.959542],[-51.282457,-29.959422],[-51.28197,-29.959322],[-51.281802,-29.959251],[-51.281771,-29.959197],[-51.281734,-29.959241],[-51.28169,-29.959157],[-51.281634,-29.959171],[-51.281261,-29.959044],[-51.281195,-29.958986],[-51.2811,-29.959007],[-51.280675,-29.958885],[-51.280444,-29.95888],[-51.279973,-29.958726],[-51.279856,-29.95873],[-51.279591,-29.958656],[-51.279539,-29.958787],[-51.279491,-29.958692],[-51.27929,-29.958649],[-51.27843,-29.958608],[-51.277557,-29.958505],[-51.277485,-29.958547],[-51.277354,-29.958527],[-51.27724,-29.958565],[-51.276996,-29.95851],[-51.276793,-29.958544],[-51.276618,-29.958468],[-51.276538,-29.958534],[-51.276346,-29.958475],[-51.276221,-29.958495],[-51.276162,-29.958457],[-51.276014,-29.958523],[-51.275976,-29.958469],[-51.27581,-29.958433],[-51.275673,-29.958485],[-51.275328,-29.958435],[-51.274903,-29.95845],[-51.274667,-29.958388],[-51.274326,-29.958514],[-51.274152,-29.958445],[-51.273923,-29.958429],[-51.273743,-29.958469],[-51.273422,-29.95839],[-51.27181,-29.958279],[-51.271422,-29.958215],[-51.271123,-29.958214],[-51.271041,-29.958177],[-51.270113,-29.958171],[-51.269851,-29.95812],[-51.269567,-29.958145],[-51.269222,-29.958046],[-51.268836,-29.958143],[-51.268244,-29.958007],[-51.268163,-29.958059],[-51.267812,-29.958005],[-51.267635,-29.958092],[-51.267417,-29.95804],[-51.267208,-29.958049],[-51.267052,-29.957998],[-51.266642,-29.9581],[-51.266587,-29.958014],[-51.266473,-29.958053],[-51.266334,-29.958027],[-51.265906,-29.958067],[-51.265738,-29.958039],[-51.264783,-29.958049],[-51.264593,-29.957999],[-51.264118,-29.958058],[-51.263399,-29.957933],[-51.263357,-29.957957],[-51.263376,-29.958014],[-51.263103,-29.958028],[-51.262751,-29.957984],[-51.262484,-29.958021],[-51.262386,-29.957987],[-51.262034,-29.958018],[-51.26119,-29.957964],[-51.260635,-29.957992],[-51.260242,-29.957918],[-51.260136,-29.957953],[-51.260022,-29.957861],[-51.259875,-29.957875],[-51.259488,-29.957736],[-51.25926,-29.957755],[-51.258818,-29.957638],[-51.258686,-29.957672],[-51.258591,-29.957599],[-51.258255,-29.95747],[-51.257579,-29.957352],[-51.257319,-29.957231],[-51.256976,-29.957244],[-51.256581,-29.957146],[-51.25623,-29.957155],[-51.255914,-29.95704],[-51.255312,-29.957028],[-51.255304,-29.957031]]]}},{"type":"Feature","properties":{"name":"Arquipélago","code":104},"geometry":{"type":"Polygon","coordinates":[[[-51.250271,-29.955383],[-51.250021,-29.955386],[-51.249815,-29.955444],[-51.249183,-29.955422],[-51.249028,-29.955502],[-51.248912,-29.955429],[-51.248141,-29.955502],[-51.248055,-29.955442],[-51.247917,-29.955453],[-51.247846,-29.955519],[-51.24769,-29.955553],[-51.247538,-29.955537],[-51.246999,-29.955596],[-51.246797,-29.955557],[-51.246623,-29.955576],[-51.246473,-29.955659],[-51.246093,-29.955674],[-51.245961,-29.95573],[-51.244725,-29.955923],[-51.244399,-29.956034],[-51.24372,-29.956117],[-51.243544,-29.956231],[-51.24338,-29.95625],[-51.243242,-29.956349],[-51.243118,-29.956356],[-51.242895,-29.956476],[-51.242414,-29.956648],[-51.242145,-29.956843],[-51.24209,-29.956823],[-51.241974,-29.956879],[-51.241495,-29.957207],[-51.241429,-29.957333],[-51.241283,-29.957365],[-51.241261,-29.957444],[-51.24115,-29.957561],[-51.241079,-29.957583],[-51.240534,-29.958106],[-51.240504,-29.958212],[-51.240366,-29.958301],[-51.240137,-29.958601],[-51.240055,-29.958615],[-51.240009,-29.958808],[-51.239678,-29.95923],[-51.239605,-29.959389],[-51.239499,-29.959467],[-51.239493,-29.959578],[-51.239374,-29.959692],[-51.239336,-29.959845],[-51.239227,-29.959986],[-51.239152,-29.960197],[-51.239065,-29.960267],[-51.239059,-29.96038],[-51.238892,-29.96059],[-51.238803,-29.960834],[-51.238649,-29.961003],[-51.238624,-29.961209],[-51.238386,-29.961605],[-51.238435,-29.96176],[-51.238484,-29.961786],[-51.238853,-29.961542],[-51.239056,-29.961486],[-51.2391,-29.961411],[-51.239211,-29.961397],[-51.239248,-29.961288],[-51.239311,-29.961236],[-51.23933,-29.961308],[-51.23945,-29.961225],[-51.239741,-29.961188],[-51.239908,-29.961058],[-51.240281,-29.961001],[-51.240413,-29.960913],[-51.240633,-29.960859],[-51.240699,-29.960877],[-51.240915,-29.960812],[-51.241068,-29.960841],[-51.241399,-29.960757],[-51.241785,-29.960776],[-51.242162,-29.960701],[-51.24231,-29.960722],[-51.242498,-29.960638],[-51.242597,-29.960664],[-51.242945,-29.960577],[-51.243245,-29.960573],[-51.243474,-29.96048],[-51.243563,-29.960514],[-51.243861,-29.960438],[-51.244277,-29.960399],[-51.244747,-29.960285],[-51.244736,-29.960236],[-51.244814,-29.960273],[-51.245204,-29.960232],[-51.245608,-29.960122],[-51.246279,-29.960026],[-51.246655,-29.959929],[-51.246719,-29.959876],[-51.246927,-29.95989],[-51.247204,-29.959808],[-51.247308,-29.959833],[-51.247478,-29.959734],[-51.247696,-29.959757],[-51.247751,-29.959672],[-51.247985,-29.959651],[-51.248145,-29.959568],[-51.248253,-29.95962],[-51.248714,-29.959498],[-51.248888,-29.959508],[-51.249203,-29.959394],[-51.249713,-29.959413],[-51.249759,-29.959376],[-51.249763,-29.959302],[-51.250019,-29.959305],[-51.250401,-29.959227],[-51.250609,-29.959245],[-51.250687,-29.959197],[-51.250997,-29.959171],[-51.251277,-29.959045],[-51.251452,-29.959055],[-51.25174,-29.958978],[-51.251883,-29.95889],[-51.252046,-29.958894],[-51.252226,-29.958791],[-51.252387,-29.95877],[-51.252669,-29.958583],[-51.252888,-29.958551],[-51.253046,-29.958434],[-51.253117,-29.958439],[-51.253166,-29.958354],[-51.253346,-29.958254],[-51.253424,-29.958094],[-51.25373,-29.957793],[-51.253875,-29.957571],[-51.253853,-29.957434],[-51.254007,-29.957291],[-51.254037,-29.957067],[-51.254187,-29.95699],[-51.254219,-29.956874],[-51.254384,-29.956706],[-51.25448,-29.956676],[-51.254504,-29.956614],[-51.254468,-29.95654],[-51.254374,-29.95646],[-51.254279,-29.956473],[-51.254133,-29.956347],[-51.253904,-29.956287],[-51.253666,-29.956126],[-51.253479,-29.956066],[-51.25345,-29.955989],[-51.253198,-29.955956],[-51.253053,-29.955817],[-51.252853,-29.955707],[-51.252781,-29.95571],[-51.252752,-29.955751],[-51.252667,-29.955668],[-51.252516,-29.955664],[-51.252363,-29.955596],[-51.251773,-29.955545],[-51.251614,-29.955473],[-51.25147,-29.955521],[-51.251146,-29.955432],[-51.250889,-29.955467],[-51.250295,-29.955381],[-51.250271,-29.955383]]]}},{"type":"Feature","properties":{"name":"Arquipélago","code":104},"geometry":{"type":"Polygon","coordinates":[[[-51.269438,-29.939709],[-51.269076,-29.939753],[-51.268954,-29.939909],[-51.269033,-29.940658],[-51.268997,-29.94082],[-51.269023,-29.941055],[-51.268939,-29.941154],[-51.268861,-29.941182],[-51.268856,-29.941296],[-51.268619,-29.941592],[-51.268458,-29.941599],[-51.268237,-29.941726],[-51.268172,-29.941711],[-51.268028,-29.941876],[-51.268058,-29.941935],[-51.268031,-29.941965],[-51.26776,-29.941858],[-51.267343,-29.941904],[-51.26709,-29.941839],[-51.266951,-29.941859],[-51.266717,-29.941772],[-51.266438,-29.9418],[-51.266362,-29.941714],[-51.26625,-29.941698],[-51.266012,-29.941752],[-51.265901,-29.941687],[-51.265797,-29.941717],[-51.265389,-29.941652],[-51.265242,-29.941664],[-51.265141,-29.941717],[-51.264955,-29.941591],[-51.26471,-29.941582],[-51.264543,-29.941525],[-51.264337,-29.941524],[-51.264234,-29.941576],[-51.263425,-29.941374],[-51.263031,-29.941346],[-51.262256,-29.941135],[-51.261954,-29.941196],[-51.261722,-29.941176],[-51.2613,-29.941216],[-51.261181,-29.941273],[-51.260939,-29.941198],[-51.260736,-29.941209],[-51.260508,-29.941268],[-51.260383,-29.94135],[-51.260269,-29.941296],[-51.260173,-29.941369],[-51.259695,-29.941454],[-51.259585,-29.941605],[-51.259308,-29.941631],[-51.259074,-29.941721],[-51.258974,-29.941692],[-51.258745,-29.941822],[-51.258419,-29.94181],[-51.258266,-29.941905],[-51.257951,-29.941985],[-51.257854,-29.942064],[-51.25776,-29.94206],[-51.257676,-29.942139],[-51.257529,-29.942164],[-51.257305,-29.942291],[-51.256756,-29.942424],[-51.256667,-29.942492],[-51.256571,-29.942678],[-51.256365,-29.942685],[-51.25602,-29.942901],[-51.255539,-29.943101],[-51.255543,-29.94318],[-51.255476,-29.943161],[-51.255333,-29.943204],[-51.255208,-29.943318],[-51.25503,-29.943372],[-51.254965,-29.943473],[-51.254849,-29.943546],[-51.254552,-29.943666],[-51.254193,-29.943874],[-51.253617,-29.944257],[-51.253569,-29.944336],[-51.252922,-29.944615],[-51.252762,-29.944726],[-51.252772,-29.944801],[-51.252654,-29.944946],[-51.252173,-29.945207],[-51.251975,-29.945382],[-51.251757,-29.945505],[-51.251441,-29.945842],[-51.251343,-29.945877],[-51.25131,-29.946002],[-51.251121,-29.946119],[-51.251058,-29.946263],[-51.250887,-29.946394],[-51.250923,-29.946496],[-51.250802,-29.946511],[-51.250662,-29.946764],[-51.25063,-29.946754],[-51.250535,-29.946848],[-51.250466,-29.946958],[-51.25026,-29.947033],[-51.25015,-29.947196],[-51.24974,-29.94756],[-51.249644,-29.947708],[-51.249518,-29.94774],[-51.249425,-29.947862],[-51.249236,-29.947961],[-51.248966,-29.948213],[-51.248735,-29.948317],[-51.248381,-29.948623],[-51.248336,-29.948742],[-51.24825,-29.948749],[-51.248048,-29.948867],[-51.247949,-29.948996],[-51.247778,-29.949081],[-51.24774,-29.949168],[-51.247619,-29.949271],[-51.247506,-29.949291],[-51.247518,-29.949341],[-51.247449,-29.949359],[-51.247397,-29.949443],[-51.247078,-29.949583],[-51.247078,-29.949705],[-51.246967,-29.949807],[-51.24685,-29.949812],[-51.246672,-29.949981],[-51.246577,-29.949954],[-51.246462,-29.950126],[-51.246379,-29.950133],[-51.24634,-29.950226],[-51.246257,-29.95023],[-51.2462,-29.950337],[-51.245803,-29.950646],[-51.245775,-29.950728],[-51.2454,-29.951133],[-51.24507,-29.951351],[-51.245045,-29.951464],[-51.244681,-29.951697],[-51.244672,-29.951752],[-51.244494,-29.951871],[-51.244416,-29.952049],[-51.244319,-29.952083],[-51.244251,-29.952039],[-51.244273,-29.952161],[-51.244176,-29.952148],[-51.24419,-29.952211],[-51.244086,-29.952296],[-51.243815,-29.952473],[-51.243671,-29.952496],[-51.243488,-29.95261],[-51.243133,-29.952944],[-51.243052,-29.952934],[-51.242747,-29.953207],[-51.242586,-29.953228],[-51.242523,-29.953341],[-51.242438,-29.953368],[-51.242294,-29.953532],[-51.242213,-29.95355],[-51.242123,-29.953674],[-51.241982,-29.953677],[-51.241823,-29.95391],[-51.241702,-29.953948],[-51.241681,-29.954067],[-51.241613,-29.954119],[-51.241546,-29.954275],[-51.241391,-29.954313],[-51.241358,-29.954387],[-51.241288,-29.954421],[-51.24115,-29.95487],[-51.241053,-29.95488],[-51.241015,-29.955026],[-51.240852,-29.955135],[-51.240881,-29.955264],[-51.240831,-29.955405],[-51.240543,-29.955666],[-51.240567,-29.955703],[-51.240493,-29.955868],[-51.240267,-29.956071],[-51.240267,-29.956123],[-51.240143,-29.956154],[-51.240047,-29.956367],[-51.240062,-29.956463],[-51.239911,-29.956592],[-51.239841,-29.956732],[-51.239708,-29.956816],[-51.239692,-29.956888],[-51.239545,-29.957008],[-51.239455,-29.957169],[-51.239293,-29.957284],[-51.239238,-29.957418],[-51.239172,-29.957405],[-51.239178,-29.95747],[-51.239088,-29.957538],[-51.239064,-29.957618],[-51.238931,-29.957695],[-51.238863,-29.957803],[-51.238862,-29.95775],[-51.238826,-29.95776],[-51.238757,-29.957975],[-51.238625,-29.958069],[-51.238573,-29.95819],[-51.238332,-29.95845],[-51.238011,-29.958736],[-51.237967,-29.958959],[-51.237717,-29.959272],[-51.237604,-29.959335],[-51.237432,-29.959649],[-51.237323,-29.959717],[-51.237205,-29.959907],[-51.237143,-29.959912],[-51.237142,-29.960078],[-51.237014,-29.960157],[-51.236962,-29.960446],[-51.236879,-29.960561],[-51.236823,-29.960764],[-51.236846,-29.960903],[-51.236782,-29.961064],[-51.23678,-29.961412],[-51.236824,-29.961495],[-51.236832,-29.96167],[-51.236897,-29.961686],[-51.236984,-29.961608],[-51.237059,-29.961647],[-51.237159,-29.961566],[-51.237232,-29.961357],[-51.237512,-29.960992],[-51.237515,-29.960875],[-51.237636,-29.960738],[-51.237744,-29.96051],[-51.237875,-29.960373],[-51.237873,-29.960297],[-51.237993,-29.960004],[-51.238097,-29.959989],[-51.238066,-29.959921],[-51.238184,-29.959849],[-51.23826,-29.959726],[-51.238317,-29.959737],[-51.238424,-29.959641],[-51.238471,-29.959445],[-51.238609,-29.959309],[-51.238584,-29.959235],[-51.238784,-29.959058],[-51.23883,-29.95893],[-51.23889,-29.958922],[-51.238951,-29.958829],[-51.238919,-29.958772],[-51.238987,-29.958725],[-51.239001,-29.958786],[-51.239044,-29.958754],[-51.23921,-29.958437],[-51.239351,-29.958371],[-51.239408,-29.958216],[-51.239518,-29.958104],[-51.239504,-29.958044],[-51.239641,-29.957939],[-51.239732,-29.957922],[-51.239756,-29.95788],[-51.239722,-29.957794],[-51.239931,-29.957685],[-51.239999,-29.957575],[-51.239984,-29.957489],[-51.240302,-29.957157],[-51.240391,-29.957122],[-51.240385,-29.957053],[-51.240465,-29.957026],[-51.240521,-29.956926],[-51.24059,-29.956942],[-51.241005,-29.956449],[-51.241124,-29.956417],[-51.241154,-29.956331],[-51.241248,-29.956322],[-51.241282,-29.956263],[-51.241462,-29.95616],[-51.241753,-29.956069],[-51.241802,-29.955948],[-51.241943,-29.95594],[-51.242208,-29.955808],[-51.242281,-29.955809],[-51.242478,-29.955679],[-51.242592,-29.95569],[-51.242651,-29.95561],[-51.242836,-29.955561],[-51.242874,-29.955504],[-51.243086,-29.95544],[-51.243116,-29.955391],[-51.243402,-29.955363],[-51.243411,-29.955297],[-51.243517,-29.955271],[-51.243557,-29.955202],[-51.243627,-29.955241],[-51.243853,-29.955248],[-51.244047,-29.955073],[-51.244533,-29.955059],[-51.244608,-29.955009],[-51.244668,-29.955025],[-51.244727,-29.954963],[-51.244895,-29.954967],[-51.245255,-29.954829],[-51.245393,-29.954835],[-51.245856,-29.954732],[-51.246039,-29.954773],[-51.246152,-29.954698],[-51.246262,-29.954714],[-51.246381,-29.954674],[-51.246461,-29.954718],[-51.246499,-29.954666],[-51.246668,-29.954642],[-51.246888,-29.954666],[-51.246943,-29.954604],[-51.24712,-29.954632],[-51.247186,-29.954566],[-51.247332,-29.954535],[-51.247672,-29.954554],[-51.247745,-29.954517],[-51.248267,-29.95448],[-51.248321,-29.954533],[-51.248338,-29.954465],[-51.24839,-29.954487],[-51.248637,-29.954428],[-51.248703,-29.954482],[-51.248844,-29.954447],[-51.248896,-29.954486],[-51.249283,-29.954403],[-51.249765,-29.954398],[-51.249932,-29.954336],[-51.250155,-29.954399],[-51.250299,-29.95438],[-51.250364,-29.95442],[-51.250558,-29.954412],[-51.250752,-29.954456],[-51.250892,-29.954428],[-51.251222,-29.954485],[-51.251337,-29.954464],[-51.251584,-29.954526],[-51.251627,-29.954495],[-51.251672,-29.954577],[-51.251716,-29.954508],[-51.251766,-29.954552],[-51.251965,-29.954582],[-51.252056,-29.954525],[-51.252142,-29.954612],[-51.252941,-29.954716],[-51.25303,-29.954796],[-51.253186,-29.954833],[-51.253343,-29.954786],[-51.253455,-29.954873],[-51.253613,-29.95492],[-51.253656,-29.954882],[-51.253792,-29.954963],[-51.253832,-29.954928],[-51.253909,-29.954959],[-51.253935,-29.954908],[-51.254032,-29.954958],[-51.254126,-29.954915],[-51.25414,-29.954986],[-51.254212,-29.955034],[-51.254281,-29.954986],[-51.254819,-29.955173],[-51.255049,-29.955173],[-51.255294,-29.955293],[-51.255423,-29.955243],[-51.255654,-29.955334],[-51.255712,-29.955406],[-51.255982,-29.95535],[-51.2561,-29.955418],[-51.256343,-29.95543],[-51.256657,-29.955531],[-51.256913,-29.955493],[-51.257263,-29.955577],[-51.257461,-29.955538],[-51.257528,-29.9556],[-51.257544,-29.955544],[-51.257593,-29.955546],[-51.257677,-29.955619],[-51.257901,-29.955677],[-51.257984,-29.955622],[-51.258118,-29.955628],[-51.258151,-29.955702],[-51.258227,-29.955742],[-51.258305,-29.95568],[-51.258362,-29.955752],[-51.258446,-29.955776],[-51.258711,-29.955753],[-51.258795,-29.955818],[-51.259026,-29.955839],[-51.259299,-29.955798],[-51.259539,-29.9559],[-51.25989,-29.95588],[-51.259947,-29.955903],[-51.259958,-29.955975],[-51.260358,-29.955975],[-51.26087,-29.95608],[-51.26114,-29.956079],[-51.26118,-29.956142],[-51.261348,-29.956173],[-51.261452,-29.95615],[-51.261596,-29.956214],[-51.261872,-29.956196],[-51.262064,-29.956246],[-51.26221,-29.956215],[-51.262385,-29.956267],[-51.262543,-29.956238],[-51.262795,-29.956303],[-51.262972,-29.956303],[-51.263038,-29.956244],[-51.26321,-29.956339],[-51.263312,-29.95626],[-51.263377,-29.956309],[-51.263449,-29.95627],[-51.26348,-29.956313],[-51.263562,-29.956289],[-51.2638,-29.956333],[-51.263929,-29.95628],[-51.264132,-29.956354],[-51.264281,-29.956294],[-51.264545,-29.956358],[-51.264678,-29.956276],[-51.264966,-29.956365],[-51.265228,-29.956313],[-51.265349,-29.956402],[-51.265496,-29.956382],[-51.265463,-29.956324],[-51.265488,-29.956306],[-51.265654,-29.956349],[-51.265722,-29.956237],[-51.26578,-29.956337],[-51.266121,-29.956405],[-51.266202,-29.956343],[-51.266345,-29.956361],[-51.266402,-29.956422],[-51.266564,-29.95635],[-51.266669,-29.956411],[-51.266735,-29.956363],[-51.266892,-29.956441],[-51.266934,-29.956387],[-51.267071,-29.956337],[-51.267398,-29.95638],[-51.267831,-29.956367],[-51.267972,-29.956415],[-51.268158,-29.956321],[-51.26828,-29.9564],[-51.268308,-29.956325],[-51.268658,-29.956349],[-51.269044,-29.956255],[-51.269354,-29.956335],[-51.269541,-29.956236],[-51.269711,-29.956348],[-51.269951,-29.956361],[-51.270028,-29.956352],[-51.270037,-29.95627],[-51.270095,-29.956242],[-51.270782,-29.956325],[-51.271096,-29.956308],[-51.271581,-29.956386],[-51.271686,-29.956371],[-51.271732,-29.956308],[-51.271792,-29.956376],[-51.271959,-29.956369],[-51.272194,-29.956457],[-51.272294,-29.956411],[-51.27239,-29.956484],[-51.272893,-29.956401],[-51.273299,-29.956507],[-51.27356,-29.956472],[-51.274181,-29.956642],[-51.274439,-29.956603],[-51.275053,-29.956627],[-51.275347,-29.956687],[-51.275384,-29.956772],[-51.27561,-29.956791],[-51.275663,-29.956716],[-51.275726,-29.956804],[-51.276116,-29.956841],[-51.276251,-29.956892],[-51.27639,-29.956855],[-51.276939,-29.956981],[-51.277223,-29.956993],[-51.277533,-29.957099],[-51.277712,-29.957094],[-51.278309,-29.957212],[-51.278549,-29.957203],[-51.278629,-29.957268],[-51.279122,-29.957346],[-51.279249,-29.957412],[-51.27951,-29.957382],[-51.279576,-29.957438],[-51.280348,-29.957484],[-51.280535,-29.957588],[-51.280752,-29.957617],[-51.280825,-29.957664],[-51.281,-29.957676],[-51.281068,-29.957642],[-51.281094,-29.957703],[-51.281244,-29.957782],[-51.281319,-29.957764],[-51.2818,-29.957847],[-51.282104,-29.957949],[-51.282258,-29.957935],[-51.282644,-29.958096],[-51.282807,-29.958067],[-51.28281,-29.958139],[-51.282849,-29.958164],[-51.282903,-29.958163],[-51.282926,-29.958117],[-51.283027,-29.958117],[-51.28311,-29.958216],[-51.283263,-29.958109],[-51.283346,-29.958147],[-51.283327,-29.958213],[-51.283408,-29.958183],[-51.283423,-29.958267],[-51.283588,-29.958269],[-51.284009,-29.958508],[-51.284268,-29.958513],[-51.284667,-29.958724],[-51.284732,-29.95869],[-51.284916,-29.958695],[-51.285004,-29.958751],[-51.284961,-29.95888],[-51.285082,-29.95895],[-51.285255,-29.958911],[-51.285325,-29.95895],[-51.285418,-29.958883],[-51.285332,-29.958999],[-51.285426,-29.959153],[-51.285488,-29.959128],[-51.285468,-29.95916],[-51.285548,-29.959171],[-51.285582,-29.959245],[-51.285779,-29.959365],[-51.285994,-29.959438],[-51.286209,-29.959607],[-51.286369,-29.959686],[-51.286393,-29.959664],[-51.286405,-29.959707],[-51.286513,-29.959754],[-51.286673,-29.959624],[-51.286752,-29.959631],[-51.287052,-29.959813],[-51.287247,-29.959869],[-51.287255,-29.959905],[-51.287188,-29.959915],[-51.287127,-29.960003],[-51.287062,-29.960178],[-51.287269,-29.960235],[-51.287394,-29.960455],[-51.287509,-29.960558],[-51.287645,-29.960627],[-51.287695,-29.960594],[-51.28778,-29.960624],[-51.287802,-29.960723],[-51.287947,-29.96081],[-51.287995,-29.960791],[-51.288096,-29.960905],[-51.288153,-29.960893],[-51.288285,-29.960975],[-51.288401,-29.960969],[-51.288433,-29.960996],[-51.288418,-29.961056],[-51.288562,-29.961072],[-51.288787,-29.961216],[-51.289195,-29.961345],[-51.289415,-29.961513],[-51.289675,-29.961619],[-51.289866,-29.961636],[-51.290214,-29.961788],[-51.290472,-29.961825],[-51.290573,-29.961881],[-51.290583,-29.96193],[-51.290669,-29.961911],[-51.290903,-29.961963],[-51.291035,-29.962071],[-51.29114,-29.96205],[-51.291293,-29.962099],[-51.291341,-29.962058],[-51.291523,-29.962187],[-51.291607,-29.962147],[-51.291804,-29.96217],[-51.292036,-29.962119],[-51.292243,-29.962213],[-51.292517,-29.962219],[-51.292698,-29.962313],[-51.292984,-29.962195],[-51.293186,-29.962267],[-51.293327,-29.96219],[-51.293333,-29.962235],[-51.293671,-29.962293],[-51.293781,-29.962232],[-51.293751,-29.962161],[-51.293852,-29.962102],[-51.293847,-29.962225],[-51.293998,-29.962288],[-51.294098,-29.962165],[-51.294173,-29.962218],[-51.294333,-29.962217],[-51.294458,-29.962085],[-51.294569,-29.962109],[-51.294623,-29.962163],[-51.29477,-29.962096],[-51.294865,-29.962165],[-51.294965,-29.96215],[-51.294966,-29.962069],[-51.295032,-29.96217],[-51.295087,-29.96216],[-51.295119,-29.962073],[-51.295152,-29.962095],[-51.295246,-29.962025],[-51.295356,-29.962053],[-51.29539,-29.962102],[-51.295485,-29.962004],[-51.295504,-29.962053],[-51.295564,-29.962033],[-51.295608,-29.962071],[-51.295748,-29.962016],[-51.295803,-29.962055],[-51.296006,-29.96205],[-51.296189,-29.96199],[-51.296392,-29.961785],[-51.296496,-29.961774],[-51.2966,-29.961719],[-51.296639,-29.961644],[-51.296913,-29.961524],[-51.296985,-29.961444],[-51.296979,-29.961342],[-51.29702,-29.961311],[-51.297061,-29.961353],[-51.297138,-29.961307],[-51.297213,-29.961165],[-51.297327,-29.961187],[-51.29741,-29.961051],[-51.297701,-29.960801],[-51.297768,-29.960708],[-51.297799,-29.960538],[-51.297905,-29.960517],[-51.298081,-29.960187],[-51.298189,-29.960094],[-51.298309,-29.95984],[-51.298307,-29.959731],[-51.298537,-29.959426],[-51.298657,-29.959371],[-51.298646,-29.959275],[-51.298702,-29.959201],[-51.298779,-29.958869],[-51.298759,-29.958832],[-51.298961,-29.958472],[-51.29896,-29.958284],[-51.299016,-29.958243],[-51.298972,-29.958186],[-51.299031,-29.958033],[-51.299015,-29.957907],[-51.299041,-29.957817],[-51.299111,-29.957758],[-51.299141,-29.957545],[-51.299237,-29.957283],[-51.299202,-29.957134],[-51.299305,-29.956994],[-51.299259,-29.956961],[-51.299326,-29.956896],[-51.299321,-29.956837],[-51.299403,-29.956785],[-51.299319,-29.956703],[-51.299406,-29.956586],[-51.299368,-29.956413],[-51.299383,-29.956291],[-51.299435,-29.956258],[-51.299432,-29.955869],[-51.299527,-29.955509],[-51.299489,-29.955377],[-51.299559,-29.955282],[-51.299633,-29.955025],[-51.299772,-29.954908],[-51.299737,-29.954705],[-51.299656,-29.954632],[-51.299699,-29.95456],[-51.299654,-29.954538],[-51.299706,-29.954505],[-51.299683,-29.954412],[-51.299723,-29.954262],[-51.299675,-29.954197],[-51.299723,-29.954126],[-51.299719,-29.954015],[-51.299619,-29.953669],[-51.299655,-29.953377],[-51.299569,-29.953035],[-51.299636,-29.953013],[-51.299684,-29.952858],[-51.299639,-29.952556],[-51.299659,-29.952384],[-51.299726,-29.952302],[-51.299695,-29.952247],[-51.299649,-29.952228],[-51.29959,-29.952265],[-51.299463,-29.952218],[-51.299311,-29.952243],[-51.299019,-29.95207],[-51.298816,-29.952151],[-51.29873,-29.952255],[-51.298662,-29.952252],[-51.298598,-29.952192],[-51.298398,-29.952296],[-51.298196,-29.952243],[-51.298097,-29.952114],[-51.298047,-29.952222],[-51.297901,-29.952265],[-51.297633,-29.952161],[-51.297306,-29.952216],[-51.297205,-29.952131],[-51.296913,-29.952229],[-51.296275,-29.952117],[-51.296028,-29.952158],[-51.295821,-29.952073],[-51.29576,-29.952083],[-51.295734,-29.952031],[-51.295645,-29.952061],[-51.295608,-29.952015],[-51.295524,-29.952057],[-51.29534,-29.951913],[-51.295229,-29.951904],[-51.295123,-29.951961],[-51.295029,-29.951908],[-51.295,-29.9518],[-51.294603,-29.951868],[-51.294454,-29.951851],[-51.294136,-29.951924],[-51.293721,-29.95183],[-51.293212,-29.951782],[-51.293008,-29.951713],[-51.292721,-29.951875],[-51.292578,-29.951898],[-51.292299,-29.951784],[-51.292173,-29.951798],[-51.292132,-29.951748],[-51.292003,-29.951771],[-51.291892,-29.951714],[-51.291781,-29.951734],[-51.291687,-29.951675],[-51.291291,-29.951608],[-51.291042,-29.951511],[-51.290967,-29.95154],[-51.290928,-29.951478],[-51.290665,-29.951407],[-51.290633,-29.951421],[-51.290655,-29.951518],[-51.29056,-29.951547],[-51.290488,-29.951501],[-51.290219,-29.95148],[-51.290099,-29.951505],[-51.289907,-29.951458],[-51.289815,-29.951493],[-51.289268,-29.951352],[-51.288888,-29.951333],[-51.288362,-29.951179],[-51.288024,-29.950965],[-51.287863,-29.951028],[-51.287644,-29.951051],[-51.287447,-29.951005],[-51.287418,-29.950938],[-51.287353,-29.950973],[-51.287193,-29.950895],[-51.286998,-29.950883],[-51.28681,-29.950792],[-51.286634,-29.950772],[-51.2865,-29.950669],[-51.286344,-29.950671],[-51.286153,-29.950526],[-51.286098,-29.950426],[-51.286121,-29.950301],[-51.285982,-29.950236],[-51.285509,-29.950138],[-51.285416,-29.950204],[-51.28539,-29.950024],[-51.285279,-29.949914],[-51.285229,-29.9498],[-51.285101,-29.949752],[-51.285045,-29.949669],[-51.284038,-29.949567],[-51.283929,-29.949506],[-51.283915,-29.949411],[-51.283819,-29.949449],[-51.28341,-29.949286],[-51.283302,-29.949202],[-51.283176,-29.949017],[-51.282814,-29.948952],[-51.282748,-29.948747],[-51.28247,-29.948633],[-51.282263,-29.948459],[-51.281829,-29.948364],[-51.28176,-29.948304],[-51.281698,-29.948329],[-51.281253,-29.947944],[-51.280613,-29.94752],[-51.280319,-29.947278],[-51.2802,-29.947245],[-51.279798,-29.946987],[-51.279609,-29.946845],[-51.279538,-29.946733],[-51.279322,-29.94659],[-51.279185,-29.946551],[-51.279148,-29.94647],[-51.27901,-29.946365],[-51.27885,-29.946303],[-51.278713,-29.946174],[-51.277722,-29.945664],[-51.277663,-29.945695],[-51.277625,-29.945606],[-51.277269,-29.945308],[-51.277121,-29.945113],[-51.277061,-29.944964],[-51.276954,-29.944879],[-51.276914,-29.944769],[-51.276392,-29.944442],[-51.276377,-29.944302],[-51.275964,-29.944044],[-51.275909,-29.94393],[-51.275793,-29.94393],[-51.275756,-29.943846],[-51.275613,-29.943821],[-51.275616,-29.943653],[-51.275451,-29.943577],[-51.275499,-29.943509],[-51.275239,-29.943481],[-51.275141,-29.943246],[-51.274714,-29.942898],[-51.274526,-29.94284],[-51.274473,-29.942744],[-51.274379,-29.942684],[-51.274316,-29.942556],[-51.274102,-29.942458],[-51.274073,-29.94233],[-51.273958,-29.942188],[-51.273797,-29.942222],[-51.273742,-29.942197],[-51.273716,-29.942144],[-51.273775,-29.942078],[-51.273661,-29.941908],[-51.273484,-29.941734],[-51.273383,-29.941745],[-51.273342,-29.941696],[-51.273363,-29.941479],[-51.273116,-29.941241],[-51.272826,-29.941042],[-51.27268,-29.940979],[-51.272488,-29.94097],[-51.272448,-29.940842],[-51.27233,-29.940801],[-51.272283,-29.940709],[-51.272238,-29.940689],[-51.272215,-29.940742],[-51.272164,-29.940729],[-51.271884,-29.940493],[-51.271585,-29.940369],[-51.271509,-29.940258],[-51.271387,-29.940206],[-51.271355,-29.940131],[-51.271303,-29.940151],[-51.271078,-29.940073],[-51.270776,-29.940046],[-51.270557,-29.939915],[-51.270215,-29.939908],[-51.269945,-29.939824],[-51.269849,-29.939752],[-51.269689,-29.939765],[-51.269452,-29.939708],[-51.269438,-29.939709]]]}},{"type":"Feature","properties":{"name":"Arquipélago","code":104},"geometry":{"type":"Polygon","coordinates":[[[-51.272643,-29.938247],[-51.272469,-29.938316],[-51.272407,-29.938406],[-51.272643,-29.938686],[-51.272739,-29.938701],[-51.272769,-29.938753],[-51.273004,-29.938886],[-51.273046,-29.938865],[-51.273225,-29.939042],[-51.273353,-29.939056],[-51.273529,-29.939208],[-51.274101,-29.939485],[-51.274129,-29.939605],[-51.274411,-29.939681],[-51.274564,-29.939766],[-51.274566,-29.939817],[-51.274647,-29.939827],[-51.274681,-29.939892],[-51.274764,-29.939899],[-51.274821,-29.94],[-51.275007,-29.940044],[-51.275028,-29.94012],[-51.275107,-29.940131],[-51.275187,-29.94021],[-51.275369,-29.940276],[-51.275522,-29.940388],[-51.275558,-29.940508],[-51.275737,-29.940522],[-51.275826,-29.94059],[-51.275892,-29.94073],[-51.27603,-29.940731],[-51.276308,-29.940901],[-51.276409,-29.941035],[-51.276646,-29.941139],[-51.276858,-29.941352],[-51.277233,-29.941508],[-51.277465,-29.941755],[-51.278078,-29.942095],[-51.278235,-29.94225],[-51.278512,-29.942426],[-51.278654,-29.942477],[-51.278836,-29.942612],[-51.279056,-29.942686],[-51.27916,-29.942803],[-51.279378,-29.942742],[-51.279501,-29.942814],[-51.279562,-29.942768],[-51.27965,-29.942782],[-51.279829,-29.942919],[-51.279993,-29.942871],[-51.280067,-29.942901],[-51.280147,-29.942845],[-51.280168,-29.942772],[-51.280141,-29.942682],[-51.280026,-29.942618],[-51.280051,-29.942474],[-51.279912,-29.942476],[-51.27992,-29.942367],[-51.279597,-29.942129],[-51.279378,-29.941749],[-51.278846,-29.941356],[-51.27853,-29.941035],[-51.278104,-29.940779],[-51.277984,-29.940614],[-51.27728,-29.940196],[-51.277245,-29.940095],[-51.27705,-29.940048],[-51.27693,-29.939916],[-51.276804,-29.939889],[-51.276791,-29.939814],[-51.276576,-29.939713],[-51.276484,-29.939721],[-51.27627,-29.939533],[-51.27611,-29.939498],[-51.275857,-29.939279],[-51.275607,-29.939188],[-51.275322,-29.939006],[-51.275146,-29.938991],[-51.274712,-29.938831],[-51.274424,-29.938667],[-51.274289,-29.93868],[-51.273717,-29.938451],[-51.273185,-29.938352],[-51.273068,-29.938262],[-51.272651,-29.938245],[-51.272643,-29.938247]]]}},{"type":"Feature","properties":{"name":"Arquipélago","code":104},"geometry":{"type":"Polygon","coordinates":[[[-51.263478,-29.930794],[-51.263452,-29.93081],[-51.2635,-29.930855],[-51.263414,-29.930827],[-51.263438,-29.930856],[-51.263316,-29.930958],[-51.263282,-29.931079],[-51.263208,-29.9311],[-51.263164,-29.931181],[-51.263118,-29.931275],[-51.263119,-29.931394],[-51.263015,-29.931472],[-51.263009,-29.931593],[-51.263135,-29.93168],[-51.263222,-29.931813],[-51.263663,-29.931849],[-51.263696,-29.931904],[-51.263847,-29.931858],[-51.264238,-29.93199],[-51.264377,-29.932095],[-51.264501,-29.932036],[-51.264757,-29.93205],[-51.264937,-29.932117],[-51.265046,-29.93211],[-51.265083,-29.932155],[-51.265148,-29.932137],[-51.265259,-29.932207],[-51.265607,-29.932188],[-51.26572,-29.932287],[-51.265914,-29.932373],[-51.266063,-29.932336],[-51.266173,-29.932361],[-51.266204,-29.932326],[-51.26616,-29.932292],[-51.266196,-29.932262],[-51.266278,-29.932344],[-51.266447,-29.932324],[-51.266611,-29.932463],[-51.266789,-29.932355],[-51.26683,-29.932373],[-51.26682,-29.932453],[-51.266853,-29.932475],[-51.267029,-29.9324],[-51.26714,-29.932427],[-51.267245,-29.932397],[-51.267278,-29.932426],[-51.267358,-29.932383],[-51.267517,-29.932473],[-51.267721,-29.93248],[-51.267937,-29.932408],[-51.26799,-29.932349],[-51.268117,-29.932377],[-51.268241,-29.932342],[-51.268275,-29.932286],[-51.268367,-29.932326],[-51.268457,-29.932305],[-51.268667,-29.932182],[-51.269104,-29.93212],[-51.269304,-29.932023],[-51.269816,-29.93205],[-51.269965,-29.931953],[-51.270152,-29.931944],[-51.270292,-29.931852],[-51.270595,-29.931842],[-51.270694,-29.931781],[-51.27066,-29.931686],[-51.270538,-29.931584],[-51.269383,-29.9312],[-51.268867,-29.93113],[-51.268719,-29.931146],[-51.26854,-29.931098],[-51.268374,-29.931151],[-51.268249,-29.931095],[-51.267902,-29.931051],[-51.267662,-29.930966],[-51.267608,-29.930994],[-51.267401,-29.930923],[-51.267209,-29.930925],[-51.267186,-29.930975],[-51.26693,-29.930956],[-51.26685,-29.930895],[-51.266761,-29.930947],[-51.266454,-29.930882],[-51.266397,-29.93091],[-51.266351,-29.930872],[-51.266224,-29.930867],[-51.266117,-29.930912],[-51.26587,-29.930845],[-51.265762,-29.930892],[-51.265577,-29.930814],[-51.265554,-29.930849],[-51.265157,-29.930843],[-51.264341,-29.930794],[-51.263888,-29.930839],[-51.263723,-29.930817],[-51.263699,-29.930837],[-51.263732,-29.930886],[-51.263699,-29.930904],[-51.263483,-29.930792],[-51.263478,-29.930794]]]}},{"type":"Feature","properties":{"name":"Santa Tereza","code":158},"geometry":{"type":"Polygon","coordinates":[[[-51.213193,-30.074135],[-51.214827,-30.074659],[-51.214827,-30.075144],[-51.214747,-30.075803],[-51.214559,-30.076738],[-51.218427,-30.079593],[-51.219184,-30.080447],[-51.219275,-30.080523],[-51.219426,-30.080642],[-51.22084,-30.081402],[-51.227959,-30.086689],[-51.229547,-30.085081],[-51.230926,-30.084858],[-51.232182,-30.084606],[-51.232147,-30.084281],[-51.232169,-30.084185],[-51.232203,-30.084086],[-51.232349,-30.083819],[-51.231073,-30.082836],[-51.234125,-30.08115],[-51.233937,-30.08077],[-51.233832,-30.080561],[-51.233903,-30.080526],[-51.234172,-30.080371],[-51.234702,-30.078382],[-51.23505,-30.077662],[-51.235417,-30.077554],[-51.23785,-30.077145],[-51.238301,-30.076813],[-51.238683,-30.076676],[-51.239145,-30.076389],[-51.239302,-30.076322],[-51.239656,-30.076262],[-51.240151,-30.075837],[-51.240337,-30.075756],[-51.24038,-30.075516],[-51.240791,-30.075158],[-51.240891,-30.074915],[-51.240889,-30.074809],[-51.240971,-30.074738],[-51.240897,-30.074527],[-51.240965,-30.074254],[-51.241237,-30.074081],[-51.241395,-30.074108],[-51.240681,-30.073449],[-51.240584,-30.073332],[-51.240523,-30.073235],[-51.239721,-30.071219],[-51.239071,-30.070471],[-51.238902,-30.07014],[-51.236219,-30.06746],[-51.235175,-30.066507],[-51.232282,-30.064215],[-51.231813,-30.063637],[-51.231709,-30.063442],[-51.231609,-30.063201],[-51.229056,-30.064038],[-51.224115,-30.067095],[-51.223082,-30.063473],[-51.222958,-30.063241],[-51.221422,-30.062102],[-51.219667,-30.061186],[-51.219508,-30.06107],[-51.219266,-30.060879],[-51.219181,-30.060789],[-51.219117,-30.060677],[-51.217129,-30.063507],[-51.216043,-30.065267],[-51.213438,-30.068408],[-51.213022,-30.068502],[-51.213226,-30.069729],[-51.213206,-30.072598],[-51.213193,-30.074135]]]}},{"type":"Feature","properties":{"name":"Chácara Das Pedras","code":117},"geometry":{"type":"Polygon","coordinates":[[[-51.158694,-30.028441],[-51.158485,-30.029641],[-51.158467,-30.029821],[-51.158477,-30.030124],[-51.158567,-30.030475],[-51.158822,-30.0309],[-51.159622,-30.031928],[-51.159652,-30.032192],[-51.159618,-30.033206],[-51.159578,-30.033486],[-51.159514,-30.03371],[-51.159112,-30.034543],[-51.158857,-30.035165],[-51.158563,-30.03622],[-51.158389,-30.036832],[-51.158059,-30.037636],[-51.158026,-30.03781],[-51.158349,-30.039407],[-51.158756,-30.039947],[-51.159352,-30.040648],[-51.159431,-30.040731],[-51.161747,-30.040046],[-51.162156,-30.039968],[-51.162935,-30.039947],[-51.169311,-30.040966],[-51.169332,-30.040262],[-51.1693,-30.040083],[-51.169244,-30.039929],[-51.169147,-30.039741],[-51.168875,-30.03944],[-51.168626,-30.039243],[-51.168263,-30.03903],[-51.167846,-30.038819],[-51.168389,-30.038206],[-51.167725,-30.03775],[-51.166915,-30.035392],[-51.166921,-30.034327],[-51.166715,-30.03373],[-51.166524,-30.031736],[-51.166466,-30.031603],[-51.166235,-30.030947],[-51.166137,-30.030734],[-51.166062,-30.030596],[-51.165845,-30.028131],[-51.161874,-30.028022],[-51.160067,-30.028045],[-51.159513,-30.028124],[-51.158817,-30.028367],[-51.158694,-30.028441]]]}},{"type":"Feature","properties":{"name":"Três Figueiras","code":168},"geometry":{"type":"Polygon","coordinates":[[[-51.165845,-30.028131],[-51.166062,-30.030596],[-51.166137,-30.030734],[-51.166235,-30.030947],[-51.166466,-30.031603],[-51.166524,-30.031736],[-51.166715,-30.03373],[-51.166921,-30.034327],[-51.166915,-30.035392],[-51.167725,-30.03775],[-51.168389,-30.038206],[-51.167846,-30.038819],[-51.168263,-30.03903],[-51.168626,-30.039243],[-51.168875,-30.03944],[-51.169147,-30.039741],[-51.169244,-30.039929],[-51.1693,-30.040083],[-51.169332,-30.040262],[-51.169311,-30.040966],[-51.169668,-30.041018],[-51.169963,-30.041007],[-51.17032,-30.040888],[-51.170581,-30.040689],[-51.17149,-30.039833],[-51.173138,-30.03887],[-51.173774,-30.038622],[-51.173861,-30.038253],[-51.173887,-30.03817],[-51.174151,-30.037615],[-51.174329,-30.037315],[-51.174533,-30.037066],[-51.174983,-30.036689],[-51.175957,-30.03618],[-51.176509,-30.035843],[-51.176847,-30.035586],[-51.177244,-30.035201],[-51.179866,-30.031829],[-51.18091,-30.029487],[-51.17448,-30.027655],[-51.173647,-30.02748],[-51.173145,-30.027467],[-51.172667,-30.027521],[-51.17226,-30.027617],[-51.171074,-30.028037],[-51.169932,-30.028205],[-51.169258,-30.028231],[-51.165946,-30.028142],[-51.165845,-30.028131]]]}},{"type":"Feature","properties":{"name":"Jardim Sabará","code":207},"geometry":{"type":"Polygon","coordinates":[[[-51.133598,-30.030606],[-51.1347,-30.031745],[-51.1347,-30.031745],[-51.134841,-30.031987],[-51.135046,-30.032821],[-51.135299,-30.035309],[-51.135768,-30.0423],[-51.135767,-30.042478],[-51.135747,-30.042582],[-51.138393,-30.043216],[-51.14092,-30.043945],[-51.141286,-30.044013],[-51.141673,-30.044021],[-51.142435,-30.043865],[-51.144554,-30.043186],[-51.145997,-30.04252],[-51.147437,-30.041969],[-51.147669,-30.041912],[-51.149747,-30.041737],[-51.148797,-30.036433],[-51.148913,-30.03643],[-51.148714,-30.035747],[-51.14868,-30.035387],[-51.14851,-30.034605],[-51.14794,-30.033372],[-51.147876,-30.033034],[-51.147712,-30.031417],[-51.147681,-30.030757],[-51.14766,-30.030049],[-51.147617,-30.03001],[-51.147144,-30.027329],[-51.144578,-30.027327],[-51.144483,-30.027357],[-51.144421,-30.027409],[-51.143814,-30.027896],[-51.143715,-30.027954],[-51.143658,-30.027982],[-51.14365,-30.027548],[-51.138793,-30.027558],[-51.138807,-30.028529],[-51.13926,-30.029646],[-51.134916,-30.030909],[-51.134443,-30.030356],[-51.133598,-30.030606]]]}},{"type":"Feature","properties":{"name":"Medianeira","code":138},"geometry":{"type":"Polygon","coordinates":[[[-51.213308,-30.058214],[-51.211555,-30.060652],[-51.211562,-30.061098],[-51.211684,-30.061774],[-51.210989,-30.061193],[-51.210769,-30.06099],[-51.210341,-30.060226],[-51.210144,-30.059888],[-51.209994,-30.059699],[-51.209894,-30.059597],[-51.209816,-30.059532],[-51.209273,-30.059601],[-51.209156,-30.059576],[-51.209045,-30.059489],[-51.208334,-30.058885],[-51.208034,-30.059286],[-51.207292,-30.060465],[-51.207214,-30.06058],[-51.206423,-30.061912],[-51.206265,-30.062457],[-51.206226,-30.06282],[-51.20615,-30.063524],[-51.201901,-30.064722],[-51.203284,-30.068294],[-51.202441,-30.068535],[-51.202659,-30.068921],[-51.205021,-30.069003],[-51.204851,-30.06943],[-51.204637,-30.069934],[-51.208499,-30.07052],[-51.208782,-30.07052],[-51.21118,-30.070078],[-51.211326,-30.070625],[-51.211329,-30.070696],[-51.211302,-30.070791],[-51.21103,-30.071397],[-51.210752,-30.071899],[-51.210435,-30.072474],[-51.212431,-30.073675],[-51.213193,-30.074135],[-51.213226,-30.069729],[-51.213022,-30.068502],[-51.213438,-30.068408],[-51.216043,-30.065267],[-51.217129,-30.063507],[-51.219117,-30.060677],[-51.216954,-30.059724],[-51.21642,-30.059297],[-51.216319,-30.059342],[-51.216282,-30.059342],[-51.213448,-30.058026],[-51.213308,-30.058214]]]}},{"type":"Feature","properties":{"name":"Santo Antônio","code":160},"geometry":{"type":"Polygon","coordinates":[[[-51.204702,-30.052796],[-51.204101,-30.053021],[-51.203358,-30.053303],[-51.201352,-30.053831],[-51.200603,-30.054074],[-51.197959,-30.056233],[-51.195146,-30.058099],[-51.199188,-30.065212],[-51.200566,-30.064893],[-51.201387,-30.064819],[-51.202144,-30.064673],[-51.20615,-30.063524],[-51.206226,-30.06282],[-51.206265,-30.062457],[-51.206487,-30.061786],[-51.208034,-30.059286],[-51.208334,-30.058885],[-51.210006,-30.057028],[-51.211277,-30.054491],[-51.211334,-30.054378],[-51.211535,-30.053999],[-51.211797,-30.053535],[-51.210862,-30.053621],[-51.210789,-30.052693],[-51.209036,-30.052807],[-51.208653,-30.05138],[-51.207504,-30.051757],[-51.205524,-30.052498],[-51.204702,-30.052796]]]}},{"type":"Feature","properties":{"name":"Jardim Botânico","code":130},"geometry":{"type":"Polygon","coordinates":[[[-51.182188,-30.046743],[-51.181881,-30.046764],[-51.181497,-30.046763],[-51.180397,-30.046678],[-51.180219,-30.046748],[-51.179888,-30.0469],[-51.178957,-30.046975],[-51.179029,-30.047163],[-51.179052,-30.047225],[-51.178512,-30.047656],[-51.178411,-30.047713],[-51.172486,-30.047596],[-51.172797,-30.04888],[-51.172773,-30.049338],[-51.172657,-30.049696],[-51.171413,-30.051815],[-51.169351,-30.054038],[-51.169151,-30.054538],[-51.169106,-30.05483],[-51.169151,-30.055756],[-51.17099,-30.055751],[-51.171899,-30.055888],[-51.172554,-30.056112],[-51.178723,-30.058771],[-51.178996,-30.058851],[-51.179262,-30.058916],[-51.179895,-30.059016],[-51.180527,-30.059045],[-51.181214,-30.058999],[-51.181979,-30.05885],[-51.182822,-30.058549],[-51.192019,-30.054012],[-51.192332,-30.053812],[-51.192578,-30.05364],[-51.192967,-30.053312],[-51.193571,-30.052673],[-51.195142,-30.050424],[-51.194913,-30.050309],[-51.194786,-30.050286],[-51.194644,-30.050274],[-51.193665,-30.050438],[-51.193586,-30.050077],[-51.193493,-30.049694],[-51.191942,-30.049959],[-51.19151,-30.049962],[-51.191021,-30.04987],[-51.190475,-30.049975],[-51.190056,-30.048984],[-51.184529,-30.050658],[-51.183838,-30.04945],[-51.183407,-30.049],[-51.183048,-30.048434],[-51.183044,-30.048412],[-51.183031,-30.048335],[-51.183148,-30.047977],[-51.183294,-30.047568],[-51.183382,-30.047484],[-51.183629,-30.04742],[-51.183657,-30.046508],[-51.182567,-30.046691],[-51.182188,-30.046743]]]}},{"type":"Feature","properties":{"name":"Menino Deus","code":139},"geometry":{"type":"Polygon","coordinates":[[[-51.220919,-30.043926],[-51.220349,-30.044275],[-51.21937,-30.045157],[-51.218891,-30.045811],[-51.218677,-30.046254],[-51.21849,-30.04678],[-51.218136,-30.048981],[-51.218423,-30.054131],[-51.21813,-30.057286],[-51.218091,-30.057454],[-51.218004,-30.057987],[-51.217699,-30.058671],[-51.217398,-30.058972],[-51.216768,-30.059589],[-51.216954,-30.059724],[-51.217305,-30.059887],[-51.219117,-30.060677],[-51.219181,-30.060789],[-51.219266,-30.060879],[-51.219508,-30.06107],[-51.219667,-30.061186],[-51.221422,-30.062102],[-51.222895,-30.063176],[-51.222958,-30.063241],[-51.223005,-30.063302],[-51.223044,-30.063372],[-51.223082,-30.063473],[-51.224115,-30.067095],[-51.229056,-30.064038],[-51.231609,-30.063201],[-51.231042,-30.061476],[-51.230952,-30.061409],[-51.230814,-30.061082],[-51.230755,-30.060934],[-51.230009,-30.05881],[-51.22998,-30.058719],[-51.229998,-30.058664],[-51.230013,-30.058612],[-51.229318,-30.056336],[-51.228826,-30.054534],[-51.227821,-30.048704],[-51.227533,-30.047334],[-51.227369,-30.046174],[-51.227372,-30.045937],[-51.227782,-30.043132],[-51.221645,-30.043684],[-51.221394,-30.043732],[-51.221243,-30.043777],[-51.221128,-30.043823],[-51.220968,-30.043902],[-51.220919,-30.043926]]]}},{"type":"Feature","properties":{"name":"Azenha","code":106},"geometry":{"type":"Polygon","coordinates":[[[-51.208477,-30.051425],[-51.208653,-30.05138],[-51.209036,-30.052807],[-51.210789,-30.052693],[-51.210862,-30.053621],[-51.211797,-30.053535],[-51.211535,-30.053999],[-51.211334,-30.054378],[-51.211277,-30.054491],[-51.210006,-30.057028],[-51.208334,-30.058885],[-51.209045,-30.059489],[-51.209156,-30.059576],[-51.209273,-30.059601],[-51.209816,-30.059532],[-51.209894,-30.059597],[-51.209994,-30.059699],[-51.210144,-30.059888],[-51.210341,-30.060226],[-51.210769,-30.06099],[-51.210989,-30.061193],[-51.211684,-30.061774],[-51.211562,-30.061098],[-51.211555,-30.060652],[-51.213448,-30.058026],[-51.216282,-30.059342],[-51.216319,-30.059342],[-51.21642,-30.059297],[-51.21656,-30.059437],[-51.216768,-30.059589],[-51.217398,-30.058972],[-51.217699,-30.058671],[-51.218004,-30.057987],[-51.218091,-30.057454],[-51.21813,-30.057286],[-51.218415,-30.054314],[-51.218365,-30.052776],[-51.218134,-30.049071],[-51.218183,-30.048574],[-51.21846,-30.046921],[-51.218677,-30.046254],[-51.21903,-30.045583],[-51.21937,-30.045157],[-51.21953,-30.044996],[-51.219709,-30.044818],[-51.220349,-30.044275],[-51.220919,-30.043926],[-51.220783,-30.043718],[-51.216381,-30.041186],[-51.214664,-30.043401],[-51.214623,-30.043469],[-51.214423,-30.043777],[-51.214324,-30.043881],[-51.214099,-30.044118],[-51.209099,-30.050577],[-51.208477,-30.051425]]]}},{"type":"Feature","properties":{"name":"Santa Cecília","code":156},"geometry":{"type":"Polygon","coordinates":[[[-51.195908,-30.040289],[-51.197352,-30.046306],[-51.197369,-30.046324],[-51.197412,-30.046371],[-51.197605,-30.046458],[-51.197826,-30.046579],[-51.198697,-30.045339],[-51.199315,-30.044413],[-51.199789,-30.043877],[-51.20019,-30.043602],[-51.200511,-30.043489],[-51.200822,-30.043382],[-51.201171,-30.043346],[-51.205333,-30.043296],[-51.205912,-30.043469],[-51.206257,-30.04363],[-51.20695,-30.044038],[-51.207009,-30.044072],[-51.207164,-30.04386],[-51.207778,-30.04314],[-51.20792,-30.04291],[-51.207989,-30.042747],[-51.208038,-30.04256],[-51.208323,-30.036947],[-51.204794,-30.037496],[-51.201572,-30.038961],[-51.199809,-30.039343],[-51.197499,-30.04005],[-51.196646,-30.040197],[-51.195908,-30.040289]]]}},{"type":"Feature","properties":{"name":"Santana","code":159},"geometry":{"type":"Polygon","coordinates":[[[-51.207164,-30.04386],[-51.207009,-30.044072],[-51.20695,-30.044038],[-51.206257,-30.04363],[-51.205912,-30.043469],[-51.205333,-30.043296],[-51.201171,-30.043346],[-51.200822,-30.043382],[-51.200511,-30.043489],[-51.20019,-30.043602],[-51.199789,-30.043877],[-51.199315,-30.044413],[-51.196524,-30.048442],[-51.204702,-30.052796],[-51.208477,-30.051425],[-51.210011,-30.049385],[-51.214099,-30.044118],[-51.214324,-30.043881],[-51.214423,-30.043777],[-51.214623,-30.043469],[-51.214664,-30.043401],[-51.216381,-30.041186],[-51.209357,-30.037071],[-51.208968,-30.036794],[-51.208323,-30.036947],[-51.208071,-30.042193],[-51.208038,-30.04256],[-51.207989,-30.042747],[-51.20792,-30.04291],[-51.207778,-30.04314],[-51.207164,-30.04386]]]}},{"type":"Feature","properties":{"name":"Praia De Belas","code":151},"geometry":{"type":"Polygon","coordinates":[[[-51.240986,-30.035891],[-51.240847,-30.036164],[-51.240454,-30.036519],[-51.239956,-30.036829],[-51.239486,-30.036995],[-51.239035,-30.037068],[-51.237229,-30.037228],[-51.237087,-30.037281],[-51.235998,-30.037325],[-51.235355,-30.037402],[-51.23507,-30.037415],[-51.234764,-30.037423],[-51.233628,-30.037368],[-51.232903,-30.037396],[-51.232814,-30.037377],[-51.232759,-30.037344],[-51.231112,-30.037485],[-51.230802,-30.037559],[-51.230451,-30.037704],[-51.230109,-30.03793],[-51.229697,-30.038292],[-51.229301,-30.038522],[-51.228858,-30.038665],[-51.228376,-30.038723],[-51.228565,-30.040303],[-51.228246,-30.040771],[-51.228043,-30.041269],[-51.227384,-30.045849],[-51.227369,-30.046174],[-51.227533,-30.047334],[-51.227821,-30.048704],[-51.228854,-30.054669],[-51.229559,-30.057162],[-51.230013,-30.058612],[-51.229998,-30.058664],[-51.22998,-30.058719],[-51.230707,-30.060806],[-51.230952,-30.061409],[-51.231042,-30.061476],[-51.231609,-30.063201],[-51.231709,-30.063442],[-51.231813,-30.063637],[-51.231847,-30.063686],[-51.231976,-30.063873],[-51.232446,-30.06437],[-51.234627,-30.066045],[-51.235568,-30.066859],[-51.235884,-30.067151],[-51.236219,-30.06746],[-51.238902,-30.07014],[-51.239071,-30.070471],[-51.239721,-30.071219],[-51.240523,-30.073235],[-51.240584,-30.073332],[-51.240681,-30.073449],[-51.241395,-30.074108],[-51.242305,-30.073049],[-51.242216,-30.072754],[-51.242104,-30.072658],[-51.241917,-30.072613],[-51.241824,-30.072369],[-51.2417,-30.07229],[-51.241676,-30.072181],[-51.241492,-30.071955],[-51.241401,-30.071506],[-51.241415,-30.07139],[-51.241333,-30.071347],[-51.241269,-30.07108],[-51.241227,-30.071034],[-51.241235,-30.070958],[-51.241139,-30.070908],[-51.241153,-30.070806],[-51.241077,-30.070679],[-51.241084,-30.070575],[-51.24098,-30.070399],[-51.240959,-30.070216],[-51.240862,-30.07009],[-51.240864,-30.069857],[-51.240985,-30.069789],[-51.240943,-30.069743],[-51.240846,-30.069754],[-51.240795,-30.069672],[-51.240804,-30.069597],[-51.240883,-30.069581],[-51.240784,-30.069488],[-51.240805,-30.069338],[-51.240876,-30.069218],[-51.240653,-30.068963],[-51.240626,-30.068712],[-51.240549,-30.068605],[-51.240534,-30.068477],[-51.240554,-30.068271],[-51.240617,-30.068207],[-51.240546,-30.068129],[-51.240607,-30.067613],[-51.240557,-30.067456],[-51.240592,-30.067271],[-51.240561,-30.067187],[-51.240598,-30.067018],[-51.240571,-30.066934],[-51.240672,-30.066904],[-51.240668,-30.066887],[-51.240654,-30.06687],[-51.240547,-30.066875],[-51.240512,-30.066823],[-51.240517,-30.06634],[-51.240367,-30.065827],[-51.240148,-30.065353],[-51.240114,-30.064464],[-51.24,-30.063744],[-51.239877,-30.063301],[-51.239175,-30.062675],[-51.238539,-30.061923],[-51.238075,-30.061449],[-51.237898,-30.061369],[-51.237682,-30.061144],[-51.237256,-30.060814],[-51.236918,-30.060797],[-51.236917,-30.060731],[-51.236843,-30.060663],[-51.236588,-30.0606],[-51.236509,-30.060399],[-51.236008,-30.060182],[-51.23592,-30.060093],[-51.235873,-30.059951],[-51.235756,-30.059852],[-51.235632,-30.059411],[-51.23556,-30.059344],[-51.235412,-30.059367],[-51.235088,-30.05929],[-51.234924,-30.059122],[-51.234783,-30.059042],[-51.234631,-30.058717],[-51.234609,-30.058611],[-51.23464,-30.058499],[-51.234499,-30.058474],[-51.234423,-30.058381],[-51.234402,-30.058127],[-51.234445,-30.057911],[-51.23437,-30.057885],[-51.234356,-30.057787],[-51.234287,-30.057699],[-51.234292,-30.057332],[-51.234351,-30.057211],[-51.234408,-30.056819],[-51.234317,-30.056494],[-51.234325,-30.056357],[-51.234264,-30.056318],[-51.234213,-30.056107],[-51.234265,-30.055832],[-51.23425,-30.055645],[-51.23417,-30.055395],[-51.234178,-30.055312],[-51.233951,-30.055192],[-51.23393,-30.055025],[-51.23386,-30.054902],[-51.233887,-30.054781],[-51.233808,-30.054661],[-51.233853,-30.054495],[-51.233794,-30.053911],[-51.233732,-30.053711],[-51.233654,-30.053621],[-51.233724,-30.053478],[-51.233683,-30.053248],[-51.23373,-30.053162],[-51.233696,-30.053086],[-51.233736,-30.053024],[-51.233665,-30.052899],[-51.233685,-30.052802],[-51.23376,-30.052715],[-51.233703,-30.052585],[-51.233769,-30.052517],[-51.233688,-30.05245],[-51.233775,-30.05219],[-51.23374,-30.052048],[-51.233808,-30.051831],[-51.233941,-30.051703],[-51.233909,-30.051618],[-51.23373,-30.05157],[-51.2337,-30.051484],[-51.233837,-30.051065],[-51.233811,-30.050731],[-51.233878,-30.050609],[-51.233787,-30.050446],[-51.233794,-30.050345],[-51.233729,-30.05027],[-51.233789,-30.050167],[-51.233746,-30.049943],[-51.233609,-30.049735],[-51.233638,-30.049606],[-51.233745,-30.049529],[-51.233671,-30.049418],[-51.23367,-30.049286],[-51.23372,-30.049203],[-51.233707,-30.04911],[-51.233774,-30.049024],[-51.233698,-30.048887],[-51.233783,-30.048705],[-51.23368,-30.048575],[-51.233744,-30.04846],[-51.233705,-30.048428],[-51.233728,-30.048371],[-51.234127,-30.047771],[-51.234091,-30.047678],[-51.23389,-30.047591],[-51.233301,-30.047642],[-51.23286,-30.04758],[-51.232815,-30.04715],[-51.233039,-30.047107],[-51.234179,-30.047066],[-51.234553,-30.04699],[-51.234755,-30.047049],[-51.23474,-30.04702],[-51.234925,-30.046974],[-51.234915,-30.046939],[-51.234993,-30.046912],[-51.23512,-30.046719],[-51.235018,-30.046508],[-51.235167,-30.046153],[-51.234996,-30.045308],[-51.23506,-30.045227],[-51.235136,-30.045236],[-51.23521,-30.045185],[-51.235259,-30.0452],[-51.235377,-30.045395],[-51.235452,-30.045411],[-51.23547,-30.045545],[-51.235583,-30.04561],[-51.235582,-30.04567],[-51.235704,-30.045758],[-51.235828,-30.045979],[-51.235892,-30.046005],[-51.23593,-30.046102],[-51.236139,-30.046343],[-51.236843,-30.046653],[-51.237015,-30.046744],[-51.237091,-30.046833],[-51.237298,-30.046893],[-51.237418,-30.046978],[-51.237731,-30.047063],[-51.237825,-30.047037],[-51.237833,-30.046913],[-51.237527,-30.046807],[-51.23744,-30.046712],[-51.237358,-30.046722],[-51.237338,-30.046671],[-51.236878,-30.046526],[-51.236833,-30.046431],[-51.23662,-30.046339],[-51.236609,-30.046199],[-51.236508,-30.0461],[-51.23642,-30.046077],[-51.236386,-30.045937],[-51.236309,-30.045891],[-51.236076,-30.045558],[-51.235867,-30.04538],[-51.235786,-30.045172],[-51.235738,-30.045116],[-51.235656,-30.045107],[-51.235576,-30.044882],[-51.235473,-30.044812],[-51.235387,-30.044565],[-51.235279,-30.044425],[-51.235423,-30.044174],[-51.235734,-30.043896],[-51.236302,-30.043476],[-51.236873,-30.043121],[-51.237144,-30.042999],[-51.237407,-30.042889],[-51.237701,-30.042904],[-51.238095,-30.042758],[-51.23828,-30.042729],[-51.238528,-30.042716],[-51.238935,-30.042788],[-51.239048,-30.042718],[-51.239057,-30.042661],[-51.239131,-30.042604],[-51.2397,-30.042364],[-51.239936,-30.042406],[-51.240099,-30.042509],[-51.240316,-30.04243],[-51.240339,-30.04236],[-51.240513,-30.042244],[-51.240565,-30.04226],[-51.240666,-30.042208],[-51.240709,-30.042145],[-51.240676,-30.042044],[-51.240749,-30.042002],[-51.240972,-30.04206],[-51.240994,-30.042113],[-51.241099,-30.042153],[-51.241143,-30.042098],[-51.241215,-30.0421],[-51.24121,-30.041985],[-51.241275,-30.041962],[-51.241347,-30.041811],[-51.241482,-30.041683],[-51.241558,-30.041679],[-51.241513,-30.041578],[-51.241591,-30.041468],[-51.241597,-30.041302],[-51.241514,-30.041169],[-51.241679,-30.040648],[-51.241852,-30.039332],[-51.241823,-30.039072],[-51.241882,-30.038193],[-51.241856,-30.037975],[-51.241905,-30.037802],[-51.241851,-30.037599],[-51.241904,-30.03751],[-51.241915,-30.037214],[-51.241996,-30.036926],[-51.24192,-30.036317],[-51.241974,-30.036196],[-51.241946,-30.036156],[-51.242088,-30.036002],[-51.241985,-30.035815],[-51.242038,-30.035749],[-51.242021,-30.035687],[-51.242142,-30.035505],[-51.242137,-30.035458],[-51.240973,-30.035382],[-51.241018,-30.035621],[-51.240998,-30.035847],[-51.240986,-30.035891]]]}},{"type":"Feature","properties":{"name":"Cidade Baixa","code":116},"geometry":{"type":"Polygon","coordinates":[[[-51.216381,-30.041186],[-51.220669,-30.043629],[-51.220838,-30.04378],[-51.220919,-30.043926],[-51.221243,-30.043777],[-51.221394,-30.043732],[-51.221645,-30.043684],[-51.227782,-30.043132],[-51.228071,-30.041164],[-51.228246,-30.040771],[-51.228565,-30.040303],[-51.228376,-30.038723],[-51.228037,-30.038693],[-51.227639,-30.038595],[-51.227337,-30.038468],[-51.227009,-30.03826],[-51.224541,-30.035633],[-51.224163,-30.035358],[-51.223668,-30.035159],[-51.221918,-30.034953],[-51.221296,-30.034748],[-51.220211,-30.036131],[-51.219858,-30.036702],[-51.217082,-30.040288],[-51.216381,-30.041186]]]}}]}