Aberta dos Morros//home_0;-3.015.485.292.926.040;-5.120.812.446.292.950;10.0
Aberta dos Morros//home_0;-3.015.485.292.926.040;-5.120.812.446.292.950;10.0
Aberta dos Morros//home_0;-3.015.485.292.926.040;-5.120.812.446.292.950;10.0
Aberta dos Morros//home_0;-3.015.485.292.926.040;-5.120.812.446.292.950;10.0
Aberta dos Morros//home_0;-3.015.485.292.926.040;-5.120.812.446.292.950;10.0
Aberta dos Morros//home_0;-3.015.485.292.926.040;-5.120.812.446.292.950;10.0
Aberta dos Morros//home_0;-3.015.485.292.926.040;-5.120.812.446.292.950;10.0
Aberta dos Morros//home_0;-3.015.485.292.926.040;-5.120.812.446.292.950;10.0
Aberta dos Morros//home_0;-3.015.485.292.926.040;-5.120.812.446.292.950;10.0
Aberta dos Morros//home_0;-3.015.485.292.926.040;-5.120.812.446.292.950;10.0
Aberta dos Morros//home_0;-3.015.485.292.926.040;-5.120.812.446.292.950;10.0
Aberta dos Morros//home_0;-3.015.485.292.926.040;-5.120.812.446.292.950;10.0
Aberta dos Morros//home_0;-3.015.485.292.926.040;-5.120.812.446.292.950;10.0
Aberta dos Morros//home_0;-3.015.485.292.926.040;-5.120.812.446.292.950;10.0
Aberta dos Morros//home_0;-3.015.485.292.926.040;-5.120.812.446.292.950;10.0
Aberta dos Morros//home_0;-3.015.485.292.926.040;-5.120.812.446.292.950;10.0
Aberta dos Morros//home_0;-3.015.485.292.926.040;-5.120.812.446.292.950;10.0
Aberta dos Morros//home_0;-3.015.485.292.926.040;-5.120.812.446.292.950;10.0
Aberta dos Morros//home_0;-3.015.485.292.926.040;-5.120.812.446.292.950;10.0
Aberta dos Morros//home_0;-3.015.485.292.926.040;-5.120.812.446.292.950;10.0
Aberta dos Morros//home_0;-3.015.485.292.926.040;-5.120.812.446.292.950;10.0
Aberta dos Morros//home_7;-30.159.044.498.038.500;-5.120.218.646.247.400;10.0
Aberta dos Morros//work_7;-30.164.599.094.193.200;-51.206.424.129.752;10.0
Aberta dos Morros//school_7;-30.158.655.040.716.200;-5.120.232.991.001.420;10.0
Aberta dos Morros//home_8;-30.168.801.671.332.000;-5.120.140.058.443.950;3.5
Aberta dos Morros//work_8;-30.159.844.277.195.200;-51.192.505.397.731.700;10.0
Aberta dos Morros//school_8;-30.169.546.746.795.900;-51.198.137.417.786.500;4.5
Aberta dos Morros//home_9;-3.016.181.961.580.380;-511.983.722.586.973;10.0
Aberta dos Morros//work_9;-30.163.626.541.297.100;-51.201.289.402.559.000;7.9
Aberta dos Morros//school_9;-3.016.183.825.952.670;-51.198.132.983.494.300;10.0
Aberta dos Morros//home_10;-30.146.903.923.264.600;-5.120.026.424.007.760;10.0
Aberta dos Morros//work_10;-3.014.653.160.570.720;-5.119.855.947.536.510;10.0
Aberta dos Morros//school_10;-30.146.658.806.803.100;-5.119.629.584.411.410;10.0
Aberta dos Morros//home_11;-30.152.516.892.630.200;-5.119.484.825.362.210;10.0
Aberta dos Morros//work_11;-3.015.579.646.164.550;-5.119.763.137.115.590;10.0
Aberta dos Morros//school_11;-3.015.637.084.061.900;-5.119.299.779.258.590;10.0
Agronomia//home_0;-30.067.372.845.931.100;-5.115.024.193.499.510;10.0
Agronomia//work_0;-3.006.857.755.298.820;-5.114.634.721.178.810;10.0
Agronomia//school_0;-3.006.774.192.982.090;-51.149.850.083.355.800;10.0
Agronomia//home_1;-30.071.401.390.292.400;-5.114.424.746.268.820;10.0
Agronomia//work_1;-3.007.151.574.392.590;-5.114.407.566.945.040;10.0
Agronomia//school_1;-30.071.823.385.129.600;-5.114.365.385.871.530;10.0
Agronomia//home_2;-30.065.929.526.215.900;-51.149.975.079.237.100;10.0
Agronomia//work_2;-3.006.842.956.021.060;-5.114.539.896.245.730;10.0
Agronomia//school_2;-3.006.509.113.198.960;-5.115.049.480.250.260;10.0
Agronomia//home_3;-3.007.652.153.541.580;-51.154.045.581.555.500;10.0
Agronomia//work_3;-30.077.024.288.453.700;-5.115.239.476.202.640;10.0
Agronomia//school_3;-30.079.376.554.685.600;-5.115.598.355.542.130;10.0
Agronomia//home_4;-3.007.088.299.989.510;-511.479.444.891.606;10.0
Agronomia//work_4;-30.070.102.810.382.800;-5.114.758.949.118.800;10.0
Agronomia//school_4;-30.070.470.015.340.700;-51.149.107.091.024.000;10.0
Agronomia//home_5;-3.008.627.225.291.270;-5.114.193.534.375.020;10.0
Agronomia//work_5;-30.077.311.676.755.400;-5.114.622.818.908.540;10.0
Agronomia//school_5;-30.077.703.991.357.200;-5.114.378.522.928.810;10.0
Agronomia//home_6;-3.006.619.381.510.720;-5.112.982.631.591.540;10.0
Agronomia//work_6;-30.068.964.850.218.100;-511.250.434.294.593;10.0
Agronomia//school_6;-3.007.037.207.347.370;-5.113.731.041.038.110;10.0
Anchieta//home_0;-2.998.352.796.817.550;-5.115.602.678.845.200;3.0
Anchieta//work_0;-29.980.712.209.360.800;-5.116.736.806.415.030;3.0
Anchieta//school_0;-29.978.202.482.833.100;-5.115.757.013.422.560;3.0
Anchieta//home_1;-2.997.033.056.033.370;-5.115.694.895.399.460;3.0
Anchieta//work_1;-29.977.642.669.584.400;-5.115.564.875.646.750;3.0
Anchieta//school_1;-29.968.636.128.295.300;-5.115.750.147.202.860;3.0
Anchieta//home_2;-299.852.765.164.799;-51.155.380.054.797.600;3.1
Anchieta//work_2;-29.986.144.508.211.400;-5.115.542.965.344.520;3.1
Anchieta//school_2;-29.986.540.038.664.800;-51.155.373.381.102.500;3.1
Anchieta//home_3;-29.967.964.737.580.300;-51.171.174.711.425.600;3.2
Anchieta//work_3;-29.967.976.903.618.300;-5.117.156.340.903.910;3.1
Anchieta//school_3;-29.967.921.465.667.000;-5.117.185.800.897.300;3.1
Anchieta//home_4;-29.968.414.857.474.000;-511.720.850.381.157;3.2
Anchieta//work_4;-29.978.077.121.127.900;-5.117.496.427.430.220;3.2
Anchieta//school_4;-29.966.645.784.235.000;-5.115.590.454.495.180;3.0
Anchieta//home_5;-29.989.756.070.132.400;-51.160.071.631.301.300;3.1
Anchieta//work_5;-2.999.563.636.194.090;-51.148.483.289.276.500;6.2
Anchieta//school_5;-2.999.583.619.047.150;-5.116.769.121.472.470;3.0
Arquip√©lago//home_0;-30.016.092.718.670.300;-5.125.839.943.343.010;3.0
Arquip√©lago//work_0;-30.015.619.354.711.200;-5.125.792.512.458.520;3.0
Arquip√©lago//school_0;-30.012.433.702.343.900;-512.620.567.835.148;3.0
Arquip√©lago//home_1;-3.001.896.885.027.490;-5.125.731.182.886.800;3.0
Arquip√©lago//work_1;-3.002.102.292.077.590;-5.125.621.319.456.080;3.0
Arquip√©lago//school_1;-30.021.857.144.596.900;-51.255.962.469.694.400;3.0
Arquip√©lago//home_2;-300.304.160.741.169;-5.125.194.188.847.640;3.0
Arquip√©lago//work_2;-3.002.831.070.408.230;-51.252.012.969.039.600;3.0
Arquip√©lago//school_2;-3.003.040.558.466.480;-5.125.331.223.771.840;3.0
Arquip√©lago//home_3;-29.987.871.035.094.000;-51.225.736.482.306.700;3.0
Arquip√©lago//work_3;-29.987.689.321.038.500;-51.224.281.460.506.400;3.0
Arquip√©lago//school_3;-29.989.512.532.481.700;-51.224.426.557.297.000;3.0
Arquip√©lago//home_4;-29.964.548.727.894.700;-5.123.204.325.088.810;3.0
Arquip√©lago//work_4;-29.963.643.824.904.200;-5.123.175.954.920.580;3.0
Arquip√©lago//school_4;-2.997.340.923.630.130;-5.122.819.967.150.390;3.0
Arquip√©lago//home_5;-2.999.400.232.499.190;-5.122.120.499.732.740;3.0
Arquip√©lago//work_5;-29.993.831.823.957.900;-5.122.197.624.265.400;3.0
Arquip√©lago//school_5;-29.992.701.936.342.500;-51.217.966.191.028.200;3.0
Arquip√©lago//home_6;-30.016.959.023.753.000;-51.263.904.631.332.100;3.0
Arquip√©lago//work_6;-30.013.934.303.940.300;-5.126.226.668.583.920;3.0
Arquip√©lago//school_6;-3.001.511.334.084.990;-5.125.969.108.547.770;3.0
Arquip√©lago//home_7;-30.020.795.267.422.600;-51.258.832.731.996.100;3.0
Arquip√©lago//work_7;-30.017.492.365.739.600;-5.125.989.750.373.690;3.0
Arquip√©lago//school_7;-30.016.494.638.086.200;-5.126.045.777.406.560;3.0
Arquip√©lago//home_8;-30.008.110.133.075.200;-51.225.689.442.717.400;3.0
Arquip√©lago//work_8;-3.000.187.142.797.120;-51.223.610.345.808.600;3.0
Arquip√©lago//school_8;-30.002.002.705.587.100;-512.233.467.246.483;3.0
Arquip√©lago//home_9;-29.948.060.239.252.900;-5.124.535.319.936.420;3.0
Arquip√©lago//work_9;-29.987.328.937.368.100;-5.123.209.885.553.440;3.0
Arquip√©lago//school_9;-29.941.916.758.360.500;-5.125.342.134.675.190;3.0
Arquip√©lago//home_10;-29.990.638.094.799.900;-51.215.091.678.805;3.0
Arquip√©lago//work_10;-29.991.175.971.519.000;-5.121.560.959.772.390;3.0
Arquip√©lago//school_10;-29.998.903.830.449.900;-5.121.463.869.856.030;3.0
Arquip√©lago//home_11;-29.972.133.266.174.600;-51.267.140.374.509.500;3.0
Arquip√©lago//work_11;-29.968.277.170.398.700;-51.280.131.452.928.500;3.0
Arquip√©lago//school_11;-29.964.758.347.902.000;-51.274.144.994.370.200;3.0
Arquip√©lago//home_12;-29.985.534.878.239.700;-5.124.199.705.439.880;3.0
Arquip√©lago//work_12;-29.987.127.933.744.600;-5.125.685.115.596.870;3.0
Arquip√©lago//school_12;-2.998.774.940.026.130;-51.266.066.455.871.100;3.0
Arquip√©lago//home_13;-29.987.103.658.642.200;-5.124.916.467.069.440;3.0
Arquip√©lago//work_13;-29.986.967.468.112.400;-5.125.363.782.010.310;3.0
Arquip√©lago//school_13;-29.993.605.121.498.900;-5.125.631.150.272.730;3.0
Arquip√©lago//home_14;-3.001.276.472.236.900;-5.122.596.282.608.910;3.0
Arquip√©lago//work_14;-30.016.232.496.606.200;-5.122.616.174.461.590;3.0
Arquip√©lago//school_14;-3.001.963.583.796.640;-5.123.054.314.873.390;10.0
Arquip√©lago//home_15;-30.020.124.351.935.700;-5.124.365.746.124.470;3.0
Arquip√©lago//work_15;-30.013.060.844.750.600;-51.249.248.660.867.300;3.0
Arquip√©lago//school_15;-30.013.311.557.774.000;-5.124.770.213.618.470;3.0
Arquip√©lago//home_16;-30.028.065.801.400.800;-51.254.883.885.137.500;3.0
Arquip√©lago//work_16;-3.002.393.950.750.030;-51.264.525.203.669.500;3.0
Arquip√©lago//school_16;-30.034.485.933.822.200;-5.125.631.755.225.220;3.0
Auxiliadora//home_0;-30.019.191.818.911.400;-5.119.597.351.223.340;10.0
Auxiliadora//work_0;-30.018.852.435.019.800;-5.119.630.542.846.140;10.0
Auxiliadora//school_0;-30.019.433.092.834.400;-5.119.697.228.327.440;10.0
Auxiliadora//home_1;-30.022.263.982.141.100;-5.119.637.681.956.660;10.0
Auxiliadora//work_1;-3.002.007.338.689.020;-51.196.827.636.661.700;10.0
Auxiliadora//school_1;-30.020.240.255.933.200;-51.196.652.193.895.300;10.0
Auxiliadora//home_2;-3.002.380.879.494.460;-51.195.748.839.875.600;10.0
Auxiliadora//work_2;-30.024.064.981.085.100;-51.195.467.619.652.400;10.0
Auxiliadora//school_2;-30.024.465.362.931.900;-5.119.611.779.354.250;10.0
Auxiliadora//home_3;-3.002.330.315.195.970;-51.194.154.830.005.800;10.0
Auxiliadora//work_3;-30.024.546.633.454.800;-511.938.104.554.163;10.0
Auxiliadora//school_3;-3.002.439.974.424.660;-5.119.402.101.854.720;10.0
Auxiliadora//home_4;-3.002.363.724.391.490;-51.193.296.131.778.700;10.0
Auxiliadora//work_4;-30.023.174.419.138.400;-5.119.336.068.886.860;10.0
Auxiliadora//school_4;-30.023.382.372.072.600;-5.119.277.145.997.520;10.0
Auxiliadora//home_5;-3.002.296.733.828.650;-5.119.500.335.564.540;10.0
Auxiliadora//work_5;-30.020.878.186.249.800;-5.119.493.761.972.610;10.0
Auxiliadora//school_5;-30.022.247.886.229.800;-5.119.440.779.034.230;10.0
Auxiliadora//home_6;-3.001.798.207.025.930;-5.119.706.483.340.930;9.7
Auxiliadora//work_6;-30.018.051.468.573.000;-5.119.706.129.879.340;10.0
Auxiliadora//school_6;-30.017.868.742.017.100;-51.195.968.614.262.900;10.0
Auxiliadora//home_7;-30.019.459.097.643.400;-5.119.137.204.824.300;10.0
Auxiliadora//work_7;-3.001.775.774.884.000;-51.193.086.286.230.200;10.0
Auxiliadora//school_7;-30.018.532.264.754.900;-5.119.421.273.713.490;10.0
Auxiliadora//home_8;-3.002.193.140.406.150;-5.119.197.905.560.650;10.0
Auxiliadora//work_8;-30.022.413.903.111.400;-51.193.525.383.791.500;10.0
Auxiliadora//school_8;-3.002.287.729.684.720;-51.193.698.949.393.400;10.0
Auxiliadora//home_9;-30.023.043.416.963.400;-5.118.780.761.419.860;10.0
Auxiliadora//work_9;-3.002.334.203.567.600;-5.118.818.086.661.670;10.0
Auxiliadora//school_9;-30.023.185.422.785.000;-5.118.746.085.961.940;10.0
Auxiliadora//home_10;-3.002.201.000.367.830;-511.890.305.737.343;10.0
Auxiliadora//work_10;-30.022.472.192.763.900;-51.189.076.101.180.800;10.0
Auxiliadora//school_10;-30.021.829.270.110.700;-51.189.173.509.215.900;10.0
Auxiliadora//home_11;-30.020.327.202.497.100;-5.118.919.171.307.270;10.0
Auxiliadora//work_11;-30.019.180.456.423.800;-5.118.929.620.498.790;10.0
Auxiliadora//school_11;-3.001.920.924.008.300;-5.118.913.871.895.850;10.0
Auxiliadora//home_12;-30.018.978.952.661.400;-5.118.825.876.458.120;10.0
Auxiliadora//work_12;-30.019.567.295.645.300;-51.187.967.667.632.600;10.0
Auxiliadora//school_12;-30.020.554.585.962.200;-5.118.833.027.567.820;10.0
Auxiliadora//home_13;-30.020.869.775.498.600;-51.185.703.851.730.000;10.0
Auxiliadora//work_13;-30.021.639.102.402.300;-51.185.227.939.226.900;10.0
Auxiliadora//school_13;-3.001.965.852.864.260;-5.118.641.441.978.350;10.0
Auxiliadora//home_14;-30.022.038.390.800.000;-51.187.123.164.693.900;10.0
Auxiliadora//work_14;-30.022.080.024.762.000;-5.118.744.409.420.140;10.0
Auxiliadora//school_14;-30.023.323.574.466.800;-51.187.416.693.393.200;10.0
Auxiliadora//home_15;-3.002.397.154.357.280;-5.118.460.328.906.920;10.0
Auxiliadora//work_15;-30.023.776.242.498.800;-51.183.664.661.340.000;10.0
Auxiliadora//school_15;-3.002.202.216.595.610;-51.184.962.174.175.100;10.0
Auxiliadora//home_16;-3.001.901.834.130.110;-5.119.431.003.557.930;10.0
Auxiliadora//work_16;-30.020.404.266.526.300;-5.119.415.107.546;10.0
Auxiliadora//school_16;-30.019.801.120.108.900;-5.119.487.642.904.490;10.0
Auxiliadora//home_17;-3.002.294.761.230.530;-51.191.172.044.124.200;10.0
Auxiliadora//work_17;-30.024.071.203.325;-5.119.189.158.409.010;10.0
Auxiliadora//school_17;-3.002.367.036.047.800;-5.119.177.957.402.900;10.0
Auxiliadora//home_18;-30.020.159.199.453.000;-51.189.822.839.573;10.0
Auxiliadora//work_18;-3.002.055.508.725.400;-5.118.960.658.193.660;10.0
Auxiliadora//school_18;-30.021.171.529.769.200;-5.118.951.446.129.530;10.0
Auxiliadora//home_19;-300.208.742.072.793;-51.191.888.085.713.000;10.0
Auxiliadora//work_19;-30.020.638.771.832.200;-5.119.126.323.791.090;10.0
Auxiliadora//school_19;-300.196.718.947.415;-5.119.225.037.564.610;10.0
Auxiliadora//home_20;-30.021.741.940.015.900;-5.119.243.039.415.060;10.0
Auxiliadora//work_20;-3.002.139.825.339.970;-51.192.432.274.098.200;10.0
Auxiliadora//school_20;-3.001.977.817.943.420;-5.119.273.243.829.570;10.0
Azenha//home_0;-30.043.315.003.666.800;-51.217.724.207.709.500;7.6
Azenha//work_0;-30.043.325.383.484.000;-51.217.889.919.436.200;7.6
Azenha//school_0;-3.004.285.055.633.100;-5.121.767.404.625.150;8.0
Azenha//home_1;-300.432.358.144.583;-5.121.918.209.970.310;7.1
Azenha//work_1;-30.043.318.447.433.900;-512.192.613.720.053;5.7
Azenha//school_1;-30.042.551.668.303.700;-5.121.867.758.165.330;8.0
Azenha//home_2;-30.041.951.926.158.200;-512.167.783.348.322;8.0
Azenha//work_2;-30.042.383.567.901.700;-51.215.669.301.646.600;7.9
Azenha//school_2;-30.042.397.182.237.300;-5.121.608.980.763.080;7.9
Azenha//home_3;-30.042.096.950.670.400;-51.215.896.362.562.400;8.2
Azenha//work_3;-3.004.204.724.005.360;-5.121.591.768.351.770;8.2
Azenha//school_3;-30.041.294.621.519.800;-51.216.402.138.223.400;7.2
Azenha//home_4;-3.004.701.027.232.020;-5.121.834.686.808.600;4.0
Azenha//work_4;-30.046.929.522.651.800;-5.121.781.802.561.730;4.3
Azenha//school_4;-30.044.550.412.133.600;-5.121.950.349.735.120;4.9
Azenha//home_5;-3.004.445.121.568.220;-5.121.837.379.882.270;5.9
Azenha//work_5;-3.004.331.281.653.700;-5.121.707.300.358.650;6.9
Azenha//school_5;-30.044.696.426.581.600;-51.217.463.847.720.800;6.8
Azenha//home_6;-3.004.416.317.459.320;-5.121.598.430.399.600;6.9
Azenha//work_6;-30.043.593.969.444.300;-51.216.185.179.036.000;7.7
Azenha//school_6;-30.043.492.351.335.700;-5.121.573.305.976.300;7.7
Azenha//home_7;-3.004.425.353.914.110;-5.121.540.666.566.800;6.9
Azenha//work_7;-30.046.282.988.333.600;-512.140.493.616.544;4.4
Azenha//school_7;-30.046.015.393.032.400;-5.121.406.761.042.970;5.8
Azenha//home_8;-30.046.331.715.243.100;-51.214.672.417.566.100;5.1
Azenha//work_8;-30.045.666.662.244.000;-51.215.068.214.217.800;5.8
Azenha//school_8;-30.046.431.378.002.000;-5.121.459.302.704.150;4.4
Azenha//home_9;-30.044.563.999.440.700;-5.121.419.657.809.480;6.1
Azenha//work_9;-30.046.407.183.229.400;-51.213.652.737.683.700;6.1
Azenha//school_9;-30.047.413.410.566.700;-5.121.319.094.333.670;4.4
Azenha//home_10;-3.005.041.836.491.760;-5.121.664.960.422.330;5.9
Azenha//work_10;-30.049.726.829.208.200;-512.157.043.704.016;5.2
Azenha//school_10;-30.050.241.027.440.300;-5.121.688.524.108.300;5.7
Azenha//home_11;-3.004.954.357.415.530;-5.121.139.838.348.990;9.1
Azenha//work_11;-30.049.387.234.541.100;-5.121.090.283.101.780;9.4
Azenha//school_11;-3.004.952.602.473.750;-5.121.071.725.726.520;9.5
Azenha//home_12;-30.049.918.902.125.700;-5.121.160.065.180.850;9.9
Azenha//work_12;-30.048.744.585.674.900;-5.121.325.961.085.420;7.1
Azenha//school_12;-30.050.639.804.508.400;-51.211.849.063.198.400;9.9
Azenha//home_13;-30.050.693.338.432.300;-5.121.320.300.960.260;9.0
Azenha//work_13;-30.050.509.882.740.000;-5.121.557.441.485.050;7.5
Azenha//school_13;-30.050.800.172.041.600;-51.214.723.324.687.400;8.0
Azenha//home_14;-3.005.206.204.910.160;-512.161.703.240.804;9.0
Azenha//work_14;-30.051.913.941.487.700;-51.214.474.670.378.800;10.0
Azenha//school_14;-30.052.290.665.241.000;-5.121.579.870.747.250;9.2
Azenha//home_15;-30.053.448.050.503.900;-5.121.529.092.979.180;10.0
Azenha//work_15;-30.053.584.682.771.600;-51.214.857.148.205.300;10.0
Azenha//school_15;-30.052.612.433.172.300;-5.121.672.062.998.450;8.6
Azenha//home_16;-30.054.463.813.058.600;-5.121.606.587.351.940;10.0
Azenha//work_16;-30.055.110.631.106.200;-5.121.704.595.173.460;10.0
Azenha//school_16;-30.054.336.281.821.700;-5.121.828.675.118.980;7.7
Azenha//home_17;-30.055.542.213.878.000;-5.121.538.101.420.760;10.0
Azenha//work_17;-3.005.528.400.198.520;-5.121.658.205.428.720;10.0
Azenha//school_17;-30.055.089.591.324.500;-5.121.618.015.879.690;10.0
Azenha//home_18;-3.005.448.229.310.390;-5.121.278.983.416.140;10.0
Azenha//work_18;-30.055.443.756.393.000;-5.121.365.477.761.190;10.0
Azenha//school_18;-30.058.073.056.086.000;-51.210.789.228.197.700;10.0
Azenha//home_19;-3.005.815.992.147.170;-5.121.482.451.031.010;10.0
Azenha//work_19;-3.005.805.342.210.740;-5.121.472.915.303.030;10.0
Azenha//school_19;-3.005.768.546.696.490;-5.121.523.554.226.200;10.0
Azenha//home_20;-30.059.174.886.449.900;-51.216.101.989.792.700;10.0
Azenha//work_20;-30.058.014.622.800.500;-5.121.722.886.561.030;10.0
Azenha//school_20;-3.005.747.266.912.870;-51.217.430.537.212.700;10.0
Azenha//home_21;-30.058.544.687.990.100;-5.121.228.684.396.650;10.0
Azenha//work_21;-30.058.795.631.582.800;-51.212.209.943.134.600;10.0
Azenha//school_21;-3.005.834.410.067.380;-5.121.313.670.884.480;10.0
Azenha//home_22;-30.043.947.752.662.600;-5.121.904.363.553.860;6.6
Azenha//work_22;-3.004.352.568.880.010;-5.121.948.270.933.020;4.6
Azenha//school_22;-30.043.953.931.999.900;-5.121.918.790.998.040;6.6
Azenha//home_23;-3.005.000.295.578.780;-5.121.069.428.464.810;10.0
Azenha//work_23;-3.004.980.765.118.580;-51.209.988.989.949.500;10.0
Azenha//school_23;-30.050.279.746.453.600;-5.121.076.092.489.730;10.0
Azenha//home_24;-30.045.890.622.816.100;-512.164.075.605.332;5.5
Azenha//work_24;-30.046.468.082.948.600;-51.215.783.728.256.300;4.8
Azenha//school_24;-30.044.847.520.694.900;-5.121.705.695.773.160;6.1
Azenha//home_25;-3.004.503.908.424.880;-51.216.373.110.917.800;6.0
Azenha//work_25;-30.045.777.282.667.700;-5.121.578.331.822.030;5.8
Azenha//school_25;-3.004.478.285.386.180;-51.216.215.518.819.700;6.4
Azenha//home_26;-30.048.661.128.607.700;-51.215.860.791.179.300;4.3
Azenha//work_26;-300.480.976.153.518;-5.121.651.184.514.270;4.3
Azenha//school_26;-30.049.601.537.274.300;-51.216.709.554.774.400;4.3
Azenha//home_27;-3.005.169.296.255.630;-5.121.665.515.523.360;8.2
Azenha//work_27;-3.005.138.877.367.030;-5.121.777.196.766.930;6.7
Azenha//school_27;-30.052.079.649.306.500;-5.121.667.950.458.400;8.4
Azenha//home_28;-3.005.262.828.190.350;-5.121.711.648.928.840;8.5
Azenha//work_28;-3.005.362.560.391.650;-5.121.769.665.778.400;8.8
Azenha//school_28;-30.052.840.855.473.700;-51.217.508.105.352.100;8.9
Azenha//home_29;-30.051.374.845.114.900;-512.107.021.456.763;10.0
Azenha//work_29;-30.051.166.600.861.400;-5.121.047.570.538.210;10.0
Azenha//school_29;-300.503.709.983.645;-5.121.276.366.559.390;9.2
Azenha//home_30;-3.005.193.054.976.510;-51.211.215.568.361.900;10.0
Azenha//work_30;-3.005.183.179.040.610;-51.210.740.789.455.800;10.0
Azenha//school_30;-3.005.214.638.910.340;-512.104.440.259.918;10.0
Azenha//home_31;-30.053.739.943.794.100;-51.213.206.820.998.200;10.0
Azenha//work_31;-30.053.774.387.669.800;-51.213.350.225.805.700;10.0
Azenha//school_31;-3.005.394.125.410.500;-5.121.333.968.323.850;10.0
Azenha//home_32;-30.051.780.333.907.900;-5.121.291.909.725.980;10.0
Azenha//work_32;-30.052.917.965.853.100;-5.121.249.474.879.400;10.0
Azenha//school_32;-3.005.503.275.279.960;-51.213.557.583.556.800;10.0
Bela Vista//home_0;-30.038.066.105.207.800;-511.955.726.597.438;10.0
Bela Vista//work_0;-30.037.964.639.157.400;-51.194.440.674.911.400;10.0
Bela Vista//school_0;-30.038.633.912.000.300;-5.119.540.892.901.530;10.0
Bela Vista//home_1;-30.030.701.796.636.500;-51.195.066.282.854.200;10.0
Bela Vista//work_1;-3.003.199.124.339.090;-5.119.497.666.939.200;10.0
Bela Vista//school_1;-30.031.228.351.687.400;-5.119.580.403.085.060;10.0
Bela Vista//home_2;-3.003.295.709.501.180;-5.119.394.186.118.760;10.0
Bela Vista//work_2;-30.033.998.167.559.000;-5.119.424.149.067.740;10.0
Bela Vista//school_2;-30.034.298.284.789.700;-51.193.472.360.585.100;10.0
Bela Vista//home_3;-30.033.063.410.233.600;-5.119.197.730.384.440;10.0
Bela Vista//work_3;-30.032.905.855.282.400;-5.119.093.636.446.910;10.0
Bela Vista//school_3;-300.325.166.380.346;-5.119.088.808.573.670;10.0
Bela Vista//home_4;-30.029.925.147.196.900;-5.118.580.805.919.610;10.0
Bela Vista//work_4;-30.030.412.564.742.500;-5.118.543.010.259.380;10.0
Bela Vista//school_4;-30.031.375.260.660.400;-51.185.895.040.483.800;10.0
Bela Vista//home_5;-3.002.942.767.896.290;-5.118.122.763.311.320;10.0
Bela Vista//work_5;-30.029.109.827.423.500;-5.118.257.736.390.600;10.0
Bela Vista//school_5;-3.002.882.598.184.310;-5.118.215.482.576.310;10.0
Bela Vista//home_6;-30.031.222.162.688.100;-5.118.555.805.783.420;10.0
Bela Vista//work_6;-30.033.660.212.308.800;-5.118.490.611.091.700;10.0
Bela Vista//school_6;-3.003.284.421.730.490;-5.118.560.542.674.710;10.0
Bela Vista//home_7;-30.034.138.532.297.000;-5.118.592.420.928.950;10.0
Bela Vista//work_7;-3.003.443.784.924.200;-5.118.528.077.410.720;10.0
Bela Vista//school_7;-3.003.278.518.647.850;-51.186.350.673.596.400;10.0
Bela Vista//home_8;-30.034.913.712.482.400;-5.119.059.175.511.520;10.0
Bela Vista//work_8;-3.003.516.255.222.300;-5.119.044.395.467.200;10.0
Bela Vista//school_8;-3.003.553.300.282.710;-5.118.931.893.108.960;10.0
Bela Vista//home_9;-30.037.313.016.524.200;-5.118.977.570.805.710;10.0
Bela Vista//work_9;-3.003.685.746.970.460;-5.118.955.283.509.480;10.0
Bela Vista//school_9;-30.036.371.283.609.400;-5.118.867.889.946.870;10.0
Bela Vista//home_10;-3.003.767.294.497.650;-511.887.782.476.656;10.0
Bela Vista//work_10;-30.037.993.452.200.000;-5.118.973.401.190.730;10.0
Bela Vista//school_10;-3.003.819.204.321.490;-5.119.074.737.644.500;10.0
Bela Vista//home_11;-3.003.752.446.571.910;-5.119.123.222.670.170;10.0
Bela Vista//work_11;-30.038.348.862.220.800;-51.191.483.992.033.500;10.0
Bela Vista//school_11;-3.003.692.716.773.180;-5.119.172.793.852.320;10.0
Bela Vista//home_12;-30.036.815.702.103.300;-5.119.358.204.425.130;10.0
Bela Vista//work_12;-30.035.607.569.143.100;-5.119.290.340.920.550;10.0
Bela Vista//school_12;-3.003.676.654.913.830;-5.119.319.199.116.830;10.0
Bela Vista//home_13;-30.036.967.723.612.100;-5.119.424.950.503.040;10.0
Bela Vista//work_13;-3.003.608.801.864.310;-51.194.128.400.564.000;10.0
Bela Vista//school_13;-30.037.681.186.453.500;-5.119.424.224.058.930;10.0
Bela Vista//home_14;-30.035.496.051.199.600;-5.119.498.749.651.140;10.0
Bela Vista//work_14;-3.003.753.034.174.860;-5.119.451.144.549.950;10.0
Bela Vista//school_14;-30.037.490.699.056.400;-5.119.464.627.230.500;10.0
Bela Vista//home_15;-30.035.077.010.726.500;-5.119.511.439.756.590;10.0
Bela Vista//work_15;-30.036.820.468.641.000;-5.119.539.376.583.280;10.0
Bela Vista//school_15;-30.037.563.501.378.700;-5.119.497.002.197.420;10.0
Bela Vista//home_16;-30.031.311.946.226.100;-51.184.195.698.165.300;10.0
Bela Vista//work_16;-30.030.965.214.243.200;-51.183.868.457.384.400;10.0
Bela Vista//school_16;-30.030.940.248.036.200;-5.118.378.830.466.530;10.0
Bela Vista//home_17;-3.003.375.713.578.060;-5.118.672.009.180.830;10.0
Bela Vista//work_17;-30.034.360.966.286.000;-5.119.114.148.926.820;10.0
Bela Vista//school_17;-30.034.121.039.445.100;-5.118.869.533.998.110;10.0
Bela Vista//home_18;-30.036.026.354.371.800;-51.189.858.536.496.000;10.0
Bela Vista//work_18;-30.036.466.857.130.700;-5.118.963.838.331.150;10.0
Bela Vista//school_18;-30.035.895.562.494.400;-51.191.337.802.878.900;10.0
Bela Vista//home_19;-30.034.312.598.505.200;-51.194.857.502.929.100;10.0
Bela Vista//work_19;-30.033.893.202.189.000;-51.195.798.627.714.600;10.0
Bela Vista//school_19;-3.003.423.088.144.790;-5.119.542.952.176.270;10.0
Bela Vista//home_20;-30.031.820.754.910.100;-5.118.906.954.969.180;10.0
Bela Vista//work_20;-30.033.094.468.834.300;-5.118.941.326.944.420;10.0
Bela Vista//school_20;-3.003.068.021.874.680;-5.119.006.608.753.660;10.0
Bela Vista//home_21;-30.032.006.324.741.300;-5.118.846.844.948.520;10.0
Bela Vista//work_21;-3.003.121.909.680.700;-5.118.885.734.707.080;10.0
Bela Vista//school_21;-30.031.483.232.811.100;-5.118.687.096.740.570;10.0
Bel√©m Novo//home_0;-30.189.957.226.460.000;-5.117.964.430.701.790;4.2
Bel√©m Novo//work_0;-30.194.328.096.696.800;-5.118.363.695.558.930;4.0
Bel√©m Novo//school_0;-3.019.087.353.835.170;-5.118.867.857.224.390;3.8
Bel√©m Novo//home_1;-30.194.914.978.962.800;-5.118.637.690.306.830;4.1
Bel√©m Novo//work_1;-30.197.255.818.642.000;-5.118.263.425.940.630;4.0
Bel√©m Novo//school_1;-3.019.675.787.619.730;-5.118.374.697.252.900;4.0
Bel√©m Novo//home_2;-30.203.569.299.678.300;-5.118.619.537.202.680;3.4
Bel√©m Novo//work_2;-302.033.954.336.084;-51.180.163.916.799;9.1
Bel√©m Novo//school_2;-30.204.275.578.494.900;-5.119.357.736.468.770;3.0
Bel√©m Novo//home_3;-30.211.454.027.093.100;-5.118.288.027.807.340;6.6
Bel√©m Novo//work_3;-3.021.181.237.279.420;-5.118.198.060.999.950;9.3
Bel√©m Novo//school_3;-30.213.026.419.539.800;-51.181.835.714.189.000;3.5
Bel√©m Novo//home_4;-30.208.009.721.139.400;-51.190.058.589.814.300;5.5
Bel√©m Novo//work_4;-3.021.014.416.692.240;-5.118.333.611.393.380;7.1
Bel√©m Novo//school_4;-30.209.818.815.601.200;-5.118.589.412.821.160;5.0
Bel√©m Novo//home_5;-30.211.669.582.462.200;-51.178.441.146.819.100;7.2
Bel√©m Novo//work_5;-3.021.056.418.246.430;-51.177.086.913.621.200;7.9
Bel√©m Novo//school_5;-30.211.557.095.621.100;-511.797.425.818.676;10.0
Bel√©m Novo//home_6;-30.209.853.269.576.500;-51.180.649.896.671.100;10.0
Bel√©m Novo//work_6;-30.208.753.956.861.800;-5.117.929.146.119.280;10.0
Bel√©m Novo//school_6;-3.020.957.246.424.990;-5.117.675.336.371.730;10.0
Bel√©m Novo//home_7;-30.214.765.757.145.600;-5.117.472.665.432.000;4.1
Bel√©m Novo//work_7;-30.213.679.329.397.600;-51.176.642.108.010.800;4.6
Bel√©m Novo//school_7;-30.213.759.636.705.500;-51.175.798.730.549.800;4.5
Bel√©m Novo//home_8;-30.212.919.847.166.900;-51.173.091.191.835.600;4.3
Bel√©m Novo//work_8;-30.213.061.000.549.700;-5.117.283.779.613.340;4.1
Bel√©m Novo//school_8;-30.212.019.986.950.800;-51.173.206.354.894.700;5.0
Bel√©m Novo//home_9;-30.209.259.596.913.700;-5.117.400.481.485.900;10.0
Bel√©m Novo//work_9;-30.209.621.535.405.500;-5.117.669.092.404.960;10.0
Bel√©m Novo//school_9;-30.208.279.500.899.800;-51.172.941.786.584.900;10.0
Bel√©m Novo//home_10;-3.020.735.123.047.270;-51.174.016.623.912.000;10.0
Bel√©m Novo//work_10;-30.207.415.729.127.700;-5.117.388.115.533.110;10.0
Bel√©m Novo//school_10;-30.208.039.325.403.300;-5.117.678.695.645.870;10.0
Bel√©m Novo//home_11;-30.210.962.553.738.400;-51.174.223.082.879.100;6.4
Bel√©m Novo//work_11;-30.210.637.974.772.300;-5.117.436.858.204.960;7.2
Bel√©m Novo//school_11;-30.208.645.183.197.400;-5.117.149.194.173.400;10.0
Bel√©m Novo//home_12;-30.201.900.562.730.700;-5.116.330.551.999.550;10.0
Bel√©m Novo//work_12;-3.020.307.846.833.360;-51.162.786.927.753.700;10.0
Bel√©m Novo//school_12;-30.199.025.766.615.200;-5.117.009.063.764.000;10.0
Bel√©m Novo//home_13;-30.209.078.341.541.300;-5.116.646.278.945.880;10.0
Bel√©m Novo//work_13;-30.208.877.622.766.000;-5.116.802.214.296.170;10.0
Bel√©m Novo//school_13;-30.209.257.590.046.700;-5.116.514.350.337.700;10.0
Bel√©m Novo//home_14;-30.218.429.177.092.100;-5.116.152.525.100.490;3.2
Bel√©m Novo//work_14;-30.231.751.522.964.800;-51.169.589.052.863.900;3.0
Bel√©m Novo//school_14;-3.022.054.012.623.740;-5.117.676.246.281.040;3.0
Bel√©m Novo//home_15;-30.209.496.903.613.900;-5.116.085.618.064.980;10.0
Bel√©m Novo//work_15;-30.208.740.264.056.800;-5.116.050.691.565.960;10.0
Bel√©m Novo//school_15;-30.208.397.711.110.900;-5.116.093.761.433.770;10.0
Bel√©m Novo//home_16;-3.021.277.842.225.780;-51.177.323.715.930.500;5.1
Bel√©m Novo//work_16;-30.212.937.819.571.900;-5.117.674.030.922.440;4.8
Bel√©m Novo//school_16;-30.213.433.423.424.700;-5.117.736.965.554.510;4.8
Bel√©m Novo//home_17;-30.212.460.610.022.900;-5.119.163.854.022.370;4.0
Bel√©m Novo//work_17;-30.207.613.192.204.400;-51.193.342.200.100.200;3.0
Bel√©m Novo//school_17;-30.209.471.034.735.100;-511.994.894.932.817;3.0
Bel√©m Novo//home_18;-3.018.595.702.743.070;-511.687.510.451.264;8.3
Bel√©m Novo//work_18;-30.190.308.468.935.200;-5.116.930.610.056.280;7.2
Bel√©m Novo//school_18;-30.185.014.411.525.000;-51.165.128.371.016.500;10.0
Bel√©m Novo//home_19;-30.204.317.444.577.000;-5.117.612.319.308.950;10.0
Bel√©m Novo//work_19;-30.197.034.400.329.000;-5.117.047.231.456.920;10.0
Bel√©m Novo//school_19;-3.020.266.079.265.110;-5.117.624.988.463.360;10.0
Bel√©m Velho//home_0;-30.112.126.374.642.700;-51.158.939.596.084.500;10.0
Bel√©m Velho//work_0;-3.010.886.597.683.960;-5.116.264.820.182.010;10.0
Bel√©m Velho//school_0;-3.011.045.881.697.550;-51.156.973.271.621.300;10.0
Bel√©m Velho//home_1;-30.117.723.821.859.100;-5.116.367.558.722.120;10.0
Bel√©m Velho//work_1;-30.122.626.368.325.700;-5.117.434.694.927.400;10.0
Bel√©m Velho//school_1;-30.122.368.890.645.300;-51.174.881.359.505.900;10.0
Bel√©m Velho//home_2;-30.119.603.354.651.200;-51.184.844.657.547.200;10.0
Bel√©m Velho//work_2;-30.115.370.860.743.900;-5.117.885.157.284.990;10.0
Bel√©m Velho//school_2;-3.012.237.491.585.850;-51.191.109.877.248.700;10.0
Bel√©m Velho//home_3;-30.116.355.739.709.400;-5.118.371.553.845.130;10.0
Bel√©m Velho//work_3;-30.114.174.531.452.300;-51.184.055.745.385.500;10.0
Bel√©m Velho//school_3;-30.115.560.479.592.400;-5.118.438.242.881.520;10.0
Bel√©m Velho//home_4;-30.101.213.259.066.600;-5.117.241.424.383.940;10.0
Bel√©m Velho//work_4;-3.010.619.380.011.620;-511.717.612.589.259;10.0
Bel√©m Velho//school_4;-30.107.872.384.091.500;-5.117.259.797.772.920;10.0
Bel√©m Velho//home_5;-30.114.606.784.137.600;-5.116.869.637.090.420;10.0
Bel√©m Velho//work_5;-30.114.792.604.889.900;-5.116.919.355.689.320;10.0
Bel√©m Velho//school_5;-3.011.614.442.076.310;-5.116.282.941.307.970;10.0
Bel√©m Velho//home_6;-3.011.427.250.210.820;-5.118.169.792.232.340;10.0
Bel√©m Velho//work_6;-30.113.809.717.772.400;-5.118.217.709.035.640;10.0
Bel√©m Velho//school_6;-3.011.579.491.320.080;-5.118.249.736.439.670;10.0
Bel√©m Velho//home_7;-3.011.602.958.251.320;-5.115.535.664.117.300;10.0
Bel√©m Velho//work_7;-30.115.990.738.570.700;-511.559.996.090.697;10.0
Bel√©m Velho//school_7;-30.117.447.828.299.500;-5.115.558.314.011.200;10.0
Bel√©m Velho//home_8;-30.113.379.445.477.200;-5.115.376.615.623.320;10.0
Bel√©m Velho//work_8;-30.114.483.195.281.900;-51.154.234.471.769.200;10.0
Bel√©m Velho//school_8;-30.115.038.038.966.400;-51.153.090.062.276.900;10.0
Bel√©m Velho//home_9;-3.011.522.883.063.630;-5.115.725.929.606.910;10.0
Bel√©m Velho//work_9;-30.113.928.374.642.600;-5.115.788.830.639.530;10.0
Bel√©m Velho//school_9;-3.011.468.861.962.460;-51.158.155.563.164.600;10.0
Bel√©m Velho//home_10;-3.010.843.813.100.270;-5.114.992.144.903.910;10.0
Bel√©m Velho//work_10;-30.109.932.822.597.700;-5.115.263.995.445.630;10.0
Bel√©m Velho//school_10;-3.010.786.353.800.920;-5.114.858.008.467.380;10.0
Bel√©m Velho//home_11;-3.011.743.754.347.540;-51.152.930.389.215.200;10.0
Bel√©m Velho//work_11;-30.117.474.196.554.100;-5.114.952.923.062.330;10.0
Bel√©m Velho//school_11;-30.117.546.053.351.100;-51.148.688.060.645.000;10.0
Bel√©m Velho//home_12;-3.011.130.937.996.710;-5.115.522.209.868.150;10.0
Bel√©m Velho//work_12;-3.011.100.904.095.390;-5.115.485.417.379.990;10.0
Bel√©m Velho//school_12;-3.011.230.468.109.270;-51.154.219.354.776.900;10.0
Bel√©m Velho//home_13;-3.011.506.932.324.210;-5.114.970.855.773.060;10.0
Bel√©m Velho//work_13;-30.113.974.707.302.200;-5.115.006.414.157.040;10.0
Bel√©m Velho//school_13;-3.011.088.788.708.010;-51.152.886.296.575.100;10.0
Bel√©m Velho//home_14;-3.010.917.942.609.170;-5.116.870.647.959.570;10.0
Bel√©m Velho//work_14;-30.101.156.878.883.800;-5.115.975.767.359.440;10.0
Bel√©m Velho//school_14;-30.101.548.584.210.700;-5.115.495.168.469.210;10.0
Bel√©m Velho//home_15;-3.009.886.465.207.180;-5.117.547.487.617.470;10.0
Bel√©m Velho//work_15;-3.009.978.434.611.350;-51.174.077.381.314.900;10.0
Bel√©m Velho//school_15;-3.010.537.108.616.320;-5.117.573.172.251.780;10.0
Boa Vista//home_0;-30.020.591.062.366.800;-511.653.126.074.895;10.0
Boa Vista//work_0;-30.022.206.175.548.600;-5.116.397.438.190.910;10.0
Boa Vista//school_0;-3.002.281.161.710.180;-5.116.390.480.370.570;10.0
Boa Vista//home_1;-30.021.278.870.896.500;-5.118.010.791.602.900;10.0
Boa Vista//work_1;-30.025.603.810.531.500;-5.118.137.064.718.850;10.0
Boa Vista//school_1;-300.233.894.353.622;-5.118.107.581.559.590;10.0
Boa Vista//home_2;-30.020.665.825.899.400;-51.180.643.623.083.100;10.0
Boa Vista//work_2;-3.002.223.812.882.520;-5.118.198.404.518.960;10.0
Boa Vista//school_2;-3.002.157.343.010.630;-5.118.249.364.288.570;10.0
Boa Vista//home_3;-30.024.020.521.330.200;-5.117.957.753.964.140;10.0
Boa Vista//work_3;-30.022.363.576.710.300;-511.793.813.434.679;10.0
Boa Vista//school_3;-3.002.206.500.400.780;-5.117.754.694.781.890;10.0
Boa Vista//home_4;-3.002.368.319.427.250;-51.178.134.863.718.800;10.0
Boa Vista//work_4;-30.023.228.392.013.000;-5.117.668.953.694.270;10.0
Boa Vista//school_4;-30.023.390.575.983.100;-51.177.764.743.860.100;10.0
Boa Vista//home_5;-3.001.952.890.435.010;-5.117.460.737.328.070;10.0
Boa Vista//work_5;-30.020.229.080.733.300;-51.174.226.620.098.900;10.0
Boa Vista//school_5;-30.019.590.368.689.600;-5.117.496.256.397.260;10.0
Boa Vista//home_6;-30.019.462.575.124.400;-5.117.376.369.496.210;10.0
Boa Vista//work_6;-30.020.133.341.763.700;-51.173.702.425.353;10.0
Boa Vista//school_6;-30.020.144.511.247.300;-511.731.496.303.075;10.0
Boa Vista//home_7;-30.021.129.506.084.100;-5.117.327.070.284.800;10.0
Boa Vista//work_7;-30.021.434.996.236.800;-5.117.292.699.750.350;10.0
Boa Vista//school_7;-300.212.627.694.774;-51.172.677.989.403.900;10.0
Boa Vista//home_8;-3.002.161.243.132.360;-5.117.187.562.528.780;10.0
Boa Vista//work_8;-3.002.380.833.647.780;-5.117.115.175.614.790;10.0
Boa Vista//school_8;-30.022.933.202.605.000;-51.172.745.637.245.000;10.0
Boa Vista//home_9;-30.023.955.290.014.300;-5.117.365.797.626.150;10.0
Boa Vista//work_9;-3.002.377.739.189.290;-5.117.366.312.624.930;10.0
Boa Vista//school_9;-30.023.813.545.676.200;-5.117.497.212.848.810;10.0
Boa Vista//home_10;-30.024.893.069.760.000;-5.117.690.383.966.780;10.0
Boa Vista//work_10;-30.026.864.447.245.400;-5.117.626.190.272.470;10.0
Boa Vista//school_10;-300.236.387.729.724;-51.176.371.224.233.000;10.0
Boa Vista//home_11;-30.027.419.633.056.000;-5.117.846.790.468.800;10.0
Boa Vista//work_11;-30.026.896.701.307.900;-5.117.796.631.899.600;10.0
Boa Vista//school_11;-30.026.142.028.972.000;-51.178.895.677.296.300;10.0
Boa Vista//home_12;-30.020.703.666.386.900;-5.117.454.112.871.110;10.0
Boa Vista//work_12;-30.021.663.464.613.100;-5.117.354.937.343.740;10.0
Boa Vista//school_12;-30.021.753.874.384.100;-5.117.342.895.388.250;10.0
Boa Vista//home_13;-30.019.998.378.421.000;-51.171.749.547.791.200;10.0
Boa Vista//work_13;-3.001.959.443.330.970;-5.117.200.002.752.250;10.0
Boa Vista//school_13;-30.020.990.065.126.600;-5.117.325.692.212.300;10.0
Boa Vista//home_14;-30.021.939.946.441.000;-5.117.586.893.198.000;10.0
Boa Vista//work_14;-30.022.376.311.513.200;-5.117.472.323.463.910;10.0
Boa Vista//school_14;-30.022.761.396.701.000;-51.175.527.858.171.000;10.0
Boa Vista//home_15;-30.024.184.978.497.700;-5.116.963.312.232.220;10.0
Boa Vista//work_15;-30.024.337.695.800.800;-5.116.861.036.753.020;10.0
Boa Vista//school_15;-30.025.498.257.407.200;-5.117.280.311.700.490;10.0
Boa Vista//home_16;-3.002.032.179.939.380;-5.117.569.667.735.290;10.0
Boa Vista//work_16;-30.020.787.418.248.000;-51.175.978.567.644.200;10.0
Boa Vista//school_16;-30.019.357.882.295.300;-5.117.720.059.530.530;10.0
Boa Vista//home_17;-3.001.919.507.647.490;-5.117.578.876.314.710;10.0
Boa Vista//work_17;-30.020.565.888.914.000;-5.117.518.476.411.000;10.0
Boa Vista//school_17;-30.019.961.167.229.400;-5.117.524.521.791.080;10.0
Boa Vista//home_18;-300.272.072.117.399;-5.117.161.311.872.110;10.0
Boa Vista//work_18;-30.027.932.684.424.300;-511.712.510.712.959;10.0
Boa Vista//school_18;-30.026.961.003.728.900;-5.117.190.194.752.980;10.0
Boa Vista//home_19;-30.026.361.984.048.500;-5.117.148.688.756.030;10.0
Boa Vista//work_19;-30.027.085.852.704;-5.117.059.669.207.580;10.0
Boa Vista//school_19;-30.026.279.022.730.600;-5.117.030.079.826.920;10.0
Boa Vista do Sul//home_0;-30.218.853.926.658.000;-5.110.505.131.796.530;9.4
Boa Vista do Sul//work_0;-30.216.578.955.733.900;-51.107.684.082.793.800;10.0
Boa Vista do Sul//school_0;-3.021.329.045.092.700;-5.112.082.438.217.620;10.0
Boa Vista do Sul//home_1;-30.205.314.437.885.100;-5.112.974.057.531.420;10.0
Boa Vista do Sul//work_1;-30.205.911.020.014.700;-511.334.499.110.393;10.0
Boa Vista do Sul//school_1;-30.207.112.238.732.600;-5.113.792.603.371.770;10.0
Boa Vista do Sul//home_2;-3.024.660.178.255.200;-5.113.371.974.435.900;3.0
Boa Vista do Sul//work_2;-30.259.397.290.089.200;-5.113.704.565.951.030;3.0
Boa Vista do Sul//school_2;-3.026.481.628.831.110;-5.113.795.456.498.060;3.0
Boa Vista do Sul//home_3;-3.023.948.305.539.020;-511.344.903.511.458;3.6
Boa Vista do Sul//work_3;-3.023.920.722.896.340;-51.134.736.756.148.000;3.6
Boa Vista do Sul//school_3;-30.239.218.698.143.700;-511.352.302.528.905;3.5
Boa Vista do Sul//home_4;-3.023.390.231.602.560;-5.115.454.431.148.100;3.0
Boa Vista do Sul//work_4;-30.227.851.579.456.700;-5.115.268.775.853.320;3.0
Boa Vista do Sul//school_4;-3.022.266.013.913.500;-511.533.468.290.213;3.0
Boa Vista do Sul//home_5;-3.021.887.566.336.370;-5.113.522.543.954.850;7.1
Boa Vista do Sul//work_5;-3.021.847.367.914.650;-5.113.714.251.163.500;6.2
Boa Vista do Sul//school_5;-30.219.132.884.387.800;-51.135.953.269.071.700;5.6
Bom Fim//home_0;-300.315.596.801.601;-5.121.997.483.690.120;10.0
Bom Fim//work_0;-3.003.170.141.144.960;-51.219.921.825.625.900;10.0
Bom Fim//school_0;-30.031.731.700.690.600;-51.220.048.170.295.500;10.0
Bom Fim//home_1;-3.003.222.603.639.320;-5.121.929.195.467.970;10.0
Bom Fim//work_1;-30.032.598.546.829.300;-5.121.775.120.363.960;10.0
Bom Fim//school_1;-30.032.672.736.798.300;-5.121.755.199.823.590;10.0
Bom Fim//home_2;-30.030.992.152.921.000;-51.217.597.835.519.900;10.0
Bom Fim//work_2;-30.031.963.029.286.600;-5.121.955.029.440.310;10.0
Bom Fim//school_2;-30.031.642.100.022.700;-5.121.944.090.569.280;10.0
Bom Fim//home_3;-30.030.957.174.293.600;-5.121.638.075.317.790;10.0
Bom Fim//work_3;-30.030.936.389.686.300;-5.121.602.464.675.980;10.0
Bom Fim//school_3;-30.031.013.072.635.100;-5.121.685.065.995.390;10.0
Bom Fim//home_4;-30.032.808.405.020.600;-5.121.619.807.624.990;10.0
Bom Fim//work_4;-3.003.213.621.290.560;-51.216.390.272.509.100;10.0
Bom Fim//school_4;-30.033.181.569.405.700;-5.121.653.320.681.670;10.0
Bom Fim//home_5;-30.032.090.285.783.600;-5.121.542.070.636.550;10.0
Bom Fim//work_5;-30.032.598.193.193.700;-5.121.533.570.896.630;10.0
Bom Fim//school_5;-3.003.204.089.167.830;-5.121.593.029.657.430;10.0
Bom Fim//home_6;-30.032.161.821.272.800;-51.215.259.022.981.500;10.0
Bom Fim//work_6;-30.031.196.136.089.500;-5.121.438.564.502.010;10.0
Bom Fim//school_6;-30.032.962.333.778.500;-5.121.451.111.536.820;10.0
Bom Fim//home_7;-30.031.681.246.369.000;-5.121.407.629.322.780;10.0
Bom Fim//work_7;-3.003.338.173.273.240;-51.214.183.568.888.200;10.0
Bom Fim//school_7;-3.003.261.462.135.930;-5.121.426.901.215.780;10.0
Bom Fim//home_8;-3.003.343.583.662.130;-51.213.156.311.001.000;10.0
Bom Fim//work_8;-30.032.297.173.277.900;-512.129.542.690.319;10.0
Bom Fim//school_8;-30.033.522.039.356.200;-5.121.351.132.323.410;10.0
Bom Fim//home_9;-30.032.778.989.490.400;-5.121.276.019.924.340;10.0
Bom Fim//work_9;-30.034.270.295.076.900;-5.121.300.489.218.750;10.0
Bom Fim//school_9;-30.032.418.321.326.200;-5.121.266.581.496.110;10.0
Bom Fim//home_10;-3.003.161.646.944.670;-51.213.189.329.154.300;10.0
Bom Fim//work_10;-30.033.392.866.133.400;-51.213.745.424.330.300;10.0
Bom Fim//school_10;-30.032.465.379.554.300;-5.121.382.562.114.690;10.0
Bom Fim//home_11;-30.030.844.037.807.100;-5.121.232.594.436.080;10.0
Bom Fim//work_11;-3.003.018.423.115.170;-51.212.774.912.254.700;10.0
Bom Fim//school_11;-30.030.742.500.319.000;-5.121.310.165.730.650;10.0
Bom Fim//home_12;-3.003.017.253.638.600;-51.211.895.077.227.700;10.0
Bom Fim//work_12;-30.030.701.943.698.000;-5.121.209.307.429.450;10.0
Bom Fim//school_12;-30.031.249.724.502.900;-5.121.198.486.474.320;10.0
Bom Fim//home_13;-30.032.535.744.507.000;-5.121.131.575.807.950;10.0
Bom Fim//work_13;-30.032.286.585.706.100;-5.121.147.882.531.480;10.0
Bom Fim//school_13;-30.031.945.783.045.600;-51.211.107.125.519.000;10.0
Bom Fim//home_14;-3.003.390.686.357.100;-51.212.259.445.541.900;10.0
Bom Fim//work_14;-30.035.109.378.847.800;-5.121.180.835.581.000;10.0
Bom Fim//school_14;-3.003.427.777.424.180;-5.121.220.169.740.890;10.0
Bom Fim//home_15;-3.003.307.584.661.470;-5.121.116.669.231.000;10.0
Bom Fim//work_15;-30.033.077.736.052.400;-5.121.145.367.440.980;10.0
Bom Fim//school_15;-30.034.589.586.918.400;-51.211.319.424.740.700;10.0
Bom Fim//home_16;-30.033.567.876.971.600;-51.210.492.353.528.900;10.0
Bom Fim//work_16;-30.034.747.505.438.400;-5.121.074.150.770.310;10.0
Bom Fim//school_16;-3.003.319.064.870.740;-51.210.143.383.661.400;10.0
Bom Fim//home_17;-3.003.433.309.723.450;-51.210.236.036.552.100;10.0
Bom Fim//work_17;-30.034.476.380.770.100;-5.121.023.648.887.110;10.0
Bom Fim//school_17;-30.035.870.048.238.500;-5.120.985.018.067.490;10.0
Bom Fim//home_18;-3.003.236.886.853.250;-5.121.011.816.360.340;10.0
Bom Fim//work_18;-30.032.592.202.623.700;-5.120.978.596.430.780;10.0
Bom Fim//school_18;-30.032.778.515.167.300;-5.121.029.731.858.690;10.0
Bom Fim//home_19;-3.003.138.982.971.180;-51.210.777.207.210.700;10.0
Bom Fim//work_19;-30.030.381.631.731.200;-512.104.460.822.706;10.0
Bom Fim//school_19;-30.031.656.706.514.800;-5.121.042.639.604.650;10.0
Bom Fim//home_20;-30.031.737.299.070.500;-5.120.898.585.089.800;10.0
Bom Fim//work_20;-30.031.683.276.419.400;-5.120.963.770.297.640;10.0
Bom Fim//school_20;-30.031.756.543.626.200;-51.209.061.024.920.700;10.0
Bom Fim//home_21;-30.032.301.095.950.000;-51.209.371.324.205.500;10.0
Bom Fim//work_21;-30.033.143.919.561.400;-5.120.912.714.671.110;10.0
Bom Fim//school_21;-3.003.217.410.271.770;-51.208.845.932.406.400;10.0
Bom Fim//home_22;-30.032.703.106.339.100;-51.208.427.614.104.800;10.0
Bom Fim//work_22;-3.003.420.335.626.210;-5.120.878.576.066.880;10.0
Bom Fim//school_22;-30.033.938.098.052.500;-5.120.905.941.771.500;10.0
Bom Fim//home_23;-30.035.547.557.155.100;-5.120.916.546.458.910;10.0
Bom Fim//work_23;-30.034.781.231.039.600;-51.208.700.049.011.600;10.0
Bom Fim//school_23;-3.003.556.380.295.900;-5.120.899.432.051.580;10.0
Bom Fim//home_24;-3.003.100.723.396.090;-5.121.393.097.394.980;10.0
Bom Fim//work_24;-30.029.772.984.273.500;-5.121.381.754.217.810;10.0
Bom Fim//school_24;-3.003.065.587.326.440;-5.121.410.568.006.580;10.0
Bom Fim//home_25;-3.003.617.558.090.930;-5.120.851.592.597.180;10.0
Bom Fim//work_25;-30.036.482.739.211.400;-51.208.390.815.596;10.0
Bom Fim//school_25;-3.003.655.273.072.140;-5.120.856.202.787.790;10.0
Bom Jesus//home_0;-3.004.180.010.217.740;-5.117.074.765.176.220;10.0
Bom Jesus//work_0;-30.041.118.590.188.500;-5.117.143.674.609.420;10.0
Bom Jesus//school_0;-300.400.252.845.623;-511.714.289.430.571;10.0
Bom Jesus//home_1;-300.410.400.812.188;-5.116.994.229.648.790;10.0
Bom Jesus//work_1;-30.042.379.093.030.900;-51.169.725.961.293.800;10.0
Bom Jesus//school_1;-3.004.314.234.510.740;-5.117.174.254.581.720;10.0
Bom Jesus//home_2;-3.004.442.779.757.640;-51.170.860.517.233.300;10.0
Bom Jesus//work_2;-30.045.346.949.057.600;-51.170.924.336.764.000;10.0
Bom Jesus//school_2;-3.004.556.936.330.670;-51.170.165.408.434.400;10.0
Bom Jesus//home_3;-30.044.717.386.051.400;-5.116.860.160.168.380;10.0
Bom Jesus//work_3;-30.041.380.156.388.100;-5.116.806.822.331.500;10.0
Bom Jesus//school_3;-30.042.102.415.023.700;-5.116.869.334.658.360;10.0
Bom Jesus//home_4;-30.044.885.520.782.000;-51.167.796.484.034.700;10.0
Bom Jesus//work_4;-3.004.602.752.072.050;-51.165.101.256.795.100;10.0
Bom Jesus//school_4;-3.004.615.115.464.780;-51.168.318.834.263.400;10.0
Bom Jesus//home_5;-300.443.904.567.773;-5.116.653.938.030.180;10.0
Bom Jesus//work_5;-3.004.422.321.424.480;-51.166.825.288.164.600;10.0
Bom Jesus//school_5;-30.044.210.680.958.100;-5.116.645.753.495.650;10.0
Bom Jesus//home_6;-30.041.863.714.442.800;-51.164.816.151.808.600;10.0
Bom Jesus//work_6;-30.042.723.456.390.200;-5.116.498.543.741.240;10.0
Bom Jesus//school_6;-3.004.063.613.730.230;-5.116.490.916.553.410;10.0
Bom Jesus//home_7;-30.042.169.464.935.500;-5.116.422.881.320.460;10.0
Bom Jesus//work_7;-3.004.100.035.724.830;-511.632.900.530.172;10.0
Bom Jesus//school_7;-3.004.245.675.004.690;-5.116.460.818.572.820;10.0
Bom Jesus//home_8;-300.436.517.185.398;-5.116.191.090.216.460;10.0
Bom Jesus//work_8;-30.044.175.050.731.900;-5.116.202.695.581.420;10.0
Bom Jesus//school_8;-3.004.278.841.786.710;-51.162.945.770.240.000;10.0
Bom Jesus//home_9;-30.044.148.663.067.900;-5.116.258.713.589.130;10.0
Bom Jesus//work_9;-3.004.657.800.985.040;-51.164.644.640.963.500;10.0
Bom Jesus//school_9;-3.004.676.845.274.080;-5.116.330.297.555.590;10.0
Bom Jesus//home_10;-30.045.824.273.562.500;-5.115.820.541.025.550;10.0
Bom Jesus//work_10;-30.045.569.049.219.200;-51.157.966.351.329.800;10.0
Bom Jesus//school_10;-30.045.720.754.493.600;-5.115.821.691.529.460;10.0
Bom Jesus//home_11;-30.045.368.075.993.200;-511.597.938.329.729;10.0
Bom Jesus//work_11;-3.004.534.706.626.240;-51.159.006.381.948.100;10.0
Bom Jesus//school_11;-30.045.028.103.967.200;-51.160.849.865.043.000;10.0
Bom Jesus//home_12;-30.043.285.844.997.700;-5.115.948.491.794.930;10.0
Bom Jesus//work_12;-30.043.732.483.322.400;-51.160.036.465.262.100;10.0
Bom Jesus//school_12;-30.042.880.840.995.100;-5.115.724.064.491.770;10.0
Bom Jesus//home_13;-3.004.158.871.696.650;-51.159.352.739.903.200;10.0
Bom Jesus//work_13;-30.041.433.874.634.800;-5.116.064.055.438.110;10.0
Bom Jesus//school_13;-30.041.318.799.254.400;-5.115.775.262.210.970;10.0
Bom Jesus//home_14;-3.004.199.475.277.470;-5.115.331.448.480.490;10.0
Bom Jesus//work_14;-30.042.118.971.034.000;-5.115.442.695.401.510;10.0
Bom Jesus//school_14;-3.004.224.786.473.600;-5.115.509.351.824.610;10.0
Bom Jesus//home_15;-30.044.331.013.598.200;-5.115.727.844.442.600;10.0
Bom Jesus//work_15;-30.043.412.412.988.700;-5.115.523.186.370.870;10.0
Bom Jesus//school_15;-30.045.176.681.027.800;-51.157.580.647.175.000;10.0
Bom Jesus//home_16;-30.042.873.096.356.400;-5.115.256.177.886.060;10.0
Bom Jesus//work_16;-30.041.621.171.037.700;-5.115.042.438.973.510;10.0
Bom Jesus//school_16;-3.004.219.834.050.170;-51.151.831.157.013.100;10.0
Bom Jesus//home_17;-30.044.115.746.416.300;-5.115.174.657.541.540;10.0
Bom Jesus//work_17;-3.004.442.386.599.130;-5.115.059.707.510.090;10.0
Bom Jesus//school_17;-3.004.396.085.766.730;-51.152.752.619.137.500;10.0
Bom Jesus//home_18;-3.004.456.300.477.440;-51.152.204.022.544.600;10.0
Bom Jesus//work_18;-30.045.596.926.315.000;-51.151.209.994.977.500;10.0
Bom Jesus//school_18;-3.004.597.830.113.840;-5.115.077.923.702.710;10.0
Bom Jesus//home_19;-3.004.810.889.651.520;-5.115.050.745.128.340;10.0
Bom Jesus//work_19;-3.004.687.018.417.370;-5.115.038.222.632.880;10.0
Bom Jesus//school_19;-3.004.862.847.146.490;-5.115.080.483.839.360;10.0
Bom Jesus//home_20;-30.048.208.925.002.800;-5.115.130.032.093.630;10.0
Bom Jesus//work_20;-3.004.691.691.543.960;-51.151.189.842.592.300;10.0
Bom Jesus//school_20;-30.049.059.441.687.900;-5.115.134.573.747.010;10.0
Bom Jesus//home_21;-3.004.899.573.091.700;-5.115.280.197.678.450;10.0
Bom Jesus//work_21;-3.004.806.106.434.850;-5.115.175.607.888.330;10.0
Bom Jesus//school_21;-30.049.450.802.003.400;-51.153.030.680.979.700;10.0
Bom Jesus//home_22;-3.004.671.080.727.650;-51.152.245.042.860.700;10.0
Bom Jesus//work_22;-30.046.093.875.310.200;-5.115.177.754.237.960;10.0
Bom Jesus//school_22;-3.004.779.314.703.090;-5.115.203.959.196.180;10.0
Bom Jesus//home_23;-3.004.543.563.828.740;-51.153.158.654.532.200;10.0
Bom Jesus//work_23;-30.045.808.947.567.200;-5.115.318.643.809.840;10.0
Bom Jesus//school_23;-30.045.870.398.422.500;-51.153.598.558.963.900;10.0
Bom Jesus//home_24;-3.004.789.840.894.520;-5.115.468.945.389.510;10.0
Bom Jesus//work_24;-3.004.965.421.913.010;-51.154.420.701.847.300;10.0
Bom Jesus//school_24;-3.004.942.850.978.220;-51.156.274.872.098.300;10.0
Bom Jesus//home_25;-30.049.441.386.845.800;-51.157.482.169.375.100;10.0
Bom Jesus//work_25;-30.049.865.292.020.100;-511.557.005.778.761;10.0
Bom Jesus//school_25;-30.049.954.005.172.900;-51.155.897.288.899.700;10.0
Bom Jesus//home_26;-30.046.962.491.965.700;-5.115.564.922.838.470;10.0
Bom Jesus//work_26;-3.004.608.712.203.550;-5.115.573.116.733.450;10.0
Bom Jesus//school_26;-3.004.512.118.955.640;-5.115.440.774.909.460;10.0
Bom Jesus//home_27;-30.048.077.098.428.500;-511.612.170.312.567;10.0
Bom Jesus//work_27;-30.046.955.939.128.700;-5.116.010.582.550.660;10.0
Bom Jesus//school_27;-30.047.819.953.095.500;-5.116.140.712.847.240;10.0
Bom Jesus//home_28;-30.047.870.799.120.700;-5.115.862.909.860.090;10.0
Bom Jesus//work_28;-30.047.800.739.968.400;-51.158.944.625.348.800;10.0
Bom Jesus//school_28;-30.048.197.214.168.600;-5.115.742.498.077.080;10.0
Bom Jesus//home_29;-3.004.828.648.006.420;-5.115.902.439.823.490;10.0
Bom Jesus//work_29;-30.050.783.914.376.700;-511.591.250.718.219;10.0
Bom Jesus//school_29;-3.004.956.030.463.670;-51.158.232.058.121.300;10.0
Bom Jesus//home_30;-30.049.651.549.826.400;-5.116.099.795.825.970;10.0
Bom Jesus//work_30;-3.004.952.081.297.440;-5.116.147.581.998.550;10.0
Bom Jesus//school_30;-30.049.010.466.737;-5.116.059.991.723.070;10.0
Bom Jesus//home_31;-30.050.015.397.118.600;-5.116.099.856.743.910;10.0
Bom Jesus//work_31;-3.005.062.455.107.050;-5.116.207.415.282.940;10.0
Bom Jesus//school_31;-30.049.888.462.004.700;-511.602.430.502.268;10.0
Bom Jesus//home_32;-30.050.849.555.817.800;-51.162.816.531.680.500;10.0
Bom Jesus//work_32;-30.050.740.594.083.200;-5.116.241.723.107.830;10.0
Bom Jesus//school_32;-30.050.915.844.809.700;-51.161.638.559.539.900;10.0
Bom Jesus//home_33;-300.481.912.073.294;-5.116.218.170.108.670;10.0
Bom Jesus//work_33;-30.048.411.893.836.400;-5.116.380.155.267.800;10.0
Bom Jesus//school_33;-3.004.885.212.050.890;-511.642.025.742.307;10.0
Bom Jesus//home_34;-30.048.231.729.980.100;-5.116.350.611.486.470;10.0
Bom Jesus//work_34;-30.046.519.391.267.900;-5.116.219.215.113.280;10.0
Bom Jesus//school_34;-3.004.731.558.985.060;-5.116.229.522.106.350;10.0
Bom Jesus//home_35;-30.050.157.062.474.100;-51.151.804.563.832.400;10.0
Bom Jesus//work_35;-3.005.063.197.461.890;-51.151.159.577.850.600;10.0
Bom Jesus//school_35;-30.050.416.468.536.300;-5.115.078.056.905.820;10.0
Bom Jesus//home_36;-3.004.420.297.286.030;-5.116.076.167.418.090;10.0
Bom Jesus//work_36;-3.004.486.003.139.650;-5.115.942.961.133.090;10.0
Bom Jesus//school_36;-30.044.748.995.578.200;-5.116.016.709.549.540;10.0
Bom Jesus//home_37;-3.004.717.453.628.600;-51.155.433.448.862.100;10.0
Bom Jesus//work_37;-3.004.710.194.383.010;-5.115.700.837.691.120;10.0
Bom Jesus//school_37;-30.046.406.650.321.600;-5.115.792.149.927.270;10.0
Bom Jesus//home_38;-30.050.558.942.169.500;-51.156.252.590.501.300;10.0
Bom Jesus//work_38;-3.005.052.373.806.790;-51.155.245.007.226.700;10.0
Bom Jesus//school_38;-30.050.300.253.625.900;-5.115.843.849.347.860;10.0
Bom Jesus//home_39;-3.004.892.877.670.220;-51.150.217.918.209.700;10.0
Bom Jesus//work_39;-300.505.710.242.853;-5.114.989.344.903.740;10.0
Bom Jesus//school_39;-3.005.111.158.793.500;-5.115.028.928.288.920;10.0
Bom Jesus//home_40;-30.051.669.723.439.300;-51.163.033.443.412.700;10.0
Bom Jesus//work_40;-3.005.202.040.440.160;-51.162.019.777.174.900;10.0
Bom Jesus//school_40;-30.051.333.768.879.700;-5.116.397.793.185.870;10.0
Bom Jesus//home_41;-30.051.140.470.693.700;-5.116.070.190.748.260;10.0
Bom Jesus//work_41;-3.004.938.681.053.390;-5.115.924.326.664.800;10.0
Bom Jesus//school_41;-3.005.044.723.193.920;-51.159.264.340.028.900;10.0
Bom Jesus//home_42;-3.004.943.712.376.580;-5.116.176.748.470.110;10.0
Bom Jesus//work_42;-30.049.215.933.999.100;-5.116.158.440.823.460;10.0
Bom Jesus//school_42;-30.049.409.713.547.800;-5.116.204.225.896.230;10.0
Bom Jesus//home_43;-3.004.897.518.071.340;-5.116.460.318.846.080;10.0
Bom Jesus//work_43;-30.049.137.300.300.300;-5.116.486.925.902.670;10.0
Bom Jesus//school_43;-300.493.190.854.637;-5.116.468.491.818.000;10.0
Bom Jesus//home_44;-30.050.656.079.961.700;-511.524.774.875.118;10.0
Bom Jesus//work_44;-30.050.430.252.701.600;-5.115.245.949.210.000;10.0
Bom Jesus//school_44;-3.005.122.794.109.410;-511.534.505.632.076;10.0
Camaqu√£//home_0;-3.010.135.645.621.860;-51.239.987.741.709.300;10.0
Camaqu√£//work_0;-30.101.573.743.178.600;-5.123.812.288.440.600;10.0
Camaqu√£//school_0;-30.100.505.453.241.700;-5.123.786.487.314.720;10.0
Camaqu√£//home_1;-30.100.497.629.309.700;-5.124.115.576.379.780;10.0
Camaqu√£//work_1;-30.101.039.208.820.800;-51.240.812.828.343.700;10.0
Camaqu√£//school_1;-30.099.621.979.617.000;-51.239.553.446.616.900;10.0
Camaqu√£//home_2;-3.010.068.109.111.610;-5.124.497.827.118.890;8.5
Camaqu√£//work_2;-30.100.556.753.036.100;-5.124.496.028.271.660;8.5
Camaqu√£//school_2;-30.100.567.360.477.800;-5.124.486.206.834.050;8.5
Camaqu√£//home_3;-301.038.569.858.386;-5.124.552.497.416.500;10.0
Camaqu√£//work_3;-3.010.396.252.967.830;-5.124.640.508.613.420;10.0
Camaqu√£//school_3;-30.103.196.156.507.600;-5.124.512.830.141.350;10.0
Camaqu√£//home_4;-3.010.521.747.113.080;-512.441.444.471.443;10.0
Camaqu√£//work_4;-3.010.563.455.732.430;-5.124.330.032.138.950;10.0
Camaqu√£//school_4;-30.105.810.784.919.900;-51.243.935.402.206.300;10.0
Camaqu√£//home_5;-30.103.165.737.747.700;-5.124.048.252.308.900;10.0
Camaqu√£//work_5;-30.103.752.720.684.800;-5.124.091.650.993.860;10.0
Camaqu√£//school_5;-30.104.582.277.249.700;-5.124.131.956.248.300;10.0
Camaqu√£//home_6;-30.103.321.943.262.700;-512.354.222.475.831;10.0
Camaqu√£//work_6;-30.103.104.630.420.700;-5.123.720.678.604.800;10.0
Camaqu√£//school_6;-30.102.829.624.075.800;-5.123.818.942.122.840;10.0
Camaqu√£//home_7;-30.103.355.714.868.300;-5.123.431.980.021.200;10.0
Camaqu√£//work_7;-3.010.353.850.135.550;-51.234.261.167.700.100;10.0
Camaqu√£//school_7;-301.053.282.659.496;-5.123.483.318.659.830;10.0
Camaqu√£//home_8;-3.010.423.791.015.240;-5.123.602.944.266.270;10.0
Camaqu√£//work_8;-30.105.604.646.600.100;-51.235.327.738.428.500;10.0
Camaqu√£//school_8;-30.105.132.283.567.200;-5.123.547.393.803.610;10.0
Camaqu√£//home_9;-30.106.533.088.295.700;-5.123.623.298.905.250;10.0
Camaqu√£//work_9;-3.010.595.766.044.210;-51.235.802.448.444.000;10.0
Camaqu√£//school_9;-3.010.591.838.612.680;-5.123.619.891.132.800;10.0
Camaqu√£//home_10;-30.105.351.825.064.000;-5.123.790.949.438.480;10.0
Camaqu√£//work_10;-30.106.180.283.526.500;-51.237.398.341.754.200;10.0
Camaqu√£//school_10;-30.104.567.427.743.400;-5.123.712.473.367.570;10.0
Camaqu√£//home_11;-30.108.940.894.724.300;-5.124.019.359.807.700;10.0
Camaqu√£//work_11;-3.010.857.793.397.160;-51.241.064.577.071.500;10.0
Camaqu√£//school_11;-3.010.849.197.018.560;-51.238.828.435.076.100;10.0
Camaqu√£//home_12;-30.107.423.161.891.500;-51.244.684.142.833.300;10.0
Camaqu√£//work_12;-3.010.846.144.105.570;-5.124.419.108.509.550;10.0
Camaqu√£//school_12;-3.010.890.722.043.560;-5.124.435.057.879.730;10.0
Camaqu√£//home_13;-30.109.792.223.277.200;-51.242.261.913.352.900;10.0
Camaqu√£//work_13;-30.111.120.329.604.300;-5.124.253.196.521.530;10.0
Camaqu√£//school_13;-30.109.881.237.427.900;-5.124.381.510.672.460;10.0
Camaqu√£//home_14;-3.010.855.772.841.520;-5.123.669.810.989.410;10.0
Camaqu√£//work_14;-3.010.942.366.218.190;-5.123.697.272.300.030;10.0
Camaqu√£//school_14;-30.110.688.545.935.200;-51.240.704.636.874.100;10.0
Camaqu√£//home_15;-301.087.312.348.894;-5.123.816.940.237.390;10.0
Camaqu√£//work_15;-30.107.910.842.125.000;-5.123.585.824.013.090;10.0
Camaqu√£//school_15;-30.107.850.497.855.300;-512.381.329.856.292;10.0
Camaqu√£//home_16;-3.010.757.833.636.210;-5.123.472.981.762.440;10.0
Camaqu√£//work_16;-30.109.646.979.948.900;-51.233.991.181.233.000;10.0
Camaqu√£//school_16;-301.091.445.816.322;-5.123.248.051.556.790;10.0
Camaqu√£//home_17;-30.109.506.840.985.000;-5.123.238.666.437.300;10.0
Camaqu√£//work_17;-30.110.153.309.184.700;-51.232.877.040.694.200;10.0
Camaqu√£//school_17;-30.109.792.403.629.100;-5.123.213.436.908.630;10.0
Camaqu√£//home_18;-30.110.767.408.190.300;-51.236.920.405.818.100;10.0
Camaqu√£//work_18;-30.110.057.353.679.200;-5.123.781.596.303.000;10.0
Camaqu√£//school_18;-30.110.287.401.712.000;-5.123.700.534.897.910;10.0
Camaqu√£//home_19;-3.011.149.096.635.570;-5.123.783.910.227.270;10.0
Camaqu√£//work_19;-3.011.202.727.724.060;-5.123.919.792.551.950;10.0
Camaqu√£//school_19;-30.113.718.923.014.100;-5.123.607.689.827.420;10.0
Camaqu√£//home_20;-30.113.275.070.196.900;-5.124.146.172.532.010;10.0
Camaqu√£//work_20;-3.011.298.853.306.590;-5.124.227.625.476.620;10.0
Camaqu√£//school_20;-30.111.809.664.655.300;-51.240.435.863.784.000;10.0
Camaqu√£//home_21;-30.106.134.862.120.700;-512.370.435.368.536;10.0
Camaqu√£//work_21;-30.105.138.800.377.900;-5.123.595.056.393.950;10.0
Camaqu√£//school_21;-30.105.188.013.231.800;-5.123.635.974.184.420;10.0
Camaqu√£//home_22;-301.124.294.253.525;-5.123.384.632.007.060;10.0
Camaqu√£//work_22;-30.112.164.720.522.700;-51.233.263.076.010.600;10.0
Camaqu√£//school_22;-30.112.289.767.841.000;-5.123.315.156.205.660;10.0
Camaqu√£//home_23;-30.111.474.226.442.700;-5.123.186.660.799.790;10.0
Camaqu√£//work_23;-3.011.246.714.150.230;-512.360.276.712.383;10.0
Camaqu√£//school_23;-30.111.930.267.716.800;-512.356.356.692.378;10.0
Camaqu√£//home_24;-30.099.467.268.167.400;-512.364.931.721.891;10.0
Camaqu√£//work_24;-3.009.891.783.618.750;-51.237.285.361.353.900;10.0
Camaqu√£//school_24;-30.098.638.607.640.500;-5.123.675.232.194.320;10.0
Camaqu√£//home_25;-30.100.127.291.089.100;-5.123.691.651.016.980;10.0
Camaqu√£//work_25;-30.100.199.947.517.300;-5.123.776.842.153.880;10.0
Camaqu√£//school_25;-30.099.019.234.024.100;-5.123.761.111.179.590;10.0
Camaqu√£//home_26;-30.098.208.020.643.100;-5.123.610.820.943.160;9.8
Camaqu√£//work_26;-30.100.152.865.278.100;-5.123.536.226.997.410;10.0
Camaqu√£//school_26;-30.098.670.075.063.700;-5.123.616.392.379.870;10.0
Camaqu√£//home_27;-3.010.545.114.299.140;-5.124.288.975.130.120;10.0
Camaqu√£//work_27;-30.104.972.402.008.200;-5.124.267.913.917.110;10.0
Camaqu√£//school_27;-3.010.504.440.192.750;-512.431.370.765.396;10.0
Camaqu√£//home_28;-30.104.504.215.411.200;-5.124.200.799.325.000;10.0
Camaqu√£//work_28;-3.010.345.808.104.870;-5.124.255.639.873.570;10.0
Camaqu√£//school_28;-30.105.461.290.542.100;-5.124.150.815.560.190;10.0
Camaqu√£//home_29;-30.105.829.174.545.400;-51.245.211.665.252.000;10.0
Camaqu√£//work_29;-30.105.859.573.971.000;-5.124.455.664.169.770;10.0
Camaqu√£//school_29;-30.105.684.617.086.700;-5.124.561.978.891.870;10.0
Camaqu√£//home_30;-30.106.480.759.536.000;-51.245.246.228.231.300;10.0
Camaqu√£//work_30;-3.010.683.069.907.140;-5.124.505.244.487.170;10.0
Camaqu√£//school_30;-30.106.721.336.993.100;-5.124.553.742.224.380;10.0
Camaqu√£//home_31;-30.104.412.038.727.200;-51.243.844.578.076.700;10.0
Camaqu√£//work_31;-30.104.749.483.435.000;-51.243.381.907.459.500;10.0
Camaqu√£//school_31;-30.104.456.711.501.200;-512.435.801.632.029;10.0
Camaqu√£//home_32;-3.010.476.295.126.630;-51.245.507.989.748.300;10.0
Camaqu√£//work_32;-30.104.936.320.688.500;-5.124.582.152.642.350;10.0
Camaqu√£//school_32;-30.104.551.725.701.600;-51.245.330.501.576.700;10.0
Campo Novo//home_0;-30.130.317.526.323.600;-512.013.368.574.674;10.0
Campo Novo//work_0;-3.013.017.407.029.640;-51.204.235.782.140.500;10.0
Campo Novo//school_0;-30.130.948.649.321.500;-5.120.351.448.925.250;10.0
Campo Novo//home_1;-30.130.786.703.972.900;-51.205.139.075.384.700;10.0
Campo Novo//work_1;-30.130.938.509.196.500;-51.205.187.332.582.300;10.0
Campo Novo//school_1;-30.131.358.157.414.200;-51.203.588.058.046.800;10.0
Campo Novo//home_2;-3.013.139.418.756.580;-5.120.769.079.206.850;10.0
Campo Novo//work_2;-30.133.058.281.372.000;-51.205.072.691.209.800;10.0
Campo Novo//school_2;-30.132.885.208.409.500;-5.120.515.417.107.340;10.0
Campo Novo//home_3;-30.145.199.408.193.500;-5.120.778.231.844.400;10.0
Campo Novo//work_3;-30.145.676.708.874.100;-51.208.759.787.450.000;10.0
Campo Novo//school_3;-30.145.576.341.924.200;-5.120.830.586.858.820;10.0
Campo Novo//home_4;-3.014.353.577.784.020;-5.120.616.151.995.360;10.0
Campo Novo//work_4;-30.142.417.626.244.100;-5.120.623.206.570.250;10.0
Campo Novo//school_4;-30.143.302.092.519.500;-5.120.650.504.827.830;10.0
Campo Novo//home_5;-30.131.447.948.701.100;-51.199.044.751.158.300;10.0
Campo Novo//work_5;-30.132.495.251.396.800;-5.119.767.204.737.370;10.0
Campo Novo//school_5;-3.013.187.100.284.580;-5.120.113.171.527.370;10.0
Campo Novo//home_6;-3.012.925.221.866.940;-5.120.058.135.201.220;10.0
Campo Novo//work_6;-3.013.103.374.816.790;-51.197.891.945.129.100;10.0
Campo Novo//school_6;-30.128.011.729.924.900;-51.200.301.346.456.500;10.0
Campo Novo//home_7;-301.332.407.320.487;-5.119.409.440.069.360;10.0
Campo Novo//work_7;-30.131.952.276.858.400;-511.929.924.292.591;10.0
Campo Novo//school_7;-30.133.588.260.430.500;-51.191.860.656.956.700;10.0
Campo Novo//home_8;-30.132.636.921.829.900;-5.119.897.193.649.710;10.0
Campo Novo//work_8;-3.013.242.974.331.420;-5.119.815.781.671.470;10.0
Campo Novo//school_8;-30.131.753.092.844.900;-5.119.858.239.012.190;10.0
Campo Novo//home_9;-3.014.654.440.421.470;-5.120.205.129.193.510;10.0
Campo Novo//work_9;-3.014.596.623.066.600;-5.119.931.589.836.420;10.0
Campo Novo//school_9;-30.146.089.632.097.400;-5.119.964.162.025.880;10.0
Campo Novo//home_10;-30.142.877.961.609.800;-51.198.356.175.981.100;10.0
Campo Novo//work_10;-30.144.450.077.265.200;-5.120.356.160.535.760;10.0
Campo Novo//school_10;-3.014.262.140.427.220;-5.119.832.156.474.570;10.0
Campo Novo//home_11;-30.141.700.737.879.500;-5.119.259.808.811.070;10.0
Campo Novo//work_11;-3.014.492.858.225.980;-5.119.691.954.862.280;10.0
Campo Novo//school_11;-30.136.121.694.597.300;-5.118.725.328.073.790;10.0
Campo Novo//home_12;-30.135.008.017.418.200;-51.197.406.958.189.800;10.0
Campo Novo//work_12;-30.134.177.504.932.200;-5.119.809.993.502.690;10.0
Campo Novo//school_12;-30.134.960.683.056.100;-5.119.733.542.218.290;10.0
Campo Novo//home_13;-30.137.437.268.592.700;-51.197.618.855.061.200;10.0
Campo Novo//work_13;-3.013.570.101.197.310;-5.120.116.361.236.810;10.0
Campo Novo//school_13;-3.013.886.838.190.650;-51.199.527.646.175.200;10.0
Cascata//home_0;-30.100.563.293.048.400;-5.118.671.477.609.580;10.0
Cascata//work_0;-30.097.575.573.589.500;-51.183.505.087.476;10.0
Cascata//school_0;-30.097.060.437.287.900;-5.117.922.338.797.960;10.0
Cascata//home_1;-30.088.534.069.799.600;-5.118.081.612.542.680;10.0
Cascata//work_1;-3.008.660.542.102.180;-511.832.697.947.219;10.0
Cascata//school_1;-3.008.751.402.203.240;-5.118.250.396.739.670;10.0
Cascata//home_2;-3.009.287.131.188.380;-51.177.814.541.226.800;10.0
Cascata//work_2;-3.009.202.618.737.040;-5.117.948.733.419.580;10.0
Cascata//school_2;-30.092.474.234.961.400;-5.117.798.363.132.050;10.0
Cascata//home_3;-30.097.965.240.276.600;-51.174.446.065.739.800;10.0
Cascata//work_3;-30.097.789.012.292.800;-5.117.547.498.850.670;10.0
Cascata//school_3;-30.097.886.691.172.500;-51.172.265.171.487.600;10.0
Cascata//home_4;-30.098.376.743.419.100;-5.116.902.974.845.220;10.0
Cascata//work_4;-3.010.002.199.234.000;-5.116.699.450.368.990;10.0
Cascata//school_4;-3.009.575.297.550.710;-5.117.258.452.490.700;10.0
Cascata//home_5;-30.090.639.830.379.700;-5.117.184.144.313.090;10.0
Cascata//work_5;-3.009.442.709.823.130;-5.117.257.807.923.910;10.0
Cascata//school_5;-30.092.697.680.532.900;-5.117.283.324.194.160;10.0
Cascata//home_6;-3.009.912.343.797.120;-51.154.779.269.015.300;10.0
Cascata//work_6;-3.010.025.987.946.830;-5.115.843.659.664.370;10.0
Cascata//school_6;-3.009.330.981.015.160;-51.157.710.102.484.200;10.0
Cascata//home_7;-30.095.392.350.890.100;-51.187.800.476.308.700;10.0
Cascata//work_7;-30.099.238.817.779.500;-511.911.712.386.268;10.0
Cascata//school_7;-30.097.041.247.256.900;-5.118.664.971.887.570;10.0
Cascata//home_8;-30.093.981.754.159.300;-5.117.802.159.459.460;10.0
Cascata//work_8;-3.009.198.129.567.960;-5.117.762.477.604.660;10.0
Cascata//school_8;-30.091.922.114.351.100;-5.117.706.949.398.550;10.0
Cascata//home_9;-3.008.719.457.403.830;-51.178.211.746.383.600;10.0
Cascata//work_9;-3.008.789.719.676.170;-511.792.457.065.949;10.0
Cascata//school_9;-3.008.787.352.305.780;-5.117.792.513.470.270;10.0
Cascata//home_10;-3.008.991.696.398.990;-511.761.860.526.331;10.0
Cascata//work_10;-30.090.740.898.730.300;-5.117.643.386.885.530;10.0
Cascata//school_10;-300.905.379.745.754;-5.117.778.535.943.220;10.0
Cascata//home_11;-30.089.788.914.161.000;-51.180.422.016.298.900;10.0
Cascata//work_11;-30.089.680.796.878.100;-5.118.042.378.419.620;10.0
Cascata//school_11;-3.008.940.646.921.670;-51.180.337.883.459.800;10.0
Cascata//home_12;-30.089.985.092.920.000;-5.118.038.738.813.370;10.0
Cascata//work_12;-30.090.531.318.514.800;-51.179.324.900.192.500;10.0
Cascata//school_12;-30.090.645.011.176;-51.180.019.485.111.400;10.0
Cascata//home_13;-300.890.523.731.185;-51.181.125.984.472.200;10.0
Cascata//work_13;-30.089.637.183.732.300;-5.118.137.048.598.070;10.0
Cascata//school_13;-30.089.109.660.070.900;-5.118.106.132.824.340;10.0
Cascata//home_14;-30.089.964.325.861.500;-51.181.126.672.718.300;10.0
Cascata//work_14;-3.009.016.274.727.530;-5.118.054.052.757.160;10.0
Cascata//school_14;-3.008.994.883.633.890;-51.181.272.156.985.600;10.0
Cascata//home_15;-30.088.322.747.517.900;-51.183.848.513.026.600;10.0
Cascata//work_15;-30.088.932.178.993.100;-51.182.518.482.778.000;10.0
Cascata//school_15;-300.889.793.940.983;-5.118.421.358.531.650;10.0
Cascata//home_16;-3.008.942.795.460.750;-51.182.648.783.293.100;10.0
Cascata//work_16;-30.089.454.412.738.500;-5.118.271.865.434.530;10.0
Cascata//school_16;-3.008.937.695.095.690;-5.118.285.671.903.020;10.0
Cascata//home_17;-30.090.484.830.413.400;-5.117.545.980.480.780;10.0
Cascata//work_17;-3.009.040.897.932.830;-5.117.516.448.138.560;10.0
Cascata//school_17;-30.091.567.030.513.100;-511.752.894.914.858;10.0
Cascata//home_18;-3.009.138.634.604.590;-5.117.891.897.968.170;10.0
Cascata//work_18;-3.009.151.704.122.310;-5.117.992.533.069.780;10.0
Cascata//school_18;-3.009.172.985.641.590;-5.117.995.663.349.120;10.0
Cascata//home_19;-3.009.021.881.543.120;-51.182.302.488.162.500;10.0
Cascata//work_19;-30.090.833.643.541.500;-5.118.193.489.895.260;10.0
Cascata//school_19;-30.091.490.339.978.800;-5.118.079.131.200.220;10.0
Cascata//home_20;-30.093.149.114.365.600;-5.117.963.343.998.440;10.0
Cascata//work_20;-30.095.343.701.282.900;-5.118.209.764.263.680;10.0
Cascata//school_20;-30.096.338.044.270.300;-5.118.147.988.217.700;10.0
Cascata//home_21;-30.085.605.977.021.900;-5.117.467.053.139.380;10.0
Cascata//work_21;-30.086.160.147.265.900;-51.176.698.494.202.900;10.0
Cascata//school_21;-3.008.260.335.330.060;-51.181.491.379.491.900;10.0
Cascata//home_22;-3.008.547.247.337.820;-5.118.524.792.437.650;10.0
Cascata//work_22;-30.087.284.986.015.300;-5.118.490.712.670.740;10.0
Cascata//school_22;-30.086.820.544.743.600;-51.185.367.397.173.400;10.0
Cascata//home_23;-30.085.230.796.224.000;-5.118.211.379.720.080;10.0
Cascata//work_23;-3.008.276.689.621.430;-51.183.949.290.943.500;10.0
Cascata//school_23;-30.083.408.731.397.300;-5.118.213.273.177.250;10.0
Cavalhada//home_0;-30.130.379.487.339.400;-51.214.702.057.235.500;10.0
Cavalhada//work_0;-3.013.023.094.132.280;-5.121.476.103.568.990;10.0
Cavalhada//school_0;-30.131.358.151.965.600;-5.121.454.506.181.160;10.0
Cavalhada//home_1;-3.012.950.631.820.170;-5.121.464.629.955.190;10.0
Cavalhada//work_1;-30.129.462.332.343.300;-51.215.296.650.519.900;10.0
Cavalhada//school_1;-301.297.509.546.038;-5.121.480.018.931.460;10.0
Cavalhada//home_2;-3.012.980.747.060.460;-5.121.537.373.718.630;10.0
Cavalhada//work_2;-30.130.050.531.333.900;-5.121.512.159.518.330;10.0
Cavalhada//school_2;-30.129.616.903.903.200;-51.215.294.209.962.300;10.0
Cavalhada//home_3;-30.130.829.893.479.500;-512.151.643.955.774;10.0
Cavalhada//work_3;-30.130.351.447.784.900;-51.215.001.903.339.700;10.0
Cavalhada//school_3;-3.013.184.362.898.340;-5.121.490.428.529.200;10.0
Cavalhada//home_4;-3.012.875.953.407.370;-51.215.873.139.593.400;10.0
Cavalhada//work_4;-30.128.730.425.582.700;-5.121.528.604.727.460;10.0
Cavalhada//school_4;-30.129.533.576.034.000;-5.121.705.863.588.860;10.0
Cavalhada//home_5;-3.009.315.362.755.030;-5.123.454.432.809.350;10.0
Cavalhada//work_5;-30.092.684.411.651.100;-5.123.431.430.787.590;10.0
Cavalhada//school_5;-3.009.343.191.259.460;-5.123.369.343.932.240;10.0
Cavalhada//home_6;-30.095.722.688.248.300;-5.123.692.791.410.540;6.7
Cavalhada//work_6;-3.009.769.921.045.410;-5.123.149.224.008.030;9.9
Cavalhada//school_6;-30.097.465.325.511.500;-512.311.140.878.438;10.0
Cavalhada//home_7;-30.095.934.959.643.800;-5.123.417.134.627.790;8.3
Cavalhada//work_7;-30.096.299.774.695.500;-5.123.458.312.808.320;8.4
Cavalhada//school_7;-3.009.563.305.015.740;-51.234.391.942.802.400;8.1
Cavalhada//home_8;-3.009.632.386.738.430;-5.123.407.930.494.200;8.4
Cavalhada//work_8;-30.096.996.085.794.300;-5.123.441.254.766.980;8.5
Cavalhada//school_8;-30.096.693.589.168.600;-5.123.439.397.391.390;8.3
Cavalhada//home_9;-3.009.620.288.038.670;-5.123.361.765.779.610;8.0
Cavalhada//work_9;-30.097.151.823.503.400;-5.123.271.165.693.830;8.6
Cavalhada//school_9;-30.096.165.810.681.100;-512.334.301.799.195;8.1
Cavalhada//home_10;-300.966.754.859.744;-5.123.095.563.533.240;9.8
Cavalhada//work_10;-30.096.961.752.287.400;-51.230.692.231.185.900;10.0
Cavalhada//school_10;-30.095.533.987.382.500;-512.285.721.407.052;10.0
Cavalhada//home_11;-30.094.128.249.124.100;-5.123.141.313.434.380;10.0
Cavalhada//work_11;-3.009.549.268.057.650;-51.226.388.982.498.700;10.0
Cavalhada//school_11;-30.095.359.539.109.600;-5.122.690.708.046.840;10.0
Cavalhada//home_12;-30.096.573.890.229.200;-5.122.511.072.036.580;10.0
Cavalhada//work_12;-30.097.320.074.124.500;-5.122.773.322.622.630;10.0
Cavalhada//school_12;-30.095.791.863.319.800;-51.225.381.860.005.500;10.0
Cavalhada//home_13;-30.097.516.811.890.900;-5.122.895.250.546.160;10.0
Cavalhada//work_13;-30.099.412.394.531.900;-5.123.061.913.075.290;10.0
Cavalhada//school_13;-30.100.540.098.903.100;-51.230.541.014.277.700;10.0
Cavalhada//home_14;-30.098.585.666.311.100;-5.123.342.366.833.770;10.0
Cavalhada//work_14;-30.098.456.954.556.400;-512.336.324.721.278;9.7
Cavalhada//school_14;-3.009.843.181.738.470;-5.123.472.851.928.430;9.7
Cavalhada//home_15;-30.099.613.835.666.800;-5.123.444.665.392.810;10.0
Cavalhada//work_15;-3.009.942.433.516.860;-5.123.434.585.814.010;10.0
Cavalhada//school_15;-30.098.870.779.855.100;-512.315.525.374.342;10.0
Cavalhada//home_16;-3.010.205.140.828.200;-5.123.165.498.155.840;10.0
Cavalhada//work_16;-30.102.082.090.047.700;-51.232.778.929.497.100;10.0
Cavalhada//school_16;-3.009.982.658.153.990;-5.123.189.319.478.860;10.0
Cavalhada//home_17;-30.101.067.165.099.700;-51.226.095.729.643.900;10.0
Cavalhada//work_17;-301.002.614.303.542;-5.122.751.545.985.070;10.0
Cavalhada//school_17;-30.100.816.002.104.400;-5.122.617.312.461.190;10.0
Cavalhada//home_18;-3.010.342.157.039.430;-5.123.180.997.425.890;10.0
Cavalhada//work_18;-3.010.350.973.108.460;-5.123.131.778.143.270;10.0
Cavalhada//school_18;-301.035.765.390.115;-5.123.132.479.936.170;10.0
Cavalhada//home_19;-3.010.279.741.347.010;-51.232.364.022.403.100;10.0
Cavalhada//work_19;-3.010.442.407.379.810;-5.123.301.866.586.040;10.0
Cavalhada//school_19;-30.104.648.737.241.600;-5.123.225.869.334.900;10.0
Cavalhada//home_20;-3.010.216.753.804.490;-5.123.039.432.310.340;10.0
Cavalhada//work_20;-30.103.806.481.306.000;-51.228.456.197.102.800;10.0
Cavalhada//school_20;-30.107.084.685.058.500;-5.122.798.555.895.210;10.0
Cavalhada//home_21;-30.102.885.254.149.500;-5.122.756.773.314.000;10.0
Cavalhada//work_21;-3.010.620.496.932.140;-5.122.726.674.388.240;10.0
Cavalhada//school_21;-30.103.155.511.851.500;-5.122.616.052.277.900;10.0
Cavalhada//home_22;-3.010.192.394.389.940;-5.122.414.443.684.740;10.0
Cavalhada//work_22;-30.104.689.307.622.000;-512.238.180.849.116;10.0
Cavalhada//school_22;-3.010.134.742.652.250;-5.122.768.563.639.850;10.0
Cavalhada//home_23;-30.104.961.035.582.800;-5.122.495.337.973.700;10.0
Cavalhada//work_23;-30.105.673.736.522.900;-5.122.434.725.122.880;10.0
Cavalhada//school_23;-30.104.949.899.050.300;-5.122.653.831.849.660;10.0
Cavalhada//home_24;-30.107.145.101.760.500;-5.122.224.958.272.110;10.0
Cavalhada//work_24;-3.010.696.569.593.620;-51.222.783.043.818.700;10.0
Cavalhada//school_24;-30.106.480.521.549.400;-5.122.334.728.037.990;10.0
Cavalhada//home_25;-3.011.026.769.250.620;-5.122.616.840.566.860;10.0
Cavalhada//work_25;-30.109.198.529.278.000;-51.222.882.119.645.000;10.0
Cavalhada//school_25;-30.108.970.868.909.700;-51.221.189.644.114.200;10.0
Cavalhada//home_26;-30.107.402.484.137.100;-51.229.564.406.467.400;10.0
Cavalhada//work_26;-30.108.867.539.290.400;-5.122.814.112.184.100;10.0
Cavalhada//school_26;-30.110.009.332.900.900;-5.122.900.850.674.900;10.0
Cavalhada//home_27;-3.010.843.128.520.040;-5.123.185.480.675.930;10.0
Cavalhada//work_27;-3.010.730.727.691.660;-5.123.279.731.344.900;10.0
Cavalhada//school_27;-30.108.727.200.559.400;-5.123.138.838.774.250;10.0
Cavalhada//home_28;-3.010.937.854.330.750;-5.123.082.827.003.020;10.0
Cavalhada//work_28;-30.109.215.349.504.900;-51.231.234.566.556.800;10.0
Cavalhada//school_28;-30.111.066.054.618.600;-5.123.153.447.876.820;10.0
Cavalhada//home_29;-30.111.675.201.225.700;-51.230.163.053.388.600;10.0
Cavalhada//work_29;-30.111.453.989.666.400;-5.123.010.911.684.900;10.0
Cavalhada//school_29;-3.011.174.517.529.390;-5.123.148.073.926.320;10.0
Cavalhada//home_30;-30.113.303.372.830.300;-51.228.154.593.092.900;10.0
Cavalhada//work_30;-30.113.756.204.793.200;-5.122.687.016.422.120;10.0
Cavalhada//school_30;-3.011.335.765.107.610;-51.226.461.731.559.700;10.0
Cavalhada//home_31;-3.011.639.960.168.880;-51.225.517.543.844.800;10.0
Cavalhada//work_31;-3.011.561.268.946.600;-51.225.472.472.368.700;10.0
Cavalhada//school_31;-3.011.574.184.874.690;-5.122.696.194.393.020;10.0
Cavalhada//home_32;-3.012.216.177.630.130;-51.229.622.814.000.500;10.0
Cavalhada//work_32;-30.122.395.069.711.700;-5.123.048.866.414.640;10.0
Cavalhada//school_32;-30.121.769.347.845.300;-5.123.012.818.879.820;10.0
Cavalhada//home_33;-30.121.990.952.862.300;-512.223.789.330.111;10.0
Cavalhada//work_33;-3.012.126.080.304.220;-5.122.472.027.413.500;10.0
Cavalhada//school_33;-30.122.394.593.607.200;-51.222.345.234.201.700;10.0
Cavalhada//home_34;-30.122.892.129.102.800;-51.224.400.002.251;10.0
Cavalhada//work_34;-3.012.213.751.028.230;-51.224.882.683.933.000;10.0
Cavalhada//school_34;-30.122.850.662.916.200;-51.224.256.628.926.600;10.0
Cavalhada//home_35;-30.128.989.103.755.700;-512.218.750.694.303;10.0
Cavalhada//work_35;-3.012.915.140.023.290;-5.121.902.859.153.220;10.0
Cavalhada//school_35;-3.013.123.202.679.400;-5.121.882.293.896.200;10.0
Cavalhada//home_36;-30.131.307.794.811.300;-5.121.530.247.183.060;10.0
Cavalhada//work_36;-30.129.614.823.660.400;-5.121.618.805.156.550;10.0
Cavalhada//school_36;-30.130.447.950.147.200;-512.157.253.727.201;10.0
Cavalhada//home_37;-30.127.785.170.110.100;-5.121.529.476.038.650;10.0
Cavalhada//work_37;-30.127.689.953.032.800;-5.121.540.906.766.020;10.0
Cavalhada//school_37;-3.012.729.409.697.580;-5.121.505.862.688.790;10.0
Cavalhada//home_38;-3.012.787.662.443.750;-5.121.363.756.400.730;10.0
Cavalhada//work_38;-3.012.861.151.371.420;-5.121.371.943.274.550;10.0
Cavalhada//school_38;-3.012.867.034.393.430;-51.213.855.040.882.000;10.0
Cavalhada//home_39;-30.129.017.723.622.700;-5.121.491.215.079.200;10.0
Cavalhada//work_39;-3.012.983.925.510.280;-5.121.412.492.325.790;10.0
Cavalhada//school_39;-30.128.946.704.373.100;-5.121.485.972.481.030;10.0
Cavalhada//home_40;-30.115.922.790.711.200;-5.122.823.870.100.150;10.0
Cavalhada//work_40;-301.160.743.414.015;-5.122.895.363.631.620;10.0
Cavalhada//school_40;-3.011.699.089.817.990;-51.230.481.543.133.600;10.0
Cavalhada//home_41;-30.094.527.859.995.800;-5.123.332.264.765.040;10.0
Cavalhada//work_41;-3.009.430.904.244.930;-5.123.404.606.920.620;10.0
Cavalhada//school_41;-300.948.711.046.547;-51.234.103.625.305.100;8.8
Cavalhada//home_42;-300.943.372.874.064;-51.236.007.143.437.200;7.7
Cavalhada//work_42;-3.009.431.579.338.440;-5.123.431.069.582.140;10.0
Cavalhada//school_42;-3.009.420.982.772.090;-5.123.473.888.472.360;9.5
Cavalhada//home_43;-30.127.713.793.855.400;-5.121.634.778.441.120;10.0
Cavalhada//work_43;-30.127.441.759.347.800;-5.121.667.961.564.240;10.0
Cavalhada//school_43;-30.127.406.921.757.200;-5.121.915.761.986.460;10.0
Cavalhada//home_44;-30.131.084.050.587.100;-51.212.560.716.163;10.0
Cavalhada//work_44;-30.131.662.718.627.800;-5.121.348.348.906.770;10.0
Cavalhada//school_44;-30.131.867.434.372.800;-5.121.432.495.988.480;10.0
Cavalhada//home_45;-30.114.853.018.021.300;-51.231.444.579.270.000;10.0
Cavalhada//work_45;-3.011.561.782.611.430;-51.231.548.538.556.300;10.0
Cavalhada//school_45;-30.119.022.116.062.100;-51.231.796.059.466.100;10.0
Cavalhada//home_46;-30.131.745.616.046.800;-5.121.763.224.563.800;10.0
Cavalhada//work_46;-30.130.979.311.600.000;-5.121.751.618.282.320;10.0
Cavalhada//school_46;-3.013.069.601.403.440;-51.217.417.143.332.800;10.0
Cavalhada//home_47;-30.112.389.265.614.100;-5.123.148.843.905.250;10.0
Cavalhada//work_47;-30.112.921.546.328.200;-5.123.203.200.764.120;10.0
Cavalhada//school_47;-3.011.348.820.641.020;-5.123.101.298.676.810;10.0
Cavalhada//home_48;-3.011.113.539.617.660;-5.122.835.311.108.110;10.0
Cavalhada//work_48;-30.114.716.602.494.100;-5.122.968.518.839.090;10.0
Cavalhada//school_48;-3.011.240.162.343.540;-5.122.806.958.985.900;10.0
Cavalhada//home_49;-30.114.690.122.245.100;-5.123.061.098.670.240;10.0
Cavalhada//work_49;-30.113.789.996.555.700;-5.123.015.014.773.620;10.0
Cavalhada//school_49;-30.113.934.158.302.000;-5.122.984.440.694.050;10.0
Cavalhada//home_50;-30.115.317.564.338.600;-51.230.568.945.006.100;10.0
Cavalhada//work_50;-30.115.355.789.727.300;-512.301.685.301.211;10.0
Cavalhada//school_50;-3.011.515.134.865.640;-5.123.054.951.488.690;10.0
Centro Hist√≥rico//home_0;-3.002.924.715.006.640;-5.122.998.448.688.870;10.0
Centro Hist√≥rico//work_0;-30.030.193.614.150.600;-5.122.928.471.862.550;10.0
Centro Hist√≥rico//school_0;-3.003.106.838.973.710;-5.122.736.316.419.120;10.0
Centro Hist√≥rico//home_1;-30.031.068.833.741.500;-5.122.988.420.059.540;10.0
Centro Hist√≥rico//work_1;-3.003.110.516.229.600;-5.122.928.464.328.750;10.0
Centro Hist√≥rico//school_1;-30.030.538.050.958.000;-5.122.984.130.389.490;10.0
Centro Hist√≥rico//home_2;-30.031.516.270.999.300;-5.122.979.610.905.910;10.0
Centro Hist√≥rico//work_2;-3.003.155.845.926.520;-5.122.833.483.269.230;10.0
Centro Hist√≥rico//school_2;-30.031.491.848.285.300;-5.122.995.979.223.120;10.0
Centro Hist√≥rico//home_3;-30.028.561.836.646.600;-5.122.987.676.250.710;10.0
Centro Hist√≥rico//work_3;-3.002.964.347.587.040;-5.123.143.458.051.370;10.0
Centro Hist√≥rico//school_3;-30.030.120.969.010.300;-51.231.725.493.841.400;10.0
Centro Hist√≥rico//home_4;-30.028.684.860.214.500;-5.122.663.811.425.400;8.3
Centro Hist√≥rico//work_4;-30.027.820.288.481.900;-5.122.650.750.513.670;6.4
Centro Hist√≥rico//school_4;-30.028.305.823.276.500;-51.225.486.418.566.900;8.8
Centro Hist√≥rico//home_5;-30.030.405.763.054.900;-5.122.509.904.929.110;10.0
Centro Hist√≥rico//work_5;-3.003.042.525.820.560;-51.226.423.789.994.400;10.0
Centro Hist√≥rico//school_5;-3.003.068.274.308.510;-5.122.523.432.212.290;10.0
Centro Hist√≥rico//home_6;-3.003.118.254.075.710;-51.225.664.400.963;10.0
Centro Hist√≥rico//work_6;-300.311.450.684.125;-5.122.555.586.281.190;10.0
Centro Hist√≥rico//school_6;-3.003.115.336.271.070;-51.224.908.995.166.900;10.0
Centro Hist√≥rico//home_7;-30.031.014.473.369.600;-5.122.651.270.235.930;10.0
Centro Hist√≥rico//work_7;-30.031.473.205.811.700;-5.122.635.963.803.150;10.0
Centro Hist√≥rico//school_7;-3.003.151.272.858.910;-5.122.623.076.309.830;10.0
Centro Hist√≥rico//home_8;-30.032.230.217.912.300;-51.226.777.589.197.600;10.0
Centro Hist√≥rico//work_8;-3.003.164.247.842.160;-5.122.693.177.975.340;10.0
Centro Hist√≥rico//school_8;-30.032.148.360.715.800;-512.267.874.277.389;10.0
Centro Hist√≥rico//home_9;-30.031.748.319.339.500;-5.122.611.660.611.630;10.0
Centro Hist√≥rico//work_9;-30.032.526.707.545.300;-5.122.662.155.940.110;10.0
Centro Hist√≥rico//school_9;-3.003.250.224.206.080;-5.122.631.400.121.070;10.0
Centro Hist√≥rico//home_10;-30.032.384.784.161.600;-51.225.155.227.634.000;10.0
Centro Hist√≥rico//work_10;-30.032.156.045.555.000;-5.122.542.983.550.950;10.0
Centro Hist√≥rico//school_10;-30.032.444.699.503.000;-5.122.567.994.388.440;10.0
Centro Hist√≥rico//home_11;-30.032.646.821.355.700;-5.122.549.463.425.550;10.0
Centro Hist√≥rico//work_11;-30.032.635.807.417.600;-512.260.109.306.388;10.0
Centro Hist√≥rico//school_11;-30.032.812.309.896.200;-5.122.699.886.082.860;10.0
Centro Hist√≥rico//home_12;-30.032.718.110.964.400;-51.227.557.453.191.600;10.0
Centro Hist√≥rico//work_12;-30.033.049.962.672.900;-51.227.516.757.793.800;10.0
Centro Hist√≥rico//school_12;-3.003.316.724.566.290;-51.227.763.036.167.700;10.0
Centro Hist√≥rico//home_13;-30.031.730.959.581.800;-5.122.724.636.227.030;10.0
Centro Hist√≥rico//work_13;-3.003.165.828.242.060;-5.122.702.698.546.360;10.0
Centro Hist√≥rico//school_13;-30.032.061.639.985.000;-5.122.719.378.751.020;10.0
Centro Hist√≥rico//home_14;-30.031.705.460.615.500;-51.228.005.615.895.300;10.0
Centro Hist√≥rico//work_14;-3.003.186.349.452.980;-5.122.928.654.550.320;10.0
Centro Hist√≥rico//school_14;-3.003.179.826.763.280;-5.122.919.187.735.800;10.0
Centro Hist√≥rico//home_15;-30.032.620.090.103.300;-5.122.952.454.225.260;10.0
Centro Hist√≥rico//work_15;-30.032.838.194.814.200;-5.122.934.937.761.120;10.0
Centro Hist√≥rico//school_15;-3.003.281.537.769.960;-51.229.545.486.828.100;10.0
Centro Hist√≥rico//home_16;-30.032.889.658.230.800;-5.122.834.831.805.900;10.0
Centro Hist√≥rico//work_16;-30.033.305.928.365.200;-5.122.875.348.194.440;10.0
Centro Hist√≥rico//school_16;-30.033.315.256.960.300;-51.228.498.454.868.400;10.0
Centro Hist√≥rico//home_17;-300.325.131.726.783;-5.122.979.046.533.520;10.0
Centro Hist√≥rico//work_17;-3.003.319.066.683.030;-51.230.417.795.297.800;10.0
Centro Hist√≥rico//school_17;-3.003.287.068.013.010;-51.230.049.427.151.500;10.0
Centro Hist√≥rico//home_18;-3.003.240.969.816.670;-5.123.248.972.742.200;10.0
Centro Hist√≥rico//work_18;-30.032.027.257.408.900;-5.123.099.613.681.010;10.0
Centro Hist√≥rico//school_18;-3.003.262.005.336.340;-5.123.272.660.987.240;10.0
Centro Hist√≥rico//home_19;-30.033.055.593.476.700;-51.233.519.876.073.700;10.0
Centro Hist√≥rico//work_19;-3.003.291.634.103.050;-5.123.317.037.091.570;10.0
Centro Hist√≥rico//school_19;-30.033.282.156.994.400;-5.123.379.144.413.050;10.0
Centro Hist√≥rico//home_20;-30.033.513.641.208.900;-5.123.411.116.806.170;10.0
Centro Hist√≥rico//work_20;-30.033.274.110.247.000;-5.123.446.070.101.850;10.0
Centro Hist√≥rico//school_20;-30.032.592.297.705.700;-5.123.334.954.210.510;10.0
Centro Hist√≥rico//home_21;-3.003.253.047.332.040;-5.123.385.600.289.660;10.0
Centro Hist√≥rico//work_21;-30.032.114.471.327.900;-51.233.433.099.708.100;10.0
Centro Hist√≥rico//school_21;-30.032.599.687.020.400;-51.234.454.609.631.900;10.0
Centro Hist√≥rico//home_22;-300.315.292.532.152;-5.123.428.965.341.990;10.0
Centro Hist√≥rico//work_22;-30.031.571.955.725.600;-51.234.028.951.646.800;10.0
Centro Hist√≥rico//school_22;-30.031.741.182.651.600;-51.234.506.107.608.700;10.0
Centro Hist√≥rico//home_23;-3.003.177.396.966.360;-51.231.501.664.856.800;10.0
Centro Hist√≥rico//work_23;-3.003.135.308.453.660;-5.123.303.361.832.820;10.0
Centro Hist√≥rico//school_23;-3.003.128.905.015.930;-51.232.231.943.907.200;10.0
Centro Hist√≥rico//home_24;-3.003.044.024.521.710;-5.123.320.727.040.840;10.0
Centro Hist√≥rico//work_24;-3.003.077.803.743.410;-51.232.663.276.781.700;10.0
Centro Hist√≥rico//school_24;-30.030.551.155.837.300;-51.232.904.455.259.700;10.0
Centro Hist√≥rico//home_25;-30.032.210.666.406.400;-5.123.681.279.810.020;8.8
Centro Hist√≥rico//work_25;-30.031.924.192.973.200;-5.123.643.169.871.210;8.6
Centro Hist√≥rico//school_25;-30.031.696.060.451.300;-5.123.661.557.494.540;7.4
Centro Hist√≥rico//home_26;-30.026.773.621.759.100;-5.122.216.904.111.260;8.4
Centro Hist√≥rico//work_26;-3.002.675.939.996.920;-5.122.180.365.857.450;9.3
Centro Hist√≥rico//school_26;-30.027.399.792.980.800;-512.238.940.200.236;9.5
Centro Hist√≥rico//home_27;-30.027.617.887.866.700;-51.220.899.805.233.600;10.0
Centro Hist√≥rico//work_27;-300.268.434.640.627;-5.122.090.892.195.110;8.0
Centro Hist√≥rico//school_27;-300.270.385.342.159;-51.220.711.116.841.100;7.4
Centro Hist√≥rico//home_28;-30.027.584.074.543.600;-512.204.174.476.476;10.0
Centro Hist√≥rico//work_28;-3.002.771.865.092.370;-51.219.586.748.122.100;8.7
Centro Hist√≥rico//school_28;-3.002.691.556.854.220;-5.121.964.028.352.390;7.4
Centro Hist√≥rico//home_29;-3.002.918.508.331.040;-5.121.999.165.412.880;10.0
Centro Hist√≥rico//work_29;-30.029.081.435.421.400;-5.121.989.388.910.660;10.0
Centro Hist√≥rico//school_29;-3.002.934.334.742.280;-5.122.055.333.314.510;10.0
Centro Hist√≥rico//home_30;-300.295.357.789.847;-5.122.167.450.436.520;10.0
Centro Hist√≥rico//work_30;-30.029.395.623.568.400;-5.122.193.045.279.060;10.0
Centro Hist√≥rico//school_30;-30.029.416.338.024.500;-5.122.192.330.340.920;10.0
Centro Hist√≥rico//home_31;-3.002.857.531.808.110;-5.122.157.450.497.000;10.0
Centro Hist√≥rico//work_31;-30.029.455.619.581.500;-5.122.297.636.860.060;10.0
Centro Hist√≥rico//school_31;-3.002.851.780.298.010;-5.122.095.210.166.990;10.0
Centro Hist√≥rico//home_32;-30.030.359.646.978.900;-5.122.335.654.983.850;10.0
Centro Hist√≥rico//work_32;-3.003.049.127.391.630;-5.122.352.562.230.720;10.0
Centro Hist√≥rico//school_32;-3.003.035.373.545.420;-5.122.376.788.070.380;10.0
Centro Hist√≥rico//home_33;-30.029.860.926.927.600;-51.220.338.809.402.000;10.0
Centro Hist√≥rico//work_33;-300.329.864.674.302;-5.122.241.962.877.110;10.0
Centro Hist√≥rico//school_33;-30.032.331.496.666.800;-51.222.430.498.959.400;10.0
Centro Hist√≥rico//home_34;-30.031.200.335.228.600;-51.224.296.784.311.800;10.0
Centro Hist√≥rico//work_34;-30.031.432.672.499.900;-5.122.406.956.140.880;10.0
Centro Hist√≥rico//school_34;-3.003.155.123.369.380;-5.122.400.767.132.110;10.0
Centro Hist√≥rico//home_35;-30.032.082.208.700.900;-5.122.466.120.151.460;10.0
Centro Hist√≥rico//work_35;-30.031.956.369.097.200;-5.122.474.365.122.360;10.0
Centro Hist√≥rico//school_35;-3.003.137.022.208.650;-5.122.473.574.505.520;10.0
Centro Hist√≥rico//home_36;-3.003.343.409.890.340;-5.122.502.310.226.870;10.0
Centro Hist√≥rico//work_36;-3.003.335.117.955.670;-5.122.507.007.440.740;10.0
Centro Hist√≥rico//school_36;-30.033.145.721.035.500;-5.122.563.730.370.360;10.0
Centro Hist√≥rico//home_37;-30.032.113.997.117.900;-5.122.348.923.587.820;10.0
Centro Hist√≥rico//work_37;-30.032.819.647.337.100;-5.122.511.516.952.650;10.0
Centro Hist√≥rico//school_37;-30.032.125.036.790.400;-51.223.462.429.688.400;10.0
Centro Hist√≥rico//home_38;-30.033.102.984.948.700;-51.224.632.410.769.700;10.0
Centro Hist√≥rico//work_38;-30.033.150.387.026.800;-5.122.405.133.802.250;10.0
Centro Hist√≥rico//school_38;-3.003.260.356.910.450;-5.122.389.914.712.920;10.0
Centro Hist√≥rico//home_39;-30.033.239.527.099.300;-5.122.308.160.478.840;10.0
Centro Hist√≥rico//work_39;-30.033.132.142.255.200;-5.122.278.743.038.530;10.0
Centro Hist√≥rico//school_39;-30.033.459.921.739.200;-51.222.803.795.601.900;10.0
Centro Hist√≥rico//home_40;-30.033.045.646.618.700;-51.223.552.888.618.700;10.0
Centro Hist√≥rico//work_40;-30.033.533.573.407.000;-5.122.326.433.812.240;10.0
Centro Hist√≥rico//school_40;-3.003.355.000.432.970;-5.122.288.298.652.930;10.0
Centro Hist√≥rico//home_41;-30.034.858.995.636.900;-5.122.357.778.420.940;7.4
Centro Hist√≥rico//work_41;-30.034.712.429.678.300;-5.122.249.669.961.000;7.7
Centro Hist√≥rico//school_41;-30.034.740.749.037.800;-5.122.350.627.664.150;7.4
Centro Hist√≥rico//home_42;-3.003.371.137.542.270;-5.122.676.355.832.170;10.0
Centro Hist√≥rico//work_42;-3.003.363.028.637.120;-51.226.729.536.455.000;10.0
Centro Hist√≥rico//school_42;-30.033.494.474.146.400;-5.122.552.364.682.510;10.0
Centro Hist√≥rico//home_43;-30.034.667.135.764.200;-51.225.057.551.195.000;9.6
Centro Hist√≥rico//work_43;-30.034.351.722.939.100;-5.122.497.678.501.450;10.0
Centro Hist√≥rico//school_43;-30.035.204.282.419.500;-5.122.471.892.474.360;8.0
Centro Hist√≥rico//home_44;-3.003.443.388.515.770;-5.122.704.004.876.750;10.0
Centro Hist√≥rico//work_44;-30.034.034.231.855.600;-5.122.534.036.959.150;10.0
Centro Hist√≥rico//school_44;-3.003.461.167.121.410;-5.122.665.003.216.800;10.0
Centro Hist√≥rico//home_45;-30.034.901.535.869.400;-5.122.780.616.949.380;10.0
Centro Hist√≥rico//work_45;-3.003.411.627.007.100;-5.122.773.266.093.900;10.0
Centro Hist√≥rico//school_45;-3.003.465.305.866.290;-5.122.731.688.990.550;10.0
Centro Hist√≥rico//home_46;-30.035.504.109.809.600;-5.122.743.785.465.590;9.5
Centro Hist√≥rico//work_46;-3.003.498.603.391.420;-51.227.619.935.104.700;10.0
Centro Hist√≥rico//school_46;-30.035.768.741.618.000;-5.122.780.968.561.650;7.9
Centro Hist√≥rico//home_47;-3.003.510.742.988.160;-5.122.489.734.037.330;8.2
Centro Hist√≥rico//work_47;-30.035.177.363.338.200;-5.122.546.498.304.230;8.4
Centro Hist√≥rico//school_47;-3.003.511.543.908.220;-5.122.519.977.685.580;8.6
Centro Hist√≥rico//home_48;-3.003.604.222.246.740;-5.122.529.119.396.850;6.5
Centro Hist√≥rico//work_48;-3.003.529.705.962.360;-5.122.573.854.387.830;8.4
Centro Hist√≥rico//school_48;-30.035.885.610.838.600;-5.122.481.620.300.940;6.9
Centro Hist√≥rico//home_49;-3.003.593.350.521.490;-5.122.663.325.007.770;6.1
Centro Hist√≥rico//work_49;-30.035.977.238.024.900;-5.122.677.639.171.570;6.1
Centro Hist√≥rico//school_49;-30.035.543.508.955.400;-5.122.680.675.237.860;7.3
Centro Hist√≥rico//home_50;-30.036.524.491.410.200;-5.122.623.083.050.300;6.1
Centro Hist√≥rico//work_50;-300.366.169.186.517;-5.122.627.912.548.900;6.3
Centro Hist√≥rico//school_50;-30.036.244.784.794.300;-5.122.627.833.327.490;6.3
Centro Hist√≥rico//home_51;-30.036.301.209.557.100;-512.271.534.374.749;6.4
Centro Hist√≥rico//work_51;-3.003.726.173.730.300;-5.122.670.533.810.000;4.4
Centro Hist√≥rico//school_51;-3.003.677.258.624.800;-5.122.720.281.505.650;7.0
Centro Hist√≥rico//home_52;-30.038.247.166.609.500;-51.229.210.118.510.100;3.3
Centro Hist√≥rico//work_52;-30.037.271.945.483.800;-51.229.833.670.985.100;6.1
Centro Hist√≥rico//school_52;-30.037.373.504.760.200;-5.122.998.394.123.630;6.1
Centro Hist√≥rico//home_53;-30.036.462.928.818.100;-5.122.828.440.761.520;8.7
Centro Hist√≥rico//work_53;-30.037.288.732.398.500;-51.228.773.820.136.100;5.2
Centro Hist√≥rico//school_53;-30.037.115.304.202.200;-5.122.899.335.281.970;7.1
Centro Hist√≥rico//home_54;-30.036.387.183.776.700;-5.122.860.375.753.370;8.8
Centro Hist√≥rico//work_54;-30.036.453.687.880.200;-5.122.873.597.178.870;8.8
Centro Hist√≥rico//school_54;-30.036.413.913.218.700;-5.122.853.628.150.500;8.8
Centro Hist√≥rico//home_55;-30.035.402.354.584.800;-5.122.842.115.536.860;10.0
Centro Hist√≥rico//work_55;-30.035.673.491.069.500;-51.228.319.890.561.000;9.9
Centro Hist√≥rico//school_55;-30.036.105.972.275.700;-5.122.970.583.677.530;7.9
Centro Hist√≥rico//home_56;-3.003.531.884.645.090;-5.122.901.377.904.070;10.0
Centro Hist√≥rico//work_56;-30.035.090.038.500.900;-5.122.880.604.788.170;10.0
Centro Hist√≥rico//school_56;-30.035.223.446.073.800;-5.122.977.939.210.560;10.0
Centro Hist√≥rico//home_57;-3.003.479.645.200.720;-5.122.973.133.030.890;10.0
Centro Hist√≥rico//work_57;-30.033.778.630.882.000;-5.122.904.613.493.620;10.0
Centro Hist√≥rico//school_57;-3.003.491.924.844.050;-5.122.808.711.302.590;10.0
Centro Hist√≥rico//home_58;-3.003.374.920.646.660;-5.123.030.074.479.820;10.0
Centro Hist√≥rico//work_58;-30.034.521.672.322.400;-5.123.082.116.274.280;10.0
Centro Hist√≥rico//school_58;-300.341.074.038.945;-5.122.981.045.629.020;10.0
Centro Hist√≥rico//home_59;-3.003.609.098.410.760;-5.123.031.962.836.810;8.6
Centro Hist√≥rico//work_59;-3.003.589.004.094.260;-5.123.032.032.489.410;8.9
Centro Hist√≥rico//school_59;-30.035.524.794.904.800;-5.122.991.694.512.200;9.9
Centro Hist√≥rico//home_60;-3.003.621.118.172.860;-5.123.068.808.538.030;6.7
Centro Hist√≥rico//work_60;-3.003.701.786.885.170;-51.231.180.771.315.500;4.5
Centro Hist√≥rico//school_60;-3.003.711.841.163.550;-51.230.170.977.713.800;5.6
Centro Hist√≥rico//home_61;-30.035.931.497.282.400;-5.123.268.336.239.640;6.1
Centro Hist√≥rico//work_61;-30.037.073.671.033.300;-5.123.673.276.788.460;4.4
Centro Hist√≥rico//school_61;-30.036.349.549.170.500;-512.345.429.950.417;6.4
Centro Hist√≥rico//home_62;-30.035.528.077.590.300;-5.123.217.216.147.190;5.5
Centro Hist√≥rico//work_62;-30.035.358.464.725.900;-512.319.241.899.082;5.5
Centro Hist√≥rico//school_62;-300.354.914.633.994;-5.123.237.040.555.710;5.5
Centro Hist√≥rico//home_63;-30.035.628.182.343.000;-512.336.343.300.569;7.2
Centro Hist√≥rico//work_63;-3.003.525.812.964.990;-5.123.363.322.403.940;7.6
Centro Hist√≥rico//school_63;-30.035.269.953.493.800;-5.123.251.288.432.140;6.8
Centro Hist√≥rico//home_64;-30.035.033.420.888.700;-5.123.247.520.057.810;7.9
Centro Hist√≥rico//work_64;-30.033.880.952.143.300;-5.123.165.669.377.680;10.0
Centro Hist√≥rico//school_64;-30.034.889.636.465.400;-512.324.626.747.361;10.0
Centro Hist√≥rico//home_65;-30.033.471.004.138.700;-512.317.826.564.225;10.0
Centro Hist√≥rico//work_65;-30.033.505.080.344.200;-5.123.181.838.382.920;10.0
Centro Hist√≥rico//school_65;-30.033.437.270.274.700;-51.231.778.954.351.600;10.0
Centro Hist√≥rico//home_66;-3.003.364.177.974.070;-512.331.009.479.776;10.0
Centro Hist√≥rico//work_66;-30.033.453.612.445.200;-512.331.122.089.847;10.0
Centro Hist√≥rico//school_66;-30.033.734.982.186.100;-51.234.167.898.375.200;10.0
Centro Hist√≥rico//home_67;-3.003.431.600.030.380;-51.233.499.382.155.000;10.0
Centro Hist√≥rico//work_67;-3.003.473.401.818.330;-5.123.321.241.155.930;9.6
Centro Hist√≥rico//school_67;-30.034.341.215.041.100;-5.123.387.852.136.970;10.0
Centro Hist√≥rico//home_68;-30.034.530.768.436.400;-5.123.509.459.058.260;10.0
Centro Hist√≥rico//work_68;-30.034.788.932.583.200;-5.123.406.282.196.150;9.9
Centro Hist√≥rico//school_68;-3.003.410.726.049.760;-5.123.445.358.466.150;10.0
Centro Hist√≥rico//home_69;-3.003.498.595.977.450;-51.233.974.058.406.900;9.9
Centro Hist√≥rico//work_69;-30.035.361.788.046.600;-51.234.466.996.572.900;7.5
Centro Hist√≥rico//school_69;-30.035.095.965.991.000;-5.123.471.736.142.310;8.7
Centro Hist√≥rico//home_70;-30.035.999.452.046.500;-5.123.482.468.510.950;6.1
Centro Hist√≥rico//work_70;-3.003.607.516.922.970;-5.123.398.683.606.270;7.2
Centro Hist√≥rico//school_70;-30.035.882.319.920.100;-5.123.385.949.200.940;7.2
Centro Hist√≥rico//home_71;-30.035.742.629.726.000;-5.123.609.607.610.350;6.5
Centro Hist√≥rico//work_71;-3.003.555.644.507.210;-51.235.965.145.596.000;6.5
Centro Hist√≥rico//school_71;-30.035.603.476.266.500;-51.235.367.951.380.100;5.5
Centro Hist√≥rico//home_72;-3.003.545.264.520.310;-5.123.632.819.138.120;7.1
Centro Hist√≥rico//work_72;-3.003.589.349.058.680;-51.237.539.018.856.800;6.2
Centro Hist√≥rico//school_72;-30.035.978.540.600.200;-5.123.633.943.673.980;6.0
Centro Hist√≥rico//home_73;-30.036.240.784.584.700;-5.123.812.750.090.970;5.8
Centro Hist√≥rico//work_73;-30.035.659.027.434.600;-5.123.811.732.975.690;6.6
Centro Hist√≥rico//school_73;-3.003.560.600.915.530;-5.123.783.169.577.930;7.1
Centro Hist√≥rico//home_74;-3.003.582.167.545.380;-5.123.987.918.875.560;4.8
Centro Hist√≥rico//work_74;-30.035.484.616.065.900;-5.123.830.422.539.850;6.5
Centro Hist√≥rico//school_74;-30.035.991.928.400.700;-5.123.970.450.063.220;4.9
Centro Hist√≥rico//home_75;-30.035.233.162.162.400;-5.123.849.054.544.530;8.1
Centro Hist√≥rico//work_75;-30.035.475.463.172.000;-5.123.990.986.197.290;5.8
Centro Hist√≥rico//school_75;-30.034.835.274.296.200;-51.238.111.959.781.200;7.5
Centro Hist√≥rico//home_76;-3.003.504.454.844.060;-5.123.583.639.602.610;9.0
Centro Hist√≥rico//work_76;-3.003.534.332.526.160;-51.236.132.166.834.500;6.5
Centro Hist√≥rico//school_76;-30.035.218.188.987.000;-5.123.685.624.193.760;7.0
Centro Hist√≥rico//home_77;-30.034.642.159.784.100;-51.236.986.680.881.200;8.4
Centro Hist√≥rico//work_77;-30.034.642.011.242;-5.123.705.893.207.510;8.4
Centro Hist√≥rico//school_77;-30.034.521.205.451.100;-51.237.117.639.798.600;8.8
Centro Hist√≥rico//home_78;-30.032.926.008.934.000;-5.123.525.497.529.590;10.0
Centro Hist√≥rico//work_78;-30.033.719.640.546.700;-512.347.151.076.507;10.0
Centro Hist√≥rico//school_78;-30.032.495.225.035.900;-51.234.943.551.822.700;10.0
Centro Hist√≥rico//home_79;-30.033.755.953.943.400;-512.354.613.777.449;10.0
Centro Hist√≥rico//work_79;-3.003.365.905.584.750;-51.236.253.286.341.900;9.9
Centro Hist√≥rico//school_79;-30.033.959.403.894.700;-5.123.629.316.937.360;9.5
Centro Hist√≥rico//home_80;-30.032.630.868.596.600;-5.123.718.316.893.060;9.5
Centro Hist√≥rico//work_80;-3.003.319.701.093.710;-51.236.233.381.230.000;10.0
Centro Hist√≥rico//school_80;-3.003.254.883.897.370;-51.237.027.616.262.200;9.3
Centro Hist√≥rico//home_81;-3.003.270.353.481.110;-5.123.657.362.818.140;10.0
Centro Hist√≥rico//work_81;-30.032.189.191.004.800;-5.123.625.602.306.330;8.6
Centro Hist√≥rico//school_81;-30.032.321.632.185.000;-5.123.642.967.238.150;10.0
Centro Hist√≥rico//home_82;-30.033.572.995.147.000;-51.238.212.980.305.600;10.0
Centro Hist√≥rico//work_82;-30.033.125.072.527.500;-5.123.710.623.827.480;10.0
Centro Hist√≥rico//school_82;-30.033.253.493.570.500;-5.123.848.667.718.080;8.5
Centro Hist√≥rico//home_83;-30.033.164.250.798.300;-5.123.789.983.250.140;10.0
Centro Hist√≥rico//work_83;-30.032.820.314.107.700;-51.237.916.523.539.100;8.6
Centro Hist√≥rico//school_83;-30.032.975.714.172.200;-51.237.952.381.501.000;8.6
Centro Hist√≥rico//home_84;-30.034.250.553.046.200;-5.123.801.023.584.330;8.4
Centro Hist√≥rico//work_84;-300.341.948.846.445;-51.237.922.610.272.100;7.8
Centro Hist√≥rico//school_84;-3.003.412.726.272.720;-512.372.997.279.331;8.8
Centro Hist√≥rico//home_85;-30.034.707.006.414.200;-5.123.874.599.558.840;7.5
Centro Hist√≥rico//work_85;-3.003.417.357.830.820;-5.123.845.860.826.750;9.6
Centro Hist√≥rico//school_85;-30.034.519.370.705.900;-5.123.841.235.590.010;8.6
Centro Hist√≥rico//home_86;-30.034.231.235.514.600;-5.123.869.248.816.690;8.3
Centro Hist√≥rico//work_86;-3.003.426.344.108.090;-5.123.933.715.251.880;6.6
Centro Hist√≥rico//school_86;-30.034.394.263.441.700;-5.123.900.337.675.630;7.9
Centro Hist√≥rico//home_87;-3.003.364.446.725.770;-51.238.555.827.764.300;8.9
Centro Hist√≥rico//work_87;-30.033.940.661.581.900;-5.123.894.201.367.920;8.5
Centro Hist√≥rico//school_87;-3.003.369.776.756.290;-5.123.945.739.664.370;7.0
Centro Hist√≥rico//home_88;-30.033.599.785.053.600;-512.394.818.166.547;7.0
Centro Hist√≥rico//work_88;-3.003.365.020.803.100;-5.123.949.341.624.810;7.0
Centro Hist√≥rico//school_88;-3.003.329.745.088.810;-51.239.117.377.778.100;8.2
Centro Hist√≥rico//home_89;-3.003.194.676.842.010;-51.227.810.647.769.400;10.0
Centro Hist√≥rico//work_89;-30.032.019.164.261.600;-5.122.766.317.980.740;10.0
Centro Hist√≥rico//school_89;-30.031.781.215.006.700;-51.227.572.853.608.000;10.0
Centro Hist√≥rico//home_90;-3.003.627.731.516.410;-5.122.897.606.537.620;9.2
Centro Hist√≥rico//work_90;-3.003.620.076.426.870;-51.229.116.344.492;9.2
Centro Hist√≥rico//school_90;-30.036.461.494.400.100;-51.229.075.396.157;9.2
Centro Hist√≥rico//home_91;-30.030.941.789.321.600;-5.123.947.295.423.930;3.0
Centro Hist√≥rico//work_91;-30.030.805.951.889.700;-5.123.814.987.606.960;3.0
Centro Hist√≥rico//school_91;-3.003.512.467.872.920;-5.124.260.501.708.310;10.0
Centro Hist√≥rico//home_92;-3.002.445.032.812.090;-51.222.208.791.082.900;3.3
Centro Hist√≥rico//work_92;-3.002.646.653.590.760;-512.215.390.887.718;7.9
Centro Hist√≥rico//school_92;-30.023.398.328.092;-5.121.902.950.275.770;3.9
Centro Hist√≥rico//home_93;-3.003.754.553.207.890;-5.122.693.537.337.920;4.6
Centro Hist√≥rico//work_93;-30.038.187.759.035.600;-5.122.731.196.564.680;4.0
Centro Hist√≥rico//school_93;-30.037.217.811.875.900;-5.122.804.565.711.510;6.5
Centro Hist√≥rico//home_94;-3.003.692.787.911.790;-51.227.880.368.377.800;7.4
Centro Hist√≥rico//work_94;-3.003.662.515.050.930;-51.227.519.576.347.500;7.0
Centro Hist√≥rico//school_94;-30.036.304.850.040.500;-51.227.627.693.602.900;6.8
Ch√°cara das Pedras//home_0;-3.002.933.851.509.930;-5.116.512.840.683.280;10.0
Ch√°cara das Pedras//work_0;-30.030.284.395.550.100;-51.165.952.924.261.400;10.0
Ch√°cara das Pedras//school_0;-30.033.392.106.253.500;-511.659.674.906.886;10.0
Ch√°cara das Pedras//home_1;-30.029.112.659.147.500;-5.116.261.826.655.870;10.0
Ch√°cara das Pedras//work_1;-30.028.469.399.728.400;-5.116.189.253.255.610;10.0
Ch√°cara das Pedras//school_1;-30.030.432.127.741.700;-5.116.106.558.446.860;10.0
Ch√°cara das Pedras//home_2;-30.031.820.003.903.200;-51.159.686.182.238.200;10.0
Ch√°cara das Pedras//work_2;-30.031.590.593.183.400;-5.115.969.995.489.860;10.0
Ch√°cara das Pedras//school_2;-30.032.385.033.213.200;-5.116.038.769.401.870;10.0
Ch√°cara das Pedras//home_3;-30.033.048.391.412.300;-5.116.526.076.658.820;10.0
Ch√°cara das Pedras//work_3;-3.003.273.198.577.650;-5.116.386.439.893.710;10.0
Ch√°cara das Pedras//school_3;-30.033.290.585.750.300;-51.164.788.241.107.400;10.0
Ch√°cara das Pedras//home_4;-30.035.611.957.465.000;-51.161.782.242.064.900;10.0
Ch√°cara das Pedras//work_4;-3.003.477.822.105.840;-51.161.652.745.801.400;10.0
Ch√°cara das Pedras//school_4;-30.034.523.691.956.200;-5.116.123.915.562.250;10.0
Ch√°cara das Pedras//home_5;-30.035.625.943.363.100;-51.159.655.479.712.500;10.0
Ch√°cara das Pedras//work_5;-3.003.769.898.887.090;-5.115.914.074.673.540;10.0
Ch√°cara das Pedras//school_5;-3.003.573.433.383.160;-5.115.947.885.501.110;10.0
Ch√°cara das Pedras//home_6;-30.039.747.730.423.100;-51.159.893.460.385.500;10.0
Ch√°cara das Pedras//work_6;-30.040.010.748.594.300;-5.116.062.107.009.840;10.0
Ch√°cara das Pedras//school_6;-3.003.895.273.239.790;-5.115.923.510.509.920;10.0
Ch√°cara das Pedras//home_7;-30.038.112.047.269.200;-5.116.457.990.618.430;10.0
Ch√°cara das Pedras//work_7;-30.037.426.017.933.100;-511.634.532.652.761;10.0
Ch√°cara das Pedras//school_7;-30.038.322.701.147.500;-5.116.365.987.312.170;10.0
Ch√°cara das Pedras//home_8;-30.038.935.064.586.800;-51.166.246.298.363.100;10.0
Ch√°cara das Pedras//work_8;-3.003.482.896.611.840;-51.166.347.294.810.200;10.0
Ch√°cara das Pedras//school_8;-3.003.603.171.084.630;-51.166.669.776.033.600;10.0
Ch√°cara das Pedras//home_9;-30.030.055.475.170.000;-5.115.970.528.114.560;10.0
Ch√°cara das Pedras//work_9;-30.031.392.040.254.900;-51.160.210.545.411.800;10.0
Ch√°cara das Pedras//school_9;-3.002.907.845.068.300;-5.116.050.089.478.450;10.0
Chap√©u do Sol//home_0;-30.176.131.307.875.600;-5.117.595.334.440.270;7.2
Chap√©u do Sol//work_0;-30.176.355.924.963.000;-5.117.581.667.216.320;7.3
Chap√©u do Sol//school_0;-301.762.321.618.278;-5.117.606.233.368.610;7.2
Chap√©u do Sol//home_1;-30.177.719.453.845.800;-5.117.268.801.027.560;7.9
Chap√©u do Sol//work_1;-30.174.914.428.565.800;-5.117.218.050.186.760;9.5
Chap√©u do Sol//school_1;-30.175.213.084.586.400;-5.117.203.624.342.490;9.5
Chap√©u do Sol//home_2;-30.177.803.050.583.500;-5.117.473.968.618.940;7.4
Chap√©u do Sol//work_2;-30.177.791.081.207.100;-5.117.353.206.007.460;7.9
Chap√©u do Sol//school_2;-30.178.182.432.630.400;-511.742.480.698.604;7.4
Chap√©u do Sol//home_3;-30.170.949.335.766.800;-51.153.536.093.905.400;10.0
Chap√©u do Sol//work_3;-3.018.020.991.485.460;-5.115.144.660.956.250;10.0
Chap√©u do Sol//school_3;-30.181.141.747.479.000;-51.146.185.028.433;10.0
Chap√©u do Sol//home_4;-3.018.071.528.705.000;-51.170.318.968.897.900;9.1
Chap√©u do Sol//work_4;-301.817.116.523.431;-5.117.243.031.919.370;6.1
Chap√©u do Sol//school_4;-30.181.017.075.447.400;-51.168.082.689.653.600;10.0
Chap√©u do Sol//home_5;-30.182.820.991.347.300;-5.116.786.413.910.500;9.5
Chap√©u do Sol//work_5;-301.848.921.208.756;-5.116.307.636.315.610;10.0
Chap√©u do Sol//school_5;-30.183.288.254.989.400;-5.116.429.284.960.460;10.0
Chap√©u do Sol//home_6;-30.174.871.405.429.500;-51.176.153.853.498.400;7.3
Chap√©u do Sol//work_6;-30.174.784.001.500.800;-51.175.029.775.464.200;7.7
Chap√©u do Sol//school_6;-30.174.480.582.403.100;-5.117.512.261.405.970;7.8
Chap√©u do Sol//home_7;-3.017.367.416.076.990;-5.117.245.012.840.740;7.9
Chap√©u do Sol//work_7;-30.173.813.433.045.000;-5.117.273.273.933.870;8.4
Chap√©u do Sol//school_7;-3.017.375.254.472.110;-5.117.363.242.936.620;8.4
Chap√©u do Sol//home_8;-30.174.538.705.652.200;-5.117.419.528.717.580;7.9
Chap√©u do Sol//work_8;-3.017.483.252.130.790;-51.174.701.174.740.900;7.7
Chap√©u do Sol//school_8;-3.017.452.263.479.050;-5.117.367.002.070.060;8.1
Cidade Baixa//home_0;-3.004.286.046.866.920;-51.225.600.379.771.000;3.9
Cidade Baixa//work_0;-30.040.879.766.306.600;-5.122.662.308.239.720;4.6
Cidade Baixa//school_0;-30.040.574.205.660.800;-5.122.599.020.000.400;4.3
Cidade Baixa//home_1;-300.417.708.930.243;-512.276.062.962.746;4.6
Cidade Baixa//work_1;-30.042.855.006.427.300;-51.227.550.332.783.200;4.5
Cidade Baixa//school_1;-3.004.242.951.281.520;-5.122.668.271.883.720;4.6
Cidade Baixa//home_2;-3.004.006.155.254.390;-5.122.697.561.715.700;4.6
Cidade Baixa//work_2;-30.040.229.950.291.300;-5.122.748.480.157.010;4.6
Cidade Baixa//school_2;-30.039.046.427.795.100;-5.122.744.698.463.210;4.0
Cidade Baixa//home_3;-3.003.973.102.612.880;-5.122.659.960.141.340;4.2
Cidade Baixa//work_3;-3.004.003.133.179.850;-51.226.242.444.032;4.2
Cidade Baixa//school_3;-3.003.978.517.020.970;-5.122.594.380.911.290;4.3
Cidade Baixa//home_4;-30.038.598.399.899.000;-5.122.549.116.461.560;4.5
Cidade Baixa//work_4;-30.037.820.140.891.800;-5.122.577.049.856.050;4.8
Cidade Baixa//school_4;-30.038.892.215.761.600;-5.122.599.745.375.970;4.2
Cidade Baixa//home_5;-3.003.887.912.770.790;-51.224.914.667.305.500;5.0
Cidade Baixa//work_5;-30.038.638.552.243.900;-5.122.474.886.200.230;5.0
Cidade Baixa//school_5;-30.038.629.773.323;-5.122.455.660.678.480;5.1
Cidade Baixa//home_6;-30.039.056.454.233.200;-5.122.451.176.018.390;5.1
Cidade Baixa//work_6;-30.039.410.551.803.900;-5.122.492.646.701.390;5.2
Cidade Baixa//school_6;-30.039.134.527.108.400;-51.224.709.263.944.100;5.2
Cidade Baixa//home_7;-3.003.967.614.551.930;-5.122.464.028.734.700;5.1
Cidade Baixa//work_7;-30.040.106.363.946.900;-5.122.467.727.384.730;4.5
Cidade Baixa//school_7;-3.004.016.361.114.840;-51.223.632.531.907.200;4.7
Cidade Baixa//home_8;-30.040.866.722.748.700;-51.224.388.085.580.000;4.5
Cidade Baixa//work_8;-3.004.114.212.188.030;-51.224.469.755.640.500;4.6
Cidade Baixa//school_8;-3.004.113.396.558.360;-51.225.003.666.427.500;4.6
Cidade Baixa//home_9;-30.041.315.982.488.000;-5.122.401.181.482.670;4.5
Cidade Baixa//work_9;-30.040.840.560.276.000;-5.122.388.359.627.100;4.5
Cidade Baixa//school_9;-30.041.262.244.803.400;-5.122.361.931.135.660;4.5
Cidade Baixa//home_10;-3.004.154.540.180.110;-5.122.252.840.654.900;5.3
Cidade Baixa//work_10;-3.004.159.693.054.770;-5.122.352.426.012.820;4.5
Cidade Baixa//school_10;-3.004.149.864.922.660;-5.122.290.487.875.160;4.9
Cidade Baixa//home_11;-30.041.375.576.833.800;-512.220.247.997.592;5.3
Cidade Baixa//work_11;-3.004.131.621.329.010;-51.222.461.871.935.700;5.3
Cidade Baixa//school_11;-30.040.984.261.354.700;-51.222.782.012.827.400;5.1
Cidade Baixa//home_12;-300.431.207.932.974;-5.122.442.721.564.560;4.2
Cidade Baixa//work_12;-3.004.265.605.912.860;-5.122.315.275.082.020;4.5
Cidade Baixa//school_12;-30.041.646.932.497.300;-5.122.153.085.080.470;5.2
Cidade Baixa//home_13;-30.042.237.584.783.600;-5.122.132.044.267.320;5.1
Cidade Baixa//work_13;-30.042.453.848.286.700;-5.122.115.351.243.300;5.2
Cidade Baixa//school_13;-30.042.396.820.893.000;-5.122.185.112.905.430;4.8
Cidade Baixa//home_14;-3.004.334.560.269.220;-5.122.226.261.704.710;4.3
Cidade Baixa//work_14;-3.004.343.187.916.080;-5.122.098.002.683.690;4.5
Cidade Baixa//school_14;-3.004.345.526.324.450;-5.122.038.929.427.870;4.5
Cidade Baixa//home_15;-30.042.002.805.914.900;-51.218.236.129.931.400;8.0
Cidade Baixa//work_15;-30.041.750.049.317.000;-5.121.828.740.993.790;8.0
Cidade Baixa//school_15;-3.004.252.699.334.770;-5.121.909.002.217.960;7.7
Cidade Baixa//home_16;-3.004.215.538.909.360;-5.122.032.260.669.270;6.3
Cidade Baixa//work_16;-30.042.446.976.203.900;-5.122.032.373.968.140;5.4
Cidade Baixa//school_16;-30.042.281.762.105.500;-5.121.968.948.632.440;6.8
Cidade Baixa//home_17;-3.003.994.384.666.880;-512.175.856.918.575;7.2
Cidade Baixa//work_17;-3.004.017.702.107.230;-51.218.673.388.247.400;7.5
Cidade Baixa//school_17;-30.040.735.791.148.700;-5.121.830.744.717.050;8.0
Cidade Baixa//home_18;-3.004.060.172.054.240;-5.121.916.838.012.970;7.5
Cidade Baixa//work_18;-30.040.652.704.405.400;-5.121.910.788.252.350;7.5
Cidade Baixa//school_18;-30.041.705.197.153.900;-512.206.547.561.406;6.1
Cidade Baixa//home_19;-30.040.774.550.039.300;-51.220.427.178.132.400;5.9
Cidade Baixa//work_19;-3.004.051.026.049.810;-5.121.921.090.702.700;7.1
Cidade Baixa//school_19;-30.040.454.299.777.800;-5.121.952.399.255.810;6.8
Cidade Baixa//home_20;-30.040.744.038.548.300;-51.221.672.745.967.800;4.8
Cidade Baixa//work_20;-30.040.488.314.238.200;-5.122.092.790.678.030;5.7
Cidade Baixa//school_20;-30.040.247.645.177.700;-51.220.778.090.308.200;5.7
Cidade Baixa//home_21;-30.040.030.995.802.500;-5.122.189.513.921.720;4.8
Cidade Baixa//work_21;-3.003.960.586.075.210;-5.122.165.130.441.670;5.2
Cidade Baixa//school_21;-30.039.519.124.061.400;-5.122.007.965.850.760;5.9
Cidade Baixa//home_22;-30.039.013.433.902.800;-5.121.953.838.568.340;5.9
Cidade Baixa//work_22;-3.003.968.345.814.030;-512.191.205.964.143;6.4
Cidade Baixa//school_22;-30.038.818.409.765.900;-51.218.629.841.706.600;7.0
Cidade Baixa//home_23;-3.003.818.574.098.980;-5.121.997.714.956.240;6.6
Cidade Baixa//work_23;-30.038.014.454.438.700;-5.121.969.171.828.270;6.6
Cidade Baixa//school_23;-30.036.953.903.851.600;-51.220.351.031.105.700;8.1
Cidade Baixa//home_24;-30.038.637.817.038.300;-512.223.048.590.411;5.8
Cidade Baixa//work_24;-30.038.561.359.102.400;-5.122.244.702.508.410;5.8
Cidade Baixa//school_24;-30.038.304.533.888;-5.122.272.198.700.810;5.8
Cidade Baixa//home_25;-30.039.160.142.299.200;-51.222.921.588.076.600;5.7
Cidade Baixa//work_25;-30.039.691.718.777.000;-5.122.231.350.520.430;5.7
Cidade Baixa//school_25;-30.038.923.835.424.900;-51.221.440.774.140.800;5.9
Cidade Baixa//home_26;-30.038.786.748.012.500;-51.223.924.838.282.900;5.0
Cidade Baixa//work_26;-30.038.587.113.076.400;-5.122.399.276.734.740;5.1
Cidade Baixa//school_26;-30.038.461.593.392.300;-5.122.333.811.467.650;5.6
Cidade Baixa//home_27;-30.037.498.757.403.800;-5.122.352.106.219.880;5.9
Cidade Baixa//work_27;-3.003.795.430.576.500;-5.122.293.655.400.550;5.8
Cidade Baixa//school_27;-30.037.989.045.039.200;-5.122.277.005.451.770;5.8
Cidade Baixa//home_28;-3.003.729.209.767.780;-51.223.347.244.573.000;6.4
Cidade Baixa//work_28;-30.037.441.282.935.000;-5.122.317.622.728.580;6.5
Cidade Baixa//school_28;-30.037.398.393.625.200;-5.122.283.485.968.520;5.7
Cidade Baixa//home_29;-3.003.715.287.077.200;-5.122.511.555.423.450;4.8
Cidade Baixa//work_29;-30.035.953.469.997.300;-5.122.475.631.336.050;6.9
Cidade Baixa//school_29;-30.037.450.982.622;-5.122.552.942.696.010;5.3
Cidade Baixa//home_30;-3.003.667.802.220.750;-51.224.154.286.531.100;5.5
Cidade Baixa//work_30;-30.036.655.337.974.700;-5.122.434.426.446.760;6.1
Cidade Baixa//school_30;-30.036.768.399.406.700;-512.239.508.673.067;6.4
Cidade Baixa//home_31;-3.003.521.663.611.380;-5.122.372.876.811.230;7.2
Cidade Baixa//work_31;-3.003.602.333.996.860;-51.224.078.180.941.400;6.1
Cidade Baixa//school_31;-30.036.399.860.506.300;-5.122.349.412.280.020;7.5
Cidade Baixa//home_32;-30.037.085.031.667.700;-5.122.269.009.463.910;6.1
Cidade Baixa//work_32;-30.036.490.121.016.500;-51.222.107.960.263.200;7.4
Cidade Baixa//school_32;-30.037.101.628.859.200;-51.222.619.640.605.700;6.1
Cidade Baixa//home_33;-3.003.599.937.541.140;-5.122.227.853.890.740;7.7
Cidade Baixa//work_33;-3.003.644.604.829.460;-512.226.108.936.959;6.1
Cidade Baixa//school_33;-30.036.689.702.715.400;-5.122.332.070.413.200;6.9
Cidade Baixa//home_34;-30.036.982.035.253.200;-5.122.128.737.590.600;7.0
Cidade Baixa//work_34;-3.003.715.311.265.410;-51.222.274.791.699.400;6.7
Cidade Baixa//school_34;-30.037.651.736.740.100;-5.122.223.059.991.400;5.7
Cidade Baixa//home_35;-30.036.388.744.531.600;-5.122.153.910.707.090;8.2
Cidade Baixa//work_35;-3.003.649.791.997.940;-5.122.146.468.083.090;8.2
Cidade Baixa//school_35;-30.036.493.832.715.900;-5.122.093.859.664.190;8.2
Cidade Baixa//home_36;-3.003.539.932.062.360;-51.220.938.201.382.900;8.8
Cidade Baixa//work_36;-30.035.333.936.409.900;-512.209.901.845.983;8.8
Cidade Baixa//school_36;-30.035.102.704.860.200;-5.122.129.150.575.230;8.1
Cidade Baixa//home_37;-3.004.120.475.077.740;-51.217.198.944.962.600;8.0
Cidade Baixa//work_37;-3.004.098.340.090.150;-51.217.414.965.204.700;8.0
Cidade Baixa//school_37;-30.040.892.625.388.900;-51.216.796.708.521.700;8.0
Cidade Baixa//home_38;-30.038.272.083.279.100;-5.122.217.189.936.340;6.1
Cidade Baixa//work_38;-30.038.477.690.259.100;-51.221.620.004.819.900;6.1
Cidade Baixa//school_38;-3.003.849.624.096.590;-5.122.206.822.704.170;6.1
Coronel Apar√≠cio Borges//home_0;-30.079.354.403.242.300;-51.166.394.599.430.600;10.0
Coronel Apar√≠cio Borges//work_0;-3.007.807.416.616.570;-5.116.742.756.428.810;10.0
Coronel Apar√≠cio Borges//school_0;-30.078.736.427.366.500;-5.116.725.784.447.740;10.0
Coronel Apar√≠cio Borges//home_1;-30.066.200.999.949.000;-5.118.410.765.742.800;10.0
Coronel Apar√≠cio Borges//work_1;-3.006.573.802.068.490;-5.118.472.748.536.630;10.0
Coronel Apar√≠cio Borges//school_1;-30.065.307.805.581.700;-51.184.427.908.404.100;10.0
Coronel Apar√≠cio Borges//home_2;-3.006.754.264.559.120;-5.118.154.783.118.300;10.0
Coronel Apar√≠cio Borges//work_2;-30.067.009.899.607.800;-5.118.056.636.970.860;10.0
Coronel Apar√≠cio Borges//school_2;-30.066.546.733.032.600;-51.182.230.885.602.800;10.0
Coronel Apar√≠cio Borges//home_3;-3.006.968.175.860.310;-5.118.004.745.236.710;10.0
Coronel Apar√≠cio Borges//work_3;-30.066.486.874.795.800;-511.865.736.161.078;10.0
Coronel Apar√≠cio Borges//school_3;-30.066.651.149.906.300;-5.118.470.677.930.750;10.0
Coronel Apar√≠cio Borges//home_4;-30.069.505.842.766.900;-5.118.127.184.043.920;10.0
Coronel Apar√≠cio Borges//work_4;-30.069.370.967.695.300;-5.118.219.587.511.210;10.0
Coronel Apar√≠cio Borges//school_4;-30.069.330.246.871.200;-5.118.125.136.315.820;10.0
Coronel Apar√≠cio Borges//home_5;-3.007.062.934.536.590;-511.833.347.765.288;10.0
Coronel Apar√≠cio Borges//work_5;-30.070.321.000.987.100;-51.183.601.351.620.500;10.0
Coronel Apar√≠cio Borges//school_5;-30.070.266.578.826.600;-5.118.356.790.661.590;10.0
Coronel Apar√≠cio Borges//home_6;-30.069.625.643.137.600;-51.183.478.644.910.100;10.0
Coronel Apar√≠cio Borges//work_6;-3.006.918.226.542.070;-5.118.443.527.607.310;10.0
Coronel Apar√≠cio Borges//school_6;-3.006.989.585.849.420;-5.118.386.772.407.620;10.0
Coronel Apar√≠cio Borges//home_7;-30.073.406.242.316.000;-511.864.504.361.586;10.0
Coronel Apar√≠cio Borges//work_7;-3.007.499.157.353.700;-5.118.577.339.350.170;10.0
Coronel Apar√≠cio Borges//school_7;-3.007.583.921.435.480;-51.184.730.539.370.800;10.0
Coronel Apar√≠cio Borges//home_8;-30.077.125.863.133.900;-511.833.672.241.894;10.0
Coronel Apar√≠cio Borges//work_8;-30.077.007.880.204.000;-51.183.898.670.549.700;10.0
Coronel Apar√≠cio Borges//school_8;-30.077.067.364.266.700;-5.118.224.785.455.780;10.0
Coronel Apar√≠cio Borges//home_9;-3.007.460.036.250.960;-5.118.412.621.314.980;10.0
Coronel Apar√≠cio Borges//work_9;-3.007.489.102.852.840;-5.118.343.240.453.580;10.0
Coronel Apar√≠cio Borges//school_9;-30.074.422.739.190.900;-51.184.200.331.607.400;10.0
Coronel Apar√≠cio Borges//home_10;-30.072.189.856.144.000;-5.118.210.246.727.000;10.0
Coronel Apar√≠cio Borges//work_10;-30.071.559.306.511.800;-5.118.273.282.029.410;10.0
Coronel Apar√≠cio Borges//school_10;-30.072.321.828.342.100;-51.183.765.161.352.500;10.0
Coronel Apar√≠cio Borges//home_11;-3.007.382.199.322.860;-5.118.127.564.307.630;10.0
Coronel Apar√≠cio Borges//work_11;-3.007.282.328.726.170;-51.181.121.171.784.000;10.0
Coronel Apar√≠cio Borges//school_11;-3.007.508.364.951.060;-5.118.014.434.020.740;10.0
Coronel Apar√≠cio Borges//home_12;-30.072.597.823.013.700;-5.117.812.961.759.040;10.0
Coronel Apar√≠cio Borges//work_12;-3.007.151.797.566.260;-5.117.964.374.265.120;10.0
Coronel Apar√≠cio Borges//school_12;-3.007.211.367.639.350;-51.179.789.617.831.500;10.0
Coronel Apar√≠cio Borges//home_13;-3.007.808.893.538.990;-5.117.878.610.140.010;10.0
Coronel Apar√≠cio Borges//work_13;-3.007.812.618.810.020;-5.117.680.313.186.930;10.0
Coronel Apar√≠cio Borges//school_13;-30.076.969.278.886.000;-5.117.702.699.254.970;10.0
Coronel Apar√≠cio Borges//home_14;-30.080.334.234.229.400;-5.117.975.059.763.160;10.0
Coronel Apar√≠cio Borges//work_14;-30.079.652.308.061.300;-5.117.536.116.626.280;10.0
Coronel Apar√≠cio Borges//school_14;-30.080.321.610.662.800;-51.177.336.111.293.900;10.0
Coronel Apar√≠cio Borges//home_15;-3.007.697.452.082.440;-5.117.331.707.909.230;10.0
Coronel Apar√≠cio Borges//work_15;-30.078.248.116.628.400;-51.174.099.626.005.700;10.0
Coronel Apar√≠cio Borges//school_15;-30.078.460.048.553.300;-5.117.178.697.974.820;10.0
Coronel Apar√≠cio Borges//home_16;-3.007.651.680.683.870;-511.717.955.535.118;10.0
Coronel Apar√≠cio Borges//work_16;-30.078.143.586.386.100;-51.170.857.226.103.200;10.0
Coronel Apar√≠cio Borges//school_16;-30.077.225.807.909.000;-5.117.255.180.663.220;10.0
Coronel Apar√≠cio Borges//home_17;-30.080.090.217.320.800;-5.117.435.942.016.940;10.0
Coronel Apar√≠cio Borges//work_17;-30.080.784.449.886.700;-5.117.562.210.084.410;10.0
Coronel Apar√≠cio Borges//school_17;-30.078.832.676.483.700;-5.117.477.856.314.680;10.0
Coronel Apar√≠cio Borges//home_18;-30.078.290.652.528.900;-5.117.038.907.599.990;10.0
Coronel Apar√≠cio Borges//work_18;-30.079.068.915.160.000;-5.116.957.406.152.850;10.0
Coronel Apar√≠cio Borges//school_18;-3.007.932.863.649.580;-511.695.904.368.278;10.0
Coronel Apar√≠cio Borges//home_19;-30.085.052.982.646.800;-5.116.755.640.968.290;10.0
Coronel Apar√≠cio Borges//work_19;-30.087.601.971.967.900;-51.168.928.853.087.600;10.0
Coronel Apar√≠cio Borges//school_19;-30.084.185.317.291.900;-5.116.680.295.051.900;10.0
Coronel Apar√≠cio Borges//home_20;-30.082.167.255.695.200;-5.117.050.186.627.250;10.0
Coronel Apar√≠cio Borges//work_20;-30.080.895.769.819.900;-51.170.527.208.342.500;10.0
Coronel Apar√≠cio Borges//school_20;-30.081.112.911.755.300;-5.116.966.774.264.610;10.0
Coronel Apar√≠cio Borges//home_21;-30.073.366.206.866.700;-511.892.376.210.344;10.0
Coronel Apar√≠cio Borges//work_21;-30.072.827.917.883.200;-5.118.762.996.119.110;10.0
Coronel Apar√≠cio Borges//school_21;-3.006.997.721.882.330;-5.118.733.693.477.760;10.0
Coronel Apar√≠cio Borges//home_22;-30.072.407.511.774.500;-5.118.483.758.327.470;10.0
Coronel Apar√≠cio Borges//work_22;-30.071.337.871.284.900;-5.118.466.569.360.220;10.0
Coronel Apar√≠cio Borges//school_22;-3.007.098.675.499.320;-5.118.445.327.107.400;10.0
Coronel Apar√≠cio Borges//home_23;-3.007.236.190.215.520;-5.118.469.102.233.650;10.0
Coronel Apar√≠cio Borges//work_23;-30.073.182.452.970.800;-5.118.456.771.964.760;10.0
Coronel Apar√≠cio Borges//school_23;-3.007.262.215.683.190;-5.118.479.645.339.420;10.0
Coronel Apar√≠cio Borges//home_24;-30.073.834.937.959.500;-511.815.221.711.895;10.0
Coronel Apar√≠cio Borges//work_24;-30.074.701.161.321.000;-5.118.255.823.164.190;10.0
Coronel Apar√≠cio Borges//school_24;-30.074.753.457.830.400;-5.118.284.916.081.000;10.0
Coronel Apar√≠cio Borges//home_25;-3.008.035.322.545.820;-51.170.092.500.331.200;10.0
Coronel Apar√≠cio Borges//work_25;-30.079.534.538.126.900;-51.169.127.371.692.600;10.0
Coronel Apar√≠cio Borges//school_25;-30.080.021.896.909.000;-5.116.951.146.529.040;10.0
Coronel Apar√≠cio Borges//home_26;-30.081.805.481.197.900;-51.164.872.175.341.900;10.0
Coronel Apar√≠cio Borges//work_26;-30.080.615.134.074.300;-5.116.613.851.310.370;10.0
Coronel Apar√≠cio Borges//school_26;-300.811.395.916.004;-51.166.157.151.315.500;10.0
Coronel Apar√≠cio Borges//home_27;-30.071.800.941.619.000;-5.118.114.530.694.440;10.0
Coronel Apar√≠cio Borges//work_27;-30.072.612.221.110.800;-51.181.596.027.151.700;10.0
Coronel Apar√≠cio Borges//school_27;-30.070.695.594.164.600;-51.180.959.534.200.400;10.0
Coronel Apar√≠cio Borges//home_28;-30.081.735.291.546.300;-5.117.371.529.734.450;10.0
Coronel Apar√≠cio Borges//work_28;-30.081.891.945.624.400;-511.725.744.025.075;10.0
Coronel Apar√≠cio Borges//school_28;-30.082.440.056.741.800;-5.117.421.380.915.970;10.0
Coronel Apar√≠cio Borges//home_29;-30.075.830.615.367.500;-5.117.542.642.158.690;10.0
Coronel Apar√≠cio Borges//work_29;-30.075.061.866.944.700;-51.175.721.329.187;10.0
Coronel Apar√≠cio Borges//school_29;-30.076.233.972.418.400;-5.117.593.706.839.310;10.0
Coronel Apar√≠cio Borges//home_30;-3.007.391.951.743.610;-5.117.622.568.305.700;10.0
Coronel Apar√≠cio Borges//work_30;-30.073.395.448.933.600;-5.117.687.787.909.350;10.0
Coronel Apar√≠cio Borges//school_30;-30.074.504.134.678.700;-5.117.677.134.349.910;10.0
Coronel Apar√≠cio Borges//home_31;-3.008.293.689.992.430;-51.175.378.662.489.400;10.0
Coronel Apar√≠cio Borges//work_31;-3.008.573.695.952.440;-511.743.203.130.078;10.0
Coronel Apar√≠cio Borges//school_31;-30.086.976.465.289.000;-5.117.089.283.475.990;10.0
Costa e Silva//home_0;-30.010.642.613.418.100;-5.112.817.930.263.950;10.0
Costa e Silva//work_0;-3.001.179.578.111.090;-51.125.736.500.105.000;10.0
Costa e Silva//school_0;-3.000.529.115.590.610;-5.112.198.241.941.780;10.0
Costa e Silva//home_1;-30.011.953.270.691.000;-5.112.524.236.033.850;10.0
Costa e Silva//work_1;-30.010.071.279.659.300;-511.246.778.131.132;10.0
Costa e Silva//school_1;-30.011.283.160.457.900;-5.112.492.570.681.200;10.0
Costa e Silva//home_2;-30.009.741.570.183.300;-5.112.357.968.322.800;10.0
Costa e Silva//work_2;-3.001.145.295.053.480;-5.112.432.501.084.190;10.0
Costa e Silva//school_2;-3.001.065.896.054.770;-5.112.430.255.374.240;10.0
Costa e Silva//home_3;-30.005.705.352.645.700;-5.112.374.632.977.020;10.0
Costa e Silva//work_3;-30.006.327.651.036.600;-5.112.344.998.844.340;10.0
Costa e Silva//school_3;-30.006.874.985.497.900;-51.123.715.041.236.600;10.0
Costa e Silva//home_4;-30.010.041.692.323.900;-51.119.671.177.593.100;10.0
Costa e Silva//work_4;-30.012.199.147.582.800;-5.111.900.649.814.960;10.0
Costa e Silva//school_4;-30.011.945.298.522.400;-5.111.910.779.658.470;10.0
Costa e Silva//home_5;-30.013.259.195.609.400;-5.111.932.194.216.020;10.0
Costa e Silva//work_5;-30.013.692.038.866.000;-5.111.999.660.784.670;10.0
Costa e Silva//school_5;-3.001.300.236.090.420;-5.111.982.081.721.630;10.0
Costa e Silva//home_6;-30.008.355.988.286.000;-51.117.687.561.908.300;10.0
Costa e Silva//work_6;-3.000.905.058.004.620;-51.117.218.098.424.300;10.0
Costa e Silva//school_6;-30.006.853.660.232.800;-5.111.634.013.693.240;10.0
Costa e Silva//home_7;-30.010.167.922.567.900;-5.111.650.093.566.960;10.0
Costa e Silva//work_7;-30.010.392.039.163.800;-5.111.695.730.942.090;10.0
Costa e Silva//school_7;-30.010.098.425.305.700;-5.111.652.597.430.860;10.0
Costa e Silva//home_8;-30.014.094.703.700.200;-5.111.863.838.581.370;10.0
Costa e Silva//work_8;-3.001.380.760.154.370;-511.177.761.860.281;10.0
Costa e Silva//school_8;-3.001.118.260.975.660;-5.111.782.182.384.410;10.0
Costa e Silva//home_9;-300.147.461.753.887;-5.111.871.278.135.670;10.0
Costa e Silva//work_9;-30.014.596.651.328.400;-51.118.202.438.198.100;10.0
Costa e Silva//school_9;-30.014.449.712.789.500;-5.111.803.404.765.380;10.0
Costa e Silva//home_10;-30.015.240.356.208.200;-5.111.513.797.130.440;10.0
Costa e Silva//work_10;-3.001.461.010.083.000;-5.111.723.945.692.480;10.0
Costa e Silva//school_10;-3.001.528.479.760.020;-5.111.466.638.583.730;10.0
Costa e Silva//home_11;-3.000.992.028.390.580;-5.111.209.368.080.140;10.0
Costa e Silva//work_11;-30.009.820.854.084.900;-5.111.341.606.392.810;10.0
Costa e Silva//school_11;-30.010.832.143.955.800;-5.111.347.780.720.450;10.0
Costa e Silva//home_12;-30.011.534.639.154.400;-5.111.602.781.639.160;10.0
Costa e Silva//work_12;-30.011.773.884.246.600;-5.111.420.421.262.770;10.0
Costa e Silva//school_12;-30.011.914.386.237.500;-5.111.613.135.799.850;10.0
Costa e Silva//home_13;-30.013.378.256.189.600;-51.116.002.331.540.500;10.0
Costa e Silva//work_13;-30.012.444.540.629.900;-5.111.258.758.366.340;10.0
Costa e Silva//school_13;-30.012.370.985.201.000;-5.111.219.941.455.560;10.0
Costa e Silva//home_14;-30.002.017.223.445.600;-5.111.284.159.986.490;10.0
Costa e Silva//work_14;-30.002.429.926.904.800;-5.111.144.550.314.880;10.0
Costa e Silva//school_14;-3.000.358.194.878.890;-5.111.161.740.874.590;10.0
Costa e Silva//home_15;-3.000.532.837.068.500;-5.111.425.220.728.940;10.0
Costa e Silva//work_15;-30.005.665.159.124.500;-5.111.522.847.710.280;10.0
Costa e Silva//school_15;-3.000.455.086.187.050;-51.115.817.956.638.700;10.0
Costa e Silva//home_16;-30.007.358.585.511.700;-51.114.574.997.408.000;10.0
Costa e Silva//work_16;-3.000.712.030.148.570;-5.111.219.989.393.000;10.0
Costa e Silva//school_16;-3.000.657.053.431.390;-5.111.336.887.167.030;10.0
Costa e Silva//home_17;-3.000.848.973.410.980;-5.111.534.599.918.170;10.0
Costa e Silva//work_17;-30.009.429.181.380.500;-5.111.578.118.249.700;10.0
Costa e Silva//school_17;-3.000.825.146.633.830;-5.111.436.726.030.470;10.0
Costa e Silva//home_18;-3.001.009.033.099.020;-5.112.106.484.521.010;10.0
Costa e Silva//work_18;-300.137.453.708.096;-5.112.213.925.455.430;10.0
Costa e Silva//school_18;-30.011.253.520.476.200;-51.121.992.453.161.000;10.0
Costa e Silva//home_19;-3.000.982.938.055.400;-5.112.032.129.052.370;10.0
Costa e Silva//work_19;-3.001.249.766.417.940;-5.112.358.703.769.640;10.0
Costa e Silva//school_19;-30.009.747.952.326.700;-5.112.224.428.120.540;10.0
Costa e Silva//home_20;-3.000.810.759.986.240;-5.111.549.942.727.200;10.0
Costa e Silva//work_20;-30.006.964.506.306.500;-5.111.567.556.816.970;10.0
Costa e Silva//school_20;-300.076.595.605.584;-5.111.592.611.076.550;10.0
Costa e Silva//home_21;-3.000.631.746.056.440;-511.157.241.269.443;10.0
Costa e Silva//work_21;-3.000.601.285.996.110;-5.111.610.325.295.210;10.0
Costa e Silva//school_21;-30.006.462.698.051.000;-51.116.685.427.642.000;10.0
Costa e Silva//home_22;-30.002.930.727.967.200;-5.111.369.077.471.360;10.0
Costa e Silva//work_22;-30.003.421.336.091.500;-51.113.323.458.746.500;10.0
Costa e Silva//school_22;-3.000.380.905.612.860;-51.115.023.938.242.400;10.0
Costa e Silva//home_23;-3.000.777.159.641.570;-5.112.032.998.065.940;10.0
Costa e Silva//work_23;-30.007.920.716.234.900;-51.119.860.936.158.700;10.0
Costa e Silva//school_23;-300.080.803.982.541;-511.178.033.944.135;10.0
Cristal//home_0;-3.008.622.854.416.390;-5.122.958.894.478.190;10.0
Cristal//work_0;-3.008.577.118.447.190;-51.228.865.779.266.200;10.0
Cristal//school_0;-30.086.408.129.282.600;-5.123.056.422.309.140;10.0
Cristal//home_1;-30.078.958.116.394.700;-512.387.519.417.552;10.0
Cristal//work_1;-30.078.791.663.581.000;-512.406.177.012.359;10.0
Cristal//school_1;-3.008.166.307.632.500;-5.123.432.946.502.670;10.0
Cristal//home_2;-30.079.946.547.722.000;-51.234.614.101.908.700;10.0
Cristal//work_2;-30.078.449.159.506.100;-5.123.584.824.846.490;10.0
Cristal//school_2;-3.007.805.406.760.820;-5.123.720.779.380.190;10.0
Cristal//home_3;-30.077.950.810.333.700;-5.123.980.457.577.450;10.0
Cristal//work_3;-3.007.806.284.561.890;-5.123.953.598.310.300;10.0
Cristal//school_3;-30.077.034.300.697.800;-5.124.085.681.590.950;10.0
Cristal//home_4;-30.075.317.421.089.300;-512.419.467.253.123;10.0
Cristal//work_4;-30.075.072.603.535.700;-5.124.183.374.385.790;10.0
Cristal//school_4;-3.007.757.742.600.370;-5.124.273.953.959.410;10.0
Cristal//home_5;-3.007.950.107.870.340;-51.242.116.860.646.400;10.0
Cristal//work_5;-30.078.831.780.506.000;-5.124.208.212.223.710;10.0
Cristal//school_5;-3.007.928.869.253.940;-5.124.262.847.306.910;10.0
Cristal//home_6;-3.007.675.622.926.130;-51.244.116.081.144.400;3.5
Cristal//work_6;-3.008.128.220.875.750;-51.245.575.198.228.300;3.8
Cristal//school_6;-30.079.666.184.854.600;-51.245.422.770.375.400;10.0
Cristal//home_7;-3.008.194.879.446.200;-51.242.983.187.775.700;5.3
Cristal//work_7;-30.081.367.789.069.500;-5.124.286.283.147.520;9.0
Cristal//school_7;-30.081.167.141.282.000;-5.124.414.421.489.470;5.9
Cristal//home_8;-3.008.253.016.410.170;-51.241.314.656.739.700;8.3
Cristal//work_8;-30.082.968.837.646.600;-5.124.168.444.497.640;5.4
Cristal//school_8;-300.823.288.505.015;-5.124.223.537.737.640;5.2
Cristal//home_9;-30.079.241.606.858.200;-5.124.173.548.433.640;10.0
Cristal//work_9;-30.079.554.081.183.800;-5.124.167.030.107.880;10.0
Cristal//school_9;-30.080.397.599.514.500;-5.124.089.709.669.200;10.0
Cristal//home_10;-30.080.722.672.108.100;-51.237.893.894.185.500;10.0
Cristal//work_10;-30.081.839.226.735.300;-5.123.650.243.628.060;10.0
Cristal//school_10;-30.082.922.629.041.400;-5.123.557.263.195.470;10.0
Cristal//home_11;-3.008.495.729.194.190;-51.233.312.122.395.800;10.0
Cristal//work_11;-30.085.652.537.035.100;-5.123.395.521.834.140;10.0
Cristal//school_11;-3.008.545.233.713.430;-5.123.271.470.417.250;10.0
Cristal//home_12;-30.085.606.587.651.100;-5.123.441.282.113.180;10.0
Cristal//work_12;-300.858.689.871.404;-51.235.140.328.023.500;10.0
Cristal//school_12;-3.008.479.988.402.770;-51.234.388.012.546.500;10.0
Cristal//home_13;-3.008.364.828.753.460;-51.236.787.712.727.500;10.0
Cristal//work_13;-30.084.212.452.458.100;-5.123.627.581.884.320;10.0
Cristal//school_13;-30.084.506.054.866.200;-51.237.431.182.316.700;10.0
Cristal//home_14;-3.008.488.438.790.240;-51.236.313.510.898.700;10.0
Cristal//work_14;-30.085.054.645.876.100;-5.123.588.437.137.900;10.0
Cristal//school_14;-30.084.582.421.395.800;-51.235.529.599.748.800;10.0
Cristal//home_15;-30.085.507.935.982.100;-5.124.013.447.414.390;8.2
Cristal//work_15;-30.086.047.738.665.300;-51.238.456.932.314.700;10.0
Cristal//school_15;-30.084.737.444.026.800;-5.123.939.016.209.140;8.2
Cristal//home_16;-300.864.785.517.715;-5.123.887.901.604.750;10.0
Cristal//work_16;-3.008.582.222.398.750;-51.240.667.061.942.900;7.6
Cristal//school_16;-30.086.148.384.306.800;-5.123.932.329.779.480;9.1
Cristal//home_17;-3.008.719.250.927.380;-5.124.033.278.069.420;7.3
Cristal//work_17;-30.086.980.505.681.100;-5.124.008.335.346.150;7.6
Cristal//school_17;-30.087.357.630.192.300;-5.124.084.652.022.790;6.4
Cristal//home_18;-3.008.793.443.230.770;-51.238.183.575.608.300;10.0
Cristal//work_18;-30.086.873.052.653.000;-5.123.776.532.098.090;10.0
Cristal//school_18;-3.008.730.967.801.940;-5.123.785.011.728.330;10.0
Cristal//home_19;-30.086.079.229.405.800;-5.123.706.657.561.210;10.0
Cristal//work_19;-30.086.609.221.084.000;-51.237.985.915.586.500;10.0
Cristal//school_19;-3.008.680.033.659.400;-5.123.589.665.043.880;10.0
Cristal//home_20;-3.009.128.632.437.130;-5.123.780.549.789.980;10.0
Cristal//work_20;-30.089.533.514.731.700;-51.235.475.595.795.300;10.0
Cristal//school_20;-30.089.192.313.520.600;-5.123.510.135.989.950;10.0
Cristal//home_21;-30.092.473.039.463.100;-5.123.838.105.672.100;10.0
Cristal//work_21;-3.009.081.966.903.160;-5.123.819.321.690.540;10.0
Cristal//school_21;-30.090.331.590.929.000;-5.123.756.787.889.760;10.0
Cristal//home_22;-30.090.779.317.268.000;-512.393.578.999.132;10.0
Cristal//work_22;-30.091.395.705.766.000;-5.124.002.751.777.450;10.0
Cristal//school_22;-30.091.999.079.330.900;-51.239.792.434.293.300;10.0
Cristal//home_23;-3.009.162.072.802.790;-512.407.022.887.966;9.2
Cristal//work_23;-3.009.082.983.513.540;-5.124.046.906.093.530;10.0
Cristal//school_23;-30.090.786.048.313.100;-512.402.309.322.891;10.0
Cristal//home_24;-30.091.179.814.318.500;-5.124.095.316.000.440;8.7
Cristal//work_24;-30.090.570.760.685.000;-5.124.175.062.984.490;6.0
Cristal//school_24;-3.009.027.387.328.590;-51.241.588.587.205.200;6.9
Cristal//home_25;-30.088.872.371.880.500;-51.248.181.389.332.200;4.0
Cristal//work_25;-30.092.258.662.916.500;-51.243.209.077.347.400;3.9
Cristal//school_25;-3.009.275.403.339.890;-51.247.315.439.282.200;3.5
Cristal//home_26;-30.093.120.512.403.500;-51.243.365.295.075.200;3.7
Cristal//work_26;-30.092.885.441.148.800;-5.124.272.659.662.040;4.3
Cristal//school_26;-3.009.387.002.517.160;-51.243.785.856.453.700;3.7
Cristal//home_27;-3.009.740.341.492.990;-5.125.002.012.278.010;6.6
Cristal//work_27;-3.009.791.251.434.610;-5.124.855.892.765.840;4.6
Cristal//school_27;-3.009.716.085.259.430;-5.124.919.982.823.050;4.0
Cristal//home_28;-30.097.309.180.016.200;-5.124.635.943.020.460;6.1
Cristal//work_28;-3.009.539.194.217.580;-5.124.358.211.552.120;5.3
Cristal//school_28;-30.097.502.878.491.200;-5.124.717.852.426.520;6.3
Cristal//home_29;-30.094.216.238.583.200;-5.124.364.956.581.830;3.9
Cristal//work_29;-30.094.530.322.489.400;-5.124.075.445.747.550;4.0
Cristal//school_29;-3.009.500.602.050.940;-51.241.442.480.794.300;4.0
Cristal//home_30;-300.945.019.514.061;-5.123.972.781.319.760;4.8
Cristal//work_30;-30.093.784.177.919.400;-5.124.146.329.107.520;4.5
Cristal//school_30;-30.094.718.310.615.400;-51.239.076.116.166.400;5.2
Cristal//home_31;-30.092.519.795.156.000;-5.123.965.397.497.730;8.5
Cristal//work_31;-3.009.275.957.318.550;-5.123.941.006.328.520;8.2
Cristal//school_31;-3.009.228.478.698.300;-5.124.097.249.320.200;7.1
Cristal//home_32;-3.008.806.962.714.060;-51.232.594.085.376.200;10.0
Cristal//work_32;-30.088.721.057.312.500;-5.123.285.179.603.760;10.0
Cristal//school_32;-30.089.957.072.372.900;-5.123.330.370.317.890;10.0
Cristal//home_33;-3.008.705.403.444.530;-5.123.184.528.747.120;10.0
Cristal//work_33;-30.086.429.958.670.200;-5.123.219.660.535.440;10.0
Cristal//school_33;-3.008.816.770.385.940;-51.231.870.307.108.300;10.0
Cristal//home_34;-30.087.846.291.038.300;-51.231.535.880.512.900;10.0
Cristal//work_34;-30.088.627.820.828.400;-5.123.223.104.078.640;10.0
Cristal//school_34;-3.008.812.137.429.380;-5.123.160.495.121.480;10.0
Cristal//home_35;-30.087.746.532.725.500;-51.227.510.081.418.000;10.0
Cristal//work_35;-3.008.722.689.555.810;-5.122.900.854.576.940;10.0
Cristal//school_35;-30.087.450.150.370.500;-51.228.207.444.185.300;10.0
Cristal//home_36;-3.008.937.878.479.230;-5.122.780.338.017.350;10.0
Cristal//work_36;-30.088.327.640.991.100;-5.122.766.494.016.820;10.0
Cristal//school_36;-30.089.389.027.445.400;-5.122.726.958.736.200;10.0
Cristal//home_37;-3.009.153.014.392.300;-5.123.309.457.633.280;10.0
Cristal//work_37;-30.090.330.859.218.700;-5.123.195.520.876.660;10.0
Cristal//school_37;-30.092.493.084.764.700;-51.233.524.832.756.600;10.0
Cristal//home_38;-3.009.007.614.816.150;-5.123.111.219.609.130;10.0
Cristal//work_38;-3.009.027.590.323.580;-5.123.073.616.404.830;10.0
Cristal//school_38;-30.092.195.850.253.100;-512.323.131.965.183;10.0
Cristal//home_39;-30.093.187.897.719.700;-51.237.623.450.853.900;9.9
Cristal//work_39;-30.093.500.708.101.900;-5.123.752.407.065.190;8.0
Cristal//school_39;-3.009.324.253.171.650;-5.123.812.380.202.330;8.8
Cristal//home_40;-30.093.808.416.418.900;-5.123.697.577.029.860;8.5
Cristal//work_40;-30.094.053.394.824.000;-5.123.710.077.473.640;7.7
Cristal//school_40;-30.093.599.933.625.000;-5.123.649.630.539.040;9.5
Cristal//home_41;-3.009.241.181.054.010;-51.236.239.700.954.100;10.0
Cristal//work_41;-3.009.238.684.754.800;-5.123.591.695.504.660;10.0
Cristal//school_41;-3.009.233.911.913.780;-5.123.595.405.092.530;10.0
Cristal//home_42;-3.009.940.134.816.510;-51.245.217.014.981.800;8.6
Cristal//work_42;-3.009.925.329.855.370;-512.445.668.871.739;9.0
Cristal//school_42;-3.009.998.855.427.970;-5.124.459.481.084.740;8.4
Cristal//home_43;-30.098.556.167.498.500;-512.449.268.486.269;7.9
Cristal//work_43;-30.096.923.801.810.300;-5.124.275.170.686.930;6.5
Cristal//school_43;-3.009.702.703.916.010;-5.124.202.932.938.740;6.1
Cristal//home_44;-300.980.676.587.886;-5.123.710.671.093.200;9.6
Cristal//work_44;-30.096.941.361.312.600;-5.123.854.286.759;8.9
Cristal//school_44;-30.097.863.768.289.000;-51.237.509.911.377.500;8.8
Cristal//home_45;-30.098.600.238.753.600;-5.124.037.323.643.990;9.3
Cristal//work_45;-30.098.435.102.946.900;-5.123.962.798.007.120;9.3
Cristal//school_45;-30.097.355.254.968.800;-5.123.875.124.088.830;9.1
Cristal//home_46;-30.089.704.462.959.200;-51.229.549.276.759.500;10.0
Cristal//work_46;-3.008.934.041.486.630;-51.228.716.428.031.700;10.0
Cristal//school_46;-3.008.948.734.467.740;-5.122.954.686.269.490;10.0
Cristal//home_47;-30.084.055.227.243.400;-5.123.409.263.902.200;10.0
Cristal//work_47;-30.084.262.449.729.800;-5.123.368.108.133.350;10.0
Cristal//school_47;-30.083.518.459.136.500;-5.123.277.491.037.080;10.0
Cristal//home_48;-30.082.569.333.102.100;-5.123.434.917.501.340;10.0
Cristal//work_48;-30.082.918.144.248.200;-51.233.945.223.196.400;10.0
Cristal//school_48;-3.008.269.579.300.240;-5.123.410.009.427.590;10.0
Cristal//home_49;-300.851.877.011.706;-5.123.231.443.997.180;10.0
Cristal//work_49;-3.008.478.898.165.040;-51.231.776.811.567.800;10.0
Cristal//school_49;-30.085.234.559.994.300;-5.123.119.510.842.920;10.0
Cristal//home_50;-30.093.497.343.966.600;-5.124.101.124.846.090;4.9
Cristal//work_50;-30.093.965.376.215.100;-5.124.078.034.380.540;4.9
Cristal//school_50;-30.094.054.428.239.100;-51.239.673.534.210.200;5.2
Cristal//home_51;-30.092.995.142.223.000;-5.124.057.122.398.730;6.5
Cristal//work_51;-30.093.919.299.607.200;-51.238.622.546.478.600;5.8
Cristal//school_51;-30.093.685.294.554.400;-5.124.002.635.106.950;4.6
Cristal//home_52;-30.082.124.142.220.900;-5.123.871.139.466.210;10.0
Cristal//work_52;-30.082.971.389.078.300;-51.239.054.378.317.800;10.0
Cristal//school_52;-30.081.976.601.739.000;-51.238.525.454.808.500;10.0
Cristal//home_53;-30.083.902.156.214.100;-5.123.967.811.886.300;8.1
Cristal//work_53;-30.083.703.762.730.100;-51.239.613.655.411.300;9.3
Cristal//school_53;-30.083.338.644.303.700;-51.239.441.397.939.500;10.0
Cristal//home_54;-30.084.649.998.278.000;-51.238.179.820.917.700;10.0
Cristal//work_54;-3.008.400.988.480.140;-51.237.668.233.118.000;10.0
Cristal//school_54;-3.008.440.091.192.420;-51.238.415.657.446.400;9.6
Cristal//home_55;-30.084.099.571.183.900;-5.123.922.490.176.330;8.6
Cristal//work_55;-3.008.391.521.834.680;-5.123.933.907.847.750;8.6
Cristal//school_55;-30.083.405.635.445.700;-51.239.193.332.935.600;10.0
Cristal//home_56;-30.087.234.055.822.000;-5.123.961.310.668.920;9.6
Cristal//work_56;-30.086.919.895.492.100;-51.239.411.250.487.500;9.3
Cristal//school_56;-3.008.768.757.857.420;-5.123.962.869.364.510;10.0
Cristal//home_57;-30.086.643.763.771.200;-512.390.437.752.663;10.0
Cristal//work_57;-30.086.587.671.948.600;-5.123.927.821.071.350;9.3
Cristal//school_57;-30.086.573.036.334.000;-5.123.917.226.899.850;9.8
Cristo Redentor//home_0;-30.006.251.809.997.300;-5.116.176.012.770.150;10.0
Cristo Redentor//work_0;-30.005.293.552.360.200;-5.116.331.526.949.700;10.0
Cristo Redentor//school_0;-30.005.488.236.889.000;-51.160.342.745.910.100;10.0
Cristo Redentor//home_1;-30.004.787.628.633.500;-51.155.263.333.203.500;10.0
Cristo Redentor//work_1;-30.004.681.488.736.800;-51.155.286.042.955.000;10.0
Cristo Redentor//school_1;-30.004.321.788.700.900;-5.115.739.145.026.090;10.0
Cristo Redentor//home_2;-30.007.152.645.543.000;-5.115.614.641.317.410;10.0
Cristo Redentor//work_2;-3.000.723.350.122.200;-51.156.764.069.844.000;10.0
Cristo Redentor//school_2;-3.000.758.118.946.990;-5.115.717.783.902.480;10.0
Cristo Redentor//home_3;-30.005.222.771.448.300;-5.115.778.021.451.430;10.0
Cristo Redentor//work_3;-30.006.575.826.026.400;-51.158.698.222.838.900;10.0
Cristo Redentor//school_3;-30.005.482.156.749.800;-5.115.911.139.689.620;10.0
Cristo Redentor//home_4;-30.008.247.114.582.100;-5.116.036.721.773.110;10.0
Cristo Redentor//work_4;-3.000.725.422.159.650;-5.116.166.945.272.520;10.0
Cristo Redentor//school_4;-30.007.340.149.252.000;-5.116.080.751.684.170;10.0
Cristo Redentor//home_5;-30.008.140.206.040.200;-51.162.152.815.624.200;10.0
Cristo Redentor//work_5;-30.007.456.073.918.200;-5.116.267.870.865.920;10.0
Cristo Redentor//school_5;-3.001.059.493.423.670;-51.161.683.553.057.400;10.0
Cristo Redentor//home_6;-300.105.556.949.275;-51.159.369.399.579.500;10.0
Cristo Redentor//work_6;-3.000.974.472.997.710;-5.115.964.200.343.160;10.0
Cristo Redentor//school_6;-3.001.062.752.131.820;-5.116.019.116.246.330;10.0
Cristo Redentor//home_7;-30.009.110.158.762.100;-51.159.073.069.596.900;10.0
Cristo Redentor//work_7;-3.000.876.919.846.540;-5.115.935.300.495.710;10.0
Cristo Redentor//school_7;-30.008.639.384.478.300;-51.158.810.680.429.900;10.0
Cristo Redentor//home_8;-3.000.891.543.390.650;-5.115.679.080.989.210;10.0
Cristo Redentor//work_8;-3.000.862.379.453.410;-5.115.668.076.820.650;10.0
Cristo Redentor//school_8;-30.009.442.668.675.400;-51.158.135.931.572.700;10.0
Cristo Redentor//home_9;-30.008.796.499.586.700;-5.115.501.931.151.700;10.0
Cristo Redentor//work_9;-3.000.877.297.264.760;-51.155.536.637.107.600;10.0
Cristo Redentor//school_9;-30.008.565.236.436.600;-5.115.582.442.863.840;10.0
Cristo Redentor//home_10;-30.009.434.929.116.600;-51.154.906.075.530.200;10.0
Cristo Redentor//work_10;-30.009.724.703.175.400;-5.115.594.565.465.430;10.0
Cristo Redentor//school_10;-3.001.001.060.570.890;-51.154.742.709.650.800;10.0
Cristo Redentor//home_11;-30.010.924.779.610.700;-5.115.061.550.077.190;10.0
Cristo Redentor//work_11;-3.001.168.739.998.980;-5.115.082.780.037.080;10.0
Cristo Redentor//school_11;-30.011.640.773.835.900;-51.151.559.096.728.300;10.0
Cristo Redentor//home_12;-30.014.522.069.680.300;-5.115.031.014.942.980;10.0
Cristo Redentor//work_12;-3.001.368.188.012.960;-5.115.052.620.466.430;10.0
Cristo Redentor//school_12;-30.013.431.294.373.000;-511.506.415.291.386;10.0
Cristo Redentor//home_13;-30.013.471.527.449.300;-5.115.179.199.402.400;10.0
Cristo Redentor//work_13;-30.014.603.656.343.500;-51.152.129.513.843.100;10.0
Cristo Redentor//school_13;-30.016.130.856.462.300;-5.115.182.402.506.820;10.0
Cristo Redentor//home_14;-3.001.253.254.430.240;-51.152.712.446.806.000;10.0
Cristo Redentor//work_14;-30.012.026.869.101.800;-5.115.271.268.724.580;10.0
Cristo Redentor//school_14;-30.011.046.176.796.500;-5.115.248.872.516.010;10.0
Cristo Redentor//home_15;-3.001.065.638.789.120;-5.115.431.200.427.090;10.0
Cristo Redentor//work_15;-30.014.554.661.831.500;-5.115.346.161.491.580;10.0
Cristo Redentor//school_15;-3.001.141.711.100.750;-51.153.305.243.302.200;10.0
Cristo Redentor//home_16;-30.016.278.421.607.900;-5.115.399.209.492.400;10.0
Cristo Redentor//work_16;-30.015.804.196.235.000;-51.153.777.128.893.100;10.0
Cristo Redentor//school_16;-30.016.042.658.325.700;-5.115.338.412.783.600;10.0
Cristo Redentor//home_17;-30.016.303.787.453.000;-5.115.271.349.784.230;10.0
Cristo Redentor//work_17;-30.016.915.428.344.400;-5.115.346.994.598.360;10.0
Cristo Redentor//school_17;-3.001.740.288.224.410;-51.154.031.071.126.500;10.0
Cristo Redentor//home_18;-30.017.585.373.923.300;-51.156.339.950.840.000;10.0
Cristo Redentor//work_18;-3.001.736.206.815.790;-5.115.729.829.219.960;10.0
Cristo Redentor//school_18;-30.017.120.306.786.900;-5.115.754.840.757.290;10.0
Cristo Redentor//home_19;-3.001.623.909.882.400;-51.156.656.798.787.400;10.0
Cristo Redentor//work_19;-3.001.614.957.145.620;-5.115.530.263.864.280;10.0
Cristo Redentor//school_19;-30.016.152.331.634.100;-5.115.687.576.799.900;10.0
Cristo Redentor//home_20;-30.014.026.556.549.800;-5.115.667.010.673.490;10.0
Cristo Redentor//work_20;-30.015.767.722.481.500;-5.115.608.828.475.030;10.0
Cristo Redentor//school_20;-30.014.752.971.547.100;-51.156.280.299.756.100;10.0
Cristo Redentor//home_21;-30.013.898.904.089.400;-5.115.534.895.581.290;10.0
Cristo Redentor//work_21;-3.001.163.978.272.140;-5.115.583.617.198.540;10.0
Cristo Redentor//school_21;-30.014.656.174.408.100;-511.555.976.741.715;10.0
Cristo Redentor//home_22;-30.013.499.336.193.500;-5.115.608.907.560.750;10.0
Cristo Redentor//work_22;-30.012.968.696.713.800;-51.155.953.294.964.300;10.0
Cristo Redentor//school_22;-3.001.164.226.241.390;-5.115.647.712.577.770;10.0
Cristo Redentor//home_23;-30.011.992.884.399.900;-5.115.752.425.627.910;10.0
Cristo Redentor//work_23;-30.011.675.364.370.100;-5.115.772.783.900.780;10.0
Cristo Redentor//school_23;-30.012.738.596.621.000;-51.157.317.093.609.000;10.0
Cristo Redentor//home_24;-3.001.068.887.178.230;-5.115.915.453.352.110;10.0
Cristo Redentor//work_24;-30.012.910.215.475.000;-5.115.797.782.571.630;10.0
Cristo Redentor//school_24;-3.001.118.792.274.700;-5.115.838.461.748.200;10.0
Cristo Redentor//home_25;-3.001.551.331.547.400;-5.115.797.032.339.930;10.0
Cristo Redentor//work_25;-3.001.639.183.547.340;-5.115.918.771.953.420;10.0
Cristo Redentor//school_25;-3.001.427.836.432.570;-5.115.742.691.000.540;10.0
Cristo Redentor//home_26;-30.017.886.305.257.600;-5.116.020.141.013.340;10.0
Cristo Redentor//work_26;-30.017.741.221.228.000;-5.116.000.982.932.160;10.0
Cristo Redentor//school_26;-30.017.918.917.351.000;-51.160.748.261.896.600;10.0
Cristo Redentor//home_27;-30.011.895.410.326.500;-5.115.892.899.737.130;10.0
Cristo Redentor//work_27;-30.011.523.563.004.800;-5.115.870.516.287.340;10.0
Cristo Redentor//school_27;-3.001.231.161.991.490;-5.115.889.952.793.020;10.0
Cristo Redentor//home_28;-3.001.309.543.889.240;-5.115.905.201.902.020;10.0
Cristo Redentor//work_28;-30.013.132.056.216.900;-5.115.872.595.352.660;10.0
Cristo Redentor//school_28;-30.012.593.280.950.600;-51.158.447.298.230.700;10.0
Cristo Redentor//home_29;-30.015.888.225.405.300;-5.115.148.650.786.460;10.0
Cristo Redentor//work_29;-3.001.566.966.681.390;-5.115.240.910.690.030;10.0
Cristo Redentor//school_29;-3.001.581.071.176.110;-5.115.126.393.945.540;10.0
Cristo Redentor//home_30;-30.007.920.625.268.100;-51.154.629.297.629.600;10.0
Cristo Redentor//work_30;-300.074.440.624.327;-51.154.795.962.219.400;10.0
Cristo Redentor//school_30;-30.005.504.406.282.300;-5.115.429.451.686.850;10.0
Cristo Redentor//home_31;-300.151.633.506.502;-5.116.067.786.155.540;10.0
Cristo Redentor//work_31;-3.001.740.384.305.400;-511.593.041.635.703;10.0
Cristo Redentor//school_31;-3.001.097.836.844.780;-5.116.033.528.494.400;10.0
Cristo Redentor//home_32;-30.016.842.055.550.600;-5.116.032.873.890.580;10.0
Cristo Redentor//work_32;-30.016.556.257.239.200;-51.160.303.137.085.900;10.0
Cristo Redentor//school_32;-3.001.663.392.865.070;-51.160.494.102.463.200;10.0
Esp√≠rito Santo//home_0;-3.014.519.388.614.560;-5.121.841.684.190.630;10.0
Esp√≠rito Santo//work_0;-30.145.672.456.097.500;-51.218.439.041.111.000;10.0
Esp√≠rito Santo//school_0;-30.146.221.616.428.200;-5.121.632.818.116.530;10.0
Esp√≠rito Santo//home_1;-30.148.726.612.097.100;-5.122.460.419.210.090;10.0
Esp√≠rito Santo//work_1;-30.147.998.778.962.000;-5.122.328.538.014.060;10.0
Esp√≠rito Santo//school_1;-3.014.783.529.185.870;-5.122.254.984.658.700;10.0
Esp√≠rito Santo//home_2;-3.015.214.827.265.960;-5.122.216.799.662.930;9.2
Esp√≠rito Santo//work_2;-30.151.226.309.935.800;-5.122.061.923.156.890;10.0
Esp√≠rito Santo//school_2;-3.015.233.113.964.960;-5.122.346.836.164.540;5.1
Esp√≠rito Santo//home_3;-30.147.791.644.163.300;-5.121.147.165.246.070;10.0
Esp√≠rito Santo//work_3;-3.014.918.801.255.860;-51.216.600.056.590.300;10.0
Esp√≠rito Santo//school_3;-30.144.453.181.036.300;-5.121.563.092.611.500;10.0
Esp√≠rito Santo//home_4;-3.015.119.461.873.500;-51.218.194.311.632.100;10.0
Esp√≠rito Santo//work_4;-30.152.372.948.633.700;-512.187.305.461.882;10.0
Esp√≠rito Santo//school_4;-3.015.235.495.406.610;-5.121.683.275.314.360;10.0
Esp√≠rito Santo//home_5;-30.151.928.520.985.200;-5.121.539.325.588.490;10.0
Esp√≠rito Santo//work_5;-3.015.182.687.815.780;-5.121.280.552.637.160;10.0
Esp√≠rito Santo//school_5;-30.152.402.983.089.500;-5.121.049.482.329.370;10.0
Esp√≠rito Santo//home_6;-30.150.698.779.922.800;-5.121.115.159.323.220;10.0
Esp√≠rito Santo//work_6;-30.149.676.668.923.300;-51.212.405.873.030.000;10.0
Esp√≠rito Santo//school_6;-30.148.496.765.960.700;-5.120.987.264.212.950;10.0
Esp√≠rito Santo//home_7;-30.147.650.316.430.000;-5.120.618.739.171.830;10.0
Esp√≠rito Santo//work_7;-3.014.830.211.058.220;-5.120.559.163.659.960;10.0
Esp√≠rito Santo//school_7;-3.014.911.605.357.830;-5.120.867.071.677.610;10.0
Esp√≠rito Santo//home_8;-30.147.388.388.607.700;-512.181.561.186.483;10.0
Esp√≠rito Santo//work_8;-30.146.347.315.933.100;-51.223.361.173.763;7.0
Esp√≠rito Santo//school_8;-30.146.294.295.267.900;-5.122.224.379.055.320;10.0
Esp√≠rito Santo//home_9;-30.153.109.596.363.800;-51.216.579.889.954.800;10.0
Esp√≠rito Santo//work_9;-3.015.426.836.836.530;-5.121.305.323.266.250;10.0
Esp√≠rito Santo//school_9;-30.154.803.728.727.800;-51.211.704.869.467.200;10.0
Extrema//home_0;-30.216.564.679.535.700;-51.037.965.928.051.000;10.0
Extrema//work_0;-30.215.568.844.399.800;-5.104.264.939.156.140;10.0
Extrema//school_0;-30.215.804.899.790.100;-5.103.619.077.903.550;10.0
Extrema//home_1;-302.254.654.215.431;-5.107.139.721.561.530;9.4
Extrema//work_1;-30.223.756.744.612.400;-51.071.018.397.965.300;9.3
Extrema//school_1;-3.022.155.745.797.730;-51.067.552.602.937.900;9.9
Extrema//home_2;-3.021.511.329.487.780;-51.086.432.347.580.600;10.0
Extrema//work_2;-30.215.714.296.236.100;-5.107.699.925.231.300;10.0
Extrema//school_2;-30.213.597.422.137.800;-51.084.068.877.932.200;10.0
Extrema//home_3;-30.178.940.366.528.500;-5.106.751.148.676.150;10.0
Extrema//work_3;-30.179.739.992.968.700;-51.067.562.405.591.900;10.0
Extrema//school_3;-3.018.097.719.476.390;-5.106.758.796.961.580;10.0
Extrema//home_4;-30.231.571.917.209.900;-51.060.558.437.638.300;10.0
Extrema//work_4;-30.231.241.919.298.100;-510.609.781.919.977;10.0
Extrema//school_4;-30.229.446.318.878.500;-5.105.960.576.390.320;9.8
Extrema//home_5;-3.022.790.424.175.190;-51.058.365.209.051.200;10.0
Extrema//work_5;-3.022.758.901.520.870;-51.058.003.625.977.700;10.0
Extrema//school_5;-30.230.017.077.674.400;-51.057.491.960.543.300;10.0
Extrema//home_6;-3.022.439.618.465.950;-51.065.444.775.588.100;9.4
Extrema//work_6;-30.214.538.026.594.500;-5.106.145.655.584.550;10.0
Extrema//school_6;-302.248.036.253.733;-51.053.861.513.905.100;10.0
Extrema//home_7;-30.220.854.221.401.200;-51.065.952.951.482.600;10.0
Extrema//work_7;-30.226.936.325.093.300;-51.070.550.513.095.400;10.0
Extrema//school_7;-30.221.174.291.249.900;-51.066.410.185.712.600;10.0
Extrema//home_8;-30.205.462.861.595.600;-5.103.421.912.815.390;10.0
Extrema//work_8;-30.207.952.487.169.600;-5.103.083.517.618.260;10.0
Extrema//school_8;-30.206.239.800.589.200;-5.105.620.488.894.800;10.0
Extrema//home_9;-3.020.948.006.092.350;-5.106.012.816.933.140;10.0
Extrema//work_9;-30.210.851.741.584.800;-5.106.213.810.003.600;10.0
Extrema//school_9;-30.207.711.772.767.700;-5.106.116.182.867.140;10.0
Extrema//home_10;-30.196.060.435.735.800;-51.059.063.026.690.300;10.0
Extrema//work_10;-30.204.564.650.899.100;-5.106.507.729.675.550;10.0
Extrema//school_10;-3.020.906.113.828.480;-5.107.092.598.395.730;10.0
Extrema//home_11;-3.020.813.883.224.690;-5.106.241.942.045.390;10.0
Extrema//work_11;-3.021.067.122.714.780;-5.106.319.173.603.670;10.0
Extrema//school_11;-30.209.210.497.645.000;-51.062.371.928.367.100;10.0
Extrema//home_12;-3.020.611.888.129.580;-51.027.933.872.968.200;10.0
Extrema//work_12;-30.201.106.538.482.900;-51.029.627.078.222.900;10.0
Extrema//school_12;-3.019.887.790.782.230;-5.102.236.819.992.260;10.0
Extrema//home_13;-30.196.930.775.920.900;-51.021.268.111.490.700;10.0
Extrema//work_13;-30.195.583.859.150.600;-5.102.094.946.055.990;10.0
Extrema//school_13;-30.199.999.170.789.800;-51.017.285.134.352.700;10.0
Farrapos//home_0;-2.998.440.619.670.210;-5.120.302.606.522.280;3.0
Farrapos//work_0;-29.978.261.379.750.600;-51.200.572.043.315.200;3.2
Farrapos//school_0;-2.998.348.865.751.500;-5.120.235.865.555.290;3.0
Farrapos//home_1;-2.997.578.384.135.090;-5.119.574.972.945.340;3.1
Farrapos//work_1;-29.975.907.851.906.800;-5.119.613.106.053.640;3.1
Farrapos//school_1;-29.975.742.015.364.500;-5.119.583.399.837.550;3.1
Farrapos//home_2;-2.997.716.070.213.350;-5.119.638.845.186.060;3.0
Farrapos//work_2;-299.765.809.446.109;-5.119.684.479.301.000;3.1
Farrapos//school_2;-29.976.436.392.819.300;-51.196.595.096.167.200;3.1
Farrapos//home_3;-29.978.265.235.226.500;-51.198.689.310.887.900;3.0
Farrapos//work_3;-2.997.819.361.472.730;-5.119.790.855.614.550;3.0
Farrapos//school_3;-29.977.858.982.360.500;-5.119.791.708.404.740;3.0
Farrapos//home_4;-29.978.337.069.205.100;-51.196.694.836.955.200;3.0
Farrapos//work_4;-29.978.629.355.398.400;-5.119.664.843.920.590;3.0
Farrapos//school_4;-2.997.792.414.549.100;-51.197.079.709.174.200;3.0
Farrapos//home_5;-2.997.616.129.115.570;-51.194.925.475.331.200;3.1
Farrapos//work_5;-29.976.211.848.929.800;-5.119.529.719.726.600;3.1
Farrapos//school_5;-29.976.019.428.621.900;-51.195.398.391.024.400;3.0
Farrapos//home_6;-29.977.364.538.919.600;-5.119.266.597.270.240;3.1
Farrapos//work_6;-29.976.344.546.627.400;-5.119.314.823.512.400;3.1
Farrapos//school_6;-29.977.325.000.167.200;-5.119.248.208.812.570;3.1
Farrapos//home_7;-29.978.106.305.354.200;-5.119.151.320.271.600;3.1
Farrapos//work_7;-29.977.245.256.942.200;-51.191.824.394.025.800;3.2
Farrapos//school_7;-2.997.750.060.342.220;-511.923.094.845.723;3.1
Farrapos//home_8;-2.997.758.675.673.880;-51.193.441.330.298.500;3.0
Farrapos//work_8;-29.977.857.971.591.200;-5.119.431.488.167.400;3.0
Farrapos//school_8;-2.997.821.613.410.020;-5.119.438.491.998.860;3.0
Farrapos//home_9;-29.980.298.547.250.400;-5.119.307.783.223.890;3.1
Farrapos//work_9;-29.978.817.813.298.400;-51.193.873.054.385.400;3.0
Farrapos//school_9;-2.997.966.527.990.500;-51.193.174.123.091.000;3.0
Farrapos//home_10;-29.981.412.024.487.400;-51.193.333.067.567.500;3.0
Farrapos//work_10;-29.979.467.016.040.700;-511.962.170.496.656;3.0
Farrapos//school_10;-29.979.644.394.333.600;-51.196.138.500.014.500;3.0
Farrapos//home_11;-29.978.884.616.571.200;-5.119.920.755.621.640;3.0
Farrapos//work_11;-299.787.859.763.402;-51.197.373.128.461.300;3.0
Farrapos//school_11;-29.978.730.450.522.700;-5.119.799.159.373.480;3.0
Farrapos//home_12;-29.980.968.020.236.100;-5.119.621.119.309.370;3.0
Farrapos//work_12;-29.981.198.332.760.700;-5.119.589.587.144.380;3.0
Farrapos//school_12;-29.981.689.599.721.400;-5.119.644.195.769.660;3.0
Farrapos//home_13;-29.981.367.414.075.500;-5.119.408.021.493.590;3.0
Farrapos//work_13;-29.982.303.523.636.900;-51.193.779.578.377.400;3.0
Farrapos//school_13;-29.982.172.717.305.600;-5.119.462.989.087.520;3.0
Farrapos//home_14;-29.981.422.728.183.200;-5.119.306.425.319.790;3.0
Farrapos//work_14;-2.998.113.439.104.540;-5.119.304.292.816.250;3.1
Farrapos//school_14;-29.981.782.587.143.100;-5.119.284.237.684.480;3.3
Farrapos//home_15;-2.998.273.513.245.930;-5.119.596.525.271.740;3.0
Farrapos//work_15;-299.823.096.035.539;-5.119.656.376.547.260;3.0
Farrapos//school_15;-29.982.025.260.761.500;-5.119.671.353.159.530;3.0
Farrapos//home_16;-29.984.080.388.007.100;-511.970.214.981.984;3.0
Farrapos//work_16;-2.998.491.767.750.280;-5.119.408.016.474.440;3.2
Farrapos//school_16;-29.983.431.170.458.600;-5.119.513.686.800.830;3.0
Farrapos//home_17;-29.985.786.522.157.700;-511.961.063.754.384;3.0
Farrapos//work_17;-29.984.905.912.894.800;-51.195.955.509.657.500;3.0
Farrapos//school_17;-29.985.623.887.079.300;-511.964.049.847.368;3.0
Farrapos//home_18;-29.985.390.499.766.900;-51.197.134.238.821.900;3.0
Farrapos//work_18;-29.986.214.845.498.400;-5.119.654.538.198.090;3.0
Farrapos//school_18;-29.983.948.859.637.500;-5.119.772.494.992.790;3.0
Farrapos//home_19;-2.998.830.001.622.200;-5.119.958.281.449.350;3.1
Farrapos//work_19;-29.988.439.983.783.200;-5.120.090.436.760.400;3.0
Farrapos//school_19;-29.987.575.706.861.600;-5.120.242.256.726.800;3.0
Farrapos//home_20;-29.988.910.356.650.100;-5.119.914.609.185.810;3.0
Farrapos//work_20;-29.986.479.392.749.900;-5.119.778.920.227.460;3.0
Farrapos//school_20;-2.998.739.730.967.110;-51.198.483.597.367.700;3.0
Farrapos//home_21;-29.989.507.875.724.300;-5.119.776.556.440.420;3.0
Farrapos//work_21;-29.989.357.041.144.600;-5.119.744.397.898.070;3.1
Farrapos//school_21;-29.989.336.265.127.000;-51.196.879.857.688.900;3.1
Farrapos//home_22;-29.987.968.660.193.800;-51.195.630.569.741.500;3.1
Farrapos//work_22;-29.988.534.085.395.300;-5.119.548.926.260.170;3.3
Farrapos//school_22;-29.988.930.430.184.200;-5.119.508.380.738.210;3.3
Farrapos//home_23;-29.982.459.161.755.200;-5.119.517.423.068.080;3.0
Farrapos//work_23;-29.982.829.832.253.600;-5.119.490.420.121.970;3.0
Farrapos//school_23;-2.998.334.775.306.880;-5.119.365.128.987.100;3.0
Farrapos//home_24;-29.981.476.898.296.500;-5.119.981.173.289.080;3.0
Farrapos//work_24;-29.981.637.355.474.700;-5.119.846.310.760.940;3.0
Farrapos//school_24;-2.998.161.773.421.020;-5.119.890.444.963.860;3.0
Farrapos//home_25;-2.998.766.707.463.900;-51.195.378.288.627.500;3.3
Farrapos//work_25;-299.868.763.212.556;-5.119.484.346.120.480;3.2
Farrapos//school_25;-2.998.634.232.517.200;-5.119.554.811.711.150;3.0
Farrapos//home_26;-29.977.163.768.708.900;-5.119.870.148.882.710;3.0
Farrapos//work_26;-29.977.427.248.663.500;-5.119.888.424.536.070;3.0
Farrapos//school_26;-2.997.628.385.747.480;-5.119.823.918.298.160;3.1
Farrapos//home_27;-29.983.570.530.715.900;-51.199.409.026.297.400;3.0
Farrapos//work_27;-2.998.331.758.233.720;-51.198.361.848.116.300;3.0
Farrapos//school_27;-29.983.426.351.140.800;-51.199.804.295.170.000;3.0
Farrapos//home_28;-29.985.421.619.370.800;-5.119.964.424.837.610;3.0
Farrapos//work_28;-29.984.030.949.798.900;-5.120.134.171.151.150;3.0
Farrapos//school_28;-29.984.027.423.248.400;-5.120.042.830.220.680;3.0
Farrapos//home_29;-2.998.551.344.051.760;-5.120.066.519.468.550;3.0
Farrapos//work_29;-29.985.515.675.985.300;-5.119.995.494.985.060;3.0
Farrapos//school_29;-29.986.724.327.233.200;-51.199.231.312.112.800;3.0
Farrapos//home_30;-29.974.552.190.446.000;-5.119.059.307.446.040;3.2
Farrapos//work_30;-2.997.455.443.508.710;-51.190.649.545.963.100;3.2
Farrapos//school_30;-2.997.479.320.081.520;-5.119.036.440.037.460;3.2
Farrapos//home_31;-29.973.948.707.038.100;-5.119.186.255.623.950;3.1
Farrapos//work_31;-2.997.387.316.715.450;-5.119.224.198.497.970;3.2
Farrapos//school_31;-29.974.009.645.550.200;-5.119.233.898.041.240;3.2
Farroupilha//home_0;-30.039.543.053.758.400;-51.214.109.308.943.800;10.0
Farroupilha//work_0;-30.040.479.940.707.100;-51.216.151.621.700.500;7.7
Farroupilha//school_0;-3.004.017.919.585.380;-51.215.122.686.510.900;9.0
Farroupilha//home_1;-3.003.664.144.183.330;-5.121.798.162.010.740;9.7
Farroupilha//work_1;-3.003.694.622.729.630;-512.104.913.438.421;10.0
Farroupilha//school_1;-30.035.293.189.736.700;-5.122.025.546.541.500;10.0
Floresta//home_0;-30.017.777.708.226.500;-5.121.403.738.304.180;3.7
Floresta//work_0;-30.017.984.745.517.900;-5.121.444.632.086.180;3.8
Floresta//school_0;-30.016.534.175.645.500;-5.121.316.583.395.080;3.7
Floresta//home_1;-30.013.335.386.662.800;-51.213.591.254.933.200;3.7
Floresta//work_1;-30.011.674.160.671.700;-51.212.943.017.014.100;3.7
Floresta//school_1;-30.019.466.684.888.000;-51.217.833.941.342.000;3.0
Floresta//home_2;-30.017.266.941.091.800;-5.119.915.070.470.860;8.0
Floresta//work_2;-3.001.755.040.038.680;-51.197.574.272.859.500;9.2
Floresta//school_2;-3.001.611.134.938.780;-5.119.806.955.040.760;6.9
Floresta//home_3;-30.015.963.856.679.600;-51.200.264.827.585.000;6.2
Floresta//work_3;-30.015.741.057.625.100;-5.119.830.134.132.540;5.5
Floresta//school_3;-30.015.557.881.525.600;-5.119.917.861.857.070;4.8
Floresta//home_4;-30.016.260.995.467.200;-5.120.041.339.733.150;6.1
Floresta//work_4;-3.001.626.103.852.770;-51.201.315.224.061.800;6.1
Floresta//school_4;-3.001.634.792.922.020;-5.120.174.822.616.100;6.1
Floresta//home_5;-30.014.412.670.130.000;-51.202.447.093.697.400;4.8
Floresta//work_5;-3.001.808.664.586.680;-5.120.192.528.446.040;8.4
Floresta//school_5;-30.015.602.638.834.900;-5.120.053.593.029.370;5.5
Floresta//home_6;-30.016.351.337.130.500;-5.120.342.960.823.500;5.7
Floresta//work_6;-30.017.100.498.770.900;-5.120.292.701.550.870;6.1
Floresta//school_6;-30.016.434.930.983.900;-51.202.860.765.186.800;5.8
Floresta//home_7;-3.001.695.614.559.490;-51.204.374.282.734.800;6.4
Floresta//work_7;-3.001.431.351.047.470;-51.204.560.408.437.700;4.1
Floresta//school_7;-30.014.279.996.370.200;-5.120.343.434.864.300;3.9
Floresta//home_8;-30.015.873.500.234.400;-51.207.579.587.660.300;3.8
Floresta//work_8;-30.016.444.846.902.700;-51.206.653.542.840.100;4.3
Floresta//school_8;-30.013.878.083.975.600;-5.120.693.339.384.910;3.6
Floresta//home_9;-30.015.858.767.311.400;-5.121.012.634.290.560;3.5
Floresta//work_9;-30.017.353.307.639.700;-5.120.809.976.043.960;4.8
Floresta//school_9;-3.001.691.575.025.430;-51.208.738.872.262.000;3.7
Floresta//home_10;-30.016.315.251.748.700;-5.120.611.663.578.400;4.5
Floresta//work_10;-30.017.572.453.112.700;-51.204.983.309.406.200;7.3
Floresta//school_10;-30.017.768.437.963.500;-5.120.598.378.122.800;6.3
Floresta//home_11;-3.001.721.109.788.690;-5.120.709.906.570.710;4.7
Floresta//work_11;-30.018.395.153.685.900;-5.120.706.059.486.100;5.0
Floresta//school_11;-3.001.808.869.754.170;-5.120.708.023.997.460;4.7
Floresta//home_12;-30.019.696.778.035.100;-51.206.645.035.087.500;7.6
Floresta//work_12;-30.019.532.571.052.600;-51.207.155.908.454.000;6.6
Floresta//school_12;-300.193.196.567.992;-5.120.761.083.194.830;5.4
Floresta//home_13;-30.019.713.883.932.900;-51.207.884.454.273.500;5.7
Floresta//work_13;-3.001.943.108.050.710;-5.120.803.434.699.270;5.6
Floresta//school_13;-30.020.362.233.259.100;-5.120.754.944.647.670;6.4
Floresta//home_14;-30.017.587.040.675.900;-51.208.315.456.147.600;4.2
Floresta//work_14;-30.018.395.286.054.800;-5.121.087.184.113.370;4.7
Floresta//school_14;-30.017.122.126.276.000;-51.210.423.975.551.200;4.1
Floresta//home_15;-30.023.828.942.259.900;-51.214.384.811.304.200;4.1
Floresta//work_15;-30.022.416.067.458.900;-5.121.382.961.169.060;4.0
Floresta//school_15;-30.022.668.607.349.800;-51.215.662.605.719.200;4.0
Floresta//home_16;-3.002.158.828.534.460;-5.120.896.931.701.900;6.3
Floresta//work_16;-30.021.979.801.859.300;-51.209.756.895.989.400;5.7
Floresta//school_16;-3.002.119.413.586.510;-51.208.657.260.175.400;5.8
Floresta//home_17;-30.020.977.266.860.500;-5.121.072.227.184.920;4.0
Floresta//work_17;-3.002.293.149.322.960;-5.121.087.371.685.210;5.9
Floresta//school_17;-30.022.562.531.472.800;-5.121.158.471.875.700;5.0
Floresta//home_18;-30.023.712.794.041.400;-5.121.296.289.963.610;5.5
Floresta//work_18;-30.024.506.015.598.200;-5.121.304.403.823.230;5.1
Floresta//school_18;-30.023.580.252.339.500;-5.121.222.228.283.890;5.5
Floresta//home_19;-30.025.079.933.656.300;-5.121.378.310.198.220;7.3
Floresta//work_19;-30.024.390.085.046.600;-5.121.341.049.929.070;4.1
Floresta//school_19;-3.002.542.815.351.200;-5.121.310.909.508.330;8.1
Floresta//home_20;-30.024.594.959.451.400;-5.121.650.040.698.340;3.5
Floresta//work_20;-30.025.268.536.851.300;-51.216.796.605.000.400;4.8
Floresta//school_20;-30.025.930.498.312.500;-512.156.198.774.546;4.7
Floresta//home_21;-3.002.678.197.388.010;-5.121.698.632.527.690;5.6
Floresta//work_21;-30.025.773.731.356.600;-5.121.816.455.852.450;4.0
Floresta//school_21;-3.002.636.319.512.670;-5.121.615.352.269.810;5.7
Floresta//home_22;-3.002.688.309.168.410;-5.121.731.610.035.360;6.5
Floresta//work_22;-30.027.134.057.960.400;-51.218.637.510.630.600;7.0
Floresta//school_22;-30.027.075.489.983.600;-51.218.216.297.556.000;7.6
Gl√≥ria//home_0;-300.748.677.150.733;-5.119.385.281.072.670;10.0
Gl√≥ria//work_0;-30.074.796.441.815.100;-5.119.156.979.574.150;10.0
Gl√≥ria//school_0;-30.074.790.757.121.600;-5.119.220.228.497.520;10.0
Gl√≥ria//home_1;-3.007.555.850.460.080;-51.189.955.490.287.200;10.0
Gl√≥ria//work_1;-30.074.861.582.655.100;-51.187.658.201.155.900;10.0
Gl√≥ria//school_1;-3.007.459.926.941.260;-5.118.751.030.326.520;10.0
Gl√≥ria//home_2;-30.073.378.459.911.900;-5.120.461.548.925.540;10.0
Gl√≥ria//work_2;-3.007.343.682.354.760;-51.205.697.135.251.700;10.0
Gl√≥ria//school_2;-30.073.238.093.351.700;-5.120.320.594.477.730;10.0
Gl√≥ria//home_3;-30.075.140.151.019.600;-5.119.865.190.008.930;10.0
Gl√≥ria//work_3;-30.074.981.302.529.300;-5.120.108.106.112.030;10.0
Gl√≥ria//school_3;-30.075.421.882.891.900;-51.198.307.012.352.400;10.0
Gl√≥ria//home_4;-30.071.139.291.466.500;-5.120.100.089.145.990;10.0
Gl√≥ria//work_4;-3.006.942.962.780.690;-5.120.276.677.548.680;10.0
Gl√≥ria//school_4;-3.007.018.701.439.930;-51.202.722.696.641.300;10.0
Gl√≥ria//home_5;-3.007.512.902.433.010;-51.196.797.686.163.100;10.0
Gl√≥ria//work_5;-30.074.457.577.140.700;-5.119.587.576.512.850;10.0
Gl√≥ria//school_5;-30.074.724.236.700.800;-5.119.464.916.565.940;10.0
Gl√≥ria//home_6;-30.075.765.388.052.900;-51.194.349.385.848.500;10.0
Gl√≥ria//work_6;-300.761.505.005.728;-5.119.708.141.045.590;10.0
Gl√≥ria//school_6;-30.077.067.411.363.100;-5.119.519.728.511.010;10.0
Gl√≥ria//home_7;-3.007.718.960.058.290;-51.201.619.149.269.500;10.0
Gl√≥ria//work_7;-3.007.754.617.934.790;-512.021.198.804.438;10.0
Gl√≥ria//school_7;-30.077.997.460.465.500;-5.120.187.987.420.780;10.0
Gl√≥ria//home_8;-30.076.754.706.690.500;-51.202.076.606.721.200;10.0
Gl√≥ria//work_8;-300.767.883.258.922;-5.120.291.867.781.750;10.0
Gl√≥ria//school_8;-3.007.490.838.983.070;-51.202.564.635.581.200;10.0
Gl√≥ria//home_9;-3.007.788.550.321.730;-51.197.841.534.499.600;10.0
Gl√≥ria//work_9;-30.082.081.261.522.000;-5.119.616.471.298.440;10.0
Gl√≥ria//school_9;-3.008.106.777.891.260;-51.196.799.078.642.700;10.0
Gl√≥ria//home_10;-30.079.380.365.858.900;-5.119.800.132.772.550;10.0
Gl√≥ria//work_10;-30.080.966.442.229.500;-5.119.813.993.084.070;10.0
Gl√≥ria//school_10;-30.080.664.993.484.000;-51.199.941.456.815.000;10.0
Gl√≥ria//home_11;-30.084.519.881.266.100;-5.119.439.736.343.910;10.0
Gl√≥ria//work_11;-30.084.960.764.441.900;-5.119.820.609.472.950;10.0
Gl√≥ria//school_11;-30.084.150.991.650.200;-5.119.669.741.399.870;10.0
Gl√≥ria//home_12;-30.083.158.099.973.700;-5.119.455.436.938.420;10.0
Gl√≥ria//work_12;-30.080.591.066.777.400;-5.119.551.782.208.230;10.0
Gl√≥ria//school_12;-30.081.857.222.008.100;-51.195.851.037.042;10.0
Gl√≥ria//home_13;-3.008.123.398.660.530;-51.194.877.401.637.000;10.0
Gl√≥ria//work_13;-3.008.170.410.307.920;-5.119.450.344.382.780;10.0
Gl√≥ria//school_13;-30.081.644.320.418.000;-51.195.248.035.793.300;10.0
Gl√≥ria//home_14;-30.078.547.386.056.500;-5.119.246.586.352.450;10.0
Gl√≥ria//work_14;-3.008.004.987.308.690;-511.931.832.214.519;10.0
Gl√≥ria//school_14;-30.079.911.300.929.300;-5.119.311.361.211.920;10.0
Gl√≥ria//home_15;-30.076.151.466.641.600;-5.118.718.232.580.380;10.0
Gl√≥ria//work_15;-30.075.614.371.569.700;-5.118.879.793.418.830;10.0
Gl√≥ria//school_15;-3.007.709.478.827.130;-5.119.245.643.821.990;10.0
Gl√≥ria//home_16;-30.077.574.903.690.300;-5.118.708.006.123.330;10.0
Gl√≥ria//work_16;-30.077.768.379.070.200;-51.187.023.734.767.500;10.0
Gl√≥ria//school_16;-30.078.420.552.862.200;-5.118.748.199.353.530;10.0
Gl√≥ria//home_17;-30.078.323.929.922.700;-51.188.865.066.546.200;10.0
Gl√≥ria//work_17;-30.078.208.506.042.700;-5.118.819.438.038.040;10.0
Gl√≥ria//school_17;-3.007.912.979.421.640;-5.118.780.207.769.270;10.0
Gl√≥ria//home_18;-30.081.305.408.028.400;-51.190.497.460.785;10.0
Gl√≥ria//work_18;-3.008.087.939.614.490;-5.119.116.312.887.940;10.0
Gl√≥ria//school_18;-3.008.047.550.094.830;-5.119.168.708.542.160;10.0
Gl√≥ria//home_19;-3.008.329.559.384.500;-5.119.145.062.761.080;10.0
Gl√≥ria//work_19;-30.083.774.175.481.800;-51.190.168.308.395.800;10.0
Gl√≥ria//school_19;-30.082.556.898.742.600;-511.911.447.358.151;10.0
Gl√≥ria//home_20;-30.083.810.374.200.900;-5.119.377.163.855.950;10.0
Gl√≥ria//work_20;-30.085.126.647.075.000;-511.898.896.192.192;10.0
Gl√≥ria//school_20;-3.008.375.662.468.590;-51.193.192.497.540.100;10.0
Gl√≥ria//home_21;-3.008.521.210.755.970;-5.119.373.688.696.630;10.0
Gl√≥ria//work_21;-30.087.288.915.733.800;-51.190.846.229.072.300;10.0
Gl√≥ria//school_21;-30.086.113.135.218.700;-5.119.470.996.848.630;10.0
Gl√≥ria//home_22;-30.086.060.172.439.100;-5.119.031.030.745.770;10.0
Gl√≥ria//work_22;-30.085.753.828.966.900;-51.190.921.560.011.100;10.0
Gl√≥ria//school_22;-30.086.460.484.048.000;-5.119.029.466.499.020;10.0
Gl√≥ria//home_23;-3.007.381.523.778.430;-5.119.602.758.284.750;10.0
Gl√≥ria//work_23;-30.073.144.694.907.300;-511.975.398.680.971;10.0
Gl√≥ria//school_23;-30.072.727.160.149.800;-5.119.509.994.986.880;10.0
Gl√≥ria//home_24;-30.069.652.234.700.400;-51.204.742.854.339.400;10.0
Gl√≥ria//work_24;-3.006.953.095.364.760;-51.202.872.521.705.400;10.0
Gl√≥ria//school_24;-30.070.973.311.943.100;-5.120.414.147.379.290;10.0
Gl√≥ria//home_25;-30.089.694.286.265.700;-5.119.642.011.341.090;10.0
Gl√≥ria//work_25;-30.093.163.014.730.000;-5.119.292.045.677.890;10.0
Gl√≥ria//school_25;-30.089.498.954.767.200;-51.195.604.533.189.000;10.0
Gl√≥ria//home_26;-3.009.015.476.691.990;-5.119.416.216.255.890;10.0
Gl√≥ria//work_26;-3.009.226.256.537.320;-5.119.185.088.539.690;10.0
Gl√≥ria//school_26;-30.090.876.373.712.800;-5.119.304.439.512.150;10.0
Gl√≥ria//home_27;-30.078.424.170.839.700;-5.118.373.917.554.930;10.0
Gl√≥ria//work_27;-30.077.638.054.205.900;-5.118.465.944.232.540;10.0
Gl√≥ria//school_27;-30.077.479.158.903.800;-51.184.828.069.988.900;10.0
Gl√≥ria//home_28;-30.070.763.950.048.500;-5.120.472.015.804.560;10.0
Gl√≥ria//work_28;-30.070.204.537.770.300;-51.204.800.617.970.800;10.0
Gl√≥ria//school_28;-30.070.666.083.795.900;-512.065.465.830.397;10.0
Gl√≥ria//home_29;-30.085.272.370.394.400;-5.120.044.100.334.250;10.0
Gl√≥ria//work_29;-3.008.714.696.647.500;-5.119.766.761.347.790;10.0
Gl√≥ria//school_29;-3.008.751.863.206.700;-5.119.798.503.904.050;10.0
Gl√≥ria//home_30;-30.089.364.695.608.100;-5.119.261.382.587.710;10.0
Gl√≥ria//work_30;-30.089.903.491.940.100;-51.187.922.892.602.100;10.0
Gl√≥ria//school_30;-30.088.105.448.947.200;-5.119.348.473.778.600;10.0
Gl√≥ria//home_31;-30.086.410.229.350.300;-5.118.577.359.070.110;10.0
Gl√≥ria//work_31;-30.087.416.416.716.600;-5.118.639.198.911.880;10.0
Gl√≥ria//school_31;-3.008.760.837.717.750;-5.118.544.171.615.860;10.0
Guaruj√°//home_0;-30.154.550.458.502.900;-5.122.307.442.013.960;3.8
Guaruj√°//work_0;-30.154.584.898.602.100;-51.222.187.061.748.700;5.9
Guaruj√°//school_0;-30.153.201.308.616.500;-5.122.203.735.470.630;5.9
Guaruj√°//home_1;-30.156.752.751.267.900;-5.122.056.206.400.160;10.0
Guaruj√°//work_1;-3.015.618.731.281.850;-51.225.759.748.501.100;3.0
Guaruj√°//school_1;-30.156.497.167.537.200;-5.122.064.445.190.230;10.0
Guaruj√°//home_2;-3.015.836.828.975.220;-51.222.326.368.547.700;6.8
Guaruj√°//work_2;-30.158.037.458.917.300;-5.122.309.748.155.750;5.4
Guaruj√°//school_2;-30.156.796.832.248.700;-51.223.668.297.384.600;4.1
Guaruj√°//home_3;-30.159.143.976.468.300;-5.122.214.470.205.390;7.8
Guaruj√°//work_3;-30.158.306.209.448.200;-51.221.919.300.775.900;7.6
Guaruj√°//school_3;-30.157.798.533.141.200;-51.221.333.609.026.100;9.3
Guaruj√°//home_4;-30.159.872.946.466.400;-5.121.607.319.033.450;10.0
Guaruj√°//work_4;-30.158.689.404.593.300;-51.215.322.412.219.800;10.0
Guaruj√°//school_4;-30.158.460.318.006.700;-51.216.197.464.738.600;10.0
Guaruj√°//home_5;-3.015.945.349.666.170;-512.202.023.989.291;10.0
Guaruj√°//work_5;-30.159.794.457.409.700;-5.122.076.732.697.130;10.0
Guaruj√°//school_5;-30.159.928.120.237.300;-5.122.054.267.303.060;10.0
Guaruj√°//home_6;-301.576.779.417.527;-5.122.660.926.791.340;3.0
Guaruj√°//work_6;-30.158.691.588.610.500;-5.122.701.808.871.750;3.0
Guaruj√°//school_6;-3.015.862.390.549.150;-51.227.424.923.453.300;10.0
Guaruj√°//home_7;-3.015.415.702.292.550;-51.216.596.454.048.400;10.0
Guaruj√°//work_7;-3.015.542.497.924.170;-5.121.868.153.823.090;10.0
Guaruj√°//school_7;-3.015.700.652.991.370;-5.121.725.081.634.550;10.0
Guaruj√°//home_8;-30.156.520.861.495.000;-5.120.884.804.228.990;10.0
Guaruj√°//work_8;-3.015.663.737.036.780;-512.151.266.654.422;10.0
Guaruj√°//school_8;-30.154.277.207.245.200;-5.121.559.235.024.700;10.0
Guaruj√°//home_9;-30.160.749.997.127.700;-5.121.336.554.050.310;10.0
Guaruj√°//work_9;-3.015.952.245.272.980;-51.210.351.357.846.300;10.0
Guaruj√°//school_9;-30.161.027.601.761.300;-51.209.869.993.189.000;10.0
Guaruj√°//home_10;-3.016.181.153.890.230;-5.121.456.643.540.020;10.0
Guaruj√°//work_10;-30.161.389.403.717.000;-5.121.860.143.131.230;9.7
Guaruj√°//school_10;-30.162.340.247.325.600;-5.121.725.908.614.160;9.3
Higien√≥polis//home_0;-30.016.712.533.025.800;-5.119.159.082.129.040;10.0
Higien√≥polis//work_0;-3.001.691.967.729.000;-511.910.560.997.484;10.0
Higien√≥polis//school_0;-30.016.410.121.375.900;-511.889.169.952.233;10.0
Higien√≥polis//home_1;-30.013.568.816.744.600;-51.190.223.248.155.000;10.0
Higien√≥polis//work_1;-30.014.717.943.288.800;-51.189.914.789.229.700;10.0
Higien√≥polis//school_1;-30.015.291.301.484.100;-5.118.929.465.239.680;10.0
Higien√≥polis//home_2;-30.014.855.561.518.600;-51.188.563.875.419.500;10.0
Higien√≥polis//work_2;-3.001.417.314.453.730;-5.118.884.658.008.090;10.0
Higien√≥polis//school_2;-30.013.738.849.074.500;-5.118.925.882.365.660;10.0
Higien√≥polis//home_3;-30.015.377.211.849.200;-5.118.765.456.145.730;10.0
Higien√≥polis//work_3;-30.014.987.420.323.200;-5.118.751.261.804.780;10.0
Higien√≥polis//school_3;-30.013.001.837.971.500;-511.883.775.276.314;10.0
Higien√≥polis//home_4;-30.014.152.124.010.500;-5.118.623.016.264.860;10.0
Higien√≥polis//work_4;-3.001.295.381.412.940;-5.118.504.072.951.840;10.0
Higien√≥polis//school_4;-30.013.916.937.045.500;-5.118.505.982.355.630;10.0
Higien√≥polis//home_5;-3.001.552.565.633.210;-51.184.893.140.864.800;10.0
Higien√≥polis//work_5;-30.016.566.459.041.600;-5.118.445.732.420.430;10.0
Higien√≥polis//school_5;-3.001.633.274.424.150;-5.118.431.087.270.420;10.0
Higien√≥polis//home_6;-30.021.337.319.699.500;-5.118.394.923.971.640;10.0
Higien√≥polis//work_6;-30.021.048.470.334.600;-5.118.387.552.631.630;10.0
Higien√≥polis//school_6;-30.018.178.288.849.500;-5.118.613.700.040.650;10.0
Higien√≥polis//home_7;-30.019.314.017.767.900;-5.118.389.200.235.680;10.0
Higien√≥polis//work_7;-30.020.332.084.157.800;-51.182.828.986.820.500;10.0
Higien√≥polis//school_7;-30.019.377.031.033.900;-5.118.323.955.279.460;10.0
Higien√≥polis//home_8;-30.015.082.589.136.000;-51.183.746.314.332.800;10.0
Higien√≥polis//work_8;-30.011.768.520.501.500;-5.118.411.676.501.680;10.0
Higien√≥polis//school_8;-30.012.210.697.232.400;-511.838.614.723.325;10.0
Higien√≥polis//home_9;-30.016.476.877.840.200;-5.118.308.407.372.750;10.0
Higien√≥polis//work_9;-30.015.714.992.245.100;-51.181.860.449.918.900;10.0
Higien√≥polis//school_9;-30.016.797.632.715.300;-51.183.165.276.581.900;10.0
Higien√≥polis//home_10;-30.019.396.643.972.900;-5.118.209.573.038.330;10.0
Higien√≥polis//work_10;-30.018.988.612.486.300;-5.118.275.265.029.470;10.0
Higien√≥polis//school_10;-30.017.008.380.407.200;-5.118.313.244.093.420;10.0
Higien√≥polis//home_11;-30.018.646.337.158.300;-51.180.525.828.548.600;10.0
Higien√≥polis//work_11;-3.001.952.371.044.690;-51.180.943.999.123.500;10.0
Higien√≥polis//school_11;-3.001.963.651.769.840;-511.814.072.252.462;10.0
Higien√≥polis//home_12;-3.001.779.801.398.240;-5.117.858.411.619.360;10.0
Higien√≥polis//work_12;-30.015.408.871.640.400;-511.803.060.911.691;10.0
Higien√≥polis//school_12;-3.001.609.066.548.950;-5.118.101.284.452.740;10.0
Higien√≥polis//home_13;-3.001.308.762.765.160;-5.118.017.306.698.750;10.0
Higien√≥polis//work_13;-3.001.295.642.184.930;-5.118.132.265.236.590;10.0
Higien√≥polis//school_13;-30.014.090.174.167.900;-511.807.356.032.916;10.0
Higien√≥polis//home_14;-300.189.843.964.076;-51.179.299.556.441.200;10.0
Higien√≥polis//work_14;-30.020.234.229.043.200;-5.118.025.370.524.860;10.0
Higien√≥polis//school_14;-30.018.029.054.179.800;-5.118.001.757.501.350;10.0
Higien√≥polis//home_15;-30.016.402.728.256.100;-51.190.997.670.714.900;10.0
Higien√≥polis//work_15;-3.001.574.932.546.990;-5.119.106.365.258.070;10.0
Higien√≥polis//school_15;-30.016.261.025.430.600;-5.119.170.175.260.250;10.0
Higien√≥polis//home_16;-30.012.155.742.896.300;-5.118.318.254.868.640;10.0
Higien√≥polis//work_16;-3.001.249.760.467.400;-51.183.036.815.569.000;10.0
Higien√≥polis//school_16;-30.012.725.370.326.800;-5.118.275.964.225.830;10.0
Higien√≥polis//home_17;-30.013.953.940.888.300;-5.118.287.929.953.390;10.0
Higien√≥polis//work_17;-3.001.364.381.676.400;-5.118.258.808.741.150;10.0
Higien√≥polis//school_17;-30.013.403.362.661.800;-51.183.062.772.448.300;10.0
H√≠pica//home_0;-3.014.960.714.907.900;-5.116.198.573.914.840;10.0
H√≠pica//work_0;-3.015.020.549.449.880;-5.116.500.195.240.360;10.0
H√≠pica//school_0;-30.150.548.815.999.500;-5.116.522.556.478.320;10.0
H√≠pica//home_1;-30.161.089.225.893.000;-51.184.765.136.181.200;10.0
H√≠pica//work_1;-30.158.247.087.381.400;-51.187.750.917.879.600;10.0
H√≠pica//school_1;-30.158.506.200.682.000;-5.119.039.185.928.640;10.0
H√≠pica//home_2;-30.158.257.889.762.700;-5.118.171.971.795.070;10.0
H√≠pica//work_2;-30.157.422.404.579.900;-5.118.177.554.340.230;10.0
H√≠pica//school_2;-30.162.824.010.040.000;-5.118.022.545.468.190;10.0
H√≠pica//home_3;-30.156.375.976.807.800;-5.117.865.385.007.570;10.0
H√≠pica//work_3;-3.015.628.680.190.910;-5.117.794.236.570.940;10.0
H√≠pica//school_3;-30.155.673.196.642.300;-51.177.862.926.096.300;10.0
H√≠pica//home_4;-30.155.288.740.190.300;-51.176.535.993.919.700;10.0
H√≠pica//work_4;-3.015.761.842.365.250;-5.117.633.401.832.450;10.0
H√≠pica//school_4;-3.015.577.211.383.140;-5.117.704.519.012.150;10.0
H√≠pica//home_5;-3.015.725.738.009.460;-5.117.449.861.642.170;10.0
H√≠pica//work_5;-3.015.743.103.869.520;-5.117.511.344.564.840;10.0
H√≠pica//school_5;-30.158.193.063.589.200;-51.175.981.108.605.500;10.0
H√≠pica//home_6;-301.583.624.329.086;-5.117.705.013.808.820;10.0
H√≠pica//work_6;-30.159.328.127.947.100;-5.117.774.365.098.180;10.0
H√≠pica//school_6;-30.158.615.140.887.100;-5.117.845.209.400.600;10.0
H√≠pica//home_7;-30.160.978.608.844.000;-51.174.733.925.577.500;9.6
H√≠pica//work_7;-30.158.942.580.111.600;-51.175.524.185.304.200;10.0
H√≠pica//school_7;-3.016.070.373.384.920;-51.174.354.502.474.000;10.0
H√≠pica//home_8;-30.161.223.385.082.500;-511.778.034.944.675;9.6
H√≠pica//work_8;-3.016.172.954.170.150;-51.177.811.299.071.900;9.1
H√≠pica//school_8;-30.161.220.049.966.200;-5.117.743.526.023.910;9.8
H√≠pica//home_9;-30.163.140.110.765.700;-5.117.650.979.585.810;8.8
H√≠pica//work_9;-30.163.702.044.405.900;-5.117.432.077.342.550;8.6
H√≠pica//school_9;-30.164.246.675.333.600;-51.177.141.521.460.000;9.9
H√≠pica//home_10;-30.163.664.152.578.800;-5.117.380.632.360.710;8.5
H√≠pica//work_10;-30.161.859.047.951.200;-51.172.873.271.811.400;10.0
H√≠pica//school_10;-3.016.223.769.647.760;-5.117.289.870.274.270;9.9
H√≠pica//home_11;-30.159.289.897.410.100;-5.117.265.401.036.450;10.0
H√≠pica//work_11;-30.160.523.334.653.300;-5.117.327.961.158.390;10.0
H√≠pica//school_11;-30.159.898.611.181.400;-5.117.251.085.243.120;10.0
H√≠pica//home_12;-3.015.796.430.120.340;-5.117.318.829.730.240;10.0
H√≠pica//work_12;-30.156.078.995.932.400;-51.173.505.873.617.600;10.0
H√≠pica//school_12;-3.015.859.386.364.750;-511.731.520.301.663;10.0
H√≠pica//home_13;-30.158.332.384.054.900;-51.170.965.456.575.300;10.0
H√≠pica//work_13;-3.015.826.419.145.330;-5.117.212.252.227.380;10.0
H√≠pica//school_13;-30.156.555.475.446.200;-5.117.198.406.240.970;10.0
H√≠pica//home_14;-30.162.062.198.575.400;-5.116.919.637.397.420;10.0
H√≠pica//work_14;-30.162.671.258.984.000;-51.169.500.084.133.700;10.0
H√≠pica//school_14;-30.158.904.392.729.300;-5.117.085.592.091.650;10.0
H√≠pica//home_15;-301.621.446.681.118;-5.117.041.107.696.940;9.9
H√≠pica//work_15;-30.162.016.074.686.000;-51.170.254.837.603.300;10.0
H√≠pica//school_15;-3.016.293.317.174.530;-51.172.241.091.127.100;9.5
H√≠pica//home_16;-3.015.515.091.962.790;-5.117.344.097.847.230;10.0
H√≠pica//work_16;-30.153.134.512.286.900;-5.117.635.251.249.030;10.0
H√≠pica//school_16;-30.154.267.446.774.800;-5.117.975.660.506.340;10.0
H√≠pica//home_17;-30.156.275.068.904.300;-51.179.140.908.949.900;10.0
H√≠pica//work_17;-30.160.514.430.789.400;-51.181.103.859.568.500;10.0
H√≠pica//school_17;-30.161.958.337.826.900;-5.117.831.427.338.500;9.5
H√≠pica//home_18;-3.016.266.344.781.480;-51.184.938.049.703.900;10.0
H√≠pica//work_18;-30.163.828.209.401.100;-5.118.527.744.895.560;8.3
H√≠pica//school_18;-3.016.376.121.671.770;-5.118.576.217.594.430;8.1
H√≠pica//home_19;-3.016.459.867.151.200;-5.118.980.828.491.540;7.6
H√≠pica//work_19;-30.166.560.167.718.600;-51.190.523.682.862.700;7.5
H√≠pica//school_19;-30.166.025.737.396.600;-5.119.065.493.315.130;7.7
H√≠pica//home_20;-30.163.545.718.506.300;-5.118.919.110.766.520;8.1
H√≠pica//work_20;-30.161.531.241.289.000;-51.189.301.138.050.600;9.3
H√≠pica//school_20;-3.016.185.993.395.730;-5.118.830.042.102.580;9.5
H√≠pica//home_21;-30.152.878.111.851.600;-5.116.278.118.504.640;10.0
H√≠pica//work_21;-30.152.636.081.424.000;-51.163.459.669.789.100;10.0
H√≠pica//school_21;-3.015.406.245.680.090;-5.116.563.978.792.230;10.0
H√≠pica//home_22;-3.015.687.463.061.540;-5.116.193.095.705.200;10.0
H√≠pica//work_22;-30.154.562.499.842.400;-5.116.668.740.816.570;10.0
H√≠pica//school_22;-3.015.528.631.185.460;-5.116.647.014.444.400;10.0
H√≠pica//home_23;-30.153.433.138.049.800;-5.116.738.484.439.790;10.0
H√≠pica//work_23;-3.015.582.753.205.990;-5.116.859.304.956.820;10.0
H√≠pica//school_23;-30.154.790.581.124.800;-5.116.953.615.034.280;10.0
H√≠pica//home_24;-3.015.286.552.589.090;-5.116.928.209.182.510;10.0
H√≠pica//work_24;-30.151.564.128.552.900;-5.116.563.614.413.180;10.0
H√≠pica//school_24;-30.151.546.380.085.100;-51.166.824.128.394.500;10.0
H√≠pica//home_25;-30.155.237.909.546.900;-5.117.034.151.119.830;10.0
H√≠pica//work_25;-30.154.010.552.821.700;-5.117.094.800.688.270;10.0
H√≠pica//school_25;-3.015.330.303.604.160;-511.697.202.545.983;10.0
H√≠pica//home_26;-30.148.165.880.036.600;-5.117.318.260.916.120;10.0
H√≠pica//work_26;-30.149.551.488.578.600;-511.734.200.158.932;10.0
H√≠pica//school_26;-30.145.505.108.979.300;-5.117.596.728.265.120;10.0
H√≠pica//home_27;-30.147.182.075.269.700;-5.118.136.585.822.950;10.0
H√≠pica//work_27;-30.148.262.335.991.700;-51.180.764.279.527.500;10.0
H√≠pica//school_27;-3.014.350.429.551.520;-5.118.942.138.505.940;10.0
H√≠pica//home_28;-30.139.017.288.668.100;-51.182.297.699.978.100;10.0
H√≠pica//work_28;-30.143.041.538.797.600;-51.182.769.196.444.300;10.0
H√≠pica//school_28;-3.013.967.754.475.880;-511.798.991.553.088;10.0
H√≠pica//home_29;-3.016.073.692.296.850;-5.118.953.791.694.600;10.0
H√≠pica//work_29;-30.160.690.572.828.900;-5.118.975.022.914.180;10.0
H√≠pica//school_29;-3.016.107.464.315.020;-5.118.962.983.122.140;10.0
H√≠pica//home_30;-30.162.103.321.226.600;-51.190.521.845.344.100;8.5
H√≠pica//work_30;-30.161.402.086.540.000;-5.119.014.959.644.160;9.8
H√≠pica//school_30;-3.016.183.069.007.260;-5.119.045.184.571.580;9.2
H√≠pica//home_31;-30.161.648.330.727.900;-5.119.120.771.928.570;9.8
H√≠pica//work_31;-30.169.790.065.908.000;-5.119.398.133.339.340;3.7
H√≠pica//school_31;-30.170.836.107.066.300;-51.193.004.398.870.800;3.7
H√≠pica//home_32;-301.582.333.217.543;-5.116.960.469.971.390;10.0
H√≠pica//work_32;-30.160.403.602.108.800;-5.116.207.475.851.190;10.0
H√≠pica//school_32;-3.016.042.083.336.730;-5.116.098.986.707.920;10.0
H√≠pica//home_33;-3.015.813.876.449.220;-5.116.260.629.052.250;10.0
H√≠pica//work_33;-3.015.749.900.301.890;-511.620.947.886.173;10.0
H√≠pica//school_33;-3.015.723.616.982.160;-5.116.273.587.526.970;10.0
H√≠pica//home_34;-30.158.770.713.619.400;-5.116.301.187.320.770;10.0
H√≠pica//work_34;-3.015.947.394.021.520;-5.116.268.190.254.590;10.0
H√≠pica//school_34;-3.015.904.572.692.260;-5.116.176.244.972.800;10.0
H√≠pica//home_35;-3.013.994.462.821.390;-5.116.995.995.718.280;10.0
H√≠pica//work_35;-3.013.766.722.575.870;-5.117.129.761.369.080;10.0
H√≠pica//school_35;-30.138.604.383.403.300;-5.117.047.283.317.430;10.0
H√≠pica//home_36;-30.149.003.104.030.100;-5.116.719.348.566.890;10.0
H√≠pica//work_36;-3.014.758.078.765.020;-5.116.647.405.519.460;10.0
H√≠pica//school_36;-3.014.782.966.481.660;-51.166.501.646.979.500;10.0
H√≠pica//home_37;-30.141.940.400.017.700;-5.116.958.610.314.860;10.0
H√≠pica//work_37;-30.142.115.012.080.700;-51.167.067.871.468.200;10.0
H√≠pica//school_37;-30.144.581.190.599.000;-51.170.466.485.354.200;10.0
H√≠pica//home_38;-30.168.121.648.571.100;-5.118.312.929.707.590;5.2
H√≠pica//work_38;-30.166.971.557.452.400;-5.118.277.624.752.440;5.4
H√≠pica//school_38;-30.167.671.145.129.800;-5.118.239.348.372.010;5.5
H√≠pica//home_39;-30.167.907.405.194.500;-5.118.554.401.445.850;5.1
H√≠pica//work_39;-3.016.693.612.394.320;-51.185.308.187.386.000;4.9
H√≠pica//school_39;-30.166.179.635.294.200;-51.182.003.403.264.700;6.1
Humait√°//home_0;-2.997.923.428.747.430;-5.119.141.419.335.540;3.1
Humait√°//work_0;-29.980.939.231.715.400;-5.119.168.833.518.820;3.5
Humait√°//school_0;-29.980.775.318.654.000;-5.119.173.001.412.350;3.3
Humait√°//home_1;-2.997.904.202.625.670;-5.119.002.468.215.060;3.3
Humait√°//work_1;-29.979.246.651.070.200;-5.119.028.696.333.460;3.3
Humait√°//school_1;-299.788.836.421.042;-5.119.001.502.579.590;3.3
Humait√°//home_2;-29.979.290.489.723.300;-5.118.979.560.052.000;3.3
Humait√°//work_2;-29.978.782.387.455.700;-51.189.618.776.984.100;3.3
Humait√°//school_2;-29.978.670.107.597.200;-5.118.917.114.019.810;3.3
Humait√°//home_3;-29.978.228.008.651.000;-51.188.023.067.646.000;3.3
Humait√°//work_3;-29.977.968.640.940.700;-5.118.814.981.276.360;3.3
Humait√°//school_3;-299.791.709.593.339;-5.118.823.372.354.900;3.3
Humait√°//home_4;-29.978.229.562.064.400;-5.118.689.579.165.650;3.3
Humait√°//work_4;-299.786.865.995.097;-51.187.649.946.071.600;3.3
Humait√°//school_4;-2.997.811.833.934.580;-5.118.750.109.173.020;3.3
Humait√°//home_5;-29.978.476.610.327.400;-5.118.514.059.505.630;3.3
Humait√°//work_5;-29.978.662.661.452.500;-51.184.318.672.019.100;3.2
Humait√°//school_5;-29.978.283.265.252.500;-5.118.454.174.648.550;3.3
Humait√°//home_6;-29.977.471.859.141.900;-5.118.511.953.590.510;3.3
Humait√°//work_6;-29.977.549.338.107.700;-5.118.549.032.202.220;3.3
Humait√°//school_6;-29.977.813.859.582.300;-5.118.491.790.049.410;3.3
Humait√°//home_7;-29.979.501.022.272.500;-51.185.236.882.542.800;3.3
Humait√°//work_7;-29.979.733.365.823.900;-5.118.522.561.378.980;3.3
Humait√°//school_7;-2.997.943.307.303.060;-511.854.029.430.921;3.3
Humait√°//home_8;-2.997.949.929.489.390;-511.880.250.543.185;3.3
Humait√°//work_8;-29.979.667.539.744.800;-511.876.496.562.578;3.3
Humait√°//school_8;-2.997.940.553.649.450;-5.118.751.447.144.170;3.3
Humait√°//home_9;-2.998.606.895.666.140;-511.925.606.159.047;3.5
Humait√°//work_9;-29.986.697.283.805.700;-5.119.351.731.032.690;3.0
Humait√°//school_9;-2.998.752.050.043.090;-5.119.268.220.294.660;3.5
Humait√°//home_10;-29.986.821.339.829.700;-5.119.208.603.139.730;3.5
Humait√°//work_10;-29.986.139.101.663.300;-5.119.153.110.125.480;3.5
Humait√°//school_10;-29.986.203.506.167.300;-5.119.183.070.512.460;3.5
Humait√°//home_11;-29.992.382.375.212.900;-51.194.710.611.488.100;3.4
Humait√°//work_11;-29.991.785.135.343.200;-51.195.237.617.110.700;3.5
Humait√°//school_11;-2.999.222.466.906.960;-51.194.825.589.313.800;3.4
Humait√°//home_12;-29.994.861.191.066.600;-5.119.034.383.190.110;3.7
Humait√°//work_12;-299.866.422.693.946;-5.118.399.613.107.200;3.1
Humait√°//school_12;-29.988.894.972.431.400;-5.118.589.352.109.970;3.1
Humait√°//home_13;-29.995.848.109.375.700;-5.119.122.055.708.500;3.8
Humait√°//work_13;-2.999.708.907.135.220;-51.192.193.231.076.300;3.5
Humait√°//school_13;-2.999.658.060.032.890;-5.119.528.592.632.230;3.8
Humait√°//home_14;-299.959.614.071.282;-5.119.795.503.411.510;3.1
Humait√°//work_14;-29.997.034.814.415.800;-5.119.807.676.789.150;3.3
Humait√°//school_14;-29.993.660.971.698.500;-51.197.552.615.429.400;3.3
Humait√°//home_15;-2.999.013.628.303.440;-51.192.659.893.790.400;3.3
Humait√°//work_15;-2.999.068.260.327.760;-5.119.369.866.161.990;3.3
Humait√°//school_15;-2.998.962.167.220.540;-5.119.068.445.494.110;3.5
Humait√°//home_16;-2.998.998.065.776.430;-5.119.114.013.815.060;3.5
Humait√°//work_16;-2.998.970.475.600.140;-5.119.120.736.219.130;3.5
Humait√°//school_16;-29.990.164.155.098.100;-5.119.120.380.083.110;3.5
Humait√°//home_17;-2.997.663.365.172.290;-51.188.980.728.969.800;3.3
Humait√°//work_17;-29.977.052.651.453.500;-5.118.684.844.347.630;3.1
Humait√°//school_17;-2.997.887.804.982.430;-51.183.886.077.984.700;3.2
Humait√°//home_18;-29.978.793.294.971.000;-51.181.566.898.309.900;3.2
Humait√°//work_18;-2.997.816.993.976.130;-5.118.220.830.581.920;3.2
Humait√°//school_18;-29.978.468.364.638.800;-51.181.754.943.209.400;3.2
Humait√°//home_19;-29.980.602.074.450.100;-5.118.747.140.631.590;3.3
Humait√°//work_19;-29.983.475.377.266.100;-5.118.845.471.598.530;3.4
Humait√°//school_19;-29.981.738.121.224.100;-5.118.660.505.641.050;3.2
Humait√°//home_20;-2.998.010.603.211.930;-5.118.233.777.152.750;3.2
Humait√°//work_20;-2.998.015.412.075.460;-5.118.241.456.108.910;3.2
Humait√°//school_20;-29.979.541.237.654.200;-511.831.059.135.838;3.2
Humait√°//home_21;-2.998.348.641.127.570;-511.844.989.712.448;3.1
Humait√°//work_21;-29.983.684.542.330.100;-5.118.461.210.933.410;3.4
Humait√°//school_21;-29.982.686.420.247.500;-5.118.486.038.261.730;3.3
Humait√°//home_22;-2.998.465.461.128.510;-5.118.664.653.582.400;3.5
Humait√°//work_22;-2.998.419.167.933.800;-5.118.720.365.825.910;3.3
Humait√°//school_22;-29.984.675.131.346.900;-51.187.099.472.047.700;3.5
Humait√°//home_23;-29.988.486.197.509.000;-5.119.000.487.294.710;3.5
Humait√°//work_23;-299.862.702.864.676;-511.892.538.721.848;3.5
Humait√°//school_23;-2.998.943.549.182.620;-5.118.939.775.723.490;3.5
Humait√°//home_24;-29.971.225.319.487.200;-51.188.496.419.177.000;3.2
Humait√°//work_24;-29.972.420.185.175.800;-51.186.623.222.315.400;3.2
Humait√°//school_24;-2.996.824.389.720.570;-51.179.173.635.551.900;3.0
Humait√°//home_25;-29.973.150.768.452.800;-51.180.370.489.717.800;3.2
Humait√°//work_25;-29.973.115.272.262.400;-51.180.133.400.934.000;3.2
Humait√°//school_25;-29.972.633.912.916.800;-5.118.034.439.045.450;3.2
Independ√™ncia//home_0;-30.025.679.156.730.900;-5.121.186.749.367.640;8.1
Independ√™ncia//work_0;-30.027.607.456.945.600;-51.212.767.902.245.300;10.0
Independ√™ncia//school_0;-30.026.237.804.377.700;-5.121.327.401.568.590;7.4
Independ√™ncia//home_1;-30.028.657.977.052.900;-51.217.667.845.372.800;10.0
Independ√™ncia//work_1;-30.028.102.092.721.700;-51.217.366.594.582.800;10.0
Independ√™ncia//school_1;-30.028.645.548.362.400;-51.217.631.143.299.100;10.0
Independ√™ncia//home_2;-30.028.950.005.564.800;-51.218.224.094.189.200;10.0
Independ√™ncia//work_2;-3.002.885.434.726.370;-5.121.894.874.595.980;10.0
Independ√™ncia//school_2;-3.002.872.082.802.120;-5.121.949.593.037.850;10.0
Independ√™ncia//home_3;-30.027.995.124.385.100;-5.121.704.223.671.380;10.0
Independ√™ncia//work_3;-30.028.018.123.473.700;-5.121.671.725.582.610;10.0
Independ√™ncia//school_3;-300.280.621.655.852;-5.121.618.277.210.840;10.0
Independ√™ncia//home_4;-30.028.759.343.017.700;-5.121.664.147.343.300;10.0
Independ√™ncia//work_4;-3.002.841.031.422.330;-51.216.977.347.837.000;10.0
Independ√™ncia//school_4;-30.028.538.453.570.900;-5.121.566.934.919.930;10.0
Independ√™ncia//home_5;-3.002.922.470.085.120;-51.216.868.704.022.100;10.0
Independ√™ncia//work_5;-30.029.139.874.443.200;-5.121.666.000.725.090;10.0
Independ√™ncia//school_5;-3.002.928.251.537.680;-5.121.549.812.830.390;10.0
Independ√™ncia//home_6;-30.027.473.362.575.200;-5.121.472.137.252.070;10.0
Independ√™ncia//work_6;-3.002.771.233.232.710;-5.121.501.762.918.700;10.0
Independ√™ncia//school_6;-30.028.707.447.120.700;-5.121.492.222.844.740;10.0
Independ√™ncia//home_7;-30.028.497.624.729.100;-5.121.420.170.066.920;10.0
Independ√™ncia//work_7;-3.002.772.724.442.970;-51.214.291.176.602.900;10.0
Independ√™ncia//school_7;-30.028.052.177.797.500;-5.121.443.538.988.120;10.0
Independ√™ncia//home_8;-30.028.141.014.626.200;-5.121.138.992.002.600;10.0
Independ√™ncia//work_8;-30.028.394.167.691.300;-51.213.646.257.658.400;10.0
Independ√™ncia//school_8;-3.002.830.464.972.780;-5.121.397.885.909.420;10.0
Independ√™ncia//home_9;-30.028.830.279.172.800;-51.212.886.459.003.700;10.0
Independ√™ncia//work_9;-30.028.672.318.043.100;-51.213.754.631.246.200;10.0
Independ√™ncia//school_9;-30.029.176.678.919.900;-5.121.066.089.744.990;10.0
Independ√™ncia//home_10;-30.029.256.954.317.100;-5.121.226.335.127.300;10.0
Independ√™ncia//work_10;-3.002.903.516.054.360;-51.212.636.404.100.800;10.0
Independ√™ncia//school_10;-3.002.912.455.034.100;-51.213.195.722.706.200;10.0
Independ√™ncia//home_11;-300.290.044.851.861;-51.210.402.364.052.200;10.0
Independ√™ncia//work_11;-30.028.740.715.211.600;-512.100.138.954.211;10.0
Independ√™ncia//school_11;-3.002.870.571.800.530;-51.209.416.445.140.100;10.0
Independ√™ncia//home_12;-3.002.856.153.175.720;-5.120.927.334.528.110;10.0
Independ√™ncia//work_12;-30.028.651.073.369.200;-512.088.720.550.565;10.0
Independ√™ncia//school_12;-3.002.810.903.199.500;-5.120.899.439.628.460;10.0
Independ√™ncia//home_13;-3.002.786.130.013.990;-5.120.902.198.921.980;10.0
Independ√™ncia//work_13;-30.026.195.828.639.100;-51.210.382.381.833.000;10.0
Independ√™ncia//school_13;-3.002.752.037.330.380;-51.209.875.052.355.700;10.0
Independ√™ncia//home_14;-30.030.139.851.372.300;-51.217.289.706.525;10.0
Independ√™ncia//work_14;-30.029.601.010.932.700;-51.219.068.552.809.600;10.0
Independ√™ncia//school_14;-30.030.225.542.969.000;-51.218.564.234.369.300;10.0
Independ√™ncia//home_15;-30.030.683.249.183.500;-5.121.648.170.770.830;10.0
Independ√™ncia//work_15;-3.003.032.570.224.320;-51.216.490.260.257.500;10.0
Independ√™ncia//school_15;-30.030.473.850.237.200;-5.121.603.634.735.570;10.0
Independ√™ncia//home_16;-30.030.133.501.436.900;-51.215.735.042.303.200;10.0
Independ√™ncia//work_16;-30.030.325.935.214.900;-5.121.585.717.135.450;10.0
Independ√™ncia//school_16;-30.030.554.326.536.300;-5.121.575.850.824.870;10.0
Independ√™ncia//home_17;-30.031.143.008.717.700;-5.121.431.814.266.510;10.0
Independ√™ncia//work_17;-30.029.403.930.120.500;-51.215.056.798.807.300;10.0
Independ√™ncia//school_17;-30.029.691.573.029.000;-51.214.146.712.522.100;10.0
Independ√™ncia//home_18;-3.002.963.842.094.390;-5.121.297.594.260.320;10.0
Independ√™ncia//work_18;-30.029.733.090.176.300;-5.121.344.417.708.780;10.0
Independ√™ncia//school_18;-3.002.952.173.232.300;-51.212.461.659.819.800;10.0
Independ√™ncia//home_19;-30.030.816.886.343.800;-5.121.124.898.424.960;10.0
Independ√™ncia//work_19;-30.029.869.561.176.200;-5.121.119.872.620.860;10.0
Independ√™ncia//school_19;-30.029.550.984.838.000;-512.111.593.455.791;10.0
Independ√™ncia//home_20;-300.299.611.293.042;-51.210.068.428.236.000;10.0
Independ√™ncia//work_20;-30.029.477.045.359.400;-5.121.065.809.528.370;10.0
Independ√™ncia//school_20;-3.002.960.659.515.920;-5.120.996.946.785.920;10.0
Independ√™ncia//home_21;-30.029.962.007.606.200;-5.120.917.272.917.590;10.0
Independ√™ncia//work_21;-30.030.085.786.163.400;-51.209.236.093.087.700;10.0
Independ√™ncia//school_21;-30.029.995.387.980.600;-5.120.935.939.234.700;10.0
Ipanema//home_0;-30.128.385.761.962.000;-5.123.211.317.516.540;10.0
Ipanema//work_0;-30.129.226.169.373.300;-51.230.706.923.995.400;10.0
Ipanema//school_0;-30.128.492.725.525.100;-5.123.007.415.941.200;10.0
Ipanema//home_1;-3.012.960.522.655.890;-5.123.281.649.362.050;10.0
Ipanema//work_1;-3.013.013.808.635.530;-51.232.525.956.486.400;10.0
Ipanema//school_1;-30.130.829.308.966.800;-51.232.503.071.758.600;8.4
Ipanema//home_2;-30.132.158.571.115.100;-51.237.544.927.985.300;4.8
Ipanema//work_2;-30.134.275.520.593.400;-5.123.445.962.480.940;5.9
Ipanema//school_2;-3.013.197.044.142.430;-5.123.702.353.989.610;4.8
Ipanema//home_3;-30.134.639.216.192.300;-5.122.969.571.915.140;5.3
Ipanema//work_3;-3.013.489.352.032.160;-5.123.025.112.764.720;5.2
Ipanema//school_3;-30.134.552.721.514.000;-5.122.930.074.271.920;5.1
Ipanema//home_4;-3.013.677.278.151.450;-5.122.995.497.669.360;5.0
Ipanema//work_4;-30.138.723.330.144.500;-5.122.861.794.908.120;4.1
Ipanema//school_4;-30.136.673.224.603.400;-51.231.080.443.485.800;3.9
Ipanema//home_5;-301.344.054.264.292;-51.227.279.733.931.200;6.2
Ipanema//work_5;-3.013.482.322.913.520;-5.122.580.865.096.230;7.0
Ipanema//school_5;-3.013.468.543.197.610;-5.122.674.491.663.560;6.7
Ipanema//home_6;-30.132.587.313.213.500;-5.122.531.742.282.900;10.0
Ipanema//work_6;-30.131.162.626.947.700;-5.122.444.292.694.370;10.0
Ipanema//school_6;-3.013.256.831.029.140;-5.122.554.469.515.440;10.0
Ipanema//home_7;-301.276.982.094.344;-5.122.506.508.838.060;10.0
Ipanema//work_7;-30.129.360.374.340.700;-5.122.817.471.514.590;10.0
Ipanema//school_7;-30.127.706.182.116.300;-5.122.531.524.251.370;10.0
Ipanema//home_8;-30.132.523.671.158.500;-5.122.141.083.668.510;10.0
Ipanema//work_8;-3.013.205.143.259.410;-512.223.780.329.998;10.0
Ipanema//school_8;-3.013.321.641.040.900;-5.122.144.227.329.050;10.0
Ipanema//home_9;-30.138.001.963.983.500;-512.245.424.634.779;6.8
Ipanema//work_9;-30.136.858.461.115.700;-5.122.262.636.277.670;7.9
Ipanema//school_9;-3.013.852.510.311.120;-5.122.639.163.125.940;5.8
Ipanema//home_10;-30.138.209.902.718.600;-51.221.205.798.822.900;8.7
Ipanema//work_10;-30.139.272.530.483.800;-5.122.103.470.553.310;8.2
Ipanema//school_10;-30.140.177.325.172.600;-51.223.710.092.172.400;6.1
Ipanema//home_11;-3.014.342.050.878.070;-5.122.643.404.683.030;3.0
Ipanema//work_11;-30.143.754.875.496.000;-5.122.533.010.572.130;4.3
Ipanema//school_11;-3.014.285.929.762.500;-5.122.593.547.489.020;3.8
Ipanema//home_12;-30.137.255.787.027.100;-5.121.686.285.287.510;10.0
Ipanema//work_12;-30.140.334.248.809.000;-5.121.856.986.136.620;10.0
Ipanema//school_12;-30.138.247.396.333.300;-51.216.334.714.919.800;10.0
Ipanema//home_13;-3.013.711.394.739.910;-51.214.052.497.122.600;10.0
Ipanema//work_13;-30.139.495.388.697.200;-51.215.123.534.652.200;10.0
Ipanema//school_13;-30.142.192.855.496.300;-51.217.210.991.906.700;10.0
Ipanema//home_14;-3.013.748.194.791.530;-5.121.309.376.383.410;10.0
Ipanema//work_14;-301.362.237.027.609;-5.121.211.619.983.260;10.0
Ipanema//school_14;-301.369.991.765.397;-5.121.200.610.055.290;10.0
Ipanema//home_15;-3.014.305.124.687.710;-5.120.824.392.268.520;10.0
Ipanema//work_15;-30.145.016.873.998.900;-5.121.059.274.641.460;10.0
Ipanema//school_15;-30.144.545.451.542.300;-5.121.051.275.835.710;10.0
Ipanema//home_16;-3.014.054.919.712.450;-51.209.166.545.408.600;10.0
Ipanema//work_16;-3.013.916.097.072.210;-5.121.004.638.719.900;10.0
Ipanema//school_16;-30.139.051.588.776.100;-51.210.341.301.147.600;10.0
Ipanema//home_17;-3.014.315.221.917.490;-51.214.636.283.730.700;10.0
Ipanema//work_17;-3.013.867.066.477.550;-5.121.071.681.281.080;10.0
Ipanema//school_17;-30.135.774.527.691.900;-512.091.444.487.401;10.0
Ipanema//home_18;-30.134.216.334.247.900;-51.213.488.288.494.400;10.0
Ipanema//work_18;-30.135.697.263.832.500;-5.121.632.052.586.830;10.0
Ipanema//school_18;-30.132.491.852.203.000;-5.121.493.506.153.940;10.0
Ipanema//home_19;-30.143.165.853.902.900;-5.122.371.224.057.330;5.1
Ipanema//work_19;-30.144.719.860.088.000;-512.236.658.607.474;3.5
Ipanema//school_19;-30.143.481.776.143.000;-5.122.435.284.013.300;5.1
Ipanema//home_20;-30.125.882.693.655.100;-51.225.325.534.241.300;10.0
Ipanema//work_20;-30.129.259.960.428.400;-5.123.228.755.753.740;10.0
Ipanema//school_20;-30.126.698.969.804.400;-51.224.440.027.413.900;10.0
Ipanema//home_21;-3.013.430.112.124.900;-51.220.059.395.406.000;10.0
Ipanema//work_21;-30.134.808.191.830.700;-5.122.039.277.011.040;10.0
Ipanema//school_21;-3.013.692.730.222.200;-5.122.081.593.262.290;10.0
Ipanema//home_22;-30.134.773.694.638.700;-5.122.197.907.155.780;9.2
Ipanema//work_22;-30.136.100.492.301.400;-51.221.910.318.578.900;9.0
Ipanema//school_22;-30.135.716.508.548.700;-5.122.211.985.251.780;9.4
Ipanema//home_23;-30.141.163.228.592.800;-5.121.217.082.302.160;10.0
Ipanema//work_23;-3.013.481.103.156.430;-5.120.897.277.402.380;10.0
Ipanema//school_23;-30.141.392.506.246.500;-5.121.298.548.680.640;10.0
Jardim Bot√¢nico//home_0;-30.050.095.657.133.800;-51.189.460.286.238.600;10.0
Jardim Bot√¢nico//work_0;-3.005.005.959.661.360;-5.119.011.374.098.530;10.0
Jardim Bot√¢nico//school_0;-30.049.441.346.372.400;-51.189.772.808.892.900;10.0
Jardim Bot√¢nico//home_1;-3.005.053.743.602.410;-51.189.616.755.974.700;10.0
Jardim Bot√¢nico//work_1;-3.005.227.675.639.850;-5.119.096.936.133.270;10.0
Jardim Bot√¢nico//school_1;-3.005.121.412.288.750;-5.119.029.059.687.240;10.0
Jardim Bot√¢nico//home_2;-30.051.873.207.797.600;-5.119.324.630.192.100;9.5
Jardim Bot√¢nico//work_2;-30.053.137.223.476.200;-5.119.301.638.969.480;9.0
Jardim Bot√¢nico//school_2;-30.051.770.956.454.400;-5.119.157.131.478.540;10.0
Jardim Bot√¢nico//home_3;-30.053.892.545.774.500;-5.119.042.352.975.980;10.0
Jardim Bot√¢nico//work_3;-30.053.957.267.488.800;-5.119.066.668.765.760;10.0
Jardim Bot√¢nico//school_3;-30.053.431.943.492.500;-5.119.172.394.088.830;10.0
Jardim Bot√¢nico//home_4;-3.005.341.478.462.470;-5.119.046.308.236.660;10.0
Jardim Bot√¢nico//work_4;-3.005.252.861.721.580;-5.119.134.092.694.490;10.0
Jardim Bot√¢nico//school_4;-3.005.299.479.314.850;-5.119.021.895.545.490;10.0
Jardim Bot√¢nico//home_5;-30.051.952.058.740.400;-5.118.933.794.740.540;10.0
Jardim Bot√¢nico//work_5;-30.051.864.408.153.400;-5.118.897.911.494.910;10.0
Jardim Bot√¢nico//school_5;-30.052.556.480.460.400;-51.190.179.406.467.900;10.0
Jardim Bot√¢nico//home_6;-30.051.626.972.371.100;-51.188.332.812.651.900;10.0
Jardim Bot√¢nico//work_6;-3.005.034.158.491.670;-5.118.733.736.178.070;10.0
Jardim Bot√¢nico//school_6;-3.005.151.361.788.380;-51.187.815.498.259.900;10.0
Jardim Bot√¢nico//home_7;-30.050.576.674.240.100;-5.118.686.973.372.680;10.0
Jardim Bot√¢nico//work_7;-3.005.036.514.997.990;-51.186.275.484.272.100;10.0
Jardim Bot√¢nico//school_7;-30.050.856.906.635.800;-5.118.609.875.187.000;10.0
Jardim Bot√¢nico//home_8;-3.005.195.626.719.140;-5.118.651.150.723.580;10.0
Jardim Bot√¢nico//work_8;-3.005.177.217.385.640;-5.118.680.175.522.220;10.0
Jardim Bot√¢nico//school_8;-30.052.363.760.517.400;-511.867.441.703.594;10.0
Jardim Bot√¢nico//home_9;-30.055.511.273.718.900;-5.118.888.523.997.710;10.0
Jardim Bot√¢nico//work_9;-3.005.255.026.688.970;-5.118.791.497.855.720;10.0
Jardim Bot√¢nico//school_9;-3.005.471.678.578.800;-5.118.807.709.946.580;10.0
Jardim Bot√¢nico//home_10;-300.552.258.528.642;-5.118.653.011.681.200;10.0
Jardim Bot√¢nico//work_10;-3.005.621.977.721.020;-5.118.515.736.724.990;10.0
Jardim Bot√¢nico//school_10;-30.053.861.411.745.300;-5.118.519.955.353.700;10.0
Jardim Bot√¢nico//home_11;-30.055.068.568.222.200;-5.118.359.401.145.490;10.0
Jardim Bot√¢nico//work_11;-30.055.396.577.569.100;-5.118.461.069.817.500;10.0
Jardim Bot√¢nico//school_11;-30.055.782.522.922.200;-51.183.404.413.901.800;10.0
Jardim Bot√¢nico//home_12;-300.539.769.134.879;-51.183.437.730.951.900;10.0
Jardim Bot√¢nico//work_12;-30.054.776.398.106.300;-5.118.311.288.560.290;10.0
Jardim Bot√¢nico//school_12;-30.055.006.353.726.600;-5.118.256.030.519.690;10.0
Jardim Bot√¢nico//home_13;-30.052.709.066.155.300;-5.118.416.036.261.610;10.0
Jardim Bot√¢nico//work_13;-30.052.956.754.224.000;-5.118.354.626.150.060;10.0
Jardim Bot√¢nico//school_13;-30.053.991.712.361.200;-5.118.275.769.620.670;10.0
Jardim Bot√¢nico//home_14;-30.052.614.225.726.600;-5.118.153.384.535.150;10.0
Jardim Bot√¢nico//work_14;-3.005.178.067.111.440;-5.118.199.367.209.430;10.0
Jardim Bot√¢nico//school_14;-30.052.592.763.217.200;-5.118.146.197.408.090;10.0
Jardim Bot√¢nico//home_15;-30.049.805.109.307.300;-51.182.876.267.210.900;10.0
Jardim Bot√¢nico//work_15;-30.050.942.306.216.700;-5.118.294.131.970.270;10.0
Jardim Bot√¢nico//school_15;-3.004.813.164.444.890;-5.118.083.609.700.620;10.0
Jardim Bot√¢nico//home_16;-30.053.332.541.408.000;-5.117.958.769.451.170;10.0
Jardim Bot√¢nico//work_16;-30.053.283.551.757.200;-51.179.547.319.154.300;10.0
Jardim Bot√¢nico//school_16;-3.005.220.278.566.130;-51.180.324.485.493.400;10.0
Jardim Bot√¢nico//home_17;-3.005.043.670.623.230;-51.192.896.048.489.400;10.0
Jardim Bot√¢nico//work_17;-30.050.557.485.622.400;-51.190.580.996.269.100;10.0
Jardim Bot√¢nico//school_17;-300.505.875.680.266;-5.119.075.194.923.260;10.0
Jardim Bot√¢nico//home_18;-3.005.197.650.087.450;-5.118.549.453.868.740;10.0
Jardim Bot√¢nico//work_18;-30.051.603.583.860.100;-511.856.734.001.376;10.0
Jardim Bot√¢nico//school_18;-30.051.823.505.638.900;-511.855.210.851.524;10.0
Jardim Bot√¢nico//home_19;-30.056.508.511.642.200;-5.118.101.561.896.790;10.0
Jardim Bot√¢nico//work_19;-3.005.600.127.805.640;-51.181.466.171.066.200;10.0
Jardim Bot√¢nico//school_19;-3.005.637.283.433.560;-5.118.119.115.351.740;10.0
Jardim Bot√¢nico//home_20;-3.005.447.006.841.870;-51.181.479.401.695.000;10.0
Jardim Bot√¢nico//work_20;-30.055.094.958.728.700;-5.118.169.017.768.390;10.0
Jardim Bot√¢nico//school_20;-30.054.779.502.331.700;-5.117.995.580.026.210;10.0
Jardim Bot√¢nico//home_21;-3.005.164.039.127.240;-5.117.189.704.652.690;10.0
Jardim Bot√¢nico//work_21;-30.049.307.370.515.100;-51.178.953.850.265.000;10.0
Jardim Bot√¢nico//school_21;-30.050.034.607.663.000;-5.117.282.836.343.770;10.0
Jardim Bot√¢nico//home_22;-30.048.898.227.273.900;-5.117.310.902.312.130;10.0
Jardim Bot√¢nico//work_22;-30.049.318.179.790.200;-5.117.358.361.419.230;10.0
Jardim Bot√¢nico//school_22;-3.004.942.857.311.020;-511.727.947.125.842;10.0
Jardim Bot√¢nico//home_23;-30.057.531.624.411.900;-51.180.604.013.332.100;10.0
Jardim Bot√¢nico//work_23;-30.056.956.123.398.500;-5.118.179.173.488.170;10.0
Jardim Bot√¢nico//school_23;-30.056.916.846.906.000;-5.118.078.170.482.560;10.0
Jardim Bot√¢nico//home_24;-30.055.685.446.442.700;-51.169.913.831.792.700;10.0
Jardim Bot√¢nico//work_24;-30.052.672.227.446.100;-5.117.841.274.462.140;10.0
Jardim Bot√¢nico//school_24;-30.054.450.871.346.100;-51.176.698.167.298.300;10.0
Jardim Carvalho//home_0;-30.044.237.764.942.400;-51.147.533.246.435.000;10.0
Jardim Carvalho//work_0;-30.044.373.677.065.700;-51.146.382.362.413.100;10.0
Jardim Carvalho//school_0;-3.004.478.680.076.080;-5.114.730.564.917.180;10.0
Jardim Carvalho//home_1;-30.045.394.749.633.600;-5.114.521.184.338.170;10.0
Jardim Carvalho//work_1;-30.043.452.342.219.400;-5.114.390.253.149.880;10.0
Jardim Carvalho//school_1;-30.046.545.967.949.800;-51.144.755.809.363.300;10.0
Jardim Carvalho//home_2;-30.045.550.298.888.400;-51.143.959.455.164.700;10.0
Jardim Carvalho//work_2;-30.045.435.617.502.800;-5.114.497.071.732.940;10.0
Jardim Carvalho//school_2;-30.045.480.214.779.000;-5.114.410.457.550.840;10.0
Jardim Carvalho//home_3;-30.046.255.102.650.300;-5.114.602.122.098.390;10.0
Jardim Carvalho//work_3;-30.049.250.097.328.100;-5.114.499.625.205.260;10.0
Jardim Carvalho//school_3;-30.046.309.349.386.300;-5.114.610.974.649.480;10.0
Jardim Carvalho//home_4;-30.047.401.240.143.600;-51.147.774.939.115.100;10.0
Jardim Carvalho//work_4;-30.049.196.501.262.800;-5.114.715.399.747.030;10.0
Jardim Carvalho//school_4;-30.047.540.117.601.700;-5.114.728.368.491.480;10.0
Jardim Carvalho//home_5;-30.046.668.258.517.700;-5.114.986.331.874.630;10.0
Jardim Carvalho//work_5;-30.045.203.109.912.400;-51.148.166.297.409.500;10.0
Jardim Carvalho//school_5;-30.046.115.103.504.000;-5.114.959.947.217.810;10.0
Jardim Carvalho//home_6;-30.053.256.814.092.900;-51.152.676.396.647.500;10.0
Jardim Carvalho//work_6;-3.005.337.291.386.320;-5.115.251.627.888.180;10.0
Jardim Carvalho//school_6;-3.005.264.903.893.790;-5.115.261.406.548.950;10.0
Jardim Carvalho//home_7;-3.005.114.039.383.090;-5.114.829.749.365.310;10.0
Jardim Carvalho//work_7;-30.051.582.540.993.400;-51.148.089.123.665.700;10.0
Jardim Carvalho//school_7;-30.051.500.702.435.900;-5.115.072.148.607.690;10.0
Jardim Carvalho//home_8;-30.051.235.356.188.400;-5.114.728.362.193.740;10.0
Jardim Carvalho//work_8;-30.051.795.592.382.000;-511.469.211.883.986;10.0
Jardim Carvalho//school_8;-30.050.134.333.877.900;-5.114.765.654.168.280;10.0
Jardim Carvalho//home_9;-300.531.595.415.201;-5.114.908.701.983.260;10.0
Jardim Carvalho//work_9;-3.005.289.261.209.310;-51.148.767.267.939.000;10.0
Jardim Carvalho//school_9;-30.053.446.586.169.900;-5.114.841.663.977.510;10.0
Jardim Carvalho//home_10;-30.052.652.998.369.600;-51.150.590.602.921.800;10.0
Jardim Carvalho//work_10;-3.005.218.756.913.090;-5.115.040.242.954.020;10.0
Jardim Carvalho//school_10;-30.052.818.427.004.700;-51.150.593.412.750.600;10.0
Jardim Carvalho//home_11;-30.053.101.448.103.200;-5.115.367.119.632.990;10.0
Jardim Carvalho//work_11;-3.005.329.764.381.820;-511.517.620.271.973;10.0
Jardim Carvalho//school_11;-3.005.356.014.299.620;-51.150.897.758.477.000;10.0
Jardim Carvalho//home_12;-30.054.779.249.331.200;-5.115.156.670.597.330;10.0
Jardim Carvalho//work_12;-30.055.515.793.624.000;-511.531.665.606.801;10.0
Jardim Carvalho//school_12;-30.055.691.705.939.200;-5.115.139.964.471.900;10.0
Jardim Carvalho//home_13;-30.054.426.529.695.900;-5.114.981.794.280.320;10.0
Jardim Carvalho//work_13;-30.054.316.130.020.400;-5.114.843.937.177.950;10.0
Jardim Carvalho//school_13;-30.054.287.842.036.200;-5.114.914.758.897.170;10.0
Jardim Carvalho//home_14;-3.006.498.628.294.500;-51.140.217.014.755.100;10.0
Jardim Carvalho//work_14;-3.006.471.744.000.330;-511.403.947.515.726;10.0
Jardim Carvalho//school_14;-3.006.425.953.976.240;-5.113.967.466.552.800;10.0
Jardim Carvalho//home_15;-30.063.886.871.174.800;-51.141.414.770.301.100;10.0
Jardim Carvalho//work_15;-3.006.169.783.101.620;-5.114.168.534.887.470;10.0
Jardim Carvalho//school_15;-30.063.484.766.332.100;-51.142.286.169.998.600;10.0
Jardim Carvalho//home_16;-3.005.995.523.713.980;-5.114.357.698.565.310;10.0
Jardim Carvalho//work_16;-30.060.660.823.729.800;-51.145.800.479.724.700;10.0
Jardim Carvalho//school_16;-30.060.196.959.461.300;-5.114.261.204.605.520;10.0
Jardim Carvalho//home_17;-300.621.969.818.167;-5.114.732.355.816.210;10.0
Jardim Carvalho//work_17;-30.063.357.405.399.100;-5.114.682.923.794.440;10.0
Jardim Carvalho//school_17;-3.006.030.514.732.140;-5.114.722.938.672.780;10.0
Jardim Carvalho//home_18;-30.058.849.184.222.500;-5.114.475.354.364.840;10.0
Jardim Carvalho//work_18;-3.005.890.671.644.170;-5.114.431.037.001.900;10.0
Jardim Carvalho//school_18;-30.058.556.095.306.300;-5.114.377.843.320.510;10.0
Jardim Carvalho//home_19;-30.059.707.799.158.500;-5.113.718.210.655.840;10.0
Jardim Carvalho//work_19;-30.057.402.224.316.800;-51.141.509.118.882.900;10.0
Jardim Carvalho//school_19;-30.059.315.178.868.400;-5.114.120.200.239.080;10.0
Jardim Carvalho//home_20;-30.056.845.136.564.100;-5.114.443.110.682.640;10.0
Jardim Carvalho//work_20;-3.005.809.720.322.920;-5.114.448.881.393.660;10.0
Jardim Carvalho//school_20;-30.057.528.296.688.500;-5.114.453.863.583.160;10.0
Jardim Carvalho//home_21;-3.005.731.220.609.420;-5.114.759.576.105.840;10.0
Jardim Carvalho//work_21;-30.057.981.771.053.500;-5.114.617.803.677.750;10.0
Jardim Carvalho//school_21;-30.059.028.407.062.600;-5.114.769.019.613.970;10.0
Jardim Carvalho//home_22;-30.044.174.134.942.800;-5.113.658.685.008.360;10.0
Jardim Carvalho//work_22;-30.043.212.322.252.300;-5.113.830.048.266.360;10.0
Jardim Carvalho//school_22;-30.043.687.942.637.600;-51.137.555.370.284.200;10.0
Jardim Carvalho//home_23;-3.004.542.405.858.890;-5.113.676.953.033.750;10.0
Jardim Carvalho//work_23;-3.004.453.371.883.470;-5.113.663.321.412.910;10.0
Jardim Carvalho//school_23;-30.046.275.930.430.100;-5.113.817.642.681.260;10.0
Jardim Carvalho//home_24;-3.005.404.648.602.580;-5.113.964.245.760.510;10.0
Jardim Carvalho//work_24;-3.005.542.015.093.280;-51.136.485.171.742.200;10.0
Jardim Carvalho//school_24;-30.053.088.006.483.300;-51.138.329.058.655.700;10.0
Jardim Carvalho//home_25;-3.006.548.836.033.280;-5.114.609.805.885.170;10.0
Jardim Carvalho//work_25;-30.066.013.144.097.400;-51.145.213.869.246.700;10.0
Jardim Carvalho//school_25;-300.657.450.284.347;-5.114.504.898.535.960;10.0
Jardim Carvalho//home_26;-3.005.795.136.352.340;-5.115.109.618.314.910;10.0
Jardim Carvalho//work_26;-30.058.661.799.010.400;-5.115.227.163.743.950;10.0
Jardim Carvalho//school_26;-30.058.666.775.025.600;-51.150.578.541.090.900;10.0
Jardim Carvalho//home_27;-30.054.885.781.276.300;-5.114.549.946.285.260;10.0
Jardim Carvalho//work_27;-30.054.942.411.509.000;-51.146.629.535.755.600;10.0
Jardim Carvalho//school_27;-30.054.924.074.689.700;-51.146.237.489.090.300;10.0
Jardim Carvalho//home_28;-30.041.976.835.098.600;-51.148.549.520.309.100;10.0
Jardim Carvalho//work_28;-3.004.371.708.800.510;-5.114.811.887.616.810;10.0
Jardim Carvalho//school_28;-3.004.262.045.318.080;-51.148.261.735.819.600;10.0
Jardim Carvalho//home_29;-30.044.731.263.366.100;-5.114.958.966.422.300;10.0
Jardim Carvalho//work_29;-30.044.092.636.484.300;-5.115.025.037.999.420;10.0
Jardim Carvalho//school_29;-30.044.769.772.180.500;-51.150.382.059.154.500;10.0
Jardim Carvalho//home_30;-3.006.371.962.898.480;-51.149.831.801.843.400;10.0
Jardim Carvalho//work_30;-30.064.885.575.550.200;-5.114.940.019.472.570;10.0
Jardim Carvalho//school_30;-30.063.044.568.701.700;-511.479.260.366.958;10.0
Jardim Carvalho//home_31;-30.049.515.088.236.000;-51.149.185.401.299.500;10.0
Jardim Carvalho//work_31;-3.004.867.012.081.750;-51.149.476.237.065.100;10.0
Jardim Carvalho//school_31;-3.005.006.970.124.140;-51.149.786.036.658.400;10.0
Jardim Carvalho//home_32;-30.047.601.092.529.600;-51.140.766.941.177.400;10.0
Jardim Carvalho//work_32;-30.047.708.945.983.600;-511.416.666.534.908;10.0
Jardim Carvalho//school_32;-3.004.750.403.472.960;-5.114.065.139.194.880;10.0
Jardim Carvalho//home_33;-3.005.009.568.312.600;-51.141.714.654.913.600;10.0
Jardim Carvalho//work_33;-30.049.232.699.935.500;-5.114.120.802.883.970;10.0
Jardim Carvalho//school_33;-30.050.705.257.023.000;-5.114.197.578.145.790;10.0
Jardim Carvalho//home_34;-3.005.448.569.963.880;-51.141.445.863.167.100;10.0
Jardim Carvalho//work_34;-30.054.443.307.411.100;-5.114.306.236.324.600;10.0
Jardim Carvalho//school_34;-3.005.424.161.918.650;-51.144.626.404.044.300;10.0
Jardim Carvalho//home_35;-30.061.720.111.839.300;-5.115.002.326.322.180;10.0
Jardim Carvalho//work_35;-30.061.153.920.741.300;-51.149.275.604.808.900;10.0
Jardim Carvalho//school_35;-30.060.498.056.097.000;-5.115.041.096.221.830;10.0
Jardim Carvalho//home_36;-3.005.603.179.513.470;-5.115.012.786.688.380;10.0
Jardim Carvalho//work_36;-3.005.551.892.962.590;-51.148.915.473.115.600;10.0
Jardim Carvalho//school_36;-3.005.633.690.291.400;-5.114.766.226.056.750;10.0
Jardim Carvalho//home_37;-3.005.893.274.240.240;-51.150.770.009.274.300;10.0
Jardim Carvalho//work_37;-30.057.357.031.882.200;-511.478.417.110.042;10.0
Jardim Carvalho//school_37;-3.005.696.104.418.220;-51.149.229.032.224.300;10.0
Jardim Carvalho//home_38;-30.055.339.963.629.100;-51.153.376.260.097.200;10.0
Jardim Carvalho//work_38;-30.057.195.525.502.300;-5.115.252.065.185.940;10.0
Jardim Carvalho//school_38;-30.058.036.600.934.200;-5.115.311.695.088.120;10.0
Jardim Carvalho//home_39;-30.044.791.787.300.100;-5.114.197.068.731.030;10.0
Jardim Carvalho//work_39;-3.004.487.288.457.150;-5.114.133.356.861.610;10.0
Jardim Carvalho//school_39;-300.458.997.822.683;-5.114.083.473.941.460;10.0
Jardim Carvalho//home_40;-30.046.417.759.328.400;-5.114.027.912.054.660;10.0
Jardim Carvalho//work_40;-30.044.705.941.604.200;-511.401.476.868.713;10.0
Jardim Carvalho//school_40;-30.044.635.708.014.100;-5.113.877.575.191.650;10.0
Jardim Carvalho//home_41;-30.050.920.102.676.700;-5.114.494.709.610.390;10.0
Jardim Carvalho//work_41;-30.043.732.869.848.400;-5.114.290.606.598.540;10.0
Jardim Carvalho//school_41;-30.045.679.813.836.000;-51.142.715.724.649.400;10.0
Jardim Carvalho//home_42;-3.004.988.164.312.890;-51.142.852.586.037.400;10.0
Jardim Carvalho//work_42;-30.050.551.349.423.800;-5.114.334.127.604.120;10.0
Jardim Carvalho//school_42;-3.004.990.161.117.440;-5.114.348.835.982.010;10.0
Jardim Carvalho//home_43;-300.517.462.816.587;-5.115.350.561.901.350;10.0
Jardim Carvalho//work_43;-30.051.847.494.603.500;-5.115.276.537.744.080;10.0
Jardim Carvalho//school_43;-3.005.137.325.838.520;-511.523.035.986.989;10.0
Jardim do Salso//home_0;-30.047.111.661.474.000;-5.116.834.030.278.910;10.0
Jardim do Salso//work_0;-3.004.763.630.271.840;-51.166.766.380.028.800;10.0
Jardim do Salso//school_0;-30.047.517.727.753.700;-5.117.047.090.422.220;10.0
Jardim do Salso//home_1;-30.047.529.751.709.500;-511.723.604.136.055;10.0
Jardim do Salso//work_1;-30.048.974.182.516.400;-51.171.894.521.755.700;10.0
Jardim do Salso//school_1;-30.049.368.950.761.100;-5.117.273.650.057.340;10.0
Jardim do Salso//home_2;-30.048.130.711.679.600;-5.117.059.798.392.070;10.0
Jardim do Salso//work_2;-30.048.557.082.531.100;-511.704.129.260.484;10.0
Jardim do Salso//school_2;-30.047.689.005.805.600;-5.117.005.197.001.400;10.0
Jardim do Salso//home_3;-30.048.302.338.238.100;-5.116.626.631.692.390;10.0
Jardim do Salso//work_3;-3.004.853.795.094.950;-5.116.769.253.797.420;10.0
Jardim do Salso//school_3;-30.048.135.723.651.800;-5.116.675.991.299.750;10.0
Jardim do Salso//home_4;-3.004.821.780.422.610;-5.116.524.904.723.580;10.0
Jardim do Salso//work_4;-30.047.618.394.448.400;-5.116.507.821.735.610;10.0
Jardim do Salso//school_4;-30.047.776.021.780.500;-51.165.541.022.527.400;10.0
Jardim do Salso//home_5;-30.049.048.014.094.100;-51.166.399.712.946.100;10.0
Jardim do Salso//work_5;-3.004.876.962.217.670;-5.116.587.638.964.800;10.0
Jardim do Salso//school_5;-30.048.687.322.898.700;-51.165.918.641.842.700;10.0
Jardim do Salso//home_6;-30.050.395.458.952.700;-5.116.507.745.270.230;10.0
Jardim do Salso//work_6;-3.004.977.371.919.080;-51.165.552.754.012.200;10.0
Jardim do Salso//school_6;-30.049.658.062.017.700;-5.116.497.778.958.390;10.0
Jardim do Salso//home_7;-3.004.998.305.011.920;-51.168.529.619.606.400;10.0
Jardim do Salso//work_7;-30.050.401.456.797.800;-5.117.000.160.118.900;10.0
Jardim do Salso//school_7;-30.049.747.636.662;-5.116.887.874.115.850;10.0
Jardim do Salso//home_8;-30.050.028.378.579.300;-51.167.039.896.626.600;10.0
Jardim do Salso//work_8;-3.005.135.047.809.200;-5.116.730.049.947.710;10.0
Jardim do Salso//school_8;-3.005.089.790.312.850;-51.168.227.495.451.100;10.0
Jardim do Salso//home_9;-30.053.184.141.701.700;-51.161.446.045.343.300;10.0
Jardim do Salso//work_9;-30.054.147.004.161.300;-5.116.058.770.241.610;10.0
Jardim do Salso//school_9;-3.005.354.060.826.900;-5.115.995.109.491.950;10.0
Jardim do Salso//home_10;-30.052.401.484.239.300;-51.164.687.834.166.400;10.0
Jardim do Salso//work_10;-3.005.209.889.960.890;-51.164.388.698.022.400;10.0
Jardim do Salso//school_10;-300.530.193.038.658;-5.116.317.491.901.160;10.0
Jardim do Salso//home_11;-30.052.386.313.821.400;-5.116.570.616.725.900;10.0
Jardim do Salso//work_11;-30.053.754.120.525.700;-511.635.886.275.976;10.0
Jardim do Salso//school_11;-30.054.035.238.657.900;-5.116.876.912.248.470;10.0
Jardim do Salso//home_12;-3.005.454.282.770.340;-51.161.762.424.823.600;10.0
Jardim do Salso//work_12;-30.055.226.660.574.500;-511.598.633.915.853;10.0
Jardim do Salso//school_12;-3.005.427.076.701.690;-51.161.142.547.878.000;10.0
Jardim Europa//home_0;-3.002.813.390.952.130;-5.115.458.759.425.430;10.0
Jardim Europa//work_0;-30.029.170.117.763.800;-5.115.531.720.915.570;10.0
Jardim Europa//school_0;-30.028.310.092.759.900;-5.115.596.064.479.890;10.0
Jardim Europa//home_1;-3.002.275.076.083.300;-51.160.054.183.990.900;10.0
Jardim Europa//work_1;-3.002.226.584.218.770;-5.116.117.161.127.660;10.0
Jardim Europa//school_1;-30.022.146.052.295.700;-5.116.078.750.984.860;10.0
Jardim Europa//home_2;-3.002.221.683.576.410;-51.157.862.091.290.900;10.0
Jardim Europa//work_2;-30.021.505.067.907.400;-51.157.861.243.898.100;10.0
Jardim Europa//school_2;-30.021.659.931.702.000;-5.115.787.494.115.700;10.0
Jardim Europa//home_3;-30.027.867.217.965.400;-5.115.813.993.574.950;10.0
Jardim Europa//work_3;-30.026.643.758.525.000;-51.162.134.099.682.600;10.0
Jardim Europa//school_3;-3.002.347.602.753.760;-5.116.161.233.471.430;10.0
Jardim Europa//home_4;-30.021.576.106.908.700;-51.156.425.616.350.800;10.0
Jardim Europa//work_4;-30.022.364.787.550.200;-51.156.562.582.981.400;10.0
Jardim Europa//school_4;-3.002.163.958.977.760;-5.115.616.732.691.880;10.0
Jardim Europa//home_5;-3.002.317.867.022.070;-5.115.494.227.058.530;10.0
Jardim Europa//work_5;-3.002.216.881.762.520;-5.115.462.268.449.540;10.0
Jardim Europa//school_5;-30.023.075.389.642.500;-5.115.511.561.161.730;10.0
Jardim Europa//home_6;-30.027.977.151.929.800;-5.115.722.649.021.090;10.0
Jardim Europa//work_6;-30.026.644.852.851.400;-5.115.758.929.791.450;10.0
Jardim Europa//school_6;-30.027.479.647.952.600;-5.115.753.572.181.070;10.0
Jardim Floresta//home_0;-29.997.290.906.863.100;-5.115.755.984.091.050;7.0
Jardim Floresta//work_0;-29.998.086.706.654.900;-51.163.525.415.545.900;5.0
Jardim Floresta//school_0;-29.997.166.127.500.700;-5.116.295.859.153.080;4.5
Jardim Floresta//home_1;-30.000.497.092.159.600;-5.115.815.799.332.080;10.0
Jardim Floresta//work_1;-2.999.906.575.638.290;-5.115.592.326.308.730;10.0
Jardim Floresta//school_1;-2.999.726.015.252.060;-5.115.630.714.899.590;8.7
Jardim Floresta//home_2;-30.001.267.542.418.200;-5.115.599.962.821.700;10.0
Jardim Floresta//work_2;-30.003.078.021.970.000;-5.115.649.945.195.850;10.0
Jardim Floresta//school_2;-30.003.639.533.514.000;-51.156.377.259.144.400;10.0
Jardim Floresta//home_3;-30.001.751.313.183.900;-5.115.887.336.127.800;10.0
Jardim Floresta//work_3;-3.000.221.365.175.790;-5.115.776.929.748.080;10.0
Jardim Floresta//school_3;-30.001.886.385.405.500;-5.115.869.352.133.840;10.0
Jardim Floresta//home_4;-2.999.935.324.689.950;-5.116.020.572.041.380;6.2
Jardim Floresta//work_4;-30.002.512.623.722.900;-51.160.189.672.616.000;10.0
Jardim Floresta//school_4;-30.001.857.558.177.100;-511.596.224.852.388;10.0
Jardim Isabel//home_0;-30.127.592.623.784.100;-51.237.341.177.582.600;10.0
Jardim Isabel//work_0;-30.128.363.412.148.200;-5.123.385.738.924.930;10.0
Jardim Isabel//school_0;-30.127.358.352.882.000;-51.232.963.961.460.900;10.0
Jardim Isabel//home_1;-30.127.432.229.869.500;-51.240.357.364.360.200;10.0
Jardim Isabel//work_1;-30.129.913.103.972.300;-5.123.890.791.058.240;8.6
Jardim Isabel//school_1;-30.125.830.866.917.100;-5.123.711.836.242.360;10.0
Jardim Isabel//home_2;-30.123.651.089.239.400;-51.230.805.240.451.200;10.0
Jardim Isabel//work_2;-3.012.706.264.480.930;-5.123.248.737.354.100;10.0
Jardim Isabel//school_2;-3.012.792.609.282.530;-5.123.335.790.325.060;10.0
Jardim Isabel//home_3;-3.012.499.422.759.440;-5.123.632.916.737.030;10.0
Jardim Isabel//work_3;-30.126.455.532.551.300;-5.123.218.021.561.070;10.0
Jardim Isabel//school_3;-30.125.637.175.720.700;-5.123.468.088.083.800;10.0
Jardim Itu//home_0;-30.011.973.508.978.800;-51.142.780.348.313.200;10.0
Jardim Itu//work_0;-30.011.943.849.391.300;-5.113.926.920.182.750;10.0
Jardim Itu//school_0;-30.009.816.465.675.400;-5.114.173.048.399.340;10.0
Jardim Itu//home_1;-3.001.408.570.546.790;-51.142.206.292.822.300;10.0
Jardim Itu//work_1;-3.001.304.771.023.470;-5.114.075.054.487.540;10.0
Jardim Itu//school_1;-30.012.971.484.655.300;-51.142.213.424.294.000;10.0
Jardim Itu//home_2;-30.014.691.216.390.800;-51.142.512.099.356.700;10.0
Jardim Itu//work_2;-3.001.465.089.039;-51.141.073.215.982.500;10.0
Jardim Itu//school_2;-30.014.277.800.046.000;-5.113.925.497.897.640;10.0
Jardim Itu//home_3;-3.001.271.652.356.400;-5.113.586.491.141.310;10.0
Jardim Itu//work_3;-30.011.611.136.430.000;-5.113.794.306.996.040;10.0
Jardim Itu//school_3;-30.010.688.581.222.800;-5.113.567.999.791.630;10.0
Jardim Itu//home_4;-30.010.136.465.908.200;-511.346.127.559.867;10.0
Jardim Itu//work_4;-30.010.342.321.184.700;-5.113.536.901.370.040;10.0
Jardim Itu//school_4;-3.001.180.358.311.320;-51.133.638.926.150.000;10.0
Jardim Itu//home_5;-3.001.322.761.699.750;-5.113.282.826.836.130;10.0
Jardim Itu//work_5;-3.001.378.735.471.960;-51.133.474.748.481.500;10.0
Jardim Itu//school_5;-30.013.178.765.335.100;-51.135.602.216.856.900;10.0
Jardim Itu//home_6;-30.011.309.146.791.000;-51.132.199.546.632.100;10.0
Jardim Itu//work_6;-30.011.008.883.008.000;-51.132.109.650.047.100;10.0
Jardim Itu//school_6;-30.011.030.260.095.700;-51.131.812.644.328.200;10.0
Jardim Itu//home_7;-30.017.096.322.826.000;-51.133.676.963.108.000;10.0
Jardim Itu//work_7;-30.014.263.972.263.000;-511.341.596.235.889;10.0
Jardim Itu//school_7;-30.016.988.649.125.900;-5.113.399.565.635.960;10.0
Jardim Itu//home_8;-30.017.543.901.646.600;-5.113.185.857.302.920;10.0
Jardim Itu//work_8;-30.017.326.274.691.500;-5.113.218.323.586.460;10.0
Jardim Itu//school_8;-30.017.280.754.664;-5.113.176.940.173.890;10.0
Jardim Itu//home_9;-30.019.161.251.205.200;-5.113.487.429.917.580;10.0
Jardim Itu//work_9;-30.018.406.718.455.000;-51.134.564.907.906.300;10.0
Jardim Itu//school_9;-30.019.728.247.101.100;-51.133.269.057.768.100;10.0
Jardim Itu//home_10;-3.002.084.646.889.970;-51.132.304.856.823.200;10.0
Jardim Itu//work_10;-30.021.099.018.417.500;-51.131.804.412.500.800;10.0
Jardim Itu//school_10;-30.021.103.838.396.500;-5.113.326.179.318.990;10.0
Jardim Itu//home_11;-3.002.009.119.320.500;-51.136.363.218.683.700;10.0
Jardim Itu//work_11;-30.018.334.074.492.500;-51.135.884.096.340.700;10.0
Jardim Itu//school_11;-30.017.239.505.877.200;-5.113.476.875.320.480;10.0
Jardim Itu//home_12;-3.001.999.049.955.980;-5.113.850.474.966.010;10.0
Jardim Itu//work_12;-30.018.561.926.182.300;-51.137.314.529.477.100;10.0
Jardim Itu//school_12;-30.018.583.210.991.800;-5.113.709.036.255.540;10.0
Jardim Itu//home_13;-30.015.171.190.059.200;-5.113.738.377.533.960;10.0
Jardim Itu//work_13;-3.001.427.088.984.680;-5.113.834.191.743.400;10.0
Jardim Itu//school_13;-30.014.640.226.910.500;-5.113.636.488.383.460;10.0
Jardim Itu//home_14;-30.015.262.280.311.900;-5.114.297.805.494.380;10.0
Jardim Itu//work_14;-30.015.797.791.730.900;-5.114.040.325.407.690;10.0
Jardim Itu//school_14;-30.015.972.446.069.200;-5.114.251.115.975.270;10.0
Jardim Itu//home_15;-30.019.134.740.662.000;-5.114.182.732.513.630;10.0
Jardim Itu//work_15;-300.173.911.427.612;-51.142.885.731.192.800;10.0
Jardim Itu//school_15;-30.018.429.447.306.600;-5.114.234.683.108.630;10.0
Jardim Itu//home_16;-30.023.285.879.154.100;-5.114.099.261.474.250;10.0
Jardim Itu//work_16;-30.021.117.499.202.200;-51.139.511.486.183.100;10.0
Jardim Itu//school_16;-30.021.477.887.241.900;-51.140.628.690.423.900;10.0
Jardim Itu//home_17;-3.002.433.604.896.540;-51.144.219.765.904.000;10.0
Jardim Itu//work_17;-30.022.646.956.546.100;-5.114.367.799.214.260;10.0
Jardim Itu//school_17;-3.001.965.063.041.350;-5.114.367.095.496.010;10.0
Jardim Itu//home_18;-30.024.906.636.674.100;-51.144.013.879.652.600;10.0
Jardim Itu//work_18;-30.025.872.851.418.600;-5.114.368.440.330.340;10.0
Jardim Itu//school_18;-30.026.463.298.149.300;-5.114.325.197.263.500;10.0
Jardim Itu//home_19;-30.024.603.139.364.300;-5.114.082.487.889.970;10.0
Jardim Itu//work_19;-30.023.606.272.015.400;-5.113.968.939.704.520;10.0
Jardim Itu//school_19;-3.002.616.885.351.260;-5.113.998.571.661.330;10.0
Jardim Itu//home_20;-30.021.780.975.285.700;-51.135.440.231.550.100;10.0
Jardim Itu//work_20;-30.022.163.005.451.400;-51.133.979.194.290.400;10.0
Jardim Itu//school_20;-30.021.446.094.778.900;-51.134.977.813.233.300;10.0
Jardim Itu//home_21;-30.025.791.754.358.000;-511.365.362.491.754;10.0
Jardim Itu//work_21;-30.028.150.473.129.800;-51.137.913.761.995.500;10.0
Jardim Itu//school_21;-30.025.812.828.288.600;-51.136.311.608.019.500;10.0
Jardim Itu//home_22;-30.024.365.676.526.600;-5.113.300.631.281.740;10.0
Jardim Itu//work_22;-3.002.458.484.053.310;-5.113.266.737.124.610;10.0
Jardim Itu//school_22;-30.024.277.867.978.000;-5.113.301.772.187.380;10.0
Jardim Itu//home_23;-3.002.444.713.595.900;-5.113.243.622.808.620;10.0
Jardim Itu//work_23;-3.002.466.551.582.490;-5.113.209.731.328.850;10.0
Jardim Itu//school_23;-30.025.028.029.066.900;-51.132.372.022.906.000;10.0
Jardim Itu//home_24;-30.017.555.868.951.900;-5.113.782.124.762.010;10.0
Jardim Itu//work_24;-3.001.663.482.146.120;-51.138.093.604.500.700;10.0
Jardim Itu//school_24;-30.017.213.497.285.500;-5.113.690.701.305.140;10.0
Jardim Itu//home_25;-30.014.342.156.288.300;-511.346.076.175.029;10.0
Jardim Itu//work_25;-3.001.346.946.558.600;-5.113.448.864.686.190;10.0
Jardim Itu//school_25;-30.016.294.755.471.300;-5.113.462.209.915.700;10.0
Jardim Itu//home_26;-30.025.146.808.022.500;-5.113.871.234.644.620;10.0
Jardim Itu//work_26;-30.020.872.602.718.700;-51.137.110.603.705.600;10.0
Jardim Itu//school_26;-30.021.835.785.808.900;-51.138.165.975.160.500;10.0
Jardim Itu//home_27;-30.027.956.696.671.400;-5.113.619.470.523.500;10.0
Jardim Itu//work_27;-3.002.965.735.753.540;-5.113.743.324.800.280;10.0
Jardim Itu//school_27;-3.002.972.798.668.900;-51.137.039.168.494.800;10.0
Jardim Itu//home_28;-30.025.800.239.969.300;-5.113.501.035.231.290;10.0
Jardim Itu//work_28;-30.025.150.106.527;-51.134.572.734.874.200;10.0
Jardim Itu//school_28;-3.002.519.040.819.430;-5.113.370.550.431.660;10.0
Jardim Itu//home_29;-30.026.951.957.399.100;-5.114.547.293.032.240;10.0
Jardim Itu//work_29;-30.026.898.949.348.400;-5.114.221.805.368.660;10.0
Jardim Itu//school_29;-30.026.836.428.073.600;-5.114.428.254.875.990;10.0
Jardim Itu//home_30;-30.030.216.237.864.300;-51.133.658.478.712.100;10.0
Jardim Itu//work_30;-30.030.377.159.172.100;-5.113.379.769.331.260;10.0
Jardim Itu//school_30;-30.027.100.555.463.700;-5.113.338.219.885.860;10.0
Jardim Itu//home_31;-3.002.784.448.777.300;-51.132.884.889.356.000;10.0
Jardim Itu//work_31;-3.002.802.271.644.430;-5.113.239.949.026.040;10.0
Jardim Itu//school_31;-30.027.714.835.541.300;-511.328.657.907.635;10.0
Jardim Leopoldina//home_0;-3.001.615.541.519.890;-51.118.812.032.420.900;10.0
Jardim Leopoldina//work_0;-30.017.872.877.315.000;-51.117.616.868.886.700;10.0
Jardim Leopoldina//school_0;-30.016.600.467.482.800;-5.111.681.289.348.420;10.0
Jardim Leopoldina//home_1;-30.018.463.202.073.100;-5.111.731.693.063.110;10.0
Jardim Leopoldina//work_1;-30.019.533.229.705.600;-51.117.160.855.475.200;10.0
Jardim Leopoldina//school_1;-30.018.326.898.539.200;-5.111.690.092.236.170;10.0
Jardim Leopoldina//home_2;-30.015.570.007.732.700;-5.111.893.935.177.550;10.0
Jardim Leopoldina//work_2;-3.001.597.123.085.500;-511.169.159.901.863;10.0
Jardim Leopoldina//school_2;-30.015.087.836.918.500;-51.118.772.506.430.000;10.0
Jardim Leopoldina//home_3;-3.001.653.059.153.760;-5.111.625.403.274.530;10.0
Jardim Leopoldina//work_3;-30.016.436.403.805.000;-5.111.523.551.602.090;10.0
Jardim Leopoldina//school_3;-3.001.565.504.062.470;-511.145.698.429.637;10.0
Jardim Leopoldina//home_4;-3.001.690.747.028.090;-511.152.772.694.498;10.0
Jardim Leopoldina//work_4;-30.017.348.944.800.600;-5.111.508.828.958.480;10.0
Jardim Leopoldina//school_4;-30.016.902.812.545.200;-51.115.300.532.331.200;10.0
Jardim Leopoldina//home_5;-30.016.476.016.833.400;-5.111.457.971.576.190;10.0
Jardim Leopoldina//work_5;-30.016.356.678.537.500;-5.111.422.894.480.270;10.0
Jardim Leopoldina//school_5;-30.015.825.766.084.200;-5.111.401.210.494.070;10.0
Jardim Leopoldina//home_6;-30.017.640.545.197.100;-5.111.470.480.860.050;10.0
Jardim Leopoldina//work_6;-30.017.600.909.604.800;-511.149.425.965.345;10.0
Jardim Leopoldina//school_6;-3.001.726.968.430.310;-5.111.597.825.832.860;10.0
Jardim Leopoldina//home_7;-30.017.852.454.759;-51.113.620.118.717.800;10.0
Jardim Leopoldina//work_7;-30.017.717.319.281.600;-5.111.299.270.405.620;10.0
Jardim Leopoldina//school_7;-30.017.383.390.295.000;-5.111.388.402.734.710;10.0
Jardim Leopoldina//home_8;-30.018.087.562.073.900;-51.112.546.722.104.000;10.0
Jardim Leopoldina//work_8;-3.001.790.584.780.120;-5.111.213.184.822.970;10.0
Jardim Leopoldina//school_8;-30.017.678.493.427.600;-51.112.391.452.501.900;10.0
Jardim Leopoldina//home_9;-30.016.706.005.453.700;-5.111.357.998.092.070;10.0
Jardim Leopoldina//work_9;-30.016.404.267.036.700;-5.111.377.304.280.630;10.0
Jardim Leopoldina//school_9;-30.017.006.539.654.200;-5.111.275.023.140.480;10.0
Jardim Leopoldina//home_10;-3.001.654.557.386.130;-5.111.327.519.379.570;10.0
Jardim Leopoldina//work_10;-3.001.667.902.081.440;-5.111.328.910.246.020;10.0
Jardim Leopoldina//school_10;-30.016.557.487.871.700;-5.111.277.542.701.100;10.0
Jardim Leopoldina//home_11;-30.016.063.718.536.700;-5.111.373.791.102.600;10.0
Jardim Leopoldina//work_11;-3.001.619.919.791.560;-5.111.283.240.747.310;10.0
Jardim Leopoldina//school_11;-30.016.278.432.364.600;-51.112.402.573.958.400;10.0
Jardim Leopoldina//home_12;-30.015.653.657.744.800;-51.112.207.547.123.500;10.0
Jardim Leopoldina//work_12;-30.015.884.346.249.000;-5.111.253.607.334.020;10.0
Jardim Leopoldina//school_12;-30.015.847.419.236.400;-51.113.195.872.259;10.0
Jardim Leopoldina//home_13;-3.001.620.141.665.250;-5.110.979.590.227.790;10.0
Jardim Leopoldina//work_13;-30.015.328.188.501.300;-51.111.771.336.114.800;10.0
Jardim Leopoldina//school_13;-30.015.761.444.689.500;-51.111.243.440.329.300;10.0
Jardim Leopoldina//home_14;-30.016.463.973.841.500;-51.110.495.758.450.600;10.0
Jardim Leopoldina//work_14;-30.016.471.278.605.900;-5.110.972.430.380.600;10.0
Jardim Leopoldina//school_14;-30.016.483.827.258.500;-51.109.816.197.757.300;10.0
Jardim Leopoldina//home_15;-30.016.651.256.373.300;-5.110.950.329.462.250;10.0
Jardim Leopoldina//work_15;-30.017.031.678.058.900;-5.110.975.298.425.110;10.0
Jardim Leopoldina//school_15;-30.016.701.225.508.000;-5.111.013.741.153.450;10.0
Jardim Leopoldina//home_16;-30.016.621.261.433.300;-5.111.161.444.604.870;10.0
Jardim Leopoldina//work_16;-30.017.003.926.990.600;-5.111.178.619.928.760;10.0
Jardim Leopoldina//school_16;-30.016.871.510.131.900;-5.111.114.471.152.780;10.0
Jardim Leopoldina//home_17;-30.016.409.712.411.700;-51.108.148.522.859.500;10.0
Jardim Leopoldina//work_17;-30.016.769.063.790.200;-51.109.002.385.399.300;10.0
Jardim Leopoldina//school_17;-300.172.539.880.973;-51.108.233.470.394.100;10.0
Jardim Leopoldina//home_18;-3.001.820.280.505.840;-5.110.789.464.903.070;10.0
Jardim Leopoldina//work_18;-30.019.497.681.319.000;-5.110.785.138.465.480;10.0
Jardim Leopoldina//school_18;-30.019.261.116.722.600;-51.107.664.541.939.600;10.0
Jardim Leopoldina//home_19;-3.001.786.478.009.010;-5.110.941.839.602.970;10.0
Jardim Leopoldina//work_19;-30.018.085.076.085.100;-51.108.423.664.757.100;10.0
Jardim Leopoldina//school_19;-30.017.880.054.057.700;-51.108.529.562.313.500;10.0
Jardim Leopoldina//home_20;-3.001.878.169.288.150;-5.110.888.068.400.800;10.0
Jardim Leopoldina//work_20;-3.001.823.372.546.200;-5.110.826.427.366.090;10.0
Jardim Leopoldina//school_20;-3.001.863.841.328.460;-5.110.805.177.363.570;10.0
Jardim Leopoldina//home_21;-3.001.903.578.477.850;-51.108.550.610.796.600;10.0
Jardim Leopoldina//work_21;-30.019.092.568.263.800;-5.110.808.818.216.650;10.0
Jardim Leopoldina//school_21;-300.191.853.859.678;-5.110.940.452.189.560;10.0
Jardim Leopoldina//home_22;-30.020.118.815.007.800;-5.110.969.014.159.030;10.0
Jardim Leopoldina//work_22;-30.019.934.804.626.900;-5.110.883.561.977.980;10.0
Jardim Leopoldina//school_22;-30.020.174.604.189.700;-5.110.836.609.583.200;10.0
Jardim Leopoldina//home_23;-30.020.835.760.000.200;-5.110.908.001.207.780;10.0
Jardim Leopoldina//work_23;-30.020.564.675.712.100;-5.110.887.328.169.080;10.0
Jardim Leopoldina//school_23;-30.020.620.459.088.800;-5.110.875.250.588.450;10.0
Jardim Leopoldina//home_24;-30.021.546.082.343.800;-5.110.834.454.367.330;10.0
Jardim Leopoldina//work_24;-30.021.271.957.974.400;-5.110.848.298.062.630;10.0
Jardim Leopoldina//school_24;-30.021.342.957.407.100;-5.110.934.717.522.430;10.0
Jardim Leopoldina//home_25;-30.024.953.905.027.400;-5.110.808.782.082.480;10.0
Jardim Leopoldina//work_25;-30.021.266.493.396.900;-5.110.820.874.229.400;10.0
Jardim Leopoldina//school_25;-30.021.086.885.852.200;-5.110.816.315.163.460;10.0
Jardim Leopoldina//home_26;-3.002.573.212.831.300;-5.110.894.903.812.650;10.0
Jardim Leopoldina//work_26;-30.022.918.383.545.500;-5.110.980.590.921.840;10.0
Jardim Leopoldina//school_26;-30.023.020.621.358.100;-51.109.411.885.073.400;10.0
Jardim Leopoldina//home_27;-30.023.349.230.785.700;-51.110.155.400.852.700;10.0
Jardim Leopoldina//work_27;-3.002.315.797.979.080;-5.111.216.579.198.450;10.0
Jardim Leopoldina//school_27;-30.021.735.410.650.400;-5.111.177.439.463.370;10.0
Jardim Leopoldina//home_28;-30.021.620.492.123.800;-51.110.244.979.766;10.0
Jardim Leopoldina//work_28;-30.020.793.454.687.200;-51.112.723.839.792.300;10.0
Jardim Leopoldina//school_28;-3.002.065.283.141.370;-5.111.198.535.114.630;10.0
Jardim Leopoldina//home_29;-3.002.238.204.815.700;-51.114.443.934.933.900;10.0
Jardim Leopoldina//work_29;-30.021.043.933.062.900;-51.116.428.545.749.900;10.0
Jardim Leopoldina//school_29;-3.002.213.385.800.100;-5.111.415.167.666.080;10.0
Jardim Leopoldina//home_30;-30.025.593.747.313.900;-511.187.542.540.811;10.0
Jardim Leopoldina//work_30;-30.024.531.856.059.300;-5.111.517.415.633.860;10.0
Jardim Leopoldina//school_30;-30.025.779.211.889.300;-5.111.408.229.080.820;10.0
Jardim Leopoldina//home_31;-30.021.914.438.803.500;-5.111.899.728.677.840;10.0
Jardim Leopoldina//work_31;-3.002.124.128.243.990;-511.179.459.731.655;10.0
Jardim Leopoldina//school_31;-3.002.263.163.109.000;-5.111.877.360.326.780;10.0
Jardim Leopoldina//home_32;-3.001.935.597.906.250;-5.111.594.913.322.300;10.0
Jardim Leopoldina//work_32;-300.193.156.005.379;-51.116.003.357.446.900;10.0
Jardim Leopoldina//school_32;-30.019.330.182.418.000;-51.115.737.729.619.700;10.0
Jardim Leopoldina//home_33;-300.215.298.179.207;-5.111.433.003.604.050;10.0
Jardim Leopoldina//work_33;-30.020.796.644.738.800;-51.114.099.666.208.700;10.0
Jardim Leopoldina//school_33;-3.002.153.431.159.030;-5.111.415.695.813.500;10.0
Jardim Leopoldina//home_34;-30.019.479.745.449.700;-5.111.075.298.242.590;10.0
Jardim Leopoldina//work_34;-30.020.628.818.057.800;-51.111.549.436.284.400;10.0
Jardim Leopoldina//school_34;-30.020.777.596.616.100;-511.104.285.456.193;10.0
Jardim Leopoldina//home_35;-30.019.864.820.565.500;-5.111.341.715.842.550;10.0
Jardim Leopoldina//work_35;-30.019.952.425.684.800;-5.111.401.553.482.940;10.0
Jardim Leopoldina//school_35;-3.001.962.332.698.300;-5.111.302.063.347.360;10.0
Jardim Lind√≥ia//home_0;-3.000.016.147.273.410;-511.542.269.595.361;9.3
Jardim Lind√≥ia//work_0;-30.000.962.618.039.900;-511.546.790.173.223;10.0
Jardim Lind√≥ia//school_0;-30.002.109.952.455.400;-5.115.476.733.381.760;10.0
Jardim Lind√≥ia//home_1;-299.991.900.322.101;-51.153.974.490.323.000;9.5
Jardim Lind√≥ia//work_1;-2.999.855.404.194.640;-51.153.302.587.837.600;8.7
Jardim Lind√≥ia//school_1;-2.999.965.522.623.730;-51.153.409.350.775.700;9.5
Jardim Lind√≥ia//home_2;-30.000.635.450.345.800;-5.115.045.868.440.940;10.0
Jardim Lind√≥ia//work_2;-29.999.985.492.036.700;-5.115.132.005.604.040;10.0
Jardim Lind√≥ia//school_2;-3.000.087.612.343.800;-51.150.882.815.296.700;10.0
Jardim Lind√≥ia//home_3;-2.999.934.934.612.490;-5.115.018.707.778.430;10.0
Jardim Lind√≥ia//work_3;-29.999.320.442.059.100;-51.150.256.215.754.700;10.0
Jardim Lind√≥ia//school_3;-2.999.960.719.035.920;-5.114.997.616.673.550;10.0
Jardim Lind√≥ia//home_4;-30.002.674.935.585.900;-51.151.424.221.228.600;10.0
Jardim Lind√≥ia//work_4;-30.004.316.564.602.900;-5.114.946.122.471.420;10.0
Jardim Lind√≥ia//school_4;-30.002.669.356.324.300;-51.150.196.784.675.000;10.0
Jardim Lind√≥ia//home_5;-30.002.763.906.892.500;-5.115.333.507.947.910;10.0
Jardim Lind√≥ia//work_5;-3.000.597.733.782.330;-5.115.337.346.037.200;10.0
Jardim Lind√≥ia//school_5;-30.002.353.385.926.500;-5.115.332.024.586.920;10.0
Jardim Lind√≥ia//home_6;-30.008.085.034.944.900;-51.151.405.523.312.100;10.0
Jardim Lind√≥ia//work_6;-30.009.976.564.267.700;-511.537.780.561.903;10.0
Jardim Lind√≥ia//school_6;-30.006.497.808.327.000;-5.115.151.005.327.620;10.0
Jardim Lind√≥ia//home_7;-3.000.971.473.744.830;-5.115.186.925.001.830;10.0
Jardim Lind√≥ia//work_7;-30.008.986.039.067.200;-511.513.136.981.374;10.0
Jardim Lind√≥ia//school_7;-30.008.624.568.147.100;-5.115.171.383.819.130;10.0
Jardim Lind√≥ia//home_8;-3.000.655.881.543.450;-5.115.065.788.130.680;10.0
Jardim Lind√≥ia//work_8;-30.006.983.278.778.800;-5.114.993.857.817.030;10.0
Jardim Lind√≥ia//school_8;-30.007.056.831.620.500;-511.499.288.701.369;10.0
Jardim Lind√≥ia//home_9;-30.009.818.194.977.200;-5.114.974.886.424.610;10.0
Jardim Lind√≥ia//work_9;-30.008.570.720.022.000;-511.495.937.339.849;10.0
Jardim Lind√≥ia//school_9;-3.000.920.284.189.440;-5.114.990.749.929.340;10.0
Jardim Lind√≥ia//home_10;-2.999.885.647.961.110;-5.114.912.362.467.320;10.0
Jardim Lind√≥ia//work_10;-29.998.832.811.603.200;-5.114.801.183.299.680;10.0
Jardim Lind√≥ia//school_10;-29.999.004.619.302.400;-51.148.992.522.059.100;10.0
Jardim Lind√≥ia//home_11;-30.007.883.576.019.300;-51.153.984.129.607.300;10.0
Jardim Lind√≥ia//work_11;-30.007.442.024.556.900;-5.115.378.729.063.930;10.0
Jardim Lind√≥ia//school_11;-3.000.789.917.444.490;-5.115.388.264.806.130;10.0
Jardim Lind√≥ia//home_12;-30.004.740.097.788.500;-51.154.296.190.381.400;10.0
Jardim Lind√≥ia//work_12;-3.000.350.750.726.690;-5.115.425.781.483.410;10.0
Jardim Lind√≥ia//school_12;-30.004.026.369.332.600;-5.115.418.309.948.740;10.0
Jardim Lind√≥ia//home_13;-3.000.096.325.435.970;-5.114.807.032.297.510;10.0
Jardim Lind√≥ia//work_13;-30.000.683.903.895.800;-5.114.770.937.831.140;10.0
Jardim Lind√≥ia//school_13;-3.000.172.706.037.870;-5.114.806.501.490.300;10.0
Jardim Lind√≥ia//home_14;-30.004.254.695.803.100;-51.148.453.618.897.400;10.0
Jardim Lind√≥ia//work_14;-30.002.510.359.862.400;-5.114.880.249.430.600;10.0
Jardim Lind√≥ia//school_14;-30.003.075.782.868.400;-51.147.650.795.311.000;10.0
Jardim Sabar√°//home_0;-3.003.010.849.609.390;-5.113.863.039.141.340;10.0
Jardim Sabar√°//work_0;-30.030.930.528.848.200;-51.134.417.662.444.600;10.0
Jardim Sabar√°//school_0;-30.031.654.112.362.000;-5.113.488.812.671.540;10.0
Jardim Sabar√°//home_1;-30.031.207.998.313.200;-5.113.852.028.319.360;10.0
Jardim Sabar√°//work_1;-30.031.518.896.304.800;-51.139.339.964.200.600;10.0
Jardim Sabar√°//school_1;-30.031.162.158.098.600;-511.396.908.992.509;10.0
Jardim Sabar√°//home_2;-30.027.571.759.173.400;-51.140.762.060.251.400;10.0
Jardim Sabar√°//work_2;-3.002.831.655.053.560;-5.114.171.808.432.850;10.0
Jardim Sabar√°//school_2;-30.028.468.023.036.600;-51.141.255.988.083.500;10.0
Jardim Sabar√°//home_3;-3.002.921.004.863.340;-51.143.523.429.802.700;10.0
Jardim Sabar√°//work_3;-30.029.876.744.662.600;-51.146.447.623.964.000;10.0
Jardim Sabar√°//school_3;-30.028.306.728.522.400;-5.114.379.340.236.970;10.0
Jardim Sabar√°//home_4;-3.003.015.617.337.390;-5.114.623.734.000.050;10.0
Jardim Sabar√°//work_4;-3.003.063.508.537.700;-51.143.292.994.361.600;10.0
Jardim Sabar√°//school_4;-30.031.041.653.906.500;-51.143.701.424.065.300;10.0
Jardim Sabar√°//home_5;-30.033.661.102.389.700;-5.114.465.519.774.130;10.0
Jardim Sabar√°//work_5;-3.003.247.216.553.830;-51.147.130.502.132.200;10.0
Jardim Sabar√°//school_5;-3.003.385.365.179.820;-5.114.415.634.510.210;10.0
Jardim Sabar√°//home_6;-30.036.133.902.738.100;-5.114.426.642.079.560;10.0
Jardim Sabar√°//work_6;-30.034.243.937.769.400;-5.114.557.084.212.440;10.0
Jardim Sabar√°//school_6;-30.035.445.284.560.800;-51.144.128.904.121.800;10.0
Jardim Sabar√°//home_7;-3.003.227.166.730.420;-51.138.037.260.745.900;10.0
Jardim Sabar√°//work_7;-30.032.067.351.158.100;-5.114.026.455.533.880;10.0
Jardim Sabar√°//school_7;-30.033.808.651.940.400;-5.113.854.691.939.880;10.0
Jardim Sabar√°//home_8;-300.426.836.082.489;-5.113.760.474.740.640;10.0
Jardim Sabar√°//work_8;-3.003.566.765.440.700;-5.114.059.260.337.620;10.0
Jardim Sabar√°//school_8;-3.004.099.188.514.240;-5.113.906.112.957.350;10.0
Jardim Sabar√°//home_9;-3.003.765.996.698.760;-5.113.652.601.448.890;10.0
Jardim Sabar√°//work_9;-300.378.304.158.127;-5.113.617.525.346.960;10.0
Jardim Sabar√°//school_9;-30.038.419.954.162.500;-5.113.741.023.128.370;10.0
Jardim Sabar√°//home_10;-30.038.874.532.939.500;-5.113.677.070.557.380;10.0
Jardim Sabar√°//work_10;-30.038.840.339.168.900;-5.113.751.857.851.100;10.0
Jardim Sabar√°//school_10;-30.039.385.266.123.100;-51.137.125.845.382.300;10.0
Jardim Sabar√°//home_11;-30.038.710.375.995.700;-5.114.107.845.032.350;10.0
Jardim Sabar√°//work_11;-30.038.352.146.861.300;-5.114.124.994.859.350;10.0
Jardim Sabar√°//school_11;-30.039.371.865.048.100;-511.405.651.965.678;10.0
Jardim Sabar√°//home_12;-30.038.424.857.643.300;-5.114.281.371.553.620;10.0
Jardim Sabar√°//work_12;-30.040.034.949.910.200;-5.114.270.234.903.540;10.0
Jardim Sabar√°//school_12;-3.003.863.870.297.910;-5.114.258.210.389.470;10.0
Jardim Sabar√°//home_13;-300.380.472.729.684;-5.114.510.187.661.540;10.0
Jardim Sabar√°//work_13;-3.003.751.530.465.230;-51.144.686.001.418.600;10.0
Jardim Sabar√°//school_13;-3.003.754.788.454.480;-5.114.462.896.749.010;10.0
Jardim Sabar√°//home_14;-3.003.977.695.499.420;-5.114.507.855.591.380;10.0
Jardim Sabar√°//work_14;-3.003.928.608.872.680;-5.114.467.140.715.100;10.0
Jardim Sabar√°//school_14;-30.039.290.711.571.700;-5.114.474.789.093.280;10.0
Jardim Sabar√°//home_15;-3.003.994.926.753.130;-5.114.501.055.991.600;10.0
Jardim Sabar√°//work_15;-30.040.473.827.183.200;-5.114.394.007.463.160;10.0
Jardim Sabar√°//school_15;-3.004.002.831.975.590;-5.114.503.236.984.690;10.0
Jardim Sabar√°//home_16;-3.004.215.990.337.820;-5.114.390.359.053.040;10.0
Jardim Sabar√°//work_16;-3.004.163.099.339.380;-5.114.306.768.409.080;10.0
Jardim Sabar√°//school_16;-3.004.292.695.411.270;-5.114.441.598.235.580;10.0
Jardim Sabar√°//home_17;-3.004.245.474.178.650;-51.144.571.189.741.700;10.0
Jardim Sabar√°//work_17;-30.041.963.666.312.300;-51.145.152.431.837.800;10.0
Jardim Sabar√°//school_17;-30.040.968.967.443.700;-5.114.500.883.393.690;10.0
Jardim Sabar√°//home_18;-30.042.027.401.312.500;-51.145.764.654.920.500;10.0
Jardim Sabar√°//work_18;-30.042.111.885.478.100;-5.114.524.089.293.300;10.0
Jardim Sabar√°//school_18;-30.042.010.971.857.700;-5.114.541.781.529.460;10.0
Jardim Sabar√°//home_19;-30.038.498.925.195.000;-5.114.639.286.548.790;10.0
Jardim Sabar√°//work_19;-3.004.116.918.376.270;-5.114.876.055.491.890;10.0
Jardim Sabar√°//school_19;-3.003.943.911.991.250;-51.146.757.429.472.900;10.0
Jardim Sabar√°//home_20;-30.033.851.153.773.400;-5.114.345.602.884.500;10.0
Jardim Sabar√°//work_20;-3.003.353.273.236.660;-5.114.318.671.917.450;10.0
Jardim Sabar√°//school_20;-30.033.073.464.455.500;-51.142.848.476.923.600;10.0
Jardim Sabar√°//home_21;-30.027.858.773.944.800;-5.114.715.910.221.630;10.0
Jardim Sabar√°//work_21;-30.028.052.857.076.800;-5.114.592.700.639.490;10.0
Jardim Sabar√°//school_21;-30.028.300.255.065.600;-5.114.531.431.265.660;10.0
Jardim Sabar√°//home_22;-30.035.024.535.016.300;-5.114.814.076.931.700;10.0
Jardim Sabar√°//work_22;-30.036.858.579.957.600;-5.114.546.853.815.880;10.0
Jardim Sabar√°//school_22;-3.003.610.672.050.530;-5.114.609.502.154.570;10.0
Jardim Sabar√°//home_23;-30.035.713.811.481.500;-5.114.630.656.376.590;10.0
Jardim Sabar√°//work_23;-300.362.254.084.848;-51.147.392.665.802.600;10.0
Jardim Sabar√°//school_23;-3.003.632.978.504.080;-511.466.290.946.262;10.0
Jardim S√£o Pedro//home_0;-30.002.572.183.606.200;-5.116.753.232.881.970;5.3
Jardim S√£o Pedro//work_0;-30.000.154.140.699.800;-5.116.783.293.338.200;5.7
Jardim S√£o Pedro//school_0;-300.013.014.797.186;-5.117.096.421.431.390;5.3
Jardim S√£o Pedro//home_1;-30.004.669.750.036.900;-5.116.766.045.075.640;8.2
Jardim S√£o Pedro//work_1;-30.004.533.851.944.300;-5.116.542.243.840.230;10.0
Jardim S√£o Pedro//school_1;-30.005.510.678.861.600;-5.116.563.772.711.020;10.0
Jardim S√£o Pedro//home_2;-3.000.273.916.605.720;-51.164.974.100.617;8.5
Jardim S√£o Pedro//work_2;-30.002.200.455.033.600;-5.116.424.771.098.580;8.7
Jardim S√£o Pedro//school_2;-3.000.527.761.953.450;-5.116.366.854.834.730;10.0
Jardim S√£o Pedro//home_3;-30.005.994.374.862.500;-5.116.464.134.649.150;10.0
Jardim S√£o Pedro//work_3;-30.007.892.089.558.400;-51.162.916.078.719.700;10.0
Jardim S√£o Pedro//school_3;-30.007.664.004.353.800;-5.116.568.317.369.800;10.0
Jardim S√£o Pedro//home_4;-30.008.605.227.919.100;-5.116.440.680.275.300;10.0
Jardim S√£o Pedro//work_4;-30.007.416.971.993.700;-5.116.609.991.535.650;10.0
Jardim S√£o Pedro//school_4;-30.008.743.859.920.000;-51.163.726.516.806.100;10.0
Jardim S√£o Pedro//home_5;-30.009.590.977.279.500;-5.116.424.167.579.500;10.0
Jardim S√£o Pedro//work_5;-3.000.939.465.633.940;-5.116.466.596.412.480;10.0
Jardim S√£o Pedro//school_5;-3.000.952.063.350.730;-5.116.448.385.826.550;10.0
Jardim S√£o Pedro//home_6;-30.011.385.981.627.100;-5.116.573.201.242.000;10.0
Jardim S√£o Pedro//work_6;-30.010.809.213.030.800;-5.116.264.130.582.320;10.0
Jardim S√£o Pedro//school_6;-30.010.431.079.268.500;-51.164.794.651.281.700;10.0
Lageado//home_0;-3.018.432.894.075.010;-5.113.300.478.290.720;10.0
Lageado//work_0;-30.186.778.098.984.300;-51.131.434.878.335.800;10.0
Lageado//school_0;-3.018.488.758.817.420;-511.364.868.992.839;10.0
Lageado//home_1;-30.190.061.891.201.800;-5.109.615.576.457.220;10.0
Lageado//work_1;-30.199.126.040.461.400;-5.110.901.551.317.410;10.0
Lageado//school_1;-30.192.566.987.805.700;-51.116.779.322.449.700;10.0
Lageado//home_2;-3.020.277.613.661.060;-51.135.744.083.280.200;10.0
Lageado//work_2;-30.202.963.987.572.400;-5.113.688.137.181.390;10.0
Lageado//school_2;-30.203.647.890.265.500;-5.113.812.967.099;10.0
Lageado//home_3;-30.207.521.078.957.200;-5.114.609.120.801.410;10.0
Lageado//work_3;-3.020.831.465.845.980;-5.115.548.355.837.650;10.0
Lageado//school_3;-30.208.218.683.228.300;-511.587.793.268.462;10.0
Lageado//home_4;-30.205.657.552.977.400;-5.115.159.952.717.120;10.0
Lageado//work_4;-3.020.363.900.639.750;-51.159.474.525.214;10.0
Lageado//school_4;-30.197.465.475.637.400;-5.113.965.518.076.290;10.0
Lageado//home_5;-3.018.973.844.475.930;-5.114.329.718.402.850;10.0
Lageado//work_5;-30.191.880.167.535.700;-5.114.532.591.716.720;10.0
Lageado//school_5;-30.189.207.400.263.400;-5.113.722.262.440.780;10.0
Lageado//home_6;-30.195.711.683.570.200;-5.112.903.986.666.910;10.0
Lageado//work_6;-30.202.259.568.872.900;-511.355.967.571.979;10.0
Lageado//school_6;-3.019.677.979.487.630;-5.113.035.932.613.400;10.0
Lageado//home_7;-30.174.883.666.471;-51.128.602.349.729.400;10.0
Lageado//work_7;-30.176.080.839.002.200;-5.113.419.477.057.060;10.0
Lageado//school_7;-3.017.521.304.654.200;-5.113.421.797.365.500;10.0
Lageado//home_8;-3.017.165.672.248.330;-5.110.037.119.835.840;10.0
Lageado//work_8;-30.170.560.741.628.100;-5.111.168.381.340.210;10.0
Lageado//school_8;-30.183.437.411.303.000;-51.117.175.554.249.600;10.0
Lami//home_0;-3.024.239.382.877.080;-5.111.588.588.386.100;3.0
Lami//work_0;-30.236.187.650.695.700;-51.114.053.635.641.900;3.0
Lami//school_0;-30.230.295.775.725.200;-51.112.307.203.090.900;5.0
Lami//home_1;-30.238.639.766.127.200;-51.090.812.764.562.300;3.3
Lami//work_1;-30.239.091.092.197.700;-5.109.180.477.389.830;3.0
Lami//school_1;-30.238.646.055.875.200;-5.109.192.776.465.430;3.0
Lami//home_2;-3.024.262.441.532.660;-51.080.248.767.558.300;3.0
Lami//work_2;-30.242.357.721.191.700;-5.108.127.353.040.060;3.0
Lami//school_2;-3.024.099.363.833.570;-5.108.610.709.186.110;3.0
Lami//home_3;-30.228.303.869.848.800;-5.108.598.775.532.640;4.4
Lami//work_3;-30.224.488.590.943.400;-5.108.351.780.707.030;7.0
Lami//school_3;-30.226.576.040.187.700;-5.107.909.227.484.480;7.0
Lami//home_4;-30.237.146.269.422.400;-510.851.443.506.799;3.0
Lami//work_4;-30.236.059.374.499.300;-5.108.555.359.791.820;3.6
Lami//school_4;-3.023.826.636.237.560;-5.108.495.969.030.650;3.6
Lami//home_5;-30.217.141.636.744.700;-5.108.978.271.469.090;9.8
Lami//work_5;-30.213.314.179.071.700;-51.088.155.459.106.300;9.8
Lami//school_5;-30.213.852.962.458.000;-5.109.519.445.781.850;9.8
Lami//home_6;-3.023.530.142.744.510;-5.109.115.013.463.900;3.0
Lami//work_6;-30.235.137.184.494.600;-5.109.170.845.416.200;3.9
Lami//school_6;-3.023.574.839.362.100;-5.109.263.984.605.360;3.0
Lami//home_7;-30.229.688.836.440.200;-5.109.636.380.089.510;6.2
Lami//work_7;-3.022.497.589.294.260;-51.095.455.094.172.100;7.3
Lami//school_7;-30.232.451.273.017.500;-51.095.790.129.916.000;5.6
Lami//home_8;-30.253.892.511.920.000;-51.060.439.581.945.000;3.0
Lami//work_8;-30.253.573.106.568.400;-5.105.777.390.542.870;3.0
Lami//school_8;-30.243.905.723.057.800;-5.106.891.958.413.330;3.0
Lami//home_9;-30.239.853.587.092.500;-510.817.415.201.986;3.6
Lami//work_9;-30.233.537.070.764.100;-5.106.742.672.967.270;4.2
Lami//school_9;-30.233.531.372.525.400;-51.071.768.952.539.900;4.1
Lami//home_10;-3.023.670.737.540.570;-5.110.030.773.178.810;3.0
Lami//work_10;-30.256.087.775.346.300;-5.110.156.189.735.050;3.0
Lami//school_10;-30.232.320.105.158.500;-511.014.777.615.687;3.9
Lami//home_11;-30.213.831.081.223.300;-5.110.117.429.045.610;9.1
Lami//work_11;-3.021.277.512.606.580;-5.109.702.459.039.320;8.9
Lami//school_11;-30.210.334.554.625.200;-5.109.442.639.019.540;10.0
Lomba do Pinheiro//home_0;-3.007.703.346.428.070;-5.112.749.659.138.970;10.0
Lomba do Pinheiro//work_0;-30.078.037.420.307.100;-5.112.292.152.537.800;10.0
Lomba do Pinheiro//school_0;-3.008.226.869.693.710;-51.121.311.079.379.400;10.0
Lomba do Pinheiro//home_1;-3.008.169.312.320.080;-5.111.516.779.338.780;10.0
Lomba do Pinheiro//work_1;-30.081.598.655.531.100;-51.114.457.487.269.000;10.0
Lomba do Pinheiro//school_1;-30.083.382.642.807.000;-51.117.079.252.003.500;10.0
Lomba do Pinheiro//home_2;-30.087.800.606.385.500;-5.111.775.645.988.350;10.0
Lomba do Pinheiro//work_2;-30.083.496.318.134.500;-5.111.672.538.914.720;10.0
Lomba do Pinheiro//school_2;-30.083.693.680.121.900;-5.112.026.577.798.620;10.0
Lomba do Pinheiro//home_3;-30.085.902.016.044.500;-5.111.435.809.870.740;10.0
Lomba do Pinheiro//work_3;-30.091.092.654.618.300;-5.112.120.026.848.890;10.0
Lomba do Pinheiro//school_3;-30.088.305.808.516.100;-51.118.140.641.344.700;10.0
Lomba do Pinheiro//home_4;-3.008.817.599.195.750;-5.112.248.270.028.460;10.0
Lomba do Pinheiro//work_4;-30.089.503.126.825.600;-5.112.413.218.705.770;10.0
Lomba do Pinheiro//school_4;-30.088.930.332.714.300;-5.112.309.202.410.810;10.0
Lomba do Pinheiro//home_5;-3.008.993.056.381.320;-5.112.565.451.847.940;10.0
Lomba do Pinheiro//work_5;-300.906.574.884.858;-5.112.506.569.915.330;10.0
Lomba do Pinheiro//school_5;-3.008.847.339.220.650;-51.126.161.330.502.700;10.0
Lomba do Pinheiro//home_6;-30.087.777.501.847.800;-5.112.435.838.107.670;10.0
Lomba do Pinheiro//work_6;-30.088.281.261.452.900;-5.112.369.870.128.690;10.0
Lomba do Pinheiro//school_6;-30.087.754.388.532.600;-5.112.306.924.411.970;10.0
Lomba do Pinheiro//home_7;-30.089.791.782.881.500;-5.112.827.810.988.160;10.0
Lomba do Pinheiro//work_7;-30.088.532.685.899.800;-51.127.440.318.942.700;10.0
Lomba do Pinheiro//school_7;-3.008.901.869.506.480;-5.113.142.982.586.290;10.0
Lomba do Pinheiro//home_8;-3.008.570.244.694.780;-5.112.473.238.280.740;10.0
Lomba do Pinheiro//work_8;-30.082.951.449.026.000;-5.112.375.422.154.040;10.0
Lomba do Pinheiro//school_8;-30.082.010.842.706.600;-5.112.487.219.651.420;10.0
Lomba do Pinheiro//home_9;-30.082.940.202.057.500;-51.131.578.791.055.500;10.0
Lomba do Pinheiro//work_9;-30.084.764.709.013.700;-5.112.913.413.204.420;10.0
Lomba do Pinheiro//school_9;-3.008.548.184.774.560;-5.112.706.631.997.960;10.0
Lomba do Pinheiro//home_10;-30.079.487.447.669.300;-5.113.060.563.059.770;10.0
Lomba do Pinheiro//work_10;-30.078.682.854.020.500;-51.127.511.772.726.800;10.0
Lomba do Pinheiro//school_10;-3.008.122.559.848.460;-511.300.788.092.291;10.0
Lomba do Pinheiro//home_11;-30.088.450.671.000.900;-5.114.212.413.783.580;10.0
Lomba do Pinheiro//work_11;-30.086.861.472.735;-51.137.374.839.296.900;10.0
Lomba do Pinheiro//school_11;-30.091.470.249.917.300;-5.114.071.075.716.820;10.0
Lomba do Pinheiro//home_12;-3.009.464.101.062.700;-51.152.165.606.944.400;10.0
Lomba do Pinheiro//work_12;-3.009.811.951.299.490;-51.146.478.740.208.700;10.0
Lomba do Pinheiro//school_12;-3.010.231.745.206.820;-511.477.036.774.118;10.0
Lomba do Pinheiro//home_13;-30.099.761.726.475.600;-511.428.991.959.888;10.0
Lomba do Pinheiro//work_13;-30.099.675.491.448.200;-5.114.438.988.102.420;10.0
Lomba do Pinheiro//school_13;-3.009.596.567.497.890;-5.114.172.281.891.100;10.0
Lomba do Pinheiro//home_14;-30.094.642.000.820.800;-51.136.750.120.817.800;10.0
Lomba do Pinheiro//work_14;-30.094.896.073.216.300;-5.113.495.105.008.090;10.0
Lomba do Pinheiro//school_14;-30.097.566.442.804.900;-5.114.106.476.004.380;10.0
Lomba do Pinheiro//home_15;-3.009.303.537.114.180;-5.113.297.999.677.940;10.0
Lomba do Pinheiro//work_15;-30.094.577.985.163.500;-5.113.317.525.283.130;10.0
Lomba do Pinheiro//school_15;-3.009.312.079.446.880;-5.113.324.030.362.790;10.0
Lomba do Pinheiro//home_16;-3.009.674.699.396.420;-5.113.438.796.597.390;10.0
Lomba do Pinheiro//work_16;-30.096.092.817.367.300;-5.113.352.185.775.840;10.0
Lomba do Pinheiro//school_16;-3.009.539.463.479.780;-5.113.400.718.397.300;10.0
Lomba do Pinheiro//home_17;-30.098.705.742.761.800;-51.130.044.310.155.000;10.0
Lomba do Pinheiro//work_17;-3.009.831.554.834.150;-5.113.180.716.532.200;10.0
Lomba do Pinheiro//school_17;-30.099.130.589.763.700;-51.128.824.972.893.200;10.0
Lomba do Pinheiro//home_18;-3.009.729.032.620.740;-5.113.468.446.867.170;10.0
Lomba do Pinheiro//work_18;-30.099.502.779.595.900;-5.113.532.993.483.490;10.0
Lomba do Pinheiro//school_18;-30.098.419.962.254.400;-51.134.411.464.393.900;10.0
Lomba do Pinheiro//home_19;-30.098.811.435.733.200;-5.113.589.896.259.070;10.0
Lomba do Pinheiro//work_19;-3.009.844.206.764.540;-51.136.326.070.426.500;10.0
Lomba do Pinheiro//school_19;-30.097.566.334.893.600;-5.113.564.037.773.840;10.0
Lomba do Pinheiro//home_20;-3.010.411.269.549.540;-511.344.219.629.244;10.0
Lomba do Pinheiro//work_20;-30.099.528.846.901.700;-5.113.549.797.396.700;10.0
Lomba do Pinheiro//school_20;-3.010.474.774.084.610;-51.134.587.640.962.800;10.0
Lomba do Pinheiro//home_21;-3.010.490.788.441.950;-51.143.291.485.191.200;10.0
Lomba do Pinheiro//work_21;-30.103.606.318.244.900;-51.141.145.202.215.200;10.0
Lomba do Pinheiro//school_21;-30.102.278.178.787.400;-5.114.030.020.789.000;10.0
Lomba do Pinheiro//home_22;-30.111.788.079.309.400;-5.114.172.203.615.740;10.0
Lomba do Pinheiro//work_22;-3.010.503.562.652.080;-51.140.690.013.378.300;10.0
Lomba do Pinheiro//school_22;-30.106.809.911.618.900;-5.114.010.701.323.020;10.0
Lomba do Pinheiro//home_23;-3.010.682.815.944.600;-51.131.105.961.047.000;10.0
Lomba do Pinheiro//work_23;-30.108.010.513.693.700;-511.290.989.238.598;10.0
Lomba do Pinheiro//school_23;-30.106.755.696.336.300;-5.113.153.551.944.890;10.0
Lomba do Pinheiro//home_24;-3.009.086.012.321.130;-511.152.894.881.486;10.0
Lomba do Pinheiro//work_24;-30.096.253.589.614.200;-5.111.731.494.469.770;10.0
Lomba do Pinheiro//school_24;-30.092.211.892.483.100;-511.165.550.743.793;10.0
Lomba do Pinheiro//home_25;-30.104.008.990.291.600;-51.119.095.517.791.600;10.0
Lomba do Pinheiro//work_25;-3.010.082.483.114.700;-51.121.058.191.378.800;10.0
Lomba do Pinheiro//school_25;-30.101.633.096.516.000;-51.120.296.715.546.800;10.0
Lomba do Pinheiro//home_26;-30.103.673.286.795.000;-5.111.629.015.082.790;10.0
Lomba do Pinheiro//work_26;-30.104.128.880.287.200;-51.116.126.164.567.800;10.0
Lomba do Pinheiro//school_26;-30.103.806.553.379.900;-51.117.573.639.247.300;10.0
Lomba do Pinheiro//home_27;-3.010.627.542.901.980;-51.118.734.399.150.900;10.0
Lomba do Pinheiro//work_27;-30.109.554.742.884.200;-5.112.298.584.547.580;10.0
Lomba do Pinheiro//school_27;-3.010.811.702.450.890;-5.112.137.757.147.480;10.0
Lomba do Pinheiro//home_28;-30.105.338.089.330.000;-511.124.099.419.707;10.0
Lomba do Pinheiro//work_28;-30.107.153.769.005.600;-51.112.871.597.352.500;10.0
Lomba do Pinheiro//school_28;-30.106.621.979.185.300;-5.111.240.108.767.290;10.0
Lomba do Pinheiro//home_29;-3.011.076.399.317.760;-5.111.464.538.797.370;10.0
Lomba do Pinheiro//work_29;-3.010.973.289.326.760;-5.111.221.508.126.250;10.0
Lomba do Pinheiro//school_29;-30.112.563.541.658.900;-511.166.265.658.248;10.0
Lomba do Pinheiro//home_30;-3.011.048.075.876.910;-51.107.767.523.416.300;10.0
Lomba do Pinheiro//work_30;-30.109.205.243.782.100;-51.106.916.441.246;10.0
Lomba do Pinheiro//school_30;-30.106.442.535.437.600;-5.111.018.084.226.110;10.0
Lomba do Pinheiro//home_31;-3.010.588.677.103.060;-5.110.758.281.305.600;10.0
Lomba do Pinheiro//work_31;-30.106.257.618.463.500;-5.111.075.274.733.610;10.0
Lomba do Pinheiro//school_31;-30.106.164.143.162.000;-5.110.753.542.730.570;10.0
Lomba do Pinheiro//home_32;-3.010.873.185.735.350;-5.110.613.409.846.280;10.0
Lomba do Pinheiro//work_32;-30.108.533.226.900.700;-5.110.706.750.790.370;10.0
Lomba do Pinheiro//school_32;-30.108.618.338.261.300;-51.106.118.147.376.100;10.0
Lomba do Pinheiro//home_33;-30.109.317.252.054.000;-5.110.610.610.366.790;10.0
Lomba do Pinheiro//work_33;-30.110.301.361.199.100;-5.110.575.101.921.930;10.0
Lomba do Pinheiro//school_33;-30.108.394.449.787.900;-51.103.616.256.116.500;10.0
Lomba do Pinheiro//home_34;-30.112.185.264.387.600;-5.110.521.331.777.700;10.0
Lomba do Pinheiro//work_34;-30.112.237.040.150.000;-51.105.536.414.743.600;10.0
Lomba do Pinheiro//school_34;-3.011.471.256.454.530;-5.110.737.658.356.920;10.0
Lomba do Pinheiro//home_35;-30.113.612.367.415.000;-5.110.423.168.886.960;10.0
Lomba do Pinheiro//work_35;-3.011.216.851.030.930;-5.110.272.548.339.750;10.0
Lomba do Pinheiro//school_35;-3.011.395.701.973.770;-5.110.316.784.384.130;10.0
Lomba do Pinheiro//home_36;-30.111.160.562.073.700;-5.110.126.875.950.210;10.0
Lomba do Pinheiro//work_36;-30.113.790.202.894.900;-5.110.099.608.564.210;10.0
Lomba do Pinheiro//school_36;-30.110.503.122.911.800;-5.110.192.317.105.280;10.0
Lomba do Pinheiro//home_37;-30.115.763.148.244.000;-5.110.599.302.479.870;10.0
Lomba do Pinheiro//work_37;-30.116.406.507.480.700;-5.110.536.728.132.320;10.0
Lomba do Pinheiro//school_37;-3.011.542.815.425.130;-51.103.850.670.405.200;10.0
Lomba do Pinheiro//home_38;-30.121.971.874.909.700;-5.110.916.098.657.560;10.0
Lomba do Pinheiro//work_38;-30.125.923.011.243.500;-51.105.673.636.218.800;10.0
Lomba do Pinheiro//school_38;-30.119.275.560.963.400;-5.110.973.842.424.940;10.0
Lomba do Pinheiro//home_39;-30.119.581.654.899.700;-5.110.742.171.541.550;10.0
Lomba do Pinheiro//work_39;-30.119.489.564.958.800;-51.107.420.958.782.300;10.0
Lomba do Pinheiro//school_39;-30.120.242.142.958.100;-51.105.874.409.248.300;10.0
Lomba do Pinheiro//home_40;-30.116.710.134.594.300;-5.110.539.092.917.660;10.0
Lomba do Pinheiro//work_40;-30.117.124.175.752.700;-5.110.213.611.230.020;10.0
Lomba do Pinheiro//school_40;-30.116.951.653.989.500;-51.105.594.169.299.400;10.0
Lomba do Pinheiro//home_41;-3.011.833.071.092.580;-5.109.847.583.579.010;10.0
Lomba do Pinheiro//work_41;-30.119.298.262.038.500;-5.109.865.174.922.330;10.0
Lomba do Pinheiro//school_41;-3.011.840.138.475.930;-5.110.077.978.986.810;10.0
Lomba do Pinheiro//home_42;-30.116.666.676.095.000;-5.110.106.518.083.290;10.0
Lomba do Pinheiro//work_42;-301.166.839.541.402;-5.109.951.283.951.200;10.0
Lomba do Pinheiro//school_42;-3.011.626.101.633.790;-5.109.953.467.676.020;10.0
Lomba do Pinheiro//home_43;-30.117.641.714.485.400;-5.109.671.372.742.090;10.0
Lomba do Pinheiro//work_43;-30.118.884.904.114.200;-51.097.597.865.837.200;10.0
Lomba do Pinheiro//school_43;-3.011.783.187.542.070;-5.109.790.072.954.810;10.0
Lomba do Pinheiro//home_44;-3.011.989.065.861.710;-5.109.549.400.787.730;10.0
Lomba do Pinheiro//work_44;-30.119.945.585.302.100;-5.109.704.028.204.110;10.0
Lomba do Pinheiro//school_44;-30.119.545.550.216.600;-5.109.701.676.091.300;10.0
Lomba do Pinheiro//home_45;-30.125.256.840.320.900;-5.109.866.180.681.810;10.0
Lomba do Pinheiro//work_45;-30.122.450.036.868.700;-5.109.900.941.896.930;10.0
Lomba do Pinheiro//school_45;-30.121.722.225.794.400;-5.110.007.891.964.980;10.0
Lomba do Pinheiro//home_46;-30.120.217.848.777.800;-5.109.976.071.346.590;10.0
Lomba do Pinheiro//work_46;-30.119.967.901.395.900;-5.110.157.764.239.770;10.0
Lomba do Pinheiro//school_46;-30.120.614.265.194.500;-51.099.499.518.800.700;10.0
Lomba do Pinheiro//home_47;-30.122.893.030.903.700;-5.110.418.605.935.000;10.0
Lomba do Pinheiro//work_47;-3.012.321.015.324.310;-511.039.756.929.985;10.0
Lomba do Pinheiro//school_47;-3.012.201.567.613.100;-511.043.179.003.212;10.0
Lomba do Pinheiro//home_48;-30.121.749.531.493.300;-5.110.806.533.914.930;10.0
Lomba do Pinheiro//work_48;-3.012.434.377.889.380;-5.110.734.101.199.140;10.0
Lomba do Pinheiro//school_48;-30.121.360.176.115.100;-5.110.722.245.193.280;10.0
Lomba do Pinheiro//home_49;-30.129.095.370.898;-5.110.582.823.059.230;10.0
Lomba do Pinheiro//work_49;-30.129.795.671.843.800;-511.084.002.574.786;10.0
Lomba do Pinheiro//school_49;-3.013.228.744.148.010;-5.109.803.931.390.180;10.0
Lomba do Pinheiro//home_50;-301.259.053.118.434;-5.111.136.257.398.070;10.0
Lomba do Pinheiro//work_50;-30.126.759.844.618.400;-51.110.247.329.501.900;10.0
Lomba do Pinheiro//school_50;-30.125.535.476.266.300;-51.113.426.482.749.200;10.0
Lomba do Pinheiro//home_51;-30.123.901.313.292.800;-5.110.866.364.565.280;10.0
Lomba do Pinheiro//work_51;-3.012.745.456.149.010;-5.110.739.650.337.250;10.0
Lomba do Pinheiro//school_51;-30.123.123.260.114.700;-5.110.957.895.776.840;10.0
Lomba do Pinheiro//home_52;-3.012.311.827.865.780;-5.109.786.259.590.470;10.0
Lomba do Pinheiro//work_52;-30.126.616.240.141.800;-5.109.822.845.528.080;10.0
Lomba do Pinheiro//school_52;-301.215.525.489.101;-51.096.052.751.762.500;10.0
Lomba do Pinheiro//home_53;-30.094.552.753.046.200;-51.129.590.808.635.700;10.0
Lomba do Pinheiro//work_53;-30.094.620.823.918.600;-51.129.887.296.059.500;10.0
Lomba do Pinheiro//school_53;-30.095.519.425.589.800;-5.113.150.209.331.770;10.0
Lomba do Pinheiro//home_54;-30.100.207.802.529.000;-51.133.485.502.581.000;10.0
Lomba do Pinheiro//work_54;-30.098.799.963.439.200;-51.133.046.441.434.600;10.0
Lomba do Pinheiro//school_54;-30.099.928.201.943.100;-5.113.321.654.963.950;10.0
Lomba do Pinheiro//home_55;-30.109.233.296.830.800;-51.141.544.378.121.000;10.0
Lomba do Pinheiro//work_55;-30.108.478.049.175.400;-5.114.183.319.089.690;10.0
Lomba do Pinheiro//school_55;-30.111.421.718.317.300;-5.114.268.824.289.040;10.0
Lomba do Pinheiro//home_56;-30.099.209.368.437.600;-5.113.765.578.640.100;10.0
Lomba do Pinheiro//work_56;-30.099.686.606.742.300;-5.113.817.941.595.400;10.0
Lomba do Pinheiro//school_56;-30.099.760.864.813.100;-5.113.751.369.153.920;10.0
Lomba do Pinheiro//home_57;-301.169.289.587.632;-51.108.505.629.242.600;10.0
Lomba do Pinheiro//work_57;-30.116.359.131.052.600;-51.108.327.797.874.000;10.0
Lomba do Pinheiro//school_57;-30.116.935.199.708.400;-5.110.743.706.763.940;10.0
Lomba do Pinheiro//home_58;-30.119.336.120.315.400;-5.110.505.480.688.930;10.0
Lomba do Pinheiro//work_58;-30.121.234.892.372.200;-5.110.470.740.843.100;10.0
Lomba do Pinheiro//school_58;-301.208.528.452.927;-51.105.108.727.342.100;10.0
Lomba do Pinheiro//home_59;-30.102.767.770.462.300;-5.113.838.158.415.170;10.0
Lomba do Pinheiro//work_59;-30.101.713.449.008.800;-51.139.684.372.017.200;10.0
Lomba do Pinheiro//school_59;-30.104.262.740.002.000;-5.113.729.658.427.220;10.0
Lomba do Pinheiro//home_60;-3.008.742.576.953.060;-5.112.004.660.729.640;10.0
Lomba do Pinheiro//work_60;-30.087.608.600.248.200;-5.111.946.543.675.310;10.0
Lomba do Pinheiro//school_60;-30.087.613.118.274.600;-5.111.882.728.708.720;10.0
Lomba do Pinheiro//home_61;-30.085.111.282.292.900;-51.130.994.347.715.900;10.0
Lomba do Pinheiro//work_61;-3.008.736.664.958.630;-51.131.165.646.790.000;10.0
Lomba do Pinheiro//school_61;-30.086.556.236.639.600;-5.112.873.976.809.880;10.0
Lomba do Pinheiro//home_62;-30.086.489.328.487.900;-51.124.909.637.286.400;10.0
Lomba do Pinheiro//work_62;-30.088.420.220.064.100;-5.112.493.741.660.690;10.0
Lomba do Pinheiro//school_62;-30.087.625.789.908.100;-51.124.842.109.989.400;10.0
Lomba do Pinheiro//home_63;-3.011.140.175.455.170;-5.111.186.661.093.250;10.0
Lomba do Pinheiro//work_63;-3.011.092.209.359.070;-51.110.602.740.792.600;10.0
Lomba do Pinheiro//school_63;-3.011.029.777.938.480;-51.111.750.415.995.000;10.0
Lomba do Pinheiro//home_64;-3.012.465.744.231.530;-5.109.953.059.295.660;10.0
Lomba do Pinheiro//work_64;-30.123.062.882.607.500;-5.110.356.713.013.090;10.0
Lomba do Pinheiro//school_64;-30.125.681.202.512.000;-51.101.287.289.020.500;10.0
Lomba do Pinheiro//home_65;-3.012.442.326.090.160;-5.110.173.985.361.270;10.0
Lomba do Pinheiro//work_65;-30.123.838.883.121.100;-51.100.288.248.991.400;10.0
Lomba do Pinheiro//school_65;-3.012.437.131.067.770;-511.019.967.290.278;10.0
Lomba do Pinheiro//home_66;-30.116.696.959.090.700;-5.112.950.938.372.520;10.0
Lomba do Pinheiro//work_66;-30.111.674.930.994.600;-51.138.917.034.492.400;10.0
Lomba do Pinheiro//school_66;-30.114.982.419.237.000;-51.136.081.428.532.800;10.0
Lomba do Pinheiro//home_67;-301.043.510.478.339;-5.112.547.097.460.260;10.0
Lomba do Pinheiro//work_67;-3.010.617.596.978.780;-5.112.548.576.823.430;10.0
Lomba do Pinheiro//school_67;-3.010.359.324.814.140;-5.112.563.189.713.560;10.0
Lomba do Pinheiro//home_68;-30.105.457.784.193.100;-5.112.361.859.824.720;10.0
Lomba do Pinheiro//work_68;-30.106.472.387.163.900;-51.123.058.491.040.100;10.0
Lomba do Pinheiro//school_68;-30.105.283.915.100.800;-5.112.242.133.771.050;10.0
Lomba do Pinheiro//home_69;-30.136.244.318.475.400;-5.109.636.503.833.220;10.0
Lomba do Pinheiro//work_69;-3.013.646.232.318.240;-5.109.648.699.578.680;10.0
Lomba do Pinheiro//school_69;-30.137.151.043.901.400;-5.109.671.840.357.940;10.0
Lomba do Pinheiro//home_70;-301.327.150.177.962;-5.113.644.883.787.960;10.0
Lomba do Pinheiro//work_70;-30.121.611.840.042.600;-5.114.059.643.959.540;10.0
Lomba do Pinheiro//school_70;-30.123.145.577.291.100;-5.113.156.325.851.680;10.0
Lomba do Pinheiro//home_71;-30.178.007.595.993.800;-5.107.919.327.665.040;10.0
Lomba do Pinheiro//work_71;-30.168.632.457.920.600;-5.107.781.515.208.650;10.0
Lomba do Pinheiro//school_71;-30.175.740.456.127.800;-51.078.203.241.463.600;10.0
Lomba do Pinheiro//home_72;-30.094.175.004.600.900;-51.128.045.494.556.100;10.0
Lomba do Pinheiro//work_72;-3.009.407.561.010.090;-5.112.762.044.645.690;10.0
Lomba do Pinheiro//school_72;-30.094.033.260.170.600;-51.127.342.246.235.200;10.0
Lomba do Pinheiro//home_73;-30.092.861.374.901.500;-5.112.609.166.916.850;10.0
Lomba do Pinheiro//work_73;-30.092.061.382.536.500;-51.129.058.760.586.300;10.0
Lomba do Pinheiro//school_73;-30.092.977.533.065.800;-5.112.998.384.564.760;10.0
Lomba do Pinheiro//home_74;-30.142.818.418.246.500;-5.109.115.477.572.890;10.0
Lomba do Pinheiro//work_74;-30.141.927.851.896.000;-5.109.034.363.636.420;10.0
Lomba do Pinheiro//school_74;-30.142.303.880.331.200;-5.109.188.451.978.650;10.0
Lomba do Pinheiro//home_75;-3.015.271.082.280.020;-5.109.088.895.444.940;10.0
Lomba do Pinheiro//work_75;-30.142.081.225.270.300;-5.109.391.115.600.100;10.0
Lomba do Pinheiro//school_75;-30.142.641.684.059.200;-5.109.486.402.551.210;10.0
Lomba do Pinheiro//home_76;-30.135.414.893.958.000;-5.111.754.733.975.300;10.0
Lomba do Pinheiro//work_76;-3.013.048.330.045.450;-51.121.574.162.325.000;10.0
Lomba do Pinheiro//school_76;-3.013.514.956.245.130;-5.112.337.406.281.110;10.0
Lomba do Pinheiro//home_77;-301.143.900.261.993;-5.111.155.479.733.510;10.0
Lomba do Pinheiro//work_77;-30.113.580.314.057.400;-5.111.162.047.735.400;10.0
Lomba do Pinheiro//school_77;-3.011.233.290.368.930;-51.111.525.485.206.600;10.0
Lomba do Pinheiro//home_78;-3.011.573.992.809.610;-5.111.011.360.765.590;10.0
Lomba do Pinheiro//work_78;-30.115.044.516.206.700;-5.111.119.281.474.560;10.0
Lomba do Pinheiro//school_78;-30.115.160.828.712.500;-51.109.459.646.416.000;10.0
Lomba do Pinheiro//home_79;-30.114.845.698.842.500;-5.111.259.636.571.250;10.0
Lomba do Pinheiro//work_79;-30.116.079.660.192.100;-5.111.267.447.673.390;10.0
Lomba do Pinheiro//school_79;-3.011.648.836.526.560;-5.111.394.248.564.790;10.0
Lomba do Pinheiro//home_80;-30.116.131.859.139.400;-5.111.190.543.586.710;10.0
Lomba do Pinheiro//work_80;-3.011.735.535.019.000;-51.110.901.825.057.200;10.0
Lomba do Pinheiro//school_80;-3.011.567.731.679.270;-51.111.164.065.905.800;10.0
Lomba do Pinheiro//home_81;-30.097.038.806.037.400;-5.112.750.210.643.320;10.0
Lomba do Pinheiro//work_81;-30.097.056.801.399.400;-5.112.977.191.139.050;10.0
Lomba do Pinheiro//school_81;-30.097.025.958.900.500;-5.113.025.784.632.660;10.0
Lomba do Pinheiro//home_82;-3.009.790.308.260.290;-5.112.786.817.596.380;10.0
Lomba do Pinheiro//work_82;-30.098.352.153.041.300;-5.112.705.091.690.360;10.0
Lomba do Pinheiro//school_82;-3.009.813.683.127.450;-5.113.046.969.799.900;10.0
Lomba do Pinheiro//home_83;-30.169.416.209.272.000;-51.081.437.122.822.000;10.0
Lomba do Pinheiro//work_83;-30.175.392.369.124.900;-51.086.103.364.610.900;10.0
Lomba do Pinheiro//school_83;-30.165.418.620.477.800;-5.108.437.606.977.490;10.0
Lomba do Pinheiro//home_84;-30.076.890.076.349.300;-511.353.207.629.858;10.0
Lomba do Pinheiro//work_84;-30.083.931.560.240.600;-5.113.496.384.676.370;10.0
Lomba do Pinheiro//school_84;-30.076.032.450.559.300;-5.113.535.539.524.580;10.0
M√°rio Quintana//home_0;-3.004.221.700.329.290;-5.110.667.052.226.240;10.0
M√°rio Quintana//work_0;-30.041.983.097.807.700;-5.110.624.765.038.080;10.0
M√°rio Quintana//school_0;-3.004.255.507.453.570;-5.110.685.743.229.510;10.0
M√°rio Quintana//home_1;-30.043.462.043.728.300;-5.110.596.413.997.150;10.0
M√°rio Quintana//work_1;-30.044.986.941.742.600;-5.110.632.130.978.960;10.0
M√°rio Quintana//school_1;-30.044.482.593.187.000;-5.110.613.111.034.220;10.0
M√°rio Quintana//home_2;-3.004.732.101.217.960;-5.110.640.261.530.760;10.0
M√°rio Quintana//work_2;-30.046.385.831.703.400;-51.106.943.564.434.600;10.0
M√°rio Quintana//school_2;-3.004.599.908.993.850;-51.107.082.905.551.800;10.0
M√°rio Quintana//home_3;-30.026.962.461.028.000;-5.109.913.297.740.100;10.0
M√°rio Quintana//work_3;-3.002.636.649.855.800;-5.109.970.202.048.970;10.0
M√°rio Quintana//school_3;-3.002.715.517.704.390;-5.110.110.376.018.030;10.0
M√°rio Quintana//home_4;-3.002.663.864.675.080;-5.110.144.663.129.400;10.0
M√°rio Quintana//work_4;-30.026.893.085.705.400;-51.103.414.475.609.700;10.0
M√°rio Quintana//school_4;-3.002.660.414.939.100;-51.102.613.948.508.400;10.0
M√°rio Quintana//home_5;-30.022.444.593.491.400;-5.109.549.303.828.540;10.0
M√°rio Quintana//work_5;-30.023.523.850.508.200;-5.109.392.513.660.820;10.0
M√°rio Quintana//school_5;-30.022.411.239.343.500;-510.943.420.324.883;10.0
M√°rio Quintana//home_6;-3.002.919.566.201.440;-5.111.757.635.169.660;10.0
M√°rio Quintana//work_6;-30.029.314.664.557.700;-5.111.701.010.067.630;10.0
M√°rio Quintana//school_6;-3.002.970.027.390.600;-51.116.924.278.348.800;10.0
M√°rio Quintana//home_7;-3.002.992.814.978.950;-51.109.879.029.336.200;10.0
M√°rio Quintana//work_7;-30.029.853.072.096.500;-5.111.039.933.350.460;10.0
M√°rio Quintana//school_7;-30.027.683.951.749.100;-5.111.048.105.233.780;10.0
M√°rio Quintana//home_8;-30.030.764.592.628.700;-5.110.662.910.999.740;10.0
M√°rio Quintana//work_8;-30.030.632.512.830.300;-5.110.856.782.697.680;10.0
M√°rio Quintana//school_8;-30.028.839.451.134.000;-51.107.442.658.294.600;10.0
M√°rio Quintana//home_9;-3.002.829.801.043.010;-51.106.415.985.996.300;10.0
M√°rio Quintana//work_9;-30.028.901.140.937.600;-5.110.544.897.714.160;10.0
M√°rio Quintana//school_9;-30.028.424.589.566.600;-5.110.641.842.688.340;10.0
M√°rio Quintana//home_10;-30.030.048.028.893.700;-5.110.561.658.678.480;10.0
M√°rio Quintana//work_10;-3.003.098.634.086.470;-51.103.458.884.167.700;10.0
M√°rio Quintana//school_10;-3.003.021.776.290.400;-5.110.479.034.450.640;10.0
M√°rio Quintana//home_11;-30.033.571.546.407.800;-5.110.340.248.258.480;10.0
M√°rio Quintana//work_11;-30.033.316.008.062.100;-5.110.105.430.434.230;10.0
M√°rio Quintana//school_11;-3.003.364.799.417.630;-5.110.367.674.394.030;10.0
M√°rio Quintana//home_12;-30.031.570.548.280.700;-5.110.534.867.811.310;10.0
M√°rio Quintana//work_12;-3.003.151.416.580.870;-5.110.579.581.440.210;10.0
M√°rio Quintana//school_12;-3.003.220.915.158.560;-5.110.485.007.564.810;10.0
M√°rio Quintana//home_13;-3.003.341.008.255.870;-5.111.110.276.753.920;10.0
M√°rio Quintana//work_13;-30.031.000.357.348.100;-5.111.058.398.892.830;10.0
M√°rio Quintana//school_13;-3.003.297.884.256.670;-5.111.085.205.986.780;10.0
M√°rio Quintana//home_14;-3.003.084.301.243.460;-5.111.278.033.073.080;10.0
M√°rio Quintana//work_14;-30.030.856.480.581.300;-511.124.053.996.682;10.0
M√°rio Quintana//school_14;-30.032.109.708.406.900;-51.112.925.917.793.800;10.0
M√°rio Quintana//home_15;-3.003.315.951.002.740;-51.111.976.244.951.900;10.0
M√°rio Quintana//work_15;-300.328.306.516.568;-5.111.296.217.349.300;10.0
M√°rio Quintana//school_15;-3.003.282.848.860.150;-51.112.098.963.905.900;10.0
M√°rio Quintana//home_16;-30.032.843.756.751.400;-51.115.708.380.268.200;10.0
M√°rio Quintana//work_16;-30.032.542.558.522.600;-51.114.020.226.698.600;10.0
M√°rio Quintana//school_16;-30.033.076.054.641.400;-5.111.472.559.358.410;10.0
M√°rio Quintana//home_17;-30.030.857.995.434.400;-5.111.463.998.955.110;10.0
M√°rio Quintana//work_17;-3.003.128.798.345.550;-5.111.503.060.389.650;10.0
M√°rio Quintana//school_17;-30.032.268.782.147.000;-5.111.385.999.732.490;10.0
M√°rio Quintana//home_18;-30.033.277.266.146.600;-51.116.420.811.071.000;10.0
M√°rio Quintana//work_18;-30.031.508.139.181.800;-5.111.639.321.808.300;10.0
M√°rio Quintana//school_18;-30.032.744.232.409.700;-5.111.711.587.748.240;10.0
M√°rio Quintana//home_19;-30.032.818.521.068.900;-511.184.018.031.057;10.0
M√°rio Quintana//work_19;-30.031.253.808.594.500;-5.111.832.326.498.960;10.0
M√°rio Quintana//school_19;-30.032.246.662.932.600;-51.119.561.125.160.800;10.0
M√°rio Quintana//home_20;-30.034.395.008.943.700;-51.119.859.171.776.800;10.0
M√°rio Quintana//work_20;-3.003.415.299.232.590;-5.111.971.200.108.320;10.0
M√°rio Quintana//school_20;-3.003.317.870.180.990;-5.111.961.779.956.730;10.0
M√°rio Quintana//home_21;-30.035.974.439.373.700;-5.111.526.478.988.010;10.0
M√°rio Quintana//work_21;-30.035.285.142.624.800;-51.116.602.114.553.000;10.0
M√°rio Quintana//school_21;-3.003.505.643.018.620;-5.111.849.204.843.380;10.0
M√°rio Quintana//home_22;-30.036.568.887.134.100;-5.111.521.031.331.600;10.0
M√°rio Quintana//work_22;-30.036.898.045.162.500;-511.198.230.168.309;10.0
M√°rio Quintana//school_22;-30.036.093.198.132.300;-5.111.843.563.918.940;10.0
M√°rio Quintana//home_23;-30.035.804.461.692.600;-51.104.769.612.768.800;10.0
M√°rio Quintana//work_23;-3.003.603.258.877.000;-5.110.622.071.248.530;10.0
M√°rio Quintana//school_23;-30.037.247.743.391.700;-5.110.664.204.871.000;10.0
M√°rio Quintana//home_24;-30.038.183.618.578.600;-51.088.476.560.253.400;10.0
M√°rio Quintana//work_24;-30.040.662.008.392.000;-5.110.099.924.509.970;10.0
M√°rio Quintana//school_24;-3.004.053.159.319.890;-510.966.884.918.149;10.0
M√°rio Quintana//home_25;-3.002.514.544.468.520;-51.091.027.285.786.400;10.0
M√°rio Quintana//work_25;-30.027.327.845.440.300;-51.091.739.918.650.000;10.0
M√°rio Quintana//school_25;-3.002.661.957.845.550;-51.090.897.665.201.000;10.0
M√°rio Quintana//home_26;-30.028.388.086.281.300;-5.110.965.985.296.610;10.0
M√°rio Quintana//work_26;-30.028.619.981.686.200;-51.110.305.363.893.400;10.0
M√°rio Quintana//school_26;-3.002.666.928.229.390;-51.109.298.044.822.900;10.0
M√°rio Quintana//home_27;-30.029.712.714.848.100;-5.111.440.274.623.870;10.0
M√°rio Quintana//work_27;-3.002.923.673.176.550;-5.111.653.476.515.100;10.0
M√°rio Quintana//school_27;-30.029.790.505.935.800;-5.111.387.813.498.910;10.0
M√°rio Quintana//home_28;-3.003.330.590.044.240;-51.110.247.579.605.700;10.0
M√°rio Quintana//work_28;-3.003.292.948.166.170;-5.110.948.537.556.670;10.0
M√°rio Quintana//school_28;-3.003.223.913.657.580;-5.111.011.203.836.850;10.0
M√°rio Quintana//home_29;-3.002.720.804.347.880;-5.110.169.747.304.160;10.0
M√°rio Quintana//work_29;-30.027.176.389.911.200;-511.032.573.661.525;10.0
M√°rio Quintana//school_29;-30.027.672.342.879.500;-5.110.371.350.808.090;10.0
M√°rio Quintana//home_30;-30.021.860.130.191.600;-5.109.622.942.505.310;10.0
M√°rio Quintana//work_30;-3.002.230.392.117.500;-5.109.622.128.591.440;10.0
M√°rio Quintana//school_30;-30.020.877.247.524.700;-51.096.443.530.151.100;10.0
M√°rio Quintana//home_31;-3.003.767.548.283.000;-5.110.912.304.775.340;10.0
M√°rio Quintana//work_31;-3.003.824.587.375.420;-51.108.712.497.706.400;10.0
M√°rio Quintana//school_31;-30.037.388.919.182.200;-5.110.901.716.340.940;10.0
M√°rio Quintana//home_32;-30.035.764.627.960.700;-5.111.891.606.608.900;10.0
M√°rio Quintana//work_32;-30.035.824.089.825.000;-51.120.765.103.779.700;10.0
M√°rio Quintana//school_32;-3.003.586.321.599.310;-5.111.893.605.311.120;10.0
M√°rio Quintana//home_33;-3.003.546.296.172.840;-51.121.410.430.821.900;10.0
M√°rio Quintana//work_33;-300.354.824.835.603;-5.112.094.682.497.880;10.0
M√°rio Quintana//school_33;-30.035.116.126.470.900;-51.121.207.214.515.500;10.0
M√°rio Quintana//home_34;-3.002.301.566.390.430;-5.109.205.986.527.730;10.0
M√°rio Quintana//work_34;-30.023.643.804.008.000;-5.109.041.055.155.130;10.0
M√°rio Quintana//school_34;-3.002.294.087.629.730;-5.109.250.106.836.850;10.0
M√°rio Quintana//home_35;-30.021.753.057.335.500;-51.089.596.251.061.500;10.0
M√°rio Quintana//work_35;-30.022.441.455.781.300;-5.108.705.709.013.400;10.0
M√°rio Quintana//school_35;-3.002.488.520.828.850;-5.108.696.870.122.350;10.0
M√°rio Quintana//home_36;-3.002.321.312.146.150;-5.109.838.349.517.140;10.0
M√°rio Quintana//work_36;-3.002.180.832.497.920;-51.097.797.736.465.200;10.0
M√°rio Quintana//school_36;-30.022.614.231.994.700;-5.109.870.764.590.810;10.0
M√°rio Quintana//home_37;-3.002.312.950.557.980;-5.109.915.017.793.370;10.0
M√°rio Quintana//work_37;-3.002.380.205.215.420;-51.097.684.117.781.600;10.0
M√°rio Quintana//school_37;-3.002.451.116.473.530;-5.109.867.171.071.110;10.0
M√°rio Quintana//home_38;-3.002.504.692.786.950;-5.109.913.117.030.320;10.0
M√°rio Quintana//work_38;-3.002.587.749.653.050;-5.109.903.489.861.120;10.0
M√°rio Quintana//school_38;-30.026.070.581.635.600;-5.109.852.175.902.130;10.0
M√°rio Quintana//home_39;-3.002.658.995.003.050;-5.111.856.056.941.300;10.0
M√°rio Quintana//work_39;-30.026.447.362.888.400;-5.111.846.848.414.760;10.0
M√°rio Quintana//school_39;-3.002.711.129.323.930;-51.118.951.987.324.900;10.0
M√°rio Quintana//home_40;-30.026.809.860.176.700;-51.117.239.066.271.100;10.0
M√°rio Quintana//work_40;-3.002.627.245.744.260;-5.111.809.088.205.270;10.0
M√°rio Quintana//school_40;-30.027.080.107.155.200;-5.111.766.486.812.270;10.0
M√°rio Quintana//home_41;-30.035.416.919.773.300;-511.108.273.631.648;10.0
M√°rio Quintana//work_41;-30.036.236.960.759.600;-51.110.181.602.363.400;10.0
M√°rio Quintana//school_41;-3.003.569.043.412.980;-5.111.102.360.698.310;10.0
M√°rio Quintana//home_42;-3.003.887.535.858.010;-51.109.734.444.350.700;10.0
M√°rio Quintana//work_42;-30.037.220.568.583.200;-5.111.046.921.254.190;10.0
M√°rio Quintana//school_42;-3.003.744.662.411.200;-51.112.689.917.120.200;10.0
M√°rio Quintana//home_43;-3.003.663.738.824.950;-5.111.349.240.441.580;10.0
M√°rio Quintana//work_43;-30.036.782.949.855.400;-5.111.306.447.805.760;10.0
M√°rio Quintana//school_43;-3.003.702.964.911.410;-5.111.276.731.848.210;10.0
M√°rio Quintana//home_44;-3.002.598.357.439.030;-5.109.425.125.560.210;10.0
M√°rio Quintana//work_44;-30.025.174.158.066.000;-5.109.478.667.872.700;10.0
M√°rio Quintana//school_44;-3.002.558.886.458.410;-5.109.363.976.469.520;10.0
M√°rio Quintana//home_45;-3.002.696.047.433.330;-51.096.979.269.837.000;10.0
M√°rio Quintana//work_45;-30.027.342.067.820.100;-5.109.500.636.277.600;10.0
M√°rio Quintana//school_45;-3.002.815.344.042.940;-5.109.496.769.718.410;10.0
M√°rio Quintana//home_46;-3.002.862.412.134.730;-5.109.141.067.029.800;10.0
M√°rio Quintana//work_46;-3.002.841.568.511.090;-5.109.246.911.711.870;10.0
M√°rio Quintana//school_46;-300.290.189.809.131;-5.109.064.465.503.900;10.0
M√°rio Quintana//home_47;-30.027.826.375.514;-5.108.759.561.025.290;10.0
M√°rio Quintana//work_47;-30.026.779.122.050.000;-5.108.978.264.766.120;10.0
M√°rio Quintana//school_47;-30.027.214.312.684.100;-5.108.798.909.037.240;10.0
M√°rio Quintana//home_48;-30.030.721.161.795.400;-51.091.967.062.457.000;10.0
M√°rio Quintana//work_48;-3.002.820.619.350.350;-51.098.745.609.884.000;10.0
M√°rio Quintana//school_48;-3.003.141.397.510.530;-5.109.351.493.314.630;10.0
M√°rio Quintana//home_49;-30.028.848.952.888.900;-5.110.277.683.452.790;10.0
M√°rio Quintana//work_49;-30.028.333.365.963.100;-5.109.998.656.628.570;10.0
M√°rio Quintana//school_49;-30.028.723.596.057.300;-5.110.317.298.990.620;10.0
M√°rio Quintana//home_50;-3.002.614.186.819.930;-51.102.283.575.300.400;10.0
M√°rio Quintana//work_50;-30.026.037.950.334.900;-5.110.203.688.279.550;10.0
M√°rio Quintana//school_50;-30.026.115.053.272.800;-511.021.728.750.395;10.0
M√°rio Quintana//home_51;-3.002.170.907.798.640;-5.109.163.587.286.810;10.0
M√°rio Quintana//work_51;-30.022.733.132.601.800;-5.109.294.134.947.190;10.0
M√°rio Quintana//school_51;-3.002.041.418.608.460;-510.936.302.141.393;10.0
M√°rio Quintana//home_52;-30.045.405.987.729.500;-51.096.777.446.960.700;10.0
M√°rio Quintana//work_52;-3.004.427.454.775.140;-51.093.662.936.181.400;10.0
M√°rio Quintana//school_52;-30.044.481.761.216.900;-51.095.320.696.892.400;10.0
M√°rio Quintana//home_53;-30.042.697.240.832.400;-5.109.612.092.800.820;10.0
M√°rio Quintana//work_53;-30.037.700.333.253.100;-5.109.348.329.142.670;10.0
M√°rio Quintana//school_53;-30.040.234.262.853.900;-5.109.361.653.638.100;10.0
M√°rio Quintana//home_54;-30.024.687.252.484.500;-51.111.892.998.740.500;10.0
M√°rio Quintana//work_54;-30.028.477.241.034.600;-51.112.427.444.163.100;10.0
M√°rio Quintana//school_54;-30.024.413.471.913.100;-5.111.258.208.483.980;10.0
M√°rio Quintana//home_55;-3.002.612.097.667.240;-51.116.138.795.313.000;10.0
M√°rio Quintana//work_55;-30.027.010.889.045.400;-5.111.581.398.551.450;10.0
M√°rio Quintana//school_55;-3.002.738.296.189.130;-51.113.996.870.302.600;10.0
M√°rio Quintana//home_56;-30.048.389.150.881.600;-5.110.059.718.187.800;10.0
M√°rio Quintana//work_56;-30.049.435.972.193.000;-51.094.157.674.623.900;10.0
M√°rio Quintana//school_56;-3.004.635.630.865.830;-5.110.472.989.729.940;10.0
M√°rio Quintana//home_57;-30.043.951.328.027.300;-5.110.463.564.978.510;10.0
M√°rio Quintana//work_57;-3.004.521.123.444.050;-5.110.484.161.637.710;10.0
M√°rio Quintana//school_57;-30.041.559.967.324.100;-5.110.452.315.102.940;10.0
M√°rio Quintana//home_58;-30.031.534.292.780.400;-51.119.815.513.825.900;10.0
M√°rio Quintana//work_58;-3.003.055.547.243.650;-5.111.958.590.565.250;10.0
M√°rio Quintana//school_58;-30.031.616.037.222.700;-5.112.055.221.321.970;10.0
M√°rio Quintana//home_59;-3.003.216.158.862.670;-5.111.743.750.956.290;10.0
M√°rio Quintana//work_59;-30.030.582.476.816.000;-5.111.671.164.397.180;10.0
M√°rio Quintana//school_59;-30.031.662.722.504.600;-51.117.463.743.138.900;10.0
M√°rio Quintana//home_60;-3.002.671.613.692.270;-5.111.967.802.008.670;10.0
M√°rio Quintana//work_60;-30.028.415.653.102.800;-5.112.007.189.227.380;10.0
M√°rio Quintana//school_60;-3.002.785.661.110.480;-5.111.697.204.510.440;10.0
M√°rio Quintana//home_61;-300.299.435.906.892;-5.112.031.262.749.280;10.0
M√°rio Quintana//work_61;-3.003.007.060.560.330;-5.112.031.982.321.010;10.0
M√°rio Quintana//school_61;-30.030.208.198.402.000;-5.111.844.568.968.940;10.0
M√°rio Quintana//home_62;-30.034.892.620.561.400;-51.112.290.562.053.600;10.0
M√°rio Quintana//work_62;-30.034.008.875.245.900;-5.111.161.402.210.520;10.0
M√°rio Quintana//school_62;-30.036.114.031.540.300;-51.112.301.987.421.800;10.0
M√°rio Quintana//home_63;-30.034.025.198.465.700;-5.111.063.274.634.000;10.0
M√°rio Quintana//work_63;-30.034.707.992.203.900;-5.111.079.931.441.240;10.0
M√°rio Quintana//school_63;-30.034.319.249.916.900;-5.111.048.319.704.970;10.0
M√°rio Quintana//home_64;-30.033.275.209.317.300;-5.110.776.264.170.900;10.0
M√°rio Quintana//work_64;-30.034.066.777.743.500;-5.110.842.654.700.860;10.0
M√°rio Quintana//school_64;-3.003.222.999.575.460;-5.110.691.247.866.190;10.0
M√°rio Quintana//home_65;-30.037.402.476.985.800;-5.110.773.513.225.880;10.0
M√°rio Quintana//work_65;-30.037.352.645.865.500;-5.110.852.201.885.300;10.0
M√°rio Quintana//school_65;-3.003.747.927.084.790;-5.110.848.769.770.770;10.0
M√°rio Quintana//home_66;-30.032.555.304.652.100;-5.110.537.632.733.990;10.0
M√°rio Quintana//work_66;-3.003.481.176.828.850;-5.110.508.914.052.600;10.0
M√°rio Quintana//school_66;-30.034.789.430.081.500;-5.110.522.404.272.140;10.0
M√°rio Quintana//home_67;-30.035.058.345.852.200;-5.110.633.388.722.880;10.0
M√°rio Quintana//work_67;-30.036.889.887.981.100;-51.107.048.370.517.900;10.0
M√°rio Quintana//school_67;-30.036.812.889.420.700;-5.110.705.249.503.780;10.0
M√°rio Quintana//home_68;-30.038.631.423.188.900;-5.110.233.974.949.700;10.0
M√°rio Quintana//work_68;-30.037.879.936.208.500;-51.102.757.208.367.000;10.0
M√°rio Quintana//school_68;-30.041.778.340.374.300;-5.110.307.246.079.770;10.0
M√°rio Quintana//home_69;-3.004.077.343.130.680;-51.106.888.466.023.600;10.0
M√°rio Quintana//work_69;-30.040.934.427.470.000;-5.110.492.336.316.440;10.0
M√°rio Quintana//school_69;-3.003.827.243.375.680;-511.047.252.680.936;10.0
M√°rio Quintana//home_70;-30.037.860.516.818.900;-5.110.725.768.224.550;10.0
M√°rio Quintana//work_70;-3.003.816.295.338.080;-5.110.623.072.762.560;10.0
M√°rio Quintana//school_70;-30.038.018.889.791.700;-51.105.981.907.894.800;10.0
M√°rio Quintana//home_71;-30.036.400.014.345.300;-51.103.076.882.111.400;10.0
M√°rio Quintana//work_71;-30.037.303.677.980.300;-5.110.531.702.966.940;10.0
M√°rio Quintana//school_71;-3.003.677.928.072.990;-5.110.287.804.459.950;10.0
M√°rio Quintana//home_72;-30.041.915.660.724.300;-511.034.595.715.582;10.0
M√°rio Quintana//work_72;-30.040.314.227.857.800;-51.103.313.732.313.600;10.0
M√°rio Quintana//school_72;-30.039.554.122.441.600;-5.110.352.118.941.400;10.0
M√°rio Quintana//home_73;-30.037.178.168.765.300;-51.103.615.662.142.100;10.0
M√°rio Quintana//work_73;-30.038.059.795.779.000;-51.103.569.244.423.500;10.0
M√°rio Quintana//school_73;-30.038.167.732.276.100;-5.110.369.162.264.060;10.0
M√°rio Quintana//home_74;-30.033.408.638.093.100;-5.111.631.012.206.210;10.0
M√°rio Quintana//work_74;-30.033.510.192.065.800;-5.111.706.286.034.880;10.0
M√°rio Quintana//school_74;-30.033.809.503.891.000;-5.111.633.823.281.060;10.0
M√°rio Quintana//home_75;-30.034.145.142.811.300;-5.111.669.937.490.930;10.0
M√°rio Quintana//work_75;-30.034.056.655.019.200;-5.111.618.906.691.340;10.0
M√°rio Quintana//school_75;-30.034.158.257.022.400;-5.111.671.025.347.260;10.0
M√°rio Quintana//home_76;-30.025.055.702.368.800;-51.090.254.362.688.700;10.0
M√°rio Quintana//work_76;-3.002.448.589.740.430;-5.109.012.387.031.450;10.0
M√°rio Quintana//school_76;-30.025.514.507.135.800;-5.109.067.845.525.440;10.0
M√°rio Quintana//home_77;-30.025.450.991.302.200;-51.089.661.699.387;10.0
M√°rio Quintana//work_77;-30.025.426.142.875.200;-51.088.554.435.846.400;10.0
M√°rio Quintana//school_77;-30.027.206.693.880.500;-51.088.453.471.377.000;10.0
Medianeira//home_0;-30.061.875.851.452.500;-5.121.754.613.750.270;10.0
Medianeira//work_0;-30.060.029.553.273.300;-5.121.745.922.556.030;10.0
Medianeira//school_0;-30.062.078.682.073.800;-51.217.761.142.084.100;10.0
Medianeira//home_1;-30.060.773.493.205.100;-512.169.252.146.396;10.0
Medianeira//work_1;-3.006.092.154.632.880;-5.121.723.056.803.160;10.0
Medianeira//school_1;-30.060.408.672.453.800;-51.217.262.881.416.600;10.0
Medianeira//home_2;-3.006.118.294.919.160;-5.121.639.292.603.810;10.0
Medianeira//work_2;-30.061.291.860.960.600;-51.217.029.844.182.100;10.0
Medianeira//school_2;-30.061.565.083.229.300;-51.217.153.854.341.800;10.0
Medianeira//home_3;-30.061.410.599.829.000;-51.216.012.800.294.800;10.0
Medianeira//work_3;-30.064.267.340.953.900;-5.121.577.137.304.870;10.0
Medianeira//school_3;-3.006.346.342.917.810;-51.217.129.257.690.000;10.0
Medianeira//home_4;-300.604.206.686.639;-5.121.459.018.171.600;10.0
Medianeira//work_4;-3.006.200.034.068.760;-5.121.189.342.631.230;10.0
Medianeira//school_4;-3.005.990.307.296.080;-51.213.967.853.212.200;10.0
Medianeira//home_5;-3.005.967.531.276.170;-5.120.911.304.147.980;10.0
Medianeira//work_5;-30.062.432.539.268.000;-512.085.639.251.715;10.0
Medianeira//school_5;-30.061.053.047.516.600;-51.210.241.388.605.000;10.0
Medianeira//home_6;-3.006.204.808.414.430;-5.121.560.286.631.400;10.0
Medianeira//work_6;-3.006.021.937.913.990;-5.121.575.226.281.500;10.0
Medianeira//school_6;-3.006.461.310.126.710;-5.121.453.226.014.160;10.0
Medianeira//home_7;-3.006.235.202.044.740;-5.121.056.067.372.090;10.0
Medianeira//work_7;-30.064.411.204.037.200;-5.121.050.035.394.330;10.0
Medianeira//school_7;-30.062.696.085.472.600;-5.121.171.903.592.000;10.0
Medianeira//home_8;-3.006.490.812.700.620;-5.121.019.678.949.750;10.0
Medianeira//work_8;-3.006.435.153.002.460;-5.120.634.526.572.570;10.0
Medianeira//school_8;-30.064.161.525.358.000;-5.120.994.265.234.280;10.0
Medianeira//home_9;-30.064.916.850.325.400;-51.202.441.264.351.000;10.0
Medianeira//work_9;-3.006.453.974.664.210;-51.202.643.310.313.700;10.0
Medianeira//school_9;-30.064.051.947.529.900;-51.205.679.040.543;10.0
Medianeira//home_10;-3.006.780.178.354.580;-5.120.342.894.511.570;10.0
Medianeira//work_10;-30.066.077.619.917.600;-51.205.030.540.858.800;10.0
Medianeira//school_10;-3.006.521.490.043.840;-5.120.553.219.271.580;10.0
Medianeira//home_11;-30.066.020.243.226.400;-5.120.869.119.809.890;10.0
Medianeira//work_11;-30.066.050.527.935.300;-51.209.175.803.094.900;10.0
Medianeira//school_11;-30.066.099.127.249.100;-5.120.606.939.262.030;10.0
Medianeira//home_12;-3.006.727.747.343.870;-512.095.908.200.625;10.0
Medianeira//work_12;-30.065.850.477.213.100;-5.120.707.611.484.970;10.0
Medianeira//school_12;-3.006.537.246.897.960;-5.120.845.704.720.370;10.0
Medianeira//home_13;-30.067.583.171.115.200;-51.212.901.422.678.200;10.0
Medianeira//work_13;-3.006.503.454.767.290;-5.121.287.581.343.770;10.0
Medianeira//school_13;-30.065.473.615.086.700;-51.212.956.596.693.100;10.0
Medianeira//home_14;-30.067.080.339.523.200;-5.121.096.758.696.960;10.0
Medianeira//work_14;-30.066.197.198.841.100;-5.121.066.869.483.820;10.0
Medianeira//school_14;-30.068.493.628.623.300;-5.121.167.662.835.330;10.0
Medianeira//home_15;-30.069.242.866.047.600;-5.121.230.447.412.380;10.0
Medianeira//work_15;-30.069.136.592.599.600;-5.121.271.895.811.830;10.0
Medianeira//school_15;-30.068.605.357.829.100;-5.121.264.414.759.260;10.0
Medianeira//home_16;-30.072.563.326.242.600;-51.212.199.238.066.300;10.0
Medianeira//work_16;-3.007.315.301.342.660;-5.121.260.748.217.640;10.0
Medianeira//school_16;-30.072.279.857.874.800;-5.121.065.086.530.570;10.0
Medianeira//home_17;-3.006.944.790.712.220;-5.120.642.421.928.510;10.0
Medianeira//work_17;-30.069.800.653.893.000;-5.120.831.855.972.200;10.0
Medianeira//school_17;-30.069.131.486.127.600;-5.120.678.193.852.990;10.0
Menino-Deus//home_0;-30.044.416.895.540.600;-5.122.677.309.487.170;3.6
Menino-Deus//work_0;-3.004.346.068.112.450;-51.226.936.183.603.900;4.4
Menino-Deus//school_0;-30.043.795.936.705.400;-5.122.643.484.613.950;4.2
Menino-Deus//home_1;-30.043.815.558.727.900;-51.225.113.559.063.600;4.2
Menino-Deus//work_1;-30.043.815.718.329.700;-51.225.647.739.196.400;3.9
Menino-Deus//school_1;-30.043.527.630.905.200;-51.225.249.323.442;4.1
Menino-Deus//home_2;-3.004.399.050.938.330;-51.222.281.172.244.300;3.9
Menino-Deus//work_2;-30.043.554.703.942.900;-5.122.409.401.012.350;4.2
Menino-Deus//school_2;-30.044.057.277.321.200;-5.122.179.756.792.910;3.9
Menino-Deus//home_3;-300.447.935.291.694;-512.235.590.804.898;3.9
Menino-Deus//work_3;-3.004.512.691.172.580;-5.122.411.098.786.060;4.0
Menino-Deus//school_3;-30.045.114.106.542.700;-51.223.950.983.595.200;3.9
Menino-Deus//home_4;-3.004.516.366.798.400;-51.223.143.172.490.900;3.9
Menino-Deus//work_4;-30.045.518.963.908.600;-51.222.720.196.371.000;3.9
Menino-Deus//school_4;-3.004.538.222.240.880;-51.223.098.022.724.500;4.0
Menino-Deus//home_5;-3.004.470.520.809.060;-5.122.281.328.871.810;3.9
Menino-Deus//work_5;-30.045.320.923.423.500;-51.222.076.001.843.800;3.9
Menino-Deus//school_5;-30.045.050.878.328.500;-5.122.205.832.960.410;3.9
Menino-Deus//home_6;-3.004.528.565.216.910;-5.122.059.573.142.790;3.9
Menino-Deus//work_6;-30.045.712.785.859.700;-51.220.740.067.902.600;3.9
Menino-Deus//school_6;-30.046.043.993.271.100;-5.122.053.860.860.520;3.9
Menino-Deus//home_7;-30.044.808.861.886.000;-5.122.089.930.421.060;3.9
Menino-Deus//work_7;-30.046.865.222.173.700;-51.220.866.619.838.500;3.9
Menino-Deus//school_7;-30.045.556.757.547.700;-5.121.956.881.944.910;4.4
Menino-Deus//home_8;-3.004.572.755.160.000;-512.222.752.979.007;3.9
Menino-Deus//work_8;-30.046.097.209.819.200;-5.122.268.487.206.350;3.9
Menino-Deus//school_8;-30.046.073.533.236.500;-5.122.207.683.976.610;3.9
Menino-Deus//home_9;-30.047.121.510.837.600;-5.122.205.241.708.610;3.9
Menino-Deus//work_9;-30.046.603.891.799.100;-5.122.302.968.125.080;3.9
Menino-Deus//school_9;-3.004.643.334.081.670;-51.222.179.357.786.300;3.9
Menino-Deus//home_10;-3.004.629.642.566.320;-5.122.513.152.599.190;4.0
Menino-Deus//work_10;-30.045.287.258.472.100;-51.227.434.596.208.800;3.5
Menino-Deus//school_10;-30.045.138.024.706.200;-51.225.961.876.158.100;3.9
Menino-Deus//home_11;-3.004.816.925.598.360;-5.122.304.600.955.200;4.1
Menino-Deus//work_11;-3.004.753.595.180.880;-51.222.327.679.248.100;4.1
Menino-Deus//school_11;-30.047.807.453.757.700;-51.223.078.285.798.900;4.1
Menino-Deus//home_12;-30.047.674.416.243.500;-51.218.353.117.250.300;4.1
Menino-Deus//work_12;-30.047.365.640.321.800;-5.121.875.671.048.550;4.0
Menino-Deus//school_12;-30.047.696.041.089.800;-5.121.931.741.125.120;4.0
Menino-Deus//home_13;-30.049.204.191.009.200;-5.121.818.639.908.410;4.8
Menino-Deus//work_13;-30.048.829.831.782.000;-5.122.127.201.007.330;3.9
Menino-Deus//school_13;-30.048.873.451.648.400;-5.122.000.306.090.360;4.1
Menino-Deus//home_14;-30.049.388.460.568.100;-51.221.436.549.467.800;4.5
Menino-Deus//work_14;-3.004.980.945.146.530;-5.122.111.511.897.420;4.6
Menino-Deus//school_14;-3.004.933.526.468.260;-5.121.960.234.467.830;4.3
Menino-Deus//home_15;-30.049.264.812.802.600;-51.223.389.878.814.900;4.6
Menino-Deus//work_15;-30.049.361.787.985.400;-5.122.248.889.493.950;4.6
Menino-Deus//school_15;-30.049.484.957.953.300;-5.122.215.531.537.830;4.6
Menino-Deus//home_16;-3.004.825.415.115.330;-5.122.649.855.912.020;4.3
Menino-Deus//work_16;-3.004.847.054.485.920;-5.122.445.008.699.640;4.2
Menino-Deus//school_16;-30.049.252.836.557.600;-5.122.565.061.888.830;3.8
Menino-Deus//home_17;-30.051.086.026.245.500;-5.122.768.981.054.090;4.0
Menino-Deus//work_17;-30.049.874.241.240.900;-51.224.552.309.816.700;4.1
Menino-Deus//school_17;-3.005.004.517.139.220;-51.226.217.082.077.400;3.8
Menino-Deus//home_18;-30.049.736.816.774.400;-5.122.249.664.203.070;4.6
Menino-Deus//work_18;-30.049.701.623.985.300;-51.223.881.571.538.000;4.5
Menino-Deus//school_18;-300.498.855.795.296;-51.223.707.023.839.400;4.5
Menino-Deus//home_19;-30.050.803.066.310.600;-5.122.044.989.928.740;4.3
Menino-Deus//work_19;-30.050.910.476.482.800;-51.220.732.672.982.500;4.3
Menino-Deus//school_19;-30.050.009.997.827.400;-5.122.164.515.852.350;4.5
Menino-Deus//home_20;-30.050.325.932.171.000;-5.121.886.370.147.570;4.6
Menino-Deus//work_20;-3.005.040.988.185.560;-5.121.990.943.650.540;4.3
Menino-Deus//school_20;-30.050.745.865.935.100;-51.219.023.163.336.700;4.7
Menino-Deus//home_21;-30.051.673.671.641.000;-51.219.003.074.763.400;5.7
Menino-Deus//work_21;-30.051.589.502.438.300;-51.218.805.974.229.000;5.5
Menino-Deus//school_21;-30.051.898.328.933.800;-512.191.549.319.555;6.3
Menino-Deus//home_22;-30.052.040.902.971.600;-51.221.477.277.294.400;6.0
Menino-Deus//work_22;-30.051.076.816.943.800;-5.122.155.459.229.160;5.6
Menino-Deus//school_22;-30.051.124.059.734.200;-5.122.127.122.672.790;5.1
Menino-Deus//home_23;-30.050.940.996.533.300;-51.223.193.779.326.900;4.6
Menino-Deus//work_23;-3.005.072.991.340.790;-5.122.412.250.500.430;4.5
Menino-Deus//school_23;-30.050.608.055.539.500;-5.122.487.029.297.910;4.1
Menino-Deus//home_24;-3.005.252.427.518.870;-5.122.412.476.921.100;4.6
Menino-Deus//work_24;-3.005.305.047.759.750;-5.122.302.534.188.870;6.4
Menino-Deus//school_24;-30.053.085.616.243.700;-512.238.118.845.872;5.8
Menino-Deus//home_25;-30.053.063.733.716.000;-5.122.110.574.032.860;6.1
Menino-Deus//work_25;-30.053.102.431.165.000;-5.122.116.983.026.610;6.1
Menino-Deus//school_25;-3.005.216.009.796.520;-5.122.187.501.217.330;6.5
Menino-Deus//home_26;-30.053.903.846.499.400;-51.219.513.452.032.700;7.9
Menino-Deus//work_26;-30.054.289.072.521.500;-51.219.567.481.042.900;7.8
Menino-Deus//school_26;-3.005.416.380.008.710;-5.121.891.654.465.940;8.1
Menino-Deus//home_27;-300.541.857.735.659;-5.122.048.942.943.900;7.9
Menino-Deus//work_27;-30.053.346.463.611.100;-5.122.218.175.193.370;6.3
Menino-Deus//school_27;-3.005.428.054.392.540;-51.222.037.688.551.100;7.2
Menino-Deus//home_28;-3.005.430.451.542.070;-51.223.370.355.374.700;5.5
Menino-Deus//work_28;-3.005.419.802.913.430;-512.247.872.363.742;4.6
Menino-Deus//school_28;-30.053.516.381.078.500;-512.238.680.948.816;5.7
Menino-Deus//home_29;-30.052.957.077.925.900;-51.225.829.288.719.000;4.1
Menino-Deus//work_29;-30.051.770.737.697.700;-5.122.644.654.001.690;4.2
Menino-Deus//school_29;-3.005.252.946.988.710;-5.122.702.325.660.120;4.2
Menino-Deus//home_30;-3.005.275.422.704.800;-5.122.774.643.780.960;4.0
Menino-Deus//work_30;-30.052.709.201.765.800;-51.227.966.266.390.500;4.0
Menino-Deus//school_30;-30.051.957.796.041.400;-5.122.803.785.872.140;4.1
Menino-Deus//home_31;-30.053.219.532.713.600;-51.225.870.638.711.100;4.0
Menino-Deus//work_31;-3.005.341.122.955.680;-5.122.721.385.615.670;3.8
Menino-Deus//school_31;-30.053.884.962.467.300;-51.224.897.958.380.400;4.6
Menino-Deus//home_32;-30.054.165.261.546.100;-5.122.712.611.742.320;3.8
Menino-Deus//work_32;-30.054.548.004.594.000;-5.122.774.428.702.220;4.0
Menino-Deus//school_32;-30.054.374.976.571.800;-5.122.554.854.190.870;4.1
Menino-Deus//home_33;-30.055.041.324.614.300;-5.122.486.475.450.140;4.9
Menino-Deus//work_33;-30.054.659.517.839.100;-51.224.761.255.879.900;4.9
Menino-Deus//school_33;-30.055.088.376.728.300;-5.122.486.395.740.010;4.9
Menino-Deus//home_34;-30.055.584.140.251.600;-5.122.209.882.295.380;8.1
Menino-Deus//work_34;-3.005.652.457.640.240;-51.222.708.928.182.800;8.3
Menino-Deus//school_34;-3.005.485.792.844.300;-5.122.224.607.737.120;8.0
Menino-Deus//home_35;-3.005.535.780.244.970;-5.121.974.667.388.330;8.7
Menino-Deus//work_35;-3.005.473.855.756.670;-5.122.188.439.850.570;7.2
Menino-Deus//school_35;-30.056.306.359.653.200;-5.122.068.186.022.300;8.8
Menino-Deus//home_36;-30.055.627.485.905.400;-5.122.409.811.372.850;6.5
Menino-Deus//work_36;-30.055.547.157.770.600;-5.122.364.289.903.060;6.5
Menino-Deus//school_36;-30.055.514.380.283.700;-5.122.307.780.192.280;7.4
Menino-Deus//home_37;-30.056.809.933.013.600;-5.122.357.240.703.370;8.3
Menino-Deus//work_37;-30.056.629.011.435.700;-51.223.901.834.013.100;7.0
Menino-Deus//school_37;-300.559.945.308.832;-5.122.417.937.294.830;5.5
Menino-Deus//home_38;-30.056.368.139.435.700;-51.227.622.248.356.100;3.8
Menino-Deus//work_38;-30.056.661.047.745.500;-5.122.739.643.689.680;3.8
Menino-Deus//school_38;-3.005.609.982.547.670;-51.226.507.200.215.000;3.8
Menino-Deus//home_39;-30.055.455.156.382.900;-5.122.511.378.766.490;4.5
Menino-Deus//work_39;-30.055.904.280.304.300;-5.122.529.721.274.070;4.0
Menino-Deus//school_39;-30.055.356.272.777.300;-5.122.615.503.163.110;4.2
Menino-Deus//home_40;-30.058.100.130.418.800;-5.122.911.976.026.580;3.5
Menino-Deus//work_40;-3.005.848.861.762.740;-5.122.840.946.428.940;4.3
Menino-Deus//school_40;-30.058.992.661.816.800;-5.122.833.872.605.800;3.8
Menino-Deus//home_41;-30.059.781.821.499.100;-5.122.707.138.280.730;5.2
Menino-Deus//work_41;-3.005.882.634.352.420;-5.122.673.939.173.160;5.2
Menino-Deus//school_41;-3.005.859.995.696.740;-5.122.715.077.477.090;4.2
Menino-Deus//home_42;-30.059.429.343.207.400;-5.122.667.737.390.170;5.9
Menino-Deus//work_42;-30.058.980.115.202.400;-5.122.597.340.272.920;5.1
Menino-Deus//school_42;-300.595.464.982.604;-5.122.534.720.572.080;6.6
Menino-Deus//home_43;-30.058.333.217.492.800;-5.122.583.191.644.580;5.0
Menino-Deus//work_43;-3.005.791.363.532.380;-51.226.228.085.949.200;4.5
Menino-Deus//school_43;-3.005.860.029.473.310;-5.122.574.811.258.380;5.6
Menino-Deus//home_44;-30.059.149.624.159.200;-5.122.400.150.827.960;7.4
Menino-Deus//work_44;-30.058.621.747.358.200;-51.223.236.823.336.200;9.1
Menino-Deus//school_44;-30.058.086.553.238.200;-5.122.359.864.412.230;8.1
Menino-Deus//home_45;-30.059.537.905.410.800;-51.221.881.486.268.400;9.8
Menino-Deus//work_45;-30.058.076.244.037.800;-512.221.611.851.943;9.7
Menino-Deus//school_45;-30.057.819.954.755.000;-5.122.244.957.384.140;9.3
Menino-Deus//home_46;-3.005.916.107.883.210;-5.122.159.564.805.530;10.0
Menino-Deus//work_46;-30.058.575.378.283.100;-5.122.105.945.207.060;10.0
Menino-Deus//school_46;-3.005.899.498.741.870;-5.121.987.593.537.490;10.0
Menino-Deus//home_47;-3.005.877.009.318.710;-5.121.859.709.777.930;10.0
Menino-Deus//work_47;-30.058.943.957.160.200;-51.218.377.108.051.900;10.0
Menino-Deus//school_47;-3.005.801.224.735.760;-5.121.911.869.347.900;10.0
Menino-Deus//home_48;-30.061.637.406.743.400;-51.222.681.580.366.300;10.0
Menino-Deus//work_48;-30.061.216.888.871.000;-51.222.549.094.718.600;10.0
Menino-Deus//school_48;-3.006.129.832.768.060;-51.222.224.924.887.300;10.0
Menino-Deus//home_49;-3.006.097.010.637.650;-5.122.386.977.388.980;10.0
Menino-Deus//work_49;-30.061.258.120.070.000;-51.223.718.109.418.800;10.0
Menino-Deus//school_49;-30.060.652.480.929.100;-5.122.403.534.763.410;9.8
Menino-Deus//home_50;-300.600.586.913.557;-5.122.840.091.537.670;4.3
Menino-Deus//work_50;-300.604.011.626.301;-5.122.909.862.278.640;4.7
Menino-Deus//school_50;-30.059.673.290.211.200;-5.122.954.099.198.330;3.3
Menino-Deus//home_51;-3.006.193.824.553.040;-51.231.038.914.530.400;3.7
Menino-Deus//work_51;-30.062.944.373.523.300;-5.123.148.573.872.280;3.8
Menino-Deus//school_51;-30.062.501.780.205.500;-5.123.136.117.326.950;3.8
Menino-Deus//home_52;-3.006.360.936.462.280;-51.229.110.895.413.200;10.0
Menino-Deus//work_52;-30.062.298.261.856.000;-5.122.889.267.279.350;6.0
Menino-Deus//school_52;-30.061.663.095.778.900;-5.122.981.463.223.430;5.3
Menino-Deus//home_53;-30.063.798.294.092.600;-5.122.883.419.205.530;10.0
Menino-Deus//work_53;-30.062.468.976.592.000;-51.228.033.512.520.700;7.0
Menino-Deus//school_53;-30.063.265.320.443.000;-5.122.790.867.497.890;9.6
Menino-Deus//home_54;-3.006.286.893.752.250;-5.122.508.600.120.460;10.0
Menino-Deus//work_54;-30.063.083.888.839.500;-5.122.397.805.696.980;10.0
Menino-Deus//school_54;-30.062.144.443.424.300;-51.225.740.833.812.200;9.4
Menino-Deus//home_55;-30.063.800.958.891.700;-5.122.688.995.281.840;10.0
Menino-Deus//work_55;-30.065.343.855.589.900;-51.225.070.658.317;10.0
Menino-Deus//school_55;-3.006.333.693.626.030;-5.122.676.779.260.870;10.0
Menino-Deus//home_56;-3.005.216.658.127.320;-5.122.022.274.895.410;6.3
Menino-Deus//work_56;-3.005.191.518.637.870;-5.121.964.785.830.280;6.3
Menino-Deus//school_56;-30.052.282.689.753.200;-5.121.983.186.632.950;6.3
Menino-Deus//home_57;-30.051.736.652.464.700;-5.122.541.645.581.400;4.2
Menino-Deus//work_57;-30.052.586.709.841.000;-512.247.381.144.851;4.1
Menino-Deus//school_57;-3.005.217.447.199.240;-5.122.492.914.511.410;4.0
Menino-Deus//home_58;-30.051.908.911.507.900;-5.122.362.837.298.490;5.5
Menino-Deus//work_58;-30.051.987.624.386.200;-5.122.322.242.319.040;5.5
Menino-Deus//school_58;-3.005.180.015.787.610;-5.122.440.908.068.030;4.0
Menino-Deus//home_59;-300.564.300.042.889;-51.222.712.508.026.200;8.3
Menino-Deus//work_59;-30.056.749.517.285.200;-5.122.285.804.226.090;8.0
Menino-Deus//school_59;-3.005.750.083.202.810;-5.122.310.772.041.840;7.7
Menino-Deus//home_60;-30.058.968.317.517.900;-5.122.468.767.052.180;7.0
Menino-Deus//work_60;-30.058.357.155.605.900;-5.122.486.381.563.280;7.0
Menino-Deus//school_60;-30.057.984.779.168.400;-5.122.442.143.513.440;6.7
Menino-Deus//home_61;-3.005.312.839.118.750;-5.122.039.895.425.980;6.1
Menino-Deus//work_61;-30.053.265.655.806.200;-51.219.912.027.973.600;6.7
Menino-Deus//school_61;-300.525.472.666.209;-5.121.955.182.625.530;6.3
Menino-Deus//home_62;-30.059.219.174.717.100;-5.121.887.866.498.610;10.0
Menino-Deus//work_62;-3.005.959.187.910.410;-51.219.629.231.530.600;10.0
Menino-Deus//school_62;-30.059.677.079.416.800;-5.121.953.477.829.710;10.0
Menino-Deus//home_63;-30.044.775.312.518.800;-5.122.488.941.356.170;3.8
Menino-Deus//work_63;-30.044.847.429.615.100;-5.122.469.554.548.810;4.0
Menino-Deus//school_63;-30.044.385.161.508.000;-5.122.541.184.802.940;3.8
Menino-Deus//home_64;-3.004.519.386.524.880;-51.224.406.084.994.300;4.0
Menino-Deus//work_64;-30.045.298.064.214.500;-5.122.476.194.897.630;3.8
Menino-Deus//school_64;-30.045.352.667.368.000;-5.122.446.822.246.010;3.8
Menino-Deus//home_65;-30.060.660.912.338.100;-5.122.847.902.670.270;4.8
Menino-Deus//work_65;-30.061.781.144.367.100;-5.122.879.401.313.690;5.2
Menino-Deus//school_65;-30.060.524.289.056.700;-5.122.542.132.382.340;8.3
Menino-Deus//home_66;-30.061.895.239.216.800;-51.227.629.608.191.900;5.7
Menino-Deus//work_66;-3.006.113.174.050.070;-5.122.697.445.901.430;6.6
Menino-Deus//school_66;-3.006.230.355.580.620;-5.122.755.650.371.270;6.4
Moinhos de Vento//home_0;-3.001.890.370.749.340;-5.120.392.520.132.690;10.0
Moinhos de Vento//work_0;-30.018.353.499.063;-51.203.703.045.479.900;10.0
Moinhos de Vento//school_0;-30.020.050.768.290.500;-51.204.079.106.327.800;10.0
Moinhos de Vento//home_1;-30.019.303.615.569.000;-51.202.388.783.689.000;10.0
Moinhos de Vento//work_1;-30.019.001.511.947.700;-5.120.261.070.950.770;10.0
Moinhos de Vento//school_1;-30.019.900.623.862.900;-5.120.176.932.556.010;10.0
Moinhos de Vento//home_2;-30.019.613.779.873.400;-5.120.097.070.915.550;9.8
Moinhos de Vento//work_2;-3.001.989.258.666.410;-51.200.113.383.965.000;10.0
Moinhos de Vento//school_2;-30.018.476.923.615.000;-5.120.095.496.325.470;9.0
Moinhos de Vento//home_3;-30.019.519.879.003.600;-51.199.930.453.270.300;10.0
Moinhos de Vento//work_3;-30.018.170.605.267.600;-5.120.018.422.485.870;8.5
Moinhos de Vento//school_3;-30.019.049.746.738.100;-51.199.701.535.205.300;9.6
Moinhos de Vento//home_4;-30.019.286.143.417.900;-5.119.907.087.877.270;9.5
Moinhos de Vento//work_4;-3.001.957.333.488.800;-5.119.850.866.955.170;10.0
Moinhos de Vento//school_4;-30.019.634.600.175.800;-5.119.825.574.675.520;10.0
Moinhos de Vento//home_5;-3.002.001.431.336.740;-5.120.642.286.828.760;10.0
Moinhos de Vento//work_5;-30.020.857.085.938.800;-5.120.692.853.652.100;9.5
Moinhos de Vento//school_5;-30.021.463.116.248.800;-5.120.746.132.211.780;7.8
Moinhos de Vento//home_6;-30.023.133.293.326.900;-5.120.950.773.789.930;7.1
Moinhos de Vento//work_6;-30.024.576.970.974.400;-5.120.981.711.738.680;8.2
Moinhos de Vento//school_6;-3.002.327.206.501.940;-5.120.964.777.482.050;7.1
Moinhos de Vento//home_7;-3.002.513.671.500.420;-51.209.622.527.146.200;10.0
Moinhos de Vento//work_7;-3.002.504.906.218.990;-5.120.946.612.748.800;10.0
Moinhos de Vento//school_7;-3.002.484.903.853.740;-51.209.278.767.803.900;10.0
Moinhos de Vento//home_8;-30.026.995.323.592.600;-5.120.814.651.272.350;10.0
Moinhos de Vento//work_8;-30.028.164.727.454.100;-5.120.703.592.770.250;10.0
Moinhos de Vento//school_8;-30.026.438.329.250.600;-5.120.905.362.295.250;10.0
Moinhos de Vento//home_9;-3.002.589.031.116.680;-5.120.934.869.615.460;10.0
Moinhos de Vento//work_9;-30.027.240.631.305.900;-5.120.701.598.603.210;10.0
Moinhos de Vento//school_9;-30.026.688.888.095.000;-5.120.652.619.707.670;10.0
Moinhos de Vento//home_10;-30.028.532.155.671.500;-5.120.793.227.903.810;10.0
Moinhos de Vento//work_10;-30.028.819.451.389.100;-512.073.222.219.008;10.0
Moinhos de Vento//school_10;-30.028.268.203.556.000;-5.120.610.799.725.930;10.0
Moinhos de Vento//home_11;-30.024.303.828.659.500;-5.120.661.027.211.940;10.0
Moinhos de Vento//work_11;-300.242.550.383.467;-5.120.702.988.685.630;10.0
Moinhos de Vento//school_11;-30.022.488.941.091.200;-512.072.333.392.535;10.0
Moinhos de Vento//home_12;-30.022.652.964.461.100;-5.120.562.535.305.010;10.0
Moinhos de Vento//work_12;-30.020.223.310.355.900;-5.120.522.553.532.220;10.0
Moinhos de Vento//school_12;-30.022.368.687.493.000;-5.120.533.909.528.520;10.0
Moinhos de Vento//home_13;-3.002.441.632.210.980;-5.120.536.238.291.120;10.0
Moinhos de Vento//work_13;-3.002.678.643.066.940;-5.120.512.957.679.780;10.0
Moinhos de Vento//school_13;-30.026.182.520.703.800;-5.120.545.297.349.890;10.0
Moinhos de Vento//home_14;-3.002.859.616.572.510;-5.120.566.954.047.240;10.0
Moinhos de Vento//work_14;-30.028.201.493.684.400;-5.120.502.227.865.530;10.0
Moinhos de Vento//school_14;-30.027.494.736.618.300;-51.203.945.001.694.700;10.0
Moinhos de Vento//home_15;-30.025.798.344.147.700;-5.120.562.453.231.540;10.0
Moinhos de Vento//work_15;-30.023.548.617.728.300;-5.120.456.829.894.250;10.0
Moinhos de Vento//school_15;-30.024.952.214.615.700;-5.120.467.563.546.850;10.0
Moinhos de Vento//home_16;-30.021.691.187.431.500;-51.202.324.426.845.600;10.0
Moinhos de Vento//work_16;-3.002.151.861.087.490;-51.202.092.794.523.600;10.0
Moinhos de Vento//school_16;-30.020.348.954.349.900;-51.203.672.983.200.700;10.0
Moinhos de Vento//home_17;-30.021.692.289.608.500;-51.200.012.030.770.300;10.0
Moinhos de Vento//work_17;-30.020.502.131.793.200;-5.120.176.127.898.460;10.0
Moinhos de Vento//school_17;-3.002.398.993.213.040;-5.120.024.292.258.880;10.0
Moinhos de Vento//home_18;-3.002.419.120.736.140;-51.201.406.132.437.600;10.0
Moinhos de Vento//work_18;-30.023.947.973.148.000;-5.120.155.867.322.970;10.0
Moinhos de Vento//school_18;-30.026.105.773.797.200;-512.035.717.384.621;10.0
Moinhos de Vento//home_19;-30.028.161.657.970.100;-51.202.312.174.899.600;10.0
Moinhos de Vento//work_19;-30.027.788.058.648.000;-51.202.994.496.151.400;10.0
Moinhos de Vento//school_19;-30.025.922.829.066.600;-5.120.175.238.136.640;10.0
Moinhos de Vento//home_20;-3.002.456.944.644.670;-511.994.149.998.428;10.0
Moinhos de Vento//work_20;-3.002.430.343.428.570;-51.198.524.683.574.300;10.0
Moinhos de Vento//school_20;-3.002.403.161.162.370;-51.199.321.379.794.600;10.0
Moinhos de Vento//home_21;-30.022.929.504.946.100;-5.119.831.407.524.730;10.0
Moinhos de Vento//work_21;-300.231.538.597.478;-5.119.844.295.862.540;10.0
Moinhos de Vento//school_21;-30.023.163.492.362.900;-5.119.936.239.608.930;10.0
Moinhos de Vento//home_22;-30.020.120.067.559.600;-5.119.841.419.678.420;10.0
Moinhos de Vento//work_22;-30.020.318.893.201.100;-51.199.857.990.247.300;10.0
Moinhos de Vento//school_22;-30.021.136.873.936.400;-5.119.895.541.687.880;10.0
Moinhos de Vento//home_23;-300.212.089.272.943;-5.119.777.622.942.380;10.0
Moinhos de Vento//work_23;-30.022.131.900.960.300;-5.119.796.558.470.070;10.0
Moinhos de Vento//school_23;-30.022.495.576.173.100;-5.119.775.380.074.790;10.0
Moinhos de Vento//home_24;-30.027.114.676.097.600;-5.119.705.991.932.260;10.0
Moinhos de Vento//work_24;-30.024.796.525.237.300;-5.119.786.639.469.290;10.0
Moinhos de Vento//school_24;-30.023.616.034.045.100;-51.197.511.484.364.700;10.0
Moinhos de Vento//home_25;-3.002.637.828.322.260;-5.119.829.583.850.590;10.0
Moinhos de Vento//work_25;-30.025.147.195.639.400;-51.199.540.953.499.200;10.0
Moinhos de Vento//school_25;-30.026.399.798.892.900;-5.119.765.596.693.910;10.0
Mont‚ÄôSerrat//home_0;-30.026.655.460.364.700;-5.119.594.569.116.110;10.0
Mont‚ÄôSerrat//work_0;-30.026.516.968.286.300;-5.119.517.160.680.760;10.0
Mont‚ÄôSerrat//school_0;-30.026.418.215.229.800;-5.119.565.451.204.330;10.0
Mont‚ÄôSerrat//home_1;-30.027.171.426.238.600;-51.194.570.736.306.100;10.0
Mont‚ÄôSerrat//work_1;-3.002.712.189.098.250;-5.119.405.543.712.080;10.0
Mont‚ÄôSerrat//school_1;-3.002.516.182.091.940;-5.119.477.487.508.770;10.0
Mont‚ÄôSerrat//home_2;-3.002.482.765.855.540;-511.922.519.977.141;10.0
Mont‚ÄôSerrat//work_2;-300.250.079.242.318;-5.119.323.097.601.210;10.0
Mont‚ÄôSerrat//school_2;-300.245.728.555.687;-5.119.217.196.436.300;10.0
Mont‚ÄôSerrat//home_3;-3.002.582.419.939.000;-51.190.455.907.516.600;10.0
Mont‚ÄôSerrat//work_3;-30.025.747.490.860.300;-5.119.110.120.146.580;10.0
Mont‚ÄôSerrat//school_3;-30.025.625.921.531.700;-5.119.073.230.835.750;10.0
Mont‚ÄôSerrat//home_4;-3.002.522.196.600.420;-5.118.887.175.084.760;10.0
Mont‚ÄôSerrat//work_4;-30.025.699.359.342.900;-51.189.436.104.816.200;10.0
Mont‚ÄôSerrat//school_4;-30.025.168.698.631.100;-511.888.575.370.205;10.0
Mont‚ÄôSerrat//home_5;-3.002.428.546.342.040;-5.118.840.521.896.840;10.0
Mont‚ÄôSerrat//work_5;-30.024.954.314.481.300;-5.118.845.981.602.080;10.0
Mont‚ÄôSerrat//school_5;-30.026.617.887.942.000;-5.118.767.537.970.560;10.0
Mont‚ÄôSerrat//home_6;-30.024.319.948.164.300;-51.186.591.853.582.400;10.0
Mont‚ÄôSerrat//work_6;-30.024.428.440.844.100;-5.118.704.964.830.120;10.0
Mont‚ÄôSerrat//school_6;-3.002.461.637.914.370;-5.118.647.442.320.660;10.0
Mont‚ÄôSerrat//home_7;-3.002.531.590.098.790;-51.186.319.278.806.100;10.0
Mont‚ÄôSerrat//work_7;-30.025.019.565.442.100;-5.118.640.576.154.920;10.0
Mont‚ÄôSerrat//school_7;-30.024.581.902.500.100;-5.118.615.491.777.910;10.0
Mont‚ÄôSerrat//home_8;-30.024.443.848.875.800;-51.183.561.801.307.200;10.0
Mont‚ÄôSerrat//work_8;-30.024.844.522.251.000;-51.183.484.852.821.700;10.0
Mont‚ÄôSerrat//school_8;-30.025.354.591.921.700;-5.118.505.120.391.550;10.0
Mont‚ÄôSerrat//home_9;-30.027.172.490.973.700;-5.118.561.304.909.110;10.0
Mont‚ÄôSerrat//work_9;-30.028.667.783.783.400;-5.118.602.693.079.320;10.0
Mont‚ÄôSerrat//school_9;-30.027.701.558.558.100;-5.118.486.380.510.270;10.0
Mont‚ÄôSerrat//home_10;-30.027.259.042.528.300;-51.183.116.931.120.700;10.0
Mont‚ÄôSerrat//work_10;-30.028.005.221.934.100;-5.118.399.577.086.380;10.0
Mont‚ÄôSerrat//school_10;-30.027.571.975.933.800;-5.118.299.109.021.170;10.0
Mont‚ÄôSerrat//home_11;-30.029.022.682.737.700;-5.118.771.918.640.340;10.0
Mont‚ÄôSerrat//work_11;-3.002.896.324.570.500;-51.186.901.606.891.600;10.0
Mont‚ÄôSerrat//school_11;-30.030.043.217.971.000;-5.118.719.935.393.380;10.0
Mont‚ÄôSerrat//home_12;-30.027.220.645.605.300;-5.118.984.518.019.090;10.0
Mont‚ÄôSerrat//work_12;-30.027.758.481.636.100;-5.118.772.537.152.650;10.0
Mont‚ÄôSerrat//school_12;-30.027.084.989.151.100;-5.118.997.691.429.030;10.0
Mont‚ÄôSerrat//home_13;-3.002.780.640.687.680;-5.119.107.134.387.170;10.0
Mont‚ÄôSerrat//work_13;-3.002.820.573.347.690;-5.119.038.482.389.390;10.0
Mont‚ÄôSerrat//school_13;-30.027.958.344.106.200;-51.190.783.832.355.200;10.0
Mont‚ÄôSerrat//home_14;-3.003.068.434.373.950;-5.118.914.090.562.510;10.0
Mont‚ÄôSerrat//work_14;-30.029.946.354.229.900;-51.189.019.933.452.000;10.0
Mont‚ÄôSerrat//school_14;-3.003.002.649.984.350;-51.189.355.778.707.100;10.0
Mont‚ÄôSerrat//home_15;-3.002.971.619.155.300;-5.119.165.651.157.990;10.0
Mont‚ÄôSerrat//work_15;-30.029.239.639.405.800;-5.119.235.293.040.460;10.0
Mont‚ÄôSerrat//school_15;-3.002.993.459.485.460;-5.119.201.351.758.960;10.0
Mont‚ÄôSerrat//home_16;-30.028.054.034.880.700;-5.119.264.347.067.920;10.0
Mont‚ÄôSerrat//work_16;-30.027.825.236.381.100;-5.119.270.780.419.310;10.0
Mont‚ÄôSerrat//school_16;-3.002.740.368.704.940;-5.119.312.604.254.790;10.0
Mont‚ÄôSerrat//home_17;-30.029.336.700.983.300;-5.119.300.453.093.750;10.0
Mont‚ÄôSerrat//work_17;-30.028.520.743.973.900;-51.193.271.986.878.300;10.0
Mont‚ÄôSerrat//school_17;-3.002.845.600.368.930;-5.119.447.571.534.840;10.0
Mont‚ÄôSerrat//home_18;-300.250.971.561.171;-511.964.091.104.628;10.0
Mont‚ÄôSerrat//work_18;-30.024.784.478.911.500;-5.119.529.212.694.970;10.0
Mont‚ÄôSerrat//school_18;-30.025.009.168.068.900;-51.196.062.895.766.900;10.0
Mont‚ÄôSerrat//home_19;-3.002.999.154.321.750;-51.190.799.575.055.000;10.0
Mont‚ÄôSerrat//work_19;-3.002.927.984.755.350;-51.190.863.210.576.100;10.0
Mont‚ÄôSerrat//school_19;-3.002.873.647.839.280;-5.119.117.232.827.850;10.0
Morro Santana//home_0;-3.004.366.514.463.060;-51.133.891.808.646.700;10.0
Morro Santana//work_0;-30.043.439.651.033.500;-5.113.344.550.887.160;10.0
Morro Santana//school_0;-30.042.335.216.651.000;-5.113.355.133.170.170;10.0
Morro Santana//home_1;-30.046.089.337.117.600;-5.113.417.193.029.720;10.0
Morro Santana//work_1;-30.044.853.100.844.000;-51.133.654.770.064.300;10.0
Morro Santana//school_1;-30.045.007.411.910.000;-5.113.438.146.503.490;10.0
Morro Santana//home_2;-3.004.745.994.044.730;-5.113.792.876.338.810;10.0
Morro Santana//work_2;-30.053.089.540.944.800;-5.113.626.910.845.430;10.0
Morro Santana//school_2;-30.051.192.663.502.800;-5.113.914.891.883.290;10.0
Morro Santana//home_3;-30.048.506.179.450.200;-5.113.493.019.145.890;10.0
Morro Santana//work_3;-30.049.414.218.554.200;-5.113.530.768.840.450;10.0
Morro Santana//school_3;-30.046.514.116.147.400;-51.135.925.579.676.200;10.0
Morro Santana//home_4;-30.051.436.079.255.800;-5.113.065.133.373.070;10.0
Morro Santana//work_4;-30.049.253.334.852.000;-5.113.179.876.449.590;10.0
Morro Santana//school_4;-30.049.911.105.718.600;-511.291.003.076.005;10.0
Morro Santana//home_5;-30.047.845.675.146.900;-5.112.877.066.854.330;10.0
Morro Santana//work_5;-30.047.701.788.325.600;-51.130.585.858.600.900;10.0
Morro Santana//school_5;-3.004.743.437.467.750;-51.128.586.411.396.600;10.0
Morro Santana//home_6;-30.040.801.340.754.000;-5.112.857.379.871.030;10.0
Morro Santana//work_6;-30.041.477.240.424.100;-5.112.811.788.768.780;10.0
Morro Santana//school_6;-30.041.614.739.091.800;-5.112.702.565.274.070;10.0
Morro Santana//home_7;-3.004.307.653.063.260;-5.112.765.414.015.590;10.0
Morro Santana//work_7;-30.043.668.048.354.900;-51.126.509.726.793.100;10.0
Morro Santana//school_7;-3.004.322.506.994.110;-5.112.736.957.720.800;10.0
Morro Santana//home_8;-30.045.714.684.601.200;-5.112.615.003.885.730;10.0
Morro Santana//work_8;-30.046.113.207.934.400;-5.112.742.532.021.650;10.0
Morro Santana//school_8;-30.045.520.268.337.800;-51.127.205.313.721.200;10.0
Morro Santana//home_9;-30.044.942.732.272.900;-5.112.489.631.996.030;10.0
Morro Santana//work_9;-30.053.706.314.473.200;-5.112.686.731.580.170;10.0
Morro Santana//school_9;-30.048.994.261.334.600;-5.112.677.143.702.460;10.0
Morro Santana//home_10;-30.043.161.005.709.900;-5.112.491.658.140.360;10.0
Morro Santana//work_10;-3.004.169.124.524.860;-5.112.596.783.538.470;10.0
Morro Santana//school_10;-30.041.575.435.927.400;-5.112.500.873.984.650;10.0
Morro Santana//home_11;-30.040.364.013.637.900;-5.112.537.743.313.250;10.0
Morro Santana//work_11;-30.040.199.118.575.300;-5.112.596.886.625.360;10.0
Morro Santana//school_11;-30.043.508.130.857.800;-5.112.428.990.886.500;10.0
Morro Santana//home_12;-3.004.074.772.471.590;-5.112.316.423.172.090;10.0
Morro Santana//work_12;-30.040.036.892.399.200;-51.121.607.595.103.900;10.0
Morro Santana//school_12;-30.040.142.254.558.800;-5.112.235.580.022.610;10.0
Morro Santana//home_13;-30.043.638.341.269.700;-51.123.179.049.292.900;10.0
Morro Santana//work_13;-30.042.173.919.397.500;-5.112.381.646.911.230;10.0
Morro Santana//school_13;-300.418.161.297.611;-51.123.230.719.193.500;10.0
Morro Santana//home_14;-30.042.431.838.542.900;-51.121.237.045.988.600;10.0
Morro Santana//work_14;-3.004.540.930.720.070;-5.112.273.100.679.580;10.0
Morro Santana//school_14;-30.048.328.648.102.000;-5.112.374.541.929.020;10.0
Morro Santana//home_15;-30.034.790.454.088.800;-5.113.267.162.770.780;10.0
Morro Santana//work_15;-30.034.392.832.692.600;-5.113.228.745.781.600;10.0
Morro Santana//school_15;-3.003.430.274.046.950;-51.135.089.227.270.700;10.0
Morro Santana//home_16;-30.039.466.184.095.900;-5.113.262.934.623.960;10.0
Morro Santana//work_16;-3.003.752.100.204.410;-5.113.372.888.914.990;10.0
Morro Santana//school_16;-3.004.007.810.741.790;-5.113.558.889.247.700;10.0
Morro Santana//home_17;-30.037.912.619.605.100;-5.113.063.846.403.350;10.0
Morro Santana//work_17;-30.037.389.441.557.200;-5.113.053.292.020.960;10.0
Morro Santana//school_17;-3.003.884.597.000.870;-51.130.748.243.564.100;10.0
Morro Santana//home_18;-30.038.820.014.885.000;-5.113.020.859.939.960;10.0
Morro Santana//work_18;-30.037.903.898.125.200;-511.287.315.249.859;10.0
Morro Santana//school_18;-300.393.691.231.351;-5.112.886.240.840.750;10.0
Morro Santana//home_19;-300.395.417.659.418;-5.112.725.006.756.810;10.0
Morro Santana//work_19;-3.003.986.725.775.860;-51.127.270.342.510.600;10.0
Morro Santana//school_19;-3.004.004.935.861.610;-51.127.746.322.373.800;10.0
Morro Santana//home_20;-30.037.955.385.600.700;-5.112.811.591.329.430;10.0
Morro Santana//work_20;-3.003.776.631.679.720;-5.112.730.274.896.880;10.0
Morro Santana//school_20;-3.003.795.793.231.500;-5.112.735.794.948.440;10.0
Morro Santana//home_21;-3.003.675.548.754.450;-5.113.096.234.104.280;10.0
Morro Santana//work_21;-30.034.764.317.143.500;-5.112.783.829.037.450;10.0
Morro Santana//school_21;-30.035.094.663.131.600;-51.128.270.877.401.800;10.0
Morro Santana//home_22;-30.033.676.042.293.200;-5.112.407.283.927.330;10.0
Morro Santana//work_22;-300.336.973.871.568;-5.112.298.751.228.290;10.0
Morro Santana//school_22;-3.003.600.433.096.600;-51.125.390.562.329.800;10.0
Morro Santana//home_23;-30.037.868.297.357.400;-51.126.429.304.118.900;10.0
Morro Santana//work_23;-30.037.338.828.896.000;-51.126.663.569.581.100;10.0
Morro Santana//school_23;-3.003.798.770.828.450;-5.112.642.135.140.980;10.0
Morro Santana//home_24;-3.003.971.165.144.980;-5.112.670.605.296.000;10.0
Morro Santana//work_24;-300.391.471.496.836;-51.126.548.345.762.600;10.0
Morro Santana//school_24;-30.039.453.312.476.600;-51.126.435.560.876.300;10.0
Morro Santana//home_25;-30.038.482.668.159.300;-5.112.581.880.195.850;10.0
Morro Santana//work_25;-30.038.328.396.105.100;-51.124.647.270.050.400;10.0
Morro Santana//school_25;-3.003.935.282.029;-51.124.764.001.141.200;10.0
Morro Santana//home_26;-30.037.758.015.020.300;-5.112.222.553.350.250;10.0
Morro Santana//work_26;-30.038.198.072.731.400;-5.112.383.376.749.150;10.0
Morro Santana//school_26;-3.003.665.005.681.230;-5.112.356.264.495.650;10.0
Morro Santana//home_27;-30.039.310.122.779.600;-511.274.442.003.703;10.0
Morro Santana//work_27;-30.039.281.117.386.400;-51.127.073.184.210.700;10.0
Morro Santana//school_27;-3.003.904.625.150.360;-5.112.802.306.949.990;10.0
Morro Santana//home_28;-30.046.560.965.599.900;-51.133.182.393.593.500;10.0
Morro Santana//work_28;-30.046.833.411.834.500;-5.113.323.974.612.300;10.0
Morro Santana//school_28;-30.046.359.045.832.400;-511.340.949.215.318;10.0
Morro Santana//home_29;-30.051.011.786.056.000;-51.134.281.027.726.900;10.0
Morro Santana//work_29;-3.004.779.115.998.300;-5.113.343.077.786.220;10.0
Morro Santana//school_29;-30.052.281.355.276.100;-5.113.370.229.436.920;10.0
Morro Santana//home_30;-30.033.321.609.738.900;-51.134.322.292.664.200;10.0
Morro Santana//work_30;-30.031.128.010.559.000;-5.112.676.510.855.480;10.0
Morro Santana//school_30;-30.031.844.184.899.500;-5.112.788.246.915.320;10.0
Morro Santana//home_31;-3.004.563.192.613.840;-5.110.905.079.352.250;10.0
Morro Santana//work_31;-30.040.225.705.533.200;-5.112.006.382.752.900;10.0
Morro Santana//school_31;-30.049.062.174.131.200;-5.111.581.039.236.020;10.0
Morro Santana//home_32;-30.039.711.516.343.200;-51.119.631.609.861.800;10.0
Morro Santana//work_32;-30.039.246.867.971.200;-5.111.968.049.109.110;10.0
Morro Santana//school_32;-30.039.550.756.654.800;-5.111.996.830.420.730;10.0
Morro Santana//home_33;-30.042.348.124.919.100;-511.081.777.146.819;10.0
Morro Santana//work_33;-3.004.152.425.777.030;-5.110.845.459.720.910;10.0
Morro Santana//school_33;-30.042.158.747.336.400;-5.110.858.046.385.150;10.0
Morro Santana//home_34;-30.042.343.839.337.500;-5.110.797.059.368.400;10.0
Morro Santana//work_34;-3.004.297.429.259.690;-5.110.820.978.138.250;10.0
Morro Santana//school_34;-30.043.806.689.917.300;-51.107.995.776.357.400;10.0
Morro Santana//home_35;-3.004.413.002.885.520;-5.113.245.028.076.470;10.0
Morro Santana//work_35;-30.041.288.513.027.000;-5.113.005.767.186.110;10.0
Morro Santana//school_35;-3.004.630.192.469.110;-5.113.211.147.895.900;10.0
Morro Santana//home_36;-30.041.047.774.539.900;-511.295.065.129.876;10.0
Morro Santana//work_36;-30.041.650.825.491.200;-51.129.586.579.007.900;10.0
Morro Santana//school_36;-30.041.462.939.394.300;-5.112.990.738.042.490;10.0
Morro Santana//home_37;-30.041.941.771.686.400;-51.129.071.482.867;10.0
Morro Santana//work_37;-30.043.068.933.266.300;-5.113.012.953.190.200;10.0
Morro Santana//school_37;-30.042.117.888.351.600;-511.300.001.896.042;10.0
Morro Santana//home_38;-3.004.436.155.504.230;-51.129.506.646.263.300;10.0
Morro Santana//work_38;-30.045.215.906.561.600;-5.113.045.425.416.680;10.0
Morro Santana//school_38;-30.044.946.482.593.100;-5.113.008.959.828.100;10.0
Navegantes//home_0;-29.993.701.929.614.100;-5.119.927.277.940.520;3.2
Navegantes//work_0;-2.999.430.135.771.450;-5.119.923.829.357.440;3.3
Navegantes//school_0;-2.999.377.640.102.570;-51.200.625.023.101.600;3.1
Navegantes//home_1;-299.966.487.769.816;-5.120.368.547.021.880;3.7
Navegantes//work_1;-29.994.776.683.379.200;-51.201.570.258.667.200;3.5
Navegantes//school_1;-2.999.740.473.165.820;-5.120.206.262.779.430;3.7
Navegantes//home_2;-29.997.360.265.077.700;-5.119.144.937.047.350;3.8
Navegantes//work_2;-2.999.753.532.722.780;-5.119.242.495.913.740;3.6
Navegantes//school_2;-29.997.148.441.663.100;-5.119.108.241.140.820;3.9
Navegantes//home_3;-3.000.042.345.272.760;-51.193.825.855.884.500;3.7
Navegantes//work_3;-29.999.748.117.017.100;-5.119.515.517.839.110;3.7
Navegantes//school_3;-29.999.323.457.382.100;-5.119.651.108.283.760;3.7
Navegantes//home_4;-30.000.482.111.679.200;-5.120.068.113.366.710;3.7
Navegantes//work_4;-30.000.004.420.817.900;-5.120.350.890.279.070;3.6
Navegantes//school_4;-29.998.806.498.945.700;-51.205.790.422.772.600;3.7
Navegantes//home_5;-3.000.142.906.539.810;-5.119.864.162.819.880;3.9
Navegantes//work_5;-30.000.947.728.024.400;-5.119.955.452.013.380;3.4
Navegantes//school_5;-30.000.812.520.118.900;-5.119.932.989.040.250;3.4
Navegantes//home_6;-3.000.224.101.899.210;-51.193.964.741.244.000;3.7
Navegantes//work_6;-30.002.911.033.429.900;-5.119.474.773.459.470;4.0
Navegantes//school_6;-30.002.905.482.228.700;-5.119.462.118.162.140;4.2
Navegantes//home_7;-30.002.930.420.498.000;-5.119.558.455.623.980;4.2
Navegantes//work_7;-30.003.576.677.706.800;-5.119.572.374.825.560;4.0
Navegantes//school_7;-300.034.611.056.822;-5.119.873.975.405.570;4.3
Navegantes//home_8;-3.000.169.793.190.310;-5.120.314.747.847.150;3.8
Navegantes//work_8;-30.003.366.384.593.600;-5.120.610.904.507.180;3.6
Navegantes//school_8;-3.000.151.499.270.480;-5.120.512.452.515.500;3.6
Navegantes//home_9;-3.000.413.172.323.950;-5.120.165.769.091.770;4.1
Navegantes//work_9;-3.000.453.168.273.370;-51.200.582.778.297.000;4.2
Navegantes//school_9;-30.004.809.913.100.300;-5.120.008.209.808.120;4.0
Navegantes//home_10;-30.004.262.282.077.700;-5.119.887.457.523.470;4.3
Navegantes//work_10;-3.000.400.318.170.160;-512.012.239.432.407;4.0
Navegantes//school_10;-30.004.016.024.814.500;-51.201.304.693.805.200;4.0
Navegantes//home_11;-30.004.576.221.998.900;-5.119.484.152.507.540;4.2
Navegantes//work_11;-30.004.392.332.809.900;-5.119.664.177.452.880;3.9
Navegantes//school_11;-30.004.294.708.974.200;-51.195.502.322.705.800;4.2
Navegantes//home_12;-30.006.004.409.190.900;-511.957.480.148.905;4.1
Navegantes//work_12;-30.005.973.714.789.300;-51.197.332.327.440.900;3.8
Navegantes//school_12;-30.006.104.598.759.000;-5.119.534.180.331.600;4.1
Navegantes//home_13;-29.993.215.925.110.400;-51.196.601.284.492.000;3.2
Navegantes//work_13;-29.990.082.702.387.600;-5.120.240.679.647.450;3.1
Navegantes//school_13;-299.979.821.078.092;-5.120.633.153.251.320;3.1
Nonoai//home_0;-30.087.093.958.875.500;-5.122.649.147.623.840;10.0
Nonoai//work_0;-3.008.700.677.259.140;-5.122.705.726.094.480;10.0
Nonoai//school_0;-3.008.718.386.175.260;-51.226.451.694.985.000;10.0
Nonoai//home_1;-30.085.706.681.306.100;-5.122.587.058.510.320;10.0
Nonoai//work_1;-30.085.859.791.567.200;-5.122.580.465.188.170;10.0
Nonoai//school_1;-30.085.929.880.137.300;-51.225.482.482.417.100;10.0
Nonoai//home_2;-30.084.528.931.163.100;-51.224.392.828.852.200;10.0
Nonoai//work_2;-3.008.531.068.309.350;-51.223.558.818.755.600;10.0
Nonoai//school_2;-30.086.442.949.606.000;-5.122.417.023.980.840;10.0
Nonoai//home_3;-30.085.544.482.459.800;-5.122.409.479.095.550;10.0
Nonoai//work_3;-30.085.588.994.548.200;-51.223.249.724.251.600;10.0
Nonoai//school_3;-30.084.829.284.471.200;-5.122.340.953.759.380;10.0
Nonoai//home_4;-30.082.587.792.033.200;-5.122.180.241.778.600;10.0
Nonoai//work_4;-30.083.001.620.184.800;-5.122.073.827.921.580;10.0
Nonoai//school_4;-30.083.024.524.922.800;-5.122.155.156.204.040;10.0
Nonoai//home_5;-30.082.828.177.155.900;-5.122.084.280.178.190;10.0
Nonoai//work_5;-30.082.345.856.726.200;-51.220.101.818.068.200;10.0
Nonoai//school_5;-30.082.255.810.038.200;-512.207.917.914.644;10.0
Nonoai//home_6;-3.008.144.732.375.820;-5.122.031.989.796.560;10.0
Nonoai//work_6;-3.008.124.869.193.880;-512.199.057.697.845;10.0
Nonoai//school_6;-300.813.965.333.281;-5.121.980.839.461.300;10.0
Nonoai//home_7;-3.008.123.923.141.550;-5.121.799.645.238.710;10.0
Nonoai//work_7;-3.007.915.033.007.630;-5.121.754.887.070.580;10.0
Nonoai//school_7;-3.008.166.808.769.690;-5.121.786.015.594.200;10.0
Nonoai//home_8;-30.081.115.749.109.500;-512.189.761.230.262;10.0
Nonoai//work_8;-30.080.769.480.073.500;-5.121.840.427.818.750;10.0
Nonoai//school_8;-3.008.030.063.151.110;-5.121.834.333.263.150;10.0
Nonoai//home_9;-30.079.228.027.463.600;-51.217.563.813.063.700;10.0
Nonoai//work_9;-30.080.014.043.445.700;-5.121.785.335.316.820;10.0
Nonoai//school_9;-30.079.570.398.546.900;-5.121.828.974.508.600;10.0
Nonoai//home_10;-3.007.899.671.551.300;-5.121.511.422.850.710;10.0
Nonoai//work_10;-30.079.056.836.678.700;-5.121.585.784.938.100;10.0
Nonoai//school_10;-30.079.489.390.059.200;-5.121.661.488.997.420;10.0
Nonoai//home_11;-3.008.260.129.652.140;-5.121.778.944.880.520;10.0
Nonoai//work_11;-3.008.193.373.910.510;-5.121.672.454.491.470;10.0
Nonoai//school_11;-30.083.180.884.174.000;-5.121.817.538.128.820;10.0
Nonoai//home_12;-3.008.459.305.186.130;-5.121.787.478.985.800;10.0
Nonoai//work_12;-30.084.101.186.800.500;-5.121.748.691.693.000;10.0
Nonoai//school_12;-30.084.850.627.292.900;-5.121.581.266.621.470;10.0
Nonoai//home_13;-30.086.135.764.610.100;-51.214.942.038.749.700;10.0
Nonoai//work_13;-30.085.120.805.234.800;-51.213.463.277.877.700;10.0
Nonoai//school_13;-3.008.514.490.016.300;-5.121.417.233.899.820;10.0
Nonoai//home_14;-3.008.605.519.208.040;-5.121.583.070.405.110;10.0
Nonoai//work_14;-30.085.958.856.533.800;-5.121.547.723.619.750;10.0
Nonoai//school_14;-30.085.428.358.084.700;-51.216.812.240.561.000;10.0
Nonoai//home_15;-30.084.695.395.621.900;-5.121.990.639.851.540;10.0
Nonoai//work_15;-3.008.543.321.816.220;-5.121.917.188.630.270;10.0
Nonoai//school_15;-30.085.570.408.439.100;-51.218.439.233.063.000;10.0
Nonoai//home_16;-30.083.743.742.426.700;-51.222.211.585.405.000;10.0
Nonoai//work_16;-30.086.776.802.533.000;-5.122.067.989.065.100;10.0
Nonoai//school_16;-30.083.011.420.565.500;-5.122.221.570.983.290;10.0
Nonoai//home_17;-30.088.380.122.879.400;-5.122.196.221.779.730;10.0
Nonoai//work_17;-30.086.186.127.185.900;-5.122.157.588.979.360;10.0
Nonoai//school_17;-30.087.576.210.114.200;-5.122.279.914.081.850;10.0
Nonoai//home_18;-30.087.663.202.569.300;-5.122.553.231.498.480;10.0
Nonoai//work_18;-3.008.856.062.745.550;-5.122.634.508.400.910;10.0
Nonoai//school_18;-30.088.769.276.594.100;-5.122.613.401.436.670;10.0
Nonoai//home_19;-30.091.786.670.491.700;-5.123.046.169.723.760;10.0
Nonoai//work_19;-300.921.230.182.704;-5.122.911.348.343.210;10.0
Nonoai//school_19;-30.092.490.739.556.400;-5.122.956.966.516.920;10.0
Nonoai//home_20;-30.092.185.949.688.000;-5.122.837.334.124.370;10.0
Nonoai//work_20;-30.092.809.558.606.000;-512.252.557.737.817;10.0
Nonoai//school_20;-30.093.950.742.741.800;-5.122.695.464.968.670;10.0
Nonoai//home_21;-30.090.268.264.195.300;-5.122.840.503.569.850;10.0
Nonoai//work_21;-30.090.777.723.358.300;-5.122.958.824.811.550;10.0
Nonoai//school_21;-30.089.999.117.465.000;-5.122.857.544.275.690;10.0
Nonoai//home_22;-30.091.861.207.629.600;-5.122.375.338.186.010;10.0
Nonoai//work_22;-30.091.838.735.997.100;-5.122.526.357.015.710;10.0
Nonoai//school_22;-30.091.973.520.893.500;-5.122.517.708.652.680;10.0
Nonoai//home_23;-3.008.975.432.219.070;-5.122.455.972.816.650;10.0
Nonoai//work_23;-30.090.119.204.544.100;-5.122.361.992.502.510;10.0
Nonoai//school_23;-3.009.124.337.987.140;-5.122.290.343.836.130;10.0
Nonoai//home_24;-30.089.922.088.639.200;-51.222.166.017.793.500;10.0
Nonoai//work_24;-3.009.086.735.055.290;-5.122.124.663.575.200;10.0
Nonoai//school_24;-3.008.899.486.870.030;-5.122.246.446.134.830;10.0
Nonoai//home_25;-30.088.197.720.972.000;-5.121.866.166.426.740;10.0
Nonoai//work_25;-3.008.845.997.827.080;-512.205.982.615.071;10.0
Nonoai//school_25;-30.088.771.173.110.000;-51.217.734.170.082.600;10.0
Nonoai//home_26;-30.086.817.247.330.600;-51.215.313.345.937.900;10.0
Nonoai//work_26;-30.087.525.212.294.600;-5.121.577.137.163.450;10.0
Nonoai//school_26;-30.091.587.219.628.100;-512.185.658.186.483;10.0
Nonoai//home_27;-30.089.362.983.940.700;-51.217.573.648.208.200;10.0
Nonoai//work_27;-30.088.883.046.671.000;-51.217.510.637.321.100;10.0
Nonoai//school_27;-30.089.783.411.445.200;-5.121.793.548.161.490;10.0
Nonoai//home_28;-3.008.651.660.001.970;-5.121.453.236.099.490;10.0
Nonoai//work_28;-3.008.616.592.929.310;-5.121.419.537.760.310;10.0
Nonoai//school_28;-30.089.073.981.260.900;-5.121.426.320.802.730;10.0
Nonoai//home_29;-30.086.492.023.609.500;-51.212.249.580.607.400;10.0
Nonoai//work_29;-30.086.692.320.941.800;-5.121.167.818.187.200;10.0
Nonoai//school_29;-3.008.650.154.118.290;-51.212.826.107.243.700;10.0
Nonoai//home_30;-30.089.565.463.437.900;-51.208.297.704.753.200;10.0
Nonoai//work_30;-30.089.642.192.842.400;-5.120.648.226.155.250;10.0
Nonoai//school_30;-30.088.570.889.322.500;-5.120.955.862.069.140;10.0
Nonoai//home_31;-30.095.026.612.108.000;-5.120.499.630.414.910;10.0
Nonoai//work_31;-30.092.005.916.388.000;-5.120.258.268.554.570;10.0
Nonoai//school_31;-3.009.101.897.383.150;-5.120.483.612.819.640;10.0
Nonoai//home_32;-30.093.065.654.573.400;-5.121.233.072.284.360;10.0
Nonoai//work_32;-30.092.397.053.138.400;-5.120.861.061.279.270;10.0
Nonoai//school_32;-3.009.401.930.535.940;-51.211.686.725.695.300;10.0
Nonoai//home_33;-30.092.619.636.524;-512.136.694.967.934;10.0
Nonoai//work_33;-30.093.873.806.409.200;-5.121.537.843.887.360;10.0
Nonoai//school_33;-3.009.348.264.775.540;-51.216.306.337.177.400;10.0
Nonoai//home_34;-3.009.519.885.454.190;-51.219.864.882.778.800;10.0
Nonoai//work_34;-3.009.146.782.798.850;-51.217.733.363.010.600;10.0
Nonoai//school_34;-3.009.840.238.060.500;-5.122.215.310.870.850;10.0
Nonoai//home_35;-30.093.779.366.442.100;-51.221.455.407.760.200;10.0
Nonoai//work_35;-30.092.867.720.330.700;-5.122.217.851.055.220;10.0
Nonoai//school_35;-30.092.865.829.315.000;-5.122.202.416.592.300;10.0
Nonoai//home_36;-30.092.808.083.638.700;-5.122.037.682.627.030;10.0
Nonoai//work_36;-3.009.247.840.104.950;-5.122.004.913.005.470;10.0
Nonoai//school_36;-3.009.223.671.427.850;-51.220.110.105.908.000;10.0
Nonoai//home_37;-3.009.440.251.586.220;-51.222.615.590.652.500;10.0
Nonoai//work_37;-30.094.824.959.214.900;-51.222.689.174.256.500;10.0
Nonoai//school_37;-30.095.730.894.923.700;-51.222.813.964.270.400;10.0
Nonoai//home_38;-3.009.368.388.174.380;-5.122.315.214.163.950;10.0
Nonoai//work_38;-30.094.907.382.889.800;-5.122.370.810.138.250;10.0
Nonoai//school_38;-30.093.652.005.476.900;-5.122.301.818.119.790;10.0
Nonoai//home_39;-30.096.474.424.581.200;-51.223.311.098.940.600;10.0
Nonoai//work_39;-30.094.601.477.878.600;-51.221.163.104.203.100;10.0
Nonoai//school_39;-30.096.322.472.686.300;-51.223.362.011.029.200;10.0
Nonoai//home_40;-30.099.298.107.525.100;-51.224.969.740.513.100;10.0
Nonoai//work_40;-30.100.486.521.209.200;-51.222.977.449.314.200;10.0
Nonoai//school_40;-30.099.483.775.548.500;-5.122.333.254.043.100;10.0
Nonoai//home_41;-3.010.099.677.838.630;-5.121.961.837.663.670;10.0
Nonoai//work_41;-3.009.575.279.159.660;-5.121.259.906.468.570;10.0
Nonoai//school_41;-30.099.765.497.361.500;-51.210.284.583.138.300;10.0
Nonoai//home_42;-30.081.723.374.971;-5.121.604.904.460.860;10.0
Nonoai//work_42;-3.008.133.594.534.020;-51.214.797.137.639.500;10.0
Nonoai//school_42;-30.081.026.065.641.900;-51.215.473.268.272;10.0
Nonoai//home_43;-30.086.010.865.885.200;-51.210.181.999.536.300;10.0
Nonoai//work_43;-3.008.709.304.055.020;-5.120.867.655.880.770;10.0
Nonoai//school_43;-30.087.458.840.194.400;-51.208.552.375.662.000;10.0
Nonoai//home_44;-3.009.359.006.705.610;-5.122.393.071.897.360;10.0
Nonoai//work_44;-30.094.174.885.029.500;-5.122.736.992.481;10.0
Nonoai//school_44;-30.093.637.111.814.700;-51.224.117.159.160.200;10.0
Nonoai//home_45;-30.093.818.913.104.200;-5.122.971.835.717.810;10.0
Nonoai//work_45;-30.093.877.588.079.600;-5.122.931.731.470.270;10.0
Nonoai//school_45;-30.093.755.427.893.900;-51.229.703.438.353.400;10.0
Nonoai//home_46;-3.009.184.144.894.370;-5.121.393.762.084.990;10.0
Nonoai//work_46;-3.009.016.888.148.630;-5.121.632.198.883.290;10.0
Nonoai//school_46;-30.090.534.777.421.300;-5.121.492.588.876.460;10.0
Nonoai//home_47;-30.088.819.376.964.400;-5.121.257.294.038.000;10.0
Nonoai//work_47;-3.008.905.203.162.260;-51.210.638.412.296.100;10.0
Nonoai//school_47;-30.088.698.502.882.300;-512.110.965.920.688;10.0
Nonoai//home_48;-3.009.066.849.815.920;-5.121.218.599.726.170;10.0
Nonoai//work_48;-30.090.569.444.750.400;-5.121.215.705.657.020;10.0
Nonoai//school_48;-30.091.324.623.327.700;-512.115.439.690.909;10.0
Parque Santa F√©//home_0;-30.005.183.919.943.900;-51.103.900.815.266.700;10.0
Parque Santa F√©//work_0;-30.006.327.287.296.000;-5.110.158.329.031.990;10.0
Parque Santa F√©//school_0;-3.000.522.534.264.410;-5.110.217.527.836.090;10.0
Parque Santa F√©//home_1;-30.004.413.674.384.400;-51.109.458.978.380.400;10.0
Parque Santa F√©//work_1;-30.004.945.355.107.900;-5.110.734.410.073.370;10.0
Parque Santa F√©//school_1;-30.004.440.089.690.600;-51.107.944.506.795.200;10.0
Parque Santa F√©//home_2;-30.007.378.908.457.100;-5.110.818.463.326.680;10.0
Parque Santa F√©//work_2;-3.000.677.662.672.990;-51.107.397.208.876.000;10.0
Parque Santa F√©//school_2;-30.007.166.610.918.000;-5.110.754.547.818.790;10.0
Parque Santa F√©//home_3;-30.008.896.428.775.900;-5.111.169.066.205.260;10.0
Parque Santa F√©//work_3;-30.008.301.607.479.800;-51.110.198.101.826.700;10.0
Parque Santa F√©//school_3;-30.010.018.527.911.200;-5.110.879.017.289.880;10.0
Parque Santa F√©//home_4;-30.013.160.559.092.000;-5.110.919.624.067.930;10.0
Parque Santa F√©//work_4;-3.001.229.898.790.850;-5.110.926.094.002.190;10.0
Parque Santa F√©//school_4;-3.001.194.118.898.880;-5.110.871.433.161.870;10.0
Parque Santa F√©//home_5;-30.015.829.480.338.300;-5.110.979.542.368.250;10.0
Parque Santa F√©//work_5;-300.143.469.346.275;-5.110.985.241.999.100;10.0
Parque Santa F√©//school_5;-3.001.621.273.519.060;-51.108.167.543.860.700;10.0
Parque Santa F√©//home_6;-30.014.663.239.607.500;-511.063.756.394.971;10.0
Parque Santa F√©//work_6;-3.001.231.022.643.770;-51.105.593.585.768.400;10.0
Parque Santa F√©//school_6;-30.008.962.501.531.000;-51.106.932.054.128.700;10.0
Parque Santa F√©//home_7;-30.008.261.362.793.300;-5.110.182.915.044.530;10.0
Parque Santa F√©//work_7;-30.008.318.450.826.800;-5.110.169.251.803.750;10.0
Parque Santa F√©//school_7;-30.009.097.494.203.900;-5.110.047.927.404.200;10.0
Parque Santa F√©//home_8;-300.029.035.668.505;-51.105.246.633.394.200;10.0
Parque Santa F√©//work_8;-30.003.794.726.425.300;-5.110.551.284.217.310;10.0
Parque Santa F√©//school_8;-3.000.793.864.489.830;-5.110.673.688.407.920;10.0
Parque Santa F√©//home_9;-30.007.847.958.038.700;-51.105.964.022.144.700;10.0
Parque Santa F√©//work_9;-3.000.657.774.364.090;-5.110.507.310.464.510;10.0
Parque Santa F√©//school_9;-30.005.496.984.034.300;-51.104.757.902.100.100;10.0
Parque Santa F√©//home_10;-3.001.175.536.047.740;-5.110.085.544.113.380;10.0
Parque Santa F√©//work_10;-3.000.935.482.828.370;-511.011.718.015.379;10.0
Parque Santa F√©//school_10;-3.001.093.029.857.430;-5.109.914.400.596.370;10.0
Parque Santa F√©//home_11;-30.015.552.135.677.800;-51.105.002.009.762.600;10.0
Parque Santa F√©//work_11;-30.013.185.762.566.800;-5.109.999.131.136.220;10.0
Parque Santa F√©//school_11;-3.001.338.232.609.220;-51.103.550.175.127.100;10.0
Partenon//home_0;-30.067.270.987.593.600;-5.118.891.384.874.630;10.0
Partenon//work_0;-3.006.833.401.692.730;-51.188.184.350.729.800;10.0
Partenon//school_0;-30.067.040.592.416.700;-5.118.701.451.364.990;10.0
Partenon//home_1;-30.070.118.029.139.100;-5.119.360.743.613.060;10.0
Partenon//work_1;-30.071.538.481.982.700;-5.119.049.132.752.210;10.0
Partenon//school_1;-30.070.153.408.574.400;-5.119.042.567.901.590;10.0
Partenon//home_2;-3.007.139.847.402.550;-5.119.490.935.517.640;10.0
Partenon//work_2;-30.071.734.894.045.800;-51.193.822.255.913.900;10.0
Partenon//school_2;-3.007.101.586.193.440;-51.194.850.391.440.800;10.0
Partenon//home_3;-3.007.154.337.200.340;-51.195.110.371.117.900;10.0
Partenon//work_3;-30.071.579.943.764.300;-51.195.260.501.704;10.0
Partenon//school_3;-300.702.692.057.681;-5.119.577.999.330.580;10.0
Partenon//home_4;-30.069.967.881.056.700;-5.119.624.668.624.010;10.0
Partenon//work_4;-30.072.334.762.587.700;-5.119.614.385.088.750;10.0
Partenon//school_4;-3.007.087.713.265.330;-5.119.694.739.258.880;10.0
Partenon//home_5;-30.071.988.783.531.200;-5.119.786.407.112.980;10.0
Partenon//work_5;-30.070.945.201.995.000;-5.119.766.145.297.880;10.0
Partenon//school_5;-3.007.230.078.413.480;-51.198.941.434.842.600;10.0
Partenon//home_6;-30.072.358.431.869.700;-51.198.639.781.301.200;10.0
Partenon//work_6;-30.072.195.246.804.700;-5.119.877.311.202.770;10.0
Partenon//school_6;-3.007.255.268.236.760;-5.119.869.476.059.400;10.0
Partenon//home_7;-30.050.908.439.449.700;-51.197.201.117.722.600;9.5
Partenon//work_7;-3.004.935.201.968.830;-51.197.198.121.277.800;8.9
Partenon//school_7;-30.049.306.896.104.800;-511.968.784.036.188;8.2
Partenon//home_8;-30.050.095.073.752.900;-5.119.577.427.085.430;7.9
Partenon//work_8;-30.049.996.074.428.100;-511.957.164.293.007;7.9
Partenon//school_8;-30.050.099.057.254.600;-51.195.830.172.408.300;7.9
Partenon//home_9;-30.050.933.711.306.000;-5.119.993.972.749.970;10.0
Partenon//work_9;-30.050.507.489.095.300;-51.200.141.325.549.200;10.0
Partenon//school_9;-30.052.000.027.196.600;-51.199.120.783.469.100;10.0
Partenon//home_10;-3.005.155.946.273.990;-5.120.077.602.215.830;10.0
Partenon//work_10;-30.052.286.366.069.000;-51.199.870.318.189.900;10.0
Partenon//school_10;-30.051.153.375.157.300;-5.120.135.489.550.190;10.0
Partenon//home_11;-30.053.633.678.998.300;-5.119.912.877.171.440;10.0
Partenon//work_11;-30.051.974.298.243.000;-5.119.847.697.836.990;10.0
Partenon//school_11;-3.005.132.566.054.010;-511.977.229.620.966;9.8
Partenon//home_12;-30.054.230.875.127.500;-51.198.761.100.216.700;10.0
Partenon//work_12;-30.051.986.494.865.300;-5.119.544.985.227.600;9.1
Partenon//school_12;-3.005.362.644.705.560;-5.119.775.120.723.150;10.0
Partenon//home_13;-30.053.483.762.421.000;-5.119.612.915.335.090;10.0
Partenon//work_13;-3.005.172.270.793.960;-5.119.431.799.576.640;7.9
Partenon//school_13;-3.005.422.989.901.290;-5.119.436.088.611.030;10.0
Partenon//home_14;-30.054.635.119.776.300;-5.119.556.426.278.350;10.0
Partenon//work_14;-30.054.884.729.267.100;-51.196.513.044.846.700;10.0
Partenon//school_14;-3.005.409.834.515.640;-5.119.578.837.198.400;10.0
Partenon//home_15;-3.005.552.776.962.170;-51.194.364.449.462.200;10.0
Partenon//work_15;-3.005.375.591.242.190;-51.193.242.682.178.200;9.7
Partenon//school_15;-30.055.185.445.829.500;-511.955.111.494.082;10.0
Partenon//home_16;-30.057.449.913.161.000;-5.119.500.063.190.950;10.0
Partenon//work_16;-3.005.456.610.280.660;-5.119.182.514.083.450;10.0
Partenon//school_16;-30.057.079.171.716.800;-51.194.818.327.367.900;10.0
Partenon//home_17;-30.058.878.727.487.600;-51.193.496.302.266.700;10.0
Partenon//work_17;-3.005.612.509.563.290;-5.119.180.036.108.350;10.0
Partenon//school_17;-3.005.694.831.478.900;-51.193.013.730.816.900;10.0
Partenon//home_18;-30.055.852.643.132.500;-5.119.124.029.178.060;10.0
Partenon//work_18;-30.054.619.148.029.100;-5.119.089.141.096.950;10.0
Partenon//school_18;-30.056.065.503.734.600;-5.119.143.347.278.880;10.0
Partenon//home_19;-3.005.856.616.449.600;-51.191.860.279.941.200;10.0
Partenon//work_19;-30.057.839.097.913.500;-5.119.127.621.905.820;10.0
Partenon//school_19;-30.058.292.094.873.400;-5.119.136.456.957.730;10.0
Partenon//home_20;-3.005.565.469.041.520;-51.190.188.471.874.800;10.0
Partenon//work_20;-3.005.581.140.732.670;-5.119.068.420.340.170;10.0
Partenon//school_20;-30.056.240.307.804.600;-51.190.113.632.025.200;10.0
Partenon//home_21;-30.057.631.012.911.800;-5.119.029.019.740.580;10.0
Partenon//work_21;-3.005.573.110.888.520;-5.118.969.251.082.100;10.0
Partenon//school_21;-3.005.697.077.848.620;-5.118.986.817.411.680;10.0
Partenon//home_22;-30.062.390.841.396.900;-5.119.397.993.936.910;10.0
Partenon//work_22;-30.064.131.921.031.500;-5.119.483.431.473.780;10.0
Partenon//school_22;-30.063.491.120.841.900;-5.119.420.461.210.510;10.0
Partenon//home_23;-30.061.243.804.793.700;-51.194.730.148.509.200;10.0
Partenon//work_23;-30.060.498.928.086.700;-5.119.531.809.932.600;10.0
Partenon//school_23;-30.059.631.092.651.200;-51.194.176.658.777.700;10.0
Partenon//home_24;-30.059.968.746.855.700;-51.192.523.288.764.100;10.0
Partenon//work_24;-300.601.668.004.718;-5.119.252.469.654.440;10.0
Partenon//school_24;-3.005.930.687.113.640;-5.119.321.558.390.710;10.0
Partenon//home_25;-3.006.337.788.601.500;-51.196.141.751.716.900;10.0
Partenon//work_25;-30.062.567.475.609.300;-51.195.241.188.966.300;10.0
Partenon//school_25;-30.061.135.763.756.500;-5.119.647.612.411.180;10.0
Partenon//home_26;-30.063.470.330.430.100;-51.195.726.528.719.900;10.0
Partenon//work_26;-30.063.507.277.281.500;-5.119.561.110.124.410;10.0
Partenon//school_26;-3.006.248.785.230.360;-5.119.483.971.630.830;10.0
Partenon//home_27;-30.064.173.869.764.000;-511.979.064.710.033;10.0
Partenon//work_27;-30.065.404.995.527.500;-51.196.351.516.438.400;10.0
Partenon//school_27;-30.064.212.484.123.400;-5.119.845.612.921.670;10.0
Partenon//home_28;-3.006.687.841.082.500;-5.120.002.395.150.960;10.0
Partenon//work_28;-3.006.668.637.562.270;-51.197.712.886.393.400;10.0
Partenon//school_28;-30.066.779.303.890.300;-51.199.267.265.175.600;10.0
Partenon//home_29;-300.648.541.523.088;-51.201.145.751.594.200;10.0
Partenon//work_29;-30.065.780.439.567.300;-5.120.173.600.756.270;10.0
Partenon//school_29;-30.067.882.852.872.700;-5.120.179.464.585.700;10.0
Partenon//home_30;-3.006.979.583.422.950;-51.201.195.476.034.600;10.0
Partenon//work_30;-30.069.732.983.041.500;-5.120.077.980.121.690;10.0
Partenon//school_30;-3.006.947.890.409.900;-5.119.995.992.197.090;10.0
Partenon//home_31;-3.006.874.371.186.110;-511.984.953.538.793;10.0
Partenon//work_31;-3.006.753.430.389.710;-5.119.743.067.076.590;10.0
Partenon//school_31;-3.007.031.915.197.690;-51.198.855.708.559.600;10.0
Partenon//home_32;-30.066.623.287.705.200;-5.119.655.105.630.200;10.0
Partenon//work_32;-30.067.203.294.549.400;-5.119.552.206.782.620;10.0
Partenon//school_32;-30.067.989.717.519.800;-5.119.682.326.656.990;10.0
Partenon//home_33;-30.066.978.376.937.300;-51.195.105.342.200.600;10.0
Partenon//work_33;-30.065.850.114.101.000;-5.119.443.694.675.330;10.0
Partenon//school_33;-30.066.756.207.966.400;-5.119.560.323.127.730;10.0
Partenon//home_34;-30.064.738.131.335.800;-5.119.397.577.460.660;10.0
Partenon//work_34;-30.064.289.933.688.700;-5.119.344.154.993.990;10.0
Partenon//school_34;-30.065.294.994.197.400;-51.194.215.315.926.500;10.0
Partenon//home_35;-30.061.245.657.285.800;-51.191.864.288.227.200;10.0
Partenon//work_35;-3.006.356.794.352.950;-5.119.357.768.006.050;10.0
Partenon//school_35;-3.006.129.392.151.660;-51.191.917.047.937;10.0
Partenon//home_36;-30.064.387.897.164.500;-5.119.335.669.184.250;10.0
Partenon//work_36;-30.064.215.894.915.400;-5.119.330.445.099.360;10.0
Partenon//school_36;-3.006.321.544.016.430;-51.192.762.631.443.500;10.0
Partenon//home_37;-3.006.181.385.699.680;-5.119.109.902.781.190;10.0
Partenon//work_37;-30.062.460.521.381.000;-51.191.997.797.826.500;10.0
Partenon//school_37;-30.062.369.950.284.200;-5.119.139.028.459.130;10.0
Partenon//home_38;-30.061.471.246.718.600;-5.118.951.169.947.330;10.0
Partenon//work_38;-30.061.662.520.679.400;-5.119.043.023.472.460;10.0
Partenon//school_38;-30.062.292.863.570.900;-51.189.088.927.938.800;10.0
Partenon//home_39;-30.064.530.551.711.200;-5.119.165.215.288.850;10.0
Partenon//work_39;-3.006.488.474.678.710;-511.922.143.719.435;10.0
Partenon//school_39;-30.063.273.848.006.500;-5.119.064.643.221.270;10.0
Partenon//home_40;-30.065.928.698.885.100;-5.119.320.589.477.620;10.0
Partenon//work_40;-30.063.103.655.157.200;-5.119.103.611.553.180;10.0
Partenon//school_40;-30.065.953.074.475.000;-51.193.283.593.362.000;10.0
Partenon//home_41;-3.006.864.693.940.010;-5.119.591.790.917.670;10.0
Partenon//work_41;-3.006.646.113.536.090;-51.193.577.117.031.700;10.0
Partenon//school_41;-300.691.762.563.283;-51.196.691.867.284.200;10.0
Partenon//home_42;-30.068.398.252.388.000;-5.119.477.790.175.390;10.0
Partenon//work_42;-30.069.020.996.448.200;-511.942.799.790.819;10.0
Partenon//school_42;-30.069.244.065.486.200;-5.119.265.302.263.730;10.0
Partenon//home_43;-3.006.776.990.270.720;-5.119.259.243.726.700;10.0
Partenon//work_43;-30.067.943.072.298.900;-5.119.217.615.333.040;10.0
Partenon//school_43;-30.069.512.155.884.800;-5.119.163.391.719.950;10.0
Partenon//home_44;-30.066.877.110.135.200;-51.192.814.190.416.300;10.0
Partenon//work_44;-3.006.720.998.482.690;-51.193.718.434.076.400;10.0
Partenon//school_44;-30.068.766.084.488.300;-5.119.266.161.761.860;10.0
Partenon//home_45;-3.006.471.184.766.420;-5.119.010.995.009.360;10.0
Partenon//work_45;-30.066.662.003.903.100;-5.119.207.332.713.120;10.0
Partenon//school_45;-3.006.532.841.106.130;-51.190.683.455.911.700;10.0
Partenon//home_46;-30.066.447.766.911.200;-51.189.513.420.510.800;10.0
Partenon//work_46;-3.006.666.420.097.640;-5.118.905.453.512.130;10.0
Partenon//school_46;-3.006.563.440.355.860;-5.118.867.441.951.150;10.0
Partenon//home_47;-3.006.423.460.244.390;-5.118.967.610.913.120;10.0
Partenon//work_47;-30.063.873.957.576.100;-5.118.964.958.599.420;10.0
Partenon//school_47;-3.006.375.005.796.690;-5.118.976.633.879.440;10.0
Partenon//home_48;-3.006.540.772.516.820;-51.188.651.182.757.900;10.0
Partenon//work_48;-30.065.270.445.995.100;-5.118.810.032.236.720;10.0
Partenon//school_48;-30.064.296.702.561.100;-51.186.942.725.168.000;10.0
Partenon//home_49;-3.005.687.603.114.100;-5.118.803.555.443.060;10.0
Partenon//work_49;-30.059.116.918.822.400;-51.189.918.463.021.600;10.0
Partenon//school_49;-30.056.420.619.595.900;-51.188.423.210.721.200;10.0
Partenon//home_50;-30.057.187.374.812.500;-5.118.832.578.050.380;10.0
Partenon//work_50;-30.057.320.022.627.500;-5.118.689.966.408.200;10.0
Partenon//school_50;-30.057.370.693.283.900;-5.118.669.095.409.270;10.0
Partenon//home_51;-3.006.499.343.213.010;-511.825.604.166.775;10.0
Partenon//work_51;-30.064.899.089.296.900;-5.118.263.381.331.460;10.0
Partenon//school_51;-30.065.052.067.254.300;-51.184.710.123.005.700;10.0
Partenon//home_52;-300.658.878.782.118;-5.118.193.305.599.100;10.0
Partenon//work_52;-3.006.573.937.047.670;-5.118.191.651.191.420;10.0
Partenon//school_52;-30.065.173.393.386.400;-5.118.214.862.463.790;10.0
Partenon//home_53;-30.056.294.905.926.500;-5.116.650.079.548.050;10.0
Partenon//work_53;-3.005.646.573.891.480;-5.116.756.441.128.910;10.0
Partenon//school_53;-30.056.773.525.214.400;-5.116.791.648.135.640;10.0
Partenon//home_54;-300.585.831.535.957;-5.116.556.599.912.370;10.0
Partenon//work_54;-30.057.989.244.361.300;-5.116.761.724.172.400;10.0
Partenon//school_54;-3.005.788.535.463.770;-5.116.770.364.959.960;10.0
Partenon//home_55;-30.058.032.295.094.800;-5.116.567.529.300.070;10.0
Partenon//work_55;-30.057.509.404.772.000;-5.116.574.049.618.590;10.0
Partenon//school_55;-3.005.771.362.246.430;-5.116.677.653.041.380;10.0
Partenon//home_56;-30.058.320.382.802.800;-5.116.632.174.541.020;10.0
Partenon//work_56;-30.058.352.649.990.600;-511.661.812.483.147;10.0
Partenon//school_56;-3.005.822.482.843.640;-5.116.564.559.734.590;10.0
Partenon//home_57;-3.006.038.150.565.690;-51.166.381.462.708.700;10.0
Partenon//work_57;-3.006.046.796.600.170;-5.116.583.106.287.580;10.0
Partenon//school_57;-30.058.919.269.641.000;-5.116.644.143.277.140;10.0
Partenon//home_58;-30.060.470.290.660.400;-5.116.393.795.224.440;10.0
Partenon//work_58;-30.061.406.434.073.400;-51.163.248.190.451.000;10.0
Partenon//school_58;-3.006.214.434.280.940;-5.116.105.549.808.430;10.0
Partenon//home_59;-3.005.694.485.129.790;-5.116.318.467.318.250;10.0
Partenon//work_59;-30.057.371.488.622.900;-51.163.349.377.035.600;10.0
Partenon//school_59;-3.005.687.826.444.610;-51.162.807.756.249.400;10.0
Partenon//home_60;-30.057.988.647.405.100;-51.161.920.778.245.400;10.0
Partenon//work_60;-3.005.691.443.434.650;-5.116.263.024.965.040;10.0
Partenon//school_60;-3.005.675.779.593.460;-51.161.913.546.865.300;10.0
Partenon//home_61;-30.060.026.180.356.000;-5.116.157.137.219.550;10.0
Partenon//work_61;-30.059.648.756.824.500;-5.116.107.955.588.220;10.0
Partenon//school_61;-3.005.888.962.945.750;-5.116.205.271.649.360;10.0
Partenon//home_62;-30.057.903.233.742.500;-5.116.048.243.758.660;10.0
Partenon//work_62;-300.593.973.477.984;-5.115.918.206.557.290;10.0
Partenon//school_62;-30.058.067.507.125.800;-5.116.005.102.630.440;10.0
Partenon//home_63;-300.634.310.758.631;-5.115.955.979.995.680;10.0
Partenon//work_63;-30.062.555.729.484.100;-51.159.323.151.516.800;10.0
Partenon//school_63;-30.062.421.698.699.500;-5.115.965.396.497.860;10.0
Partenon//home_64;-30.061.196.481.779.200;-5.115.637.121.876.430;10.0
Partenon//work_64;-300.634.782.163.215;-51.158.743.094.314.200;10.0
Partenon//school_64;-30.062.360.957.486.500;-511.576.756.689.918;10.0
Partenon//home_65;-3.005.997.811.609.910;-5.115.470.655.347.820;10.0
Partenon//work_65;-3.005.804.266.190.690;-5.115.626.859.359.090;10.0
Partenon//school_65;-3.005.996.561.602.700;-51.153.793.121.252.600;10.0
Partenon//home_66;-300.578.353.136.692;-5.115.715.692.688.500;10.0
Partenon//work_66;-30.057.978.572.510.800;-5.115.645.417.695.220;10.0
Partenon//school_66;-3.005.690.555.698.960;-51.157.077.776.274.900;10.0
Partenon//home_67;-30.061.840.122.743.300;-51.151.961.185.221.500;10.0
Partenon//work_67;-300.615.218.157.852;-511.519.873.169.168;10.0
Partenon//school_67;-30.061.977.138.352.100;-5.115.224.021.605.980;10.0
Partenon//home_68;-30.065.000.605.799.400;-5.115.302.125.422.550;10.0
Partenon//work_68;-3.006.354.201.904.370;-5.115.172.363.005.520;10.0
Partenon//school_68;-30.063.034.990.435.200;-5.115.393.541.709.160;10.0
Partenon//home_69;-3.006.461.826.977.180;-51.156.083.104.576.400;10.0
Partenon//work_69;-300.644.662.814.582;-51.156.679.072.227.100;10.0
Partenon//school_69;-30.064.610.687.589.000;-51.153.821.139.895.600;10.0
Partenon//home_70;-3.006.740.885.087.500;-5.115.499.565.710.620;10.0
Partenon//work_70;-30.067.377.417.143.000;-51.154.937.088.999.700;10.0
Partenon//school_70;-3.006.755.893.991.040;-51.154.592.797.986.300;10.0
Partenon//home_71;-30.067.465.198.114;-51.151.762.194.207.300;10.0
Partenon//work_71;-30.066.994.207.331.200;-5.115.313.101.657.760;10.0
Partenon//school_71;-30.065.991.323.594.800;-5.115.298.295.645.700;10.0
Partenon//home_72;-3.007.171.919.503.560;-51.155.836.930.956.700;10.0
Partenon//work_72;-30.071.190.379.075.400;-5.115.309.745.605.670;10.0
Partenon//school_72;-30.068.096.980.676.700;-51.152.771.823.807.200;10.0
Partenon//home_73;-300.574.162.595.855;-5.116.902.376.407.500;10.0
Partenon//work_73;-30.057.585.881.768.900;-5.116.794.563.162.780;10.0
Partenon//school_73;-30.057.823.583.891.300;-5.116.835.833.404.900;10.0
Partenon//home_74;-30.061.043.727.540.000;-51.159.800.068.219.800;10.0
Partenon//work_74;-300.604.730.260.658;-5.115.889.033.895.970;10.0
Partenon//school_74;-3.006.108.280.681.720;-51.159.405.939.174.800;10.0
Partenon//home_75;-30.049.719.398.053.200;-51.198.721.779.679.000;9.9
Partenon//work_75;-3.005.064.333.335.380;-5.119.797.052.988.260;9.8
Partenon//school_75;-3.005.027.891.198.210;-5.119.838.306.145.060;10.0
Partenon//home_76;-3.005.276.673.149.480;-51.203.376.020.428.800;10.0
Partenon//work_76;-30.052.889.122.655.300;-51.202.683.127.841.300;10.0
Partenon//school_76;-30.052.238.771.602.800;-5.120.324.997.489.070;10.0
Partenon//home_77;-30.052.814.307.724.700;-5.120.238.658.793.400;10.0
Partenon//work_77;-300.528.167.038.389;-5.120.228.067.626.170;10.0
Partenon//school_77;-3.005.239.411.620.110;-51.202.250.176.501.900;10.0
Partenon//home_78;-30.060.131.082.541.600;-5.116.906.339.145.210;10.0
Partenon//work_78;-300.601.180.720.124;-51.169.067.195.745.900;10.0
Partenon//school_78;-3.005.911.474.243.450;-5.116.935.676.369.690;10.0
Partenon//home_79;-30.061.522.841.978.100;-51.167.080.418.989.400;10.0
Partenon//work_79;-3.006.069.043.091.170;-51.166.168.678.133.700;10.0
Partenon//school_79;-30.060.372.631.021.600;-5.116.796.133.550.450;10.0
Partenon//home_80;-30.063.506.694.461.100;-51.160.822.030.282.200;10.0
Partenon//work_80;-30.063.153.942.706.400;-511.610.971.230.345;10.0
Partenon//school_80;-3.006.436.379.976.700;-5.116.101.138.400.340;10.0
Partenon//home_81;-30.064.145.669.436.200;-5.116.044.813.261.160;10.0
Partenon//work_81;-30.064.149.093.405.900;-5.116.047.651.434.310;10.0
Partenon//school_81;-30.064.204.427.419.300;-51.160.362.524.985.400;10.0
Partenon//home_82;-30.066.516.332.952.700;-51.159.265.650.125.800;10.0
Partenon//work_82;-3.006.589.901.507.450;-51.160.675.417.659.900;10.0
Partenon//school_82;-3.006.686.708.578.510;-5.116.068.322.721.340;10.0
Partenon//home_83;-3.006.839.313.114.790;-5.115.679.258.771.340;10.0
Partenon//work_83;-30.070.539.397.030.000;-5.115.747.508.798.740;10.0
Partenon//school_83;-30.067.848.518.684.600;-5.115.831.098.823.850;10.0
Partenon//home_84;-30.071.648.333.418.900;-5.115.797.607.431.390;10.0
Partenon//work_84;-30.072.355.275.088.800;-5.115.573.254.084.720;10.0
Partenon//school_84;-30.072.603.732.809.500;-5.115.894.392.510.470;10.0
Partenon//home_85;-30.074.905.918.687.700;-5.115.597.082.501.760;10.0
Partenon//work_85;-30.076.214.387.924.200;-5.115.409.541.511.890;10.0
Partenon//school_85;-30.075.092.911.092.100;-51.157.501.554.660.400;10.0
Partenon//home_86;-30.062.260.462.955.000;-5.118.578.146.085.350;10.0
Partenon//work_86;-30.061.951.332.068.300;-5.118.568.591.019.950;10.0
Partenon//school_86;-30.061.568.180.200.500;-5.118.616.559.572.470;10.0
Partenon//home_87;-30.059.175.748.627.500;-51.185.237.298.750.300;10.0
Partenon//work_87;-30.058.389.668.244.500;-5.118.668.321.643.790;10.0
Partenon//school_87;-3.005.808.498.236.180;-5.118.572.315.053.300;10.0
Partenon//home_88;-30.061.602.434.382.600;-51.171.097.958.298.900;10.0
Partenon//work_88;-30.059.026.014.127.900;-5.117.934.139.904.300;10.0
Partenon//school_88;-30.056.191.618.904.100;-51.171.855.352.197.300;10.0
Partenon//home_89;-30.060.338.805.279.200;-5.117.745.825.891.830;10.0
Partenon//work_89;-3.005.941.831.796.310;-51.176.743.623.452.600;10.0
Partenon//school_89;-30.059.707.296.285.100;-51.177.784.948.317.700;10.0
Partenon//home_90;-3.006.062.995.931.610;-5.117.758.775.254.850;10.0
Partenon//work_90;-30.060.142.620.285.900;-51.180.146.717.716.700;10.0
Partenon//school_90;-3.006.056.579.217.340;-51.180.177.488.854.700;10.0
Partenon//home_91;-30.064.490.956.682.000;-51.198.712.110.035.900;10.0
Partenon//work_91;-30.064.562.449.858.700;-5.119.833.236.487.290;10.0
Partenon//school_91;-30.065.043.142.214.700;-511.978.723.995.553;10.0
Partenon//home_92;-3.006.382.879.904.210;-5.119.772.362.811.190;10.0
Partenon//work_92;-30.063.781.581.605.000;-5.119.778.543.870.380;10.0
Partenon//school_92;-30.063.255.207.838.700;-5.119.757.008.310.360;10.0
Partenon//home_93;-3.006.323.228.925.100;-5.119.490.626.439.200;10.0
Partenon//work_93;-30.063.536.328.564.700;-5.119.535.997.022.350;10.0
Partenon//school_93;-300.629.930.131.214;-5.119.471.622.845.260;10.0
Partenon//home_94;-30.075.077.858.285.600;-51.152.766.919.153.300;10.0
Partenon//work_94;-30.074.218.508.508.200;-51.151.188.717.106.800;10.0
Partenon//school_94;-3.007.505.851.670.170;-5.115.309.797.393.040;10.0
Passo da Areia//home_0;-30.010.842.388.015.200;-5.118.075.390.932.230;10.0
Passo da Areia//work_0;-30.009.980.524.285.000;-5.118.113.009.004.530;10.0
Passo da Areia//school_0;-30.011.128.804.160.200;-5.118.128.668.953.360;10.0
Passo da Areia//home_1;-300.097.383.645.318;-5.117.936.103.267.990;10.0
Passo da Areia//work_1;-30.010.367.969.214.400;-51.179.911.883.560.500;10.0
Passo da Areia//school_1;-30.008.847.886.432.200;-5.118.035.583.054.700;8.4
Passo da Areia//home_2;-3.001.142.979.712.760;-51.178.352.549.403.700;10.0
Passo da Areia//work_2;-30.010.079.053.283.900;-51.177.546.784.397.400;9.8
Passo da Areia//school_2;-30.010.834.747.714.600;-5.117.843.863.665.980;10.0
Passo da Areia//home_3;-30.013.729.779.177.300;-5.117.853.170.302.920;10.0
Passo da Areia//work_3;-30.017.924.991.839.000;-5.117.676.055.961.020;10.0
Passo da Areia//school_3;-3.001.573.862.131.310;-511.774.612.872.821;10.0
Passo da Areia//home_4;-30.017.277.847.374.100;-51.175.885.611.588.900;10.0
Passo da Areia//work_4;-30.016.214.507.603.500;-5.117.696.475.650.220;10.0
Passo da Areia//school_4;-30.017.238.686.832.600;-5.117.601.494.352.670;10.0
Passo da Areia//home_5;-30.017.324.648.838.300;-5.117.272.260.588.270;10.0
Passo da Areia//work_5;-30.016.611.164.196.800;-511.736.888.262.722;10.0
Passo da Areia//school_5;-30.016.261.005.505.200;-5.117.186.413.040.560;10.0
Passo da Areia//home_6;-30.014.533.529.549.100;-5.117.300.029.900.760;10.0
Passo da Areia//work_6;-3.001.378.842.305.450;-5.117.291.798.332.910;10.0
Passo da Areia//school_6;-30.015.187.411.385.900;-5.117.327.314.262.340;10.0
Passo da Areia//home_7;-30.011.539.309.409;-5.117.787.507.316.280;10.0
Passo da Areia//work_7;-30.015.785.743.383.000;-51.174.838.548.159.400;10.0
Passo da Areia//school_7;-30.016.526.313.638.600;-5.117.541.689.845.830;10.0
Passo da Areia//home_8;-300.118.073.902.042;-5.117.354.931.032.580;10.0
Passo da Areia//work_8;-3.001.425.842.661.750;-51.172.208.694.743.400;10.0
Passo da Areia//school_8;-3.001.281.735.333.660;-5.117.318.880.264.870;10.0
Passo da Areia//home_9;-30.012.449.348.582.400;-511.749.833.342.414;10.0
Passo da Areia//work_9;-30.011.896.774.948.400;-5.117.494.002.484.100;10.0
Passo da Areia//school_9;-30.011.495.066.036.100;-51.175.709.603.329.700;10.0
Passo da Areia//home_10;-3.000.911.744.403.560;-51.177.609.542.090.000;8.0
Passo da Areia//work_10;-3.001.026.220.524.740;-51.176.703.691.266.900;10.0
Passo da Areia//school_10;-30.008.850.405.095.300;-51.176.039.555.744.900;8.2
Passo da Areia//home_11;-30.008.796.931.165.100;-5.117.338.694.002.040;7.5
Passo da Areia//work_11;-30.009.326.081.750.200;-51.173.754.460.581.100;7.8
Passo da Areia//school_11;-300.088.866.180.897;-5.117.499.002.632.340;7.9
Passo da Areia//home_12;-3.000.976.511.120.660;-5.117.192.902.914.630;8.4
Passo da Areia//work_12;-30.010.936.725.809.100;-5.117.203.229.184.050;9.0
Passo da Areia//school_12;-30.009.051.931.047.900;-5.117.331.618.600.450;8.2
Passo da Areia//home_13;-30.007.971.487.357.000;-51.171.253.846.359.400;7.0
Passo da Areia//work_13;-3.000.797.854.462.720;-51.169.789.793.812.000;6.5
Passo da Areia//school_13;-30.008.004.739.476.500;-511.692.297.008.746;7.6
Passo da Areia//home_14;-3.000.903.539.921.610;-51.171.520.604.317.600;7.6
Passo da Areia//work_14;-30.009.403.021.992.200;-51.171.117.435.205.200;8.5
Passo da Areia//school_14;-30.008.735.597.267.300;-5.117.144.099.901.430;7.4
Passo da Areia//home_15;-3.001.160.096.735.530;-51.168.666.058.651.700;10.0
Passo da Areia//work_15;-30.011.480.346.342.800;-5.116.966.813.998.740;10.0
Passo da Areia//school_15;-3.001.176.520.802.210;-51.170.030.272.861.400;10.0
Passo da Areia//home_16;-30.009.256.783.125.000;-5.116.689.543.862.410;10.0
Passo da Areia//work_16;-3.000.815.479.626.230;-5.116.717.117.544.730;9.9
Passo da Areia//school_16;-30.009.620.447.741.100;-5.116.721.905.829.790;10.0
Passo da Areia//home_17;-3.001.011.126.177.980;-5.116.816.484.487.250;10.0
Passo da Areia//work_17;-30.011.123.558.537.900;-51.167.176.458.639.700;10.0
Passo da Areia//school_17;-30.011.374.025.392.700;-5.116.806.108.089.390;10.0
Passo da Areia//home_18;-30.011.887.432.706.600;-5.116.704.675.824.510;10.0
Passo da Areia//work_18;-3.001.192.250.786.290;-5.116.619.631.045.170;10.0
Passo da Areia//school_18;-30.013.329.427.585.400;-51.168.490.291.043.500;10.0
Passo da Areia//home_19;-3.001.542.053.653.410;-5.116.785.991.149.770;10.0
Passo da Areia//work_19;-30.014.895.514.543.000;-5.116.809.581.312.890;10.0
Passo da Areia//school_19;-30.015.154.006.051.900;-5.116.827.480.281.260;10.0
Passo da Areia//home_20;-30.016.056.421.322.600;-511.710.410.460.953;10.0
Passo da Areia//work_20;-30.016.319.183.604.800;-5.117.102.670.489.810;10.0
Passo da Areia//school_20;-300.161.601.500.539;-5.117.092.269.160.740;10.0
Passo da Areia//home_21;-30.018.319.594.899.100;-51.171.080.148.183.400;10.0
Passo da Areia//work_21;-30.021.043.654.395.800;-51.170.594.697.349.800;10.0
Passo da Areia//school_21;-3.002.053.118.233.910;-5.117.075.319.371.510;10.0
Passo da Areia//home_22;-30.015.010.892.671.000;-5.116.741.934.881.800;10.0
Passo da Areia//work_22;-3.001.391.159.072.990;-5.116.491.298.792.450;10.0
Passo da Areia//school_22;-30.015.678.039.603.700;-5.116.735.800.502.250;10.0
Passo da Areia//home_23;-30.016.012.021.816.700;-5.116.682.165.697.930;10.0
Passo da Areia//work_23;-30.017.374.858.044.200;-5.116.681.783.056.780;10.0
Passo da Areia//school_23;-3.001.735.440.436.340;-5.116.645.067.657.790;10.0
Passo da Areia//home_24;-30.013.978.692.227.000;-51.164.593.762.334;10.0
Passo da Areia//work_24;-3.001.162.595.868.480;-5.116.519.442.617.360;10.0
Passo da Areia//school_24;-30.014.193.764.799.500;-51.164.685.950.118.200;10.0
Passo da Areia//home_25;-30.013.692.912.725.600;-5.116.361.546.833.930;10.0
Passo da Areia//work_25;-3.001.430.203.194.150;-51.163.291.617.872.800;10.0
Passo da Areia//school_25;-3.001.461.843.535.660;-5.116.341.580.830.620;10.0
Passo da Areia//home_26;-3.001.348.438.018.160;-511.628.842.519.915;10.0
Passo da Areia//work_26;-30.013.897.090.861.700;-51.161.868.343.937.700;10.0
Passo da Areia//school_26;-3.001.433.064.974.760;-5.116.279.213.512.720;10.0
Passo da Areia//home_27;-30.016.186.108.687.100;-511.622.333.601.576;10.0
Passo da Areia//work_27;-3.001.581.697.847.460;-51.162.022.190.058.200;10.0
Passo da Areia//school_27;-3.001.737.735.769.830;-51.161.585.589.227.500;10.0
Passo da Areia//home_28;-3.001.592.366.512.690;-51.162.702.546.430.200;10.0
Passo da Areia//work_28;-3.001.663.082.339.860;-511.625.113.345.204;10.0
Passo da Areia//school_28;-30.016.419.593.991.000;-5.116.248.143.255.150;10.0
Passo da Areia//home_29;-3.002.041.475.177.940;-5.116.274.857.482.480;10.0
Passo da Areia//work_29;-30.019.166.094.169.600;-5.116.135.264.156.560;10.0
Passo da Areia//school_29;-3.002.030.642.840.440;-5.116.193.536.546.810;10.0
Passo da Areia//home_30;-3.001.863.801.197.220;-5.116.232.133.435.920;10.0
Passo da Areia//work_30;-30.019.404.821.554.100;-5.116.261.892.490.630;10.0
Passo da Areia//school_30;-30.019.304.605.442.400;-5.116.293.319.455.280;10.0
Passo da Areia//home_31;-30.019.275.688.972.900;-511.655.846.966.706;10.0
Passo da Areia//work_31;-300.202.520.966.669;-5.116.576.846.635.400;10.0
Passo da Areia//school_31;-3.001.916.614.727.780;-51.165.414.462.699.900;10.0
Passo da Areia//home_32;-30.018.548.029.991.900;-51.174.911.332.278.200;10.0
Passo da Areia//work_32;-3.001.872.457.578.620;-51.174.632.896.922.800;10.0
Passo da Areia//school_32;-3.001.753.326.124.250;-5.117.182.589.199.180;10.0
Passo da Areia//home_33;-3.001.692.484.949.000;-5.117.011.770.629.390;10.0
Passo da Areia//work_33;-30.020.321.780.365.900;-5.116.987.436.011.180;10.0
Passo da Areia//school_33;-3.002.079.114.636.460;-5.117.010.056.992.220;10.0
Passo da Areia//home_34;-30.012.456.105.488.000;-51.162.890.062.373.700;10.0
Passo da Areia//work_34;-30.011.132.915.726.700;-5.116.258.745.549.910;10.0
Passo da Areia//school_34;-30.011.734.323.945.300;-511.621.462.155.255;10.0
Passo da Areia//home_35;-3.002.108.216.018.960;-5.116.679.566.582.150;10.0
Passo da Areia//work_35;-3.002.167.540.190.010;-5.117.057.506.501.790;10.0
Passo da Areia//school_35;-3.002.167.705.266.960;-5.116.981.505.596.820;10.0
Passo da Areia//home_36;-30.012.304.574.892.900;-5.117.084.453.881.730;10.0
Passo da Areia//work_36;-30.014.218.372.325.300;-51.169.827.902.908.000;10.0
Passo da Areia//school_36;-30.015.566.011.823.400;-5.116.996.160.745.240;10.0
Passo da Areia//home_37;-30.016.276.916.071.700;-511.692.316.314.588;10.0
Passo da Areia//work_37;-30.016.791.459.919;-5.117.010.055.917.190;10.0
Passo da Areia//school_37;-3.001.617.564.848.740;-51.169.604.946.293.400;10.0
Passo da Areia//home_38;-30.020.029.833.869.700;-5.116.810.400.846.420;10.0
Passo da Areia//work_38;-30.017.325.315.156.500;-5.116.930.356.880.940;10.0
Passo da Areia//school_38;-3.001.819.721.121.340;-5.116.875.679.367.610;10.0
Passo da Areia//home_39;-3.001.697.112.223.680;-51.167.065.193.007.200;10.0
Passo da Areia//work_39;-3.001.799.486.287.660;-51.168.467.491.273.800;10.0
Passo da Areia//school_39;-30.017.609.091.883.500;-5.116.780.905.557.220;10.0
Passo da Areia//home_40;-3.001.832.302.146.400;-51.164.554.975.507.800;10.0
Passo da Areia//work_40;-30.018.548.198.466.000;-5.116.440.182.282.510;10.0
Passo da Areia//school_40;-30.018.296.697.433.200;-51.164.586.440.142.500;10.0
Passo da Areia//home_41;-30.018.392.634.759.300;-51.166.956.689.502.600;10.0
Passo da Areia//work_41;-3.001.811.309.616.330;-51.166.002.022.249.000;10.0
Passo da Areia//school_41;-30.019.031.605.241.500;-511.659.478.393.199;10.0
Passo da Areia//home_42;-30.016.471.038.355.900;-5.116.303.303.016.370;10.0
Passo da Areia//work_42;-3.001.581.718.129.470;-5.116.320.759.185.440;10.0
Passo da Areia//school_42;-30.017.189.245.179.200;-5.116.290.992.863.710;10.0
Passo da Areia//home_43;-30.015.325.597.731.800;-51.166.442.630.434.500;10.0
Passo da Areia//work_43;-3.001.622.534.801.900;-51.164.254.095.827.800;10.0
Passo da Areia//school_43;-30.016.165.374.867.900;-5.116.425.078.521.800;10.0
Passo das Pedras//home_0;-3.001.244.351.122.270;-5.112.803.332.400.160;10.0
Passo das Pedras//work_0;-30.014.764.694.225.100;-5.112.850.772.405.370;10.0
Passo das Pedras//school_0;-30.013.657.272.450.100;-5.112.731.913.310.100;10.0
Passo das Pedras//home_1;-30.016.546.418.145.400;-5.112.620.313.982.010;10.0
Passo das Pedras//work_1;-30.017.437.899.964.600;-51.126.664.457.618.500;10.0
Passo das Pedras//school_1;-30.017.216.266.077.500;-5.112.613.264.275.470;10.0
Passo das Pedras//home_2;-3.001.221.497.401.010;-5.112.558.878.794.170;10.0
Passo das Pedras//work_2;-3.001.227.255.503.520;-5.112.677.433.356.440;10.0
Passo das Pedras//school_2;-3.001.437.039.696.430;-5.112.572.689.000.290;10.0
Passo das Pedras//home_3;-300.160.821.055.309;-5.112.099.542.785.450;10.0
Passo das Pedras//work_3;-30.013.402.072.924.600;-5.112.401.950.675.680;10.0
Passo das Pedras//school_3;-3.001.289.624.246.620;-5.112.492.348.533.440;10.0
Passo das Pedras//home_4;-30.017.149.183.963.700;-5.112.284.016.228.990;10.0
Passo das Pedras//work_4;-30.015.670.337.821.200;-5.112.392.004.178.540;10.0
Passo das Pedras//school_4;-30.014.568.136.533.200;-5.112.455.125.953.330;10.0
Passo das Pedras//home_5;-30.019.288.992.630.100;-51.127.420.207.805.200;10.0
Passo das Pedras//work_5;-30.018.675.940.071;-5.112.843.295.028.400;10.0
Passo das Pedras//school_5;-30.021.669.513.238.200;-51.126.719.478.344.300;10.0
Passo das Pedras//home_6;-30.017.451.444.392.700;-51.129.835.577.907.000;10.0
Passo das Pedras//work_6;-3.001.756.542.342.750;-5.112.967.470.805.360;10.0
Passo das Pedras//school_6;-30.017.352.782.080.600;-5.112.769.054.598.320;10.0
Passo das Pedras//home_7;-3.002.241.440.329.420;-511.279.726.835.367;10.0
Passo das Pedras//work_7;-3.002.304.981.624.480;-5.112.861.429.360.090;10.0
Passo das Pedras//school_7;-3.002.211.870.964.640;-5.112.820.717.397.030;10.0
Passo das Pedras//home_8;-30.022.169.770.766.700;-51.122.467.091.350.100;10.0
Passo das Pedras//work_8;-30.023.045.985.287.000;-51.125.628.553.630.900;10.0
Passo das Pedras//school_8;-30.022.877.741.467.300;-5.112.420.614.779.030;10.0
Passo das Pedras//home_9;-30.023.679.114.996.700;-51.124.488.880.420.700;10.0
Passo das Pedras//work_9;-30.024.339.201.708.300;-5.112.626.276.145.630;10.0
Passo das Pedras//school_9;-30.024.144.301.690.400;-5.112.605.830.600.640;10.0
Passo das Pedras//home_10;-30.024.077.938.037.600;-51.130.122.821.889.700;10.0
Passo das Pedras//work_10;-30.023.949.731.223.800;-5.112.952.806.950.400;10.0
Passo das Pedras//school_10;-30.025.418.022.146.000;-5.113.030.691.035.070;10.0
Passo das Pedras//home_11;-30.029.701.637.021.300;-51.130.960.000.324.300;10.0
Passo das Pedras//work_11;-30.027.506.153.144.600;-5.112.990.629.757.280;10.0
Passo das Pedras//school_11;-30.028.458.074.990.400;-51.130.482.595.965.400;10.0
Passo das Pedras//home_12;-30.030.607.318.333.400;-5.113.098.989.859.430;10.0
Passo das Pedras//work_12;-30.027.620.853.010.900;-5.112.412.663.741.740;10.0
Passo das Pedras//school_12;-30.027.356.745.025.500;-5.112.170.176.571.210;10.0
Passo das Pedras//home_13;-30.029.044.207.359.100;-5.112.994.809.527.500;10.0
Passo das Pedras//work_13;-3.002.732.312.311.300;-51.128.564.011.223.400;10.0
Passo das Pedras//school_13;-30.027.015.360.684.700;-5.112.938.324.296.880;10.0
Passo das Pedras//home_14;-30.026.623.986.948.200;-51.122.475.450.623.600;10.0
Passo das Pedras//work_14;-3.002.633.559.006.180;-511.257.624.176.148;10.0
Passo das Pedras//school_14;-3.002.655.256.304.960;-51.125.633.893.213.300;10.0
Passo das Pedras//home_15;-30.021.886.107.466.200;-51.123.098.141.918;10.0
Passo das Pedras//work_15;-30.021.630.365.844.600;-51.124.325.319.920.200;10.0
Passo das Pedras//school_15;-30.020.285.667.835.200;-511.228.321.874.449;10.0
Passo das Pedras//home_16;-30.021.585.463.853.000;-5.112.612.273.016.890;10.0
Passo das Pedras//work_16;-30.022.122.871.233.400;-5.112.588.562.854.750;10.0
Passo das Pedras//school_16;-3.002.134.521.493.090;-5.112.637.364.965.820;10.0
Passo das Pedras//home_17;-3.001.396.885.461.710;-5.113.029.740.418.990;10.0
Passo das Pedras//work_17;-30.012.283.202.210.900;-51.130.113.889.032.300;10.0
Passo das Pedras//school_17;-3.001.338.640.561.510;-5.112.978.024.256.690;10.0
Passo das Pedras//home_18;-3.001.683.921.235.880;-5.112.834.969.164.090;10.0
Passo das Pedras//work_18;-30.015.266.590.938.700;-51.130.793.844.605.600;10.0
Passo das Pedras//school_18;-30.016.024.552.027.200;-5.113.106.966.074.220;10.0
Passo das Pedras//home_19;-30.021.675.810.419;-51.120.012.354.712.400;10.0
Passo das Pedras//work_19;-30.019.694.316.081.700;-511.222.289.749.884;10.0
Passo das Pedras//school_19;-30.020.136.650.801.400;-5.111.973.591.191.480;10.0
Passo das Pedras//home_20;-3.001.861.285.263.240;-5.112.065.943.147.360;10.0
Passo das Pedras//work_20;-300.186.018.291.421;-51.120.789.901.127.700;10.0
Passo das Pedras//school_20;-30.018.344.327.416.700;-5.111.974.299.356.810;10.0
Passo das Pedras//home_21;-3.002.673.758.131.680;-51.131.510.241.712.400;10.0
Passo das Pedras//work_21;-3.001.809.688.577.490;-5.113.043.460.152.480;10.0
Passo das Pedras//school_21;-3.001.943.006.790.300;-5.113.115.210.172.150;10.0
Passo das Pedras//home_22;-30.020.861.525.714.500;-5.112.826.176.513.110;10.0
Passo das Pedras//work_22;-3.002.017.255.246.590;-5.112.836.708.084.690;10.0
Passo das Pedras//school_22;-30.019.768.611.555.800;-5.112.856.102.468.880;10.0
Passo das Pedras//home_23;-3.001.958.914.113.420;-5.112.959.271.222.070;10.0
Passo das Pedras//work_23;-3.002.191.830.146.240;-5.112.999.316.476.040;10.0
Passo das Pedras//school_23;-30.022.671.022.624.700;-5.112.981.247.785.400;10.0
Passo das Pedras//home_24;-30.023.917.381.421.900;-5.112.221.996.743.010;10.0
Passo das Pedras//work_24;-3.002.523.074.716.100;-5.112.579.655.440.480;10.0
Passo das Pedras//school_24;-30.025.031.350.474.400;-5.112.543.293.041.160;10.0
Passo das Pedras//home_25;-30.023.397.381.520.900;-51.123.162.339.326.800;10.0
Passo das Pedras//work_25;-30.023.422.102.879.700;-511.241.079.633.137;10.0
Passo das Pedras//school_25;-3.002.428.176.663.950;-5.112.280.652.219.400;10.0
Pedra Redonda//home_0;-30.123.901.145.063.100;-5.124.993.183.387.290;5.6
Pedra Redonda//work_0;-3.012.569.710.933.000;-5.124.264.874.618.280;10.0
Pedra Redonda//school_0;-30.124.152.171.371.000;-5.124.860.155.141.880;9.1
Pedra Redonda//home_1;-30.123.355.849.844.600;-51.246.741.958.830.400;10.0
Pedra Redonda//work_1;-3.012.256.690.187.280;-5.124.780.330.539.190;10.0
Pedra Redonda//school_1;-3.012.236.883.444.930;-51.247.576.087.183.300;10.0
Petr√≥polis//home_0;-3.003.915.789.837.300;-51.194.919.497.172.300;10.0
Petr√≥polis//work_0;-30.039.896.597.200.500;-511.949.618.436.759;10.0
Petr√≥polis//school_0;-30.039.504.333.443.600;-5.119.513.294.452.920;10.0
Petr√≥polis//home_1;-3.004.177.358.523.940;-51.195.391.013.762.300;10.0
Petr√≥polis//work_1;-3.004.091.841.149.700;-5.119.594.862.826.580;10.0
Petr√≥polis//school_1;-30.040.474.490.683.700;-5.119.577.265.082.970;10.0
Petr√≥polis//home_2;-30.042.570.689.839.300;-5.119.639.098.427.780;10.0
Petr√≥polis//work_2;-3.004.219.857.869.750;-51.195.931.091.568.800;10.0
Petr√≥polis//school_2;-30.042.213.953.075.800;-5.119.497.550.715.360;10.0
Petr√≥polis//home_3;-30.046.122.429.750.300;-5.119.656.398.063.790;10.0
Petr√≥polis//work_3;-30.043.546.721.687.600;-5.119.663.026.909.400;10.0
Petr√≥polis//school_3;-3.004.426.332.293.820;-5.119.614.288.968.860;10.0
Petr√≥polis//home_4;-30.044.967.227.118.800;-5.119.562.921.487.260;10.0
Petr√≥polis//work_4;-30.046.162.072.343.300;-5.119.610.803.904.600;10.0
Petr√≥polis//school_4;-30.044.567.521.793.700;-5.119.571.889.041.400;10.0
Petr√≥polis//home_5;-30.046.635.315.525.600;-5.119.632.948.300.100;8.3
Petr√≥polis//work_5;-30.047.824.399.890.100;-5.119.633.980.233.890;7.4
Petr√≥polis//school_5;-3.004.724.837.982.780;-5.119.607.446.207.960;9.4
Petr√≥polis//home_6;-3.004.481.959.528.020;-5.119.511.001.814.380;10.0
Petr√≥polis//work_6;-30.043.743.418.301.900;-5.119.452.999.125.810;10.0
Petr√≥polis//school_6;-30.043.842.203.762.300;-5.119.447.116.564.500;10.0
Petr√≥polis//home_7;-3.004.339.716.516.810;-5.119.499.029.436.270;10.0
Petr√≥polis//work_7;-30.040.877.118.837.700;-5.119.336.917.049.650;10.0
Petr√≥polis//school_7;-30.042.540.223.987.600;-5.119.371.915.948.250;10.0
Petr√≥polis//home_8;-3.003.922.569.338.570;-5.119.408.506.279.670;10.0
Petr√≥polis//work_8;-30.039.865.450.044.800;-51.193.229.324.803.800;10.0
Petr√≥polis//school_8;-30.040.169.163.165.300;-5.119.417.837.023.290;10.0
Petr√≥polis//home_9;-30.041.981.324.878.100;-51.192.811.015.646.800;10.0
Petr√≥polis//work_9;-30.041.520.949.711.900;-5.119.291.429.485.220;10.0
Petr√≥polis//school_9;-30.042.007.814.711.600;-5.119.332.942.749.340;10.0
Petr√≥polis//home_10;-30.043.475.657.232.500;-5.119.181.331.270.860;10.0
Petr√≥polis//work_10;-3.004.395.060.625.630;-51.190.974.928.916.100;10.0
Petr√≥polis//school_10;-30.042.239.179.973.300;-51.191.512.248.277.500;10.0
Petr√≥polis//home_11;-3.004.434.596.603.810;-5.119.308.515.705.680;10.0
Petr√≥polis//work_11;-30.044.172.102.048.500;-51.192.784.106.168.200;10.0
Petr√≥polis//school_11;-30.045.294.233.134.800;-5.119.353.116.496.890;10.0
Petr√≥polis//home_12;-30.048.652.339.576.400;-5.119.109.167.999.230;10.0
Petr√≥polis//work_12;-30.047.888.836.632.300;-5.119.147.647.776.530;10.0
Petr√≥polis//school_12;-30.048.385.214.467.800;-511.910.991.201.951;10.0
Petr√≥polis//home_13;-30.049.080.652.754.900;-51.187.683.907.990.000;10.0
Petr√≥polis//work_13;-30.048.214.029.820.300;-5.118.804.642.692.050;10.0
Petr√≥polis//school_13;-30.048.571.036.637.600;-5.118.916.359.516.230;10.0
Petr√≥polis//home_14;-30.047.025.048.496.000;-51.190.575.484.421;10.0
Petr√≥polis//work_14;-3.004.787.539.346.000;-5.118.877.775.777.470;10.0
Petr√≥polis//school_14;-3.004.699.819.246.410;-5.118.960.723.937.250;10.0
Petr√≥polis//home_15;-30.043.605.006.601.700;-51.189.962.446.962.500;10.0
Petr√≥polis//work_15;-3.004.544.252.914.860;-5.119.007.257.386.710;10.0
Petr√≥polis//school_15;-30.043.505.475.420.300;-511.883.450.777.656;10.0
Petr√≥polis//home_16;-30.041.771.537.481.700;-511.903.264.415.082;10.0
Petr√≥polis//work_16;-30.042.442.805.187.600;-5.119.005.337.099.840;10.0
Petr√≥polis//school_16;-30.042.159.755.654.200;-5.118.994.630.639.990;10.0
Petr√≥polis//home_17;-3.004.111.912.546.780;-5.119.105.909.897.800;10.0
Petr√≥polis//work_17;-30.039.614.744.897.500;-5.119.125.018.401.560;10.0
Petr√≥polis//school_17;-30.041.099.500.271.500;-51.191.509.848.350.700;10.0
Petr√≥polis//home_18;-30.038.247.740.859.900;-51.189.086.642.626.000;10.0
Petr√≥polis//work_18;-30.039.015.568.116.300;-5.118.952.017.406.080;10.0
Petr√≥polis//school_18;-3.003.891.603.663.210;-51.189.181.842.772.300;10.0
Petr√≥polis//home_19;-3.003.898.350.356.950;-5.118.768.479.553.090;10.0
Petr√≥polis//work_19;-30.039.056.438.557.500;-51.189.003.820.289.800;10.0
Petr√≥polis//school_19;-3.003.930.793.645.860;-51.190.404.647.268.800;10.0
Petr√≥polis//home_20;-30.040.349.458.504.000;-51.189.549.154.637.300;10.0
Petr√≥polis//work_20;-30.040.295.362.434.200;-511.891.580.767.792;10.0
Petr√≥polis//school_20;-30.042.200.177.089.900;-5.118.871.771.478.050;10.0
Petr√≥polis//home_21;-30.042.969.817.089.400;-5.118.809.961.863.150;10.0
Petr√≥polis//work_21;-30.043.189.828.914.300;-5.118.842.446.092.240;10.0
Petr√≥polis//school_21;-3.004.300.809.726.370;-5.118.782.073.160.290;10.0
Petr√≥polis//home_22;-3.004.469.895.425.530;-5.118.656.439.904.730;10.0
Petr√≥polis//work_22;-3.004.404.710.321.120;-51.187.485.493.778.400;10.0
Petr√≥polis//school_22;-30.043.674.650.188.600;-51.187.529.038.505.200;10.0
Petr√≥polis//home_23;-300.476.001.117.874;-5.118.606.004.644.440;10.0
Petr√≥polis//work_23;-3.004.698.242.153.700;-5.118.621.476.204.950;10.0
Petr√≥polis//school_23;-30.046.357.895.135.000;-5.118.631.858.064.040;10.0
Petr√≥polis//home_24;-30.049.039.442.442.700;-51.186.752.890.402.300;10.0
Petr√≥polis//work_24;-3.004.785.131.775.590;-51.186.363.590.853.300;10.0
Petr√≥polis//school_24;-30.047.870.508.908.100;-51.186.342.318.689.500;10.0
Petr√≥polis//home_25;-30.049.866.003.148.600;-5.118.631.109.544.050;10.0
Petr√≥polis//work_25;-30.049.700.260.486.400;-5.118.600.015.034.010;10.0
Petr√≥polis//school_25;-30.048.147.607.210.500;-51.185.740.737.824.100;10.0
Petr√≥polis//home_26;-3.004.938.009.142.290;-5.118.495.480.997.810;10.0
Petr√≥polis//work_26;-30.047.620.984.841.900;-51.184.643.016.336.200;10.0
Petr√≥polis//school_26;-30.049.360.023.593.000;-5.118.499.705.695.870;10.0
Petr√≥polis//home_27;-3.004.838.402.964.190;-51.184.320.609.537.500;10.0
Petr√≥polis//work_27;-3.004.840.327.624.000;-5.118.439.525.365.910;10.0
Petr√≥polis//school_27;-3.004.959.435.290.070;-5.118.450.998.071.120;10.0
Petr√≥polis//home_28;-30.050.018.337.136.600;-5.118.427.637.003.900;10.0
Petr√≥polis//work_28;-3.005.030.820.310.690;-5.118.438.408.351.760;10.0
Petr√≥polis//school_28;-30.049.320.636.403.300;-5.118.435.408.507.270;10.0
Petr√≥polis//home_29;-30.048.763.704.504.200;-511.840.638.069.312;10.0
Petr√≥polis//work_29;-30.048.382.040.449.400;-511.834.791.124.609;10.0
Petr√≥polis//school_29;-30.048.133.979.514.900;-511.831.830.361.111;10.0
Petr√≥polis//home_30;-3.004.770.297.227.150;-51.184.051.057.303.500;10.0
Petr√≥polis//work_30;-30.047.653.221.921.100;-51.183.969.312.940.700;10.0
Petr√≥polis//school_30;-30.047.756.986.802.800;-51.184.173.826.334.500;10.0
Petr√≥polis//home_31;-30.047.048.737.313.900;-5.118.497.814.330.270;10.0
Petr√≥polis//work_31;-3.004.515.963.188.720;-5.118.560.902.627.250;10.0
Petr√≥polis//school_31;-3.004.536.625.770.070;-511.844.810.588.176;10.0
Petr√≥polis//home_32;-30.044.914.305.030.000;-5.118.123.279.708.040;10.0
Petr√≥polis//work_32;-3.004.628.983.414.220;-5.118.276.220.506.120;10.0
Petr√≥polis//school_32;-30.046.368.553.459.700;-5.118.289.202.704.760;10.0
Petr√≥polis//home_33;-30.043.275.725.460.400;-5.118.013.304.022.720;10.0
Petr√≥polis//work_33;-30.043.015.346.917.300;-5.118.029.974.513.620;10.0
Petr√≥polis//school_33;-3.004.671.209.028.240;-5.118.133.267.575.100;10.0
Petr√≥polis//home_34;-30.043.533.718.956.900;-5.118.424.739.526.970;10.0
Petr√≥polis//work_34;-30.042.251.529.724.700;-51.183.590.851.742.000;10.0
Petr√≥polis//school_34;-30.043.094.668.573.800;-5.118.434.472.962.970;10.0
Petr√≥polis//home_35;-3.004.153.352.473.580;-5.118.493.379.139.580;10.0
Petr√≥polis//work_35;-30.041.576.592.893.900;-5.118.496.922.227.550;10.0
Petr√≥polis//school_35;-30.042.436.986.829.400;-5.118.484.251.207.750;10.0
Petr√≥polis//home_36;-30.041.007.613.571.200;-51.183.680.305.803.100;10.0
Petr√≥polis//work_36;-30.041.939.024.577.900;-51.187.768.518.761.600;10.0
Petr√≥polis//school_36;-3.004.132.797.219.630;-51.186.258.660.350.900;10.0
Petr√≥polis//home_37;-3.004.012.457.232.510;-5.118.414.040.169.600;10.0
Petr√≥polis//work_37;-30.040.069.680.446.300;-51.185.844.951.513.000;10.0
Petr√≥polis//school_37;-30.040.945.374.806.700;-5.118.826.084.023.500;10.0
Petr√≥polis//home_38;-3.004.032.168.149.510;-51.187.516.826.057.600;10.0
Petr√≥polis//work_38;-30.039.450.867.127.900;-5.118.502.543.170.110;10.0
Petr√≥polis//school_38;-3.003.920.172.939.020;-5.118.604.131.565.670;10.0
Petr√≥polis//home_39;-30.038.645.680.677.000;-51.185.900.434.762.400;10.0
Petr√≥polis//work_39;-30.038.002.077.765.500;-51.185.794.715.446.800;10.0
Petr√≥polis//school_39;-30.038.675.658.975.100;-5.118.610.870.391.820;10.0
Petr√≥polis//home_40;-30.036.745.155.148.600;-511.859.184.442.223;10.0
Petr√≥polis//work_40;-3.003.688.880.163.770;-5.118.667.559.976.080;10.0
Petr√≥polis//school_40;-30.036.715.880.678.800;-5.118.560.731.970.010;10.0
Petr√≥polis//home_41;-30.035.280.769.004.300;-5.118.486.902.406.910;10.0
Petr√≥polis//work_41;-3.003.697.367.887.220;-5.118.380.408.742.520;10.0
Petr√≥polis//school_41;-30.035.869.715.722.400;-5.118.476.986.464.980;10.0
Petr√≥polis//home_42;-30.032.310.905.416.900;-51.181.924.670.282.800;10.0
Petr√≥polis//work_42;-30.033.007.171.822.700;-5.118.056.594.605.390;10.0
Petr√≥polis//school_42;-3.003.399.842.037.230;-5.118.362.304.576.930;10.0
Petr√≥polis//home_43;-30.033.828.681.598.000;-511.805.416.304.936;10.0
Petr√≥polis//work_43;-30.033.618.486.520.900;-5.118.075.228.813.300;10.0
Petr√≥polis//school_43;-30.034.227.049.798.400;-51.180.230.392.685.100;10.0
Petr√≥polis//home_44;-30.038.872.585.313.200;-5.118.297.574.177.740;10.0
Petr√≥polis//work_44;-30.037.102.420.769.700;-5.118.354.476.998.830;10.0
Petr√≥polis//school_44;-3.003.764.505.643.180;-5.118.200.552.362.360;10.0
Petr√≥polis//home_45;-30.036.559.085.312.000;-51.178.311.086.167.400;10.0
Petr√≥polis//work_45;-30.036.129.138.805.200;-5.117.863.180.319.940;10.0
Petr√≥polis//school_45;-3.003.602.864.874.430;-5.117.834.964.619.560;10.0
Petr√≥polis//home_46;-30.037.909.836.967.100;-5.117.438.696.252.120;10.0
Petr√≥polis//work_46;-30.036.094.693.927.700;-5.117.669.490.820.930;10.0
Petr√≥polis//school_46;-30.035.884.804.222.700;-5.117.682.632.408.050;10.0
Petr√≥polis//home_47;-3.003.944.696.896.130;-51.176.616.008.822.700;10.0
Petr√≥polis//work_47;-3.003.720.177.492.640;-5.117.676.566.410.970;10.0
Petr√≥polis//school_47;-3.003.921.521.336.450;-51.176.187.720.290.300;10.0
Petr√≥polis//home_48;-3.003.837.324.310.490;-5.118.059.538.684.100;10.0
Petr√≥polis//work_48;-30.038.618.031.661;-51.181.364.453.136.600;10.0
Petr√≥polis//school_48;-30.039.738.496.256;-51.179.563.292.596.000;10.0
Petr√≥polis//home_49;-30.039.818.080.712.200;-51.180.661.103.025.100;10.0
Petr√≥polis//work_49;-3.004.056.968.417.890;-5.117.985.239.534.500;10.0
Petr√≥polis//school_49;-3.004.026.238.918.860;-51.179.653.148.955.200;10.0
Petr√≥polis//home_50;-30.038.719.658.627.700;-51.182.127.594.729.900;10.0
Petr√≥polis//work_50;-30.038.708.446.176.000;-51.182.160.301.018.500;10.0
Petr√≥polis//school_50;-30.039.877.120.738.900;-51.183.767.868.166.000;10.0
Petr√≥polis//home_51;-3.004.268.620.624.210;-5.118.222.042.489.320;10.0
Petr√≥polis//work_51;-30.042.178.987.500.500;-5.118.171.638.545.380;10.0
Petr√≥polis//school_51;-30.041.365.256.707.100;-5.118.147.180.839.090;10.0
Petr√≥polis//home_52;-30.042.475.358.924.900;-5.118.123.563.525.840;10.0
Petr√≥polis//work_52;-30.042.561.705.933.900;-5.118.152.942.204.520;10.0
Petr√≥polis//school_52;-30.043.165.959.128.500;-5.118.173.954.125.910;10.0
Petr√≥polis//home_53;-3.004.593.486.238.200;-51.178.711.403.903.000;10.0
Petr√≥polis//work_53;-30.045.303.226.089.900;-51.178.818.484.461.500;10.0
Petr√≥polis//school_53;-30.046.033.071.337.500;-5.117.954.425.521.400;10.0
Petr√≥polis//home_54;-30.041.819.293.017.600;-5.117.716.591.641.780;10.0
Petr√≥polis//work_54;-30.041.771.453.274.700;-5.117.757.459.629.670;10.0
Petr√≥polis//school_54;-30.042.889.383.353.400;-51.179.005.636.053.600;10.0
Petr√≥polis//home_55;-30.039.565.942.727.800;-5.117.738.298.317.790;10.0
Petr√≥polis//work_55;-30.041.078.257.777.600;-5.117.831.902.788.360;10.0
Petr√≥polis//school_55;-30.040.437.588.228.200;-5.117.762.497.361.730;10.0
Petr√≥polis//home_56;-30.042.568.472.400.500;-51.172.749.443.904;10.0
Petr√≥polis//work_56;-30.045.466.653.618.600;-5.117.510.523.796.270;10.0
Petr√≥polis//school_56;-30.043.840.369.474.600;-5.117.295.618.843.230;10.0
Petr√≥polis//home_57;-30.046.852.644.901.400;-51.174.159.645.706.900;10.0
Petr√≥polis//work_57;-30.047.196.536.455.200;-5.117.601.923.906.690;10.0
Petr√≥polis//school_57;-30.047.430.066.097.400;-511.728.945.265.098;10.0
Petr√≥polis//home_58;-30.043.852.378.130.800;-51.192.891.538.852.000;10.0
Petr√≥polis//work_58;-300.427.172.218.437;-5.119.219.609.976.440;10.0
Petr√≥polis//school_58;-30.042.534.035.232.600;-5.119.279.735.752.200;10.0
Petr√≥polis//home_59;-3.004.465.648.162.330;-51.191.222.111.288.100;10.0
Petr√≥polis//work_59;-30.044.810.805.141.900;-5.119.206.224.428.470;10.0
Petr√≥polis//school_59;-30.045.095.707.619.500;-5.119.190.565.615.520;10.0
Petr√≥polis//home_60;-30.046.127.626.847.600;-5.119.038.125.253.210;10.0
Petr√≥polis//work_60;-300.465.274.279.116;-51.189.167.000.277.900;10.0
Petr√≥polis//school_60;-3.004.605.905.099.200;-5.118.940.958.821.580;10.0
Petr√≥polis//home_61;-3.002.993.146.650.700;-51.181.458.766.546.600;10.0
Petr√≥polis//work_61;-30.031.864.584.384.000;-5.118.195.341.385.060;10.0
Petr√≥polis//school_61;-30.029.802.305.059.000;-5.118.147.723.883.590;10.0
Petr√≥polis//home_62;-30.033.591.871.915.000;-51.178.798.885.006.200;10.0
Petr√≥polis//work_62;-30.036.770.980.832.800;-51.180.683.978.440.600;10.0
Petr√≥polis//school_62;-30.036.532.213.119.900;-5.118.135.710.408.880;10.0
Petr√≥polis//home_63;-3.003.825.632.533.500;-51.178.310.742.917.600;10.0
Petr√≥polis//work_63;-30.037.310.636.133.500;-51.179.946.836.610.500;10.0
Petr√≥polis//school_63;-30.038.816.201.432.400;-5.117.867.730.777.690;10.0
Petr√≥polis//home_64;-3.004.026.782.815.080;-511.818.686.028.355;10.0
Petr√≥polis//work_64;-30.040.411.809.997.600;-5.118.185.931.360.710;10.0
Petr√≥polis//school_64;-3.004.068.011.617.220;-5.118.337.263.262.890;10.0
Petr√≥polis//home_65;-300.457.099.033.933;-51.191.582.686.173.800;10.0
Petr√≥polis//work_65;-3.004.667.119.087.670;-5.119.104.494.468.090;10.0
Petr√≥polis//school_65;-3.004.593.268.438.860;-5.119.139.304.430.150;10.0
Petr√≥polis//home_66;-3.004.585.011.194.450;-5.119.278.725.191.620;10.0
Petr√≥polis//work_66;-30.046.743.631.951.100;-51.193.894.627.094.300;10.0
Petr√≥polis//school_66;-30.045.803.969.533.100;-5.119.417.165.034.290;10.0
Petr√≥polis//home_67;-3.003.933.002.051.150;-5.117.403.976.870.370;10.0
Petr√≥polis//work_67;-3.003.978.387.235.530;-5.117.401.652.270.330;10.0
Petr√≥polis//school_67;-3.003.952.562.237.300;-5.117.413.052.844.580;10.0
Petr√≥polis//home_68;-30.042.347.120.470.000;-5.117.704.238.674.470;10.0
Petr√≥polis//work_68;-3.004.350.098.293.830;-5.117.856.362.574.130;10.0
Petr√≥polis//school_68;-300.417.306.331.605;-51.176.487.790.520.300;10.0
Petr√≥polis//home_69;-3.004.977.259.387.830;-5.119.543.630.085.170;7.9
Petr√≥polis//work_69;-30.048.018.145.189.700;-5.119.482.567.110.010;10.0
Petr√≥polis//school_69;-30.047.781.127.312.400;-5.119.449.825.217.850;10.0
Petr√≥polis//home_70;-30.046.062.323.991.500;-51.194.739.474.998.200;10.0
Petr√≥polis//work_70;-3.004.834.881.038.990;-5.119.549.164.114.710;10.0
Petr√≥polis//school_70;-30.048.731.839.247.200;-5.119.608.693.458.620;8.6
Petr√≥polis//home_71;-3.004.900.996.347.680;-51.192.349.823.770.700;10.0
Petr√≥polis//work_71;-3.004.837.819.250.550;-511.931.060.048.773;10.0
Petr√≥polis//school_71;-30.048.495.766.892.500;-5.119.217.375.420.380;10.0
Petr√≥polis//home_72;-30.048.334.597.602.600;-51.193.883.682.020.900;10.0
Petr√≥polis//work_72;-3.005.029.669.785.520;-5.119.391.887.139.320;10.0
Petr√≥polis//school_72;-30.048.185.390.559.000;-51.193.560.541.267.500;10.0
Petr√≥polis//home_73;-3.004.301.027.945.160;-51.176.557.818.535.200;10.0
Petr√≥polis//work_73;-30.043.569.831.048.300;-5.117.629.607.636.960;10.0
Petr√≥polis//school_73;-30.042.596.797.435.900;-51.175.292.243.391.400;10.0
Petr√≥polis//home_74;-3.004.429.982.248.970;-5.117.828.179.633.230;10.0
Petr√≥polis//work_74;-30.045.994.396.270.000;-5.117.765.288.142.460;10.0
Petr√≥polis//school_74;-30.043.842.342.824.500;-51.177.665.586.528.100;10.0
Pitinga//home_0;-30.157.556.740.463.900;-5.109.804.916.822.060;10.0
Pitinga//work_0;-30.154.947.412.005.500;-5.109.784.898.719.040;10.0
Pitinga//school_0;-30.144.855.818.705.100;-5.110.521.910.048.880;10.0
Pitinga//home_1;-3.014.845.160.529.720;-5.109.952.725.930.050;10.0
Pitinga//work_1;-30.147.979.828.442.400;-51.099.264.814.444.300;10.0
Pitinga//school_1;-30.148.457.342.344.300;-51.096.669.160.822.400;10.0
Pitinga//home_2;-3.013.676.414.593.050;-5.110.400.348.979.790;10.0
Pitinga//work_2;-3.013.969.884.051.680;-5.110.375.364.450.830;10.0
Pitinga//school_2;-3.013.568.567.628.450;-5.110.073.916.019.080;10.0
Pitinga//home_3;-3.014.262.975.707.070;-5.110.675.068.805.100;10.0
Pitinga//work_3;-30.141.082.052.203.200;-5.111.440.267.524.260;10.0
Pitinga//school_3;-30.143.810.365.408.600;-5.110.935.262.180.200;10.0
Pitinga//home_4;-30.141.347.152.748.100;-5.111.964.384.032.480;10.0
Pitinga//work_4;-30.141.809.207.820.200;-5.111.952.747.736.560;10.0
Pitinga//school_4;-30.142.912.784.204.200;-51.118.996.359.258.700;10.0
Pitinga//home_5;-30.142.060.277.836.700;-5.111.815.871.473.230;10.0
Pitinga//work_5;-30.143.366.660.127.400;-5.111.853.841.062.600;10.0
Pitinga//school_5;-30.141.485.577.696.900;-511.184.082.380.684;10.0
Pitinga//home_6;-3.014.337.680.325.590;-511.170.488.703.823;10.0
Pitinga//work_6;-3.014.243.614.651.370;-5.111.745.794.212.220;10.0
Pitinga//school_6;-3.014.276.289.574.000;-5.111.735.654.298.770;10.0
Pitinga//home_7;-30.139.027.413.416.500;-5.109.904.819.253.610;10.0
Pitinga//work_7;-3.013.917.361.317.080;-5.109.996.888.439.040;10.0
Pitinga//school_7;-301.385.121.525.961;-51.098.267.988.803.700;10.0
Pitinga//home_8;-30.161.514.308.807.100;-5.110.958.369.325.670;10.0
Pitinga//work_8;-30.151.412.164.202.900;-5.109.677.615.232.000;10.0
Pitinga//school_8;-30.154.856.116.742.300;-5.110.743.326.999.980;10.0
Pitinga//home_9;-30.147.284.791.021.000;-51.121.365.340.651.300;10.0
Pitinga//work_9;-30.153.468.315.722.400;-51.113.452.983.297.300;10.0
Pitinga//school_9;-30.146.521.917.587.600;-51.114.480.902.148.000;10.0
Pitinga//home_10;-301.440.926.040.606;-5.112.057.119.884.290;10.0
Pitinga//work_10;-30.147.659.781.929.800;-5.112.017.370.007.740;10.0
Pitinga//school_10;-30.145.226.057.505.700;-5.112.017.509.174.090;10.0
Pitinga//home_11;-30.141.365.609.043.400;-5.112.441.882.248.370;10.0
Pitinga//work_11;-30.140.490.896.858.800;-5.111.827.050.636.190;10.0
Pitinga//school_11;-30.142.966.216.736.000;-5.112.123.513.643.260;10.0
Ponta Grossa//home_0;-30.184.614.847.418.800;-51.246.061.882.563.600;10.0
Ponta Grossa//work_0;-3.018.619.909.255.920;-5.122.863.174.640.480;10.0
Ponta Grossa//school_0;-3.018.488.996.363.440;-512.379.289.636.672;10.0
Ponta Grossa//home_1;-30.187.288.782.601.700;-5.122.251.363.724.850;5.4
Ponta Grossa//work_1;-3.018.861.178.719.270;-5.121.841.776.697.310;6.0
Ponta Grossa//school_1;-30.187.857.840.281.500;-5.122.442.280.046.690;3.0
Ponta Grossa//home_2;-3.018.366.719.026.870;-5.121.739.097.664.620;3.0
Ponta Grossa//work_2;-30.177.730.730.123.600;-51.214.479.384.724.400;3.0
Ponta Grossa//school_2;-30.175.416.376.736.800;-51.217.860.481.941.100;3.0
Ponta Grossa//home_3;-3.018.526.152.064.890;-5.120.106.714.407.310;3.3
Ponta Grossa//work_3;-301.878.068.563.985;-51.201.386.525.832.400;3.0
Ponta Grossa//school_3;-30.189.138.678.380.800;-51.193.523.336.663.800;3.1
Ponta Grossa//home_4;-30.175.501.680.117.600;-5.121.341.633.284.370;3.0
Ponta Grossa//work_4;-3.017.303.750.974.270;-5.120.212.659.763.410;3.0
Ponta Grossa//school_4;-30.177.429.405.528.600;-5.118.660.739.899.830;5.3
Ponta Grossa//home_5;-30.174.362.080.635.000;-51.188.283.667.564.900;4.9
Ponta Grossa//work_5;-30.173.686.739.781.300;-5.118.876.778.131.290;4.8
Ponta Grossa//school_5;-3.017.716.953.832.220;-51.187.622.015.820.100;5.3
Ponta Grossa//home_6;-30.184.362.730.142.700;-5.119.494.860.282.230;4.1
Ponta Grossa//work_6;-3.018.528.549.976.140;-51.190.481.124.587.100;4.0
Ponta Grossa//school_6;-30.186.435.824.740.800;-51.190.514.563.588.400;4.0
Ponta Grossa//home_7;-30.184.324.297.793.700;-51.188.944.867.051.100;4.5
Ponta Grossa//work_7;-30.188.116.447.759.100;-5.118.582.956.580.250;4.1
Ponta Grossa//school_7;-30.189.725.208.440.900;-511.874.657.497.469;4.4
Ponta Grossa//home_8;-3.018.062.370.572.970;-5.117.747.435.626.330;6.9
Ponta Grossa//work_8;-3.018.320.575.337.770;-51.179.094.621.386.100;4.8
Ponta Grossa//school_8;-30.179.869.643.983.000;-5.117.974.310.796.630;5.7
Ponta Grossa//home_9;-3.017.624.176.590.680;-5.118.886.256.672.930;5.3
Ponta Grossa//work_9;-30.180.522.611.482.500;-5.118.862.791.434.420;4.6
Ponta Grossa//school_9;-30.178.477.574.784.300;-51.188.748.105.783.700;4.8
Ponta Grossa//home_10;-30.175.528.969.309.800;-5.118.019.429.508.320;6.8
Ponta Grossa//work_10;-30.174.115.533.585.000;-5.118.040.041.232.940;6.6
Ponta Grossa//school_10;-30.174.164.763.808.000;-51.181.541.184.026.900;6.8
Ponta Grossa//home_11;-3.017.578.110.651.250;-5.117.636.681.415.100;6.8
Ponta Grossa//work_11;-3.017.817.754.452.730;-51.177.635.884.300.600;6.2
Ponta Grossa//school_11;-30.174.719.032.861.400;-5.117.748.680.643.160;7.2
Ponta Grossa//home_12;-30.181.757.959.881.100;-5.118.592.574.876.740;4.9
Ponta Grossa//work_12;-3.018.118.517.716.610;-5.118.471.645.438.800;5.1
Ponta Grossa//school_12;-3.018.469.232.762.380;-5.118.518.758.366.270;4.7
Praia de Belas//home_0;-30.043.157.261.739.900;-512.299.659.662.092;3.2
Praia de Belas//work_0;-30.043.132.663.823.700;-5.122.910.606.707.460;3.2
Praia de Belas//school_0;-30.044.239.071.982.000;-5.122.990.657.596.950;3.2
Praia de Belas//home_1;-30.043.851.279.304.700;-5.122.794.411.425.300;4.3
Praia de Belas//work_1;-30.045.412.030.497.700;-5.122.864.029.541.090;3.7
Praia de Belas//school_1;-3.004.454.552.603.170;-5.122.807.025.922.970;3.3
Praia de Belas//home_2;-30.045.730.289.719.900;-51.228.142.811.648.800;3.7
Praia de Belas//work_2;-3.004.758.247.632.850;-5.122.764.131.059.260;3.9
Praia de Belas//school_2;-30.046.983.437.142.800;-51.227.874.033.822.900;4.0
Praia de Belas//home_3;-3.005.040.861.457.250;-5.122.915.527.035.260;4.0
Praia de Belas//work_3;-3.005.772.914.769.260;-5.123.063.451.062.500;3.5
Praia de Belas//school_3;-30.048.653.593.684.800;-51.228.231.490.278.300;4.0
Praia de Belas//home_4;-3.004.553.363.352.220;-51.229.701.847.172.700;3.0
Praia de Belas//work_4;-30.044.839.208.179.300;-512.302.875.439.698;3.0
Praia de Belas//school_4;-3.004.579.604.762.540;-5.122.941.712.929.990;3.0
Praia de Belas//home_5;-30.053.047.093.574.600;-5.123.171.905.119.800;4.0
Praia de Belas//work_5;-3.006.590.019.312.590;-5.123.668.862.264.400;3.3
Praia de Belas//school_5;-3.005.992.612.873.320;-5.123.111.714.875.660;4.1
Praia de Belas//home_6;-3.004.642.837.204.110;-51.235.032.260.552.800;3.0
Praia de Belas//work_6;-30.042.826.559.793.400;-5.123.794.289.128.300;3.0
Praia de Belas//school_6;-30.040.671.521.001.300;-51.239.067.117.804.700;3.0
Restinga//home_0;-30.123.018.906.761.400;-511.430.080.384.147;10.0
Restinga//work_0;-301.318.127.734.086;-51.147.703.919.142.600;10.0
Restinga//school_0;-3.012.806.722.969.660;-5.114.456.753.943.720;10.0
Restinga//home_1;-30.143.917.149.267.300;-5.114.521.957.001.750;10.0
Restinga//work_1;-301.445.445.503.586;-5.114.332.815.487.570;10.0
Restinga//school_1;-301.439.653.845.563;-5.114.485.168.772.550;10.0
Restinga//home_2;-30.148.028.241.952.000;-5.114.556.119.323.590;10.0
Restinga//work_2;-3.014.773.824.005.760;-51.144.648.992.053.100;10.0
Restinga//school_2;-30.146.923.495.255.700;-51.144.112.257.363.600;10.0
Restinga//home_3;-3.014.778.786.160.020;-51.151.453.888.236.400;10.0
Restinga//work_3;-3.014.735.300.050.420;-5.115.079.740.694.050;10.0
Restinga//school_3;-3.014.766.260.008.250;-511.520.321.707.353;10.0
Restinga//home_4;-30.146.976.525.323.600;-5.114.182.010.256.800;10.0
Restinga//work_4;-3.015.059.741.373.570;-5.114.388.813.481.050;10.0
Restinga//school_4;-30.148.531.805.655.300;-5.114.451.979.118.790;10.0
Restinga//home_5;-3.015.164.110.673.140;-5.114.033.312.579.180;10.0
Restinga//work_5;-30.152.050.118.888.900;-5.114.113.276.030.710;10.0
Restinga//school_5;-30.151.745.332.096.700;-51.140.339.980.993.800;10.0
Restinga//home_6;-3.014.911.011.583.480;-5.113.815.135.602.560;10.0
Restinga//work_6;-30.150.905.651.985.100;-51.136.646.882.873.300;10.0
Restinga//school_6;-30.148.827.031.811.500;-5.114.054.073.434.420;10.0
Restinga//home_7;-3.015.163.241.017.720;-5.113.604.006.904.930;10.0
Restinga//work_7;-30.150.315.886.029.000;-5.113.578.724.503.590;10.0
Restinga//school_7;-30.151.930.354.589.100;-51.135.479.095.834.400;10.0
Restinga//home_8;-30.147.596.320.964.300;-5.113.628.216.946.400;10.0
Restinga//work_8;-30.145.899.462.339.400;-5.113.562.235.956.790;10.0
Restinga//school_8;-30.148.096.727.532.000;-5.113.281.839.864.960;10.0
Restinga//home_9;-30.149.478.034.719.300;-5.113.176.588.975.400;10.0
Restinga//work_9;-3.014.889.053.294.480;-5.112.716.002.917.730;10.0
Restinga//school_9;-3.014.277.928.955.300;-5.112.645.650.198.650;10.0
Restinga//home_10;-30.151.893.687.903.600;-5.113.044.347.416.340;10.0
Restinga//work_10;-3.015.272.979.449.440;-511.277.288.627.841;10.0
Restinga//school_10;-30.151.576.695.698.500;-5.112.858.964.997.460;10.0
Restinga//home_11;-3.015.075.290.824.050;-51.132.533.473.642.300;10.0
Restinga//work_11;-30.150.948.905.388.000;-5.113.170.990.470.410;10.0
Restinga//school_11;-3.015.033.737.332.980;-5.113.277.192.625.160;10.0
Restinga//home_12;-30.151.920.205.221.600;-511.324.006.416.736;10.0
Restinga//work_12;-3.015.148.368.959.400;-5.113.158.204.820.970;10.0
Restinga//school_12;-30.151.844.139.015.800;-5.113.212.186.094.090;10.0
Restinga//home_13;-3.015.342.474.972.590;-5.113.080.766.552.200;10.0
Restinga//work_13;-3.015.209.398.414.560;-51.133.169.104.608.200;10.0
Restinga//school_13;-3.015.326.421.079.170;-5.113.110.216.402.630;10.0
Restinga//home_14;-30.153.113.984.209.700;-5.113.397.475.855.160;10.0
Restinga//work_14;-30.153.240.060.738.300;-51.134.320.502.938.300;10.0
Restinga//school_14;-30.153.139.050.486.500;-5.113.336.453.589.220;10.0
Restinga//home_15;-30.155.341.042.073.600;-51.134.863.281.883.400;10.0
Restinga//work_15;-30.155.502.611.868.200;-5.113.548.828.703.700;10.0
Restinga//school_15;-30.154.975.605.446.700;-511.358.565.861.076;10.0
Restinga//home_16;-3.015.526.537.633.870;-51.137.772.147.535.800;10.0
Restinga//work_16;-30.156.333.010.083.500;-51.138.631.143.491.300;10.0
Restinga//school_16;-3.015.470.097.887.740;-51.137.263.806.909.800;10.0
Restinga//home_17;-3.015.233.253.728.190;-5.113.844.776.901.220;10.0
Restinga//work_17;-30.153.664.817.667.900;-51.138.081.875.932.400;10.0
Restinga//school_17;-30.152.519.992.517.000;-51.137.430.725.028.800;10.0
Restinga//home_18;-30.154.458.373.202.600;-51.142.747.942.412.400;10.0
Restinga//work_18;-30.155.221.230.520.800;-5.114.234.972.775.380;10.0
Restinga//school_18;-30.155.139.121.718.100;-51.141.338.847.039.200;10.0
Restinga//home_19;-30.152.362.239.793.100;-5.114.294.412.285.310;10.0
Restinga//work_19;-3.015.219.959.703.000;-51.143.055.942.006.800;10.0
Restinga//school_19;-3.015.245.001.873.610;-5.114.312.848.007.760;10.0
Restinga//home_20;-30.151.148.557.943.000;-51.146.023.982.144.000;10.0
Restinga//work_20;-30.150.535.619.407.600;-51.145.381.017.824.500;10.0
Restinga//school_20;-3.015.071.418.598.500;-5.114.497.802.662.750;10.0
Restinga//home_21;-3.014.891.246.538.390;-5.115.121.868.975.520;10.0
Restinga//work_21;-30.149.761.910.354.700;-5.114.892.540.621.870;10.0
Restinga//school_21;-30.151.786.224.084.300;-5.114.733.577.231.930;10.0
Restinga//home_22;-3.015.289.892.385.510;-51.150.492.496.739.100;10.0
Restinga//work_22;-30.151.242.777.711.000;-5.114.931.649.707.950;10.0
Restinga//school_22;-30.151.311.391.146.800;-511.482.368.331.131;10.0
Restinga//home_23;-30.152.584.828.222.900;-5.114.551.332.433.930;10.0
Restinga//work_23;-30.152.264.547.482.600;-5.114.769.330.826.390;10.0
Restinga//school_23;-301.521.783.130.071;-5.114.627.044.867.920;10.0
Restinga//home_24;-3.015.474.660.689.910;-51.145.009.436.652.900;10.0
Restinga//work_24;-301.541.637.982.253;-511.453.701.093.827;10.0
Restinga//school_24;-30.153.978.923.975.500;-5.114.362.726.744.480;10.0
Restinga//home_25;-30.153.527.316.645.800;-511.525.275.327.227;10.0
Restinga//work_25;-301.553.347.528.456;-5.114.804.132.890.000;10.0
Restinga//school_25;-30.155.219.064.330.400;-5.114.763.648.567.500;10.0
Restinga//home_26;-3.015.589.413.527.400;-5.114.970.303.013.710;10.0
Restinga//work_26;-30.154.053.455.694.700;-51.152.382.032.849.400;10.0
Restinga//school_26;-30.154.789.317.595.500;-5.115.260.584.506.910;10.0
Restinga//home_27;-30.156.751.029.799.500;-511.446.994.861.868;10.0
Restinga//work_27;-3.015.671.372.706.520;-5.114.546.786.187.390;10.0
Restinga//school_27;-3.015.653.235.345.460;-51.145.052.142.607.100;10.0
Restinga//home_28;-3.015.593.164.810.670;-5.114.507.432.318.760;10.0
Restinga//work_28;-30.155.755.466.301.100;-51.144.005.608.612.900;10.0
Restinga//school_28;-30.155.996.797.481.100;-5.114.538.512.440.360;10.0
Restinga//home_29;-30.156.558.179.365.400;-5.114.371.658.225.080;10.0
Restinga//work_29;-3.015.735.206.493.780;-51.143.417.539.594.600;10.0
Restinga//school_29;-30.157.088.899.741.700;-5.114.342.537.807.780;10.0
Restinga//home_30;-30.157.430.500.016.000;-5.114.321.393.868.220;10.0
Restinga//work_30;-3.015.758.508.994.260;-51.143.457.266.930.700;10.0
Restinga//school_30;-3.015.683.887.339.050;-51.139.668.830.949.500;10.0
Restinga//home_31;-30.155.851.560.447.300;-5.114.055.718.952.050;10.0
Restinga//work_31;-30.155.484.521.658.500;-5.114.186.860.903.680;10.0
Restinga//school_31;-30.155.825.701.018.800;-5.114.090.868.521.160;10.0
Restinga//home_32;-3.015.610.419.746.360;-5.113.688.724.152.870;10.0
Restinga//work_32;-30.156.948.552.765.800;-51.138.783.360.811.800;10.0
Restinga//school_32;-30.158.088.342.687.900;-511.417.072.611.888;10.0
Restinga//home_33;-30.157.146.877.611.500;-51.134.929.976.463.700;10.0
Restinga//work_33;-3.015.773.347.307.640;-5.113.468.068.895.900;10.0
Restinga//school_33;-3.015.801.927.314.780;-5.113.577.317.112.420;10.0
Restinga//home_34;-30.155.653.752.555.800;-5.113.338.985.512.110;10.0
Restinga//work_34;-30.156.547.664.893.000;-5.113.396.588.948.860;10.0
Restinga//school_34;-30.156.216.989.297.200;-51.133.417.390.211.700;10.0
Restinga//home_35;-3.015.837.042.787.630;-5.113.429.641.058.010;10.0
Restinga//work_35;-30.158.433.344.065.100;-5.113.389.367.789.470;10.0
Restinga//school_35;-3.015.776.629.619.760;-5.113.364.317.788.560;10.0
Restinga//home_36;-3.015.988.888.833.200;-51.135.668.684.455.100;10.0
Restinga//work_36;-30.160.920.597.965.700;-51.135.447.386.443.500;10.0
Restinga//school_36;-30.159.643.244.967.000;-51.133.143.177.327.900;10.0
Restinga//home_37;-30.167.600.819.623.200;-5.114.146.703.512.060;10.0
Restinga//work_37;-30.166.630.628.025.900;-51.139.815.785.050.100;10.0
Restinga//school_37;-3.016.577.766.732.810;-5.114.073.890.234.380;10.0
Restinga//home_38;-3.016.615.205.732.220;-5.115.195.415.331.560;10.0
Restinga//work_38;-30.166.914.514.834.400;-5.115.041.841.047.950;10.0
Restinga//school_38;-3.016.734.972.670.290;-51.154.181.341.427.200;10.0
Restinga//home_39;-3.015.913.622.837.620;-51.145.135.824.540.200;10.0
Restinga//work_39;-3.016.134.310.542.320;-5.114.806.019.889.950;10.0
Restinga//school_39;-30.162.646.577.224.100;-51.150.102.256.068.800;10.0
Restinga//home_40;-30.160.775.621.071.800;-5.114.258.397.354.060;10.0
Restinga//work_40;-30.161.307.070.575.500;-5.114.367.611.391.190;10.0
Restinga//school_40;-3.016.010.476.389.710;-5.114.358.593.176.810;10.0
Restinga//home_41;-30.158.741.166.382.200;-51.141.707.589.834.200;10.0
Restinga//work_41;-30.158.943.551.945.700;-5.114.338.427.463.600;10.0
Restinga//school_41;-3.015.813.190.379.960;-5.114.347.261.665.130;10.0
Restinga//home_42;-3.016.002.905.452.080;-5.113.991.132.630.060;10.0
Restinga//work_42;-3.016.004.068.638.600;-51.142.907.565.568.300;10.0
Restinga//school_42;-30.160.803.790.217.400;-5.114.110.008.447.880;10.0
Restinga//home_43;-30.160.987.812.464.800;-51.140.572.537.032.000;10.0
Restinga//work_43;-30.161.114.791.225.800;-5.114.139.622.910.530;10.0
Restinga//school_43;-3.016.222.095.840.050;-51.139.955.938.391.000;10.0
Restinga//home_44;-30.161.775.738.971.700;-511.385.794.083.828;10.0
Restinga//work_44;-3.016.229.713.274.330;-51.139.076.876.392.600;10.0
Restinga//school_44;-30.162.703.950.057.800;-51.140.355.075.405.900;10.0
Restinga//home_45;-3.016.079.834.870.190;-511.374.400.389.454;10.0
Restinga//work_45;-30.160.475.693.270.000;-5.113.716.961.298.800;10.0
Restinga//school_45;-30.160.904.389.529.800;-5.113.639.305.882.540;10.0
Restinga//home_46;-30.160.102.833.319.600;-51.138.925.608.998.100;10.0
Restinga//work_46;-30.159.600.539.709.900;-51.136.730.630.328.800;10.0
Restinga//school_46;-3.016.038.608.646.650;-51.138.561.660.792.800;10.0
Restinga//home_47;-30.159.137.702.169.800;-511.377.447.145.843;10.0
Restinga//work_47;-30.158.834.535.640.700;-5.113.746.114.711.040;10.0
Restinga//school_47;-30.158.546.909.208.500;-51.138.112.234.343.800;10.0
Restinga//home_48;-30.167.749.352.714.700;-5.115.323.303.784.930;10.0
Restinga//work_48;-30.166.021.094.810.600;-5.114.703.021.137.400;10.0
Restinga//school_48;-30.167.772.112.001.200;-5.115.086.970.973.040;10.0
Restinga//home_49;-30.148.382.452.809.100;-5.115.675.430.288.800;10.0
Restinga//work_49;-30.149.117.930.218.700;-5.115.515.781.382.240;10.0
Restinga//school_49;-3.014.834.158.235.380;-51.153.860.261.422.100;10.0
Restinga//home_50;-3.014.604.783.655.510;-5.114.886.225.079.270;10.0
Restinga//work_50;-30.145.519.917.730.500;-511.454.545.966.728;10.0
Restinga//school_50;-3.014.622.959.960.370;-5.115.128.738.586.190;10.0
Restinga//home_51;-3.014.719.095.286.670;-51.130.595.532.855.500;10.0
Restinga//work_51;-30.146.316.592.573.000;-5.112.819.092.411.900;10.0
Restinga//school_51;-3.014.763.950.601.020;-51.130.335.222.250.100;10.0
Restinga//home_52;-30.154.622.195.792.600;-51.146.605.497.527.300;10.0
Restinga//work_52;-3.015.606.172.544.620;-5.114.682.846.611.340;10.0
Restinga//school_52;-3.015.717.230.850.130;-51.146.859.521.714.200;10.0
Restinga//home_53;-301.656.480.568.907;-5.114.346.738.330.810;10.0
Restinga//work_53;-30.165.495.621.104.800;-51.143.046.641.875.700;10.0
Restinga//school_53;-30.164.389.900.202.700;-5.114.234.184.226.800;10.0
Restinga//home_54;-30.146.238.294.990.900;-51.129.538.622.251.100;10.0
Restinga//work_54;-3.014.582.873.859.920;-511.297.006.877.408;10.0
Restinga//school_54;-30.144.240.949.523.100;-51.126.534.103.371.400;10.0
Restinga//home_55;-3.017.563.059.250.050;-511.413.666.979.062;10.0
Restinga//work_55;-30.173.808.669.188.300;-511.465.613.223.471;10.0
Restinga//school_55;-3.017.363.340.884.580;-5.114.376.454.700.960;10.0
Restinga//home_56;-30.143.650.946.152.600;-5.114.181.797.055.510;10.0
Restinga//work_56;-30.144.555.126.622.700;-5.114.120.462.674.160;10.0
Restinga//school_56;-30.144.503.448.896.800;-511.416.565.548.059;10.0
Restinga//home_57;-30.156.161.932.697.500;-5.112.359.185.843.960;10.0
Restinga//work_57;-30.155.041.220.736.600;-5.113.241.438.992.800;10.0
Restinga//school_57;-30.154.410.824.262.400;-51.126.391.511.353.800;10.0
Restinga//home_58;-30.162.831.646.655.400;-51.144.293.403.852.800;10.0
Restinga//work_58;-3.016.130.600.865.160;-5.114.276.738.214.590;10.0
Restinga//school_58;-30.161.353.635.112.700;-51.142.319.289.436.000;10.0
Restinga//home_59;-3.013.145.598.586.580;-51.154.559.647.208.900;10.0
Restinga//work_59;-30.138.890.508.658.300;-5.116.605.160.399.160;10.0
Restinga//school_59;-3.012.913.317.277.740;-5.116.082.249.982.150;10.0
Restinga//home_60;-3.014.190.835.310.380;-51.142.324.084.114.900;10.0
Restinga//work_60;-3.014.050.181.648.470;-51.140.884.737.611.300;10.0
Restinga//school_60;-30.136.007.268.801.300;-5.113.673.480.649.370;10.0
Restinga//home_61;-30.147.682.171.773.900;-51.156.802.165.046.800;10.0
Restinga//work_61;-30.146.868.539.097.800;-51.156.493.164.124.800;10.0
Restinga//school_61;-30.147.157.965.159.200;-5.115.671.457.154.750;10.0
Restinga//home_62;-3.014.923.698.820.610;-511.567.046.015.879;10.0
Restinga//work_62;-30.147.927.887.206.500;-5.115.867.313.906.610;10.0
Restinga//school_62;-30.150.351.452.251.800;-51.155.529.560.775.100;10.0
Restinga//home_63;-301.502.646.268.201;-5.116.015.314.752.140;10.0
Restinga//work_63;-3.014.856.582.069.490;-5.116.115.927.432.970;10.0
Restinga//school_63;-3.014.887.198.008.000;-5.116.127.583.100.510;10.0
Restinga//home_64;-30.154.243.272.511.900;-5.116.090.916.351.850;10.0
Restinga//work_64;-3.015.130.031.468.890;-5.115.635.693.921.130;10.0
Restinga//school_64;-30.155.836.914.492.500;-5.115.900.339.726.490;10.0
Restinga//home_65;-30.164.768.724.862.800;-5.114.548.118.695.690;10.0
Restinga//work_65;-301.647.521.242.429;-5.114.809.435.012.480;10.0
Restinga//school_65;-30.165.409.900.965.100;-5.114.756.126.616.100;10.0
Restinga//home_66;-30.164.950.822.461.600;-5.114.677.497.968.380;10.0
Restinga//work_66;-30.165.640.158.146.700;-5.114.693.676.304.030;10.0
Restinga//school_66;-30.165.487.834.554.800;-5.114.738.644.470.660;10.0
Restinga//home_67;-30.162.922.630.843.600;-5.115.210.185.553.010;10.0
Restinga//work_67;-3.016.382.997.561.780;-5.115.391.197.010.670;10.0
Restinga//school_67;-3.016.309.631.135.670;-5.115.320.940.600.300;10.0
Restinga//home_68;-3.016.264.770.186.250;-511.511.194.293.942;10.0
Restinga//work_68;-30.165.418.318.602.300;-51.154.755.080.299.500;10.0
Restinga//school_68;-30.165.452.423.883.100;-5.115.522.244.170.490;10.0
Restinga//home_69;-30.169.148.253.257.300;-51.148.328.719.421.500;10.0
Restinga//work_69;-30.168.764.435.010.900;-51.152.873.144.134.300;10.0
Restinga//school_69;-30.170.393.562.873.100;-51.147.470.347.663.000;10.0
Restinga//home_70;-30.168.723.894.910.600;-5.114.715.634.744.450;10.0
Restinga//work_70;-3.016.899.170.122.620;-51.146.672.188.390.600;10.0
Restinga//school_70;-3.016.863.622.264.490;-511.462.617.599.886;10.0
Restinga//home_71;-3.016.987.112.561.230;-5.114.875.382.912.550;10.0
Restinga//work_71;-30.170.439.907.550.400;-5.114.903.682.438.740;10.0
Restinga//school_71;-3.017.008.517.348.410;-51.149.247.883.239.000;10.0
Restinga//home_72;-30.165.295.337.673.400;-5.114.171.731.659.110;10.0
Restinga//work_72;-30.163.875.886.839.600;-51.143.344.734.173.000;10.0
Restinga//school_72;-30.163.911.906.312.300;-5.114.262.772.129.840;10.0
Restinga//home_73;-30.165.027.943.735.900;-5.114.151.165.385.110;10.0
Restinga//work_73;-3.016.432.744.442.770;-5.114.154.400.199.570;10.0
Restinga//school_73;-30.163.974.227.955.100;-5.114.141.900.143.260;10.0
Restinga//home_74;-30.164.623.414.256.500;-51.141.018.774.707.500;10.0
Restinga//work_74;-30.163.812.265.874.900;-5.114.087.981.786.140;10.0
Restinga//school_74;-30.164.776.504.144.400;-5.113.974.560.706.560;10.0
Restinga//home_75;-30.164.337.876.882.200;-5.113.943.932.460.200;10.0
Restinga//work_75;-30.163.701.879.499.500;-51.139.510.607.662.800;10.0
Restinga//school_75;-3.016.425.867.592.450;-5.113.860.991.639.340;10.0
Restinga//home_76;-30.163.762.014.161.000;-5.113.643.947.167.510;10.0
Restinga//work_76;-30.163.581.857.656.000;-5.113.567.196.050.470;10.0
Restinga//school_76;-3.016.437.479.842.020;-5.113.846.130.531.580;10.0
Restinga//home_77;-30.165.623.120.935.800;-5.113.851.538.737.230;10.0
Restinga//work_77;-3.016.539.274.573.070;-511.383.766.369.362;10.0
Restinga//school_77;-30.165.548.375.632.200;-51.137.494.417.060.900;10.0
Restinga//home_78;-3.016.427.826.436.830;-51.136.591.743.320.000;10.0
Restinga//work_78;-30.164.801.997.032.200;-51.137.041.174.844.200;10.0
Restinga//school_78;-30.164.747.998.512.400;-5.113.721.221.194.040;10.0
Restinga//home_79;-30.165.365.515.561.000;-51.136.038.471.193.300;10.0
Restinga//work_79;-30.165.181.810.304.600;-51.136.672.727.601.000;10.0
Restinga//school_79;-3.016.554.740.453.200;-5.113.650.151.142.810;10.0
Restinga//home_80;-30.166.456.637.887.500;-5.113.457.087.604.310;10.0
Restinga//work_80;-30.164.258.864.969.800;-5.113.548.634.139.110;10.0
Restinga//school_80;-30.165.233.484.874.000;-511.337.500.390.493;10.0
Restinga//home_81;-30.140.151.332.408.800;-5.113.809.721.384.750;10.0
Restinga//work_81;-30.138.820.371.391.300;-5.113.319.361.286.390;10.0
Restinga//school_81;-3.014.049.470.105.590;-51.136.046.561.998.200;10.0
Restinga//home_82;-30.145.127.717.430.900;-51.133.180.923.697.800;10.0
Restinga//work_82;-30.145.941.591.485.000;-5.113.310.194.198.070;10.0
Restinga//school_82;-3.014.581.026.018.030;-51.131.033.255.168.100;10.0
Restinga//home_83;-30.141.457.803.092.100;-51.137.463.100.405.700;10.0
Restinga//work_83;-3.014.100.366.798.820;-5.113.928.962.757.850;10.0
Restinga//school_83;-30.142.918.272.872.800;-51.135.919.279.768.400;10.0
Restinga//home_84;-30.142.843.064.341.800;-5.114.032.339.530.800;10.0
Restinga//work_84;-30.142.300.028.251.300;-5.114.011.700.092.510;10.0
Restinga//school_84;-30.143.048.272.413.900;-5.113.943.783.631.290;10.0
Restinga//home_85;-30.145.984.245.840.900;-5.113.800.940.228.890;10.0
Restinga//work_85;-30.145.023.230.127.100;-51.138.743.982.933.500;10.0
Restinga//school_85;-3.014.518.190.443.920;-5.113.827.017.133.420;10.0
Restinga//home_86;-30.146.880.843.057.000;-5.113.731.369.679.590;10.0
Restinga//work_86;-30.147.371.621.674.800;-5.113.806.861.236.160;10.0
Restinga//school_86;-30.144.754.693.082.000;-5.113.971.414.514.870;10.0
Restinga//home_87;-30.168.820.494.273.600;-5.113.889.467.982.680;10.0
Restinga//work_87;-3.016.911.524.373.590;-5.113.069.697.401.910;10.0
Restinga//school_87;-30.168.725.664.689.400;-51.139.184.800.611.600;10.0
Restinga//home_88;-3.016.717.419.801.970;-51.125.623.222.839.500;10.0
Restinga//work_88;-30.168.323.285.966.300;-51.128.760.293.957.000;10.0
Restinga//school_88;-30.161.984.043.818.000;-51.120.928.156.972.200;10.0
Restinga//home_89;-30.147.410.614.344.500;-51.124.342.569.996.100;10.0
Restinga//work_89;-30.148.976.325.475.800;-51.124.760.804.637.400;10.0
Restinga//school_89;-30.149.997.301.904.900;-51.123.897.480.021.400;10.0
Restinga//home_90;-30.160.683.199.043.400;-51.152.052.149.238.900;10.0
Restinga//work_90;-30.158.502.217.007.400;-51.148.920.617.096.100;10.0
Restinga//school_90;-30.159.690.622.237.400;-5.115.572.707.386.110;10.0
Restinga//home_91;-3.015.684.874.988.880;-5.115.059.673.092.880;10.0
Restinga//work_91;-3.015.561.329.765.870;-5.115.222.635.297.810;10.0
Restinga//school_91;-301.556.261.018.163;-5.115.296.572.946.800;10.0
Rio Branco//home_0;-30.035.796.928.786.800;-5.120.758.556.987.900;10.0
Rio Branco//work_0;-30.035.144.952.444.200;-5.120.786.094.808.580;10.0
Rio Branco//school_0;-30.035.902.522.763.900;-5.120.793.920.359.390;10.0
Rio Branco//home_1;-30.035.307.065.924.900;-5.120.703.978.283.680;10.0
Rio Branco//work_1;-30.035.626.833.577.300;-5.120.699.913.303.640;10.0
Rio Branco//school_1;-3.003.696.446.909.260;-5.120.716.879.630.000;10.0
Rio Branco//home_2;-3.003.428.606.969.920;-5.120.724.913.282.640;10.0
Rio Branco//work_2;-3.003.405.822.839.820;-5.120.667.840.094.290;10.0
Rio Branco//school_2;-30.034.281.926.987.900;-5.120.697.817.410.980;10.0
Rio Branco//home_3;-30.033.799.622.594.800;-5.120.785.879.917.890;10.0
Rio Branco//work_3;-30.033.286.457.079.400;-5.120.840.673.544.530;10.0
Rio Branco//school_3;-3.003.315.642.780.550;-5.120.800.700.455.800;10.0
Rio Branco//home_4;-30.032.693.149.163.700;-5.120.824.195.501.790;10.0
Rio Branco//work_4;-30.032.743.376.227.300;-5.120.803.878.087.950;10.0
Rio Branco//school_4;-30.033.151.917.739.300;-5.120.731.032.816.500;10.0
Rio Branco//home_5;-3.003.234.311.408.830;-5.120.736.127.157.110;10.0
Rio Branco//work_5;-3.003.191.526.906.520;-5.120.831.961.721.800;10.0
Rio Branco//school_5;-3.003.213.156.762.380;-5.120.794.193.735.970;10.0
Rio Branco//home_6;-30.032.254.339.342.600;-5.120.587.230.300.600;10.0
Rio Branco//work_6;-30.031.714.266.475.800;-5.120.579.790.452.510;10.0
Rio Branco//school_6;-30.031.696.318.654.100;-5.120.640.931.488.830;10.0
Rio Branco//home_7;-3.003.149.981.289.040;-5.120.593.746.736.150;10.0
Rio Branco//work_7;-30.031.086.223.457.100;-5.120.798.331.975.710;10.0
Rio Branco//school_7;-30.030.659.115.803.100;-5.120.639.808.693.470;10.0
Rio Branco//home_8;-3.002.952.915.623.110;-5.120.553.306.052.690;10.0
Rio Branco//work_8;-30.028.833.605.080.200;-51.205.014.315.471.200;10.0
Rio Branco//school_8;-3.002.925.026.470.970;-5.120.478.841.852.640;10.0
Rio Branco//home_9;-30.031.102.426.414.800;-5.120.435.131.790.860;10.0
Rio Branco//work_9;-3.003.186.653.157.670;-51.204.661.126.886.700;10.0
Rio Branco//school_9;-30.031.565.419.526.200;-51.204.521.821.631.000;10.0
Rio Branco//home_10;-30.033.019.406.695.700;-5.120.559.928.106.400;10.0
Rio Branco//work_10;-30.032.481.351.569.200;-51.205.692.286.889.900;10.0
Rio Branco//school_10;-3.003.246.962.886.570;-51.205.594.573.670.100;10.0
Rio Branco//home_11;-30.035.885.665.408.300;-5.120.598.613.757.140;10.0
Rio Branco//work_11;-30.035.309.350.276.400;-5.120.578.584.759.880;10.0
Rio Branco//school_11;-300.354.373.955.684;-51.206.508.149.648.800;10.0
Rio Branco//home_12;-3.003.598.104.997.120;-51.205.689.018.645.700;10.0
Rio Branco//work_12;-30.035.554.647.223.700;-5.120.530.256.189.940;10.0
Rio Branco//school_12;-30.034.328.808.868.800;-5.120.548.284.026.190;10.0
Rio Branco//home_13;-30.036.563.749.035.500;-5.120.484.667.628.860;10.0
Rio Branco//work_13;-30.037.360.450.327.000;-51.204.318.847.971.400;10.0
Rio Branco//school_13;-3.003.528.394.440.110;-5.120.442.920.042.510;10.0
Rio Branco//home_14;-30.036.701.793.819.000;-51.203.958.383.016.100;10.0
Rio Branco//work_14;-30.036.675.160.823.700;-5.120.389.091.470.800;10.0
Rio Branco//school_14;-30.034.645.819.048.900;-5.120.394.309.970.620;10.0
Rio Branco//home_15;-30.037.796.216.037.100;-5.120.333.336.887.250;10.0
Rio Branco//work_15;-30.035.875.168.609.300;-512.035.074.594.238;10.0
Rio Branco//school_15;-300.348.011.208.622;-512.033.924.874.206;10.0
Rio Branco//home_16;-3.003.451.448.410.320;-512.017.802.894.735;10.0
Rio Branco//work_16;-30.034.321.264.886.800;-5.120.171.604.852.860;10.0
Rio Branco//school_16;-30.034.655.381.593.800;-5.120.141.885.440.150;10.0
Rio Branco//home_17;-30.033.382.727.914.100;-5.120.252.190.964.680;10.0
Rio Branco//work_17;-30.033.027.484.432.200;-51.203.558.582.610.600;10.0
Rio Branco//school_17;-30.033.061.228.967.400;-5.120.390.789.429.990;10.0
Rio Branco//home_18;-3.003.287.072.095.240;-5.120.246.528.424.550;10.0
Rio Branco//work_18;-30.033.058.126.386.100;-5.119.888.438.336.960;10.0
Rio Branco//school_18;-3.003.271.145.750.440;-51.203.762.043.558.700;10.0
Rio Branco//home_19;-30.032.874.948.377.400;-5.119.832.053.746.780;10.0
Rio Branco//work_19;-3.003.246.719.735.900;-5.119.967.466.096.270;10.0
Rio Branco//school_19;-3.003.212.804.004.030;-5.120.170.666.550.820;10.0
Rio Branco//home_20;-30.030.263.155.727.500;-51.203.621.319.082.900;10.0
Rio Branco//work_20;-30.029.006.306.064.100;-5.120.393.258.908.020;10.0
Rio Branco//school_20;-3.002.874.922.822.570;-5.120.383.311.120.120;10.0
Rio Branco//home_21;-3.002.916.289.687.060;-51.200.847.104.650.100;10.0
Rio Branco//work_21;-30.029.484.073.704.300;-51.202.055.752.891.400;10.0
Rio Branco//school_21;-30.029.804.890.863.300;-51.201.976.133.618.500;10.0
Rio Branco//home_22;-30.030.677.745.039.900;-5.119.986.725.070.740;10.0
Rio Branco//work_22;-30.031.392.146.867.500;-5.119.985.928.032.130;10.0
Rio Branco//school_22;-30.030.932.628.462.700;-5.120.007.126.986.700;10.0
Rio Branco//home_23;-30.030.353.720.423.100;-51.198.865.202.269.000;10.0
Rio Branco//work_23;-3.003.095.504.682.160;-5.119.907.685.974.050;10.0
Rio Branco//school_23;-30.030.596.138.191.600;-5.119.959.982.408.850;10.0
Rio Branco//home_24;-30.030.998.101.416.000;-5.119.602.665.770.540;10.0
Rio Branco//work_24;-30.032.059.075.946.300;-5.119.602.175.477.320;10.0
Rio Branco//school_24;-30.032.570.510.579.400;-51.196.972.081.013.000;10.0
Rio Branco//home_25;-3.003.534.612.454.450;-5.119.601.931.332.680;10.0
Rio Branco//work_25;-30.037.120.117.668.500;-5.119.854.821.545.760;10.0
Rio Branco//school_25;-3.003.605.754.064.460;-5.119.794.728.684.350;10.0
Rio Branco//home_26;-3.003.716.630.450.970;-5.119.911.261.867.780;10.0
Rio Branco//work_26;-30.036.963.487.179.900;-5.119.804.264.988.720;10.0
Rio Branco//school_26;-3.003.694.146.900.420;-5.119.774.706.932.560;10.0
Rio Branco//home_27;-30.037.399.656.534.000;-5.120.260.957.998.250;10.0
Rio Branco//work_27;-30.038.807.844.763.400;-51.201.448.921.929.100;10.0
Rio Branco//school_27;-30.038.362.730.117.600;-5.120.257.228.257.700;10.0
Rio Branco//home_28;-3.003.777.058.510.610;-5.119.924.519.414.100;10.0
Rio Branco//work_28;-3.003.908.086.670.150;-5.120.004.828.696.060;10.0
Rio Branco//school_28;-30.038.493.802.532.400;-51.200.071.389.351.300;10.0
Rio Branco//home_29;-30.037.390.743.666.000;-5.119.868.857.228.530;10.0
Rio Branco//work_29;-30.038.754.373.053.000;-51.198.866.493.628.600;10.0
Rio Branco//school_29;-30.038.485.247.996.900;-51.198.970.026.239.800;10.0
Rio Branco//home_30;-30.039.767.276.196.400;-5.119.723.134.225.900;10.0
Rio Branco//work_30;-3.003.933.515.503.680;-51.195.948.141.859.100;10.0
Rio Branco//school_30;-30.039.621.878.590.400;-5.119.662.507.460.460;10.0
Rio Branco//home_31;-30.030.714.408.721.900;-51.201.781.734.455.400;10.0
Rio Branco//work_31;-30.029.487.561.614.400;-51.199.580.429.348.600;10.0
Rio Branco//school_31;-30.029.987.699.741.300;-5.120.082.472.136.840;10.0
Rio Branco//home_32;-3.003.716.377.050.160;-5.120.122.948.558.780;10.0
Rio Branco//work_32;-30.037.879.979.065.100;-5.120.087.718.925.670;10.0
Rio Branco//school_32;-30.036.934.276.636.700;-5.120.126.154.004.790;10.0
Rio Branco//home_33;-30.033.951.393.971.700;-5.119.887.215.435.940;10.0
Rio Branco//work_33;-300.334.897.741.025;-5.120.168.901.887.610;10.0
Rio Branco//school_33;-30.033.748.772.109.200;-5.119.924.169.596.520;10.0
Rio Branco//home_34;-30.030.383.703.167.300;-5.119.797.417.567.430;10.0
Rio Branco//work_34;-30.030.893.312.296.600;-5.119.880.870.730.340;10.0
Rio Branco//school_34;-30.029.698.640.376.100;-5.119.835.834.965.580;10.0
Rio Branco//home_35;-30.034.857.216.023.900;-5.119.902.892.453.120;10.0
Rio Branco//work_35;-3.003.477.437.730.790;-51.199.055.566.598.200;10.0
Rio Branco//school_35;-3.003.487.866.754.710;-5.120.071.186.163.380;10.0
Rio Branco//home_36;-30.029.586.553.218.800;-5.120.789.907.543.520;10.0
Rio Branco//work_36;-30.030.061.269.928.900;-5.120.593.164.063.120;10.0
Rio Branco//school_36;-30.030.210.379.037.300;-51.207.489.987.677.900;10.0
Rio Branco//home_37;-30.038.423.639.502.000;-5.119.653.551.125.030;10.0
Rio Branco//work_37;-30.036.581.545.846.800;-5.119.590.367.920.500;10.0
Rio Branco//school_37;-30.038.122.769.423.700;-5.119.659.620.779.760;10.0
Rio Branco//home_38;-3.003.160.443.324.780;-5.119.773.531.647.170;10.0
Rio Branco//work_38;-30.034.056.557.758.400;-511.977.995.526.817;10.0
Rio Branco//school_38;-30.034.723.564.350.800;-5.119.864.649.178.020;10.0
Rubem Berta//home_0;-300.008.790.538.941;-5.109.575.946.749.200;10.0
Rubem Berta//work_0;-3.000.314.153.656.820;-5.109.540.143.806.850;10.0
Rubem Berta//school_0;-3.000.017.265.763.530;-5.109.702.988.147.790;10.0
Rubem Berta//home_1;-3.000.178.803.551.950;-5.109.417.877.327.380;10.0
Rubem Berta//work_1;-30.001.288.864.731.000;-5.109.375.809.790.110;10.0
Rubem Berta//school_1;-30.000.078.285.319.000;-510.941.991.878.891;10.0
Rubem Berta//home_2;-3.000.122.535.549.490;-5.108.800.965.559.090;7.2
Rubem Berta//work_2;-30.000.214.131.728.900;-5.109.246.801.889.240;7.9
Rubem Berta//school_2;-3.000.332.288.988.220;-5.108.990.194.338.620;8.4
Rubem Berta//home_3;-3.000.159.882.709.820;-5.109.222.286.095.690;10.0
Rubem Berta//work_3;-30.001.256.646.180.400;-5.109.222.094.041.380;9.7
Rubem Berta//school_3;-30.001.702.190.947.400;-5.109.157.206.649.260;9.4
Rubem Berta//home_4;-30.003.049.320.334.600;-5.109.097.769.999.480;9.6
Rubem Berta//work_4;-30.002.667.177.953.700;-51.090.838.762.429.500;9.3
Rubem Berta//school_4;-3.000.282.281.259.360;-51.091.107.413.464.800;9.8
Rubem Berta//home_5;-30.002.987.784.659.400;-5.109.178.770.822.550;10.0
Rubem Berta//work_5;-30.003.115.605.783.300;-51.091.271.394.570.200;10.0
Rubem Berta//school_5;-3.000.345.105.744.890;-51.091.249.250.230.300;10.0
Rubem Berta//home_6;-30.004.318.840.945.200;-5.109.100.492.123.380;10.0
Rubem Berta//work_6;-3.000.557.892.906.600;-5.109.343.161.879.640;10.0
Rubem Berta//school_6;-30.004.965.175.837.700;-5.109.221.131.969.940;10.0
Rubem Berta//home_7;-3.000.408.500.255.260;-510.931.328.066.474;10.0
Rubem Berta//work_7;-30.005.225.524.927.900;-5.109.343.673.473.940;10.0
Rubem Berta//school_7;-30.003.589.787.710.000;-51.093.201.404.450.500;10.0
Rubem Berta//home_8;-30.003.743.110.021.700;-5.109.426.466.302.730;10.0
Rubem Berta//work_8;-3.000.355.068.299.820;-51.094.536.930.833.400;10.0
Rubem Berta//school_8;-30.003.581.412.251.100;-5.109.432.321.052.170;10.0
Rubem Berta//home_9;-30.003.138.605.185.500;-5.109.569.312.971.320;10.0
Rubem Berta//work_9;-3.000.544.009.649.280;-5.109.495.450.757.350;10.0
Rubem Berta//school_9;-30.003.881.183.941.200;-51.094.771.058.297.600;10.0
Rubem Berta//home_10;-30.005.217.928.628.000;-5.109.762.143.605.080;10.0
Rubem Berta//work_10;-30.005.221.195.051.200;-5.109.661.237.797.930;10.0
Rubem Berta//school_10;-30.005.743.474.453.400;-5.109.638.007.015.990;10.0
Rubem Berta//home_11;-3.000.476.835.087.460;-51.095.722.623.925.400;10.0
Rubem Berta//work_11;-30.004.978.437.869.900;-5.109.565.843.144.530;10.0
Rubem Berta//school_11;-3.000.469.540.677.240;-5.109.610.183.184.600;10.0
Rubem Berta//home_12;-30.003.037.886.772.300;-5.109.751.020.432.630;10.0
Rubem Berta//work_12;-30.004.453.886.497.000;-5.109.709.307.848.300;10.0
Rubem Berta//school_12;-30.004.212.811.135.900;-5.109.700.680.440.820;10.0
Rubem Berta//home_13;-3.000.276.341.279.020;-5.109.787.962.302.880;10.0
Rubem Berta//work_13;-30.002.582.984.543.900;-5.109.775.072.738.600;10.0
Rubem Berta//school_13;-3.000.173.313.065.190;-51.097.276.249.752.500;10.0
Rubem Berta//home_14;-3.000.917.205.294.870;-5.109.869.198.255.050;10.0
Rubem Berta//work_14;-3.000.516.448.847.280;-5.109.860.349.280.640;10.0
Rubem Berta//school_14;-3.000.934.168.276.810;-51.098.927.185.722.500;10.0
Rubem Berta//home_15;-3.000.646.540.258.350;-5.109.772.248.578.700;10.0
Rubem Berta//work_15;-30.010.021.128.888.200;-510.976.557.019.897;10.0
Rubem Berta//school_15;-3.001.307.529.368.170;-5.109.829.367.915.830;10.0
Rubem Berta//home_16;-30.010.440.290.385.400;-5.109.553.701.077.180;10.0
Rubem Berta//work_16;-30.011.385.416.029.200;-5.109.497.516.031.180;10.0
Rubem Berta//school_16;-30.009.631.383.537.800;-5.109.624.741.791.090;10.0
Rubem Berta//home_17;-30.008.830.218.109.200;-51.093.171.117.789.100;10.0
Rubem Berta//work_17;-30.009.673.887.644.000;-5.109.395.155.561.350;10.0
Rubem Berta//school_17;-30.009.408.279.241.000;-51.092.959.813.288.300;10.0
Rubem Berta//home_18;-3.001.588.518.867.700;-51.099.397.669.285.900;10.0
Rubem Berta//work_18;-3.001.232.874.009.240;-510.944.968.678.107;10.0
Rubem Berta//school_18;-3.001.568.781.137.740;-5.109.776.320.522.360;10.0
Rubem Berta//home_19;-3.001.710.098.040.860;-5.110.645.386.628.120;10.0
Rubem Berta//work_19;-3.001.565.396.102.360;-51.102.046.607.997.000;10.0
Rubem Berta//school_19;-30.016.621.511.067.300;-5.110.454.766.106.240;10.0
Rubem Berta//home_20;-30.019.186.389.992.800;-51.106.170.340.567.300;10.0
Rubem Berta//work_20;-300.190.151.404.694;-5.110.654.863.202.140;10.0
Rubem Berta//school_20;-30.019.745.060.402.500;-51.106.709.452.252.400;10.0
Rubem Berta//home_21;-30.019.547.694.964.400;-51.105.600.300.424.400;10.0
Rubem Berta//work_21;-3.001.997.602.263.830;-5.110.590.383.278.570;10.0
Rubem Berta//school_21;-3.001.955.839.197.950;-51.104.659.062.756.500;10.0
Rubem Berta//home_22;-30.020.846.782.950.900;-511.063.157.692.748;10.0
Rubem Berta//work_22;-30.020.904.388.646.600;-51.105.064.743.656.000;10.0
Rubem Berta//school_22;-30.020.474.407.548.400;-5.110.548.026.809.370;10.0
Rubem Berta//home_23;-3.002.010.553.694.800;-5.110.379.614.485.000;10.0
Rubem Berta//work_23;-30.020.269.717.799.700;-5.110.284.074.922.650;10.0
Rubem Berta//school_23;-3.001.982.508.333.250;-5.110.278.333.710.320;10.0
Rubem Berta//home_24;-30.020.038.438.091.200;-51.101.349.885.182.600;10.0
Rubem Berta//work_24;-3.001.964.292.337.820;-5.110.117.585.926.510;10.0
Rubem Berta//school_24;-30.019.643.237.009.300;-5.110.134.369.864.780;10.0
Rubem Berta//home_25;-3.002.073.971.273.280;-51.101.834.853.291.900;10.0
Rubem Berta//work_25;-30.023.327.030.249.000;-5.110.549.008.675.690;10.0
Rubem Berta//school_25;-3.002.085.686.062.010;-5.110.289.501.188.200;10.0
Rubem Berta//home_26;-30.022.147.218.548.700;-51.105.994.789.131;10.0
Rubem Berta//work_26;-30.021.742.512.813.100;-51.105.970.452.057.800;10.0
Rubem Berta//school_26;-30.021.424.088.281.400;-5.110.512.990.672.270;10.0
Rubem Berta//home_27;-30.021.818.227.600.400;-5.110.399.917.652.020;10.0
Rubem Berta//work_27;-30.021.327.878.267.900;-51.103.979.178.026.000;10.0
Rubem Berta//school_27;-3.002.129.280.620.050;-51.104.383.538.713.500;10.0
Rubem Berta//home_28;-300.214.747.158.729;-5.110.215.990.850.370;10.0
Rubem Berta//work_28;-30.021.481.191.340.700;-51.102.172.777.323.500;10.0
Rubem Berta//school_28;-30.021.060.144.894.600;-5.110.085.003.208.720;10.0
Rubem Berta//home_29;-30.022.848.595.056.300;-5.110.143.899.507.040;10.0
Rubem Berta//work_29;-3.002.214.295.664.310;-51.101.323.419.965.500;10.0
Rubem Berta//school_29;-30.021.941.475.793.600;-51.100.794.127.603.700;10.0
Rubem Berta//home_30;-30.023.008.209.512.700;-5.110.341.269.076.880;10.0
Rubem Berta//work_30;-30.022.797.070.199.700;-5.110.322.859.575.670;10.0
Rubem Berta//school_30;-3.002.189.090.075.160;-5.110.299.583.990.610;10.0
Rubem Berta//home_31;-30.023.925.394.890.700;-5.110.438.789.281.880;10.0
Rubem Berta//work_31;-30.023.967.925.799.000;-5.110.508.722.876.160;10.0
Rubem Berta//school_31;-30.024.075.524.982.300;-5.110.540.515.387.990;10.0
Rubem Berta//home_32;-30.025.085.824.662.600;-5.110.568.881.519.990;10.0
Rubem Berta//work_32;-3.002.575.818.198.160;-5.110.545.348.119.500;10.0
Rubem Berta//school_32;-30.024.981.122.515.600;-5.110.488.645.547.030;10.0
Rubem Berta//home_33;-3.002.356.731.484.440;-5.110.592.256.424.930;10.0
Rubem Berta//work_33;-3.002.334.262.674.720;-5.110.609.365.717.920;10.0
Rubem Berta//school_33;-300.225.835.284.933;-5.110.646.654.796.310;10.0
Rubem Berta//home_34;-30.021.908.662.552.500;-5.110.676.415.203.120;10.0
Rubem Berta//work_34;-30.025.742.699.457.600;-5.110.672.647.046.920;10.0
Rubem Berta//school_34;-3.002.123.457.739.970;-51.107.340.773.503.600;10.0
Rubem Berta//home_35;-30.024.832.618.167.900;-51.107.382.323.787.100;10.0
Rubem Berta//work_35;-3.002.409.900.236.650;-5.110.688.864.930.230;10.0
Rubem Berta//school_35;-3.002.389.915.907.930;-5.110.727.291.519.990;10.0
Rubem Berta//home_36;-3.002.579.948.538.870;-5.110.754.945.047.720;10.0
Rubem Berta//work_36;-30.025.850.146.872.600;-51.106.941.050.628.700;10.0
Rubem Berta//school_36;-30.025.993.680.732.300;-5.110.750.127.364.590;10.0
Rubem Berta//home_37;-300.269.397.266.747;-51.106.073.770.455.900;10.0
Rubem Berta//work_37;-30.026.601.816.529.000;-5.110.569.876.748.920;10.0
Rubem Berta//school_37;-30.026.411.373.495.400;-5.110.603.133.740.600;10.0
Rubem Berta//home_38;-3.002.436.497.341.300;-51.102.693.825.823.200;10.0
Rubem Berta//work_38;-3.002.217.460.563.240;-51.102.299.354.721.600;10.0
Rubem Berta//school_38;-30.023.060.597.408.200;-51.100.581.654.945.600;10.0
Rubem Berta//home_39;-30.025.024.857.969.600;-5.110.247.715.437.680;10.0
Rubem Berta//work_39;-30.024.718.138.851.700;-5.110.253.277.996.510;10.0
Rubem Berta//school_39;-30.024.755.356.426;-5.110.225.495.891.150;10.0
Rubem Berta//home_40;-30.024.612.744.426.200;-5.110.110.845.576.520;10.0
Rubem Berta//work_40;-30.023.870.718.939.600;-51.102.000.125.669.000;10.0
Rubem Berta//school_40;-30.024.341.788.851.100;-5.110.108.678.303.710;10.0
Rubem Berta//home_41;-3.001.837.537.034.100;-5.110.096.344.787.600;10.0
Rubem Berta//work_41;-30.018.295.208.387.000;-5.110.104.558.675.360;10.0
Rubem Berta//school_41;-3.001.812.989.245.860;-51.100.849.112.998.100;10.0
Rubem Berta//home_42;-3.001.750.466.063.700;-5.110.101.054.996.870;10.0
Rubem Berta//work_42;-3.001.817.080.001.470;-51.101.224.348.925.000;10.0
Rubem Berta//school_42;-30.018.230.044.834.700;-511.010.861.522.007;10.0
Rubem Berta//home_43;-3.001.848.181.777.010;-51.101.425.773.527.200;10.0
Rubem Berta//work_43;-30.017.090.192.133.900;-51.101.612.597.113.100;10.0
Rubem Berta//school_43;-3.001.825.560.961.610;-51.101.570.988.835.200;10.0
Rubem Berta//home_44;-3.001.791.900.083.200;-51.102.108.958.864.800;10.0
Rubem Berta//work_44;-30.018.348.253.510.700;-5.110.201.784.952.660;10.0
Rubem Berta//school_44;-30.018.115.164.640.800;-5.110.177.680.358.590;10.0
Rubem Berta//home_45;-30.015.713.586.872.400;-5.110.042.914.998.580;10.0
Rubem Berta//work_45;-30.015.763.997.812.300;-5.110.075.369.819.490;10.0
Rubem Berta//school_45;-30.015.814.625.183.100;-51.100.742.441.886.000;10.0
Rubem Berta//home_46;-30.015.939.297.655.000;-51.100.971.895.889.300;10.0
Rubem Berta//work_46;-30.015.806.621.927.400;-5.110.132.719.029.850;10.0
Rubem Berta//school_46;-3.001.625.815.131.720;-51.101.070.385.304.800;10.0
Rubem Berta//home_47;-30.026.333.602.103.500;-51.106.099.705.155.300;10.0
Rubem Berta//work_47;-30.027.386.544.264.500;-5.110.465.449.823.250;10.0
Rubem Berta//school_47;-30.027.447.751.103.700;-51.104.941.334.707.700;10.0
Rubem Berta//home_48;-3.002.390.738.901.650;-5.110.298.558.407.490;10.0
Rubem Berta//work_48;-30.023.909.764.818.500;-5.110.322.294.300.000;10.0
Rubem Berta//school_48;-3.002.393.100.801.790;-51.103.365.451.218.800;10.0
Rubem Berta//home_49;-30.019.320.519.672.500;-5.109.767.829.917.150;10.0
Rubem Berta//work_49;-30.019.270.466.062.400;-5.110.006.018.029.190;10.0
Rubem Berta//school_49;-30.019.209.002.515.300;-5.109.754.271.402.590;10.0
Rubem Berta//home_50;-30.026.130.768.451.200;-51.105.001.143.003.600;10.0
Rubem Berta//work_50;-30.025.977.995.432.100;-5.110.488.934.113.560;10.0
Rubem Berta//school_50;-3.002.506.376.610.490;-5.110.552.692.479.650;10.0
Rubem Berta//home_51;-30.020.198.067.373.600;-51.097.277.135.506.300;10.0
Rubem Berta//work_51;-30.019.997.263.794.800;-51.097.284.573.699.700;10.0
Rubem Berta//school_51;-30.020.656.478.797.700;-51.097.413.415.959.300;10.0
Rubem Berta//home_52;-30.018.922.047.447.600;-5.109.755.628.242.660;10.0
Rubem Berta//work_52;-30.018.081.319.919.200;-5.109.791.475.436.560;10.0
Rubem Berta//school_52;-30.019.371.004.857.400;-5.109.641.214.440.560;10.0
Rubem Berta//home_53;-3.001.775.021.715.350;-5.109.465.853.762.530;10.0
Rubem Berta//work_53;-300.191.443.256.157;-51.092.411.266.215.200;10.0
Rubem Berta//school_53;-3.001.778.363.748.080;-5.109.117.807.378.560;10.0
Rubem Berta//home_54;-3.001.818.019.179.460;-5.109.090.721.419.250;10.0
Rubem Berta//work_54;-30.019.001.277.772.700;-5.109.011.213.820.390;10.0
Rubem Berta//school_54;-3.002.163.273.003.250;-5.108.869.924.430.070;10.0
Rubem Berta//home_55;-300.083.192.181.955;-51.094.786.113.607.200;10.0
Rubem Berta//work_55;-3.000.658.429.221.190;-5.109.440.898.572.030;10.0
Rubem Berta//school_55;-30.007.378.413.267.300;-510.948.559.885.555;10.0
Rubem Berta//home_56;-30.007.880.425.979.500;-5.109.113.534.156.040;9.2
Rubem Berta//work_56;-30.007.288.755.184.800;-5.109.153.489.552.780;9.2
Rubem Berta//school_56;-30.007.231.567.464.700;-5.109.204.657.579.950;10.0
Santa Cec√≠lia//home_0;-3.003.735.065.069.610;-5.120.697.127.635.730;10.0
Santa Cec√≠lia//work_0;-3.003.866.427.257.520;-5.120.747.610.828.090;10.0
Santa Cec√≠lia//school_0;-3.004.232.726.067.870;-5.120.760.579.358.940;6.7
Santa Cec√≠lia//home_1;-3.003.924.513.689.320;-5.120.449.208.577.620;10.0
Santa Cec√≠lia//work_1;-30.039.586.648.932.800;-51.204.102.708.901.200;10.0
Santa Cec√≠lia//school_1;-30.039.889.404.212.200;-512.043.340.753.836;10.0
Santa Cec√≠lia//home_2;-30.042.633.526.617.100;-51.203.531.636.074.600;6.8
Santa Cec√≠lia//work_2;-30.042.908.661.749.400;-51.202.500.519.194.000;6.2
Santa Cec√≠lia//school_2;-3.004.180.973.558.560;-51.203.743.681.247.500;8.8
Santa Cec√≠lia//home_3;-30.043.267.257.057.900;-5.120.008.623.751.120;7.9
Santa Cec√≠lia//work_3;-30.042.842.196.684.800;-5.120.093.284.504.000;7.4
Santa Cec√≠lia//school_3;-3.004.325.722.231.430;-5.120.089.016.680.290;6.0
Santa Cec√≠lia//home_4;-30.039.432.835.070.700;-5.120.137.483.722.080;10.0
Santa Cec√≠lia//work_4;-3.003.983.824.244.020;-5.119.944.010.880.940;10.0
Santa Cec√≠lia//school_4;-30.040.286.715.361.800;-51.199.090.383.717.500;10.0
Santa Cec√≠lia//home_5;-3.004.026.712.239.400;-5.119.861.994.047.630;10.0
Santa Cec√≠lia//work_5;-30.041.319.268.227.000;-5.119.782.725.497.560;10.0
Santa Cec√≠lia//school_5;-30.040.763.609.556.000;-51.198.012.309.080.800;10.0
Santa Cec√≠lia//home_6;-30.042.310.825.791.300;-5.119.829.014.049.060;10.0
Santa Cec√≠lia//work_6;-3.004.274.168.717.540;-5.119.850.407.290.530;10.0
Santa Cec√≠lia//school_6;-3.004.268.637.668.480;-5.119.916.440.983.050;10.0
Santa Cec√≠lia//home_7;-3.004.317.292.932.810;-5.119.836.192.453.930;10.0
Santa Cec√≠lia//work_7;-3.004.193.141.779.910;-51.200.268.155.082.800;10.0
Santa Cec√≠lia//school_7;-30.043.114.094.073.300;-51.199.902.891.440.900;8.7
Santa Cec√≠lia//home_8;-30.045.872.350.251.500;-5.119.781.452.978.100;6.8
Santa Cec√≠lia//work_8;-30.045.829.278.519.100;-5.119.752.395.672.200;8.2
Santa Cec√≠lia//school_8;-3.004.489.359.143.690;-5.119.739.238.720.550;9.4
Santa Cec√≠lia//home_9;-30.041.599.186.326.300;-51.197.220.751.372.700;10.0
Santa Cec√≠lia//work_9;-3.004.111.152.036.410;-51.197.482.176.543.300;10.0
Santa Cec√≠lia//school_9;-3.004.165.431.635.220;-51.196.620.796.612.400;10.0
Santa Cec√≠lia//home_10;-3.003.992.128.796.850;-5.120.183.027.271.260;10.0
Santa Cec√≠lia//work_10;-3.003.918.040.066.860;-512.024.014.837.492;10.0
Santa Cec√≠lia//school_10;-30.040.131.235.341.600;-5.120.186.178.531.990;10.0
Santa Maria Goretti//home_0;-3.000.479.732.306.820;-51.181.526.670.684.900;5.1
Santa Maria Goretti//work_0;-30.005.984.557.781.000;-51.180.791.310.912.100;4.8
Santa Maria Goretti//school_0;-30.006.830.629.653.000;-5.118.190.027.341.310;6.2
Santa Maria Goretti//home_1;-3.000.810.549.761.880;-5.117.897.148.211.290;7.0
Santa Maria Goretti//work_1;-30.007.423.414.684.300;-511.788.601.311.368;6.5
Santa Maria Goretti//school_1;-3.000.824.874.993.370;-5.117.924.610.266.570;7.0
Santa Maria Goretti//home_2;-30.005.208.041.470.700;-51.179.725.696.709.800;4.6
Santa Maria Goretti//work_2;-3.000.450.282.054.480;-5.117.845.548.352.100;4.5
Santa Maria Goretti//school_2;-3.000.802.013.135.150;-51.178.437.057.023.300;7.6
Santa Maria Goretti//home_3;-30.003.377.711.045.700;-5.117.726.772.763.970;4.3
Santa Maria Goretti//work_3;-30.003.431.564.880.100;-5.117.727.963.749.600;4.3
Santa Maria Goretti//school_3;-30.005.291.178.502.600;-51.176.595.745.654.700;4.9
Santa Maria Goretti//home_4;-30.006.600.240.400.100;-5.117.644.398.073.560;5.5
Santa Maria Goretti//work_4;-30.005.154.006.214.000;-51.175.782.485.157.100;5.0
Santa Maria Goretti//school_4;-30.005.845.480.187.700;-5.117.525.153.822.310;5.5
Santa Maria Goretti//home_5;-30.004.772.659.397.500;-51.172.180.680.600.000;5.6
Santa Maria Goretti//work_5;-3.000.433.473.336.880;-51.171.199.971.252.800;5.6
Santa Maria Goretti//school_5;-30.004.300.764.733.200;-5.117.280.672.327.750;5.7
Santa Maria Goretti//home_6;-3.000.678.635.781.710;-5.116.999.791.637.640;6.2
Santa Maria Goretti//work_6;-30.005.947.598.311.500;-5.117.194.074.677.560;6.0
Santa Maria Goretti//school_6;-3.000.621.390.529.970;-5.117.170.065.918.340;6.1
Santa Maria Goretti//home_7;-30.006.062.670.023.200;-5.116.828.557.804.580;8.6
Santa Maria Goretti//work_7;-30.007.502.503.302.300;-5.116.783.961.417.740;8.5
Santa Maria Goretti//school_7;-30.004.706.300.123.900;-5.116.802.284.573.580;7.8
Santa Rosa de Lima//home_0;-2.999.205.069.944.840;-511.081.533.728.727;10.0
Santa Rosa de Lima//work_0;-299.926.163.568.459;-511.068.559.535.917;10.0
Santa Rosa de Lima//school_0;-29.991.972.201.876.400;-5.110.767.781.267.570;10.0
Santa Rosa de Lima//home_1;-29.994.002.278.561.900;-5.110.707.237.022.150;10.0
Santa Rosa de Lima//work_1;-29.993.063.993.313.300;-511.068.661.725.529;10.0
Santa Rosa de Lima//school_1;-29.993.706.436.823.100;-51.107.217.401.431.000;10.0
Santa Rosa de Lima//home_2;-29.993.129.307.412.900;-51.105.329.370.960.700;10.0
Santa Rosa de Lima//work_2;-2.999.156.277.469.440;-511.056.911.464.514;10.0
Santa Rosa de Lima//school_2;-29.993.469.605.927.900;-5.110.495.463.022.000;10.0
Santa Rosa de Lima//home_3;-29.992.652.834.218.800;-51.103.396.471.204.600;10.0
Santa Rosa de Lima//work_3;-29.992.962.486.955.200;-5.110.333.890.829.660;10.0
Santa Rosa de Lima//school_3;-2.999.215.722.915.510;-5.110.441.952.226.100;10.0
Santa Rosa de Lima//home_4;-29.993.427.200.891.300;-5.110.391.677.264.650;10.0
Santa Rosa de Lima//work_4;-29.995.854.179.004.100;-51.103.309.818.487.300;10.0
Santa Rosa de Lima//school_4;-29.995.331.591.389.300;-5.110.324.497.989.490;10.0
Santa Rosa de Lima//home_5;-29.993.915.891.531.400;-5.110.266.247.792.630;10.0
Santa Rosa de Lima//work_5;-29.993.509.680.382.600;-51.103.366.920.103.000;10.0
Santa Rosa de Lima//school_5;-29.994.149.584.809.500;-5.110.388.273.727.910;10.0
Santa Rosa de Lima//home_6;-29.993.735.285.460.400;-511.023.245.448.955;10.0
Santa Rosa de Lima//work_6;-29.996.534.176.124.800;-5.110.011.609.858.500;10.0
Santa Rosa de Lima//school_6;-29.995.339.209.630.000;-5.110.040.040.428.170;10.0
Santa Rosa de Lima//home_7;-29.990.996.079.366.200;-51.099.869.444.640.500;10.0
Santa Rosa de Lima//work_7;-299.915.690.602.453;-51.100.302.715.403.100;10.0
Santa Rosa de Lima//school_7;-29.991.563.464.436.800;-5.110.030.775.558.660;10.0
Santa Rosa de Lima//home_8;-2.999.517.233.938.830;-5.109.982.454.614.750;10.0
Santa Rosa de Lima//work_8;-29.992.408.342.658.600;-5.110.069.667.015.720;10.0
Santa Rosa de Lima//school_8;-29.993.220.834.927.000;-5.109.981.076.686.440;10.0
Santa Rosa de Lima//home_9;-29.992.151.305.764.900;-51.098.988.317.511.800;10.0
Santa Rosa de Lima//work_9;-2.999.640.467.352.160;-5.109.880.170.484.750;10.0
Santa Rosa de Lima//school_9;-29.992.914.375.672.000;-510.985.289.163.992;10.0
Santa Rosa de Lima//home_10;-29.992.858.835.448.400;-5.109.739.355.196.530;10.0
Santa Rosa de Lima//work_10;-29.992.426.018.660.500;-5.109.764.450.706.280;10.0
Santa Rosa de Lima//school_10;-2.999.264.443.782.480;-51.097.739.474.721.000;10.0
Santa Rosa de Lima//home_11;-29.993.375.308.415.400;-51.097.662.909.648.300;10.0
Santa Rosa de Lima//work_11;-29.993.495.460.421.600;-5.109.724.204.062.700;10.0
Santa Rosa de Lima//school_11;-29.993.816.982.775.100;-51.096.993.575.650.300;10.0
Santa Rosa de Lima//home_12;-29.992.902.618.005.300;-51.096.201.653.705.500;10.0
Santa Rosa de Lima//work_12;-2.999.228.414.684.410;-5.109.592.267.836.260;10.0
Santa Rosa de Lima//school_12;-29.992.721.082.461.300;-5.109.572.061.806.090;10.0
Santa Rosa de Lima//home_13;-2.999.320.732.821.810;-5.109.666.158.418.870;10.0
Santa Rosa de Lima//work_13;-29.993.210.486.131.900;-51.096.139.552.861.100;10.0
Santa Rosa de Lima//school_13;-29.993.190.316.177.100;-5.109.543.603.716.010;10.0
Santa Rosa de Lima//home_14;-2.999.410.987.817.080;-51.096.304.398.442.300;10.0
Santa Rosa de Lima//work_14;-2.999.404.778.463.250;-51.095.527.127.582.100;10.0
Santa Rosa de Lima//school_14;-29.994.083.839.442.900;-5.109.533.119.084.290;10.0
Santa Rosa de Lima//home_15;-29.992.520.329.535.400;-5.109.308.740.192.610;8.0
Santa Rosa de Lima//work_15;-2.999.418.925.826.460;-5.109.453.683.377.380;9.5
Santa Rosa de Lima//school_15;-2.999.410.743.428.030;-51.092.259.179.107.200;6.3
Santa Rosa de Lima//home_16;-29.994.544.019.660.000;-5.109.215.602.511.090;6.8
Santa Rosa de Lima//work_16;-2.999.629.470.448.150;-5.108.852.719.805.640;4.9
Santa Rosa de Lima//school_16;-29.994.064.741.161.000;-5.109.111.228.719.640;3.9
Santa Rosa de Lima//home_17;-29.996.489.242.890.900;-5.109.135.758.359.710;6.5
Santa Rosa de Lima//work_17;-29.995.951.867.768.400;-510.916.306.970.331;6.8
Santa Rosa de Lima//school_17;-29.996.652.989.902.100;-51.090.479.012.779.800;6.0
Santa Rosa de Lima//home_18;-29.998.109.503.759.700;-51.092.011.683.732.600;8.5
Santa Rosa de Lima//work_18;-2.999.707.615.751.240;-5.109.158.312.500.690;6.8
Santa Rosa de Lima//school_18;-29.999.113.523.849.500;-5.109.092.931.827.920;8.1
Santa Rosa de Lima//home_19;-2.999.724.409.325.740;-5.109.510.797.087.090;10.0
Santa Rosa de Lima//work_19;-29.997.233.149.273.500;-5.109.353.519.841.140;9.9
Santa Rosa de Lima//school_19;-29.998.837.855.112.000;-51.094.739.310.944.100;10.0
Santa Rosa de Lima//home_20;-29.998.501.732.812.100;-5.109.816.247.692.680;10.0
Santa Rosa de Lima//work_20;-2.999.846.173.873.190;-51.100.930.907.898.000;10.0
Santa Rosa de Lima//school_20;-29.997.187.788.356.900;-5.109.919.247.890.050;10.0
Santa Rosa de Lima//home_21;-299.975.838.329.263;-51.100.369.418.214.900;10.0
Santa Rosa de Lima//work_21;-299.979.820.541.208;-51.100.299.866.748.400;10.0
Santa Rosa de Lima//school_21;-29.997.774.145.834.000;-5.110.363.125.520.940;10.0
Santa Rosa de Lima//home_22;-29.996.278.940.203.300;-5.110.601.598.990.270;10.0
Santa Rosa de Lima//work_22;-2.999.608.600.996.850;-51.106.436.837.188.200;10.0
Santa Rosa de Lima//school_22;-29.995.949.557.282.400;-5.110.487.951.733.980;10.0
Santa Rosa de Lima//home_23;-2.999.881.923.626.920;-5.110.598.802.754.820;10.0
Santa Rosa de Lima//work_23;-29.997.127.014.761.900;-51.106.858.957.085.800;10.0
Santa Rosa de Lima//school_23;-2.999.798.139.190.500;-51.105.479.590.246.800;10.0
Santa Rosa de Lima//home_24;-2.999.879.573.539.700;-5.110.531.654.695.700;10.0
Santa Rosa de Lima//work_24;-29.998.990.971.591.400;-5.110.337.389.394.270;10.0
Santa Rosa de Lima//school_24;-29.998.690.878.579.800;-5.110.436.055.678.110;10.0
Santa Rosa de Lima//home_25;-2.999.930.923.512.000;-511.048.097.491.929;10.0
Santa Rosa de Lima//work_25;-30.000.387.356.856.300;-5.110.270.147.038.650;10.0
Santa Rosa de Lima//school_25;-30.000.729.148.631.400;-5.110.366.100.353.120;10.0
Santa Rosa de Lima//home_26;-30.000.228.444.042.500;-5.110.561.909.891.910;10.0
Santa Rosa de Lima//work_26;-30.000.690.342.169.500;-5.110.411.880.254.520;10.0
Santa Rosa de Lima//school_26;-3.000.030.941.428.150;-5.110.530.709.288.570;10.0
Santa Rosa de Lima//home_27;-30.002.009.810.003.500;-5.110.223.162.176.290;10.0
Santa Rosa de Lima//work_27;-30.001.374.596.874.500;-511.018.163.880.944;10.0
Santa Rosa de Lima//school_27;-30.000.656.418.736.900;-51.102.072.691.646.700;10.0
Santa Rosa de Lima//home_28;-3.000.109.972.248.790;-5.110.040.033.459.250;10.0
Santa Rosa de Lima//work_28;-3.000.101.723.766.680;-5.109.939.029.632.240;10.0
Santa Rosa de Lima//school_28;-30.000.764.975.113.400;-51.100.133.566.675;10.0
Santa Rosa de Lima//home_29;-2.999.872.948.373.940;-51.100.368.851.320.500;10.0
Santa Rosa de Lima//work_29;-29.998.765.800.120.900;-51.100.918.981.406.900;10.0
Santa Rosa de Lima//school_29;-29.999.265.373.612.400;-5.110.096.165.156.870;10.0
Santa Rosa de Lima//home_30;-2.999.875.454.023.930;-51.098.994.821.638.100;10.0
Santa Rosa de Lima//work_30;-29.999.687.817.982.200;-51.099.168.576.774.900;10.0
Santa Rosa de Lima//school_30;-29.998.626.878.287.700;-5.109.845.815.444.960;10.0
Santa Rosa de Lima//home_31;-3.000.003.478.764.220;-5.109.913.973.760.880;10.0
Santa Rosa de Lima//work_31;-30.000.853.923.801.600;-51.098.574.631.586.200;10.0
Santa Rosa de Lima//school_31;-30.000.628.235.487.400;-5.109.901.855.894.100;10.0
Santa Rosa de Lima//home_32;-3.000.185.418.249.270;-5.109.826.268.071.790;10.0
Santa Rosa de Lima//work_32;-3.000.300.866.971.950;-5.109.929.583.292.390;10.0
Santa Rosa de Lima//school_32;-3.000.348.182.488.640;-5.109.832.576.437.690;10.0
Santa Rosa de Lima//home_33;-29.990.487.038.503.000;-5.110.540.418.529.070;9.0
Santa Rosa de Lima//work_33;-29.987.909.027.882.000;-5.110.380.336.361.470;6.7
Santa Rosa de Lima//school_33;-29.989.174.550.129.100;-51.105.391.606.882.600;8.1
Santa Rosa de Lima//home_34;-29.991.224.896.279.400;-5.110.586.582.035.600;10.0
Santa Rosa de Lima//work_34;-29.991.816.089.729.200;-51.107.918.515.512.300;9.9
Santa Rosa de Lima//school_34;-2.999.121.128.648.500;-51.106.973.140.717.600;9.7
Santa Rosa de Lima//home_35;-29.987.014.279.594.300;-5.111.025.214.700.610;6.3
Santa Rosa de Lima//work_35;-2.999.043.101.251.200;-5.110.882.853.137.780;8.4
Santa Rosa de Lima//school_35;-29.990.822.976.578.900;-51.108.967.251.184.700;8.6
Santa Rosa de Lima//home_36;-2.998.748.915.197.670;-5.110.936.830.235.460;6.4
Santa Rosa de Lima//work_36;-29.989.469.872.104.800;-5.110.847.054.943.730;7.9
Santa Rosa de Lima//school_36;-29.986.140.699.759.100;-51.109.789.855.524.600;5.8
Santa Rosa de Lima//home_37;-2.998.992.908.102.300;-51.107.847.380.939.700;8.1
Santa Rosa de Lima//work_37;-2.998.806.465.110.070;-51.108.401.843.901.600;7.3
Santa Rosa de Lima//school_37;-29.986.311.696.841.400;-5.110.875.963.824.260;6.3
Santa Rosa de Lima//home_38;-29.985.824.221.431.700;-5.110.802.478.424.860;6.1
Santa Rosa de Lima//work_38;-29.985.397.037.375.100;-5.110.811.890.411.790;5.7
Santa Rosa de Lima//school_38;-2.998.545.254.266.370;-51.107.514.706.485.300;5.7
Santa Rosa de Lima//home_39;-299.854.004.303.509;-510.966.293.875.154;3.9
Santa Rosa de Lima//work_39;-29.985.623.753.355.100;-511.023.292.873.024;5.5
Santa Rosa de Lima//school_39;-2.999.063.219.452.660;-51.099.697.829.036.300;10.0
Santa Rosa de Lima//home_40;-29.989.452.233.194.900;-5.109.294.142.049.050;6.0
Santa Rosa de Lima//work_40;-29.989.863.744.386.000;-51.095.501.570.824.700;8.5
Santa Rosa de Lima//school_40;-2.999.012.467.692.310;-5.109.499.290.097.310;8.1
Santa Rosa de Lima//home_41;-29.995.228.185.540.400;-5.110.719.656.207.060;10.0
Santa Rosa de Lima//work_41;-2.999.494.734.179.950;-5.110.843.160.415.950;10.0
Santa Rosa de Lima//school_41;-29.994.574.668.775.400;-5.110.743.694.145.870;10.0
Santa Rosa de Lima//home_42;-299.977.680.161.647;-51.107.522.492.430.900;10.0
Santa Rosa de Lima//work_42;-29.997.463.708.155.800;-51.107.843.858.386.200;10.0
Santa Rosa de Lima//school_42;-29.996.210.560.864.100;-5.110.737.179.812.690;10.0
Santa Rosa de Lima//home_43;-29.999.911.359.192.100;-5.110.775.143.444.820;10.0
Santa Rosa de Lima//work_43;-29.998.826.170.617.700;-51.107.407.475.918.700;10.0
Santa Rosa de Lima//school_43;-2.999.930.413.519.330;-5.110.726.902.806.140;10.0
Santa Rosa de Lima//home_44;-30.001.141.402.559.000;-5.110.582.866.845.090;10.0
Santa Rosa de Lima//work_44;-3.000.087.348.236.600;-5.110.720.583.055.240;10.0
Santa Rosa de Lima//school_44;-30.000.165.958.603.500;-51.107.232.931.803.100;10.0
Santa Rosa de Lima//home_45;-29.988.821.146.178.800;-51.094.244.841.224.500;6.5
Santa Rosa de Lima//work_45;-2.998.876.487.980.200;-5.109.583.090.064.510;8.0
Santa Rosa de Lima//school_45;-299.885.544.658.393;-5.109.597.541.524.850;7.5
Santa Rosa de Lima//home_46;-29.984.805.918.143.100;-51.095.060.072.798.100;3.9
Santa Rosa de Lima//work_46;-29.985.812.960.180.400;-5.109.422.970.537.280;4.7
Santa Rosa de Lima//school_46;-2.998.092.092.220.050;-51.089.669.687.236.400;3.0
Santa Rosa de Lima//home_47;-29.990.321.651.483.900;-5.111.094.290.242.700;8.4
Santa Rosa de Lima//work_47;-29.991.190.820.117.100;-5.111.050.355.024.280;8.8
Santa Rosa de Lima//school_47;-29.987.156.614.333.900;-51.111.568.662.972.500;6.2
Santa Rosa de Lima//home_48;-29.991.355.350.976.400;-5.111.135.565.091.870;8.2
Santa Rosa de Lima//work_48;-299.915.606.721.318;-51.111.895.878.618.100;8.4
Santa Rosa de Lima//school_48;-29.988.261.470.902.600;-511.116.463.197.657;6.3
Santa Rosa de Lima//home_49;-3.000.030.591.563.290;-5.111.046.077.859.790;10.0
Santa Rosa de Lima//work_49;-29.998.357.805.341.000;-5.111.060.822.849.430;10.0
Santa Rosa de Lima//school_49;-29.996.896.710.484.000;-5.111.319.578.211.640;10.0
Santa Rosa de Lima//home_50;-29.993.617.761.412.000;-5.111.236.558.742.460;9.9
Santa Rosa de Lima//work_50;-29.992.590.361.169.500;-5.111.112.317.558.400;8.2
Santa Rosa de Lima//school_50;-29.991.947.537.740.600;-5.111.153.821.269.090;8.1
Santa Rosa de Lima//home_51;-2.999.568.221.665.000;-51.110.696.566.796.400;10.0
Santa Rosa de Lima//work_51;-29.996.928.447.460.200;-51.108.989.481.373.400;10.0
Santa Rosa de Lima//school_51;-29.995.767.282.349.400;-5.111.235.449.371.280;10.0
Santa Rosa de Lima//home_52;-2.999.661.269.863.620;-5.109.658.056.751.220;10.0
Santa Rosa de Lima//work_52;-29.996.129.898.859.800;-510.975.824.465.251;10.0
Santa Rosa de Lima//school_52;-2.999.664.100.580.120;-5.109.620.805.844.100;10.0
Santa Rosa de Lima//home_53;-2.999.659.676.241.180;-5.109.784.719.456.430;10.0
Santa Rosa de Lima//work_53;-29.994.724.354.876.800;-51.097.614.394.347.100;10.0
Santa Rosa de Lima//school_53;-29.997.300.756.358.700;-5.109.564.279.966.010;10.0
Santa Rosa de Lima//home_54;-29.999.073.504.423.100;-51.097.480.008.566.000;10.0
Santa Rosa de Lima//work_54;-2.999.892.999.851.710;-51.097.361.616.472.500;10.0
Santa Rosa de Lima//school_54;-2.999.947.336.830.950;-51.096.021.064.466.800;10.0
Santa Rosa de Lima//home_55;-29.998.061.101.229.100;-51.097.299.802.355.700;10.0
Santa Rosa de Lima//work_55;-2.999.813.509.610.920;-5.109.657.255.993.990;10.0
Santa Rosa de Lima//school_55;-29.998.085.944.137.200;-51.097.044.016.391.900;10.0
Santa Rosa de Lima//home_56;-29.994.326.613.761.500;-51.098.035.944.750.700;10.0
Santa Rosa de Lima//work_56;-299.944.306.212.645;-51.097.071.712.440.900;10.0
Santa Rosa de Lima//school_56;-2.999.439.800.096.040;-5.109.688.054.416.260;10.0
Santa Rosa de Lima//home_57;-2.999.257.668.648.700;-5.109.832.890.426.270;10.0
Santa Rosa de Lima//work_57;-29.991.515.817.028.000;-5.109.783.815.907.910;10.0
Santa Rosa de Lima//school_57;-29.993.691.392.815.200;-5.109.784.108.978.880;10.0
Santa Rosa de Lima//home_58;-29.991.385.675.060.600;-5.109.712.960.576.400;9.5
Santa Rosa de Lima//work_58;-29.991.348.303.848.600;-51.097.096.894.013.600;9.5
Santa Rosa de Lima//school_58;-2.999.118.703.002.460;-5.109.756.998.182.950;10.0
Santa Tereza//home_0;-30.065.668.043.694.400;-51.227.333.204.666.300;10.0
Santa Tereza//work_0;-3.006.532.441.187.860;-5.122.804.888.113.330;10.0
Santa Tereza//school_0;-30.065.966.220.020.600;-5.122.963.853.824.890;10.0
Santa Tereza//home_1;-30.066.989.213.902.200;-5.123.324.694.872.590;10.0
Santa Tereza//work_1;-30.065.343.064.334.500;-5.123.200.928.239.710;6.0
Santa Tereza//school_1;-3.006.680.691.626.860;-51.232.714.580.433.700;10.0
Santa Tereza//home_2;-30.064.866.778.780.500;-51.233.005.265.958.000;3.4
Santa Tereza//work_2;-30.064.742.307.639.600;-5.123.224.772.570.700;4.0
Santa Tereza//school_2;-30.066.496.124.405.100;-5.123.502.830.457.210;3.4
Santa Tereza//home_3;-3.007.012.604.993.280;-5.122.544.872.602.040;10.0
Santa Tereza//work_3;-3.006.880.428.167.330;-51.225.119.720.699.300;10.0
Santa Tereza//school_3;-30.070.039.775.245.800;-512.274.273.608.132;10.0
Santa Tereza//home_4;-30.068.822.528.746.300;-51.230.323.103.845.700;10.0
Santa Tereza//work_4;-3.006.810.511.182.870;-51.230.227.460.970.700;10.0
Santa Tereza//school_4;-30.068.594.349.214.100;-51.230.313.393.808.600;10.0
Santa Tereza//home_5;-300.701.266.602.927;-5.123.450.714.021.810;10.0
Santa Tereza//work_5;-30.070.563.519.876.300;-5.123.475.397.171.940;10.0
Santa Tereza//school_5;-30.072.488.571.086.300;-51.233.815.948.721.800;10.0
Santa Tereza//home_6;-30.067.702.703.597.100;-51.232.952.096.324.700;10.0
Santa Tereza//work_6;-30.070.329.736.916.800;-51.237.378.050.258.600;10.0
Santa Tereza//school_6;-30.072.714.332.906.200;-5.123.648.413.012.230;10.0
Santa Tereza//home_7;-3.006.855.419.617.590;-5.123.686.759.481.150;3.8
Santa Tereza//work_7;-30.068.351.700.668.400;-512.366.233.902.825;3.5
Santa Tereza//school_7;-30.068.673.782.933.400;-5.123.625.345.097.720;5.8
Santa Tereza//home_8;-3.006.983.990.187.070;-5.123.733.235.434.640;9.0
Santa Tereza//work_8;-30.069.948.925.694.000;-5.123.751.665.437.500;8.4
Santa Tereza//school_8;-30.070.073.644.072.500;-512.379.176.710.772;7.1
Santa Tereza//home_9;-3.007.451.172.715.860;-51.234.137.801.222.300;10.0
Santa Tereza//work_9;-30.078.393.493.120.300;-51.234.096.897.704.100;10.0
Santa Tereza//school_9;-30.078.138.905.755.300;-5.123.420.101.584.930;10.0
Santa Tereza//home_10;-30.072.860.885.434.700;-5.123.199.695.647.170;10.0
Santa Tereza//work_10;-30.076.877.394.521.400;-5.123.143.456.601.690;10.0
Santa Tereza//school_10;-30.074.537.252.012.900;-51.231.021.897.820.900;10.0
Santa Tereza//home_11;-30.072.976.607.482.000;-51.229.911.797.401.100;10.0
Santa Tereza//work_11;-30.073.636.611.616.500;-51.230.093.541.028.500;10.0
Santa Tereza//school_11;-30.073.106.199.812.900;-5.123.043.449.533.280;10.0
Santa Tereza//home_12;-3.007.268.631.491.800;-5.122.559.403.519.290;10.0
Santa Tereza//work_12;-30.071.134.432.481.500;-5.122.611.138.992.580;10.0
Santa Tereza//school_12;-3.007.174.463.322.240;-51.226.749.281.486.300;10.0
Santa Tereza//home_13;-30.071.456.322.095.400;-51.222.455.611.484.500;10.0
Santa Tereza//work_13;-30.070.806.879.120.700;-51.223.904.941.089.800;10.0
Santa Tereza//school_13;-30.071.636.198.797.800;-5.122.236.003.013.800;10.0
Santa Tereza//home_14;-3.006.896.520.627.440;-51.223.580.282.329.500;10.0
Santa Tereza//work_14;-3.006.963.547.548.160;-51.223.990.806.613.900;10.0
Santa Tereza//school_14;-30.068.936.469.593.000;-512.237.873.133.952;10.0
Santa Tereza//home_15;-30.069.821.630.378.200;-51.222.419.386.223.500;10.0
Santa Tereza//work_15;-3.006.734.906.322.930;-5.122.226.839.157.610;10.0
Santa Tereza//school_15;-30.066.877.039.320.500;-5.122.187.310.853.140;10.0
Santa Tereza//home_16;-30.065.159.637.120.500;-5.122.037.400.299.280;10.0
Santa Tereza//work_16;-3.006.630.864.428.450;-5.122.277.930.033.110;10.0
Santa Tereza//school_16;-30.064.827.885.908.700;-5.122.191.496.439.990;10.0
Santa Tereza//home_17;-30.065.661.039.540.600;-51.216.314.465.265.100;10.0
Santa Tereza//work_17;-3.006.624.405.812.620;-5.121.578.888.999.520;10.0
Santa Tereza//school_17;-30.066.322.090.016.400;-5.121.594.288.573.420;10.0
Santa Tereza//home_18;-30.068.238.927.724.200;-51.215.656.189.210.400;10.0
Santa Tereza//work_18;-30.068.319.802.952.600;-5.121.366.291.992.180;10.0
Santa Tereza//school_18;-30.067.501.060.339.400;-5.121.640.279.971.780;10.0
Santa Tereza//home_19;-30.069.657.409.211.100;-5.121.450.328.191.030;10.0
Santa Tereza//work_19;-3.006.938.108.287.180;-512.134.984.107.545;10.0
Santa Tereza//school_19;-30.069.887.247.306.100;-5.121.437.464.935.290;10.0
Santa Tereza//home_20;-3.006.888.395.844.000;-51.216.285.302.400.500;10.0
Santa Tereza//work_20;-30.069.359.273.608.000;-5.121.597.681.783.810;10.0
Santa Tereza//school_20;-30.071.237.834.605.800;-5.121.805.052.106.010;10.0
Santa Tereza//home_21;-3.007.092.954.106.030;-51.218.437.834.058.300;10.0
Santa Tereza//work_21;-30.068.431.488.436.400;-5.121.701.344.455.200;10.0
Santa Tereza//school_21;-30.070.301.364.919.000;-5.121.812.664.853.990;10.0
Santa Tereza//home_22;-3.007.085.001.932.330;-51.220.736.224.669.000;10.0
Santa Tereza//work_22;-30.070.805.406.595.500;-5.122.024.185.791.620;10.0
Santa Tereza//school_22;-30.070.545.756.370.200;-51.220.231.858.548.900;10.0
Santa Tereza//home_23;-30.070.126.147.787.600;-5.122.282.203.621.320;10.0
Santa Tereza//work_23;-3.007.079.609.348.940;-5.122.173.835.627.590;10.0
Santa Tereza//school_23;-30.070.802.112.371.400;-5.122.270.199.334.510;10.0
Santa Tereza//home_24;-30.072.917.848.072.600;-5.122.213.003.902.470;10.0
Santa Tereza//work_24;-3.007.359.132.410.670;-5.122.279.296.059.630;10.0
Santa Tereza//school_24;-3.007.333.785.362.730;-512.223.646.514.029;10.0
Santa Tereza//home_25;-30.073.255.794.422.400;-512.207.148.278.053;10.0
Santa Tereza//work_25;-30.072.082.889.839.100;-5.122.091.437.790.840;10.0
Santa Tereza//school_25;-3.007.335.162.231.260;-5.122.120.394.588.660;10.0
Santa Tereza//home_26;-30.076.682.289.137.600;-5.122.273.239.178.330;10.0
Santa Tereza//work_26;-3.007.596.570.303.720;-51.221.657.037.444.900;10.0
Santa Tereza//school_26;-30.074.860.573.321.200;-512.180.887.427.282;10.0
Santa Tereza//home_27;-30.072.694.951.329.300;-51.216.162.314.463.300;10.0
Santa Tereza//work_27;-3.007.278.540.052.150;-51.215.976.721.759.100;10.0
Santa Tereza//school_27;-300.728.728.315.469;-512.163.866.645.556;10.0
Santa Tereza//home_28;-30.072.678.774.902.000;-51.213.245.413.714.400;10.0
Santa Tereza//work_28;-30.072.475.036.019.600;-51.213.212.230.012.400;10.0
Santa Tereza//school_28;-30.074.206.499.737.400;-5.121.415.551.547.730;10.0
Santa Tereza//home_29;-30.073.752.664.263.800;-512.156.702.882.951;10.0
Santa Tereza//work_29;-30.075.761.671.015.300;-51.218.009.854.588.300;10.0
Santa Tereza//school_29;-30.077.975.332.397.400;-512.168.109.845.393;10.0
Santa Tereza//home_30;-30.078.365.387.432.600;-5.121.767.072.098.090;10.0
Santa Tereza//work_30;-3.007.854.157.606.470;-51.217.392.359.581;10.0
Santa Tereza//school_30;-30.078.850.716.535.300;-51.218.659.479.225.600;10.0
Santa Tereza//home_31;-3.007.757.791.762.400;-51.218.973.556.792.300;10.0
Santa Tereza//work_31;-30.077.818.784.720.300;-5.122.418.000.571.010;10.0
Santa Tereza//school_31;-30.079.157.319.986.900;-51.220.332.633.528.100;10.0
Santa Tereza//home_32;-30.080.032.572.615.600;-5.122.232.127.553.290;10.0
Santa Tereza//work_32;-30.080.433.023.841.400;-5.122.350.651.516.870;10.0
Santa Tereza//school_32;-3.008.037.585.523.980;-5.122.306.520.595.020;10.0
Santa Tereza//home_33;-3.007.640.891.879.490;-512.248.155.380.032;10.0
Santa Tereza//work_33;-30.076.843.997.718.400;-512.250.711.801.855;10.0
Santa Tereza//school_33;-30.076.811.933.027.500;-5.122.514.545.393.510;10.0
Santa Tereza//home_34;-30.076.901.027.830.200;-5.122.488.728.163.650;10.0
Santa Tereza//work_34;-30.076.579.471.068.500;-51.223.602.153.303.000;10.0
Santa Tereza//school_34;-30.076.627.898.336.300;-5.122.467.457.932.610;10.0
Santa Tereza//home_35;-30.073.140.817.582.700;-51.224.519.740.668.200;10.0
Santa Tereza//work_35;-30.074.781.170.659.600;-5.122.377.243.228.310;10.0
Santa Tereza//school_35;-30.073.294.154.823.300;-5.122.341.518.736.180;10.0
Santa Tereza//home_36;-30.073.420.166.806.200;-5.122.500.916.866.130;10.0
Santa Tereza//work_36;-30.074.147.193.163.900;-5.122.482.703.190.980;10.0
Santa Tereza//school_36;-30.075.957.166.555.800;-5.122.501.421.602.570;10.0
Santa Tereza//home_37;-3.007.459.456.792.600;-5.122.635.152.388.980;10.0
Santa Tereza//work_37;-3.007.397.554.701.610;-512.264.576.015.287;10.0
Santa Tereza//school_37;-30.073.941.112.392.200;-5.122.662.931.787.820;10.0
Santa Tereza//home_38;-30.073.332.599.600.800;-51.226.934.744.195.000;10.0
Santa Tereza//work_38;-3.007.331.878.031.770;-5.122.709.779.938.070;10.0
Santa Tereza//school_38;-3.007.313.860.195.480;-51.227.093.732.106.700;10.0
Santa Tereza//home_39;-30.073.809.930.071.700;-51.228.357.222.724.900;10.0
Santa Tereza//work_39;-30.073.241.900.804.400;-5.122.780.069.237.180;10.0
Santa Tereza//school_39;-3.007.457.835.620.920;-51.229.270.485.408.400;10.0
Santa Tereza//home_40;-300.757.644.889.996;-5.123.053.330.711.290;10.0
Santa Tereza//work_40;-30.076.596.809.512.700;-5.122.982.618.527.700;10.0
Santa Tereza//school_40;-300.771.049.381.862;-5.123.022.449.193.610;10.0
Santa Tereza//home_41;-30.077.720.884.072.600;-51.230.146.532.382.700;10.0
Santa Tereza//work_41;-30.078.319.207.749.600;-5.122.943.162.944.160;10.0
Santa Tereza//school_41;-30.077.718.244.755.400;-5.122.812.398.692.050;10.0
Santa Tereza//home_42;-30.077.956.151.827;-51.226.993.847.002.100;10.0
Santa Tereza//work_42;-30.079.883.992.904.100;-5.122.932.657.140.090;10.0
Santa Tereza//school_42;-3.007.960.372.684.240;-51.228.860.116.048.400;10.0
Santa Tereza//home_43;-30.081.245.258.583.900;-51.226.271.567.370.500;10.0
Santa Tereza//work_43;-30.079.884.612.488.800;-5.122.612.845.958.090;10.0
Santa Tereza//school_43;-30.080.631.393.619.800;-5.122.606.477.030.320;10.0
Santa Tereza//home_44;-30.083.009.249.608.300;-5.122.497.878.505.660;10.0
Santa Tereza//work_44;-30.082.833.380.805.600;-5.122.506.396.692.120;10.0
Santa Tereza//school_44;-30.082.461.612.946.200;-5.122.325.975.536.200;10.0
Santa Tereza//home_45;-30.081.114.590.196.300;-5.122.718.949.256.080;10.0
Santa Tereza//work_45;-3.008.149.577.496.310;-5.122.792.316.391.860;10.0
Santa Tereza//school_45;-30.082.703.182.476.200;-5.122.568.581.572.130;10.0
Santa Tereza//home_46;-3.008.215.404.697.760;-5.122.817.765.163.790;10.0
Santa Tereza//work_46;-3.008.236.472.471.790;-51.228.231.037.808.300;10.0
Santa Tereza//school_46;-30.082.827.774.846.200;-5.122.814.424.765.470;10.0
Santa Tereza//home_47;-30.085.361.586.495.800;-5.122.836.820.800.680;10.0
Santa Tereza//work_47;-30.084.500.201.898.700;-51.227.884.857.642.300;10.0
Santa Tereza//school_47;-30.083.850.591.374.900;-5.122.479.916.338.080;10.0
Santa Tereza//home_48;-3.008.164.836.767.850;-5.122.998.658.809.840;10.0
Santa Tereza//work_48;-30.082.655.085.918.200;-5.123.089.982.064.430;10.0
Santa Tereza//school_48;-30.082.266.181.556.900;-51.229.752.263.299.900;10.0
Santa Tereza//home_49;-3.006.503.194.315.940;-5.123.080.864.689.590;8.5
Santa Tereza//work_49;-300.642.691.321.473;-51.230.626.234.242.800;7.7
Santa Tereza//school_49;-30.064.292.596.435.900;-5.123.028.529.149.680;10.0
Santa Tereza//home_50;-3.008.224.244.806.340;-512.256.152.038.033;10.0
Santa Tereza//work_50;-3.008.205.736.334.950;-51.225.038.568.871.100;10.0
Santa Tereza//school_50;-3.008.151.352.139.730;-5.122.548.647.077.970;10.0
Santa Tereza//home_51;-30.077.762.050.925.800;-512.251.702.240.998;10.0
Santa Tereza//work_51;-30.077.780.491.526.600;-512.245.678.650.929;10.0
Santa Tereza//school_51;-30.077.429.434.338.800;-5.122.469.621.083.760;10.0
Santa Tereza//home_52;-30.070.660.541.087.700;-5.123.397.132.526.800;10.0
Santa Tereza//work_52;-3.007.104.462.460.770;-51.232.981.310.082.600;10.0
Santa Tereza//school_52;-30.070.281.590.053.200;-5.123.415.546.998.020;10.0
Santa Tereza//home_53;-30.083.976.415.855.900;-5.123.081.184.752.770;10.0
Santa Tereza//work_53;-30.083.626.777.757.400;-5.123.123.641.042.440;10.0
Santa Tereza//school_53;-30.083.741.971.340.500;-5.123.096.188.116.850;10.0
Santa Tereza//home_54;-3.007.257.867.927.870;-5.121.908.563.605.620;10.0
Santa Tereza//work_54;-3.007.194.890.175.850;-5.121.889.924.186.090;10.0
Santa Tereza//school_54;-30.071.885.454.519.500;-512.181.373.375.556;10.0
Santa Tereza//home_55;-3.007.179.412.010.640;-5.122.034.923.080.680;10.0
Santa Tereza//work_55;-3.007.229.021.339.260;-512.199.068.174.412;10.0
Santa Tereza//school_55;-3.007.127.042.421.040;-5.122.027.830.619.810;10.0
Santa Tereza//home_56;-3.008.346.268.887.950;-51.228.706.222.679.000;10.0
Santa Tereza//work_56;-30.082.922.633.066.900;-5.122.953.121.646.970;10.0
Santa Tereza//school_56;-30.083.344.694.483.700;-5.122.824.093.776.230;10.0
Santa Tereza//home_57;-30.084.053.754.554.400;-5.122.889.181.227.610;10.0
Santa Tereza//work_57;-30.084.726.262.360.400;-5.123.025.892.715.180;10.0
Santa Tereza//school_57;-30.084.124.685.598.200;-5.122.951.122.287.260;10.0
Santa Tereza//home_58;-3.007.832.666.748.560;-51.226.153.365.853.800;10.0
Santa Tereza//work_58;-30.078.865.456.636.100;-5.122.560.019.326.010;10.0
Santa Tereza//school_58;-30.078.157.309.936.400;-5.122.615.953.297.360;10.0
Santa Tereza//home_59;-3.007.585.030.639.610;-5.122.639.167.850.930;10.0
Santa Tereza//work_59;-3.007.610.823.815.580;-5.122.646.836.747.200;10.0
Santa Tereza//school_59;-3.007.497.613.525.130;-5.122.694.739.524.330;10.0
Santa Tereza//home_60;-300.813.303.351.669;-51.221.465.705.502.800;10.0
Santa Tereza//work_60;-3.008.181.487.050.240;-51.221.597.354.337.300;10.0
Santa Tereza//school_60;-3.008.205.081.944.580;-5.122.199.703.456.010;10.0
Santa Tereza//home_61;-30.079.439.481.755.200;-5.122.212.356.166.870;10.0
Santa Tereza//work_61;-30.080.604.475.847.600;-5.122.125.499.479.110;10.0
Santa Tereza//school_61;-3.007.996.643.439.230;-5.122.149.111.808.940;10.0
Santa Tereza//home_62;-30.064.729.169.695.000;-5.121.731.942.757.870;10.0
Santa Tereza//work_62;-30.062.462.937.700.900;-51.217.992.243.426.000;10.0
Santa Tereza//school_62;-30.063.314.545.046.000;-5.121.726.688.402.200;10.0
Santa Tereza//home_63;-30.064.385.994.650.800;-5.121.697.381.013.220;10.0
Santa Tereza//work_63;-30.064.215.803.242.800;-51.216.790.749.381.200;10.0
Santa Tereza//school_63;-30.064.519.392.709.100;-5.121.695.182.700.510;10.0
Santana//home_0;-30.040.874.037.784.500;-51.215.219.750.251.700;9.0
Santana//work_0;-30.041.033.413.160.000;-5.121.495.720.133.600;9.4
Santana//school_0;-30.040.613.290.252.000;-5.121.446.058.168.270;9.4
Santana//home_1;-30.041.361.406.046.100;-5.121.556.572.361.320;9.3
Santana//work_1;-3.004.117.852.921.370;-5.121.565.773.777.020;9.3
Santana//school_1;-30.041.120.172.453.300;-51.215.607.054.652.300;9.3
Santana//home_2;-30.041.860.186.439.200;-5.121.536.118.217.350;9.3
Santana//work_2;-3.004.152.416.522.970;-51.214.886.792.120.000;9.3
Santana//school_2;-3.004.074.595.534.990;-5.121.340.461.672.800;8.7
Santana//home_3;-3.004.234.289.942.130;-5.121.504.255.508.770;8.0
Santana//work_3;-30.042.322.385.046.200;-51.214.492.339.088.500;8.3
Santana//school_3;-30.042.617.085.724.500;-5.121.510.978.148.610;7.5
Santana//home_4;-30.042.591.795.168.700;-5.121.340.155.574.780;8.2
Santana//work_4;-3.004.156.926.807.650;-5.121.276.828.538.290;7.6
Santana//school_4;-30.042.340.348.705.800;-51.213.637.495.934.900;8.2
Santana//home_5;-30.040.748.283.679.100;-5.121.083.702.008.830;8.5
Santana//work_5;-30.041.310.320.751.300;-51.212.259.963.262.500;8.2
Santana//school_5;-30.040.503.569.000.300;-5.121.200.791.364.420;9.4
Santana//home_6;-3.004.039.625.485.440;-5.121.312.571.048.050;9.0
Santana//work_6;-3.004.056.290.378.980;-51.212.919.036.647.000;8.7
Santana//school_6;-3.003.954.174.790.260;-51.213.342.813.472.100;9.5
Santana//home_7;-3.003.850.229.437.550;-5.121.170.281.276.960;10.0
Santana//work_7;-30.038.782.510.782.900;-5.121.219.380.950.500;10.0
Santana//school_7;-3.004.093.338.909.600;-5.121.051.483.127.740;7.1
Santana//home_8;-30.039.959.824.481.800;-5.120.932.024.720.600;8.9
Santana//work_8;-3.003.973.973.469.590;-5.120.936.716.097.510;8.9
Santana//school_8;-30.039.718.698.115.500;-51.210.170.561.298.800;9.2
Santana//home_9;-30.037.373.426.916.000;-5.120.945.717.160.280;10.0
Santana//work_9;-3.003.837.230.741.940;-5.120.892.861.305.990;10.0
Santana//school_9;-30.037.282.787.993.700;-5.120.958.927.426.350;10.0
Santana//home_10;-30.038.404.785.187.400;-5.120.878.963.950.440;10.0
Santana//work_10;-3.003.719.096.461.030;-51.208.797.925.798.900;10.0
Santana//school_10;-3.003.700.792.526.250;-5.120.844.756.840.400;10.0
Santana//home_11;-3.003.841.318.211.070;-51.208.539.773.489.100;10.0
Santana//work_11;-3.003.832.115.868.680;-5.120.826.444.038.340;10.0
Santana//school_11;-30.037.205.250.139.800;-5.120.844.202.086.480;10.0
Santana//home_12;-3.003.976.536.452.030;-51.209.249.595.681.700;8.9
Santana//work_12;-3.004.007.625.191.930;-5.120.852.003.592.390;9.8
Santana//school_12;-30.041.400.751.712.100;-5.120.826.148.293.630;7.5
Santana//home_13;-30.042.956.488.404.100;-51.208.196.320.112.300;6.3
Santana//work_13;-3.004.312.601.198.490;-51.208.242.152.389.900;6.3
Santana//school_13;-3.004.246.983.066.900;-5.120.889.782.547.170;6.5
Santana//home_14;-30.042.021.559.446.900;-51.209.045.311.338.600;6.4
Santana//work_14;-30.041.597.982.169.200;-5.120.917.596.316.450;7.2
Santana//school_14;-30.042.108.729.694.100;-5.120.920.745.619.430;6.2
Santana//home_15;-30.041.980.125.853.100;-51.210.312.064.847.200;6.5
Santana//work_15;-3.004.211.684.023.930;-5.121.042.698.865.210;6.5
Santana//school_15;-30.041.853.587.649.000;-5.121.019.998.400.510;6.6
Santana//home_16;-30.042.364.602.408.400;-5.121.131.585.592.420;6.7
Santana//work_16;-30.042.494.990.999.000;-5.121.075.253.404.300;6.5
Santana//school_16;-30.042.223.743.149.500;-5.121.182.239.688.950;7.2
Santana//home_17;-3.004.318.564.460.220;-5.121.400.602.332.030;8.2
Santana//work_17;-30.043.223.908.120.000;-51.214.033.479.971;8.2
Santana//school_17;-30.042.152.098.709.700;-51.212.399.880.412.300;7.0
Santana//home_18;-3.004.514.221.615.040;-51.211.762.601.416.500;5.7
Santana//work_18;-30.043.734.376.847.200;-5.121.195.519.424.890;5.7
Santana//school_18;-30.044.286.518.429.500;-5.121.232.614.655.590;5.7
Santana//home_19;-3.004.397.753.675.070;-51.211.157.594.182.200;6.6
Santana//work_19;-30.044.088.955.520.600;-5.121.076.481.289.210;5.9
Santana//school_19;-3.004.368.562.958.210;-5.121.124.660.443.090;6.6
Santana//home_20;-30.043.186.049.402.600;-5.121.022.075.631.570;5.7
Santana//work_20;-3.004.380.633.980.900;-5.120.990.566.508.550;5.7
Santana//school_20;-30.044.097.764.691.400;-51.210.438.989.387.400;5.7
Santana//home_21;-30.044.478.456.297.500;-51.209.251.413.580.500;5.7
Santana//work_21;-30.043.326.437.516.900;-5.120.943.091.430.340;5.7
Santana//school_21;-30.045.032.679.716.200;-5.120.920.945.016.640;5.7
Santana//home_22;-30.046.307.424.466.000;-51.212.238.099.377.400;6.1
Santana//work_22;-30.045.746.556.553.700;-5.121.080.162.122.290;5.7
Santana//school_22;-30.044.729.961.502.300;-51.210.327.531.129.600;5.7
Santana//home_23;-3.004.518.717.084.590;-5.120.829.296.830.240;5.7
Santana//work_23;-30.046.902.827.066.300;-5.120.940.341.883.710;7.4
Santana//school_23;-3.004.673.187.286.250;-51.208.807.906.042;7.7
Santana//home_24;-30.044.919.453.869;-5.120.500.827.453.150;5.9
Santana//work_24;-3.004.416.433.073.300;-5.120.536.394.460.650;5.7
Santana//school_24;-30.044.935.049.896.300;-5.120.654.969.426.650;5.7
Santana//home_25;-3.004.553.608.087.920;-5.120.433.646.395.800;6.8
Santana//work_25;-300.437.266.348.244;-51.204.305.030.404.500;5.7
Santana//school_25;-3.004.348.773.842.400;-51.205.042.798.303.300;5.7
Santana//home_26;-30.046.482.969.432.800;-5.120.589.391.786.390;7.0
Santana//work_26;-30.046.241.395.076.700;-5.120.633.301.748.640;7.4
Santana//school_26;-30.046.166.345.040.600;-5.120.648.476.403.700;7.4
Santana//home_27;-3.004.752.428.429.820;-5.120.866.469.004.710;8.0
Santana//work_27;-30.048.337.988.033.000;-5.121.019.144.227.760;8.4
Santana//school_27;-30.047.849.848.602.500;-5.120.860.398.644.190;8.9
Santana//home_28;-3.004.800.587.227.920;-51.208.770.562.462.700;9.5
Santana//work_28;-30.048.241.614.245.700;-5.120.907.204.677.350;9.5
Santana//school_28;-30.048.645.546.003.300;-51.208.689.566.327.800;9.5
Santana//home_29;-30.049.577.520.173.800;-5.120.849.255.159.580;10.0
Santana//work_29;-3.004.756.354.706.190;-51.205.840.106.628.400;8.2
Santana//school_29;-3.004.860.305.164.490;-5.120.677.978.848.680;9.1
Santana//home_30;-30.045.843.815.009.600;-5.120.163.131.534.200;6.4
Santana//work_30;-3.004.719.936.851.360;-5.120.460.084.469.490;9.1
Santana//school_30;-30.045.702.425.789.700;-512.030.549.052.257;7.0
Santana//home_31;-30.044.193.528.264.200;-5.120.337.754.910.030;5.7
Santana//work_31;-30.043.826.973.638.400;-51.202.000.951.564;5.7
Santana//school_31;-30.045.835.215.032.000;-5.120.108.162.207.160;6.4
Santana//home_32;-30.046.660.974.193.400;-5.120.148.674.625.380;7.6
Santana//work_32;-3.004.759.448.699.270;-51.201.774.017.561.900;9.1
Santana//school_32;-30.047.312.683.717.400;-5.120.240.331.432.530;9.2
Santana//home_33;-30.048.110.044.208.400;-51.203.230.362.514.900;9.6
Santana//work_33;-30.048.595.169.801.800;-5.120.418.057.198.750;9.5
Santana//school_33;-3.004.844.453.770.060;-5.120.223.156.365.090;9.4
Santana//home_34;-30.049.631.751.553.700;-5.120.492.375.253.280;10.0
Santana//work_34;-3.004.980.811.198.400;-51.206.124.687.633.200;10.0
Santana//school_34;-3.004.924.046.152.520;-5.120.450.700.333.800;10.0
Santana//home_35;-30.051.322.873.317.200;-5.120.804.717.188.760;10.0
Santana//work_35;-30.050.706.845.750.800;-5.120.685.391.623.120;10.0
Santana//school_35;-30.049.867.157.776.000;-5.120.760.552.429.300;10.0
Santana//home_36;-30.051.612.246.628.500;-5.120.746.027.252.410;10.0
Santana//work_36;-30.050.870.713.629.000;-5.120.619.131.767.760;10.0
Santana//school_36;-30.050.909.076.043.700;-51.206.107.633.428.000;10.0
Santana//home_37;-30.051.596.414.704.600;-5.120.402.500.121.600;10.0
Santana//work_37;-3.005.234.944.718.080;-51.205.092.900.679.600;10.0
Santana//school_37;-30.052.150.126.036.000;-5.120.475.384.986.890;10.0
Santana//home_38;-30.050.271.777.734.500;-5.120.379.236.415.220;10.0
Santana//work_38;-3.005.024.873.303.300;-51.203.647.203.354.300;10.0
Santana//school_38;-30.050.937.549.220.700;-51.203.913.950.525.500;10.0
Santana//home_39;-3.005.072.380.465.000;-5.120.137.676.613.170;10.0
Santana//work_39;-30.049.886.401.711.300;-5.120.094.103.738.020;10.0
Santana//school_39;-30.050.021.054.061.000;-5.120.140.655.811.000;10.0
Santana//home_40;-30.048.610.468.246.000;-51.201.339.528.339.400;9.2
Santana//work_40;-3.004.985.343.778.120;-51.201.969.768.724.100;10.0
Santana//school_40;-3.004.953.772.045.830;-51.202.133.118.078.100;10.0
Santana//home_41;-30.049.542.934.592.900;-5.119.911.766.539.370;9.9
Santana//work_41;-3.005.000.200.890.510;-51.199.568.048.448.700;10.0
Santana//school_41;-3.004.891.525.779.360;-5.119.789.306.070.290;9.1
Santana//home_42;-3.004.302.280.259.570;-51.212.653.493.276.300;7.0
Santana//work_42;-30.043.528.001.708.300;-512.134.757.666.308;7.7
Santana//school_42;-30.043.600.056.417.200;-5.121.344.030.416.350;7.3
Santana//home_43;-30.046.456.819.538.900;-5.119.857.969.106.000;6.2
Santana//work_43;-30.046.194.673.929.800;-5.120.073.563.132.620;7.2
Santana//school_43;-30.047.009.198.255.900;-5.119.911.509.903.370;7.3
Santana//home_44;-30.047.113.372.964.700;-51.198.077.524.067.200;6.8
Santana//work_44;-30.048.666.235.711.800;-5.119.933.140.798.180;8.9
Santana//school_44;-3.004.780.999.583.610;-51.198.608.810.402.500;8.4
Santo Ant√¥nio//home_0;-30.056.835.073.392.700;-5.120.842.970.381.490;10.0
Santo Ant√¥nio//work_0;-30.056.336.405.392.800;-5.120.902.805.734.170;10.0
Santo Ant√¥nio//school_0;-3.005.174.940.286.210;-51.208.142.371.957.100;10.0
Santo Ant√¥nio//home_1;-3.005.206.067.890.000;-5.120.688.209.595.510;10.0
Santo Ant√¥nio//work_1;-30.054.208.544.375.100;-5.120.706.382.351.190;10.0
Santo Ant√¥nio//school_1;-3.005.375.106.668.160;-5.120.616.441.928.970;10.0
Santo Ant√¥nio//home_2;-300.554.450.736.597;-51.206.073.162.203.900;10.0
Santo Ant√¥nio//work_2;-30.055.377.790.083.600;-5.120.705.100.320.280;10.0
Santo Ant√¥nio//school_2;-30.055.424.773.811.400;-512.071.870.283.111;10.0
Santo Ant√¥nio//home_3;-3.006.015.356.955.150;-5.120.680.524.523.590;10.0
Santo Ant√¥nio//work_3;-30.059.931.455.331.500;-512.066.721.589.557;10.0
Santo Ant√¥nio//school_3;-30.058.385.074.325.700;-512.074.946.414.975;10.0
Santo Ant√¥nio//home_4;-30.058.071.067.586.700;-5.120.701.330.068.200;10.0
Santo Ant√¥nio//work_4;-3.005.880.151.284.840;-5.120.651.826.205.220;10.0
Santo Ant√¥nio//school_4;-3.005.915.523.202.550;-5.120.664.494.934.490;10.0
Santo Ant√¥nio//home_5;-3.005.655.223.674.750;-512.072.088.201.038;10.0
Santo Ant√¥nio//work_5;-30.056.649.337.363.200;-51.206.743.027.802.200;10.0
Santo Ant√¥nio//school_5;-3.005.595.790.608.980;-5.120.681.315.283.530;10.0
Santo Ant√¥nio//home_6;-30.056.652.095.220.800;-51.206.322.482.457.600;10.0
Santo Ant√¥nio//work_6;-3.005.759.481.888.190;-5.120.632.052.317.460;10.0
Santo Ant√¥nio//school_6;-3.005.663.439.117.380;-5.120.579.780.700.100;10.0
Santo Ant√¥nio//home_7;-30.057.009.387.258.400;-5.120.495.033.509.010;10.0
Santo Ant√¥nio//work_7;-30.057.727.883.180.900;-51.205.280.038.528.100;10.0
Santo Ant√¥nio//school_7;-30.057.606.271.257.900;-5.120.521.725.339.760;10.0
Santo Ant√¥nio//home_8;-3.005.967.832.492.110;-51.206.304.916.228.300;10.0
Santo Ant√¥nio//work_8;-30.058.531.143.543.500;-5.120.602.203.365.740;10.0
Santo Ant√¥nio//school_8;-3.005.894.280.599.720;-51.205.991.144.020.000;10.0
Santo Ant√¥nio//home_9;-30.061.412.610.702.600;-5.120.660.611.145.410;10.0
Santo Ant√¥nio//work_9;-30.061.003.363.256.800;-5.120.668.199.426.580;10.0
Santo Ant√¥nio//school_9;-30.061.576.007.579.300;-51.206.449.325.263.900;10.0
Santo Ant√¥nio//home_10;-30.063.227.355.341;-5.120.368.981.647.450;10.0
Santo Ant√¥nio//work_10;-30.063.093.613.358.000;-512.053.753.957.628;10.0
Santo Ant√¥nio//school_10;-30.063.028.188.442.200;-5.120.362.449.525.310;10.0
Santo Ant√¥nio//home_11;-30.059.087.139.347.100;-5.120.434.484.018.720;10.0
Santo Ant√¥nio//work_11;-30.058.449.094.164.400;-5.120.481.707.579.920;10.0
Santo Ant√¥nio//school_11;-3.006.020.077.440.610;-51.204.922.729.269.600;10.0
Santo Ant√¥nio//home_12;-3.006.142.624.628.640;-51.204.216.427.283.300;10.0
Santo Ant√¥nio//work_12;-30.061.974.938.319.000;-5.120.498.743.789.700;10.0
Santo Ant√¥nio//school_12;-3.005.902.281.922.800;-5.120.346.681.520.880;10.0
Santo Ant√¥nio//home_13;-30.060.347.237.317.500;-51.203.483.381.028;10.0
Santo Ant√¥nio//work_13;-30.061.800.099.842.600;-5.120.350.019.543.310;10.0
Santo Ant√¥nio//school_13;-30.060.425.992.554.100;-5.120.354.509.021.180;10.0
Santo Ant√¥nio//home_14;-3.005.451.624.967.190;-51.204.157.460.604.500;10.0
Santo Ant√¥nio//work_14;-3.005.434.996.031.410;-5.120.412.368.507.080;10.0
Santo Ant√¥nio//school_14;-3.005.331.804.624.880;-5.120.361.774.181.980;10.0
Santo Ant√¥nio//home_15;-30.054.980.858.864.400;-51.203.849.070.507.400;10.0
Santo Ant√¥nio//work_15;-30.056.237.747.740.800;-5.120.421.526.480.640;10.0
Santo Ant√¥nio//school_15;-30.055.692.791.758.300;-51.204.098.218.413.400;10.0
Santo Ant√¥nio//home_16;-30.055.695.519.584.000;-5.120.335.129.594.940;10.0
Santo Ant√¥nio//work_16;-30.057.014.861.219.200;-51.203.631.128.458.900;10.0
Santo Ant√¥nio//school_16;-3.005.417.532.681.830;-51.202.956.304.221.900;10.0
Santo Ant√¥nio//home_17;-30.056.926.746.280.700;-5.120.302.541.189.990;10.0
Santo Ant√¥nio//work_17;-3.005.383.630.567.430;-51.202.137.998.527.500;10.0
Santo Ant√¥nio//school_17;-3.005.677.186.092.930;-51.202.410.731.366.300;10.0
Santo Ant√¥nio//home_18;-30.057.327.249.013.600;-5.120.106.085.889.790;10.0
Santo Ant√¥nio//work_18;-30.055.415.259.816.800;-5.120.075.666.074.570;10.0
Santo Ant√¥nio//school_18;-3.005.529.489.240.470;-51.200.762.099.323.100;10.0
Santo Ant√¥nio//home_19;-30.060.168.935.111.900;-5.120.210.425.733.850;10.0
Santo Ant√¥nio//work_19;-3.006.329.412.482.760;-5.120.239.386.330.120;10.0
Santo Ant√¥nio//school_19;-30.060.282.225.494.700;-5.120.191.371.578.320;10.0
Santo Ant√¥nio//home_20;-30.061.416.625.582.800;-5.119.998.900.752.590;10.0
Santo Ant√¥nio//work_20;-30.062.363.543.492.500;-51.199.782.832.137.800;10.0
Santo Ant√¥nio//school_20;-30.063.451.710.339.200;-5.120.042.542.122.620;10.0
Santo Ant√¥nio//home_21;-30.061.267.487.737.900;-51.197.986.456.869.700;10.0
Santo Ant√¥nio//work_21;-30.062.453.129.008.600;-5.119.829.979.926.110;10.0
Santo Ant√¥nio//school_21;-300.636.247.875.247;-5.119.874.129.796.900;10.0
Santo Ant√¥nio//home_22;-3.005.926.637.947.090;-5.119.840.846.955.590;10.0
Santo Ant√¥nio//work_22;-30.061.048.638.143.100;-5.119.817.844.252.860;10.0
Santo Ant√¥nio//school_22;-300.612.569.428.884;-5.119.837.548.643.630;10.0
Santo Ant√¥nio//home_23;-3.005.851.907.893.360;-5.120.062.210.938.300;10.0
Santo Ant√¥nio//work_23;-30.058.735.629.143.400;-5.119.943.907.740.870;10.0
Santo Ant√¥nio//school_23;-300.595.431.330.323;-5.119.744.459.624.900;10.0
Santo Ant√¥nio//home_24;-3.005.767.071.439.780;-5.119.610.329.048.910;10.0
Santo Ant√¥nio//work_24;-30.058.206.265.565.100;-5.119.662.389.711.280;10.0
Santo Ant√¥nio//school_24;-30.058.672.865.644.800;-51.196.881.929.217.300;10.0
Santo Ant√¥nio//home_25;-30.059.317.603.447.200;-5.120.779.552.051.780;10.0
Santo Ant√¥nio//work_25;-30.059.438.559.282.200;-5.120.694.922.562.150;10.0
Santo Ant√¥nio//school_25;-30.058.966.651.277.200;-51.207.442.372.951.600;10.0
Santo Ant√¥nio//home_26;-3.005.560.498.469.690;-511.996.643.572.181;10.0
Santo Ant√¥nio//work_26;-30.055.771.038.749.200;-5.119.921.502.687.460;10.0
Santo Ant√¥nio//school_26;-3.005.526.737.602.640;-5.119.924.536.685.660;10.0
Santo Ant√¥nio//home_27;-30.056.053.220.717.700;-51.199.595.628.150.500;10.0
Santo Ant√¥nio//work_27;-30.056.294.193.933.400;-51.199.945.518.211.600;10.0
Santo Ant√¥nio//school_27;-300.562.367.940.948;-51.199.624.299.129.100;10.0
Santo Ant√¥nio//home_28;-30.055.988.879.499.800;-5.119.936.194.778.900;10.0
Santo Ant√¥nio//work_28;-30.055.870.222.631.700;-5.119.899.901.070.350;10.0
Santo Ant√¥nio//school_28;-30.055.954.712.745.500;-51.198.964.445.592.300;10.0
Santo Ant√¥nio//home_29;-30.056.463.319.047.600;-5.119.893.401.378.370;10.0
Santo Ant√¥nio//work_29;-30.056.509.266.623.600;-5.119.971.509.100.930;10.0
Santo Ant√¥nio//school_29;-3.005.635.316.111.170;-5.119.956.147.424.330;10.0
Santo Ant√¥nio//home_30;-3.005.629.793.263.420;-51.198.326.471.494.100;10.0
Santo Ant√¥nio//work_30;-30.056.131.687.737.100;-51.198.768.319.663.900;10.0
Santo Ant√¥nio//school_30;-30.056.512.403.752.400;-51.198.561.759.186.800;10.0
Santo Ant√¥nio//home_31;-30.056.907.813.571.200;-51.198.827.973.139.300;10.0
Santo Ant√¥nio//work_31;-300.567.240.415.776;-5.119.868.945.181.860;10.0
Santo Ant√¥nio//school_31;-30.056.914.162.270.700;-5.119.890.093.199.000;10.0
S√£o Caetano//home_0;-30.187.439.915.462.900;-51.087.100.181.488.600;10.0
S√£o Caetano//work_0;-30.187.675.017.421.000;-51.085.736.842.282.200;10.0
S√£o Caetano//school_0;-30.191.083.675.154.900;-51.089.608.190.173.100;10.0
S√£o Caetano//home_1;-30.188.100.601.311.300;-5.106.899.712.338.530;10.0
S√£o Caetano//work_1;-3.018.845.603.667.810;-5.106.369.381.165.270;10.0
S√£o Caetano//school_1;-30.189.613.007.797.900;-51.083.578.129.150.600;10.0
S√£o Caetano//home_2;-3.020.883.866.649.530;-5.109.730.101.025.700;10.0
S√£o Caetano//work_2;-30.206.059.671.235.000;-5.109.114.987.832.660;10.0
S√£o Caetano//school_2;-30.201.144.822.858.200;-51.109.105.692.023.100;10.0
S√£o Geraldo//home_0;-30.004.751.805.795.200;-5.120.594.013.877.520;3.9
S√£o Geraldo//work_0;-3.000.529.052.895.700;-51.203.844.511.930.300;4.0
S√£o Geraldo//school_0;-30.006.185.092.653.800;-5.120.328.878.206.070;4.2
S√£o Geraldo//home_1;-3.000.702.118.304.280;-5.119.680.354.558.790;4.0
S√£o Geraldo//work_1;-3.000.642.174.601.780;-5.119.808.937.980.140;4.1
S√£o Geraldo//school_1;-3.000.639.207.681.300;-51.197.717.901.166.800;3.8
S√£o Geraldo//home_2;-3.000.933.218.229.600;-5.119.384.882.488.160;5.4
S√£o Geraldo//work_2;-30.010.094.426.421.600;-5.119.410.005.900.310;6.1
S√£o Geraldo//school_2;-30.008.724.617.600.300;-5.119.335.363.343.720;5.3
S√£o Geraldo//home_3;-30.008.805.329.474.500;-5.119.818.794.473.400;4.4
S√£o Geraldo//work_3;-30.008.304.735.637.000;-511.988.169.564.343;4.4
S√£o Geraldo//school_3;-3.000.856.930.955.070;-5.119.850.279.270.180;4.4
S√£o Geraldo//home_4;-30.007.595.566.018.900;-5.120.238.702.526.940;4.3
S√£o Geraldo//work_4;-30.007.196.055.801.700;-51.202.184.753.397.500;4.1
S√£o Geraldo//school_4;-30.007.957.169.895.800;-5.120.141.381.703.490;4.4
S√£o Geraldo//home_5;-30.008.135.216.632.200;-51.201.670.696.015.700;4.4
S√£o Geraldo//work_5;-3.000.864.988.459.340;-5.120.119.152.594.920;4.4
S√£o Geraldo//school_5;-3.000.878.358.301.790;-51.202.122.458.168.200;4.2
S√£o Geraldo//home_6;-30.011.642.405.272.500;-5.119.425.690.649.490;6.4
S√£o Geraldo//work_6;-30.011.492.150.257.400;-5.119.523.764.989.350;5.2
S√£o Geraldo//school_6;-30.009.890.227.026.900;-5.119.875.487.482.610;4.4
S√£o Geraldo//home_7;-30.013.557.751.298.900;-5.119.524.093.401.060;6.6
S√£o Geraldo//work_7;-30.012.403.084.026.500;-5.119.721.348.577.820;4.0
S√£o Geraldo//school_7;-3.001.248.093.671.830;-5.119.499.342.251.350;6.7
S√£o Geraldo//home_8;-30.011.974.283.419.900;-5.119.949.016.947.320;3.9
S√£o Geraldo//work_8;-30.011.948.803.177.800;-5.120.050.689.022.280;3.9
S√£o Geraldo//school_8;-300.119.972.417.541;-51.198.678.410.558.000;3.9
S√£o Geraldo//home_9;-30.009.365.871.450.000;-5.120.341.287.250.910;3.8
S√£o Geraldo//work_9;-30.009.346.661.812.200;-5.120.459.877.453.840;4.0
S√£o Geraldo//school_9;-30.011.810.378.916.600;-5.120.074.621.752.400;3.9
S√£o Geraldo//home_10;-30.008.360.817.446.500;-5.121.024.967.849.520;3.3
S√£o Geraldo//work_10;-3.000.729.272.149.050;-5.121.103.521.809.900;3.0
S√£o Geraldo//school_10;-30.012.632.630.291.100;-51.206.754.905.061.300;3.6
S√£o Geraldo//home_11;-3.000.894.952.887.270;-5.120.672.111.554.070;3.4
S√£o Geraldo//work_11;-30.008.821.529.436.400;-5.120.713.661.005.890;3.4
S√£o Geraldo//school_11;-30.009.939.783.933.900;-5.120.609.252.843.590;3.8
S√£o Geraldo//home_12;-3.001.477.671.375.720;-5.120.050.426.647.050;4.6
S√£o Geraldo//work_12;-30.011.958.122.141.400;-5.120.475.252.506.050;3.6
S√£o Geraldo//school_12;-30.012.382.520.731.300;-5.120.472.582.337.170;3.6
S√£o Geraldo//home_13;-30.013.339.058.780.600;-51.200.371.103.028.600;3.9
S√£o Geraldo//work_13;-3.001.246.294.751.380;-5.120.018.005.702.120;3.9
S√£o Geraldo//school_13;-30.011.507.881.830.600;-51.202.834.291.949.800;3.8
S√£o Geraldo//home_14;-30.013.788.177.071.900;-511.971.544.810.325;4.4
S√£o Geraldo//work_14;-30.014.481.453.116.400;-5.119.838.161.918.270;4.3
S√£o Geraldo//school_14;-30.013.904.522.488.400;-5.119.712.732.691.780;4.4
S√£o Geraldo//home_15;-30.015.341.147.124.600;-5.119.716.470.202.550;6.9
S√£o Geraldo//work_15;-300.149.050.368.228;-5.119.991.520.988.400;4.5
S√£o Geraldo//school_15;-30.015.714.350.424.400;-51.197.121.623.526.400;6.9
S√£o Geraldo//home_16;-3.001.581.961.728.900;-5.119.692.319.332.190;8.0
S√£o Geraldo//work_16;-3.001.558.217.453.690;-5.119.649.349.052.740;7.8
S√£o Geraldo//school_16;-300.150.879.436.445;-5.119.615.566.575.040;7.8
S√£o Geraldo//home_17;-30.012.916.388.044.800;-5.120.402.860.396.040;3.5
S√£o Geraldo//work_17;-3.001.353.182.956.710;-5.120.410.601.804.410;3.8
S√£o Geraldo//school_17;-30.013.721.330.359.900;-5.120.355.785.405.120;3.9
S√£o Geraldo//home_18;-30.008.490.709.863.400;-5.120.753.032.043.830;3.5
S√£o Geraldo//work_18;-30.008.067.719.238.900;-5.120.802.023.481.540;3.3
S√£o Geraldo//school_18;-3.000.819.517.793.380;-5.120.765.798.466.740;3.5
S√£o Geraldo//home_19;-30.008.566.828.744.900;-5.120.582.239.332.590;3.6
S√£o Geraldo//work_19;-30.008.764.828.837.100;-5.120.644.453.988.460;3.4
S√£o Geraldo//school_19;-30.007.976.306.702.000;-51.206.100.493.987.000;3.9
S√£o Geraldo//home_20;-30.009.399.272.121.800;-5.120.230.271.768.480;4.2
S√£o Geraldo//work_20;-30.010.157.714.755.000;-5.120.041.612.451.210;4.1
S√£o Geraldo//school_20;-3.001.053.678.013.250;-5.119.776.931.964.970;4.8
S√£o Jo√£o//home_0;-30.017.389.236.931.100;-5.119.319.503.860.690;10.0
S√£o Jo√£o//work_0;-3.001.618.363.167.260;-5.119.235.292.531.370;10.0
S√£o Jo√£o//school_0;-3.001.607.026.639.380;-5.119.290.065.993.230;10.0
S√£o Jo√£o//home_1;-3.001.737.821.886.220;-5.119.597.137.336.580;10.0
S√£o Jo√£o//work_1;-30.016.861.256.117.600;-51.196.371.779.545.600;9.0
S√£o Jo√£o//school_1;-3.001.693.472.484.510;-5.119.663.073.670.990;9.0
S√£o Jo√£o//home_2;-30.015.951.728.294.400;-51.194.654.883.714.800;10.0
S√£o Jo√£o//work_2;-3.001.574.266.634.000;-5.119.508.690.348.230;9.6
S√£o Jo√£o//school_2;-30.016.365.874.196.000;-5.119.653.671.277.500;8.6
S√£o Jo√£o//home_3;-3.001.584.649.272.500;-5.119.335.267.004.280;10.0
S√£o Jo√£o//work_3;-3.001.565.275.961.800;-51.193.431.686.424;10.0
S√£o Jo√£o//school_3;-3.001.481.574.901.070;-5.119.472.794.776.630;8.7
S√£o Jo√£o//home_4;-3.001.234.777.815.540;-51.193.436.910.989.500;10.0
S√£o Jo√£o//work_4;-3.001.304.436.114.470;-5.119.354.502.339.040;10.0
S√£o Jo√£o//school_4;-30.012.579.736.679.400;-51.193.903.854.572.700;9.4
S√£o Jo√£o//home_5;-3.001.170.340.236.780;-51.192.675.572.134.200;10.0
S√£o Jo√£o//work_5;-30.013.741.443.396.900;-5.119.160.343.343.330;10.0
S√£o Jo√£o//school_5;-30.010.892.964.956.500;-51.192.609.025.974.400;8.9
S√£o Jo√£o//home_6;-30.012.379.304.655.600;-51.190.763.475.876.600;10.0
S√£o Jo√£o//work_6;-30.011.402.537.669.500;-5.119.207.585.937.550;10.0
S√£o Jo√£o//school_6;-30.010.860.176.527.400;-51.191.622.297.845.300;10.0
S√£o Jo√£o//home_7;-30.010.617.456.026.300;-5.119.267.660.471.850;9.1
S√£o Jo√£o//work_7;-30.010.163.148.821.900;-51.191.788.757.949.800;10.0
S√£o Jo√£o//school_7;-3.000.979.298.734.490;-5.119.123.849.232.890;10.0
S√£o Jo√£o//home_8;-30.012.131.986.718.500;-51.189.280.145.422.900;10.0
S√£o Jo√£o//work_8;-30.010.202.115.856.300;-51.189.675.770.190.900;10.0
S√£o Jo√£o//school_8;-3.001.161.858.295.230;-5.118.958.268.294.160;10.0
S√£o Jo√£o//home_9;-3.000.810.280.329.530;-51.188.834.232.067.200;10.0
S√£o Jo√£o//work_9;-300.080.909.200.177;-5.118.810.424.310.940;10.0
S√£o Jo√£o//school_9;-3.000.788.225.958.210;-511.882.513.395.258;10.0
S√£o Jo√£o//home_10;-30.011.484.229.879.200;-5.118.593.820.232.470;10.0
S√£o Jo√£o//work_10;-30.007.997.189.591.200;-5.118.671.075.309.470;10.0
S√£o Jo√£o//school_10;-3.001.166.594.267.410;-5.118.685.145.900.000;10.0
S√£o Jo√£o//home_11;-30.010.622.175.704.700;-51.185.461.178.221.000;10.0
S√£o Jo√£o//work_11;-30.010.461.050.452.600;-5.118.535.812.215.450;10.0
S√£o Jo√£o//school_11;-300.082.130.198.179;-5.118.577.063.021.090;8.9
S√£o Jo√£o//home_12;-30.009.700.031.593.100;-51.184.115.831.570.000;10.0
S√£o Jo√£o//work_12;-30.011.495.687.346.100;-51.184.430.184.323.400;10.0
S√£o Jo√£o//school_12;-30.008.929.929.700.200;-51.183.560.487.266.400;8.4
S√£o Jo√£o//home_13;-30.010.821.589.012.300;-5.118.242.556.215.660;10.0
S√£o Jo√£o//work_13;-30.010.741.058.154.300;-5.118.252.313.913.390;10.0
S√£o Jo√£o//school_13;-3.001.138.264.214.170;-5.118.333.967.271.480;10.0
S√£o Jo√£o//home_14;-30.008.275.208.976.100;-5.118.359.472.190.730;8.0
S√£o Jo√£o//work_14;-3.000.753.897.239.550;-5.118.478.057.517.750;5.7
S√£o Jo√£o//school_14;-3.000.767.763.853.960;-51.184.910.205.010.900;5.7
S√£o Jo√£o//home_15;-3.000.580.042.255.180;-5.118.351.977.346.630;6.0
S√£o Jo√£o//work_15;-30.006.572.791.873.200;-5.118.257.036.322.710;5.9
S√£o Jo√£o//school_15;-30.003.278.660.194.200;-5.118.284.139.407.450;3.6
S√£o Jo√£o//home_16;-3.000.709.064.383.010;-5.118.645.803.976.340;7.8
S√£o Jo√£o//work_16;-3.000.317.996.182.600;-51.186.524.690.544.500;4.2
S√£o Jo√£o//school_16;-30.007.055.012.759.400;-5.118.751.846.534.280;8.1
S√£o Jo√£o//home_17;-30.006.039.746.880.700;-51.188.454.884.191.600;5.6
S√£o Jo√£o//work_17;-3.000.617.176.956.750;-5.118.811.996.138.170;6.3
S√£o Jo√£o//school_17;-30.005.148.921.270.600;-51.188.150.709.023.400;5.4
S√£o Jo√£o//home_18;-3.000.702.927.980.050;-51.189.099.465.840.500;5.9
S√£o Jo√£o//work_18;-30.006.254.533.644.700;-51.188.992.774.182.100;5.2
S√£o Jo√£o//school_18;-30.005.723.350.120.900;-5.118.993.338.620.840;4.7
S√£o Jo√£o//home_19;-30.007.010.150.533.200;-5.119.203.896.366.220;4.1
S√£o Jo√£o//work_19;-3.000.654.721.461.180;-51.192.469.991.662.400;4.1
S√£o Jo√£o//school_19;-30.007.198.730.726.400;-5.119.341.533.101.170;4.1
S√£o Jo√£o//home_20;-3.000.470.260.175.690;-5.118.935.210.147.480;4.1
S√£o Jo√£o//work_20;-30.003.234.536.391.100;-5.118.988.976.112.180;3.7
S√£o Jo√£o//school_20;-3.000.453.515.308.700;-5.119.031.139.773.830;3.7
S√£o Jo√£o//home_21;-30.005.831.084.550.100;-51.192.828.872.945.700;4.2
S√£o Jo√£o//work_21;-3.000.552.287.491.450;-5.119.191.097.220.170;4.2
S√£o Jo√£o//school_21;-30.004.982.535.923.400;-5.119.081.499.057.520;3.9
S√£o Jo√£o//home_22;-29.994.304.714.541.800;-5.118.654.807.108.580;3.0
S√£o Jo√£o//work_22;-29.998.110.233.058.700;-5.118.807.764.199.520;3.5
S√£o Jo√£o//school_22;-299.977.533.695.247;-5.118.918.438.838.430;3.9
S√£o Jo√£o//home_23;-30.012.598.639.861.100;-5.118.991.703.674.050;10.0
S√£o Jo√£o//work_23;-30.012.206.428.156.800;-5.119.047.069.520.220;10.0
S√£o Jo√£o//school_23;-30.012.810.246.306.600;-5.118.945.344.868.630;10.0
S√£o Jo√£o//home_24;-3.001.082.409.842.420;-51.191.233.751.813.500;10.0
S√£o Jo√£o//work_24;-30.011.692.826.139.000;-5.118.981.574.833.280;10.0
S√£o Jo√£o//school_24;-30.010.502.807.482.400;-5.119.124.278.701.150;10.0
S√£o Sebasti√£o//home_0;-29.999.165.572.097.600;-5.114.666.088.514.550;10.0
S√£o Sebasti√£o//work_0;-29.998.170.308.518.400;-5.114.652.902.706.520;7.5
S√£o Sebasti√£o//school_0;-2.999.945.686.490.860;-5.114.626.164.767.780;10.0
S√£o Sebasti√£o//home_1;-3.000.126.417.998.890;-5.114.728.399.444.210;10.0
S√£o Sebasti√£o//work_1;-3.000.135.902.494.220;-51.147.263.527.017.300;10.0
S√£o Sebasti√£o//school_1;-3.000.153.186.030.020;-5.114.713.256.943.130;10.0
S√£o Sebasti√£o//home_2;-30.004.063.656.470.600;-5.114.725.354.264.150;10.0
S√£o Sebasti√£o//work_2;-3.000.309.205.548.850;-5.114.726.296.083.820;10.0
S√£o Sebasti√£o//school_2;-30.003.333.407.719.500;-51.147.010.787.187.900;10.0
S√£o Sebasti√£o//home_3;-30.000.894.468.291.900;-51.146.627.784.914.200;10.0
S√£o Sebasti√£o//work_3;-3.000.162.731.022.100;-511.465.559.571.765;10.0
S√£o Sebasti√£o//school_3;-30.001.207.681.365.200;-51.146.581.564.997.500;10.0
S√£o Sebasti√£o//home_4;-2.999.917.491.251.890;-511.456.071.929.639;10.0
S√£o Sebasti√£o//work_4;-30.000.365.121.165.700;-5.114.539.365.475.790;10.0
S√£o Sebasti√£o//school_4;-3.000.332.185.581.320;-5.114.647.635.435.190;10.0
S√£o Sebasti√£o//home_5;-29.998.080.590.599.400;-5.114.299.093.467.940;7.0
S√£o Sebasti√£o//work_5;-2.999.821.203.385.840;-51.144.596.887.049.800;8.1
S√£o Sebasti√£o//school_5;-3.000.061.574.105.400;-51.143.360.040.494.000;10.0
S√£o Sebasti√£o//home_6;-30.002.025.952.723.700;-5.114.331.594.061.190;10.0
S√£o Sebasti√£o//work_6;-30.003.327.384.967.700;-5.114.297.848.394.660;10.0
S√£o Sebasti√£o//school_6;-30.001.544.510.715.900;-5.114.424.957.736.080;10.0
S√£o Sebasti√£o//home_7;-30.006.516.408.312.300;-51.143.725.922.287.500;10.0
S√£o Sebasti√£o//work_7;-3.000.618.783.132.100;-5.114.341.308.861.900;10.0
S√£o Sebasti√£o//school_7;-30.005.016.766.851.900;-51.143.601.850.336.100;10.0
S√£o Sebasti√£o//home_8;-3.000.497.446.045.430;-511.450.429.108.008;10.0
S√£o Sebasti√£o//work_8;-3.000.561.965.456.010;-5.114.530.480.578.660;10.0
S√£o Sebasti√£o//school_8;-30.006.992.467.087.900;-51.146.569.407.424.600;10.0
S√£o Sebasti√£o//home_9;-30.004.501.876.458.300;-51.145.120.868.474.200;10.0
S√£o Sebasti√£o//work_9;-30.005.701.735.628.300;-5.114.669.801.622.890;10.0
S√£o Sebasti√£o//school_9;-30.005.602.465.779.900;-5.114.658.922.601.620;10.0
S√£o Sebasti√£o//home_10;-30.006.979.865.236.300;-5.114.859.157.669.750;10.0
S√£o Sebasti√£o//work_10;-30.006.809.303.332.400;-51.147.890.126.491.800;10.0
S√£o Sebasti√£o//school_10;-3.000.652.137.296.800;-5.114.837.931.339.590;10.0
S√£o Sebasti√£o//home_11;-3.000.141.375.691.080;-5.114.097.333.678.980;10.0
S√£o Sebasti√£o//work_11;-30.003.677.390.884.500;-5.114.093.054.641.740;10.0
S√£o Sebasti√£o//school_11;-29.999.097.651.019.600;-5.114.060.022.035.330;10.0
S√£o Sebasti√£o//home_12;-30.006.700.625.843.500;-5.114.250.419.625.690;10.0
S√£o Sebasti√£o//work_12;-30.006.141.979.595.900;-5.114.158.677.518.770;10.0
S√£o Sebasti√£o//school_12;-30.007.998.107.937.600;-5.114.215.246.411.690;10.0
S√£o Sebasti√£o//home_13;-30.007.417.739.189.000;-5.114.732.000.442.800;10.0
S√£o Sebasti√£o//work_13;-300.077.129.127.507;-5.114.671.706.072.150;10.0
S√£o Sebasti√£o//school_13;-30.007.385.203.319.000;-5.114.643.868.260.590;10.0
S√£o Sebasti√£o//home_14;-3.000.865.175.964.150;-51.148.319.514.929.100;10.0
S√£o Sebasti√£o//work_14;-3.000.976.308.241.060;-5.114.756.867.099.100;10.0
S√£o Sebasti√£o//school_14;-30.009.135.260.310.900;-5.114.800.417.181.860;10.0
S√£o Sebasti√£o//home_15;-30.008.580.164.362.900;-5.114.451.667.275.890;10.0
S√£o Sebasti√£o//work_15;-30.008.819.284.586.300;-51.145.799.243.941.900;10.0
S√£o Sebasti√£o//school_15;-3.000.933.026.843.420;-51.145.030.864.079.500;10.0
Sarandi//home_0;-29.984.110.575.377.900;-5.113.847.599.013.090;3.0
Sarandi//work_0;-29.988.815.613.162.500;-51.137.649.909.339.900;3.8
Sarandi//school_0;-2.998.936.905.633.570;-511.377.483.145.366;3.7
Sarandi//home_1;-29.982.078.803.549.900;-51.137.783.241.397.300;3.1
Sarandi//work_1;-2.998.575.264.194.160;-5.113.757.181.732.290;3.8
Sarandi//school_1;-29.981.595.201.653.300;-5.113.771.748.848.640;3.0
Sarandi//home_2;-29.988.478.690.151.100;-51.136.884.161.166.900;4.6
Sarandi//work_2;-29.984.818.272.524.100;-5.113.725.908.101.450;3.4
Sarandi//school_2;-29.982.678.037.162.600;-5.113.754.794.078.230;3.1
Sarandi//home_3;-2.997.859.440.210.070;-5.113.584.032.529.960;3.0
Sarandi//work_3;-29.978.603.803.452.000;-5.113.765.327.167.230;3.0
Sarandi//school_3;-29.978.838.221.537.200;-5.113.407.450.919.090;3.0
Sarandi//home_4;-29.978.682.296.442.500;-511.293.404.697.143;3.0
Sarandi//work_4;-29.977.922.815.008.800;-51.130.544.069.631.600;3.0
Sarandi//school_4;-29.978.648.252.520.100;-5.113.362.323.376.700;3.0
Sarandi//home_5;-29.979.582.333.866.300;-5.113.255.944.798.620;3.0
Sarandi//work_5;-29.979.089.535.980.600;-51.130.602.917.564.600;3.0
Sarandi//school_5;-2.997.925.315.453.990;-5.113.112.361.526.960;3.0
Sarandi//home_6;-29.978.751.967.973.800;-5.112.604.033.303.460;3.0
Sarandi//work_6;-29.978.876.031.340.400;-5.112.526.809.575.460;3.0
Sarandi//school_6;-29.979.278.166.094.200;-5.112.705.500.934.320;3.0
Sarandi//home_7;-29.981.744.122.018.300;-51.126.989.949.191.100;3.1
Sarandi//work_7;-2.998.162.312.755.410;-51.126.978.682.929.000;3.1
Sarandi//school_7;-29.980.417.122.766.700;-51.127.092.173.941.800;3.0
Sarandi//home_8;-29.981.849.850.984.400;-5.112.934.529.532.270;3.4
Sarandi//work_8;-2.998.157.163.466.430;-5.112.960.225.777.080;3.3
Sarandi//school_8;-29.982.043.246.620.000;-5.112.854.882.867.880;3.2
Sarandi//home_9;-2.998.065.931.563.480;-51.130.146.409.124.700;3.3
Sarandi//work_9;-29.979.914.884.866.600;-51.130.543.419.130.800;3.0
Sarandi//school_9;-29.982.269.034.378.400;-51.130.192.502.401.900;3.8
Sarandi//home_10;-2.997.997.239.309.080;-5.113.368.313.712.050;3.0
Sarandi//work_10;-29.980.133.846.725.800;-5.113.340.654.687.660;3.0
Sarandi//school_10;-2.998.011.731.452.320;-511.330.458.287.566;3.0
Sarandi//home_11;-2.998.084.773.782.740;-5.113.415.893.037.280;3.0
Sarandi//work_11;-29.979.925.503.443.100;-51.134.294.693.901.800;3.0
Sarandi//school_11;-29.980.783.690.391.900;-5.113.378.094.979.970;3.0
Sarandi//home_12;-29.980.896.784.011.800;-51.134.856.794.258.400;3.0
Sarandi//work_12;-29.980.587.127.562.000;-51.134.799.104.635.400;3.0
Sarandi//school_12;-29.980.735.055.146.300;-5.113.555.236.178.200;3.0
Sarandi//home_13;-29.981.498.181.886.900;-51.137.291.697.349.700;3.0
Sarandi//work_13;-2.998.094.438.789.830;-51.136.570.285.150.000;3.0
Sarandi//school_13;-29.980.128.348.091.900;-5.113.734.873.221.910;3.0
Sarandi//home_14;-29.982.987.513.984.900;-5.113.505.091.862.960;3.0
Sarandi//work_14;-29.982.501.255.777.300;-51.134.579.124.594.300;3.6
Sarandi//school_14;-29.981.615.535.459.200;-5.113.697.148.977.180;3.1
Sarandi//home_15;-29.984.358.139.783.700;-51.135.465.992.873.300;3.8
Sarandi//work_15;-2.998.345.414.150.450;-51.135.854.357.407.200;3.1
Sarandi//school_15;-29.983.451.275.163.900;-5.113.592.480.547.720;3.1
Sarandi//home_16;-29.983.156.740.056.000;-511.342.391.526.665;3.7
Sarandi//work_16;-2.998.395.950.674.710;-5.113.385.334.024.860;4.0
Sarandi//school_16;-29.984.532.257.990.800;-5.113.488.156.847.610;4.0
Sarandi//home_17;-29.983.411.437.987.400;-5.113.068.655.821.280;3.9
Sarandi//work_17;-29.984.438.918.827.900;-51.131.209.995.090.600;4.7
Sarandi//school_17;-29.984.096.430.698;-5.113.085.982.516.850;4.1
Sarandi//home_18;-29.983.619.645.282.400;-51.130.290.656.165.500;4.1
Sarandi//work_18;-299.836.203.879.959;-5.112.821.458.428.350;3.3
Sarandi//school_18;-29.984.128.848.071.500;-5.112.845.372.831.960;3.6
Sarandi//home_19;-29.983.616.801.705.500;-51.127.911.727.703.000;3.4
Sarandi//work_19;-29.983.925.498.658.100;-5.112.761.529.440.860;3.4
Sarandi//school_19;-29.983.752.553.766.800;-5.112.754.181.373.360;3.4
Sarandi//home_20;-2.997.949.931.698.020;-5.111.779.896.810.570;3.0
Sarandi//work_20;-2.998.127.860.773.580;-5.111.821.217.945.840;3.3
Sarandi//school_20;-29.983.151.554.811.100;-5.111.952.021.782.420;4.4
Sarandi//home_21;-29.983.301.517.988.400;-5.111.402.906.542.450;4.9
Sarandi//work_21;-29.984.356.560.996.000;-51.111.989.178.619.200;5.0
Sarandi//school_21;-29.982.612.597.035.700;-511.134.470.129.461;4.2
Sarandi//home_22;-29.983.422.556.031.400;-5.111.649.020.227.390;3.8
Sarandi//work_22;-29.986.281.312.232.500;-51.118.282.797.853.000;4.6
Sarandi//school_22;-2.998.476.110.475.570;-5.111.679.475.544.490;3.7
Sarandi//home_23;-29.988.817.322.858.000;-5.112.317.798.497.110;4.7
Sarandi//work_23;-299.871.004.081.744;-51.119.252.473.570.000;5.2
Sarandi//school_23;-29.986.976.775.288.400;-51.119.958.161.330.600;4.9
Sarandi//home_24;-2.998.550.395.995.280;-51.123.752.248.212.500;4.4
Sarandi//work_24;-29.988.610.991.396.100;-51.125.305.565.651.100;4.9
Sarandi//school_24;-2.998.741.463.174.370;-51.124.681.194.817.600;4.7
Sarandi//home_25;-2.998.599.932.632.920;-51.125.877.503.348.900;4.4
Sarandi//work_25;-29.985.994.489.532.900;-51.124.846.606.551.500;4.5
Sarandi//school_25;-29.984.679.447.694.900;-5.112.541.401.110.540;4.0
Sarandi//home_26;-29.985.376.570.941.400;-5.112.784.592.724.830;4.4
Sarandi//work_26;-2.998.542.114.997.870;-5.112.747.008.770.690;4.1
Sarandi//school_26;-29.986.940.359.724.200;-5.112.860.540.265.590;4.8
Sarandi//home_27;-29.987.931.911.966.500;-5.113.045.387.599.180;5.5
Sarandi//work_27;-2.998.466.110.525.200;-51.128.987.023.317.900;4.3
Sarandi//school_27;-299.864.886.962.997;-5.112.972.242.545.510;4.6
Sarandi//home_28;-2.998.575.540.702.300;-5.113.048.916.511.940;4.9
Sarandi//work_28;-2.998.583.226.331.930;-5.113.014.960.765.470;4.9
Sarandi//school_28;-2.998.570.095.524.100;-5.113.023.501.099.090;4.9
Sarandi//home_29;-2.998.601.565.611.870;-5.113.382.943.738.570;4.6
Sarandi//work_29;-2.998.728.450.942.100;-51.132.269.892.212.700;5.7
Sarandi//school_29;-29.987.230.479.248.600;-5.113.338.367.677.450;5.7
Sarandi//home_30;-29.985.635.519.204.900;-51.136.131.331.414.300;3.9
Sarandi//work_30;-29.985.398.675.832.900;-5.113.572.849.580.070;4.1
Sarandi//school_30;-29.986.104.299.844.200;-5.113.684.093.479.940;3.8
Sarandi//home_31;-29.986.639.870.570.800;-51.136.776.159.172.400;4.1
Sarandi//work_31;-2.998.769.786.681.470;-51.136.288.422.141.500;4.7
Sarandi//school_31;-2.998.653.392.171.210;-51.135.432.318.020.700;4.7
Sarandi//home_32;-29.990.588.753.728.400;-51.137.950.271.084.500;4.4
Sarandi//work_32;-29.992.426.248.083.100;-5.113.857.360.731.070;5.1
Sarandi//school_32;-29.991.465.816.554.200;-5.113.787.273.376.430;5.0
Sarandi//home_33;-2.999.170.394.903.300;-5.113.747.915.116.250;4.5
Sarandi//work_33;-2.998.966.610.890.850;-5.113.720.966.912.670;3.9
Sarandi//school_33;-29.992.588.412.490.400;-5.113.748.721.323.140;4.9
Sarandi//home_34;-2.999.441.895.370.060;-5.113.776.453.772.860;6.5
Sarandi//work_34;-2.999.414.056.274.170;-5.113.773.764.731.840;6.4
Sarandi//school_34;-29.993.722.028.846.300;-51.137.642.164.840.500;6.1
Sarandi//home_35;-299.924.536.105.231;-5.113.671.332.529.680;4.6
Sarandi//work_35;-29.993.271.216.874.000;-51.136.124.836.792.300;4.5
Sarandi//school_35;-2.999.312.263.985.100;-511.354.693.456.182;4.7
Sarandi//home_36;-2.999.356.015.100.590;-51.136.420.584.656.000;4.8
Sarandi//work_36;-2.999.088.279.860.030;-5.113.737.903.864.390;4.5
Sarandi//school_36;-29.991.785.071.518;-51.137.124.106.368.300;4.5
Sarandi//home_37;-2.999.029.885.496.600;-51.136.814.227.593.400;4.7
Sarandi//work_37;-29.988.880.674.763.100;-5.113.616.759.952.220;5.4
Sarandi//school_37;-2.999.167.658.582.310;-51.136.739.667.530.500;4.5
Sarandi//home_38;-29.989.637.421.357.000;-5.113.630.743.542.560;5.1
Sarandi//work_38;-29.991.183.623.307.000;-5.113.606.707.989.310;4.7
Sarandi//school_38;-29.989.617.670.902.800;-5.113.615.397.002.790;5.1
Sarandi//home_39;-2.999.064.963.905.100;-5.113.357.760.992.520;5.9
Sarandi//work_39;-2.999.121.475.086.170;-5.113.545.653.754.770;4.7
Sarandi//school_39;-29.990.543.509.011.800;-51.133.507.730.594.100;5.9
Sarandi//home_40;-29.989.164.298.334.200;-51.132.419.686.487.800;5.8
Sarandi//work_40;-2.998.927.690.053.190;-51.132.440.292.652.500;5.8
Sarandi//school_40;-29.990.022.079.446.600;-5.113.197.977.539.860;5.6
Sarandi//home_41;-2.998.920.422.579.730;-5.112.892.622.767.160;5.4
Sarandi//work_41;-29.988.125.940.799.100;-511.264.288.120.984;4.5
Sarandi//school_41;-2.998.984.494.407.670;-5.112.654.777.772.500;5.5
Sarandi//home_42;-299.903.298.318.497;-5.112.605.592.328.860;5.5
Sarandi//work_42;-2.999.013.266.726.040;-51.125.284.664.047.500;5.2
Sarandi//school_42;-2.998.953.560.172.570;-51.126.139.911.137.200;5.2
Sarandi//home_43;-29.993.571.756.051.200;-511.264.724.507.217;7.9
Sarandi//work_43;-2.999.117.519.126.410;-5.112.598.954.282.690;6.6
Sarandi//school_43;-2.999.303.083.304.780;-5.112.597.421.861.730;7.5
Sarandi//home_44;-2.998.942.393.314.890;-511.216.442.891.899;5.1
Sarandi//work_44;-2.999.002.304.702.020;-5.112.141.406.169.280;5.0
Sarandi//school_44;-29.988.968.916.950.000;-511.212.927.611.639;4.8
Sarandi//home_45;-2.999.106.905.969.120;-5.112.198.953.704.510;5.7
Sarandi//work_45;-2.999.037.736.198.420;-5.112.185.785.005.880;5.5
Sarandi//school_45;-29.990.642.163.875.100;-511.219.212.880.282;5.8
Sarandi//home_46;-29.989.398.855.911.600;-51.120.160.454.969.500;5.4
Sarandi//work_46;-29.990.218.971.873.800;-5.112.094.857.606.380;5.1
Sarandi//school_46;-2.998.970.263.806.620;-5.111.988.612.494.590;5.6
Sarandi//home_47;-2.999.297.343.601.020;-5.112.037.869.195.610;7.8
Sarandi//work_47;-2.999.277.428.403.140;-5.111.967.071.300.890;8.2
Sarandi//school_47;-29.993.020.938.829.800;-5.111.969.215.189.050;8.6
Sarandi//home_48;-29.987.716.883.816.600;-5.111.764.880.782.140;5.4
Sarandi//work_48;-29.992.086.432.031.400;-51.118.231.747.304.900;8.4
Sarandi//school_48;-29.988.278.460.739.200;-511.182.189.592.843;6.3
Sarandi//home_49;-29.990.733.226.228.700;-51.114.429.384.810.900;8.1
Sarandi//work_49;-29.992.106.353.596.100;-51.113.434.594.656.300;8.3
Sarandi//school_49;-29.988.891.110.754.700;-5.111.472.725.563.070;6.5
Sarandi//home_50;-29.987.820.020.424.700;-5.111.479.991.567.450;5.3
Sarandi//work_50;-2.998.699.573.887.800;-51.114.240.680.985.400;5.5
Sarandi//school_50;-29.985.793.966.345.300;-511.140.255.331.843;5.4
Sarandi//home_51;-29.985.137.015.632.300;-51.111.816.605.951.500;5.0
Sarandi//work_51;-2.998.585.527.112.280;-5.111.233.126.574.500;5.6
Sarandi//school_51;-2.998.546.802.873.060;-5.111.218.807.248.880;5.3
Sarandi//home_52;-2.998.822.933.629.750;-5.111.310.826.905.740;6.3
Sarandi//work_52;-29.991.715.632.823.800;-5.111.288.104.669.630;7.8
Sarandi//school_52;-29.991.072.768.482.500;-5.111.300.851.795.410;7.9
Sarandi//home_53;-29.988.730.722.851.100;-5.111.247.814.362.540;6.7
Sarandi//work_53;-29.986.957.481.983.800;-5.111.249.459.602.150;5.8
Sarandi//school_53;-29.987.829.107.570.700;-51.112.402.192.570.400;6.2
Sarandi//home_54;-2.999.878.197.932.220;-5.112.224.817.665.000;10.0
Sarandi//work_54;-29.999.842.887.063.400;-5.112.375.251.906.240;10.0
Sarandi//school_54;-2.999.983.850.629.140;-51.122.626.836.307.400;10.0
Sarandi//home_55;-29.994.695.038.016.700;-5.112.516.895.325.550;8.7
Sarandi//work_55;-29.994.277.957.853.700;-5.112.401.338.291.810;8.3
Sarandi//school_55;-2.999.657.362.177.350;-5.112.535.785.553.050;9.5
Sarandi//home_56;-29.992.197.780.464.000;-5.112.894.237.909.690;7.0
Sarandi//work_56;-29.992.599.033.924.300;-5.112.814.832.470.070;7.5
Sarandi//school_56;-29.993.037.322.746.100;-5.112.912.294.409.750;7.6
Sarandi//home_57;-29.992.748.868.833.600;-5.113.019.091.727.870;7.2
Sarandi//work_57;-29.993.872.369.295.200;-51.130.077.263.345.100;7.9
Sarandi//school_57;-29.995.261.807.322.100;-5.113.252.191.038.700;5.9
Sarandi//home_58;-29.991.798.594.230.400;-51.130.890.200.019.100;6.3
Sarandi//work_58;-2.999.230.708.192.930;-51.132.104.783.145.000;6.5
Sarandi//school_58;-2.999.243.803.944.800;-511.314.407.848.984;6.8
Sarandi//home_59;-2.999.169.274.432.660;-5.113.536.855.192.590;4.7
Sarandi//work_59;-29.992.262.085.026.200;-5.113.384.951.363.350;5.8
Sarandi//school_59;-2.999.134.354.571.620;-51.134.189.084.244.300;5.8
Sarandi//home_60;-29.993.344.068.533.400;-51.134.908.599.527.500;5.1
Sarandi//work_60;-29.993.038.751.503.900;-5.113.450.567.254.730;4.7
Sarandi//school_60;-29.993.231.111.625.700;-5.113.492.015.570.200;5.0
Sarandi//home_61;-299.941.023.960.432;-51.132.441.063.699.700;5.9
Sarandi//work_61;-29.994.093.051.941.200;-5.113.249.186.808.660;5.7
Sarandi//school_61;-2.999.407.300.236.830;-51.131.888.365.126.200;7.0
Sarandi//home_62;-29.996.573.737.812.400;-5.113.533.039.172.650;8.2
Sarandi//work_62;-29.994.992.515.497.500;-51.137.499.805.106.900;6.4
Sarandi//school_62;-29.998.285.191.664.000;-5.113.509.231.401.250;9.4
Sarandi//home_63;-2.999.818.280.413.670;-511.347.706.679.937;9.6
Sarandi//work_63;-29.996.176.305.224.100;-5.113.318.206.661.730;6.7
Sarandi//school_63;-29.996.707.826.055.600;-511.340.518.657.182;8.0
Sarandi//home_64;-29.996.318.179.478.700;-5.113.234.250.333.830;6.7
Sarandi//work_64;-29.998.116.085.665.500;-51.132.994.510.123.100;10.0
Sarandi//school_64;-29.995.881.314.313.500;-5.113.161.447.104.090;6.1
Sarandi//home_65;-2.999.949.978.319.950;-5.113.118.165.498.440;10.0
Sarandi//work_65;-2.999.973.900.444.290;-51.131.014.259.090.800;10.0
Sarandi//school_65;-30.002.524.875.509.600;-5.113.278.836.480.960;10.0
Sarandi//home_66;-30.000.363.205.206.900;-5.112.793.663.748.420;10.0
Sarandi//work_66;-2.999.854.097.922.260;-5.112.808.753.023.850;7.3
Sarandi//school_66;-3.000.025.230.959.290;-5.112.556.197.974.300;9.0
Sarandi//home_67;-30.000.472.818.317.600;-5.112.477.155.198.630;9.2
Sarandi//work_67;-30.001.215.976.650.100;-5.112.495.235.920.800;9.6
Sarandi//school_67;-29.997.152.441.532.500;-5.112.672.289.652.280;8.1
Sarandi//home_68;-30.002.307.840.531.100;-51.124.078.152.382.600;10.0
Sarandi//work_68;-29.998.528.059.726.900;-5.112.453.138.041.030;10.0
Sarandi//school_68;-29.996.266.048.296.800;-5.112.711.710.865.930;8.7
Sarandi//home_69;-30.001.527.349.736.400;-5.112.491.242.856.370;9.8
Sarandi//work_69;-30.001.907.322.774.500;-5.112.499.530.048.620;9.8
Sarandi//school_69;-30.001.872.172.883;-5.112.719.868.618.430;10.0
Sarandi//home_70;-3.000.000.072.379.580;-511.330.110.391.261;10.0
Sarandi//work_70;-3.000.084.212.424.860;-51.133.544.865.642.800;10.0
Sarandi//school_70;-29.999.730.404.289.300;-5.113.377.351.874.430;10.0
Sarandi//home_71;-29.998.848.219.532.400;-51.137.016.540.980.900;9.4
Sarandi//work_71;-29.999.311.837.529.800;-5.113.537.899.776.980;10.0
Sarandi//school_71;-30.001.391.977.169.800;-5.113.634.934.485.990;10.0
Sarandi//home_72;-30.008.255.190.701.600;-511.415.772.342.361;10.0
Sarandi//work_72;-300.075.901.225.733;-511.396.596.059.686;10.0
Sarandi//school_72;-30.008.288.783.550.100;-5.114.156.777.243.950;10.0
Sarandi//home_73;-30.006.682.819.531.400;-51.135.897.984.841.800;10.0
Sarandi//work_73;-30.007.000.315.824.800;-5.113.441.474.939.790;10.0
Sarandi//school_73;-3.000.558.171.905.270;-5.113.592.816.659.330;10.0
Sarandi//home_74;-30.002.978.924.683.100;-51.132.876.461.096.200;10.0
Sarandi//work_74;-3.000.361.583.426.420;-51.133.108.141.649.600;10.0
Sarandi//school_74;-30.003.089.345.075.300;-511.333.846.665.129;10.0
Sarandi//home_75;-3.000.281.259.421.730;-5.113.198.116.166.810;10.0
Sarandi//work_75;-30.002.993.788.097.300;-51.132.390.897.355.800;10.0
Sarandi//school_75;-30.003.505.281.857.200;-5.113.273.092.911.740;10.0
Sarandi//home_76;-30.004.942.764.798.400;-5.113.340.380.384.390;10.0
Sarandi//work_76;-3.000.497.642.001.940;-5.113.389.785.962.110;10.0
Sarandi//school_76;-30.005.574.143.387.900;-5.113.387.368.841.790;10.0
Sarandi//home_77;-30.006.453.192.545.400;-5.113.353.105.468.640;10.0
Sarandi//work_77;-30.006.729.918.787.300;-5.113.383.148.796.460;10.0
Sarandi//school_77;-30.006.717.213.137.500;-51.133.585.729.665.100;10.0
Sarandi//home_78;-3.000.667.909.423.350;-51.132.700.655.299.500;10.0
Sarandi//work_78;-30.006.719.478.077.500;-5.113.288.293.947.190;10.0
Sarandi//school_78;-30.006.757.670.223.900;-51.132.935.285.045.300;10.0
Sarandi//home_79;-30.008.330.537.407.800;-5.113.182.656.040.930;10.0
Sarandi//work_79;-30.007.130.050.337.900;-5.113.377.542.284.510;10.0
Sarandi//school_79;-30.008.520.066.354.700;-5.113.372.543.901.750;10.0
Sarandi//home_80;-30.010.629.809.653.800;-5.113.186.213.486.590;10.0
Sarandi//work_80;-30.009.714.099.265.600;-5.113.164.095.617.290;10.0
Sarandi//school_80;-30.009.192.996.261.500;-51.132.492.977.159.700;10.0
Sarandi//home_81;-30.010.181.356.595.800;-5.113.122.963.296.480;10.0
Sarandi//work_81;-30.009.125.965.746.900;-5.113.098.501.819.780;10.0
Sarandi//school_81;-30.010.136.198.937.500;-51.130.379.667.132.800;10.0
Sarandi//home_82;-3.000.429.024.535.150;-51.130.286.259.551.800;10.0
Sarandi//work_82;-30.004.290.219.139.100;-5.113.097.300.404.650;10.0
Sarandi//school_82;-3.000.542.631.416.900;-51.131.152.175.342.000;10.0
Sarandi//home_83;-3.000.336.667.556.760;-51.127.814.549.963.000;10.0
Sarandi//work_83;-30.003.554.512.569.500;-5.112.824.914.738.570;10.0
Sarandi//school_83;-30.001.293.283.702.700;-511.300.407.293.108;10.0
Sarandi//home_84;-30.004.364.376.923.600;-5.112.634.860.017.160;10.0
Sarandi//work_84;-30.004.535.188.355.100;-51.126.461.974.102.600;10.0
Sarandi//school_84;-30.004.323.056.611.100;-51.127.247.854.126.100;10.0
Sarandi//home_85;-3.000.474.915.110.750;-5.112.615.211.834.340;10.0
Sarandi//work_85;-30.004.137.384.110.000;-51.123.427.437.518.900;10.0
Sarandi//school_85;-3.000.500.087.551.640;-5.112.473.357.056.880;10.0
Sarandi//home_86;-2.997.683.069.683.750;-5.115.512.588.730.260;3.0
Sarandi//work_86;-2.997.247.034.308.180;-5.115.546.853.865.930;3.0
Sarandi//school_86;-29.981.067.046.125.000;-5.115.513.919.125.090;3.0
Sarandi//home_87;-2.999.771.076.307.570;-5.115.236.706.984.300;6.8
Sarandi//work_87;-2.999.759.484.776.160;-5.115.281.877.155.230;6.9
Sarandi//school_87;-29.997.822.303.760.000;-5.115.098.784.885.980;7.9
Sarandi//home_88;-30.003.460.443.292.500;-51.125.377.038.594.000;10.0
Sarandi//work_88;-30.003.156.245.159.500;-5.112.586.531.289.770;10.0
Sarandi//school_88;-30.002.677.206.972.600;-51.126.046.888.000.300;10.0
Sarandi//home_89;-3.001.013.626.183.200;-5.113.312.502.056.390;10.0
Sarandi//work_89;-30.009.823.677.924.600;-5.113.305.808.217.810;10.0
Sarandi//school_89;-30.010.002.460.936.200;-51.133.231.826.538.700;10.0
Sarandi//home_90;-3.000.782.344.364.320;-5.113.074.059.773.250;10.0
Sarandi//work_90;-30.007.208.673.520.000;-51.129.992.847.196.400;10.0
Sarandi//school_90;-30.009.788.878.670.200;-51.130.028.480.562.400;10.0
Sarandi//home_91;-29.996.185.759.858.500;-5.112.303.085.817.110;9.7
Sarandi//work_91;-29.998.373.150.532.200;-5.112.280.799.564.510;10.0
Sarandi//school_91;-29.996.659.301.782.800;-5.112.182.045.071.090;10.0
Sarandi//home_92;-30.001.590.782.319.400;-5.112.012.693.947.350;10.0
Sarandi//work_92;-30.000.716.848.965.500;-511.198.266.142.567;10.0
Sarandi//school_92;-30.000.543.897.248.600;-51.119.537.203.670.000;10.0
Sarandi//home_93;-2.997.807.672.447.290;-5.112.174.091.200.190;3.0
Sarandi//work_93;-29.979.126.286.024.300;-511.221.075.769.324;3.0
Sarandi//school_93;-29.979.122.955.934.000;-5.112.226.077.812.080;3.0
Sarandi//home_94;-29.992.933.468.758.400;-51.120.855.717.478.700;8.0
Sarandi//work_94;-2.999.258.321.178.620;-5.112.044.894.317.580;7.8
Sarandi//school_94;-299.912.056.214.311;-51.120.096.789.426.100;6.5
Sarandi//home_95;-29.999.751.100.921.100;-5.113.866.504.494.420;7.5
Sarandi//work_95;-29.998.118.123.284.200;-5.113.955.778.121.600;7.7
Sarandi//school_95;-3.000.320.110.092.220;-5.113.713.692.079.870;10.0
Sarandi//home_96;-2.997.863.207.299.050;-51.123.933.119.849.100;3.0
Sarandi//work_96;-29.978.266.582.533.600;-5.112.441.564.155.730;3.0
Sarandi//school_96;-29.979.991.866.839.500;-51.123.911.938.341.900;3.0
Sarandi//home_97;-2.997.980.594.105.190;-5.112.426.360.313.100;3.0
Sarandi//work_97;-29.980.031.017.576.300;-5.112.430.973.842.690;3.0
Sarandi//school_97;-29.979.418.035.296.200;-5.112.437.041.848.550;3.0
Sarandi//home_98;-29.980.921.282.442.700;-51.124.469.683.770.200;3.0
Sarandi//work_98;-29.981.569.230.361.300;-5.112.418.388.019.200;3.1
Sarandi//school_98;-2.998.198.501.331.520;-51.123.824.636.302.000;3.1
Sarandi//home_99;-29.978.831.619.600.400;-51.124.799.517.906.100;3.0
Sarandi//work_99;-2.998.057.246.433.000;-5.112.482.019.774.360;3.0
Sarandi//school_99;-2.998.153.175.874.590;-51.125.318.520.214.500;3.0
Sarandi//home_100;-30.005.785.877.972.100;-5.112.885.958.143.890;10.0
Sarandi//work_100;-30.006.034.502.520.300;-5.112.882.138.162.930;10.0
Sarandi//school_100;-30.005.776.609.726.100;-5.112.801.618.306.750;10.0
Sarandi//home_101;-3.001.112.281.296.060;-5.112.949.599.090.730;10.0
Sarandi//work_101;-30.009.067.247.880.400;-5.112.948.942.008.120;10.0
Sarandi//school_101;-30.011.191.168.356.500;-5.112.971.836.821.670;10.0
Sarandi//home_102;-29.961.391.906.841.200;-511.161.854.768.337;3.0
Sarandi//work_102;-2.998.101.475.681.950;-51.114.085.438.382.100;3.6
Sarandi//school_102;-29.964.881.257.159.600;-5.113.294.290.534.080;3.0
Sarandi//home_103;-30.004.445.337.467.400;-5.111.968.397.359.930;10.0
Sarandi//work_103;-3.000.475.657.155.030;-5.111.878.849.284.160;10.0
Sarandi//school_103;-30.005.045.126.837.900;-5.111.827.494.675.760;10.0
Sarandi//home_104;-29.969.807.617.946.700;-5.114.169.434.245.560;3.0
Sarandi//work_104;-29.987.765.423.154.800;-51.146.919.290.984.300;3.0
Sarandi//school_104;-29.984.756.546.069.900;-5.114.348.270.182.080;3.3
Sarandi//home_105;-30.000.133.408.313.900;-51.129.031.672.015.700;10.0
Sarandi//work_105;-3.000.019.016.344.260;-51.129.717.140.925.700;10.0
Sarandi//school_105;-29.999.395.709.391.900;-51.130.016.400.185.400;10.0
Sarandi//home_106;-29.997.335.605.865.800;-5.112.914.783.588.460;7.6
Sarandi//work_106;-29.995.545.834.995.200;-5.112.861.896.183.210;8.4
Sarandi//school_106;-29.997.798.306.691.600;-51.129.039.369.744.000;7.3
Sarandi//home_107;-29.982.874.612.554.600;-51.122.176.984.193.100;3.2
Sarandi//work_107;-29.980.292.604.901.500;-5.112.250.411.222.680;3.0
Sarandi//school_107;-29.982.295.400.540.400;-51.122.771.016.595.600;3.0
Sarandi//home_108;-29.987.230.524.485.100;-511.224.705.114.563;4.3
Sarandi//work_108;-29.986.585.901.096.400;-5.112.179.622.972.350;4.2
Sarandi//school_108;-2.998.690.834.559.060;-5.112.291.644.596.300;4.2
Sarandi//home_109;-3.000.902.380.708.350;-5.113.790.161.497.170;10.0
Sarandi//work_109;-30.009.113.634.312.500;-5.113.760.363.658.280;10.0
Sarandi//school_109;-30.007.719.934.156.800;-51.137.925.784.884.200;10.0
Sarandi//home_110;-30.010.028.622.579.400;-5.113.638.159.266.500;10.0
Sarandi//work_110;-3.000.992.867.012.440;-51.134.967.965.224.800;10.0
Sarandi//school_110;-30.009.227.466.721.300;-5.113.617.047.513.720;10.0
Sarandi//home_111;-29.995.410.377.635.700;-5.114.537.181.018.910;6.2
Sarandi//work_111;-29.996.484.316.555.100;-511.450.816.536.818;6.3
Sarandi//school_111;-29.994.805.992.969.500;-5.114.530.864.616.070;6.2
Sarandi//home_112;-29.992.423.913.537.700;-5.114.625.268.386.790;4.6
Sarandi//work_112;-29.994.027.073.047.200;-5.114.624.312.399.840;5.2
Sarandi//school_112;-29.994.398.487.987.300;-51.145.879.009.803.900;5.3
Sarandi//home_113;-29.992.244.946.488.600;-51.138.824.556.080.900;5.3
Sarandi//work_113;-29.995.026.264.076.000;-5.113.948.692.439.470;6.7
Sarandi//school_113;-29.993.634.395.259;-51.139.444.739.467.900;6.3
Sarandi//home_114;-2.999.525.131.826.850;-511.384.330.351.903;6.7
Sarandi//work_114;-29.997.539.692.940.400;-511.389.171.881.824;7.0
Sarandi//school_114;-29.997.618.424.637.900;-5.113.777.635.722.070;7.1
Sarandi//home_115;-30.004.347.060.136.500;-51.120.800.778.877.100;10.0
Sarandi//work_115;-30.005.220.384.962.700;-5.111.715.482.937.590;10.0
Sarandi//school_115;-30.004.480.008.858.500;-5.112.030.846.429.260;10.0
Serraria//home_0;-3.016.088.220.985.890;-5.122.268.230.206.080;8.9
Serraria//work_0;-30.161.424.784.948.700;-5.122.253.475.124.800;8.7
Serraria//school_0;-30.162.471.075.757.600;-5.122.100.575.325.070;7.9
Serraria//home_1;-30.162.047.120.942.100;-51.228.523.027.992.200;3.0
Serraria//work_1;-3.015.973.733.151.990;-51.226.050.412.785.900;3.6
Serraria//school_1;-3.016.114.698.951.840;-5.122.551.716.519.920;4.0
Serraria//home_2;-3.016.267.907.759.580;-51.229.805.226.711.100;3.0
Serraria//work_2;-30.162.707.700.726.700;-5.122.868.309.502.610;3.0
Serraria//school_2;-30.162.421.304.067.800;-512.296.414.105.549;3.0
Serraria//home_3;-30.164.472.468.699.800;-5.122.842.937.178.470;4.5
Serraria//work_3;-3.016.526.810.677.270;-5.122.934.032.205.710;4.5
Serraria//school_3;-30.164.409.763.252.200;-5.122.900.612.061.980;4.5
Serraria//home_4;-30.167.481.309.035.800;-5.122.769.110.681.740;4.5
Serraria//work_4;-30.167.376.666.233.400;-5.122.739.123.751.580;4.5
Serraria//school_4;-30.163.757.441.843.600;-5.123.202.039.210.560;4.5
Serraria//home_5;-30.166.067.781.509.100;-5.122.904.089.134.400;4.5
Serraria//work_5;-30.164.700.617.348.200;-512.298.464.673.513;4.5
Serraria//school_5;-30.165.362.760.282.100;-51.229.533.284.693.000;4.5
Serraria//home_6;-30.166.977.221.059.300;-5.122.881.925.488.420;4.0
Serraria//work_6;-30.166.145.493.660.400;-51.227.756.716.503.700;4.5
Serraria//school_6;-3.016.591.309.227.730;-5.122.804.837.080.910;4.5
Serraria//home_7;-3.017.081.962.575.450;-5.121.814.989.946.260;3.0
Serraria//work_7;-30.171.537.928.534.300;-5.122.437.324.445.190;3.0
Serraria//school_7;-30.170.257.674.688.900;-5.122.481.447.598.310;3.0
Serraria//home_8;-30.168.034.831.027.500;-5.122.594.752.671.810;3.0
Serraria//work_8;-30.166.930.226.565.400;-512.260.914.722.726;4.5
Serraria//school_8;-3.016.763.328.553.620;-51.226.617.102.964.400;4.5
S√©timo C√©u//home_0;-30.119.467.648.861.800;-5.125.286.430.207.590;10.0
S√©timo C√©u//work_0;-30.118.696.006.142.100;-5.125.226.457.318.640;10.0
S√©timo C√©u//school_0;-30.118.120.794.886.300;-5.125.223.685.604.810;10.0
S√©timo C√©u//home_1;-30.121.521.906.600.900;-51.252.035.607.090.600;10.0
S√©timo C√©u//work_1;-30.118.276.390.079.500;-5.125.074.063.768.080;10.0
S√©timo C√©u//school_1;-30.119.110.103.644.900;-5.124.983.085.579.100;10.0
S√©timo C√©u//home_2;-30.119.199.720.100.500;-51.248.330.171.379.900;10.0
S√©timo C√©u//work_2;-3.011.885.989.603.260;-5.124.928.558.183.920;10.0
S√©timo C√©u//school_2;-30.119.485.711.501.800;-5.124.820.555.148.500;10.0
S√©timo C√©u//home_3;-30.122.875.403.765.300;-5.123.387.023.191.130;10.0
S√©timo C√©u//work_3;-30.117.298.434.782.800;-51.241.050.081.209.500;10.0
S√©timo C√©u//school_3;-30.117.259.538.848.600;-5.124.163.620.499.840;10.0
Teres√≥polis//home_0;-30.074.883.423.295.700;-51.207.210.458.295.600;10.0
Teres√≥polis//work_0;-30.073.507.916.151.900;-5.120.789.128.062.840;10.0
Teres√≥polis//school_0;-30.074.754.744.479.600;-5.120.604.565.719.660;10.0
Teres√≥polis//home_1;-3.007.507.292.769.900;-512.081.048.170.498;10.0
Teres√≥polis//work_1;-30.075.341.444.502.900;-51.207.931.304.651.700;10.0
Teres√≥polis//school_1;-300.747.250.842.034;-51.208.087.896.637.400;10.0
Teres√≥polis//home_2;-30.076.851.070.890.500;-5.120.748.287.826.740;10.0
Teres√≥polis//work_2;-30.076.631.946.753.400;-5.120.709.351.919.790;10.0
Teres√≥polis//school_2;-30.074.655.222.481.500;-5.120.386.238.533.380;10.0
Teres√≥polis//home_3;-300.761.407.813.712;-51.208.509.909.106.500;10.0
Teres√≥polis//work_3;-30.075.269.845.246.500;-5.120.931.072.421.790;10.0
Teres√≥polis//school_3;-30.073.020.843.870.000;-5.120.926.861.787.610;10.0
Teres√≥polis//home_4;-3.007.699.579.585.430;-51.211.631.407.674.500;10.0
Teres√≥polis//work_4;-3.007.657.671.546.250;-5.121.048.585.742.980;10.0
Teres√≥polis//school_4;-3.007.719.744.867.910;-51.210.086.647.821.100;10.0
Teres√≥polis//home_5;-30.074.117.762.958.500;-512.119.680.625.246;10.0
Teres√≥polis//work_5;-3.007.386.490.130.910;-5.121.230.881.357.540;10.0
Teres√≥polis//school_5;-30.075.166.646.639.700;-5.121.143.149.515.600;10.0
Teres√≥polis//home_6;-30.075.519.588.683.400;-5.121.354.220.688.240;10.0
Teres√≥polis//work_6;-3.007.579.472.032.720;-5.121.409.517.970.250;10.0
Teres√≥polis//school_6;-3.007.601.087.669.940;-5.121.328.908.618.090;10.0
Teres√≥polis//home_7;-30.079.483.952.901.700;-5.121.279.234.468.670;10.0
Teres√≥polis//work_7;-3.007.910.426.406.170;-5.121.393.460.785.130;10.0
Teres√≥polis//school_7;-30.078.645.108.644.700;-5.121.180.263.212.040;10.0
Teres√≥polis//home_8;-30.079.806.346.892.800;-5.121.046.059.765.310;10.0
Teres√≥polis//work_8;-30.080.698.424.616.300;-5.121.131.665.157.950;10.0
Teres√≥polis//school_8;-30.079.854.023.875.100;-5.121.042.432.725.410;10.0
Teres√≥polis//home_9;-3.009.100.106.074.420;-5.120.190.823.803.790;10.0
Teres√≥polis//work_9;-30.087.094.927.091.100;-5.120.629.349.896.920;10.0
Teres√≥polis//school_9;-30.090.337.725.947.200;-51.202.773.842.467.800;10.0
Teres√≥polis//home_10;-30.085.502.541.977.100;-5.120.742.093.508.990;10.0
Teres√≥polis//work_10;-30.085.648.773.900.400;-5.120.926.005.643.950;10.0
Teres√≥polis//school_10;-30.085.884.802.985.700;-5.120.869.277.789.930;10.0
Teres√≥polis//home_11;-30.083.450.451.541.200;-5.120.970.397.857.920;10.0
Teres√≥polis//work_11;-30.082.058.787.492.400;-51.209.132.135.616;10.0
Teres√≥polis//school_11;-30.084.219.672.843.800;-5.120.783.453.126.520;10.0
Teres√≥polis//home_12;-3.007.909.110.329.660;-51.205.819.470.831.800;10.0
Teres√≥polis//work_12;-30.079.365.086.997.000;-5.120.646.038.705.310;10.0
Teres√≥polis//school_12;-30.078.698.198.353.800;-51.206.716.447.344.900;10.0
Teres√≥polis//home_13;-3.008.198.629.156.390;-5.120.419.149.385.810;10.0
Teres√≥polis//work_13;-30.081.680.884.256.800;-5.120.476.283.099.570;10.0
Teres√≥polis//school_13;-3.008.146.755.815.780;-5.120.448.079.008.010;10.0
Teres√≥polis//home_14;-30.082.638.002.942.700;-51.198.229.276.297.500;10.0
Teres√≥polis//work_14;-30.081.806.200.706.500;-5.120.311.917.584.080;10.0
Teres√≥polis//school_14;-30.083.310.992.500.000;-51.206.185.014.215.700;10.0
Teres√≥polis//home_15;-3.008.837.127.046.720;-5.120.160.743.881.440;10.0
Teres√≥polis//work_15;-30.103.204.094.666.900;-51.211.723.279.872.400;10.0
Teres√≥polis//school_15;-30.096.240.413.353.900;-5.119.486.184.572.470;10.0
Teres√≥polis//home_16;-30.083.418.875.929.600;-5.120.303.234.557.930;10.0
Teres√≥polis//work_16;-30.083.794.658.531.600;-51.202.077.551.706.400;10.0
Teres√≥polis//school_16;-30.083.808.039.852.900;-51.199.674.171.880.400;10.0
Teres√≥polis//home_17;-3.008.037.817.462.820;-51.201.708.883.788.100;10.0
Teres√≥polis//work_17;-30.081.520.770.768.100;-51.201.224.250.757.500;10.0
Teres√≥polis//school_17;-30.082.002.334.141.600;-5.120.145.855.976.630;10.0
Teres√≥polis//home_18;-3.007.960.715.289.480;-5.120.902.310.427.450;10.0
Teres√≥polis//work_18;-30.081.789.815.223.000;-5.120.856.871.425.000;10.0
Teres√≥polis//school_18;-3.008.310.260.860.440;-5.120.727.781.312.810;10.0
Teres√≥polis//home_19;-30.082.245.888.501.700;-51.206.950.418.330.400;10.0
Teres√≥polis//work_19;-3.008.188.315.532.600;-51.206.185.514.792.700;10.0
Teres√≥polis//school_19;-3.008.158.418.161.570;-51.206.467.456.013.000;10.0
Teres√≥polis//home_20;-3.008.125.535.750.520;-51.212.109.556.688.000;10.0
Teres√≥polis//work_20;-30.081.264.216.253.800;-5.121.297.174.217.920;10.0
Teres√≥polis//school_20;-30.080.151.881.623.100;-5.121.405.257.331.820;10.0
Teres√≥polis//home_21;-3.008.311.155.448.640;-512.130.500.424;10.0
Teres√≥polis//work_21;-30.082.694.819.082.300;-5.121.299.857.649.390;10.0
Teres√≥polis//school_21;-30.083.339.051.896.300;-5.121.325.821.262.320;10.0
Teres√≥polis//home_22;-30.071.479.790.561.800;-5.120.849.581.593.280;10.0
Teres√≥polis//work_22;-30.070.895.499.338.000;-5.120.961.188.724.690;10.0
Teres√≥polis//school_22;-3.007.089.411.193.690;-5.120.892.976.159.960;10.0
Teres√≥polis//home_23;-30.083.594.568.034.300;-51.207.348.503.788.300;10.0
Teres√≥polis//work_23;-30.084.208.734.152.600;-51.206.637.487.241.000;10.0
Teres√≥polis//school_23;-3.008.737.755.358.760;-51.198.897.931.114.400;10.0
Teres√≥polis//home_24;-3.008.023.491.942.390;-51.202.643.238.914.900;10.0
Teres√≥polis//work_24;-30.080.259.499.934.600;-5.120.383.545.173.740;10.0
Teres√≥polis//school_24;-30.080.107.522.110.300;-5.120.360.102.206.240;10.0
Teres√≥polis//home_25;-30.079.520.221.152.800;-5.120.551.920.933.840;10.0
Teres√≥polis//work_25;-3.008.140.360.575.280;-51.205.429.271.769.700;10.0
Teres√≥polis//school_25;-30.079.075.877.263.800;-51.204.899.733.272.900;10.0
Tr√™s Figueiras//home_0;-30.031.250.624.778.600;-51.176.659.266.145.900;10.0
Tr√™s Figueiras//work_0;-30.032.492.032.297.100;-5.117.591.921.314.520;10.0
Tr√™s Figueiras//school_0;-3.003.344.953.716.410;-51.176.892.872.385.600;10.0
Tr√™s Figueiras//home_1;-30.035.774.646.966.800;-5.117.261.619.421.160;10.0
Tr√™s Figueiras//work_1;-30.035.116.776.298.700;-5.117.451.889.555.970;10.0
Tr√™s Figueiras//school_1;-3.003.332.140.224.210;-5.116.929.853.054.990;10.0
Tr√™s Figueiras//home_2;-30.030.902.335.927.800;-5.117.007.910.882.110;10.0
Tr√™s Figueiras//work_2;-3.002.914.330.811.480;-5.116.883.559.232.770;10.0
Tr√™s Figueiras//school_2;-30.029.942.237.016.300;-5.116.843.867.571.310;10.0
Tr√™s Figueiras//home_3;-30.036.044.748.919.100;-5.116.917.184.317.170;10.0
Tr√™s Figueiras//work_3;-300.368.701.570.291;-5.116.818.954.167.840;10.0
Tr√™s Figueiras//school_3;-3.003.440.625.840.860;-511.689.231.112.897;10.0
Tr√™s Figueiras//home_4;-30.038.245.462.155.000;-5.117.131.999.252.600;10.0
Tr√™s Figueiras//work_4;-3.003.855.408.237.860;-5.117.262.626.834.450;10.0
Tr√™s Figueiras//school_4;-30.040.452.017.341.400;-5.117.057.752.384.370;10.0
Tr√™s Figueiras//home_5;-3.002.944.936.254.570;-51.174.935.651.300.900;10.0
Tr√™s Figueiras//work_5;-3.003.564.132.632.070;-51.175.402.679.951.500;10.0
Tr√™s Figueiras//school_5;-3.002.925.549.209.660;-511.787.612.705.576;10.0
Tr√™s Figueiras//home_6;-30.027.646.590.944.500;-5.117.278.626.729.960;10.0
Tr√™s Figueiras//work_6;-30.028.702.844.781.300;-5.117.263.982.612.180;10.0
Tr√™s Figueiras//school_6;-30.028.941.575.761.200;-5.117.224.832.523.340;10.0
Tr√™s Figueiras//home_7;-30.032.133.313.808.600;-5.117.362.346.776.530;10.0
Tr√™s Figueiras//work_7;-30.029.345.647.311.100;-5.117.305.751.337.120;10.0
Tr√™s Figueiras//school_7;-3.003.112.743.921.200;-51.170.981.184.704.700;10.0
Tr√™s Figueiras//home_8;-30.030.069.115.557.600;-5.117.202.064.546.530;10.0
Tr√™s Figueiras//work_8;-300.303.066.163.017;-5.117.228.667.253.420;10.0
Tr√™s Figueiras//school_8;-3.003.049.530.735.420;-5.117.200.128.260.590;10.0
Tristeza//home_0;-30.099.656.100.703.700;-51.248.298.014.112;8.9
Tristeza//work_0;-30.098.716.834.654.500;-5.124.827.842.106.780;5.8
Tristeza//school_0;-3.009.965.143.945.520;-5.124.818.231.795.230;9.0
Tristeza//home_1;-30.100.207.671.998.400;-5.124.796.820.135.960;9.4
Tristeza//work_1;-3.009.838.697.488.740;-5.124.675.200.285.820;6.4
Tristeza//school_1;-30.100.496.846.644.100;-5.124.688.253.250.590;9.1
Tristeza//home_2;-3.010.140.059.574.050;-5.124.680.173.832.860;10.0
Tristeza//work_2;-30.101.715.815.350.500;-5.124.844.763.962.000;10.0
Tristeza//school_2;-30.101.546.769.180.400;-5.124.869.267.860.800;10.0
Tristeza//home_3;-3.010.112.939.141.880;-51.245.254.233.920.200;9.6
Tristeza//work_3;-30.102.626.903.056.200;-512.459.711.305.876;10.0
Tristeza//school_3;-3.010.165.219.158.210;-5.124.711.705.514.070;10.0
Tristeza//home_4;-3.010.459.141.043.350;-5.124.716.814.327.720;10.0
Tristeza//work_4;-30.102.935.412.486;-51.249.090.145.094.400;10.0
Tristeza//school_4;-3.010.357.143.869.500;-5.125.105.129.847.010;10.0
Tristeza//home_5;-30.105.618.580.463.700;-5.125.001.703.769.450;10.0
Tristeza//work_5;-30.105.590.411.745.800;-5.124.902.824.137.820;10.0
Tristeza//school_5;-3.010.534.649.592.820;-5.124.965.071.166.850;10.0
Tristeza//home_6;-30.105.319.265.222.100;-5.125.106.691.182.060;10.0
Tristeza//work_6;-3.010.628.552.225.370;-5.125.112.200.811.610;10.0
Tristeza//school_6;-30.106.898.485.469.100;-5.125.370.203.325.190;10.0
Tristeza//home_7;-30.106.162.348.733.900;-5.125.570.700.856.990;10.0
Tristeza//work_7;-30.106.317.662.943.400;-5.126.050.306.435.260;3.0
Tristeza//school_7;-30.107.638.321.182.600;-512.582.991.969.894;6.2
Tristeza//home_8;-30.110.943.471.168.700;-5.126.111.103.918.410;3.0
Tristeza//work_8;-30.110.456.433.426.200;-5.126.097.591.732.010;10.0
Tristeza//school_8;-30.110.920.063.427.100;-51.257.972.225.469.000;5.2
Tristeza//home_9;-30.108.685.705.653.600;-51.251.776.370.684.400;10.0
Tristeza//work_9;-3.010.853.314.851.440;-5.125.160.909.267.170;10.0
Tristeza//school_9;-3.010.842.833.938.720;-5.125.177.726.298.630;10.0
Tristeza//home_10;-30.107.954.160.256.200;-51.250.330.692.473.500;10.0
Tristeza//work_10;-30.106.250.763.611.200;-51.250.582.117.096.500;10.0
Tristeza//school_10;-30.108.727.543.818.300;-5.125.307.038.799.390;10.0
Tristeza//home_11;-30.106.468.363.839.800;-5.125.006.107.769.170;10.0
Tristeza//work_11;-30.107.904.933.277.300;-5.124.846.950.133.480;10.0
Tristeza//school_11;-30.106.357.895.348.200;-5.124.865.620.223.240;10.0
Tristeza//home_12;-30.105.148.425.141.600;-51.247.280.696.172.300;10.0
Tristeza//work_12;-30.105.891.192.675.900;-51.248.642.078.044.200;10.0
Tristeza//school_12;-3.010.636.494.773.740;-51.247.711.727.836.800;10.0
Tristeza//home_13;-30.105.173.235.313.500;-5.124.668.454.855.680;10.0
Tristeza//work_13;-30.105.814.846.579.000;-5.124.640.643.613.900;10.0
Tristeza//school_13;-30.106.490.398.663.400;-5.124.710.019.089.970;10.0
Tristeza//home_14;-30.109.450.101.804.700;-51.249.043.798.656.400;10.0
Tristeza//work_14;-30.108.407.698.810.800;-51.248.314.426.724.000;10.0
Tristeza//school_14;-3.010.868.325.490.500;-5.124.894.416.758.140;10.0
Tristeza//home_15;-3.011.288.222.624.460;-51.258.729.741.556.700;4.3
Tristeza//work_15;-3.010.882.542.932.530;-512.505.839.086.483;10.0
Tristeza//school_15;-30.110.503.138.596.200;-512.532.560.708.046;10.0
Tristeza//home_16;-30.108.944.671.110.500;-51.246.156.514.808.400;10.0
Tristeza//work_16;-30.112.638.521.740.400;-5.125.474.876.803.110;10.0
Tristeza//school_16;-30.112.081.306.827.700;-5.125.486.794.500.410;10.0
Tristeza//home_17;-30.113.574.247.209.100;-5.125.617.842.506.560;10.0
Tristeza//work_17;-30.112.700.292.144.700;-5.125.642.307.052.440;6.5
Tristeza//school_17;-30.114.454.636.879.900;-51.258.914.423.330.500;5.6
Tristeza//home_18;-3.011.721.045.215.290;-5.125.913.279.410.450;9.3
Tristeza//work_18;-30.117.191.632.027.300;-5.126.012.304.351.340;3.4
Tristeza//school_18;-3.011.622.024.474.380;-51.254.041.120.745.700;10.0
Tristeza//home_19;-30.115.799.224.784.600;-5.125.057.625.251.370;10.0
Tristeza//work_19;-3.011.469.959.291.440;-5.125.064.428.892.640;10.0
Tristeza//school_19;-3.011.498.104.295.240;-5.124.859.504.235.450;10.0
Tristeza//home_20;-30.113.183.119.743.100;-5.125.080.693.249.540;10.0
Tristeza//work_20;-30.114.087.752.592.400;-51.253.852.574.624.200;10.0
Tristeza//school_20;-30.114.253.738.798.100;-51.253.560.662.416.400;10.0
Tristeza//home_21;-30.111.018.651.526.700;-5.124.848.473.175.310;10.0
Tristeza//work_21;-30.111.341.268.246.400;-51.249.080.826.269.700;10.0
Tristeza//school_21;-3.011.129.681.635.730;-5.124.975.433.621.350;10.0
Tristeza//home_22;-30.113.393.840.141.700;-5.124.891.778.999.650;10.0
Tristeza//work_22;-3.011.432.454.127.820;-5.125.308.805.490.670;10.0
Tristeza//school_22;-3.011.513.263.953.870;-5.125.353.743.183.990;10.0
Tristeza//home_23;-3.011.685.563.381.460;-5.124.372.542.475.420;10.0
Tristeza//work_23;-30.113.556.849.175.500;-5.124.529.586.900.540;10.0
Tristeza//school_23;-30.113.189.334.382.000;-512.452.203.324.572;10.0
Tristeza//home_24;-3.011.608.606.181.880;-5.124.615.837.402.760;10.0
Tristeza//work_24;-30.117.130.804.305.500;-5.124.424.540.237.840;10.0
Tristeza//school_24;-30.115.355.461.998.500;-5.124.643.367.878.120;10.0
Tristeza//home_25;-30.106.436.166.119.800;-5.125.359.076.632.890;10.0
Tristeza//work_25;-3.010.605.415.639.330;-5.125.316.834.327.790;10.0
Tristeza//school_25;-30.106.140.651.531.500;-51.252.979.556.231.700;10.0
Tristeza//home_26;-30.110.523.993.842.000;-5.124.655.827.925.710;10.0
Tristeza//work_26;-30.111.502.904.418.500;-5.124.790.252.376.390;10.0
Tristeza//school_26;-30.111.137.866.593.100;-512.453.975.675.868;10.0
Tristeza//home_27;-30.112.643.000.882.400;-51.247.115.363.312;10.0
Tristeza//work_27;-30.111.847.305.418.100;-512.438.261.483.603;10.0
Tristeza//school_27;-30.112.528.339.189.900;-5.124.788.238.234.210;10.0
Tristeza//home_28;-3.010.833.603.722.040;-5.124.665.088.071.110;10.0
Tristeza//work_28;-30.108.588.638.024.200;-5.124.710.826.113.240;10.0
Tristeza//school_28;-30.108.461.162.171.300;-5.124.647.780.226.090;10.0
Tristeza//home_29;-30.115.510.323.483.300;-5.125.314.366.478.330;10.0
Tristeza//work_29;-3.011.519.513.161.700;-5.125.151.208.102.790;10.0
Tristeza//school_29;-30.116.408.132.004.900;-5.125.233.966.992.640;10.0
Vila Assun√ß√£o//home_0;-3.010.419.645.880.170;-5.126.005.007.556.390;8.1
Vila Assun√ß√£o//work_0;-3.010.460.208.990.110;-5.126.026.770.342.280;8.3
Vila Assun√ß√£o//school_0;-3.010.462.621.158.410;-5.125.897.779.751.310;10.0
Vila Assun√ß√£o//home_1;-3.010.038.547.486.770;-5.126.578.553.036.490;3.0
Vila Assun√ß√£o//work_1;-30.101.007.952.443.100;-5.126.511.224.542.470;9.6
Vila Assun√ß√£o//school_1;-30.101.192.556.731.900;-51.264.099.571.375.400;10.0
Vila Assun√ß√£o//home_2;-30.101.631.223.694.900;-5.125.824.364.638.040;10.0
Vila Assun√ß√£o//work_2;-30.099.343.330.418.800;-5.125.753.875.448.310;10.0
Vila Assun√ß√£o//school_2;-30.101.602.033.552.400;-51.255.764.223.378.100;10.0
Vila Assun√ß√£o//home_3;-30.097.053.733.661.000;-512.533.939.402.727;10.0
Vila Assun√ß√£o//work_3;-3.009.818.177.603.920;-5.125.623.062.048.250;10.0
Vila Assun√ß√£o//school_3;-30.099.448.524.710.800;-51.262.077.041.202.900;10.0
Vila Assun√ß√£o//home_4;-30.096.541.001.242.200;-51.254.965.662.495.700;4.0
Vila Assun√ß√£o//work_4;-300.973.442.623.087;-51.256.115.921.453.400;4.5
Vila Assun√ß√£o//school_4;-30.096.364.859.587.100;-5.125.767.719.906.180;10.0
Vila Assun√ß√£o//home_5;-30.101.544.830.991.200;-51.251.580.779.259.800;10.0
Vila Assun√ß√£o//work_5;-30.100.754.365.515.600;-5.125.052.386.983.570;10.0
Vila Assun√ß√£o//school_5;-30.098.413.333.409.700;-51.251.673.743.908.400;10.0
Vila Assun√ß√£o//home_6;-3.010.209.713.638.680;-5.125.337.672.022.360;10.0
Vila Assun√ß√£o//work_6;-3.010.165.509.976.010;-51.252.860.946.001.100;10.0
Vila Assun√ß√£o//school_6;-3.010.207.964.690.600;-512.535.569.386.251;10.0
Vila Assun√ß√£o//home_7;-3.010.179.391.533.870;-5.125.949.198.480.940;10.0
Vila Assun√ß√£o//work_7;-30.104.338.874.491.400;-5.125.552.058.154.220;10.0
Vila Assun√ß√£o//school_7;-3.010.394.450.134.250;-5.125.421.658.693.230;10.0
Vila Concei√ß√£o//home_0;-30.117.946.130.535.500;-51.254.225.408.692.900;10.0
Vila Concei√ß√£o//work_0;-30.121.418.421.751.700;-5.125.420.998.592.060;10.0
Vila Concei√ß√£o//school_0;-30.121.459.728.144.100;-5.125.448.664.523.240;10.0
Vila Concei√ß√£o//home_1;-30.122.634.621.357.600;-5.125.384.000.695.970;10.0
Vila Concei√ß√£o//work_1;-30.121.555.093.636.800;-5.125.496.796.802.030;10.0
Vila Concei√ß√£o//school_1;-30.121.379.920.174.300;-5.125.740.944.961.660;10.0
Vila Concei√ß√£o//home_2;-30.122.177.578.323.300;-51.259.022.179.000.300;10.0
Vila Concei√ß√£o//work_2;-30.120.237.046.141.400;-5.128.771.666.536.710;10.0
Vila Concei√ß√£o//school_2;-3.012.120.916.508.450;-5.125.630.245.976.530;10.0
Vila Ipiranga//home_0;-30.018.029.372.195.200;-51.159.322.632.071.300;10.0
Vila Ipiranga//work_0;-3.001.821.430.416.590;-51.160.245.598.294.200;10.0
Vila Ipiranga//school_0;-30.018.322.319.153.100;-51.160.959.942.099.000;10.0
Vila Ipiranga//home_1;-30.018.532.343.860.300;-5.115.911.701.076.340;10.0
Vila Ipiranga//work_1;-30.018.612.339.578.200;-511.595.647.369.504;10.0
Vila Ipiranga//school_1;-30.018.501.829.556.300;-511.591.886.838.693;10.0
Vila Ipiranga//home_2;-30.019.003.265.548.100;-5.115.922.108.263.500;10.0
Vila Ipiranga//work_2;-3.001.879.563.975.140;-51.160.246.496.935.300;10.0
Vila Ipiranga//school_2;-30.018.795.986.290.500;-51.160.754.491.590.000;10.0
Vila Ipiranga//home_3;-30.019.708.711.334.600;-51.159.949.704.624.800;10.0
Vila Ipiranga//work_3;-3.001.945.964.492.210;-511.580.359.395.854;10.0
Vila Ipiranga//school_3;-3.002.000.171.134.030;-51.158.143.735.286.000;10.0
Vila Ipiranga//home_4;-30.020.352.684.143.400;-5.116.108.173.506.080;10.0
Vila Ipiranga//work_4;-30.020.529.766.752.000;-51.161.037.279.064.100;10.0
Vila Ipiranga//school_4;-30.020.499.305.084.800;-51.161.042.947.276.400;10.0
Vila Ipiranga//home_5;-30.021.086.227.360.100;-51.159.794.238.709.100;10.0
Vila Ipiranga//work_5;-30.020.432.239.073.900;-5.116.007.322.989.660;10.0
Vila Ipiranga//school_5;-30.020.405.663.675.100;-5.115.986.513.586.540;10.0
Vila Ipiranga//home_6;-3.002.100.790.636.540;-51.158.842.963.595.800;10.0
Vila Ipiranga//work_6;-3.002.057.296.800.020;-5.115.906.959.083.130;10.0
Vila Ipiranga//school_6;-30.020.996.249.366.000;-5.115.925.771.485.610;10.0
Vila Ipiranga//home_7;-3.002.075.901.203.670;-51.155.889.369.919.900;10.0
Vila Ipiranga//work_7;-3.002.266.944.558.170;-5.115.411.069.925.200;10.0
Vila Ipiranga//school_7;-3.002.071.037.811.830;-511.548.025.699.851;10.0
Vila Ipiranga//home_8;-30.020.804.725.385.800;-5.115.750.395.491.440;10.0
Vila Ipiranga//work_8;-30.021.078.686.122.300;-5.115.733.101.758.810;10.0
Vila Ipiranga//school_8;-30.021.267.976.032.800;-5.115.746.411.272.560;10.0
Vila Ipiranga//home_9;-30.020.460.751.729.800;-5.115.721.528.837.190;10.0
Vila Ipiranga//work_9;-30.020.283.158.392.900;-51.155.990.285.680.900;10.0
Vila Ipiranga//school_9;-30.020.402.945.505.800;-511.573.351.436.621;10.0
Vila Ipiranga//home_10;-3.002.013.414.690.380;-511.574.857.961.791;10.0
Vila Ipiranga//work_10;-300.200.110.335.572;-51.156.869.632.661.000;10.0
Vila Ipiranga//school_10;-3.002.005.100.631.590;-5.115.735.055.806.660;10.0
Vila Ipiranga//home_11;-30.019.495.891.913.200;-5.115.634.371.900.100;10.0
Vila Ipiranga//work_11;-30.019.657.325.075.300;-5.115.761.151.134.380;10.0
Vila Ipiranga//school_11;-3.001.923.966.325.280;-5.115.532.163.806.520;10.0
Vila Ipiranga//home_12;-30.017.930.232.486.700;-5.115.755.996.868.770;10.0
Vila Ipiranga//work_12;-3.001.906.487.543.820;-5.115.822.344.464.620;10.0
Vila Ipiranga//school_12;-3.001.805.920.554.290;-5.115.763.396.593.170;10.0
Vila Ipiranga//home_13;-3.001.785.179.723.860;-5.115.686.180.878.020;10.0
Vila Ipiranga//work_13;-3.001.784.760.947.150;-51.153.080.697.851.600;10.0
Vila Ipiranga//school_13;-30.018.774.152.727.600;-5.115.351.939.354.930;10.0
Vila Ipiranga//home_14;-30.021.967.336.280.200;-5.115.345.939.050.720;10.0
Vila Ipiranga//work_14;-30.020.365.269.161.000;-5.115.324.096.981.290;10.0
Vila Ipiranga//school_14;-30.020.319.478.521.700;-5.115.340.465.230.140;10.0
Vila Ipiranga//home_15;-30.022.932.498.329.200;-5.115.199.333.250.920;10.0
Vila Ipiranga//work_15;-3.002.301.500.792.730;-5.115.332.761.256.000;10.0
Vila Ipiranga//school_15;-30.022.646.555.347.400;-5.115.334.937.252.590;10.0
Vila Ipiranga//home_16;-3.002.452.900.047.430;-511.539.339.915.717;10.0
Vila Ipiranga//work_16;-30.024.276.194.810.200;-5.115.384.689.802.170;10.0
Vila Ipiranga//school_16;-30.025.687.357.275.900;-5.115.321.206.079.990;10.0
Vila Ipiranga//home_17;-30.024.879.462.499.800;-5.115.113.512.255.620;10.0
Vila Ipiranga//work_17;-30.025.028.855.291.500;-5.115.203.890.028.070;10.0
Vila Ipiranga//school_17;-3.002.388.283.528.740;-5.115.208.575.017.990;10.0
Vila Ipiranga//home_18;-3.002.539.923.334.870;-5.114.992.124.353.150;10.0
Vila Ipiranga//work_18;-3.002.736.605.181.430;-5.115.040.806.682.180;10.0
Vila Ipiranga//school_18;-3.002.346.153.932.770;-511.502.832.567.574;10.0
Vila Ipiranga//home_19;-30.018.453.260.586.600;-5.115.182.624.928.620;10.0
Vila Ipiranga//work_19;-30.021.038.943.704.800;-5.115.076.948.442.850;10.0
Vila Ipiranga//school_19;-3.002.009.274.241.450;-5.115.097.956.366.950;10.0
Vila Ipiranga//home_20;-30.019.878.950.691.900;-51.151.516.632.793.600;10.0
Vila Ipiranga//work_20;-30.019.489.883.740.100;-5.115.140.989.045.900;10.0
Vila Ipiranga//school_20;-3.002.061.675.744.390;-5.115.144.145.974.100;10.0
Vila Ipiranga//home_21;-3.001.595.004.773.560;-51.147.891.218.215.100;10.0
Vila Ipiranga//work_21;-30.018.356.819.210.900;-511.481.765.173.095;10.0
Vila Ipiranga//school_21;-30.016.221.871.145.100;-5.114.908.010.677.010;10.0
Vila Ipiranga//home_22;-3.001.315.173.207.190;-511.497.873.981.666;10.0
Vila Ipiranga//work_22;-30.015.365.840.510.100;-51.149.163.434.695.100;10.0
Vila Ipiranga//school_22;-30.012.982.920.005.000;-511.500.737.301.904;10.0
Vila Ipiranga//home_23;-30.012.160.147.969.100;-5.114.876.716.919.840;10.0
Vila Ipiranga//work_23;-3.001.207.930.557.180;-5.114.859.345.910.540;10.0
Vila Ipiranga//school_23;-30.012.341.828.753.200;-5.114.779.265.547.550;10.0
Vila Ipiranga//home_24;-30.011.405.628.229.600;-5.114.992.045.960.680;10.0
Vila Ipiranga//work_24;-30.010.823.552.350.700;-51.149.582.002.288.800;10.0
Vila Ipiranga//school_24;-30.011.038.988.312.300;-5.114.892.426.385.430;10.0
Vila Ipiranga//home_25;-30.011.973.909.684.700;-51.146.486.292.833.800;10.0
Vila Ipiranga//work_25;-30.011.542.384.265.900;-5.114.699.905.802.950;10.0
Vila Ipiranga//school_25;-30.012.067.755.117.500;-5.114.676.943.300.890;10.0
Vila Ipiranga//home_26;-30.012.663.357.423.400;-51.146.278.473.595.200;10.0
Vila Ipiranga//work_26;-3.001.072.445.427.080;-51.145.151.001.822.400;10.0
Vila Ipiranga//school_26;-30.010.576.079.691.100;-5.114.532.130.948.250;10.0
Vila Ipiranga//home_27;-30.010.091.059.036.800;-5.114.307.100.913.060;10.0
Vila Ipiranga//work_27;-30.010.783.166.542.500;-51.144.242.522.263.800;10.0
Vila Ipiranga//school_27;-30.011.270.542.399.000;-5.114.408.056.954.260;10.0
Vila Ipiranga//home_28;-30.012.373.130.361.500;-51.144.015.331.780.300;10.0
Vila Ipiranga//work_28;-3.001.196.250.146.590;-511.438.307.048.305;10.0
Vila Ipiranga//school_28;-30.011.953.122.000.900;-51.143.668.014.084.600;10.0
Vila Ipiranga//home_29;-30.014.900.979.251.600;-5.114.470.363.665.050;10.0
Vila Ipiranga//work_29;-30.014.859.997.644.500;-51.146.074.257.667.200;10.0
Vila Ipiranga//school_29;-3.001.358.132.340.080;-5.114.677.851.565.520;10.0
Vila Ipiranga//home_30;-30.015.603.332.898.300;-5.114.478.874.834.380;10.0
Vila Ipiranga//work_30;-30.015.409.526.524.700;-5.114.434.728.308.760;10.0
Vila Ipiranga//school_30;-30.015.525.618.593.900;-5.114.315.094.533.810;10.0
Vila Ipiranga//home_31;-30.017.554.802.342.400;-5.114.672.960.645.730;10.0
Vila Ipiranga//work_31;-30.018.727.012.194.600;-5.114.506.698.571.800;10.0
Vila Ipiranga//school_31;-30.016.658.776.552.600;-51.146.132.837.376.400;10.0
Vila Ipiranga//home_32;-30.019.396.021.528.600;-51.147.177.334.403.500;10.0
Vila Ipiranga//work_32;-30.017.812.596.777.300;-5.114.674.860.763.010;10.0
Vila Ipiranga//school_32;-30.018.954.684.708.100;-51.147.404.793.196.700;10.0
Vila Ipiranga//home_33;-30.020.536.103.945.200;-5.114.776.754.598.710;10.0
Vila Ipiranga//work_33;-30.021.056.171.021.800;-5.115.027.878.850.210;10.0
Vila Ipiranga//school_33;-30.018.110.002.951.300;-51.150.016.369.845.900;10.0
Vila Ipiranga//home_34;-3.002.586.122.442.160;-5.114.658.093.372.070;10.0
Vila Ipiranga//work_34;-30.026.238.786.758.000;-5.114.696.584.872.600;10.0
Vila Ipiranga//school_34;-30.027.217.877.039.300;-51.146.351.259.799.200;10.0
Vila Ipiranga//home_35;-30.026.706.865.969.900;-5.114.933.206.454.100;10.0
Vila Ipiranga//work_35;-30.026.621.027.561.400;-51.147.461.612.490.500;10.0
Vila Ipiranga//school_35;-30.024.618.185.174.900;-511.480.379.904.892;10.0
Vila Ipiranga//home_36;-30.020.895.842.605.800;-51.145.260.768.918.100;10.0
Vila Ipiranga//work_36;-30.021.723.355.615.800;-5.114.531.137.977.590;10.0
Vila Ipiranga//school_36;-3.002.039.440.672.080;-511.449.544.035.328;10.0
Vila Ipiranga//home_37;-3.001.075.247.337.420;-51.147.960.571.827.800;10.0
Vila Ipiranga//work_37;-30.010.986.600.242.200;-5.114.714.822.949.520;10.0
Vila Ipiranga//school_37;-30.011.024.978.350.700;-51.148.096.621.861.700;10.0
Vila Ipiranga//home_38;-3.001.222.205.985.150;-5.114.671.398.223.100;10.0
Vila Ipiranga//work_38;-3.001.226.017.753.290;-51.146.632.704.609.800;10.0
Vila Ipiranga//school_38;-30.013.216.162.857.300;-51.146.843.709.329.100;10.0
Vila Ipiranga//home_39;-3.001.124.609.424.130;-511.456.310.701.871;10.0
Vila Ipiranga//work_39;-30.011.305.077.658.800;-51.145.892.167.638.100;10.0
Vila Ipiranga//school_39;-30.011.751.323.057.000;-511.459.388.421.111;10.0
Vila Ipiranga//home_40;-30.011.507.241.129.400;-5.114.546.533.044.130;10.0
Vila Ipiranga//work_40;-30.011.535.035.430.100;-5.114.517.370.410.590;10.0
Vila Ipiranga//school_40;-30.011.512.119.550.800;-5.114.522.150.711.690;10.0
Vila Ipiranga//home_41;-30.012.244.879.149.800;-5.114.526.350.683.470;10.0
Vila Ipiranga//work_41;-30.013.223.337.234.400;-5.114.537.539.796.280;10.0
Vila Ipiranga//school_41;-3.001.250.322.093.760;-5.114.548.802.408.560;10.0
Vila Ipiranga//home_42;-30.012.930.697.495.000;-51.145.989.502.237.900;10.0
Vila Ipiranga//work_42;-30.013.029.527.733.200;-5.114.567.906.249;10.0
Vila Ipiranga//school_42;-30.012.972.318.361.800;-5.114.591.866.620.280;10.0
Vila Ipiranga//home_43;-30.011.921.234.934.400;-51.145.555.086.398.500;10.0
Vila Ipiranga//work_43;-30.012.112.044.825.900;-5.114.587.423.091.260;10.0
Vila Ipiranga//school_43;-30.012.136.362.665.500;-5.114.583.866.889.730;10.0
Vila Jardim//home_0;-3.002.959.345.565.270;-51.155.208.993.650.400;10.0
Vila Jardim//work_0;-30.033.259.026.835.200;-51.158.772.896.481;10.0
Vila Jardim//school_0;-3.003.220.767.026.780;-51.157.007.994.193.200;10.0
Vila Jardim//home_1;-30.032.204.761.729.900;-5.115.621.230.908.590;10.0
Vila Jardim//work_1;-30.032.186.176.932.000;-51.156.331.763.495.300;10.0
Vila Jardim//school_1;-30.032.388.320.207.800;-5.115.631.440.105.840;10.0
Vila Jardim//home_2;-3.003.289.047.633.240;-511.528.751.075.946;10.0
Vila Jardim//work_2;-3.002.910.773.669.990;-5.115.373.546.344.270;10.0
Vila Jardim//school_2;-30.030.134.595.855.600;-5.115.341.505.353.250;10.0
Vila Jardim//home_3;-30.032.275.840.537.200;-5.115.203.288.930.700;10.0
Vila Jardim//work_3;-30.031.600.769.958.900;-51.152.327.800.302.400;10.0
Vila Jardim//school_3;-30.032.992.003.272.700;-5.115.149.058.826.640;10.0
Vila Jardim//home_4;-30.030.679.928.813.200;-51.152.042.463.154.100;10.0
Vila Jardim//work_4;-30.029.308.615.423.600;-5.115.146.857.552.810;10.0
Vila Jardim//school_4;-30.028.566.819.332.300;-5.115.314.380.737.870;10.0
Vila Jardim//home_5;-3.002.982.709.031.510;-51.150.256.996.953.000;10.0
Vila Jardim//work_5;-3.002.956.068.096.420;-5.114.910.418.520.790;10.0
Vila Jardim//school_5;-3.003.003.191.934.620;-5.115.041.877.605.140;10.0
Vila Jardim//home_6;-30.027.602.732.754.700;-5.115.105.936.472.660;10.0
Vila Jardim//work_6;-3.002.852.175.898.650;-51.148.685.620.061.800;10.0
Vila Jardim//school_6;-30.027.432.735.400.500;-5.114.964.307.943.480;10.0
Vila Jardim//home_7;-30.029.044.282.123.900;-5.114.786.702.631.330;10.0
Vila Jardim//work_7;-3.003.053.481.750.930;-5.114.809.168.116.000;10.0
Vila Jardim//school_7;-30.031.566.111.085.000;-511.487.475.162.768;10.0
Vila Jardim//home_8;-30.032.653.003.151.100;-5.115.077.007.405.130;10.0
Vila Jardim//work_8;-3.003.370.164.277.270;-5.114.981.025.485.780;10.0
Vila Jardim//school_8;-3.003.284.773.941.600;-511.510.830.306.737;10.0
Vila Jardim//home_9;-30.034.845.860.886.300;-5.114.930.400.439.380;10.0
Vila Jardim//work_9;-30.034.569.082.006.700;-511.506.622.528.961;10.0
Vila Jardim//school_9;-3.003.472.413.826.090;-5.114.952.068.774.580;10.0
Vila Jardim//home_10;-30.036.345.659.972.000;-51.149.244.980.777.200;10.0
Vila Jardim//work_10;-3.003.545.264.205.180;-5.114.869.803.128.510;10.0
Vila Jardim//school_10;-30.034.971.174.803.800;-5.114.897.725.634.930;10.0
Vila Jardim//home_11;-30.035.219.372.168.800;-51.152.754.494.489.300;10.0
Vila Jardim//work_11;-300.330.737.573.094;-5.115.437.922.297.970;10.0
Vila Jardim//school_11;-30.033.698.712.178.200;-5.115.436.026.307.110;10.0
Vila Jardim//home_12;-30.033.939.899.561.100;-511.572.096.205.998;10.0
Vila Jardim//work_12;-30.035.731.993.713.100;-51.158.215.900.117.200;10.0
Vila Jardim//school_12;-30.035.119.352.919.500;-5.115.834.152.169.770;10.0
Vila Jardim//home_13;-30.036.329.831.110.300;-511.525.532.683.489;10.0
Vila Jardim//work_13;-30.034.857.467.823.300;-5.115.423.562.848.250;10.0
Vila Jardim//school_13;-30.034.218.918.388.200;-5.115.435.106.134.770;10.0
Vila Jardim//home_14;-3.003.711.989.611.320;-51.151.407.088.330.000;10.0
Vila Jardim//work_14;-30.037.063.518.680.900;-5.114.938.566.109.180;10.0
Vila Jardim//school_14;-30.037.499.596.493.800;-51.150.409.971.701.900;10.0
Vila Jardim//home_15;-30.039.820.640.930.800;-5.115.162.266.422.620;10.0
Vila Jardim//work_15;-30.040.298.131.151.900;-51.152.214.139.533.000;10.0
Vila Jardim//school_15;-3.003.975.700.626.340;-5.115.068.510.528.090;10.0
Vila Jardim//home_16;-30.038.658.695.552.300;-5.115.262.731.736.420;10.0
Vila Jardim//work_16;-3.004.059.030.126.660;-5.115.322.839.346.730;10.0
Vila Jardim//school_16;-30.038.888.393.514.200;-5.115.352.722.996.140;10.0
Vila Jardim//home_17;-300.411.841.924.934;-5.115.537.070.392.610;10.0
Vila Jardim//work_17;-3.004.103.278.191.100;-51.154.078.882.402.500;10.0
Vila Jardim//school_17;-3.004.104.590.471.620;-5.115.507.521.316.890;10.0
Vila Jardim//home_18;-3.003.771.847.897.100;-51.154.932.405.981.900;10.0
Vila Jardim//work_18;-3.003.635.811.832.520;-51.154.550.472.717.500;10.0
Vila Jardim//school_18;-30.036.699.171.869.300;-51.154.407.610.873.800;10.0
Vila Jardim//home_19;-3.003.668.228.524.520;-5.115.494.021.057.700;10.0
Vila Jardim//work_19;-3.003.617.663.117.150;-5.115.522.508.325.330;10.0
Vila Jardim//school_19;-3.003.671.584.992.490;-5.115.608.131.196.800;10.0
Vila Jardim//home_20;-30.037.703.381.550.500;-5.115.668.175.458.860;10.0
Vila Jardim//work_20;-30.037.411.960.787.000;-51.156.478.586.220.400;10.0
Vila Jardim//school_20;-30.037.358.553.487.000;-5.115.766.575.924.510;10.0
Vila Jardim//home_21;-30.040.715.252.851.200;-5.115.629.273.111.330;10.0
Vila Jardim//work_21;-30.040.711.607.435.700;-5.115.624.222.311.690;10.0
Vila Jardim//school_21;-30.039.757.975.382.100;-51.158.361.126.944.700;10.0
Vila Jardim//home_22;-3.003.714.911.558.800;-51.149.027.778.163.300;10.0
Vila Jardim//work_22;-3.003.642.899.745.620;-5.114.888.398.168.400;10.0
Vila Jardim//school_22;-30.039.460.886.069.200;-5.114.955.254.097.160;10.0
Vila Jardim//home_23;-30.037.773.272.866.500;-51.155.730.243.133;10.0
Vila Jardim//work_23;-30.038.445.739.728.600;-5.115.588.684.125.660;10.0
Vila Jardim//school_23;-30.037.662.224.276.300;-5.115.612.496.620.680;10.0
Vila Jardim//home_24;-30.037.354.500.279.800;-5.115.731.132.224.620;10.0
Vila Jardim//work_24;-30.038.987.212.749.800;-5.115.733.912.803.630;10.0
Vila Jardim//school_24;-30.039.056.086.852.300;-51.157.452.609.686.500;10.0
Vila Jardim//home_25;-3.003.378.463.643.060;-5.115.557.523.360.730;10.0
Vila Jardim//work_25;-3.003.374.704.276.820;-5.115.627.710.677.860;10.0
Vila Jardim//school_25;-3.003.376.935.235.800;-5.115.609.858.872.430;10.0
Vila Jardim//home_26;-3.002.987.355.237.700;-5.115.835.615.794.990;10.0
Vila Jardim//work_26;-30.029.674.458.414.300;-5.115.688.885.512.320;10.0
Vila Jardim//school_26;-30.029.688.001.755.500;-511.573.946.458.727;10.0
Vila Jardim//home_27;-3.003.184.623.374.220;-5.115.666.573.178.990;10.0
Vila Jardim//work_27;-30.031.633.600.371.500;-51.155.747.831.383.200;10.0
Vila Jardim//school_27;-3.003.066.831.604.850;-51.155.499.447.768.300;10.0
Vila Jo√£o Pessoa//home_0;-30.067.941.864.237.700;-5.117.338.702.449.080;10.0
Vila Jo√£o Pessoa//work_0;-3.006.678.089.175.130;-5.117.310.993.730.530;10.0
Vila Jo√£o Pessoa//school_0;-30.068.680.434.955.200;-5.117.230.405.782.660;10.0
Vila Jo√£o Pessoa//home_1;-3.007.520.424.444.730;-5.117.089.944.702.050;10.0
Vila Jo√£o Pessoa//work_1;-30.074.471.270.196.200;-51.170.877.092.861.400;10.0
Vila Jo√£o Pessoa//school_1;-30.073.911.437.850.700;-5.117.125.903.942.880;10.0
Vila Jo√£o Pessoa//home_2;-3.006.456.845.053.080;-5.117.898.790.744.630;10.0
Vila Jo√£o Pessoa//work_2;-30.066.187.260.236.400;-51.178.418.006.162.200;10.0
Vila Jo√£o Pessoa//school_2;-30.064.432.608.132.900;-51.179.065.058.926.700;10.0
Vila Jo√£o Pessoa//home_3;-30.065.571.186.543.300;-5.117.737.503.317.260;10.0
Vila Jo√£o Pessoa//work_3;-30.066.800.381.101.000;-5.117.806.106.147.560;10.0
Vila Jo√£o Pessoa//school_3;-30.063.704.956.815.700;-5.117.860.610.621.150;10.0
Vila Jo√£o Pessoa//home_4;-30.065.914.972.784.200;-5.117.509.422.063.230;10.0
Vila Jo√£o Pessoa//work_4;-3.006.629.747.830.760;-5.117.409.540.109.710;10.0
Vila Jo√£o Pessoa//school_4;-3.006.426.132.487.760;-5.117.707.613.012.820;10.0
Vila Jo√£o Pessoa//home_5;-3.006.296.498.725.960;-5.117.589.650.468.040;10.0
Vila Jo√£o Pessoa//work_5;-3.006.286.768.754.820;-5.117.551.143.856.020;10.0
Vila Jo√£o Pessoa//school_5;-30.062.687.877.525.400;-5.117.381.192.161.270;10.0
Vila Jo√£o Pessoa//home_6;-3.006.350.594.547.260;-5.117.395.199.907.370;10.0
Vila Jo√£o Pessoa//work_6;-3.006.472.013.272.600;-5.117.413.530.726.950;10.0
Vila Jo√£o Pessoa//school_6;-30.064.282.277.935.700;-5.117.376.075.237.490;10.0
Vila Jo√£o Pessoa//home_7;-3.006.579.445.955.020;-5.117.211.915.684.430;10.0
Vila Jo√£o Pessoa//work_7;-30.062.119.072.402.700;-5.117.251.721.056.460;10.0
Vila Jo√£o Pessoa//school_7;-3.006.320.543.398.520;-51.171.778.964.000.800;10.0
Vila Jo√£o Pessoa//home_8;-3.006.763.038.269.760;-51.170.501.823.096.100;10.0
Vila Jo√£o Pessoa//work_8;-3.006.322.309.451.160;-51.171.418.856.825.200;10.0
Vila Jo√£o Pessoa//school_8;-30.068.567.833.799.000;-51.169.980.067.333.200;10.0
Vila Jo√£o Pessoa//home_9;-30.067.273.493.653.500;-5.117.228.925.120.860;10.0
Vila Jo√£o Pessoa//work_9;-30.069.009.965.330.100;-5.117.084.262.136.670;10.0
Vila Jo√£o Pessoa//school_9;-3.006.781.112.876.280;-5.117.082.273.111.530;10.0
Vila Jo√£o Pessoa//home_10;-3.006.953.825.585.640;-5.117.295.815.858.650;10.0
Vila Jo√£o Pessoa//work_10;-30.069.001.119.238.400;-51.174.512.814.751.700;10.0
Vila Jo√£o Pessoa//school_10;-30.068.977.725.682.600;-51.173.664.169.432.500;10.0
Vila Jo√£o Pessoa//home_11;-30.068.734.405.961.400;-5.117.802.428.860.740;10.0
Vila Jo√£o Pessoa//work_11;-30.069.077.117.826.400;-5.117.560.745.861.910;10.0
Vila Jo√£o Pessoa//school_11;-30.068.344.084.554.600;-51.178.256.198.812.400;10.0
Vila Jo√£o Pessoa//home_12;-30.067.444.427.285.600;-5.117.936.918.378.950;10.0
Vila Jo√£o Pessoa//work_12;-30.067.722.591.628.900;-51.179.495.510.061.800;10.0
Vila Jo√£o Pessoa//school_12;-300.671.016.907.328;-51.178.401.878.761.800;10.0
Vila Jo√£o Pessoa//home_13;-30.071.687.083.106.900;-5.117.631.992.584.180;10.0
Vila Jo√£o Pessoa//work_13;-3.007.124.264.517.960;-51.176.792.828.795.200;10.0
Vila Jo√£o Pessoa//school_13;-30.071.399.821.902.700;-5.117.549.258.350.600;10.0
Vila Jo√£o Pessoa//home_14;-3.007.026.381.824.300;-5.117.361.138.106.870;10.0
Vila Jo√£o Pessoa//work_14;-30.070.782.374.108.000;-51.174.641.797.929.600;10.0
Vila Jo√£o Pessoa//school_14;-30.070.011.390.332.400;-5.117.342.564.390.240;10.0
Vila Jo√£o Pessoa//home_15;-3.006.950.820.686.060;-51.172.641.654.811.900;10.0
Vila Jo√£o Pessoa//work_15;-30.071.298.758.874.700;-51.172.358.737.721.600;10.0
Vila Jo√£o Pessoa//school_15;-30.069.759.551.584.100;-5.117.325.254.164.820;10.0
Vila Jo√£o Pessoa//home_16;-30.071.604.605.990.200;-5.117.332.680.748.560;10.0
Vila Jo√£o Pessoa//work_16;-30.072.786.128.285.300;-5.117.223.901.052.370;10.0
Vila Jo√£o Pessoa//school_16;-30.071.739.169.400.600;-5.117.390.872.789.160;10.0
Vila Jo√£o Pessoa//home_17;-30.073.499.996.736.700;-5.117.322.654.399.950;10.0
Vila Jo√£o Pessoa//work_17;-30.073.437.378.336.200;-5.117.400.577.925.580;10.0
Vila Jo√£o Pessoa//school_17;-30.072.691.639.548.500;-5.117.359.529.026.220;10.0
Vila Jo√£o Pessoa//home_18;-3.007.571.297.446.530;-51.171.783.421.048.500;10.0
Vila Jo√£o Pessoa//work_18;-30.073.942.986.532.800;-51.172.103.092.513.900;10.0
Vila Jo√£o Pessoa//school_18;-30.074.702.380.786.600;-5.117.181.228.879.860;10.0
Vila Jo√£o Pessoa//home_19;-3.007.013.651.981.910;-51.177.789.961.438.000;10.0
Vila Jo√£o Pessoa//work_19;-30.070.541.875.567.100;-51.178.301.489.784.300;10.0
Vila Jo√£o Pessoa//school_19;-30.075.341.724.060.500;-51.172.263.397.259.500;10.0
Vila Jo√£o Pessoa//home_20;-30.071.021.700.419.400;-5.117.503.494.567.630;10.0
Vila Jo√£o Pessoa//work_20;-30.070.434.914.750.100;-51.175.613.050.857.700;10.0
Vila Jo√£o Pessoa//school_20;-30.070.241.817.452.100;-5.117.574.513.965.170;10.0
Vila Jo√£o Pessoa//home_21;-3.007.068.282.898.210;-511.803.517.442.367;10.0
Vila Jo√£o Pessoa//work_21;-30.072.232.800.381.000;-51.177.658.529.795.000;10.0
Vila Jo√£o Pessoa//school_21;-30.070.744.003.168.400;-5.117.983.507.304.650;10.0
Vila Nova//home_0;-3.011.315.324.784.560;-5.119.254.256.823.990;10.0
Vila Nova//work_0;-30.113.961.819.943.700;-511.967.037.784.337;10.0
Vila Nova//school_0;-30.110.611.031.658.200;-5.119.717.342.246.580;10.0
Vila Nova//home_1;-30.105.050.972.026.000;-5.121.972.870.689.640;10.0
Vila Nova//work_1;-3.010.366.328.641.400;-5.121.940.221.369.150;10.0
Vila Nova//school_1;-3.010.421.515.399.220;-5.121.474.059.314.100;10.0
Vila Nova//home_2;-3.010.569.688.838.490;-5.120.574.170.325.300;10.0
Vila Nova//work_2;-3.010.292.308.600.600;-51.206.251.897.408.900;10.0
Vila Nova//school_2;-30.103.182.646.780.200;-5.120.908.191.832.280;10.0
Vila Nova//home_3;-30.111.827.383.869.800;-5.121.359.734.960.010;10.0
Vila Nova//work_3;-30.109.808.798.637.000;-5.120.835.965.439.070;10.0
Vila Nova//school_3;-30.111.862.797.159.000;-51.209.273.428.735.800;10.0
Vila Nova//home_4;-301.096.102.725.164;-5.121.493.035.726.390;10.0
Vila Nova//work_4;-3.011.131.863.502.050;-512.179.347.822.373;10.0
Vila Nova//school_4;-30.110.902.157.927.900;-51.217.623.023.291.500;10.0
Vila Nova//home_5;-3.011.222.683.411.040;-5.122.325.714.330.540;10.0
Vila Nova//work_5;-30.111.711.682.821.600;-5.121.795.990.067.900;10.0
Vila Nova//school_5;-30.112.646.539.278.000;-51.217.723.625.460.400;10.0
Vila Nova//home_6;-30.115.750.849.733.100;-5.120.796.288.758.890;10.0
Vila Nova//work_6;-30.116.248.779.721.500;-5.120.818.058.127.030;10.0
Vila Nova//school_6;-30.114.137.526.069.700;-5.121.197.320.717.980;10.0
Vila Nova//home_7;-30.114.034.625.465.400;-5.120.229.692.794.130;10.0
Vila Nova//work_7;-30.115.608.677.989.600;-5.120.483.089.546.850;10.0
Vila Nova//school_7;-3.011.289.791.444.120;-51.203.070.076.600.100;10.0
Vila Nova//home_8;-3.012.170.869.508.670;-5.120.597.055.839.080;10.0
Vila Nova//work_8;-30.120.866.492.706.300;-5.120.534.057.145.110;10.0
Vila Nova//school_8;-30.121.432.384.586.600;-5.120.929.126.097.520;10.0
Vila Nova//home_9;-30.116.014.064.695.200;-5.121.286.801.331.070;10.0
Vila Nova//work_9;-30.120.155.555.685.300;-5.121.487.117.277.560;10.0
Vila Nova//school_9;-3.011.883.867.698.710;-51.215.332.814.351.600;10.0
Vila Nova//home_10;-30.116.806.200.859.300;-5.122.063.309.971.760;10.0
Vila Nova//work_10;-30.114.690.969.673.200;-5.122.068.504.284.310;10.0
Vila Nova//school_10;-30.120.804.580.228.200;-5.122.017.284.428.050;10.0
Vila Nova//home_11;-30.113.357.574.624.500;-5.122.008.044.576.320;10.0
Vila Nova//work_11;-3.011.346.791.680.760;-51.219.682.819.485.000;10.0
Vila Nova//school_11;-30.113.482.511.216.100;-51.219.534.420.095.100;10.0
Vila Nova//home_12;-30.115.140.389.780.000;-5.121.937.094.631.350;10.0
Vila Nova//work_12;-3.011.424.009.846.240;-5.121.819.450.548.710;10.0
Vila Nova//school_12;-3.011.525.188.851.110;-5.121.969.896.623.980;10.0
Vila Nova//home_13;-30.115.822.208.229.600;-5.122.089.693.726.180;10.0
Vila Nova//work_13;-3.011.615.923.812.690;-5.122.028.725.916.400;10.0
Vila Nova//school_13;-30.115.534.426.404.200;-51.220.817.308.479;10.0
Vila Nova//home_14;-30.116.881.876.387.100;-51.219.200.189.070.500;10.0
Vila Nova//work_14;-30.116.635.586.520.200;-5.122.011.687.516.670;10.0
Vila Nova//school_14;-30.116.395.685.115.000;-5.121.944.962.472.290;10.0
Vila Nova//home_15;-30.117.019.889.818.900;-5.122.326.550.851.600;10.0
Vila Nova//work_15;-3.011.726.623.321.630;-5.122.427.521.919.660;10.0
Vila Nova//school_15;-3.011.675.365.053.880;-5.122.333.965.195.080;10.0
Vila Nova//home_16;-3.011.730.191.707.070;-5.122.246.424.118;10.0
Vila Nova//work_16;-30.117.165.391.460.900;-5.122.303.936.221.010;10.0
Vila Nova//school_16;-30.117.648.155.025.000;-512.227.322.148.542;10.0
Vila Nova//home_17;-30.123.275.358.833.400;-51.219.270.687.835.800;10.0
Vila Nova//work_17;-30.123.101.126.113.500;-51.220.449.918.196.200;10.0
Vila Nova//school_17;-3.012.328.105.370.240;-5.121.999.030.796.020;10.0
Vila Nova//home_18;-3.012.563.410.873.340;-5.121.769.327.394.550;10.0
Vila Nova//work_18;-30.125.238.732.341.300;-512.176.610.707.364;10.0
Vila Nova//school_18;-30.123.619.012.808.900;-512.173.860.700.532;10.0
Vila Nova//home_19;-30.126.469.790.013.800;-51.217.316.745.427.100;10.0
Vila Nova//work_19;-30.126.482.719.430.300;-51.217.119.437.444.300;10.0
Vila Nova//school_19;-3.012.600.938.414.000;-5.121.738.860.681.880;10.0
Vila Nova//home_20;-30.125.206.508.213.500;-5.121.256.925.475.460;10.0
Vila Nova//work_20;-30.125.144.092.305.100;-5.121.165.715.313.280;10.0
Vila Nova//school_20;-3.012.555.055.264.690;-5.121.227.151.740.890;10.0
Vila Nova//home_21;-30.125.541.533.786.300;-5.121.097.120.623.040;10.0
Vila Nova//work_21;-30.123.245.978.429.100;-5.121.048.241.972.320;10.0
Vila Nova//school_21;-30.124.756.987.042.000;-5.121.140.127.202.720;10.0
Vila Nova//home_22;-30.127.810.320.510.600;-51.212.087.624.173.000;10.0
Vila Nova//work_22;-3.012.759.920.901.900;-5.121.232.612.905.890;10.0
Vila Nova//school_22;-30.130.072.460.638.300;-5.121.045.316.497.120;10.0
Vila Nova//home_23;-30.125.521.358.900.000;-51.209.072.055.633.900;10.0
Vila Nova//work_23;-3.012.673.615.552.530;-5.120.795.612.344.680;10.0
Vila Nova//school_23;-30.125.933.610.019.300;-5.120.824.942.279.650;10.0
Vila Nova//home_24;-30.127.288.612.395.700;-51.207.874.146.570.200;10.0
Vila Nova//work_24;-30.127.919.770.694.600;-5.120.894.800.559.480;10.0
Vila Nova//school_24;-3.012.809.030.578.170;-5.120.908.656.668.220;10.0
Vila Nova//home_25;-3.012.616.912.468.250;-51.206.392.170.647.600;10.0
Vila Nova//work_25;-3.012.648.684.840.920;-5.120.720.136.693.590;10.0
Vila Nova//school_25;-30.126.374.123.343.800;-5.120.679.764.288.870;10.0
Vila Nova//home_26;-30.127.994.871.479.900;-512.065.406.502.991;10.0
Vila Nova//work_26;-30.129.235.029.236.600;-5.120.621.656.358.640;10.0
Vila Nova//school_26;-3.012.764.488.110.190;-51.207.157.949.892.100;10.0
Vila Nova//home_27;-30.119.087.785.044.600;-5.120.292.443.038.830;10.0
Vila Nova//work_27;-30.123.338.417.102.100;-5.120.318.046.157.870;10.0
Vila Nova//school_27;-3.012.270.768.567.260;-51.204.353.723.271.700;10.0
Vila Nova//home_28;-30.120.082.332.699.400;-512.026.641.950.472;10.0
Vila Nova//work_28;-30.120.166.867.430.700;-5.120.083.483.580.680;10.0
Vila Nova//school_28;-3.011.922.321.764.710;-5.120.265.270.010.520;10.0
Vila Nova//home_29;-30.121.337.168.381.700;-5.120.164.670.418.180;10.0
Vila Nova//work_29;-30.121.108.491.985.100;-51.201.498.984.309.700;10.0
Vila Nova//school_29;-30.120.818.438.477.000;-5.120.001.675.491.590;10.0
Vila Nova//home_30;-3.012.325.789.319.250;-51.214.362.054.230.400;10.0
Vila Nova//work_30;-30.122.643.827.682.000;-51.213.327.584.536.900;10.0
Vila Nova//school_30;-3.012.326.952.485.010;-5.121.637.361.140.160;10.0
Vila Nova//home_31;-30.117.258.506.877.800;-51.214.403.011.948.000;10.0
Vila Nova//work_31;-30.116.223.584.140.500;-5.121.473.653.690.820;10.0
Vila Nova//school_31;-3.011.525.506.399.170;-5.121.509.234.207.490;10.0
Vila Nova//home_32;-3.012.598.300.120.110;-51.210.602.002.146.800;10.0
Vila Nova//work_32;-30.125.941.329.952.100;-5.121.099.054.065.950;10.0
Vila Nova//school_32;-30.125.586.863.559.800;-51.210.622.391.736.400;10.0
Vila Nova//home_33;-30.122.764.923.430.100;-5.121.720.512.462.150;10.0
Vila Nova//work_33;-301.222.055.279.192;-5.121.744.418.514.930;10.0
Vila Nova//school_33;-3.012.266.560.287.230;-51.218.341.164.925.100;10.0
Vila Nova//home_34;-30.128.051.173.982.300;-51.203.365.189.760.200;10.0
Vila Nova//work_34;-30.127.647.455.211.300;-5.120.319.577.028.010;10.0
Vila Nova//school_34;-30.128.970.175.832.300;-5.120.313.934.324.910;10.0
Vila Nova//home_35;-30.123.160.884.648.500;-51.208.607.683.853.000;10.0
Vila Nova//work_35;-30.125.768.210.952.200;-5.120.702.005.700.410;10.0
Vila Nova//school_35;-3.012.492.018.883.080;-5.120.801.322.014.490;10.0
Vila Nova//home_36;-30.122.653.807.213.200;-512.012.764.586.113;10.0
Vila Nova//work_36;-30.122.048.129.372.800;-5.120.108.225.336.010;10.0
Vila Nova//school_36;-30.122.909.097.269.000;-5.120.120.561.898.600;10.0
Vila Nova//home_37;-3.012.729.323.925.740;-5.120.409.394.691.450;10.0
Vila Nova//work_37;-30.126.643.549.173.000;-51.205.271.932.908.400;10.0
Vila Nova//school_37;-3.012.654.740.221.380;-5.120.396.436.570.660;10.0
Vila Nova//home_38;-30.112.413.494.812.800;-512.071.304.011.018;10.0
Vila Nova//work_38;-3.011.241.897.329.440;-51.207.307.996.031.500;10.0
Vila Nova//school_38;-30.108.775.327.957.000;-5.121.191.617.547.780;10.0
Vila Nova//home_39;-30.126.086.416.089.700;-5.121.906.276.928.130;10.0
Vila Nova//work_39;-30.126.775.049.419.200;-5.121.810.525.951.310;10.0
Vila Nova//school_39;-30.126.820.248.708.900;-51.218.444.750.036.300;10.0
Vila Nova//home_40;-30.134.056.224.100.000;-5.117.611.565.115.870;10.0
Vila Nova//work_40;-30.127.336.253.895.400;-5.119.147.067.618.000;10.0
Vila Nova//school_40;-301.309.379.378.867;-51.183.790.529.678.200;10.0
Vila Nova//home_41;-30.124.550.966.531.400;-5.120.080.211.804.510;10.0
Vila Nova//work_41;-30.124.057.849.879.100;-5.120.225.106.644.610;10.0
Vila Nova//school_41;-3.012.341.726.475.770;-5.119.889.092.761.520;10.0
Vila Nova//home_42;-30.121.975.084.298.500;-512.005.893.139.458;10.0
Vila Nova//work_42;-30.122.645.974.622.900;-5.119.955.014.589.620;10.0
Vila Nova//school_42;-3.012.139.941.515.040;-5.119.985.239.957.570;10.0
Vila Nova//home_43;-3.010.579.580.203.380;-5.120.238.522.460.180;10.0
Vila Nova//work_43;-30.102.146.924.894.700;-51.194.995.873.254.200;10.0
Vila Nova//school_43;-3.011.014.145.845.580;-5.120.414.023.307.100;10.0
Vila Nova//home_44;-3.011.795.243.574.050;-51.209.890.155.743.500;10.0
Vila Nova//work_44;-3.011.762.826.198.700;-51.212.454.569.617.700;10.0
Vila Nova//school_44;-301.164.216.391.116;-5.121.085.686.150.540;10.0
Vila Nova//home_45;-30.118.268.679.002.700;-5.121.184.297.948.850;10.0
Vila Nova//work_45;-30.118.209.432.332.300;-5.121.178.634.832.130;10.0
Vila Nova//school_45;-30.118.550.694.445.600;-5.121.213.737.007.220;10.0
Vila Nova//home_46;-30.119.121.109.313.200;-51.209.972.286.569.200;10.0
Vila Nova//work_46;-30.119.354.647.844.800;-5.121.202.294.119.040;10.0
Vila Nova//school_46;-30.118.678.906.414.500;-5.120.888.353.381.610;10.0
Vila Nova//home_47;-30.114.521.522.015.600;-51.216.612.798.962.600;10.0
Vila Nova//work_47;-3.011.514.191.163.890;-5.121.681.501.709.900;10.0
Vila Nova//school_47;-3.011.434.837.243.120;-5.121.650.108.782.520;10.0
Vila Nova//home_48;-3.012.027.968.197.840;-5.121.923.569.067.210;10.0
Vila Nova//work_48;-3.011.649.957.413.680;-5.121.863.705.810.790;10.0
Vila Nova//school_48;-3.011.838.101.479.360;-5.121.777.307.213.410;10.0
Vila Nova//home_49;-30.115.571.486.961.300;-51.222.616.039.657.300;10.0
Vila Nova//work_49;-301.156.032.206.642;-5.122.369.778.705.350;10.0
Vila Nova//school_49;-3.011.550.739.296.350;-51.223.233.424.273.100;10.0
Vila Nova//home_50;-30.115.321.331.798.000;-51.224.062.664.515.700;10.0
Vila Nova//work_50;-30.115.522.041.183.400;-51.224.613.206.598.200;10.0
Vila Nova//school_50;-30.115.408.148.993.500;-5.122.380.712.500.860;10.0
Vila Nova//home_51;-30.107.212.567.045.200;-5.121.301.421.655.190;10.0
Vila Nova//work_51;-30.109.081.814.944.700;-5.121.298.873.203.810;10.0
Vila Nova//school_51;-30.105.941.453.835.500;-51.210.616.051.803.300;10.0
Vila Nova//home_52;-30.105.137.042.410.600;-51.215.268.733.220.000;10.0
Vila Nova//work_52;-30.107.568.985.119.400;-51.217.399.053.670.600;10.0
Vila Nova//school_52;-30.106.734.593.442.200;-51.217.633.433.381.500;10.0
Vila Nova//home_53;-3.011.774.941.157.350;-5.120.704.405.643.030;10.0
Vila Nova//work_53;-3.011.822.301.279.500;-5.120.682.978.681.460;10.0
Vila Nova//school_53;-30.119.165.704.380.400;-5.120.646.771.415.490;10.0
Vila Nova//home_54;-3.011.817.881.628.030;-5.120.343.869.498.180;10.0
Vila Nova//work_54;-3.011.789.984.281.840;-5.120.563.650.364.300;10.0
Vila Nova//school_54;-30.118.337.492.317.200;-5.120.426.700.967.410;10.0
Vila Nova//home_55;-30.119.470.027.197.400;-5.120.527.144.511.240;10.0
Vila Nova//work_55;-30.118.204.309.038.800;-5.120.607.254.082.600;10.0
Vila Nova//school_55;-30.118.033.053.952.300;-51.206.232.167.400.500;10.0
Vila Nova//home_56;-3.010.820.655.512.740;-5.119.408.561.811.150;10.0
Vila Nova//work_56;-30.099.839.497.663.200;-5.118.388.505.466.870;10.0
Vila Nova//school_56;-30.112.373.905.648.100;-5.118.948.903.183.380;10.0
Vila Nova//home_57;-30.117.604.841.568.500;-5.118.485.139.207.040;10.0
Vila Nova//work_57;-30.117.822.451.482.000;-5.118.654.616.597.640;10.0
Vila Nova//school_57;-30.117.540.606.127.200;-51.184.542.520.949.900;10.0
Vila Nova//home_58;-30.117.994.985.037.600;-51.192.206.188.518;10.0
Vila Nova//work_58;-30.116.860.704.962.400;-51.192.576.378.779.500;10.0
Vila Nova//school_58;-30.117.621.769.613.200;-5.119.353.701.553.530;10.0
Vila S√£o Jos√©//home_0;-30.063.905.627.916.800;-5.117.012.507.752.510;10.0
Vila S√£o Jos√©//work_0;-30.063.559.398.962.400;-511.690.898.838.816;10.0
Vila S√£o Jos√©//school_0;-30.063.958.011.452.100;-5.117.061.422.878.090;10.0
Vila S√£o Jos√©//home_1;-30.065.217.422.719.500;-51.167.441.365.222.400;10.0
Vila S√£o Jos√©//work_1;-30.064.869.144.145.200;-5.116.964.304.807.610;10.0
Vila S√£o Jos√©//school_1;-3.006.471.105.765.670;-5.116.842.873.468.750;10.0
Vila S√£o Jos√©//home_2;-3.006.414.244.508.400;-5.116.726.813.553.920;10.0
Vila S√£o Jos√©//work_2;-30.063.510.543.075.500;-5.116.733.681.240.030;10.0
Vila S√£o Jos√©//school_2;-30.063.035.996.132.100;-51.167.179.634.908.700;10.0
Vila S√£o Jos√©//home_3;-30.064.168.423.763.100;-5.116.548.081.952.100;10.0
Vila S√£o Jos√©//work_3;-30.065.038.922.765.800;-51.164.952.825.185.400;10.0
Vila S√£o Jos√©//school_3;-30.063.715.117.811.900;-51.165.753.822.042.000;10.0
Vila S√£o Jos√©//home_4;-30.064.508.336.183.400;-51.161.191.139.425.100;10.0
Vila S√£o Jos√©//work_4;-30.063.860.286.083.300;-5.116.198.603.748.650;10.0
Vila S√£o Jos√©//school_4;-30.065.032.805.958.400;-51.161.959.582.559.200;10.0
Vila S√£o Jos√©//home_5;-30.068.000.146.280.700;-51.161.651.661.529.500;10.0
Vila S√£o Jos√©//work_5;-30.070.600.638.526.900;-5.116.009.805.207.570;10.0
Vila S√£o Jos√©//school_5;-30.065.400.188.939.400;-51.162.142.645.266.200;10.0
Vila S√£o Jos√©//home_6;-30.066.021.541.500.400;-51.162.434.573.269.800;10.0
Vila S√£o Jos√©//work_6;-30.066.559.034.289.100;-5.116.242.458.439.580;10.0
Vila S√£o Jos√©//school_6;-30.067.854.303.994.900;-51.163.932.504.857.500;10.0
Vila S√£o Jos√©//home_7;-30.065.967.912.901.700;-5.116.627.763.491.470;10.0
Vila S√£o Jos√©//work_7;-30.067.222.970.550.100;-5.116.597.869.233.030;10.0
Vila S√£o Jos√©//school_7;-3.006.714.042.646.590;-5.116.707.140.057.440;10.0
Vila S√£o Jos√©//home_8;-30.068.360.750.554.300;-5.116.893.057.666.750;10.0
Vila S√£o Jos√©//work_8;-300.679.083.593.166;-5.116.999.466.364.870;10.0
Vila S√£o Jos√©//school_8;-30.068.167.213.040.600;-5.116.830.637.939.940;10.0
Vila S√£o Jos√©//home_9;-30.069.787.305.710.600;-51.170.648.114.342.800;10.0
Vila S√£o Jos√©//work_9;-30.070.063.694.639.100;-5.117.006.941.447.490;10.0
Vila S√£o Jos√©//school_9;-30.069.376.951.426.300;-5.117.127.710.984.620;10.0
Vila S√£o Jos√©//home_10;-30.071.051.921.654.300;-5.117.085.473.475.160;10.0
Vila S√£o Jos√©//work_10;-30.070.705.646.604.200;-5.116.980.215.630.280;10.0
Vila S√£o Jos√©//school_10;-30.070.700.788.740.300;-51.169.917.050.102.000;10.0
Vila S√£o Jos√©//home_11;-30.070.795.282.077.300;-511.678.682.083.229;10.0
Vila S√£o Jos√©//work_11;-3.006.938.879.007.940;-5.116.777.905.150.950;10.0
Vila S√£o Jos√©//school_11;-30.069.991.413.678.000;-5.116.794.038.762.640;10.0
Vila S√£o Jos√©//home_12;-3.007.107.162.198.250;-5.116.674.639.034.580;10.0
Vila S√£o Jos√©//work_12;-3.006.945.412.793.560;-51.166.231.346.124.900;10.0
Vila S√£o Jos√©//school_12;-3.006.903.232.332.640;-5.116.589.766.979.720;10.0
Vila S√£o Jos√©//home_13;-3.007.017.211.594.700;-5.116.445.977.317.170;10.0
Vila S√£o Jos√©//work_13;-30.069.510.723.052.700;-5.116.441.529.744.090;10.0
Vila S√£o Jos√©//school_13;-30.068.409.082.117.100;-5.116.458.640.584.420;10.0
Vila S√£o Jos√©//home_14;-30.068.712.114.080.500;-5.116.333.022.335.700;10.0
Vila S√£o Jos√©//work_14;-30.068.127.556.507.000;-5.116.277.060.971.120;10.0
Vila S√£o Jos√©//school_14;-30.068.147.892.422.800;-5.116.280.551.476.990;10.0
Vila S√£o Jos√©//home_15;-30.071.329.364.801.600;-5.116.027.951.497.950;10.0
Vila S√£o Jos√©//work_15;-3.007.186.754.839.190;-51.160.003.668.040.600;10.0
Vila S√£o Jos√©//school_15;-30.071.151.259.132.300;-51.161.150.656.916.600;10.0
Vila S√£o Jos√©//home_16;-3.007.545.437.452.600;-5.116.190.435.650.050;10.0
Vila S√£o Jos√©//work_16;-30.072.257.448.411.000;-51.161.860.579.871.700;10.0
Vila S√£o Jos√©//school_16;-3.007.216.774.883.840;-51.161.605.884.262.200;10.0
Vila S√£o Jos√©//home_17;-3.007.263.485.893.510;-5.116.251.844.822.400;10.0
Vila S√£o Jos√©//work_17;-30.072.840.253.660.900;-5.116.217.208.398.180;10.0
Vila S√£o Jos√©//school_17;-3.007.103.551.873.740;-5.116.292.922.153.190;10.0
Vila S√£o Jos√©//home_18;-3.007.384.272.112.840;-5.116.409.393.979.230;10.0
Vila S√£o Jos√©//work_18;-30.072.859.302.896.800;-51.164.742.023.478.900;10.0
Vila S√£o Jos√©//school_18;-30.072.366.526.528.500;-5.116.346.884.939.490;10.0
Vila S√£o Jos√©//home_19;-30.072.145.510.255.900;-5.116.587.652.021.240;10.0
Vila S√£o Jos√©//work_19;-3.007.335.248.716.650;-51.165.926.890.543.700;10.0
Vila S√£o Jos√©//school_19;-30.074.005.693.090.400;-511.654.211.015.894;10.0
Vila S√£o Jos√©//home_20;-30.073.554.794.036.800;-51.168.812.905.279.400;10.0
Vila S√£o Jos√©//work_20;-30.071.772.362.992.100;-5.116.857.766.854.070;10.0
Vila S√£o Jos√©//school_20;-30.071.336.838.083.300;-51.167.458.369.200.700;10.0
Vila S√£o Jos√©//home_21;-30.074.727.215.353.600;-51.169.441.236.885.100;10.0
Vila S√£o Jos√©//work_21;-30.073.078.869.226.600;-51.171.128.100.076.900;10.0
Vila S√£o Jos√©//school_21;-30.073.088.560.001.500;-5.117.053.568.665.900;10.0
Vila S√£o Jos√©//home_22;-30.075.998.787.564.600;-51.170.406.660.469.100;10.0
Vila S√£o Jos√©//work_22;-3.007.620.078.777.870;-5.116.941.283.342.520;10.0
Vila S√£o Jos√©//school_22;-30.075.296.503.709.000;-5.116.924.742.578.010;10.0
Vila S√£o Jos√©//home_23;-30.077.103.097.711.600;-5.116.898.536.797.550;10.0
Vila S√£o Jos√©//work_23;-30.076.935.015.136.900;-5.116.850.929.660.040;10.0
Vila S√£o Jos√©//school_23;-3.007.593.917.031.600;-5.116.893.432.099.300;10.0
Vila S√£o Jos√©//home_24;-300.759.514.887.077;-5.116.625.466.859.740;10.0
Vila S√£o Jos√©//work_24;-30.075.748.005.965.100;-5.116.761.081.429.860;10.0
Vila S√£o Jos√©//school_24;-30.074.038.182.595.900;-5.116.809.278.154.370;10.0
Vila S√£o Jos√©//home_25;-3.007.501.677.366.320;-5.116.532.735.832.650;10.0
Vila S√£o Jos√©//work_25;-30.074.946.667.502.700;-5.116.496.565.352.240;10.0
Vila S√£o Jos√©//school_25;-30.074.745.936.414.300;-5.116.438.163.916.330;10.0
Vila S√£o Jos√©//home_26;-3.007.748.108.556.610;-5.116.584.138.329.400;10.0
Vila S√£o Jos√©//work_26;-30.077.005.405.699.600;-51.165.864.223.333.900;10.0
Vila S√£o Jos√©//school_26;-30.077.603.647.385.900;-51.166.621.513.766.100;10.0
Vila S√£o Jos√©//home_27;-30.076.435.947.985.800;-51.163.294.204.205.100;10.0
Vila S√£o Jos√©//work_27;-3.007.615.009.413.420;-5.116.463.497.068.470;10.0
Vila S√£o Jos√©//school_27;-30.077.809.954.848.700;-5.116.337.818.020.430;10.0
Vila S√£o Jos√©//home_28;-3.007.642.301.684.060;-5.116.115.099.952.740;10.0
Vila S√£o Jos√©//work_28;-30.077.154.896.389.300;-5.116.168.948.099.790;10.0
Vila S√£o Jos√©//school_28;-30.076.734.418.393.000;-511.610.814.128.867;10.0
Vila S√£o Jos√©//home_29;-30.081.140.231.761.800;-5.116.136.403.369.470;10.0
Vila S√£o Jos√©//work_29;-3.008.578.003.284.810;-5.116.328.489.567.160;10.0
Vila S√£o Jos√©//school_29;-30.079.702.342.985;-51.162.555.035.397.700;10.0
Vila S√£o Jos√©//home_30;-30.079.018.683.664.200;-5.116.463.746.187.560;10.0
Vila S√£o Jos√©//work_30;-30.079.902.612.363.900;-51.164.697.557.793.000;10.0
Vila S√£o Jos√©//school_30;-30.078.744.631.214;-5.116.492.691.617.260;10.0
Vila S√£o Jos√©//home_31;-30.072.703.054.901.800;-511.596.487.499.325;10.0
Vila S√£o Jos√©//work_31;-30.073.019.931.155.300;-51.160.306.407.015.300;10.0
Vila S√£o Jos√©//school_31;-30.072.382.834.853.200;-51.159.854.724.179.700;10.0
Vila S√£o Jos√©//home_32;-30.084.656.526.626.200;-5.115.519.283.906.800;10.0
Vila S√£o Jos√©//work_32;-3.009.117.201.825.920;-5.115.301.697.473.280;10.0
Vila S√£o Jos√©//school_32;-3.007.996.497.701.200;-5.115.877.492.750.500;10.0
Vila S√£o Jos√©//home_33;-3.007.723.819.741.160;-5.115.976.179.298.230;10.0
Vila S√£o Jos√©//work_33;-30.075.383.740.365.000;-5.115.952.505.182.970;10.0
Vila S√£o Jos√©//school_33;-30.076.835.761.608.100;-5.116.004.711.741.430;10.0
Vila S√£o Jos√©//home_34;-30.063.732.056.178.400;-51.163.831.294.414.200;10.0
Vila S√£o Jos√©//work_34;-30.063.257.432.076.600;-5.116.369.569.435.640;10.0
Vila S√£o Jos√©//school_34;-3.006.285.530.528.070;-5.116.438.368.121.660;10.0
Vila S√£o Jos√©//home_35;-30.064.657.007.948.700;-51.164.105.581.343.800;10.0
Vila S√£o Jos√©//work_35;-300.642.448.270.031;-5.116.362.257.686.090;10.0
Vila S√£o Jos√©//school_35;-30.063.905.055.143.100;-51.163.617.405.420.100;10.0
Vila S√£o Jos√©//home_36;-300.650.806.882.576;-51.163.903.100.633.600;10.0
Vila S√£o Jos√©//work_36;-30.064.986.008.792.300;-5.116.401.949.948.690;10.0
Vila S√£o Jos√©//school_36;-30.064.645.864.810.600;-5.116.356.622.126.340;10.0
Vila S√£o Jos√©//home_37;-30.079.193.052.190.500;-5.115.825.558.202.980;10.0
Vila S√£o Jos√©//work_37;-3.007.866.618.356.270;-5.115.843.289.291.500;10.0
Vila S√£o Jos√©//school_37;-30.076.875.933.773.800;-5.115.830.760.494.160;10.0
Vila S√£o Jos√©//home_38;-30.073.560.232.602.300;-511.598.659.110.194;10.0
Vila S√£o Jos√©//work_38;-30.074.514.579.815.000;-5.116.042.227.287.800;10.0
Vila S√£o Jos√©//school_38;-30.073.422.164.296.400;-51.159.974.058.052.300;10.0