"node_name","lat","long","water_level"
"Aberta dos Morros//home_0",-30.15485292926048,-51.20812446292959,""
"Aberta dos Morros//work_0",-30.150655981583697,-51.203763652437566,""
"Aberta dos Morros//school_0",-30.156642932693444,-51.20673627003515,""
"Aberta dos Morros//home_1",-30.153026852752188,-51.201113548951234,""
"Aberta dos Morros//work_1",-30.153738907106906,-51.20511897140919,""
"Aberta dos Morros//school_1",-30.15223389964839,-51.20162191960295,""
"Aberta dos Morros//home_2",-30.155629344582195,-51.20613509626152,""
"Aberta dos Morros//work_2",-30.15530167060477,-51.20181902802901,""
"Aberta dos Morros//school_2",-30.155887634726334,-51.20396222519724,""
"Aberta dos Morros//home_3",-30.154327925730247,-51.2026243566697,""
"Aberta dos Morros//work_3",-30.15430032872117,-51.20168004249269,""
"Aberta dos Morros//school_3",-30.15437469126779,-51.20219590939113,""
"Aberta dos Morros//home_4",-30.15586758467885,-51.19955831068078,""
"Aberta dos Morros//work_4",-30.15598859266465,-51.198418239717434,""
"Aberta dos Morros//school_4",-30.155999561182135,-51.19837864832993,""
"Aberta dos Morros//home_5",-30.15811677371692,-51.19858938968048,""
"Aberta dos Morros//work_5",-30.157926604678483,-51.20021050746438,""
"Aberta dos Morros//school_5",-30.15819349870188,-51.194963296316786,""
"Aberta dos Morros//home_6",-30.161235690861677,-51.1967111156982,""
"Aberta dos Morros//work_6",-30.16066039396153,-51.20025375779907,""
"Aberta dos Morros//school_6",-30.16114969776428,-51.19903145246823,""
"Aberta dos Morros//home_7",-30.159044498038593,-51.20218646247404,""
"Aberta dos Morros//work_7",-30.164599094193296,-51.206424129752,""
"Aberta dos Morros//school_7",-30.158655040716216,-51.20232991001423,""
"Aberta dos Morros//home_8",-30.168801671332083,-51.20140058443959,""
"Aberta dos Morros//work_8",-30.159844277195262,-51.192505397731765,""
"Aberta dos Morros//school_8",-30.169546746795927,-51.198137417786505,""
"Aberta dos Morros//home_9",-30.16181961580389,-51.1983722586973,""
"Aberta dos Morros//work_9",-30.163626541297173,-51.201289402559084,""
"Aberta dos Morros//school_9",-30.16183825952671,-51.198132983494325,""
"Aberta dos Morros//home_10",-30.146903923264627,-51.20026424007765,""
"Aberta dos Morros//work_10",-30.14653160570723,-51.19855947536514,""
"Aberta dos Morros//school_10",-30.146658806803195,-51.19629584411415,""
"Aberta dos Morros//home_11",-30.152516892630267,-51.19484825362211,""
"Aberta dos Morros//work_11",-30.15579646164555,-51.19763137115594,""
"Aberta dos Morros//school_11",-30.15637084061908,-51.19299779258595,""
"Agronomia//home_0",-30.067372845931146,-51.15024193499512,""
"Agronomia//work_0",-30.06857755298827,-51.14634721178813,""
"Agronomia//school_0",-30.06774192982091,-51.149850083355815,""
"Agronomia//home_1",-30.071401390292497,-51.14424746268821,""
"Agronomia//work_1",-30.07151574392595,-51.14407566945049,""
"Agronomia//school_1",-30.071823385129687,-51.14365385871536,""
"Agronomia//home_2",-30.065929526215935,-51.149975079237116,""
"Agronomia//work_2",-30.06842956021061,-51.14539896245738,""
"Agronomia//school_2",-30.06509113198968,-51.15049480250264,""
"Agronomia//home_3",-30.07652153541582,-51.154045581555565,""
"Agronomia//work_3",-30.077024288453767,-51.15239476202642,""
"Agronomia//school_3",-30.079376554685638,-51.15598355542132,""
"Agronomia//home_4",-30.07088299989515,-51.1479444891606,""
"Agronomia//work_4",-30.070102810382856,-51.14758949118802,""
"Agronomia//school_4",-30.070470015340746,-51.149107091024085,""
"Agronomia//home_5",-30.08627225291279,-51.14193534375027,""
"Agronomia//work_5",-30.077311676755404,-51.14622818908549,""
"Agronomia//school_5",-30.077703991357293,-51.14378522928814,""
"Agronomia//home_6",-30.06619381510722,-51.12982631591541,""
"Agronomia//work_6",-30.068964850218133,-51.1250434294593,""
"Agronomia//school_6",-30.07037207347372,-51.13731041038116,""
"Anchieta//home_0",-29.98352796817555,-51.15602678845206,""
"Anchieta//work_0",-29.980712209360828,-51.16736806415035,""
"Anchieta//school_0",-29.978202482833154,-51.15757013422564,""
"Anchieta//home_1",-29.97033056033379,-51.15694895399462,""
"Anchieta//work_1",-29.977642669584437,-51.15564875646758,""
"Anchieta//school_1",-29.968636128295316,-51.15750147202869,""
"Anchieta//home_2",-29.9852765164799,-51.155380054797654,""
"Anchieta//work_2",-29.986144508211453,-51.15542965344527,""
"Anchieta//school_2",-29.986540038664856,-51.155373381102514,""
"Anchieta//home_3",-29.967964737580385,-51.171174711425635,""
"Anchieta//work_3",-29.967976903618336,-51.17156340903919,""
"Anchieta//school_3",-29.967921465667043,-51.17185800897309,""
"Anchieta//home_4",-29.968414857474045,-51.1720850381157,""
"Anchieta//work_4",-29.978077121127942,-51.17496427430227,""
"Anchieta//school_4",-29.966645784235016,-51.15590454495185,""
"Anchieta//home_5",-29.989756070132486,-51.160071631301314,""
"Anchieta//work_5",-29.99563636194096,-51.148483289276506,""
"Anchieta//school_5",-29.99583619047155,-51.16769121472479,""
"Arquipélago//home_0",-30.016092718670354,-51.25839943343015,""
"Arquipélago//work_0",-30.015619354711205,-51.25792512458527,""
"Arquipélago//school_0",-30.012433702343948,-51.2620567835148,""
"Arquipélago//home_1",-30.01896885027492,-51.25731182886809,""
"Arquipélago//work_1",-30.02102292077598,-51.25621319456087,""
"Arquipélago//school_1",-30.021857144596982,-51.255962469694445,""
"Arquipélago//home_2",-30.0304160741169,-51.25194188847647,""
"Arquipélago//work_2",-30.02831070408233,-51.252012969039676,""
"Arquipélago//school_2",-30.03040558466483,-51.25331223771848,""
"Arquipélago//home_3",-29.987871035094066,-51.225736482306736,""
"Arquipélago//work_3",-29.987689321038584,-51.224281460506475,""
"Arquipélago//school_3",-29.989512532481708,-51.224426557297086,""
"Arquipélago//home_4",-29.964548727894773,-51.23204325088817,""
"Arquipélago//work_4",-29.963643824904224,-51.23175954920582,""
"Arquipélago//school_4",-29.97340923630136,-51.22819967150398,""
"Arquipélago//home_5",-29.99400232499197,-51.22120499732744,""
"Arquipélago//work_5",-29.993831823957954,-51.22197624265407,""
"Arquipélago//school_5",-29.992701936342588,-51.217966191028246,""
"Arquipélago//home_6",-30.016959023753067,-51.263904631332174,""
"Arquipélago//work_6",-30.013934303940324,-51.26226668583924,""
"Arquipélago//school_6",-30.01511334084994,-51.25969108547778,""
"Arquipélago//home_7",-30.020795267422624,-51.258832731996115,""
"Arquipélago//work_7",-30.017492365739674,-51.25989750373699,""
"Arquipélago//school_7",-30.016494638086208,-51.26045777406566,""
"Arquipélago//home_8",-30.008110133075235,-51.225689442717425,""
"Arquipélago//work_8",-30.00187142797123,-51.223610345808694,""
"Arquipélago//school_8",-30.002002705587195,-51.2233467246483,""
"Arquipélago//home_9",-29.948060239252964,-51.24535319936427,""
"Arquipélago//work_9",-29.987328937368165,-51.23209885553442,""
"Arquipélago//school_9",-29.941916758360577,-51.25342134675194,""
"Arquipélago//home_10",-29.990638094799966,-51.215091678805,""
"Arquipélago//work_10",-29.991175971519002,-51.21560959772391,""
"Arquipélago//school_10",-29.998903830449997,-51.21463869856039,""
"Arquipélago//home_11",-29.972133266174698,-51.267140374509594,""
"Arquipélago//work_11",-29.968277170398704,-51.280131452928536,""
"Arquipélago//school_11",-29.964758347902052,-51.274144994370246,""
"Arquipélago//home_12",-29.985534878239733,-51.24199705439882,""
"Arquipélago//work_12",-29.987127933744684,-51.25685115596879,""
"Arquipélago//school_12",-29.98774940026131,-51.266066455871155,""
"Arquipélago//home_13",-29.987103658642244,-51.24916467069444,""
"Arquipélago//work_13",-29.986967468112432,-51.25363782010316,""
"Arquipélago//school_13",-29.993605121498927,-51.25631150272739,""
"Arquipélago//home_14",-30.01276472236906,-51.22596282608916,""
"Arquipélago//work_14",-30.016232496606275,-51.22616174461595,""
"Arquipélago//school_14",-30.01963583796649,-51.23054314873396,""
"Arquipélago//home_15",-30.020124351935767,-51.24365746124479,""
"Arquipélago//work_15",-30.013060844750658,-51.249248660867394,""
"Arquipélago//school_15",-30.013311557774045,-51.24770213618477,""
"Arquipélago//home_16",-30.028065801400846,-51.254883885137524,""
"Arquipélago//work_16",-30.02393950750036,-51.264525203669564,""
"Arquipélago//school_16",-30.034485933822218,-51.25631755225229,""
"Auxiliadora//home_0",-30.019191818911473,-51.19597351223342,""
"Auxiliadora//work_0",-30.018852435019802,-51.19630542846147,""
"Auxiliadora//school_0",-30.019433092834465,-51.19697228327445,""
"Auxiliadora//home_1",-30.022263982141123,-51.19637681956661,""
"Auxiliadora//work_1",-30.02007338689029,-51.196827636661716,""
"Auxiliadora//school_1",-30.020240255933235,-51.196652193895396,""
"Auxiliadora//home_2",-30.02380879494462,-51.195748839875684,""
"Auxiliadora//work_2",-30.024064981085196,-51.195467619652455,""
"Auxiliadora//school_2",-30.024465362931995,-51.19611779354257,""
"Auxiliadora//home_3",-30.02330315195978,-51.194154830005836,""
"Auxiliadora//work_3",-30.024546633454804,-51.1938104554163,""
"Auxiliadora//school_3",-30.02439974424662,-51.19402101854728,""
"Auxiliadora//home_4",-30.02363724391499,-51.193296131778716,""
"Auxiliadora//work_4",-30.023174419138435,-51.19336068886861,""
"Auxiliadora//school_4",-30.023382372072664,-51.19277145997525,""
"Auxiliadora//home_5",-30.02296733828652,-51.19500335564548,""
"Auxiliadora//work_5",-30.020878186249817,-51.19493761972619,""
"Auxiliadora//school_5",-30.022247886229895,-51.19440779034239,""
"Auxiliadora//home_6",-30.01798207025933,-51.19706483340934,""
"Auxiliadora//work_6",-30.018051468573084,-51.19706129879344,""
"Auxiliadora//school_6",-30.017868742017185,-51.195968614262966,""
"Auxiliadora//home_7",-30.019459097643466,-51.19137204824307,""
"Auxiliadora//work_7",-30.01775774884004,-51.193086286230276,""
"Auxiliadora//school_7",-30.018532264754946,-51.19421273713494,""
"Auxiliadora//home_8",-30.02193140406155,-51.19197905560657,""
"Auxiliadora//work_8",-30.022413903111406,-51.193525383791545,""
"Auxiliadora//school_8",-30.02287729684724,-51.193698949393415,""
"Auxiliadora//home_9",-30.023043416963432,-51.18780761419863,""
"Auxiliadora//work_9",-30.02334203567605,-51.18818086661679,""
"Auxiliadora//school_9",-30.023185422785087,-51.18746085961945,""
"Auxiliadora//home_10",-30.02201000367833,-51.1890305737343,""
"Auxiliadora//work_10",-30.022472192763978,-51.189076101180866,""
"Auxiliadora//school_10",-30.021829270110768,-51.189173509215976,""
"Auxiliadora//home_11",-30.020327202497146,-51.18919171307273,""
"Auxiliadora//work_11",-30.019180456423804,-51.18929620498791,""
"Auxiliadora//school_11",-30.01920924008301,-51.18913871895854,""
"Auxiliadora//home_12",-30.018978952661456,-51.18825876458126,""
"Auxiliadora//work_12",-30.019567295645306,-51.187967667632634,""
"Auxiliadora//school_12",-30.020554585962213,-51.18833027567826,""
"Auxiliadora//home_13",-30.020869775498614,-51.185703851730025,""
"Auxiliadora//work_13",-30.021639102402325,-51.185227939226955,""
"Auxiliadora//school_13",-30.01965852864269,-51.18641441978358,""
"Auxiliadora//home_14",-30.022038390800045,-51.187123164693936,""
"Auxiliadora//work_14",-30.022080024762033,-51.18744409420145,""
"Auxiliadora//school_14",-30.023323574466875,-51.187416693393274,""
"Auxiliadora//home_15",-30.02397154357287,-51.18460328906922,""
"Auxiliadora//work_15",-30.023776242498805,-51.183664661340096,""
"Auxiliadora//school_15",-30.02202216595617,-51.184962174175176,""
"Auxiliadora//home_16",-30.01901834130114,-51.19431003557934,""
"Auxiliadora//work_16",-30.020404266526377,-51.19415107546,""
"Auxiliadora//school_16",-30.019801120108905,-51.19487642904491,""
"Auxiliadora//home_17",-30.02294761230536,-51.191172044124215,""
"Auxiliadora//work_17",-30.024071203325,-51.19189158409015,""
"Auxiliadora//school_17",-30.02367036047807,-51.19177957402905,""
"Auxiliadora//home_18",-30.020159199453065,-51.189822839573,""
"Auxiliadora//work_18",-30.02055508725401,-51.18960658193664,""
"Auxiliadora//school_18",-30.021171529769212,-51.18951446129539,""
"Auxiliadora//home_19",-30.0208742072793,-51.191888085713096,""
"Auxiliadora//work_19",-30.020638771832267,-51.19126323791098,""
"Auxiliadora//school_19",-30.0196718947415,-51.19225037564613,""
"Auxiliadora//home_20",-30.021741940015964,-51.19243039415066,""
"Auxiliadora//work_20",-30.02139825339974,-51.192432274098216,""
"Auxiliadora//school_20",-30.01977817943423,-51.19273243829573,""
"Azenha//home_0",-30.043315003666827,-51.217724207709516,7.6
"Azenha//work_0",-30.043325383484024,-51.217889919436224,7.6
"Azenha//school_0",-30.04285055633106,-51.21767404625153,8.0
"Azenha//home_1",-30.0432358144583,-51.21918209970317,7.1
"Azenha//work_1",-30.043318447433926,-51.2192613720053,5.7
"Azenha//school_1",-30.042551668303794,-51.21867758165333,8.0
"Azenha//home_2",-30.041951926158248,-51.2167783348322,8.0
"Azenha//work_2",-30.042383567901798,-51.215669301646635,7.9
"Azenha//school_2",-30.042397182237337,-51.21608980763082,7.9
"Azenha//home_3",-30.042096950670476,-51.215896362562425,8.2
"Azenha//work_3",-30.04204724005362,-51.21591768351771,8.2
"Azenha//school_3",-30.041294621519835,-51.216402138223465,7.2
"Azenha//home_4",-30.04701027232023,-51.21834686808609,4.0
"Azenha//work_4",-30.046929522651887,-51.21781802561733,4.3
"Azenha//school_4",-30.044550412133656,-51.21950349735121,4.9
"Azenha//home_5",-30.04445121568225,-51.21837379882278,5.9
"Azenha//work_5",-30.04331281653708,-51.21707300358651,6.9
"Azenha//school_5",-30.044696426581652,-51.217463847720886,6.8
"Azenha//home_6",-30.04416317459327,-51.21598430399609,6.9
"Azenha//work_6",-30.043593969444373,-51.216185179036025,7.7
"Azenha//school_6",-30.043492351335704,-51.21573305976303,7.7
"Azenha//home_7",-30.04425353914112,-51.21540666566807,6.9
"Azenha//work_7",-30.046282988333644,-51.2140493616544,4.4
"Azenha//school_7",-30.046015393032427,-51.21406761042976,5.8
"Azenha//home_8",-30.046331715243124,-51.214672417566184,5.1
"Azenha//work_8",-30.045666662244038,-51.215068214217816,5.8
"Azenha//school_8",-30.046431378002048,-51.21459302704157,4.4
"Azenha//home_9",-30.044563999440786,-51.21419657809483,6.1
"Azenha//work_9",-30.046407183229462,-51.213652737683795,6.1
"Azenha//school_9",-30.047413410566783,-51.21319094333674,4.4
"Azenha//home_10",-30.05041836491762,-51.21664960422337,5.9
"Azenha//work_10",-30.049726829208264,-51.2157043704016,5.2
"Azenha//school_10",-30.050241027440336,-51.21688524108301,5.7
"Azenha//home_11",-30.04954357415539,-51.21139838348992,9.1
"Azenha//work_11",-30.049387234541147,-51.21090283101784,9.4
"Azenha//school_11",-30.04952602473756,-51.21071725726525,9.5
"Azenha//home_12",-30.049918902125782,-51.21160065180852,9.9
"Azenha//work_12",-30.048744585674992,-51.21325961085422,7.1
"Azenha//school_12",-30.050639804508446,-51.211849063198414,9.9
"Azenha//home_13",-30.050693338432342,-51.21320300960267,9.0
"Azenha//work_13",-30.050509882740037,-51.21557441485054,7.5
"Azenha//school_13",-30.050800172041654,-51.214723324687434,8.0
"Azenha//home_14",-30.05206204910163,-51.2161703240804,9.0
"Azenha//work_14",-30.051913941487747,-51.214474670378834,10.0
"Azenha//school_14",-30.052290665241042,-51.21579870747256,9.2
"Azenha//home_15",-30.053448050503984,-51.21529092979184,10.0
"Azenha//work_15",-30.053584682771692,-51.214857148205326,10.0
"Azenha//school_15",-30.052612433172307,-51.21672062998458,8.6
"Azenha//home_16",-30.054463813058682,-51.21606587351945,10.0
"Azenha//work_16",-30.055110631106277,-51.21704595173469,10.0
"Azenha//school_16",-30.054336281821765,-51.21828675118988,7.7
"Azenha//home_17",-30.055542213878006,-51.21538101420764,10.0
"Azenha//work_17",-30.05528400198527,-51.21658205428725,10.0
"Azenha//school_17",-30.055089591324528,-51.21618015879693,10.0
"Azenha//home_18",-30.05448229310393,-51.21278983416142,10.0
"Azenha//work_18",-30.055443756393025,-51.21365477761199,10.0
"Azenha//school_18",-30.058073056086087,-51.210789228197775,10.0
"Azenha//home_19",-30.05815992147175,-51.21482451031015,10.0
"Azenha//work_19",-30.05805342210748,-51.21472915303035,10.0
"Azenha//school_19",-30.05768546696492,-51.21523554226208,10.0
"Azenha//home_20",-30.059174886449924,-51.216101989792726,10.0
"Azenha//work_20",-30.058014622800577,-51.21722886561033,10.0
"Azenha//school_20",-30.05747266912876,-51.217430537212785,10.0
"Azenha//home_21",-30.058544687990125,-51.21228684396658,10.0
"Azenha//work_21",-30.058795631582807,-51.212209943134674,10.0
"Azenha//school_21",-30.05834410067382,-51.21313670884489,10.0
"Azenha//home_22",-30.043947752662625,-51.21904363553863,6.6
"Azenha//work_22",-30.04352568880015,-51.21948270933027,4.6
"Azenha//school_22",-30.043953931999987,-51.21918790998048,6.6
"Azenha//home_23",-30.05000295578789,-51.21069428464817,10.0
"Azenha//work_23",-30.04980765118588,-51.209988989949586,10.0
"Azenha//school_23",-30.050279746453626,-51.21076092489737,10.0
"Azenha//home_24",-30.045890622816152,-51.2164075605332,5.5
"Azenha//work_24",-30.046468082948696,-51.215783728256355,4.8
"Azenha//school_24",-30.044847520694933,-51.21705695773164,6.1
"Azenha//home_25",-30.04503908424886,-51.216373110917885,6.0
"Azenha//work_25",-30.045777282667704,-51.21578331822031,5.8
"Azenha//school_25",-30.04478285386187,-51.216215518819745,6.4
"Azenha//home_26",-30.048661128607737,-51.215860791179324,4.3
"Azenha//work_26",-30.0480976153518,-51.21651184514273,4.3
"Azenha//school_26",-30.049601537274388,-51.216709554774496,4.3
"Azenha//home_27",-30.05169296255634,-51.21665515523369,8.2
"Azenha//work_27",-30.05138877367034,-51.21777196766938,6.7
"Azenha//school_27",-30.052079649306542,-51.21667950458405,8.4
"Azenha//home_28",-30.05262828190359,-51.21711648928844,8.5
"Azenha//work_28",-30.05362560391658,-51.21769665778405,8.8
"Azenha//school_28",-30.052840855473757,-51.217508105352145,8.9
"Azenha//home_29",-30.051374845114932,-51.2107021456763,10.0
"Azenha//work_29",-30.051166600861418,-51.21047570538212,10.0
"Azenha//school_29",-30.0503709983645,-51.21276366559398,9.2
"Azenha//home_30",-30.05193054976519,-51.211215568361936,10.0
"Azenha//work_30",-30.05183179040612,-51.210740789455855,10.0
"Azenha//school_30",-30.05214638910349,-51.2104440259918,10.0
"Azenha//home_31",-30.053739943794127,-51.213206820998245,10.0
"Azenha//work_31",-30.053774387669854,-51.213350225805776,10.0
"Azenha//school_31",-30.05394125410504,-51.21333968323852,10.0
"Azenha//home_32",-30.051780333907942,-51.21291909725988,10.0
"Azenha//work_32",-30.052917965853183,-51.21249474879408,10.0
"Azenha//school_32",-30.05503275279969,-51.213557583556806,10.0
"Bela Vista//home_0",-30.038066105207882,-51.1955726597438,""
"Bela Vista//work_0",-30.037964639157472,-51.194440674911434,""
"Bela Vista//school_0",-30.038633912000396,-51.19540892901538,""
"Bela Vista//home_1",-30.030701796636514,-51.195066282854256,""
"Bela Vista//work_1",-30.03199124339097,-51.19497666939204,""
"Bela Vista//school_1",-30.031228351687417,-51.19580403085067,""
"Bela Vista//home_2",-30.03295709501186,-51.19394186118767,""
"Bela Vista//work_2",-30.033998167559012,-51.19424149067743,""
"Bela Vista//school_2",-30.034298284789756,-51.193472360585126,""
"Bela Vista//home_3",-30.033063410233616,-51.19197730384442,""
"Bela Vista//work_3",-30.032905855282472,-51.19093636446915,""
"Bela Vista//school_3",-30.0325166380346,-51.19088808573676,""
"Bela Vista//home_4",-30.029925147196906,-51.18580805919613,""
"Bela Vista//work_4",-30.030412564742544,-51.18543010259387,""
"Bela Vista//school_4",-30.031375260660493,-51.185895040483885,""
"Bela Vista//home_5",-30.02942767896294,-51.18122763311321,""
"Bela Vista//work_5",-30.029109827423564,-51.18257736390608,""
"Bela Vista//school_5",-30.02882598184312,-51.18215482576318,""
"Bela Vista//home_6",-30.031222162688184,-51.18555805783426,""
"Bela Vista//work_6",-30.033660212308856,-51.18490611091701,""
"Bela Vista//school_6",-30.03284421730494,-51.18560542674716,""
"Bela Vista//home_7",-30.034138532297042,-51.18592420928957,""
"Bela Vista//work_7",-30.03443784924206,-51.18528077410724,""
"Bela Vista//school_7",-30.03278518647852,-51.186350673596465,""
"Bela Vista//home_8",-30.034913712482425,-51.19059175511523,""
"Bela Vista//work_8",-30.03516255222309,-51.19044395467207,""
"Bela Vista//school_8",-30.03553300282714,-51.18931893108961,""
"Bela Vista//home_9",-30.037313016524266,-51.18977570805714,""
"Bela Vista//work_9",-30.03685746970463,-51.18955283509489,""
"Bela Vista//school_9",-30.036371283609466,-51.18867889946875,""
"Bela Vista//home_10",-30.03767294497653,-51.1887782476656,""
"Bela Vista//work_10",-30.037993452200038,-51.18973401190739,""
"Bela Vista//school_10",-30.03819204321494,-51.19074737644502,""
"Bela Vista//home_11",-30.03752446571916,-51.19123222670174,""
"Bela Vista//work_11",-30.038348862220804,-51.191483992033525,""
"Bela Vista//school_11",-30.03692716773183,-51.19172793852324,""
"Bela Vista//home_12",-30.036815702103382,-51.19358204425133,""
"Bela Vista//work_12",-30.035607569143146,-51.19290340920559,""
"Bela Vista//school_12",-30.03676654913836,-51.19319199116834,""
"Bela Vista//home_13",-30.036967723612193,-51.19424950503041,""
"Bela Vista//work_13",-30.03608801864312,-51.194128400564054,""
"Bela Vista//school_13",-30.037681186453568,-51.19424224058932,""
"Bela Vista//home_14",-30.035496051199633,-51.19498749651147,""
"Bela Vista//work_14",-30.03753034174864,-51.19451144549953,""
"Bela Vista//school_14",-30.037490699056423,-51.19464627230502,""
"Bela Vista//home_15",-30.035077010726592,-51.19511439756599,""
"Bela Vista//work_15",-30.036820468641086,-51.19539376583286,""
"Bela Vista//school_15",-30.037563501378784,-51.19497002197429,""
"Bela Vista//home_16",-30.031311946226154,-51.184195698165325,""
"Bela Vista//work_16",-30.030965214243235,-51.183868457384406,""
"Bela Vista//school_16",-30.030940248036238,-51.18378830466531,""
"Bela Vista//home_17",-30.03375713578068,-51.18672009180837,""
"Bela Vista//work_17",-30.034360966286062,-51.19114148926828,""
"Bela Vista//school_17",-30.034121039445125,-51.18869533998114,""
"Bela Vista//home_18",-30.036026354371888,-51.189858536496054,""
"Bela Vista//work_18",-30.036466857130765,-51.18963838331151,""
"Bela Vista//school_18",-30.035895562494467,-51.191337802878984,""
"Bela Vista//home_19",-30.034312598505274,-51.194857502929196,""
"Bela Vista//work_19",-30.033893202189073,-51.195798627714645,""
"Bela Vista//school_19",-30.03423088144796,-51.19542952176276,""
"Bela Vista//home_20",-30.031820754910115,-51.18906954969183,""
"Bela Vista//work_20",-30.033094468834342,-51.18941326944421,""
"Bela Vista//school_20",-30.03068021874684,-51.19006608753663,""
"Bela Vista//home_21",-30.032006324741342,-51.18846844948529,""
"Bela Vista//work_21",-30.03121909680705,-51.18885734707087,""
"Bela Vista//school_21",-30.031483232811137,-51.18687096740575,""
"Belém Novo//home_0",-30.189957226460034,-51.17964430701796,""
"Belém Novo//work_0",-30.194328096696843,-51.18363695558934,""
"Belém Novo//school_0",-30.19087353835179,-51.18867857224394,""
"Belém Novo//home_1",-30.194914978962828,-51.18637690306837,""
"Belém Novo//work_1",-30.197255818642017,-51.18263425940632,""
"Belém Novo//school_1",-30.19675787619738,-51.18374697252904,""
"Belém Novo//home_2",-30.203569299678325,-51.18619537202686,""
"Belém Novo//work_2",-30.2033954336084,-51.180163916799,""
"Belém Novo//school_2",-30.204275578494926,-51.19357736468779,""
"Belém Novo//home_3",-30.211454027093136,-51.18288027807345,""
"Belém Novo//work_3",-30.21181237279424,-51.18198060999952,""
"Belém Novo//school_3",-30.213026419539833,-51.181835714189006,""
"Belém Novo//home_4",-30.208009721139483,-51.190058589814306,""
"Belém Novo//work_4",-30.21014416692245,-51.18333611393382,""
"Belém Novo//school_4",-30.209818815601274,-51.18589412821167,""
"Belém Novo//home_5",-30.211669582462225,-51.178441146819175,""
"Belém Novo//work_5",-30.21056418246439,-51.177086913621274,""
"Belém Novo//school_5",-30.211557095621195,-51.1797425818676,""
"Belém Novo//home_6",-30.209853269576502,-51.180649896671184,""
"Belém Novo//work_6",-30.208753956861806,-51.17929146119287,""
"Belém Novo//school_6",-30.20957246424995,-51.17675336371732,""
"Belém Novo//home_7",-30.214765757145667,-51.17472665432003,""
"Belém Novo//work_7",-30.213679329397667,-51.176642108010874,""
"Belém Novo//school_7",-30.213759636705504,-51.175798730549886,""
"Belém Novo//home_8",-30.212919847166972,-51.173091191835624,""
"Belém Novo//work_8",-30.213061000549747,-51.17283779613347,""
"Belém Novo//school_8",-30.212019986950853,-51.173206354894724,""
"Belém Novo//home_9",-30.209259596913732,-51.17400481485904,""
"Belém Novo//work_9",-30.209621535405567,-51.17669092404969,""
"Belém Novo//school_9",-30.208279500899867,-51.172941786584964,""
"Belém Novo//home_10",-30.20735123047278,-51.174016623912046,""
"Belém Novo//work_10",-30.207415729127792,-51.17388115533112,""
"Belém Novo//school_10",-30.208039325403345,-51.17678695645877,""
"Belém Novo//home_11",-30.210962553738412,-51.174223082879145,""
"Belém Novo//work_11",-30.210637974772347,-51.17436858204961,""
"Belém Novo//school_11",-30.208645183197472,-51.17149194173409,""
"Belém Novo//home_12",-30.201900562730707,-51.16330551999556,""
"Belém Novo//work_12",-30.20307846833363,-51.162786927753736,""
"Belém Novo//school_12",-30.199025766615247,-51.17009063764007,""
"Belém Novo//home_13",-30.209078341541375,-51.16646278945884,""
"Belém Novo//work_13",-30.208877622766046,-51.16802214296172,""
"Belém Novo//school_13",-30.209257590046715,-51.16514350337706,""
"Belém Novo//home_14",-30.218429177092144,-51.16152525100494,""
"Belém Novo//work_14",-30.231751522964867,-51.169589052863984,""
"Belém Novo//school_14",-30.22054012623744,-51.17676246281048,""
"Belém Novo//home_15",-30.209496903613957,-51.16085618064984,""
"Belém Novo//work_15",-30.208740264056814,-51.16050691565967,""
"Belém Novo//school_15",-30.208397711110912,-51.16093761433778,""
"Belém Novo//home_16",-30.21277842225789,-51.177323715930555,""
"Belém Novo//work_16",-30.212937819571962,-51.17674030922444,""
"Belém Novo//school_16",-30.213433423424718,-51.17736965554515,""
"Belém Novo//home_17",-30.212460610022962,-51.19163854022373,""
"Belém Novo//work_17",-30.207613192204416,-51.193342200100275,""
"Belém Novo//school_17",-30.209471034735166,-51.1994894932817,""
"Belém Novo//home_18",-30.18595702743073,-51.1687510451264,""
"Belém Novo//work_18",-30.190308468935278,-51.16930610056286,""
"Belém Novo//school_18",-30.185014411525053,-51.165128371016586,""
"Belém Novo//home_19",-30.204317444577097,-51.17612319308958,""
"Belém Novo//work_19",-30.197034400329034,-51.17047231456929,""
"Belém Novo//school_19",-30.20266079265115,-51.17624988463366,""
"Belém Velho//home_0",-30.112126374642795,-51.158939596084515,""
"Belém Velho//work_0",-30.10886597683966,-51.16264820182012,""
"Belém Velho//school_0",-30.11045881697558,-51.156973271621354,""
"Belém Velho//home_1",-30.117723821859123,-51.16367558722124,""
"Belém Velho//work_1",-30.122626368325747,-51.17434694927409,""
"Belém Velho//school_1",-30.122368890645397,-51.174881359505946,""
"Belém Velho//home_2",-30.119603354651215,-51.184844657547224,""
"Belém Velho//work_2",-30.115370860743955,-51.17885157284995,""
"Belém Velho//school_2",-30.12237491585852,-51.191109877248735,""
"Belém Velho//home_3",-30.116355739709434,-51.18371553845135,""
"Belém Velho//work_3",-30.114174531452363,-51.184055745385535,""
"Belém Velho//school_3",-30.115560479592496,-51.18438242881529,""
"Belém Velho//home_4",-30.101213259066636,-51.17241424383943,""
"Belém Velho//work_4",-30.10619380011629,-51.1717612589259,""
"Belém Velho//school_4",-30.107872384091532,-51.17259797772928,""
"Belém Velho//home_5",-30.114606784137635,-51.16869637090423,""
"Belém Velho//work_5",-30.114792604889985,-51.16919355689329,""
"Belém Velho//school_5",-30.11614442076316,-51.16282941307979,""
"Belém Velho//home_6",-30.11427250210821,-51.18169792232343,""
"Belém Velho//work_6",-30.113809717772465,-51.18217709035641,""
"Belém Velho//school_6",-30.11579491320081,-51.18249736439672,""
"Belém Velho//home_7",-30.11602958251326,-51.15535664117309,""
"Belém Velho//work_7",-30.115990738570755,-51.1559996090697,""
"Belém Velho//school_7",-30.117447828299504,-51.15558314011201,""
"Belém Velho//home_8",-30.113379445477218,-51.15376615623328,""
"Belém Velho//work_8",-30.114483195281977,-51.154234471769264,""
"Belém Velho//school_8",-30.115038038966436,-51.153090062276924,""
"Belém Velho//home_9",-30.11522883063639,-51.15725929606911,""
"Belém Velho//work_9",-30.113928374642654,-51.15788830639534,""
"Belém Velho//school_9",-30.11468861962461,-51.158155563164634,""
"Belém Velho//home_10",-30.10843813100275,-51.14992144903911,""
"Belém Velho//work_10",-30.109932822597763,-51.15263995445635,""
"Belém Velho//school_10",-30.10786353800928,-51.14858008467386,""
"Belém Velho//home_11",-30.11743754347548,-51.152930389215264,""
"Belém Velho//work_11",-30.117474196554145,-51.14952923062332,""
"Belém Velho//school_11",-30.117546053351134,-51.148688060645064,""
"Belém Velho//home_12",-30.11130937996712,-51.15522209868156,""
"Belém Velho//work_12",-30.11100904095399,-51.15485417379996,""
"Belém Velho//school_12",-30.11230468109279,-51.154219354776984,""
"Belém Velho//home_13",-30.11506932324217,-51.14970855773069,""
"Belém Velho//work_13",-30.113974707302216,-51.15006414157045,""
"Belém Velho//school_13",-30.11088788708012,-51.152886296575105,""
"Belém Velho//home_14",-30.10917942609174,-51.16870647959572,""
"Belém Velho//work_14",-30.101156878883813,-51.15975767359447,""
"Belém Velho//school_14",-30.101548584210793,-51.15495168469213,""
"Belém Velho//home_15",-30.09886465207182,-51.17547487617471,""
"Belém Velho//work_15",-30.09978434611352,-51.174077381314916,""
"Belém Velho//school_15",-30.10537108616329,-51.17573172251781,""
"Boa Vista//home_0",-30.020591062366854,-51.1653126074895,""
"Boa Vista//work_0",-30.022206175548646,-51.16397438190913,""
"Boa Vista//school_0",-30.02281161710182,-51.16390480370571,""
"Boa Vista//home_1",-30.021278870896577,-51.18010791602903,""
"Boa Vista//work_1",-30.025603810531518,-51.18137064718855,""
"Boa Vista//school_1",-30.0233894353622,-51.18107581559598,""
"Boa Vista//home_2",-30.020665825899417,-51.180643623083164,""
"Boa Vista//work_2",-30.02223812882523,-51.18198404518968,""
"Boa Vista//school_2",-30.02157343010634,-51.18249364288577,""
"Boa Vista//home_3",-30.024020521330296,-51.17957753964141,""
"Boa Vista//work_3",-30.022363576710376,-51.1793813434679,""
"Boa Vista//school_3",-30.02206500400785,-51.17754694781897,""
"Boa Vista//home_4",-30.02368319427257,-51.178134863718824,""
"Boa Vista//work_4",-30.023228392013067,-51.17668953694277,""
"Boa Vista//school_4",-30.023390575983196,-51.177764743860166,""
"Boa Vista//home_5",-30.01952890435017,-51.17460737328078,""
"Boa Vista//work_5",-30.020229080733397,-51.174226620098956,""
"Boa Vista//school_5",-30.019590368689695,-51.17496256397264,""
"Boa Vista//home_6",-30.019462575124464,-51.17376369496217,""
"Boa Vista//work_6",-30.020133341763795,-51.173702425353,""
"Boa Vista//school_6",-30.020144511247363,-51.1731496303075,""
"Boa Vista//home_7",-30.021129506084154,-51.17327070284802,""
"Boa Vista//work_7",-30.021434996236817,-51.17292699750354,""
"Boa Vista//school_7",-30.0212627694774,-51.172677989403915,""
"Boa Vista//home_8",-30.02161243132361,-51.17187562528781,""
"Boa Vista//work_8",-30.02380833647782,-51.17115175614798,""
"Boa Vista//school_8",-30.022933202605017,-51.172745637245065,""
"Boa Vista//home_9",-30.023955290014392,-51.17365797626154,""
"Boa Vista//work_9",-30.02377739189298,-51.17366312624933,""
"Boa Vista//school_9",-30.023813545676298,-51.17497212848812,""
"Boa Vista//home_10",-30.024893069760044,-51.17690383966784,""
"Boa Vista//work_10",-30.026864447245426,-51.17626190272477,""
"Boa Vista//school_10",-30.0236387729724,-51.176371224233044,""
"Boa Vista//home_11",-30.027419633056045,-51.17846790468804,""
"Boa Vista//work_11",-30.026896701307937,-51.17796631899606,""
"Boa Vista//school_11",-30.026142028972053,-51.178895677296396,""
"Boa Vista//home_12",-30.020703666386986,-51.17454112871117,""
"Boa Vista//work_12",-30.021663464613113,-51.17354937343747,""
"Boa Vista//school_12",-30.021753874384135,-51.17342895388252,""
"Boa Vista//home_13",-30.019998378421064,-51.171749547791244,""
"Boa Vista//work_13",-30.01959443330971,-51.17200002752257,""
"Boa Vista//school_13",-30.020990065126636,-51.17325692212303,""
"Boa Vista//home_14",-30.021939946441037,-51.17586893198009,""
"Boa Vista//work_14",-30.022376311513238,-51.17472323463918,""
"Boa Vista//school_14",-30.022761396701082,-51.175527858171066,""
"Boa Vista//home_15",-30.024184978497743,-51.16963312232224,""
"Boa Vista//work_15",-30.024337695800806,-51.16861036753027,""
"Boa Vista//school_15",-30.025498257407236,-51.17280311700499,""
"Boa Vista//home_16",-30.02032179939384,-51.17569667735294,""
"Boa Vista//work_16",-30.020787418248037,-51.175978567644286,""
"Boa Vista//school_16",-30.019357882295388,-51.17720059530531,""
"Boa Vista//home_17",-30.01919507647492,-51.17578876314716,""
"Boa Vista//work_17",-30.020565888914092,-51.17518476411007,""
"Boa Vista//school_17",-30.019961167229457,-51.17524521791081,""
"Boa Vista//home_18",-30.0272072117399,-51.17161311872116,""
"Boa Vista//work_18",-30.027932684424318,-51.1712510712959,""
"Boa Vista//school_18",-30.026961003728914,-51.17190194752985,""
"Boa Vista//home_19",-30.026361984048553,-51.17148688756037,""
"Boa Vista//work_19",-30.027085852704,-51.17059669207583,""
"Boa Vista//school_19",-30.026279022730698,-51.17030079826928,""
"Boa Vista do Sul//home_0",-30.218853926658007,-51.10505131796535,""
"Boa Vista do Sul//work_0",-30.216578955733915,-51.107684082793845,""
"Boa Vista do Sul//school_0",-30.21329045092704,-51.12082438217621,""
"Boa Vista do Sul//home_1",-30.205314437885193,-51.12974057531426,""
"Boa Vista do Sul//work_1",-30.205911020014753,-51.1334499110393,""
"Boa Vista do Sul//school_1",-30.207112238732684,-51.13792603371774,""
"Boa Vista do Sul//home_2",-30.24660178255202,-51.13371974435905,""
"Boa Vista do Sul//work_2",-30.259397290089264,-51.13704565951032,""
"Boa Vista do Sul//school_2",-30.26481628831112,-51.13795456498062,""
"Boa Vista do Sul//home_3",-30.23948305539027,-51.1344903511458,""
"Boa Vista do Sul//work_3",-30.23920722896345,-51.134736756148044,""
"Boa Vista do Sul//school_3",-30.239218698143777,-51.1352302528905,""
"Boa Vista do Sul//home_4",-30.23390231602567,-51.15454431148105,""
"Boa Vista do Sul//work_4",-30.227851579456743,-51.15268775853322,""
"Boa Vista do Sul//school_4",-30.22266013913507,-51.1533468290213,""
"Boa Vista do Sul//home_5",-30.21887566336374,-51.13522543954859,""
"Boa Vista do Sul//work_5",-30.21847367914654,-51.13714251163505,""
"Boa Vista do Sul//school_5",-30.219132884387886,-51.135953269071734,""
"Bom Fim//home_0",-30.0315596801601,-51.21997483690129,10.0
"Bom Fim//work_0",-30.03170141144964,-51.219921825625946,10.0
"Bom Fim//school_0",-30.031731700690656,-51.220048170295584,10.0
"Bom Fim//home_1",-30.03222603639328,-51.21929195467973,10.0
"Bom Fim//work_1",-30.032598546829366,-51.21775120363964,10.0
"Bom Fim//school_1",-30.032672736798315,-51.21755199823594,10.0
"Bom Fim//home_2",-30.030992152921016,-51.217597835519975,10.0
"Bom Fim//work_2",-30.031963029286626,-51.21955029440311,10.0
"Bom Fim//school_2",-30.031642100022772,-51.21944090569289,10.0
"Bom Fim//home_3",-30.030957174293622,-51.21638075317793,10.0
"Bom Fim//work_3",-30.030936389686396,-51.21602464675983,10.0
"Bom Fim//school_3",-30.031013072635115,-51.21685065995392,10.0
"Bom Fim//home_4",-30.032808405020656,-51.21619807624998,10.0
"Bom Fim//work_4",-30.03213621290567,-51.216390272509116,10.0
"Bom Fim//school_4",-30.033181569405777,-51.21653320681677,10.0
"Bom Fim//home_5",-30.032090285783664,-51.21542070636554,10.0
"Bom Fim//work_5",-30.032598193193717,-51.21533570896638,10.0
"Bom Fim//school_5",-30.03204089167835,-51.21593029657431,10.0
"Bom Fim//home_6",-30.032161821272837,-51.215259022981506,10.0
"Bom Fim//work_6",-30.031196136089545,-51.21438564502016,10.0
"Bom Fim//school_6",-30.032962333778553,-51.21451111536825,10.0
"Bom Fim//home_7",-30.031681246369065,-51.21407629322785,10.0
"Bom Fim//work_7",-30.03338173273249,-51.214183568888245,10.0
"Bom Fim//school_7",-30.03261462135937,-51.21426901215789,10.0
"Bom Fim//home_8",-30.03343583662133,-51.213156311001036,10.0
"Bom Fim//work_8",-30.032297173277914,-51.2129542690319,10.0
"Bom Fim//school_8",-30.033522039356296,-51.21351132323416,10.0
"Bom Fim//home_9",-30.032778989490435,-51.21276019924342,10.0
"Bom Fim//work_9",-30.034270295076908,-51.21300489218752,10.0
"Bom Fim//school_9",-30.032418321326237,-51.21266581496117,10.0
"Bom Fim//home_10",-30.03161646944679,-51.213189329154346,10.0
"Bom Fim//work_10",-30.033392866133443,-51.213745424330355,10.0
"Bom Fim//school_10",-30.032465379554317,-51.21382562114697,10.0
"Bom Fim//home_11",-30.030844037807128,-51.21232594436086,10.0
"Bom Fim//work_11",-30.03018423115178,-51.212774912254794,10.0
"Bom Fim//school_11",-30.030742500319068,-51.21310165730653,10.0
"Bom Fim//home_12",-30.03017253638605,-51.211895077227766,10.0
"Bom Fim//work_12",-30.030701943698034,-51.21209307429456,10.0
"Bom Fim//school_12",-30.031249724502942,-51.21198486474322,10.0
"Bom Fim//home_13",-30.032535744507076,-51.21131575807953,10.0
"Bom Fim//work_13",-30.032286585706125,-51.21147882531482,10.0
"Bom Fim//school_13",-30.031945783045632,-51.211107125519085,10.0
"Bom Fim//home_14",-30.03390686357103,-51.212259445541946,10.0
"Bom Fim//work_14",-30.035109378847846,-51.21180835581002,10.0
"Bom Fim//school_14",-30.03427777424186,-51.21220169740891,10.0
"Bom Fim//home_15",-30.03307584661478,-51.21116669231003,10.0
"Bom Fim//work_15",-30.033077736052498,-51.21145367440981,10.0
"Bom Fim//school_15",-30.034589586918408,-51.211319424740715,10.0
"Bom Fim//home_16",-30.033567876971684,-51.210492353528984,10.0
"Bom Fim//work_16",-30.034747505438485,-51.21074150770317,10.0
"Bom Fim//school_16",-30.03319064870747,-51.210143383661446,10.0
"Bom Fim//home_17",-30.03433309723457,-51.210236036552146,10.0
"Bom Fim//work_17",-30.034476380770172,-51.21023648887111,10.0
"Bom Fim//school_17",-30.035870048238543,-51.20985018067495,10.0
"Bom Fim//home_18",-30.03236886853257,-51.21011816360343,10.0
"Bom Fim//work_18",-30.032592202623785,-51.20978596430781,10.0
"Bom Fim//school_18",-30.032778515167323,-51.21029731858693,10.0
"Bom Fim//home_19",-30.03138982971184,-51.210777207210775,10.0
"Bom Fim//work_19",-30.030381631731213,-51.2104460822706,10.0
"Bom Fim//school_19",-30.031656706514873,-51.21042639604656,10.0
"Bom Fim//home_20",-30.031737299070535,-51.20898585089806,10.0
"Bom Fim//work_20",-30.031683276419454,-51.20963770297641,10.0
"Bom Fim//school_20",-30.031756543626226,-51.209061024920715,10.0
"Bom Fim//home_21",-30.032301095950032,-51.209371324205556,10.0
"Bom Fim//work_21",-30.033143919561482,-51.20912714671115,10.0
"Bom Fim//school_21",-30.03217410271778,-51.208845932406426,10.0
"Bom Fim//home_22",-30.032703106339113,-51.208427614104885,10.0
"Bom Fim//work_22",-30.03420335626213,-51.20878576066888,10.0
"Bom Fim//school_22",-30.033938098052545,-51.20905941771507,10.0
"Bom Fim//home_23",-30.035547557155198,-51.20916546458912,10.0
"Bom Fim//work_23",-30.034781231039656,-51.208700049011675,10.0
"Bom Fim//school_23",-30.03556380295904,-51.20899432051583,10.0
"Bom Fim//home_24",-30.03100723396093,-51.21393097394987,10.0
"Bom Fim//work_24",-30.029772984273528,-51.21381754217817,10.0
"Bom Fim//school_24",-30.03065587326443,-51.21410568006584,10.0
"Bom Fim//home_25",-30.03617558090939,-51.20851592597184,10.0
"Bom Fim//work_25",-30.036482739211454,-51.208390815596,10.0
"Bom Fim//school_25",-30.03655273072147,-51.20856202787791,10.0
"Bom Jesus//home_0",-30.04180010217748,-51.17074765176228,""
"Bom Jesus//work_0",-30.041118590188525,-51.17143674609423,""
"Bom Jesus//school_0",-30.0400252845623,-51.1714289430571,""
"Bom Jesus//home_1",-30.0410400812188,-51.16994229648791,""
"Bom Jesus//work_1",-30.042379093030984,-51.169725961293864,""
"Bom Jesus//school_1",-30.04314234510741,-51.17174254581724,""
"Bom Jesus//home_2",-30.04442779757644,-51.170860517233365,""
"Bom Jesus//work_2",-30.045346949057652,-51.170924336764095,""
"Bom Jesus//school_2",-30.04556936330674,-51.170165408434485,""
"Bom Jesus//home_3",-30.044717386051452,-51.16860160168385,""
"Bom Jesus//work_3",-30.041380156388172,-51.16806822331502,""
"Bom Jesus//school_3",-30.042102415023706,-51.16869334658361,""
"Bom Jesus//home_4",-30.044885520782067,-51.167796484034746,""
"Bom Jesus//work_4",-30.04602752072059,-51.165101256795175,""
"Bom Jesus//school_4",-30.04615115464788,-51.168318834263495,""
"Bom Jesus//home_5",-30.0443904567773,-51.16653938030184,""
"Bom Jesus//work_5",-30.04422321424487,-51.166825288164674,""
"Bom Jesus//school_5",-30.044210680958145,-51.16645753495656,""
"Bom Jesus//home_6",-30.041863714442826,-51.164816151808665,""
"Bom Jesus//work_6",-30.042723456390224,-51.16498543741245,""
"Bom Jesus//school_6",-30.04063613730237,-51.16490916553416,""
"Bom Jesus//home_7",-30.042169464935593,-51.16422881320467,""
"Bom Jesus//work_7",-30.04100035724836,-51.1632900530172,""
"Bom Jesus//school_7",-30.04245675004691,-51.16460818572822,""
"Bom Jesus//home_8",-30.0436517185398,-51.16191090216469,""
"Bom Jesus//work_8",-30.044175050731994,-51.16202695581422,""
"Bom Jesus//school_8",-30.04278841786711,-51.162945770240036,""
"Bom Jesus//home_9",-30.044148663067904,-51.16258713589135,""
"Bom Jesus//work_9",-30.04657800985042,-51.164644640963516,""
"Bom Jesus//school_9",-30.04676845274088,-51.16330297555591,""
"Bom Jesus//home_10",-30.045824273562552,-51.15820541025555,""
"Bom Jesus//work_10",-30.045569049219214,-51.157966351329854,""
"Bom Jesus//school_10",-30.045720754493612,-51.15821691529463,""
"Bom Jesus//home_11",-30.045368075993224,-51.1597938329729,""
"Bom Jesus//work_11",-30.04534706626247,-51.159006381948146,""
"Bom Jesus//school_11",-30.045028103967216,-51.160849865043055,""
"Bom Jesus//home_12",-30.043285844997726,-51.15948491794931,""
"Bom Jesus//work_12",-30.043732483322472,-51.160036465262145,""
"Bom Jesus//school_12",-30.042880840995114,-51.15724064491779,""
"Bom Jesus//home_13",-30.04158871696657,-51.159352739903234,""
"Bom Jesus//work_13",-30.041433874634876,-51.16064055438112,""
"Bom Jesus//school_13",-30.041318799254416,-51.15775262210975,""
"Bom Jesus//home_14",-30.04199475277472,-51.15331448480499,""
"Bom Jesus//work_14",-30.042118971034004,-51.15442695401519,""
"Bom Jesus//school_14",-30.04224786473603,-51.15509351824614,""
"Bom Jesus//home_15",-30.044331013598253,-51.15727844442606,""
"Bom Jesus//work_15",-30.043412412988726,-51.15523186370878,""
"Bom Jesus//school_15",-30.045176681027886,-51.157580647175024,""
"Bom Jesus//home_16",-30.042873096356416,-51.15256177886066,""
"Bom Jesus//work_16",-30.041621171037782,-51.15042438973518,""
"Bom Jesus//school_16",-30.04219834050172,-51.151831157013156,""
"Bom Jesus//home_17",-30.044115746416377,-51.15174657541549,""
"Bom Jesus//work_17",-30.04442386599138,-51.15059707510091,""
"Bom Jesus//school_17",-30.04396085766731,-51.152752619137594,""
"Bom Jesus//home_18",-30.04456300477449,-51.152204022544694,""
"Bom Jesus//work_18",-30.045596926315042,-51.151209994977584,""
"Bom Jesus//school_18",-30.04597830113849,-51.15077923702713,""
"Bom Jesus//home_19",-30.04810889651526,-51.15050745128349,""
"Bom Jesus//work_19",-30.04687018417374,-51.15038222632881,""
"Bom Jesus//school_19",-30.04862847146499,-51.15080483839366,""
"Bom Jesus//home_20",-30.048208925002804,-51.15130032093633,""
"Bom Jesus//work_20",-30.04691691543965,-51.151189842592395,""
"Bom Jesus//school_20",-30.049059441687906,-51.15134573747014,""
"Bom Jesus//home_21",-30.04899573091707,-51.15280197678456,""
"Bom Jesus//work_21",-30.04806106434859,-51.15175607888336,""
"Bom Jesus//school_21",-30.049450802003424,-51.153030680979704,""
"Bom Jesus//home_22",-30.04671080727658,-51.152245042860706,""
"Bom Jesus//work_22",-30.046093875310287,-51.15177754237966,""
"Bom Jesus//school_22",-30.04779314703097,-51.15203959196181,""
"Bom Jesus//home_23",-30.04543563828747,-51.153158654532206,""
"Bom Jesus//work_23",-30.045808947567245,-51.15318643809847,""
"Bom Jesus//school_23",-30.045870398422526,-51.153598558963935,""
"Bom Jesus//home_24",-30.04789840894526,-51.15468945389519,""
"Bom Jesus//work_24",-30.04965421913012,-51.154420701847336,""
"Bom Jesus//school_24",-30.04942850978229,-51.156274872098344,""
"Bom Jesus//home_25",-30.049441386845857,-51.157482169375115,""
"Bom Jesus//work_25",-30.049865292020147,-51.1557005778761,""
"Bom Jesus//school_25",-30.049954005172943,-51.155897288899766,""
"Bom Jesus//home_26",-30.046962491965775,-51.15564922838476,""
"Bom Jesus//work_26",-30.04608712203558,-51.15573116733455,""
"Bom Jesus//school_26",-30.04512118955645,-51.15440774909463,""
"Bom Jesus//home_27",-30.048077098428532,-51.1612170312567,""
"Bom Jesus//work_27",-30.046955939128793,-51.16010582550669,""
"Bom Jesus//school_27",-30.047819953095594,-51.16140712847248,""
"Bom Jesus//home_28",-30.047870799120783,-51.15862909860092,""
"Bom Jesus//work_28",-30.047800739968412,-51.158944625348845,""
"Bom Jesus//school_28",-30.048197214168642,-51.15742498077089,""
"Bom Jesus//home_29",-30.04828648006424,-51.15902439823494,""
"Bom Jesus//work_29",-30.050783914376716,-51.1591250718219,""
"Bom Jesus//school_29",-30.04956030463674,-51.158232058121314,""
"Bom Jesus//home_30",-30.049651549826493,-51.16099795825974,""
"Bom Jesus//work_30",-30.04952081297441,-51.16147581998553,""
"Bom Jesus//school_30",-30.049010466737,-51.16059991723073,""
"Bom Jesus//home_31",-30.050015397118628,-51.16099856743913,""
"Bom Jesus//work_31",-30.05062455107059,-51.16207415282941,""
"Bom Jesus//school_31",-30.049888462004738,-51.1602430502268,""
"Bom Jesus//home_32",-30.050849555817805,-51.162816531680505,""
"Bom Jesus//work_32",-30.050740594083297,-51.16241723107836,""
"Bom Jesus//school_32",-30.050915844809722,-51.161638559539924,""
"Bom Jesus//home_33",-30.0481912073294,-51.16218170108673,""
"Bom Jesus//work_33",-30.048411893836416,-51.16380155267803,""
"Bom Jesus//school_33",-30.04885212050895,-51.1642025742307,""
"Bom Jesus//home_34",-30.048231729980106,-51.16350611486473,""
"Bom Jesus//work_34",-30.046519391267918,-51.16219215113282,""
"Bom Jesus//school_34",-30.04731558985065,-51.16229522106352,""
"Bom Jesus//home_35",-30.050157062474156,-51.151804563832414,""
"Bom Jesus//work_35",-30.05063197461894,-51.151159577850656,""
"Bom Jesus//school_35",-30.050416468536337,-51.15078056905827,""
"Bom Jesus//home_36",-30.04420297286032,-51.16076167418092,""
"Bom Jesus//work_36",-30.04486003139657,-51.15942961133092,""
"Bom Jesus//school_36",-30.044748995578225,-51.16016709549541,""
"Bom Jesus//home_37",-30.04717453628601,-51.155433448862105,""
"Bom Jesus//work_37",-30.04710194383017,-51.15700837691121,""
"Bom Jesus//school_37",-30.046406650321664,-51.15792149927277,""
"Bom Jesus//home_38",-30.050558942169527,-51.156252590501325,""
"Bom Jesus//work_38",-30.05052373806793,-51.155245007226775,""
"Bom Jesus//school_38",-30.050300253625906,-51.15843849347863,""
"Bom Jesus//home_39",-30.04892877670228,-51.150217918209755,""
"Bom Jesus//work_39",-30.0505710242853,-51.14989344903748,""
"Bom Jesus//school_39",-30.05111158793506,-51.15028928288926,""
"Bom Jesus//home_40",-30.051669723439364,-51.163033443412715,""
"Bom Jesus//work_40",-30.05202040440164,-51.162019777174926,""
"Bom Jesus//school_40",-30.051333768879793,-51.16397793185877,""
"Bom Jesus//home_41",-30.051140470693745,-51.16070190748267,""
"Bom Jesus//work_41",-30.04938681053393,-51.15924326664803,""
"Bom Jesus//school_41",-30.05044723193926,-51.159264340028955,""
"Bom Jesus//home_42",-30.04943712376587,-51.16176748470113,""
"Bom Jesus//work_42",-30.049215933999143,-51.16158440823468,""
"Bom Jesus//school_42",-30.049409713547817,-51.16204225896232,""
"Bom Jesus//home_43",-30.04897518071349,-51.16460318846081,""
"Bom Jesus//work_43",-30.049137300300398,-51.16486925902672,""
"Bom Jesus//school_43",-30.0493190854637,-51.16468491818003,""
"Bom Jesus//home_44",-30.050656079961747,-51.1524774875118,""
"Bom Jesus//work_44",-30.050430252701663,-51.15245949210005,""
"Bom Jesus//school_44",-30.05122794109416,-51.1534505632076,""
"Camaquã//home_0",-30.10135645621863,-51.239987741709356,""
"Camaquã//work_0",-30.101573743178697,-51.23812288440609,""
"Camaquã//school_0",-30.100505453241794,-51.23786487314728,""
"Camaquã//home_1",-30.100497629309782,-51.24115576379781,""
"Camaquã//work_1",-30.101039208820893,-51.240812828343714,""
"Camaquã//school_1",-30.099621979617016,-51.239553446616995,""
"Camaquã//home_2",-30.10068109111616,-51.24497827118898,""
"Camaquã//work_2",-30.100556753036102,-51.24496028271664,""
"Camaquã//school_2",-30.100567360477832,-51.24486206834054,""
"Camaquã//home_3",-30.1038569858386,-51.24552497416509,""
"Camaquã//work_3",-30.10396252967835,-51.24640508613423,""
"Camaquã//school_3",-30.103196156507604,-51.24512830141358,""
"Camaquã//home_4",-30.10521747113083,-51.2441444471443,""
"Camaquã//work_4",-30.10563455732435,-51.24330032138951,""
"Camaquã//school_4",-30.105810784919957,-51.243935402206304,""
"Camaquã//home_5",-30.103165737747783,-51.24048252308908,""
"Camaquã//work_5",-30.103752720684845,-51.24091650993866,""
"Camaquã//school_5",-30.104582277249705,-51.24131956248309,""
"Camaquã//home_6",-30.103321943262788,-51.2354222475831,""
"Camaquã//work_6",-30.103104630420706,-51.23720678604801,""
"Camaquã//school_6",-30.102829624075817,-51.23818942122844,""
"Camaquã//home_7",-30.103355714868325,-51.23431980021207,""
"Camaquã//work_7",-30.10353850135554,-51.234261167700176,""
"Camaquã//school_7",-30.1053282659496,-51.23483318659833,""
"Camaquã//home_8",-30.10423791015246,-51.23602944266279,""
"Camaquã//work_8",-30.105604646600145,-51.235327738428595,""
"Camaquã//school_8",-30.105132283567222,-51.23547393803616,""
"Camaquã//home_9",-30.106533088295755,-51.23623298905251,""
"Camaquã//work_9",-30.10595766044211,-51.235802448444055,""
"Camaquã//school_9",-30.10591838612681,-51.23619891132804,""
"Camaquã//home_10",-30.105351825064062,-51.23790949438482,""
"Camaquã//work_10",-30.106180283526573,-51.237398341754215,""
"Camaquã//school_10",-30.104567427743447,-51.23712473367577,""
"Camaquã//home_11",-30.108940894724334,-51.24019359807701,""
"Camaquã//work_11",-30.10857793397165,-51.241064577071555,""
"Camaquã//school_11",-30.10849197018566,-51.238828435076194,""
"Camaquã//home_12",-30.107423161891532,-51.244684142833385,""
"Camaquã//work_12",-30.10846144105573,-51.24419108509551,""
"Camaquã//school_12",-30.10890722043569,-51.24435057879733,""
"Camaquã//home_13",-30.109792223277235,-51.242261913352934,""
"Camaquã//work_13",-30.111120329604365,-51.24253196521535,""
"Camaquã//school_13",-30.109881237427985,-51.24381510672464,""
"Camaquã//home_14",-30.10855772841525,-51.23669810989413,""
"Camaquã//work_14",-30.10942366218198,-51.23697272300032,""
"Camaquã//school_14",-30.110688545935204,-51.240704636874106,""
"Camaquã//home_15",-30.1087312348894,-51.23816940237398,""
"Camaquã//work_15",-30.107910842125058,-51.23585824013093,""
"Camaquã//school_15",-30.107850497855356,-51.2381329856292,""
"Camaquã//home_16",-30.10757833636213,-51.23472981762441,""
"Camaquã//work_16",-30.109646979948916,-51.233991181233066,""
"Camaquã//school_16",-30.1091445816322,-51.23248051556794,""
"Camaquã//home_17",-30.109506840985098,-51.23238666437305,""
"Camaquã//work_17",-30.110153309184746,-51.232877040694234,""
"Camaquã//school_17",-30.109792403629104,-51.23213436908637,""
"Camaquã//home_18",-30.110767408190373,-51.236920405818196,""
"Camaquã//work_18",-30.110057353679217,-51.23781596303009,""
"Camaquã//school_18",-30.110287401712032,-51.23700534897918,""
"Camaquã//home_19",-30.11149096635573,-51.23783910227274,""
"Camaquã//work_19",-30.11202727724066,-51.23919792551954,""
"Camaquã//school_19",-30.113718923014186,-51.23607689827425,""
"Camaquã//home_20",-30.113275070196906,-51.24146172532013,""
"Camaquã//work_20",-30.11298853306594,-51.24227625476622,""
"Camaquã//school_20",-30.111809664655375,-51.240435863784036,""
"Camaquã//home_21",-30.106134862120765,-51.2370435368536,""
"Camaquã//work_21",-30.105138800377922,-51.23595056393958,""
"Camaquã//school_21",-30.105188013231864,-51.23635974184428,""
"Camaquã//home_22",-30.1124294253525,-51.23384632007061,""
"Camaquã//work_22",-30.112164720522706,-51.233263076010694,""
"Camaquã//school_22",-30.112289767841066,-51.23315156205669,""
"Camaquã//home_23",-30.111474226442752,-51.23186660799794,""
"Camaquã//work_23",-30.11246714150235,-51.2360276712383,""
"Camaquã//school_23",-30.111930267716833,-51.2356356692378,""
"Camaquã//home_24",-30.099467268167448,-51.2364931721891,""
"Camaquã//work_24",-30.09891783618752,-51.237285361353905,""
"Camaquã//school_24",-30.098638607640535,-51.23675232194328,""
"Camaquã//home_25",-30.100127291089198,-51.23691651016981,""
"Camaquã//work_25",-30.100199947517304,-51.23776842153884,""
"Camaquã//school_25",-30.099019234024126,-51.23761111179593,""
"Camaquã//home_26",-30.098208020643153,-51.23610820943163,""
"Camaquã//work_26",-30.100152865278137,-51.23536226997413,""
"Camaquã//school_26",-30.098670075063744,-51.23616392379879,""
"Camaquã//home_27",-30.10545114299141,-51.24288975130125,""
"Camaquã//work_27",-30.104972402008272,-51.24267913917116,""
"Camaquã//school_27",-30.10504440192752,-51.2431370765396,""
"Camaquã//home_28",-30.104504215411204,-51.24200799325004,""
"Camaquã//work_28",-30.10345808104877,-51.24255639873578,""
"Camaquã//school_28",-30.105461290542173,-51.24150815560194,""
"Camaquã//home_29",-30.105829174545494,-51.245211665252086,""
"Camaquã//work_29",-30.105859573971042,-51.24455664169773,""
"Camaquã//school_29",-30.105684617086766,-51.24561978891874,""
"Camaquã//home_30",-30.106480759536012,-51.245246228231316,""
"Camaquã//work_30",-30.10683069907141,-51.24505244487179,""
"Camaquã//school_30",-30.106721336993118,-51.24553742224387,""
"Camaquã//home_31",-30.104412038727205,-51.243844578076775,""
"Camaquã//work_31",-30.104749483435075,-51.243381907459565,""
"Camaquã//school_31",-30.104456711501264,-51.2435801632029,""
"Camaquã//home_32",-30.10476295126631,-51.245507989748354,""
"Camaquã//work_32",-30.104936320688555,-51.24582152642353,""
"Camaquã//school_32",-30.104551725701636,-51.245330501576746,""
"Campo Novo//home_0",-30.130317526323633,-51.2013368574674,""
"Campo Novo//work_0",-30.13017407029644,-51.204235782140536,""
"Campo Novo//school_0",-30.130948649321564,-51.20351448925253,""
"Campo Novo//home_1",-30.130786703972937,-51.205139075384785,""
"Campo Novo//work_1",-30.130938509196532,-51.205187332582305,""
"Campo Novo//school_1",-30.131358157414287,-51.203588058046826,""
"Campo Novo//home_2",-30.13139418756586,-51.20769079206853,""
"Campo Novo//work_2",-30.133058281372083,-51.205072691209864,""
"Campo Novo//school_2",-30.132885208409537,-51.20515417107345,""
"Campo Novo//home_3",-30.145199408193598,-51.20778231844401,""
"Campo Novo//work_3",-30.145676708874195,-51.208759787450035,""
"Campo Novo//school_3",-30.145576341924222,-51.20830586858824,""
"Campo Novo//home_4",-30.14353577784025,-51.20616151995369,""
"Campo Novo//work_4",-30.142417626244143,-51.20623206570252,""
"Campo Novo//school_4",-30.143302092519576,-51.20650504827838,""
"Campo Novo//home_5",-30.131447948701172,-51.199044751158326,""
"Campo Novo//work_5",-30.132495251396808,-51.19767204737377,""
"Campo Novo//school_5",-30.13187100284583,-51.20113171527378,""
"Campo Novo//home_6",-30.12925221866945,-51.20058135201229,""
"Campo Novo//work_6",-30.13103374816796,-51.197891945129115,""
"Campo Novo//school_6",-30.128011729924946,-51.200301346456584,""
"Campo Novo//home_7",-30.1332407320487,-51.19409440069363,""
"Campo Novo//work_7",-30.131952276858406,-51.1929924292591,""
"Campo Novo//school_7",-30.133588260430535,-51.191860656956784,""
"Campo Novo//home_8",-30.132636921829906,-51.19897193649713,""
"Campo Novo//work_8",-30.13242974331426,-51.19815781671475,""
"Campo Novo//school_8",-30.131753092844953,-51.19858239012193,""
"Campo Novo//home_9",-30.14654440421472,-51.20205129193516,""
"Campo Novo//work_9",-30.14596623066601,-51.19931589836421,""
"Campo Novo//school_9",-30.146089632097436,-51.19964162025888,""
"Campo Novo//home_10",-30.142877961609845,-51.198356175981154,""
"Campo Novo//work_10",-30.144450077265297,-51.20356160535765,""
"Campo Novo//school_10",-30.14262140427222,-51.19832156474577,""
"Campo Novo//home_11",-30.141700737879525,-51.19259808811078,""
"Campo Novo//work_11",-30.14492858225984,-51.19691954862289,""
"Campo Novo//school_11",-30.136121694597392,-51.18725328073796,""
"Campo Novo//home_12",-30.135008017418272,-51.197406958189866,""
"Campo Novo//work_12",-30.134177504932296,-51.19809993502696,""
"Campo Novo//school_12",-30.134960683056136,-51.19733542218294,""
"Campo Novo//home_13",-30.137437268592716,-51.197618855061265,""
"Campo Novo//work_13",-30.13570101197313,-51.20116361236813,""
"Campo Novo//school_13",-30.13886838190652,-51.199527646175234,""
"Cascata//home_0",-30.100563293048484,-51.18671477609589,""
"Cascata//work_0",-30.097575573589598,-51.183505087476,""
"Cascata//school_0",-30.097060437287986,-51.17922338797962,""
"Cascata//home_1",-30.088534069799692,-51.18081612542687,""
"Cascata//work_1",-30.08660542102187,-51.1832697947219,""
"Cascata//school_1",-30.08751402203243,-51.18250396739676,""
"Cascata//home_2",-30.09287131188383,-51.177814541226844,""
"Cascata//work_2",-30.09202618737041,-51.17948733419589,""
"Cascata//school_2",-30.092474234961447,-51.17798363132057,""
"Cascata//home_3",-30.097965240276686,-51.174446065739815,""
"Cascata//work_3",-30.097789012292864,-51.17547498850672,""
"Cascata//school_3",-30.097886691172555,-51.172265171487695,""
"Cascata//home_4",-30.098376743419184,-51.16902974845221,""
"Cascata//work_4",-30.10002199234002,-51.16699450368996,""
"Cascata//school_4",-30.09575297550719,-51.17258452490703,""
"Cascata//home_5",-30.090639830379782,-51.17184144313093,""
"Cascata//work_5",-30.09442709823137,-51.17257807923912,""
"Cascata//school_5",-30.092697680532915,-51.17283324194165,""
"Cascata//home_6",-30.09912343797123,-51.154779269015386,""
"Cascata//work_6",-30.10025987946839,-51.15843659664377,""
"Cascata//school_6",-30.09330981015162,-51.157710102484224,""
"Cascata//home_7",-30.095392350890148,-51.187800476308745,""
"Cascata//work_7",-30.099238817779586,-51.1911712386268,""
"Cascata//school_7",-30.097041247256954,-51.18664971887573,""
"Cascata//home_8",-30.093981754159326,-51.17802159459469,""
"Cascata//work_8",-30.09198129567965,-51.17762477604665,""
"Cascata//school_8",-30.091922114351153,-51.17706949398555,""
"Cascata//home_9",-30.08719457403835,-51.178211746383646,""
"Cascata//work_9",-30.08789719676179,-51.1792457065949,""
"Cascata//school_9",-30.08787352305781,-51.17792513470272,""
"Cascata//home_10",-30.08991696398994,-51.1761860526331,""
"Cascata//work_10",-30.090740898730335,-51.17643386885539,""
"Cascata//school_10",-30.0905379745754,-51.17778535943223,""
"Cascata//home_11",-30.089788914161026,-51.180422016298984,""
"Cascata//work_11",-30.089680796878188,-51.18042378419628,""
"Cascata//school_11",-30.08940646921677,-51.180337883459856,""
"Cascata//home_12",-30.089985092920024,-51.18038738813377,""
"Cascata//work_12",-30.090531318514817,-51.179324900192576,""
"Cascata//school_12",-30.090645011176,-51.180019485111494,""
"Cascata//home_13",-30.0890523731185,-51.181125984472246,""
"Cascata//work_13",-30.089637183732304,-51.18137048598078,""
"Cascata//school_13",-30.089109660070985,-51.18106132824342,""
"Cascata//home_14",-30.089964325861573,-51.181126672718335,""
"Cascata//work_14",-30.09016274727531,-51.18054052757161,""
"Cascata//school_14",-30.08994883633893,-51.181272156985614,""
"Cascata//home_15",-30.088322747517914,-51.183848513026625,""
"Cascata//work_15",-30.088932178993147,-51.182518482778015,""
"Cascata//school_15",-30.0889793940983,-51.18421358531652,""
"Cascata//home_16",-30.08942795460757,-51.182648783293104,""
"Cascata//work_16",-30.089454412738544,-51.18271865434534,""
"Cascata//school_16",-30.08937695095695,-51.18285671903022,""
"Cascata//home_17",-30.090484830413494,-51.17545980480786,""
"Cascata//work_17",-30.09040897932832,-51.17516448138562,""
"Cascata//school_17",-30.091567030513197,-51.1752894914858,""
"Cascata//home_18",-30.09138634604592,-51.17891897968173,""
"Cascata//work_18",-30.09151704122313,-51.17992533069789,""
"Cascata//school_18",-30.09172985641594,-51.17995663349121,""
"Cascata//home_19",-30.09021881543128,-51.182302488162584,""
"Cascata//work_19",-30.090833643541547,-51.18193489895268,""
"Cascata//school_19",-30.091490339978836,-51.18079131200225,""
"Cascata//home_20",-30.093149114365644,-51.17963343998443,""
"Cascata//work_20",-30.095343701282996,-51.18209764263685,""
"Cascata//school_20",-30.096338044270357,-51.18147988217708,""
"Cascata//home_21",-30.085605977021924,-51.17467053139387,""
"Cascata//work_21",-30.086160147265975,-51.176698494202995,""
"Cascata//school_21",-30.08260335330064,-51.181491379491916,""
"Cascata//home_22",-30.08547247337825,-51.18524792437656,""
"Cascata//work_22",-30.087284986015355,-51.18490712670748,""
"Cascata//school_22",-30.086820544743695,-51.185367397173444,""
"Cascata//home_23",-30.085230796224085,-51.18211379720081,""
"Cascata//work_23",-30.08276689621433,-51.183949290943595,""
"Cascata//school_23",-30.083408731397327,-51.18213273177255,""
"Cavalhada//home_0",-30.130379487339436,-51.214702057235534,""
"Cavalhada//work_0",-30.13023094132288,-51.21476103568993,""
"Cavalhada//school_0",-30.131358151965664,-51.21454506181168,""
"Cavalhada//home_1",-30.12950631820176,-51.21464629955198,""
"Cavalhada//work_1",-30.129462332343326,-51.215296650519996,""
"Cavalhada//school_1",-30.1297509546038,-51.21480018931468,""
"Cavalhada//home_2",-30.12980747060464,-51.21537373718638,""
"Cavalhada//work_2",-30.130050531333907,-51.21512159518339,""
"Cavalhada//school_2",-30.129616903903266,-51.215294209962366,""
"Cavalhada//home_3",-30.130829893479554,-51.2151643955774,""
"Cavalhada//work_3",-30.130351447784996,-51.215001903339726,""
"Cavalhada//school_3",-30.13184362898345,-51.21490428529203,""
"Cavalhada//home_4",-30.12875953407374,-51.215873139593434,""
"Cavalhada//work_4",-30.128730425582702,-51.21528604727463,""
"Cavalhada//school_4",-30.129533576034095,-51.21705863588867,""
"Cavalhada//home_5",-30.09315362755035,-51.23454432809353,""
"Cavalhada//work_5",-30.092684411651106,-51.23431430787595,""
"Cavalhada//school_5",-30.09343191259468,-51.23369343932242,""
"Cavalhada//home_6",-30.095722688248383,-51.23692791410549,""
"Cavalhada//work_6",-30.09769921045418,-51.23149224008034,""
"Cavalhada//school_6",-30.097465325511564,-51.2311140878438,""
"Cavalhada//home_7",-30.095934959643824,-51.23417134627797,""
"Cavalhada//work_7",-30.096299774695538,-51.23458312808323,""
"Cavalhada//school_7",-30.09563305015744,-51.234391942802425,""
"Cavalhada//home_8",-30.09632386738433,-51.23407930494208,""
"Cavalhada//work_8",-30.096996085794327,-51.23441254766988,""
"Cavalhada//school_8",-30.096693589168602,-51.23439397391394,""
"Cavalhada//home_9",-30.09620288038672,-51.23361765779611,""
"Cavalhada//work_9",-30.097151823503438,-51.23271165693834,""
"Cavalhada//school_9",-30.096165810681185,-51.2334301799195,""
"Cavalhada//home_10",-30.0966754859744,-51.23095563533246,""
"Cavalhada//work_10",-30.096961752287417,-51.230692231185984,""
"Cavalhada//school_10",-30.095533987382545,-51.2285721407052,""
"Cavalhada//home_11",-30.094128249124108,-51.23141313434386,""
"Cavalhada//work_11",-30.09549268057652,-51.226388982498705,""
"Cavalhada//school_11",-30.095359539109634,-51.22690708046841,""
"Cavalhada//home_12",-30.096573890229227,-51.22511072036585,""
"Cavalhada//work_12",-30.097320074124518,-51.22773322622638,""
"Cavalhada//school_12",-30.095791863319878,-51.225381860005584,""
"Cavalhada//home_13",-30.097516811890937,-51.22895250546165,""
"Cavalhada//work_13",-30.099412394531928,-51.23061913075294,""
"Cavalhada//school_13",-30.100540098903114,-51.230541014277726,""
"Cavalhada//home_14",-30.098585666311156,-51.23342366833776,""
"Cavalhada//work_14",-30.098456954556422,-51.2336324721278,""
"Cavalhada//school_14",-30.09843181738476,-51.23472851928435,""
"Cavalhada//home_15",-30.099613835666837,-51.23444665392816,""
"Cavalhada//work_15",-30.09942433516866,-51.23434585814015,""
"Cavalhada//school_15",-30.098870779855186,-51.2315525374342,""
"Cavalhada//home_16",-30.10205140828203,-51.23165498155846,""
"Cavalhada//work_16",-30.102082090047723,-51.232778929497144,""
"Cavalhada//school_16",-30.09982658153996,-51.23189319478861,""
"Cavalhada//home_17",-30.101067165099746,-51.226095729643966,""
"Cavalhada//work_17",-30.1002614303542,-51.22751545985071,""
"Cavalhada//school_17",-30.100816002104455,-51.22617312461198,""
"Cavalhada//home_18",-30.10342157039431,-51.23180997425893,""
"Cavalhada//work_18",-30.10350973108463,-51.23131778143279,""
"Cavalhada//school_18",-30.1035765390115,-51.23132479936171,""
"Cavalhada//home_19",-30.10279741347017,-51.232364022403125,""
"Cavalhada//work_19",-30.10442407379817,-51.23301866586043,""
"Cavalhada//school_19",-30.104648737241604,-51.23225869334909,""
"Cavalhada//home_20",-30.10216753804499,-51.23039432310344,""
"Cavalhada//work_20",-30.103806481306023,-51.228456197102815,""
"Cavalhada//school_20",-30.107084685058524,-51.22798555895212,""
"Cavalhada//home_21",-30.102885254149555,-51.22756773314004,""
"Cavalhada//work_21",-30.10620496932141,-51.22726674388248,""
"Cavalhada//school_21",-30.103155511851575,-51.22616052277907,""
"Cavalhada//home_22",-30.10192394389949,-51.22414443684746,""
"Cavalhada//work_22",-30.104689307622092,-51.2238180849116,""
"Cavalhada//school_22",-30.10134742652257,-51.22768563639858,""
"Cavalhada//home_23",-30.104961035582868,-51.22495337973701,""
"Cavalhada//work_23",-30.105673736522917,-51.22434725122888,""
"Cavalhada//school_23",-30.104949899050396,-51.22653831849662,""
"Cavalhada//home_24",-30.107145101760565,-51.22224958272111,""
"Cavalhada//work_24",-30.10696569593621,-51.222783043818794,""
"Cavalhada//school_24",-30.106480521549422,-51.22334728037994,""
"Cavalhada//home_25",-30.11026769250627,-51.22616840566868,""
"Cavalhada//work_25",-30.109198529278004,-51.222882119645085,""
"Cavalhada//school_25",-30.108970868909772,-51.221189644114204,""
"Cavalhada//home_26",-30.107402484137193,-51.229564406467425,""
"Cavalhada//work_26",-30.108867539290436,-51.22814112184107,""
"Cavalhada//school_26",-30.110009332900958,-51.22900850674905,""
"Cavalhada//home_27",-30.10843128520044,-51.23185480675935,""
"Cavalhada//work_27",-30.10730727691664,-51.23279731344909,""
"Cavalhada//school_27",-30.108727200559418,-51.23138838774254,""
"Cavalhada//home_28",-30.10937854330754,-51.23082827003028,""
"Cavalhada//work_28",-30.109215349504993,-51.231234566556864,""
"Cavalhada//school_28",-30.111066054618647,-51.23153447876824,""
"Cavalhada//home_29",-30.111675201225758,-51.230163053388615,""
"Cavalhada//work_29",-30.111453989666444,-51.23010911684904,""
"Cavalhada//school_29",-30.11174517529399,-51.23148073926329,""
"Cavalhada//home_30",-30.113303372830337,-51.228154593092995,""
"Cavalhada//work_30",-30.113756204793276,-51.22687016422122,""
"Cavalhada//school_30",-30.11335765107614,-51.226461731559795,""
"Cavalhada//home_31",-30.11639960168882,-51.225517543844816,""
"Cavalhada//work_31",-30.11561268946608,-51.225472472368715,""
"Cavalhada//school_31",-30.11574184874699,-51.22696194393025,""
"Cavalhada//home_32",-30.12216177630134,-51.229622814000585,""
"Cavalhada//work_32",-30.122395069711725,-51.23048866414641,""
"Cavalhada//school_32",-30.121769347845316,-51.23012818879825,""
"Cavalhada//home_33",-30.121990952862383,-51.2223789330111,""
"Cavalhada//work_33",-30.12126080304223,-51.22472027413503,""
"Cavalhada//school_33",-30.122394593607208,-51.222345234201725,""
"Cavalhada//home_34",-30.122892129102866,-51.224400002251,""
"Cavalhada//work_34",-30.12213751028234,-51.224882683933004,""
"Cavalhada//school_34",-30.122850662916292,-51.224256628926604,""
"Cavalhada//home_35",-30.128989103755774,-51.2218750694303,""
"Cavalhada//work_35",-30.12915140023298,-51.21902859153225,""
"Cavalhada//school_35",-30.13123202679402,-51.21882293896208,""
"Cavalhada//home_36",-30.131307794811306,-51.21530247183062,""
"Cavalhada//work_36",-30.129614823660464,-51.21618805156554,""
"Cavalhada//school_36",-30.130447950147285,-51.2157253727201,""
"Cavalhada//home_37",-30.127785170110155,-51.21529476038655,""
"Cavalhada//work_37",-30.127689953032853,-51.21540906766021,""
"Cavalhada//school_37",-30.12729409697581,-51.21505862688794,""
"Cavalhada//home_38",-30.12787662443753,-51.21363756400737,""
"Cavalhada//work_38",-30.12861151371424,-51.21371943274551,""
"Cavalhada//school_38",-30.12867034393433,-51.213855040882095,""
"Cavalhada//home_39",-30.129017723622766,-51.21491215079203,""
"Cavalhada//work_39",-30.12983925510288,-51.21412492325795,""
"Cavalhada//school_39",-30.128946704373178,-51.21485972481039,""
"Cavalhada//home_40",-30.115922790711252,-51.22823870100152,""
"Cavalhada//work_40",-30.1160743414015,-51.22895363631627,""
"Cavalhada//school_40",-30.11699089817999,-51.230481543133635,""
"Cavalhada//home_41",-30.094527859995836,-51.23332264765044,""
"Cavalhada//work_41",-30.09430904244934,-51.23404606920622,""
"Cavalhada//school_41",-30.0948711046547,-51.234103625305146,""
"Cavalhada//home_42",-30.0943372874064,-51.236007143437234,""
"Cavalhada//work_42",-30.09431579338449,-51.23431069582148,""
"Cavalhada//school_42",-30.09420982772092,-51.23473888472361,""
"Cavalhada//home_43",-30.127713793855445,-51.21634778441124,""
"Cavalhada//work_43",-30.127441759347896,-51.21667961564249,""
"Cavalhada//school_43",-30.127406921757252,-51.21915761986461,""
"Cavalhada//home_44",-30.131084050587198,-51.212560716163,""
"Cavalhada//work_44",-30.131662718627812,-51.21348348906779,""
"Cavalhada//school_44",-30.131867434372893,-51.21432495988481,""
"Cavalhada//home_45",-30.114853018021318,-51.231444579270025,""
"Cavalhada//work_45",-30.11561782611431,-51.231548538556304,""
"Cavalhada//school_45",-30.119022116062197,-51.231796059466134,""
"Cavalhada//home_46",-30.131745616046803,-51.21763224563809,""
"Cavalhada//work_46",-30.130979311600075,-51.21751618282328,""
"Cavalhada//school_46",-30.13069601403442,-51.217417143332845,""
"Cavalhada//home_47",-30.112389265614173,-51.23148843905257,""
"Cavalhada//work_47",-30.112921546328288,-51.23203200764128,""
"Cavalhada//school_47",-30.11348820641022,-51.23101298676816,""
"Cavalhada//home_48",-30.11113539617666,-51.22835311108114,""
"Cavalhada//work_48",-30.114716602494116,-51.22968518839099,""
"Cavalhada//school_48",-30.11240162343541,-51.22806958985906,""
"Cavalhada//home_49",-30.114690122245168,-51.23061098670243,""
"Cavalhada//work_49",-30.113789996555703,-51.23015014773625,""
"Cavalhada//school_49",-30.113934158302076,-51.22984440694055,""
"Cavalhada//home_50",-30.115317564338678,-51.230568945006134,""
"Cavalhada//work_50",-30.115355789727328,-51.2301685301211,""
"Cavalhada//school_50",-30.11515134865646,-51.23054951488694,""
"Centro Histórico//home_0",-30.02924715006643,-51.22998448688874,10.0
"Centro Histórico//work_0",-30.030193614150605,-51.22928471862555,10.0
"Centro Histórico//school_0",-30.03106838973716,-51.22736316419125,10.0
"Centro Histórico//home_1",-30.031068833741532,-51.22988420059547,10.0
"Centro Histórico//work_1",-30.03110516229602,-51.22928464328757,10.0
"Centro Histórico//school_1",-30.030538050958093,-51.22984130389499,10.0
"Centro Histórico//home_2",-30.031516270999308,-51.22979610905918,10.0
"Centro Histórico//work_2",-30.03155845926528,-51.22833483269237,10.0
"Centro Histórico//school_2",-30.031491848285363,-51.22995979223123,10.0
"Centro Histórico//home_3",-30.028561836646638,-51.22987676250716,10.0
"Centro Histórico//work_3",-30.02964347587047,-51.23143458051378,10.0
"Centro Histórico//school_3",-30.030120969010326,-51.231725493841495,10.0
"Centro Histórico//home_4",-30.028684860214597,-51.22663811425407,8.3
"Centro Histórico//work_4",-30.027820288481998,-51.22650750513671,6.4
"Centro Histórico//school_4",-30.028305823276536,-51.225486418566966,8.8
"Centro Histórico//home_5",-30.030405763054922,-51.22509904929119,10.0
"Centro Histórico//work_5",-30.03042525820565,-51.226423789994485,10.0
"Centro Histórico//school_5",-30.03068274308517,-51.22523432212298,10.0
"Centro Histórico//home_6",-30.03118254075711,-51.225664400963,10.0
"Centro Histórico//work_6",-30.0311450684125,-51.22555586281191,10.0
"Centro Histórico//school_6",-30.03115336271075,-51.224908995166935,10.0
"Centro Histórico//home_7",-30.031014473369655,-51.22651270235938,10.0
"Centro Histórico//work_7",-30.031473205811775,-51.22635963803159,10.0
"Centro Histórico//school_7",-30.03151272858919,-51.22623076309831,10.0
"Centro Histórico//home_8",-30.032230217912343,-51.226777589197624,10.0
"Centro Histórico//work_8",-30.03164247842164,-51.22693177975349,10.0
"Centro Histórico//school_8",-30.032148360715883,-51.2267874277389,10.0
"Centro Histórico//home_9",-30.031748319339545,-51.22611660611631,10.0
"Centro Histórico//work_9",-30.032526707545355,-51.22662155940117,10.0
"Centro Histórico//school_9",-30.03250224206086,-51.22631400121075,10.0
"Centro Histórico//home_10",-30.032384784161607,-51.225155227634055,10.0
"Centro Histórico//work_10",-30.032156045555013,-51.22542983550957,10.0
"Centro Histórico//school_10",-30.032444699503063,-51.22567994388449,10.0
"Centro Histórico//home_11",-30.032646821355765,-51.22549463425552,10.0
"Centro Histórico//work_11",-30.032635807417627,-51.2260109306388,10.0
"Centro Histórico//school_11",-30.032812309896215,-51.22699886082866,10.0
"Centro Histórico//home_12",-30.032718110964453,-51.227557453191665,10.0
"Centro Histórico//work_12",-30.033049962672976,-51.227516757793886,10.0
"Centro Histórico//school_12",-30.03316724566299,-51.227763036167744,10.0
"Centro Histórico//home_13",-30.031730959581832,-51.22724636227036,10.0
"Centro Histórico//work_13",-30.03165828242063,-51.22702698546369,10.0
"Centro Histórico//school_13",-30.032061639985038,-51.22719378751022,10.0
"Centro Histórico//home_14",-30.031705460615544,-51.228005615895334,10.0
"Centro Histórico//work_14",-30.03186349452981,-51.22928654550329,10.0
"Centro Histórico//school_14",-30.03179826763283,-51.22919187735805,10.0
"Centro Histórico//home_15",-30.032620090103315,-51.22952454225261,10.0
"Centro Histórico//work_15",-30.032838194814257,-51.22934937761128,10.0
"Centro Histórico//school_15",-30.03281537769961,-51.229545486828165,10.0
"Centro Histórico//home_16",-30.032889658230836,-51.22834831805901,10.0
"Centro Histórico//work_16",-30.033305928365298,-51.22875348194443,10.0
"Centro Histórico//school_16",-30.033315256960382,-51.228498454868465,10.0
"Centro Histórico//home_17",-30.0325131726783,-51.22979046533528,10.0
"Centro Histórico//work_17",-30.03319066683034,-51.230417795297804,10.0
"Centro Histórico//school_17",-30.03287068013012,-51.230049427151535,10.0
"Centro Histórico//home_18",-30.03240969816677,-51.23248972742206,10.0
"Centro Histórico//work_18",-30.032027257408927,-51.23099613681013,10.0
"Centro Histórico//school_18",-30.03262005336349,-51.23272660987244,10.0
"Centro Histórico//home_19",-30.033055593476767,-51.233519876073785,10.0
"Centro Histórico//work_19",-30.03291634103058,-51.23317037091578,10.0
"Centro Histórico//school_19",-30.033282156994424,-51.23379144413059,10.0
"Centro Histórico//home_20",-30.033513641208987,-51.23411116806174,10.0
"Centro Histórico//work_20",-30.033274110247017,-51.23446070101851,10.0
"Centro Histórico//school_20",-30.032592297705733,-51.23334954210517,10.0
"Centro Histórico//home_21",-30.03253047332043,-51.23385600289666,10.0
"Centro Histórico//work_21",-30.032114471327997,-51.233433099708165,10.0
"Centro Histórico//school_21",-30.032599687020497,-51.234454609631975,10.0
"Centro Histórico//home_22",-30.0315292532152,-51.23428965341991,10.0
"Centro Histórico//work_22",-30.031571955725674,-51.234028951646884,10.0
"Centro Histórico//school_22",-30.031741182651647,-51.234506107608766,10.0
"Centro Histórico//home_23",-30.03177396966368,-51.231501664856886,10.0
"Centro Histórico//work_23",-30.03135308453668,-51.23303361832828,10.0
"Centro Histórico//school_23",-30.03128905015938,-51.232231943907294,10.0
"Centro Histórico//home_24",-30.03044024521717,-51.23320727040846,10.0
"Centro Histórico//work_24",-30.03077803743412,-51.232663276781736,10.0
"Centro Histórico//school_24",-30.030551155837376,-51.232904455259735,10.0
"Centro Histórico//home_25",-30.032210666406424,-51.23681279810022,8.8
"Centro Histórico//work_25",-30.031924192973236,-51.23643169871216,8.6
"Centro Histórico//school_25",-30.031696060451335,-51.23661557494547,7.4
"Centro Histórico//home_26",-30.026773621759176,-51.22216904111261,8.4
"Centro Histórico//work_26",-30.02675939996923,-51.22180365857454,9.3
"Centro Histórico//school_26",-30.027399792980862,-51.2238940200236,9.5
"Centro Histórico//home_27",-30.027617887866796,-51.220899805233664,10.0
"Centro Histórico//work_27",-30.0268434640627,-51.22090892195118,8.0
"Centro Histórico//school_27",-30.0270385342159,-51.220711116841166,7.4
"Centro Histórico//home_28",-30.027584074543615,-51.2204174476476,10.0
"Centro Histórico//work_28",-30.02771865092378,-51.219586748122126,8.7
"Centro Histórico//school_28",-30.02691556854228,-51.21964028352392,7.4
"Centro Histórico//home_29",-30.02918508331042,-51.21999165412888,10.0
"Centro Histórico//work_29",-30.029081435421418,-51.21989388910664,10.0
"Centro Histórico//school_29",-30.02934334742281,-51.22055333314517,10.0
"Centro Histórico//home_30",-30.0295357789847,-51.22167450436528,10.0
"Centro Histórico//work_30",-30.029395623568426,-51.22193045279062,10.0
"Centro Histórico//school_30",-30.029416338024586,-51.22192330340929,10.0
"Centro Histórico//home_31",-30.02857531808111,-51.22157450497008,10.0
"Centro Histórico//work_31",-30.029455619581537,-51.22297636860061,10.0
"Centro Histórico//school_31",-30.02851780298014,-51.22095210166999,10.0
"Centro Histórico//home_32",-30.030359646978976,-51.22335654983858,10.0
"Centro Histórico//work_32",-30.03049127391631,-51.22352562230729,10.0
"Centro Histórico//school_32",-30.03035373545425,-51.22376788070383,10.0
"Centro Histórico//home_33",-30.029860926927636,-51.220338809402044,10.0
"Centro Histórico//work_33",-30.0329864674302,-51.22241962877114,10.0
"Centro Histórico//school_33",-30.032331496666878,-51.222430498959476,10.0
"Centro Histórico//home_34",-30.031200335228622,-51.224296784311875,10.0
"Centro Histórico//work_34",-30.031432672499907,-51.22406956140886,10.0
"Centro Histórico//school_34",-30.03155123369382,-51.22400767132116,10.0
"Centro Histórico//home_35",-30.032082208700974,-51.22466120151469,10.0
"Centro Histórico//work_35",-30.031956369097298,-51.22474365122368,10.0
"Centro Histórico//school_35",-30.03137022208652,-51.22473574505524,10.0
"Centro Histórico//home_36",-30.03343409890348,-51.22502310226877,10.0
"Centro Histórico//work_36",-30.03335117955678,-51.22507007440747,10.0
"Centro Histórico//school_36",-30.033145721035556,-51.22563730370365,10.0
"Centro Histórico//home_37",-30.032113997117918,-51.22348923587821,10.0
"Centro Histórico//work_37",-30.032819647337128,-51.22511516952654,10.0
"Centro Histórico//school_37",-30.032125036790454,-51.223462429688475,10.0
"Centro Histórico//home_38",-30.033102984948787,-51.224632410769736,10.0
"Centro Histórico//work_38",-30.033150387026875,-51.22405133802253,10.0
"Centro Histórico//school_38",-30.03260356910456,-51.22389914712926,10.0
"Centro Histórico//home_39",-30.033239527099305,-51.22308160478847,10.0
"Centro Histórico//work_39",-30.033132142255297,-51.22278743038536,10.0
"Centro Histórico//school_39",-30.033459921739247,-51.222803795601926,10.0
"Centro Histórico//home_40",-30.033045646618792,-51.223552888618755,10.0
"Centro Histórico//work_40",-30.033533573407077,-51.22326433812245,10.0
"Centro Histórico//school_40",-30.03355000432979,-51.22288298652938,10.0
"Centro Histórico//home_41",-30.034858995636906,-51.22357778420945,7.4
"Centro Histórico//work_41",-30.034712429678372,-51.22249669961009,7.7
"Centro Histórico//school_41",-30.034740749037827,-51.22350627664154,7.4
"Centro Histórico//home_42",-30.03371137542276,-51.22676355832172,10.0
"Centro Histórico//work_42",-30.03363028637126,-51.226729536455075,10.0
"Centro Histórico//school_42",-30.033494474146426,-51.22552364682511,10.0
"Centro Histórico//home_43",-30.034667135764277,-51.225057551195036,9.6
"Centro Histórico//work_43",-30.034351722939178,-51.22497678501454,10.0
"Centro Histórico//school_43",-30.035204282419507,-51.22471892474362,8.0
"Centro Histórico//home_44",-30.03443388515771,-51.22704004876753,10.0
"Centro Histórico//work_44",-30.034034231855674,-51.22534036959156,10.0
"Centro Histórico//school_44",-30.03461167121412,-51.22665003216807,10.0
"Centro Histórico//home_45",-30.034901535869402,-51.22780616949383,10.0
"Centro Histórico//work_45",-30.03411627007102,-51.22773266093902,10.0
"Centro Histórico//school_45",-30.03465305866293,-51.22731688990553,10.0
"Centro Histórico//home_46",-30.035504109809647,-51.22743785465592,9.5
"Centro Histórico//work_46",-30.03498603391423,-51.227619935104705,10.0
"Centro Histórico//school_46",-30.035768741618018,-51.22780968561657,7.9
"Centro Histórico//home_47",-30.03510742988167,-51.22489734037334,8.2
"Centro Histórico//work_47",-30.035177363338214,-51.22546498304234,8.4
"Centro Histórico//school_47",-30.03511543908221,-51.22519977685588,8.6
"Centro Histórico//home_48",-30.03604222246745,-51.22529119396854,6.5
"Centro Histórico//work_48",-30.03529705962362,-51.22573854387838,8.4
"Centro Histórico//school_48",-30.035885610838655,-51.22481620300948,6.9
"Centro Histórico//home_49",-30.03593350521492,-51.22663325007771,6.1
"Centro Histórico//work_49",-30.035977238024905,-51.22677639171576,6.1
"Centro Histórico//school_49",-30.035543508955413,-51.22680675237864,7.3
"Centro Histórico//home_50",-30.036524491410216,-51.22623083050306,6.1
"Centro Histórico//work_50",-30.0366169186517,-51.22627912548905,6.3
"Centro Histórico//school_50",-30.036244784794395,-51.22627833327491,6.3
"Centro Histórico//home_51",-30.036301209557145,-51.2271534374749,6.4
"Centro Histórico//work_51",-30.03726173730302,-51.22670533810008,4.4
"Centro Histórico//school_51",-30.03677258624804,-51.22720281505653,7.0
"Centro Histórico//home_52",-30.038247166609526,-51.229210118510125,3.3
"Centro Histórico//work_52",-30.037271945483894,-51.229833670985194,6.1
"Centro Histórico//school_52",-30.037373504760232,-51.22998394123636,6.1
"Centro Histórico//home_53",-30.036462928818167,-51.22828440761522,8.7
"Centro Histórico//work_53",-30.037288732398533,-51.228773820136105,5.2
"Centro Histórico//school_53",-30.037115304202207,-51.22899335281977,7.1
"Centro Histórico//home_54",-30.036387183776757,-51.22860375753373,8.8
"Centro Histórico//work_54",-30.036453687880286,-51.22873597178879,8.8
"Centro Histórico//school_54",-30.036413913218755,-51.22853628150503,8.8
"Centro Histórico//home_55",-30.035402354584846,-51.22842115536863,10.0
"Centro Histórico//work_55",-30.035673491069527,-51.228319890561075,9.9
"Centro Histórico//school_55",-30.036105972275724,-51.22970583677534,7.9
"Centro Histórico//home_56",-30.03531884645096,-51.22901377904072,10.0
"Centro Histórico//work_56",-30.035090038500904,-51.22880604788172,10.0
"Centro Histórico//school_56",-30.035223446073882,-51.22977939210562,10.0
"Centro Histórico//home_57",-30.03479645200725,-51.22973133030892,10.0
"Centro Histórico//work_57",-30.033778630882004,-51.22904613493623,10.0
"Centro Histórico//school_57",-30.03491924844052,-51.22808711302597,10.0
"Centro Histórico//home_58",-30.03374920646663,-51.23030074479823,10.0
"Centro Histórico//work_58",-30.034521672322487,-51.23082116274285,10.0
"Centro Histórico//school_58",-30.0341074038945,-51.22981045629021,10.0
"Centro Histórico//home_59",-30.03609098410769,-51.23031962836813,8.6
"Centro Histórico//work_59",-30.03589004094269,-51.23032032489415,8.9
"Centro Histórico//school_59",-30.035524794904855,-51.22991694512206,9.9
"Centro Histórico//home_60",-30.03621118172869,-51.23068808538032,6.7
"Centro Histórico//work_60",-30.03701786885175,-51.231180771315536,4.5
"Centro Histórico//school_60",-30.03711841163559,-51.230170977713875,5.6
"Centro Histórico//home_61",-30.035931497282462,-51.23268336239643,6.1
"Centro Histórico//work_61",-30.037073671033365,-51.23673276788467,4.4
"Centro Histórico//school_61",-30.036349549170524,-51.2345429950417,6.4
"Centro Histórico//home_62",-30.035528077590353,-51.23217216147199,5.5
"Centro Histórico//work_62",-30.035358464725952,-51.2319241899082,5.5
"Centro Histórico//school_62",-30.0354914633994,-51.23237040555715,5.5
"Centro Histórico//home_63",-30.035628182343036,-51.2336343300569,7.2
"Centro Histórico//work_63",-30.03525812964993,-51.23363322403949,7.6
"Centro Histórico//school_63",-30.035269953493817,-51.23251288432141,6.8
"Centro Histórico//home_64",-30.035033420888748,-51.23247520057818,7.9
"Centro Histórico//work_64",-30.033880952143317,-51.23165669377685,10.0
"Centro Histórico//school_64",-30.034889636465458,-51.2324626747361,10.0
"Centro Histórico//home_65",-30.033471004138786,-51.2317826564225,10.0
"Centro Histórico//work_65",-30.033505080344284,-51.23181838382927,10.0
"Centro Histórico//school_65",-30.033437270274725,-51.231778954351626,10.0
"Centro Histórico//home_66",-30.03364177974072,-51.2331009479776,10.0
"Centro Histórico//work_66",-30.033453612445257,-51.2331122089847,10.0
"Centro Histórico//school_66",-30.033734982186143,-51.234167898375226,10.0
"Centro Histórico//home_67",-30.03431600030387,-51.233499382155046,10.0
"Centro Histórico//work_67",-30.03473401818335,-51.23321241155937,9.6
"Centro Histórico//school_67",-30.034341215041128,-51.23387852136975,10.0
"Centro Histórico//home_68",-30.034530768436497,-51.23509459058265,10.0
"Centro Histórico//work_68",-30.034788932583297,-51.23406282196156,9.9
"Centro Histórico//school_68",-30.03410726049766,-51.23445358466159,10.0
"Centro Histórico//home_69",-30.03498595977457,-51.233974058406936,9.9
"Centro Histórico//work_69",-30.035361788046664,-51.234466996572934,7.5
"Centro Histórico//school_69",-30.035095965991072,-51.23471736142312,8.7
"Centro Histórico//home_70",-30.035999452046525,-51.23482468510953,6.1
"Centro Histórico//work_70",-30.03607516922974,-51.23398683606273,7.2
"Centro Histórico//school_70",-30.035882319920137,-51.23385949200942,7.2
"Centro Histórico//home_71",-30.035742629726098,-51.23609607610355,6.5
"Centro Histórico//work_71",-30.03555644507219,-51.235965145596026,6.5
"Centro Histórico//school_71",-30.035603476266513,-51.235367951380184,5.5
"Centro Histórico//home_72",-30.03545264520317,-51.23632819138127,7.1
"Centro Histórico//work_72",-30.03589349058687,-51.237539018856864,6.2
"Centro Histórico//school_72",-30.035978540600265,-51.23633943673987,6.0
"Centro Histórico//home_73",-30.036240784584734,-51.23812750090971,5.8
"Centro Histórico//work_73",-30.035659027434672,-51.23811732975695,6.6
"Centro Histórico//school_73",-30.03560600915536,-51.23783169577933,7.1
"Centro Histórico//home_74",-30.03582167545387,-51.23987918875567,4.8
"Centro Histórico//work_74",-30.035484616065926,-51.23830422539853,6.5
"Centro Histórico//school_74",-30.035991928400726,-51.23970450063225,4.9
"Centro Histórico//home_75",-30.035233162162452,-51.23849054544539,8.1
"Centro Histórico//work_75",-30.035475463172055,-51.23990986197292,5.8
"Centro Histórico//school_75",-30.034835274296267,-51.238111959781236,7.5
"Centro Histórico//home_76",-30.03504454844066,-51.23583639602612,9.0
"Centro Histórico//work_76",-30.03534332526165,-51.236132166834544,6.5
"Centro Histórico//school_76",-30.035218188987024,-51.23685624193765,7.0
"Centro Histórico//home_77",-30.034642159784113,-51.236986680881266,8.4
"Centro Histórico//work_77",-30.034642011242,-51.23705893207514,8.4
"Centro Histórico//school_77",-30.034521205451185,-51.237117639798676,8.8
"Centro Histórico//home_78",-30.032926008934037,-51.23525497529593,10.0
"Centro Histórico//work_78",-30.033719640546746,-51.2347151076507,10.0
"Centro Histórico//school_78",-30.032495225035944,-51.234943551822745,10.0
"Centro Histórico//home_79",-30.033755953943434,-51.2354613777449,10.0
"Centro Histórico//work_79",-30.03365905584752,-51.236253286341935,9.9
"Centro Histórico//school_79",-30.033959403894766,-51.23629316937363,9.5
"Centro Histórico//home_80",-30.032630868596613,-51.23718316893064,9.5
"Centro Histórico//work_80",-30.03319701093713,-51.236233381230086,10.0
"Centro Histórico//school_80",-30.03254883897379,-51.237027616262225,9.3
"Centro Histórico//home_81",-30.03270353481116,-51.23657362818141,10.0
"Centro Histórico//work_81",-30.032189191004864,-51.23625602306338,8.6
"Centro Histórico//school_81",-30.032321632185077,-51.23642967238157,10.0
"Centro Histórico//home_82",-30.033572995147072,-51.238212980305626,10.0
"Centro Histórico//work_82",-30.033125072527568,-51.23710623827487,10.0
"Centro Histórico//school_82",-30.033253493570548,-51.23848667718082,8.5
"Centro Histórico//home_83",-30.033164250798364,-51.23789983250141,10.0
"Centro Histórico//work_83",-30.032820314107727,-51.237916523539155,8.6
"Centro Histórico//school_83",-30.032975714172263,-51.237952381501024,8.6
"Centro Histórico//home_84",-30.034250553046217,-51.23801023584336,8.4
"Centro Histórico//work_84",-30.0341948846445,-51.237922610272115,7.8
"Centro Histórico//school_84",-30.03412726272726,-51.2372997279331,8.8
"Centro Histórico//home_85",-30.034707006414216,-51.23874599558847,7.5
"Centro Histórico//work_85",-30.03417357830828,-51.23845860826752,9.6
"Centro Histórico//school_85",-30.034519370705926,-51.23841235590017,8.6
"Centro Histórico//home_86",-30.034231235514614,-51.23869248816699,8.3
"Centro Histórico//work_86",-30.03426344108096,-51.23933715251887,6.6
"Centro Histórico//school_86",-30.034394263441744,-51.23900337675636,7.9
"Centro Histórico//home_87",-30.03364446725771,-51.238555827764394,8.9
"Centro Histórico//work_87",-30.033940661581994,-51.23894201367926,8.5
"Centro Histórico//school_87",-30.03369776756293,-51.23945739664372,7.0
"Centro Histórico//home_88",-30.033599785053614,-51.2394818166547,7.0
"Centro Histórico//work_88",-30.03365020803102,-51.23949341624815,7.0
"Centro Histórico//school_88",-30.03329745088813,-51.239117377778136,8.2
"Centro Histórico//home_89",-30.03194676842013,-51.227810647769466,10.0
"Centro Histórico//work_89",-30.032019164261673,-51.22766317980743,10.0
"Centro Histórico//school_89",-30.031781215006742,-51.227572853608095,10.0
"Centro Histórico//home_90",-30.03627731516412,-51.22897606537628,9.2
"Centro Histórico//work_90",-30.03620076426876,-51.229116344492,9.2
"Centro Histórico//school_90",-30.036461494400115,-51.229075396157,9.2
"Centro Histórico//home_91",-30.030941789321677,-51.23947295423939,3.0
"Centro Histórico//work_91",-30.030805951889704,-51.23814987606962,3.0
"Centro Histórico//school_91",-30.03512467872926,-51.24260501708318,10.0
"Centro Histórico//home_92",-30.02445032812091,-51.222208791082906,3.3
"Centro Histórico//work_92",-30.02646653590764,-51.2215390887718,7.9
"Centro Histórico//school_92",-30.023398328092,-51.21902950275773,3.9
"Centro Histórico//home_93",-30.03754553207898,-51.22693537337927,4.6
"Centro Histórico//work_93",-30.038187759035623,-51.22731196564689,4.0
"Centro Histórico//school_93",-30.037217811875983,-51.22804565711512,6.5
"Centro Histórico//home_94",-30.03692787911796,-51.227880368377896,7.4
"Centro Histórico//work_94",-30.03662515050932,-51.227519576347504,7.0
"Centro Histórico//school_94",-30.036304850040562,-51.227627693602976,6.8
"Chácara das Pedras//home_0",-30.02933851509933,-51.16512840683286,""
"Chácara das Pedras//work_0",-30.030284395550193,-51.165952924261425,""
"Chácara das Pedras//school_0",-30.033392106253583,-51.1659674906886,""
"Chácara das Pedras//home_1",-30.029112659147543,-51.16261826655875,""
"Chácara das Pedras//work_1",-30.028469399728476,-51.16189253255616,""
"Chácara das Pedras//school_1",-30.030432127741754,-51.16106558446861,""
"Chácara das Pedras//home_2",-30.031820003903242,-51.159686182238275,""
"Chácara das Pedras//work_2",-30.031590593183438,-51.15969995489865,""
"Chácara das Pedras//school_2",-30.032385033213277,-51.16038769401876,""
"Chácara das Pedras//home_3",-30.033048391412336,-51.16526076658826,""
"Chácara das Pedras//work_3",-30.03273198577655,-51.16386439893711,""
"Chácara das Pedras//school_3",-30.033290585750365,-51.164788241107495,""
"Chácara das Pedras//home_4",-30.035611957465022,-51.161782242064966,""
"Chácara das Pedras//work_4",-30.03477822105844,-51.161652745801405,""
"Chácara das Pedras//school_4",-30.034523691956213,-51.16123915562255,""
"Chácara das Pedras//home_5",-30.035625943363154,-51.159655479712534,""
"Chácara das Pedras//work_5",-30.03769898887093,-51.15914074673547,""
"Chácara das Pedras//school_5",-30.03573433383163,-51.15947885501114,""
"Chácara das Pedras//home_6",-30.039747730423198,-51.159893460385554,""
"Chácara das Pedras//work_6",-30.040010748594316,-51.16062107009849,""
"Chácara das Pedras//school_6",-30.03895273239793,-51.15923510509922,""
"Chácara das Pedras//home_7",-30.038112047269255,-51.16457990618436,""
"Chácara das Pedras//work_7",-30.037426017933146,-51.1634532652761,""
"Chácara das Pedras//school_7",-30.038322701147504,-51.16365987312173,""
"Chácara das Pedras//home_8",-30.038935064586894,-51.166246298363184,""
"Chácara das Pedras//work_8",-30.03482896611841,-51.166347294810265,""
"Chácara das Pedras//school_8",-30.03603171084635,-51.166669776033686,""
"Chácara das Pedras//home_9",-30.030055475170037,-51.15970528114561,""
"Chácara das Pedras//work_9",-30.031392040254993,-51.160210545411815,""
"Chácara das Pedras//school_9",-30.02907845068304,-51.16050089478453,""
"Chapéu do Sol//home_0",-30.176131307875675,-51.17595334440273,""
"Chapéu do Sol//work_0",-30.176355924963048,-51.17581667216329,""
"Chapéu do Sol//school_0",-30.1762321618278,-51.17606233368618,""
"Chapéu do Sol//home_1",-30.177719453845867,-51.17268801027563,""
"Chapéu do Sol//work_1",-30.174914428565845,-51.17218050186767,""
"Chapéu do Sol//school_1",-30.175213084586467,-51.17203624342494,""
"Chapéu do Sol//home_2",-30.177803050583595,-51.17473968618944,""
"Chapéu do Sol//work_2",-30.177791081207168,-51.17353206007468,""
"Chapéu do Sol//school_2",-30.178182432630447,-51.1742480698604,""
"Chapéu do Sol//home_3",-30.170949335766828,-51.153536093905494,""
"Chapéu do Sol//work_3",-30.18020991485469,-51.15144660956253,""
"Chapéu do Sol//school_3",-30.181141747479085,-51.146185028433,""
"Chapéu do Sol//home_4",-30.18071528705006,-51.170318968897995,""
"Chapéu do Sol//work_4",-30.1817116523431,-51.17243031919374,""
"Chapéu do Sol//school_4",-30.181017075447453,-51.168082689653666,""
"Chapéu do Sol//home_5",-30.182820991347338,-51.16786413910503,""
"Chapéu do Sol//work_5",-30.1848921208756,-51.16307636315615,""
"Chapéu do Sol//school_5",-30.183288254989428,-51.16429284960462,""
"Chapéu do Sol//home_6",-30.174871405429577,-51.176153853498484,""
"Chapéu do Sol//work_6",-30.174784001500846,-51.175029775464246,""
"Chapéu do Sol//school_6",-30.174480582403177,-51.17512261405976,""
"Chapéu do Sol//home_7",-30.17367416076994,-51.17245012840741,""
"Chapéu do Sol//work_7",-30.173813433045062,-51.17273273933878,""
"Chapéu do Sol//school_7",-30.17375254472114,-51.17363242936628,""
"Chapéu do Sol//home_8",-30.174538705652267,-51.17419528717583,""
"Chapéu do Sol//work_8",-30.17483252130799,-51.174701174740996,""
"Chapéu do Sol//school_8",-30.17452263479057,-51.17367002070069,""
"Cidade Baixa//home_0",-30.04286046866923,-51.225600379771095,3.9
"Cidade Baixa//work_0",-30.040879766306695,-51.22662308239721,4.6
"Cidade Baixa//school_0",-30.040574205660867,-51.22599020000408,4.3
"Cidade Baixa//home_1",-30.0417708930243,-51.2276062962746,4.6
"Cidade Baixa//work_1",-30.042855006427303,-51.227550332783245,4.5
"Cidade Baixa//school_1",-30.04242951281528,-51.22668271883722,4.6
"Cidade Baixa//home_2",-30.04006155254394,-51.22697561715701,4.6
"Cidade Baixa//work_2",-30.040229950291312,-51.22748480157019,4.6
"Cidade Baixa//school_2",-30.039046427795107,-51.22744698463211,4.0
"Cidade Baixa//home_3",-30.03973102612885,-51.22659960141346,4.2
"Cidade Baixa//work_3",-30.04003133179854,-51.226242444032,4.2
"Cidade Baixa//school_3",-30.03978517020976,-51.22594380911298,4.3
"Cidade Baixa//home_4",-30.038598399899072,-51.22549116461561,4.5
"Cidade Baixa//work_4",-30.037820140891828,-51.22577049856053,4.8
"Cidade Baixa//school_4",-30.038892215761614,-51.22599745375972,4.2
"Cidade Baixa//home_5",-30.03887912770793,-51.224914667305534,5.0
"Cidade Baixa//work_5",-30.038638552243913,-51.22474886200237,5.0
"Cidade Baixa//school_5",-30.038629773323,-51.22455660678482,5.1
"Cidade Baixa//home_6",-30.039056454233243,-51.22451176018393,5.1
"Cidade Baixa//work_6",-30.039410551803908,-51.22492646701391,5.2
"Cidade Baixa//school_6",-30.039134527108494,-51.224709263944106,5.2
"Cidade Baixa//home_7",-30.03967614551933,-51.22464028734702,5.1
"Cidade Baixa//work_7",-30.040106363946958,-51.22467727384739,4.5
"Cidade Baixa//school_7",-30.04016361114848,-51.223632531907256,4.7
"Cidade Baixa//home_8",-30.040866722748735,-51.224388085580095,4.5
"Cidade Baixa//work_8",-30.04114212188031,-51.224469755640506,4.6
"Cidade Baixa//school_8",-30.04113396558366,-51.225003666427554,4.6
"Cidade Baixa//home_9",-30.041315982488094,-51.22401181482675,4.5
"Cidade Baixa//work_9",-30.040840560276003,-51.22388359627105,4.5
"Cidade Baixa//school_9",-30.041262244803445,-51.22361931135668,4.5
"Cidade Baixa//home_10",-30.04154540180114,-51.22252840654905,5.3
"Cidade Baixa//work_10",-30.04159693054776,-51.22352426012827,4.5
"Cidade Baixa//school_10",-30.04149864922662,-51.22290487875168,4.9
"Cidade Baixa//home_11",-30.041375576833882,-51.2220247997592,5.3
"Cidade Baixa//work_11",-30.04131621329013,-51.222461871935764,5.3
"Cidade Baixa//school_11",-30.040984261354758,-51.222782012827466,5.1
"Cidade Baixa//home_12",-30.0431207932974,-51.22442721564563,4.2
"Cidade Baixa//work_12",-30.04265605912865,-51.22315275082021,4.5
"Cidade Baixa//school_12",-30.041646932497375,-51.22153085080478,5.2
"Cidade Baixa//home_13",-30.042237584783667,-51.22132044267322,5.1
"Cidade Baixa//work_13",-30.042453848286723,-51.22115351243308,5.2
"Cidade Baixa//school_13",-30.042396820893018,-51.22185112905438,4.8
"Cidade Baixa//home_14",-30.04334560269227,-51.22226261704714,4.3
"Cidade Baixa//work_14",-30.04343187916083,-51.22098002683691,4.5
"Cidade Baixa//school_14",-30.04345526324451,-51.22038929427879,4.5
"Cidade Baixa//home_15",-30.042002805914912,-51.218236129931455,8.0
"Cidade Baixa//work_15",-30.041750049317056,-51.21828740993794,8.0
"Cidade Baixa//school_15",-30.04252699334774,-51.21909002217966,7.7
"Cidade Baixa//home_16",-30.04215538909362,-51.22032260669273,6.3
"Cidade Baixa//work_16",-30.042446976203944,-51.22032373968145,5.4
"Cidade Baixa//school_16",-30.042281762105574,-51.21968948632445,6.8
"Cidade Baixa//home_17",-30.03994384666883,-51.2175856918575,7.2
"Cidade Baixa//work_17",-30.04017702107237,-51.218673388247446,7.5
"Cidade Baixa//school_17",-30.040735791148702,-51.21830744717053,8.0
"Cidade Baixa//home_18",-30.04060172054248,-51.21916838012974,7.5
"Cidade Baixa//work_18",-30.040652704405446,-51.21910788252355,7.5
"Cidade Baixa//school_18",-30.041705197153977,-51.2206547561406,6.1
"Cidade Baixa//home_19",-30.040774550039384,-51.220427178132425,5.9
"Cidade Baixa//work_19",-30.04051026049818,-51.21921090702704,7.1
"Cidade Baixa//school_19",-30.040454299777878,-51.21952399255811,6.8
"Cidade Baixa//home_20",-30.040744038548304,-51.221672745967865,4.8
"Cidade Baixa//work_20",-30.040488314238214,-51.22092790678031,5.7
"Cidade Baixa//school_20",-30.040247645177736,-51.220778090308244,5.7
"Cidade Baixa//home_21",-30.040030995802557,-51.22189513921729,4.8
"Cidade Baixa//work_21",-30.03960586075218,-51.22165130441672,5.2
"Cidade Baixa//school_21",-30.039519124061446,-51.22007965850763,5.9
"Cidade Baixa//home_22",-30.039013433902834,-51.21953838568346,5.9
"Cidade Baixa//work_22",-30.03968345814038,-51.2191205964143,6.4
"Cidade Baixa//school_22",-30.038818409765952,-51.218629841706665,7.0
"Cidade Baixa//home_23",-30.03818574098985,-51.21997714956245,6.6
"Cidade Baixa//work_23",-30.038014454438713,-51.21969171828274,6.6
"Cidade Baixa//school_23",-30.036953903851618,-51.220351031105785,8.1
"Cidade Baixa//home_24",-30.038637817038346,-51.2223048590411,5.8
"Cidade Baixa//work_24",-30.038561359102424,-51.22244702508415,5.8
"Cidade Baixa//school_24",-30.038304533888,-51.22272198700813,5.8
"Cidade Baixa//home_25",-30.039160142299295,-51.222921588076666,5.7
"Cidade Baixa//work_25",-30.039691718777007,-51.22231350520439,5.7
"Cidade Baixa//school_25",-30.038923835424963,-51.221440774140895,5.9
"Cidade Baixa//home_26",-30.038786748012573,-51.223924838282926,5.0
"Cidade Baixa//work_26",-30.038587113076485,-51.22399276734747,5.1
"Cidade Baixa//school_26",-30.038461593392395,-51.22333811467658,5.6
"Cidade Baixa//home_27",-30.037498757403824,-51.22352106219881,5.9
"Cidade Baixa//work_27",-30.03795430576508,-51.22293655400559,5.8
"Cidade Baixa//school_27",-30.037989045039236,-51.22277005451773,5.8
"Cidade Baixa//home_28",-30.03729209767781,-51.223347244573056,6.4
"Cidade Baixa//work_28",-30.037441282935024,-51.22317622728589,6.5
"Cidade Baixa//school_28",-30.037398393625274,-51.22283485968528,5.7
"Cidade Baixa//home_29",-30.03715287077209,-51.22511555423452,4.8
"Cidade Baixa//work_29",-30.035953469997313,-51.22475631336051,6.9
"Cidade Baixa//school_29",-30.037450982622,-51.22552942696018,5.3
"Cidade Baixa//home_30",-30.03667802220756,-51.224154286531174,5.5
"Cidade Baixa//work_30",-30.036655337974793,-51.22434426446761,6.1
"Cidade Baixa//school_30",-30.036768399406707,-51.2239508673067,6.4
"Cidade Baixa//home_31",-30.03521663611382,-51.22372876811232,7.2
"Cidade Baixa//work_31",-30.03602333996866,-51.224078180941426,6.1
"Cidade Baixa//school_31",-30.036399860506382,-51.22349412280023,7.5
"Cidade Baixa//home_32",-30.037085031667768,-51.22269009463917,6.1
"Cidade Baixa//work_32",-30.036490121016573,-51.222107960263244,7.4
"Cidade Baixa//school_32",-30.037101628859237,-51.222619640605735,6.1
"Cidade Baixa//home_33",-30.03599937541148,-51.22227853890749,7.7
"Cidade Baixa//work_33",-30.03644604829464,-51.2226108936959,6.1
"Cidade Baixa//school_33",-30.036689702715424,-51.22332070413201,6.9
"Cidade Baixa//home_34",-30.036982035253274,-51.22128737590602,7.0
"Cidade Baixa//work_34",-30.03715311265413,-51.222274791699405,6.7
"Cidade Baixa//school_34",-30.037651736740138,-51.22223059991402,5.7
"Cidade Baixa//home_35",-30.036388744531617,-51.22153910707092,8.2
"Cidade Baixa//work_35",-30.03649791997941,-51.22146468083097,8.2
"Cidade Baixa//school_35",-30.036493832715955,-51.22093859664197,8.2
"Cidade Baixa//home_36",-30.03539932062365,-51.220938201382964,8.8
"Cidade Baixa//work_36",-30.035333936409913,-51.2209901845983,8.8
"Cidade Baixa//school_36",-30.035102704860282,-51.22129150575239,8.1
"Cidade Baixa//home_37",-30.04120475077743,-51.217198944962604,8.0
"Cidade Baixa//work_37",-30.04098340090152,-51.217414965204775,8.0
"Cidade Baixa//school_37",-30.040892625388956,-51.216796708521734,8.0
"Cidade Baixa//home_38",-30.038272083279182,-51.22217189936342,6.1
"Cidade Baixa//work_38",-30.038477690259185,-51.221620004819904,6.1
"Cidade Baixa//school_38",-30.03849624096597,-51.22206822704175,6.1
"Coronel Aparício Borges//home_0",-30.079354403242306,-51.166394599430696,""
"Coronel Aparício Borges//work_0",-30.07807416616577,-51.16742756428817,""
"Coronel Aparício Borges//school_0",-30.078736427366593,-51.16725784447745,""
"Coronel Aparício Borges//home_1",-30.066200999949032,-51.18410765742801,""
"Coronel Aparício Borges//work_1",-30.06573802068499,-51.18472748536632,""
"Coronel Aparício Borges//school_1",-30.065307805581707,-51.184427908404146,""
"Coronel Aparício Borges//home_2",-30.06754264559128,-51.18154783118307,""
"Coronel Aparício Borges//work_2",-30.067009899607825,-51.18056636970864,""
"Coronel Aparício Borges//school_2",-30.066546733032645,-51.182230885602834,""
"Coronel Aparício Borges//home_3",-30.06968175860319,-51.18004745236716,""
"Coronel Aparício Borges//work_3",-30.066486874795814,-51.1865736161078,""
"Coronel Aparício Borges//school_3",-30.066651149906335,-51.18470677930752,""
"Coronel Aparício Borges//home_4",-30.069505842766954,-51.18127184043929,""
"Coronel Aparício Borges//work_4",-30.069370967695335,-51.18219587511219,""
"Coronel Aparício Borges//school_4",-30.069330246871253,-51.18125136315823,""
"Coronel Aparício Borges//home_5",-30.07062934536592,-51.1833347765288,""
"Coronel Aparício Borges//work_5",-30.070321000987196,-51.183601351620595,""
"Coronel Aparício Borges//school_5",-30.070266578826697,-51.18356790661592,""
"Coronel Aparício Borges//home_6",-30.069625643137652,-51.183478644910124,""
"Coronel Aparício Borges//work_6",-30.06918226542076,-51.18443527607313,""
"Coronel Aparício Borges//school_6",-30.06989585849424,-51.18386772407621,""
"Coronel Aparício Borges//home_7",-30.073406242316047,-51.1864504361586,""
"Coronel Aparício Borges//work_7",-30.07499157353702,-51.18577339350172,""
"Coronel Aparício Borges//school_7",-30.07583921435486,-51.184730539370875,""
"Coronel Aparício Borges//home_8",-30.077125863133926,-51.1833672241894,""
"Coronel Aparício Borges//work_8",-30.077007880204036,-51.183898670549794,""
"Coronel Aparício Borges//school_8",-30.077067364266725,-51.18224785455783,""
"Coronel Aparício Borges//home_9",-30.07460036250969,-51.18412621314989,""
"Coronel Aparício Borges//work_9",-30.07489102852843,-51.18343240453586,""
"Coronel Aparício Borges//school_9",-30.074422739190947,-51.184200331607414,""
"Coronel Aparício Borges//home_10",-30.072189856144007,-51.18210246727009,""
"Coronel Aparício Borges//work_10",-30.071559306511855,-51.18273282029412,""
"Coronel Aparício Borges//school_10",-30.072321828342105,-51.183765161352554,""
"Coronel Aparício Borges//home_11",-30.07382199322864,-51.18127564307632,""
"Coronel Aparício Borges//work_11",-30.07282328726178,-51.181121171784014,""
"Coronel Aparício Borges//school_11",-30.07508364951061,-51.18014434020746,""
"Coronel Aparício Borges//home_12",-30.072597823013727,-51.17812961759046,""
"Coronel Aparício Borges//work_12",-30.07151797566266,-51.17964374265127,""
"Coronel Aparício Borges//school_12",-30.07211367639352,-51.179789617831545,""
"Coronel Aparício Borges//home_13",-30.07808893538992,-51.17878610140012,""
"Coronel Aparício Borges//work_13",-30.07812618810021,-51.17680313186935,""
"Coronel Aparício Borges//school_13",-30.076969278886008,-51.17702699254979,""
"Coronel Aparício Borges//home_14",-30.080334234229493,-51.17975059763161,""
"Coronel Aparício Borges//work_14",-30.079652308061366,-51.17536116626282,""
"Coronel Aparício Borges//school_14",-30.080321610662843,-51.177336111293975,""
"Coronel Aparício Borges//home_15",-30.07697452082447,-51.17331707909235,""
"Coronel Aparício Borges//work_15",-30.078248116628437,-51.174099626005756,""
"Coronel Aparício Borges//school_15",-30.078460048553392,-51.17178697974827,""
"Coronel Aparício Borges//home_16",-30.07651680683873,-51.1717955535118,""
"Coronel Aparício Borges//work_16",-30.078143586386144,-51.170857226103266,""
"Coronel Aparício Borges//school_16",-30.077225807909013,-51.17255180663222,""
"Coronel Aparício Borges//home_17",-30.080090217320823,-51.17435942016948,""
"Coronel Aparício Borges//work_17",-30.080784449886746,-51.17562210084414,""
"Coronel Aparício Borges//school_17",-30.078832676483774,-51.17477856314687,""
"Coronel Aparício Borges//home_18",-30.078290652528942,-51.17038907599994,""
"Coronel Aparício Borges//work_18",-30.079068915160015,-51.16957406152853,""
"Coronel Aparício Borges//school_18",-30.07932863649585,-51.1695904368278,""
"Coronel Aparício Borges//home_19",-30.085052982646843,-51.16755640968297,""
"Coronel Aparício Borges//work_19",-30.087601971967914,-51.168928853087685,""
"Coronel Aparício Borges//school_19",-30.084185317291904,-51.16680295051902,""
"Coronel Aparício Borges//home_20",-30.082167255695232,-51.17050186627255,""
"Coronel Aparício Borges//work_20",-30.080895769819914,-51.170527208342556,""
"Coronel Aparício Borges//school_20",-30.081112911755316,-51.16966774264618,""
"Coronel Aparício Borges//home_21",-30.073366206866776,-51.1892376210344,""
"Coronel Aparício Borges//work_21",-30.072827917883238,-51.18762996119119,""
"Coronel Aparício Borges//school_21",-30.06997721882338,-51.18733693477763,""
"Coronel Aparício Borges//home_22",-30.072407511774507,-51.18483758327479,""
"Coronel Aparício Borges//work_22",-30.071337871284992,-51.18466569360229,""
"Coronel Aparício Borges//school_22",-30.07098675499323,-51.18445327107405,""
"Coronel Aparício Borges//home_23",-30.07236190215528,-51.18469102233654,""
"Coronel Aparício Borges//work_23",-30.073182452970826,-51.18456771964765,""
"Coronel Aparício Borges//school_23",-30.07262215683191,-51.18479645339429,""
"Coronel Aparício Borges//home_24",-30.073834937959532,-51.1815221711895,""
"Coronel Aparício Borges//work_24",-30.074701161321073,-51.18255823164191,""
"Coronel Aparício Borges//school_24",-30.074753457830415,-51.18284916081006,""
"Coronel Aparício Borges//home_25",-30.08035322545826,-51.170092500331286,""
"Coronel Aparício Borges//work_25",-30.079534538126904,-51.169127371692625,""
"Coronel Aparício Borges//school_25",-30.080021896909066,-51.16951146529044,""
"Coronel Aparício Borges//home_26",-30.081805481197986,-51.164872175341955,""
"Coronel Aparício Borges//work_26",-30.080615134074325,-51.16613851310377,""
"Coronel Aparício Borges//school_26",-30.0811395916004,-51.166157151315524,""
"Coronel Aparício Borges//home_27",-30.071800941619085,-51.18114530694442,""
"Coronel Aparício Borges//work_27",-30.072612221110827,-51.181596027151734,""
"Coronel Aparício Borges//school_27",-30.070695594164672,-51.180959534200454,""
"Coronel Aparício Borges//home_28",-30.081735291546387,-51.17371529734453,""
"Coronel Aparício Borges//work_28",-30.081891945624413,-51.1725744025075,""
"Coronel Aparício Borges//school_28",-30.082440056741866,-51.17421380915972,""
"Coronel Aparício Borges//home_29",-30.075830615367565,-51.17542642158698,""
"Coronel Aparício Borges//work_29",-30.075061866944758,-51.175721329187,""
"Coronel Aparício Borges//school_29",-30.076233972418443,-51.17593706839312,""
"Coronel Aparício Borges//home_30",-30.07391951743612,-51.17622568305706,""
"Coronel Aparício Borges//work_30",-30.073395448933656,-51.17687787909359,""
"Coronel Aparício Borges//school_30",-30.074504134678794,-51.17677134349911,""
"Coronel Aparício Borges//home_31",-30.08293689992436,-51.175378662489486,""
"Coronel Aparício Borges//work_31",-30.08573695952441,-51.1743203130078,""
"Coronel Aparício Borges//school_31",-30.086976465289037,-51.17089283475991,""
"Costa e Silva//home_0",-30.010642613418177,-51.12817930263952,""
"Costa e Silva//work_0",-30.01179578111098,-51.125736500105056,""
"Costa e Silva//school_0",-30.00529115590619,-51.12198241941784,""
"Costa e Silva//home_1",-30.011953270691066,-51.12524236033853,""
"Costa e Silva//work_1",-30.010071279659318,-51.1246778131132,""
"Costa e Silva//school_1",-30.011283160457918,-51.12492570681201,""
"Costa e Silva//home_2",-30.009741570183326,-51.12357968322807,""
"Costa e Silva//work_2",-30.01145295053481,-51.12432501084193,""
"Costa e Silva//school_2",-30.01065896054774,-51.12430255374249,""
"Costa e Silva//home_3",-30.005705352645716,-51.12374632977023,""
"Costa e Silva//work_3",-30.006327651036646,-51.12344998844346,""
"Costa e Silva//school_3",-30.006874985497962,-51.123715041236665,""
"Costa e Silva//home_4",-30.010041692323984,-51.119671177593105,""
"Costa e Silva//work_4",-30.012199147582823,-51.11900649814961,""
"Costa e Silva//school_4",-30.011945298522406,-51.11910779658471,""
"Costa e Silva//home_5",-30.013259195609447,-51.11932194216028,""
"Costa e Silva//work_5",-30.013692038866065,-51.11999660784674,""
"Costa e Silva//school_5",-30.01300236090421,-51.11982081721636,""
"Costa e Silva//home_6",-30.008355988286052,-51.117687561908355,""
"Costa e Silva//work_6",-30.00905058004626,-51.117218098424345,""
"Costa e Silva//school_6",-30.006853660232853,-51.11634013693245,""
"Costa e Silva//home_7",-30.010167922567927,-51.11650093566963,""
"Costa e Silva//work_7",-30.010392039163886,-51.11695730942092,""
"Costa e Silva//school_7",-30.010098425305728,-51.11652597430863,""
"Costa e Silva//home_8",-30.014094703700252,-51.11863838581375,""
"Costa e Silva//work_8",-30.01380760154371,-51.1177761860281,""
"Costa e Silva//school_8",-30.01118260975665,-51.11782182384412,""
"Costa e Silva//home_9",-30.0147461753887,-51.11871278135674,""
"Costa e Silva//work_9",-30.014596651328485,-51.118202438198104,""
"Costa e Silva//school_9",-30.014449712789578,-51.11803404765383,""
"Costa e Silva//home_10",-30.015240356208228,-51.11513797130442,""
"Costa e Silva//work_10",-30.01461010083003,-51.11723945692488,""
"Costa e Silva//school_10",-30.01528479760025,-51.11466638583731,""
"Costa e Silva//home_11",-30.00992028390581,-51.11209368080144,""
"Costa e Silva//work_11",-30.009820854084914,-51.11341606392814,""
"Costa e Silva//school_11",-30.010832143955806,-51.11347780720457,""
"Costa e Silva//home_12",-30.011534639154487,-51.11602781639164,""
"Costa e Silva//work_12",-30.011773884246676,-51.11420421262772,""
"Costa e Silva//school_12",-30.011914386237578,-51.11613135799858,""
"Costa e Silva//home_13",-30.013378256189686,-51.116002331540564,""
"Costa e Silva//work_13",-30.012444540629932,-51.11258758366346,""
"Costa e Silva//school_13",-30.012370985201066,-51.11219941455564,""
"Costa e Silva//home_14",-30.002017223445627,-51.11284159986496,""
"Costa e Silva//work_14",-30.002429926904846,-51.11144550314887,""
"Costa e Silva//school_14",-30.00358194878896,-51.11161740874599,""
"Costa e Silva//home_15",-30.00532837068502,-51.11425220728943,""
"Costa e Silva//work_15",-30.005665159124526,-51.11522847710288,""
"Costa e Silva//school_15",-30.00455086187054,-51.115817956638786,""
"Costa e Silva//home_16",-30.007358585511767,-51.114574997408035,""
"Costa e Silva//work_16",-30.00712030148571,-51.11219989393001,""
"Costa e Silva//school_16",-30.00657053431398,-51.11336887167039,""
"Costa e Silva//home_17",-30.00848973410985,-51.11534599918179,""
"Costa e Silva//work_17",-30.009429181380558,-51.11578118249707,""
"Costa e Silva//school_17",-30.00825146633834,-51.11436726030476,""
"Costa e Silva//home_18",-30.01009033099029,-51.12106484521013,""
"Costa e Silva//work_18",-30.0137453708096,-51.12213925455433,""
"Costa e Silva//school_18",-30.011253520476266,-51.121992453161035,""
"Costa e Silva//home_19",-30.00982938055403,-51.12032129052373,""
"Costa e Silva//work_19",-30.01249766417943,-51.12358703769642,""
"Costa e Silva//school_19",-30.009747952326766,-51.12224428120547,""
"Costa e Silva//home_20",-30.00810759986241,-51.11549942727206,""
"Costa e Silva//work_20",-30.006964506306545,-51.11567556816972,""
"Costa e Silva//school_20",-30.0076595605584,-51.11592611076554,""
"Costa e Silva//home_21",-30.00631746056441,-51.1157241269443,""
"Costa e Silva//work_21",-30.00601285996114,-51.11610325295215,""
"Costa e Silva//school_21",-30.006462698051084,-51.116685427642004,""
"Costa e Silva//home_22",-30.002930727967282,-51.11369077471364,""
"Costa e Silva//work_22",-30.003421336091503,-51.113323458746535,""
"Costa e Silva//school_22",-30.00380905612868,-51.115023938242466,""
"Costa e Silva//home_23",-30.00777159641578,-51.12032998065949,""
"Costa e Silva//work_23",-30.007920716234974,-51.119860936158794,""
"Costa e Silva//school_23",-30.0080803982541,-51.1178033944135,""
"Cristal//home_0",-30.08622854416392,-51.22958894478191,""
"Cristal//work_0",-30.08577118447198,-51.228865779266286,""
"Cristal//school_0",-30.086408129282635,-51.23056422309142,""
"Cristal//home_1",-30.078958116394766,-51.2387519417552,""
"Cristal//work_1",-30.078791663581082,-51.2406177012359,""
"Cristal//school_1",-30.08166307632503,-51.23432946502672,""
"Cristal//home_2",-30.079946547722034,-51.234614101908775,""
"Cristal//work_2",-30.078449159506135,-51.23584824846495,""
"Cristal//school_2",-30.07805406760826,-51.23720779380195,""
"Cristal//home_3",-30.077950810333732,-51.23980457577456,""
"Cristal//work_3",-30.07806284561896,-51.23953598310301,""
"Cristal//school_3",-30.077034300697814,-51.24085681590959,""
"Cristal//home_4",-30.075317421089345,-51.2419467253123,""
"Cristal//work_4",-30.075072603535713,-51.24183374385794,""
"Cristal//school_4",-30.07757742600377,-51.24273953959416,""
"Cristal//home_5",-30.07950107870341,-51.242116860646426,""
"Cristal//work_5",-30.078831780506082,-51.24208212223718,""
"Cristal//school_5",-30.07928869253942,-51.24262847306912,""
"Cristal//home_6",-30.07675622926132,-51.244116081144455,""
"Cristal//work_6",-30.08128220875752,-51.245575198228366,""
"Cristal//school_6",-30.079666184854677,-51.245422770375455,""
"Cristal//home_7",-30.08194879446207,-51.242983187775714,""
"Cristal//work_7",-30.081367789069567,-51.24286283147528,""
"Cristal//school_7",-30.081167141282066,-51.24414421489471,""
"Cristal//home_8",-30.08253016410179,-51.241314656739746,""
"Cristal//work_8",-30.082968837646607,-51.24168444497644,""
"Cristal//school_8",-30.0823288505015,-51.24223537737648,""
"Cristal//home_9",-30.079241606858243,-51.24173548433644,""
"Cristal//work_9",-30.079554081183854,-51.24167030107882,""
"Cristal//school_9",-30.080397599514562,-51.24089709669203,""
"Cristal//home_10",-30.080722672108184,-51.237893894185554,""
"Cristal//work_10",-30.081839226735347,-51.23650243628065,""
"Cristal//school_10",-30.082922629041455,-51.23557263195476,""
"Cristal//home_11",-30.08495729194194,-51.233312122395866,""
"Cristal//work_11",-30.085652537035198,-51.23395521834143,""
"Cristal//school_11",-30.08545233713431,-51.23271470417251,""
"Cristal//home_12",-30.085606587651135,-51.23441282113183,""
"Cristal//work_12",-30.0858689871404,-51.235140328023554,""
"Cristal//school_12",-30.08479988402772,-51.234388012546525,""
"Cristal//home_13",-30.08364828753465,-51.236787712727505,""
"Cristal//work_13",-30.084212452458118,-51.23627581884328,""
"Cristal//school_13",-30.084506054866278,-51.237431182316776,""
"Cristal//home_14",-30.08488438790244,-51.236313510898746,""
"Cristal//work_14",-30.085054645876117,-51.23588437137901,""
"Cristal//school_14",-30.084582421395815,-51.235529599748844,""
"Cristal//home_15",-30.085507935982154,-51.24013447414391,""
"Cristal//work_15",-30.086047738665357,-51.238456932314755,""
"Cristal//school_15",-30.084737444026814,-51.23939016209147,""
"Cristal//home_16",-30.0864785517715,-51.23887901604753,""
"Cristal//work_16",-30.08582222398755,-51.240667061942965,""
"Cristal//school_16",-30.086148384306842,-51.23932329779488,""
"Cristal//home_17",-30.08719250927381,-51.24033278069428,""
"Cristal//work_17",-30.086980505681115,-51.24008335346155,""
"Cristal//school_17",-30.087357630192354,-51.24084652022793,""
"Cristal//home_18",-30.08793443230771,-51.238183575608396,""
"Cristal//work_18",-30.086873052653008,-51.23776532098091,""
"Cristal//school_18",-30.08730967801943,-51.23785011728336,""
"Cristal//home_19",-30.086079229405875,-51.23706657561211,""
"Cristal//work_19",-30.086609221084043,-51.237985915586506,""
"Cristal//school_19",-30.08680033659409,-51.23589665043889,""
"Cristal//home_20",-30.09128632437136,-51.23780549789985,""
"Cristal//work_20",-30.089533514731762,-51.235475595795315,""
"Cristal//school_20",-30.089192313520694,-51.23510135989955,""
"Cristal//home_21",-30.092473039463183,-51.23838105672104,""
"Cristal//work_21",-30.09081966903161,-51.23819321690544,""
"Cristal//school_21",-30.090331590929054,-51.23756787889768,""
"Cristal//home_22",-30.090779317268098,-51.2393578999132,""
"Cristal//work_22",-30.091395705766026,-51.24002751777455,""
"Cristal//school_22",-30.091999079330915,-51.239792434293335,""
"Cristal//home_23",-30.09162072802798,-51.2407022887966,""
"Cristal//work_23",-30.09082983513548,-51.24046906093536,""
"Cristal//school_23",-30.090786048313124,-51.2402309322891,""
"Cristal//home_24",-30.091179814318544,-51.24095316000441,""
"Cristal//work_24",-30.090570760685022,-51.24175062984497,""
"Cristal//school_24",-30.09027387328593,-51.241588587205214,""
"Cristal//home_25",-30.088872371880562,-51.248181389332295,""
"Cristal//work_25",-30.092258662916564,-51.243209077347444,""
"Cristal//school_25",-30.09275403339898,-51.247315439282254,""
"Cristal//home_26",-30.093120512403566,-51.243365295075264,""
"Cristal//work_26",-30.092885441148898,-51.24272659662047,""
"Cristal//school_26",-30.09387002517162,-51.243785856453776,""
"Cristal//home_27",-30.09740341492993,-51.25002012278018,""
"Cristal//work_27",-30.09791251434618,-51.24855892765847,""
"Cristal//school_27",-30.09716085259437,-51.24919982823059,""
"Cristal//home_28",-30.097309180016254,-51.24635943020463,""
"Cristal//work_28",-30.09539194217588,-51.24358211552123,""
"Cristal//school_28",-30.097502878491262,-51.24717852426521,""
"Cristal//home_29",-30.094216238583243,-51.24364956581833,""
"Cristal//work_29",-30.094530322489497,-51.24075445747554,""
"Cristal//school_29",-30.09500602050946,-51.241442480794355,""
"Cristal//home_30",-30.0945019514061,-51.23972781319766,""
"Cristal//work_30",-30.093784177919428,-51.24146329107528,""
"Cristal//school_30",-30.094718310615416,-51.239076116166416,""
"Cristal//home_31",-30.092519795156033,-51.23965397497733,""
"Cristal//work_31",-30.09275957318554,-51.23941006328521,""
"Cristal//school_31",-30.09228478698302,-51.24097249320202,""
"Cristal//home_32",-30.08806962714061,-51.232594085376206,""
"Cristal//work_32",-30.088721057312508,-51.23285179603769,""
"Cristal//school_32",-30.089957072372975,-51.23330370317899,""
"Cristal//home_33",-30.08705403444535,-51.23184528747122,""
"Cristal//work_33",-30.086429958670276,-51.23219660535441,""
"Cristal//school_33",-30.08816770385945,-51.231870307108366,""
"Cristal//home_34",-30.087846291038367,-51.231535880512965,""
"Cristal//work_34",-30.088627820828464,-51.23223104078642,""
"Cristal//school_34",-30.08812137429385,-51.23160495121488,""
"Cristal//home_35",-30.087746532725504,-51.227510081418025,""
"Cristal//work_35",-30.08722689555811,-51.22900854576942,""
"Cristal//school_35",-30.087450150370557,-51.228207444185365,""
"Cristal//home_36",-30.08937878479237,-51.22780338017354,""
"Cristal//work_36",-30.088327640991103,-51.22766494016824,""
"Cristal//school_36",-30.089389027445485,-51.22726958736209,""
"Cristal//home_37",-30.09153014392304,-51.23309457633281,""
"Cristal//work_37",-30.090330859218703,-51.23195520876661,""
"Cristal//school_37",-30.092493084764783,-51.233524832756665,""
"Cristal//home_38",-30.09007614816157,-51.23111219609132,""
"Cristal//work_38",-30.09027590323587,-51.23073616404833,""
"Cristal//school_38",-30.092195850253187,-51.2323131965183,""
"Cristal//home_39",-30.093187897719794,-51.237623450853995,""
"Cristal//work_39",-30.093500708101985,-51.23752407065195,""
"Cristal//school_39",-30.09324253171654,-51.23812380202333,""
"Cristal//home_40",-30.093808416418984,-51.23697577029867,""
"Cristal//work_40",-30.094053394824073,-51.23710077473646,""
"Cristal//school_40",-30.093599933625022,-51.23649630539049,""
"Cristal//home_41",-30.09241181054016,-51.236239700954194,""
"Cristal//work_41",-30.09238684754802,-51.23591695504665,""
"Cristal//school_41",-30.09233911913781,-51.23595405092539,""
"Cristal//home_42",-30.09940134816513,-51.245217014981804,""
"Cristal//work_42",-30.09925329855376,-51.2445668871739,""
"Cristal//school_42",-30.09998855427977,-51.24459481084749,""
"Cristal//home_43",-30.098556167498558,-51.2449268486269,""
"Cristal//work_43",-30.096923801810327,-51.24275170686931,""
"Cristal//school_43",-30.09702703916015,-51.24202932938743,""
"Cristal//home_44",-30.0980676587886,-51.23710671093201,""
"Cristal//work_44",-30.096941361312613,-51.23854286759,""
"Cristal//school_44",-30.097863768289006,-51.237509911377586,""
"Cristal//home_45",-30.098600238753676,-51.24037323643994,""
"Cristal//work_45",-30.098435102946965,-51.23962798007128,""
"Cristal//school_45",-30.097355254968825,-51.23875124088837,""
"Cristal//home_46",-30.089704462959215,-51.229549276759506,""
"Cristal//work_46",-30.08934041486633,-51.228716428031774,""
"Cristal//school_46",-30.08948734467743,-51.22954686269497,""
"Cristal//home_47",-30.084055227243464,-51.23409263902204,""
"Cristal//work_47",-30.084262449729845,-51.23368108133354,""
"Cristal//school_47",-30.083518459136528,-51.23277491037081,""
"Cristal//home_48",-30.082569333102125,-51.23434917501348,""
"Cristal//work_48",-30.082918144248232,-51.233945223196415,""
"Cristal//school_48",-30.08269579300247,-51.23410009427596,""
"Cristal//home_49",-30.0851877011706,-51.23231443997184,""
"Cristal//work_49",-30.08478898165048,-51.231776811567826,""
"Cristal//school_49",-30.085234559994323,-51.23119510842921,""
"Cristal//home_50",-30.093497343966607,-51.24101124846096,""
"Cristal//work_50",-30.093965376215145,-51.24078034380545,""
"Cristal//school_50",-30.094054428239193,-51.239673534210226,""
"Cristal//home_51",-30.092995142223057,-51.24057122398732,""
"Cristal//work_51",-30.093919299607236,-51.238622546478645,""
"Cristal//school_51",-30.093685294554437,-51.24002635106953,""
"Cristal//home_52",-30.082124142220998,-51.23871139466215,""
"Cristal//work_52",-30.082971389078335,-51.239054378317846,""
"Cristal//school_52",-30.081976601739065,-51.238525454808524,""
"Cristal//home_53",-30.083902156214148,-51.23967811886305,""
"Cristal//work_53",-30.083703762730135,-51.239613655411326,""
"Cristal//school_53",-30.083338644303776,-51.239441397939544,""
"Cristal//home_54",-30.084649998278085,-51.238179820917736,""
"Cristal//work_54",-30.08400988480145,-51.237668233118015,""
"Cristal//school_54",-30.08440091192429,-51.238415657446424,""
"Cristal//home_55",-30.084099571183998,-51.23922490176336,""
"Cristal//work_55",-30.08391521834683,-51.23933907847755,""
"Cristal//school_55",-30.083405635445786,-51.239193332935656,""
"Cristal//home_56",-30.087234055822048,-51.23961310668927,""
"Cristal//work_56",-30.086919895492144,-51.239411250487585,""
"Cristal//school_56",-30.08768757857422,-51.23962869364512,""
"Cristal//home_57",-30.086643763771217,-51.2390437752663,""
"Cristal//work_57",-30.086587671948642,-51.23927821071357,""
"Cristal//school_57",-30.086573036334038,-51.23917226899854,""
"Cristo Redentor//home_0",-30.006251809997348,-51.16176012770152,""
"Cristo Redentor//work_0",-30.005293552360296,-51.16331526949702,""
"Cristo Redentor//school_0",-30.005488236889093,-51.160342745910185,""
"Cristo Redentor//home_1",-30.004787628633565,-51.155263333203514,""
"Cristo Redentor//work_1",-30.004681488736807,-51.155286042955055,""
"Cristo Redentor//school_1",-30.004321788700906,-51.15739145026095,""
"Cristo Redentor//home_2",-30.007152645543016,-51.15614641317411,""
"Cristo Redentor//work_2",-30.00723350122206,-51.156764069844044,""
"Cristo Redentor//school_2",-30.00758118946997,-51.15717783902483,""
"Cristo Redentor//home_3",-30.005222771448356,-51.15778021451431,""
"Cristo Redentor//work_3",-30.006575826026452,-51.158698222838936,""
"Cristo Redentor//school_3",-30.005482156749824,-51.15911139689624,""
"Cristo Redentor//home_4",-30.008247114582108,-51.16036721773114,""
"Cristo Redentor//work_4",-30.00725422159658,-51.16166945272529,""
"Cristo Redentor//school_4",-30.007340149252016,-51.16080751684171,""
"Cristo Redentor//home_5",-30.008140206040224,-51.162152815624204,""
"Cristo Redentor//work_5",-30.007456073918213,-51.16267870865922,""
"Cristo Redentor//school_5",-30.01059493423675,-51.161683553057486,""
"Cristo Redentor//home_6",-30.0105556949275,-51.159369399579596,""
"Cristo Redentor//work_6",-30.00974472997719,-51.15964200343166,""
"Cristo Redentor//school_6",-30.01062752131823,-51.16019116246333,""
"Cristo Redentor//home_7",-30.009110158762113,-51.159073069596964,""
"Cristo Redentor//work_7",-30.00876919846541,-51.15935300495718,""
"Cristo Redentor//school_7",-30.008639384478325,-51.158810680429994,""
"Cristo Redentor//home_8",-30.00891543390654,-51.15679080989213,""
"Cristo Redentor//work_8",-30.00862379453413,-51.15668076820652,""
"Cristo Redentor//school_8",-30.009442668675458,-51.158135931572794,""
"Cristo Redentor//home_9",-30.008796499586733,-51.15501931151703,""
"Cristo Redentor//work_9",-30.00877297264764,-51.155536637107666,""
"Cristo Redentor//school_9",-30.008565236436635,-51.15582442863846,""
"Cristo Redentor//home_10",-30.009434929116622,-51.154906075530256,""
"Cristo Redentor//work_10",-30.009724703175497,-51.15594565465435,""
"Cristo Redentor//school_10",-30.01001060570896,-51.154742709650826,""
"Cristo Redentor//home_11",-30.010924779610725,-51.15061550077196,""
"Cristo Redentor//work_11",-30.01168739998984,-51.15082780037089,""
"Cristo Redentor//school_11",-30.011640773835936,-51.151559096728334,""
"Cristo Redentor//home_12",-30.014522069680346,-51.15031014942985,""
"Cristo Redentor//work_12",-30.01368188012969,-51.15052620466434,""
"Cristo Redentor//school_12",-30.013431294373095,-51.1506415291386,""
"Cristo Redentor//home_13",-30.013471527449386,-51.15179199402408,""
"Cristo Redentor//work_13",-30.014603656343564,-51.152129513843164,""
"Cristo Redentor//school_13",-30.016130856462382,-51.15182402506824,""
"Cristo Redentor//home_14",-30.01253254430248,-51.152712446806035,""
"Cristo Redentor//work_14",-30.012026869101874,-51.15271268724586,""
"Cristo Redentor//school_14",-30.011046176796537,-51.15248872516011,""
"Cristo Redentor//home_15",-30.01065638789128,-51.15431200427098,""
"Cristo Redentor//work_15",-30.014554661831546,-51.15346161491588,""
"Cristo Redentor//school_15",-30.01141711100759,-51.153305243302206,""
"Cristo Redentor//home_16",-30.016278421607982,-51.15399209492401,""
"Cristo Redentor//work_16",-30.015804196235013,-51.153777128893125,""
"Cristo Redentor//school_16",-30.016042658325727,-51.15338412783609,""
"Cristo Redentor//home_17",-30.016303787453065,-51.15271349784236,""
"Cristo Redentor//work_17",-30.016915428344486,-51.15346994598368,""
"Cristo Redentor//school_17",-30.01740288224412,-51.154031071126504,""
"Cristo Redentor//home_18",-30.017585373923325,-51.156339950840064,""
"Cristo Redentor//work_18",-30.01736206815798,-51.15729829219961,""
"Cristo Redentor//school_18",-30.017120306786996,-51.15754840757294,""
"Cristo Redentor//home_19",-30.01623909882403,-51.156656798787424,""
"Cristo Redentor//work_19",-30.01614957145626,-51.15530263864282,""
"Cristo Redentor//school_19",-30.016152331634153,-51.15687576799909,""
"Cristo Redentor//home_20",-30.014026556549833,-51.15667010673494,""
"Cristo Redentor//work_20",-30.015767722481538,-51.15608828475038,""
"Cristo Redentor//school_20",-30.014752971547143,-51.156280299756105,""
"Cristo Redentor//home_21",-30.013898904089498,-51.15534895581292,""
"Cristo Redentor//work_21",-30.01163978272142,-51.15583617198546,""
"Cristo Redentor//school_21",-30.014656174408103,-51.1555976741715,""
"Cristo Redentor//home_22",-30.013499336193526,-51.15608907560756,""
"Cristo Redentor//work_22",-30.012968696713845,-51.155953294964384,""
"Cristo Redentor//school_22",-30.01164226241394,-51.15647712577779,""
"Cristo Redentor//home_23",-30.011992884399923,-51.15752425627915,""
"Cristo Redentor//work_23",-30.011675364370188,-51.15772783900786,""
"Cristo Redentor//school_23",-30.012738596621073,-51.157317093609024,""
"Cristo Redentor//home_24",-30.01068887178231,-51.15915453352111,""
"Cristo Redentor//work_24",-30.012910215475042,-51.15797782571634,""
"Cristo Redentor//school_24",-30.01118792274708,-51.15838461748206,""
"Cristo Redentor//home_25",-30.01551331547409,-51.15797032339931,""
"Cristo Redentor//work_25",-30.01639183547344,-51.15918771953426,""
"Cristo Redentor//school_25",-30.01427836432574,-51.15742691000543,""
"Cristo Redentor//home_26",-30.017886305257644,-51.16020141013345,""
"Cristo Redentor//work_26",-30.017741221228064,-51.16000982932169,""
"Cristo Redentor//school_26",-30.017918917351032,-51.160748261896664,""
"Cristo Redentor//home_27",-30.011895410326556,-51.15892899737139,""
"Cristo Redentor//work_27",-30.011523563004875,-51.15870516287348,""
"Cristo Redentor//school_27",-30.01231161991496,-51.15889952793024,""
"Cristo Redentor//home_28",-30.01309543889243,-51.15905201902027,""
"Cristo Redentor//work_28",-30.013132056216918,-51.15872595352669,""
"Cristo Redentor//school_28",-30.012593280950608,-51.158447298230776,""
"Cristo Redentor//home_29",-30.015888225405323,-51.15148650786468,""
"Cristo Redentor//work_29",-30.01566966681394,-51.15240910690034,""
"Cristo Redentor//school_29",-30.01581071176116,-51.15126393945549,""
"Cristo Redentor//home_30",-30.007920625268106,-51.154629297629675,""
"Cristo Redentor//work_30",-30.0074440624327,-51.154795962219495,""
"Cristo Redentor//school_30",-30.005504406282334,-51.15429451686852,""
"Cristo Redentor//home_31",-30.0151633506502,-51.16067786155542,""
"Cristo Redentor//work_31",-30.01740384305407,-51.1593041635703,""
"Cristo Redentor//school_31",-30.01097836844788,-51.16033528494403,""
"Cristo Redentor//home_32",-30.016842055550683,-51.16032873890583,""
"Cristo Redentor//work_32",-30.016556257239248,-51.160303137085904,""
"Cristo Redentor//school_32",-30.01663392865077,-51.160494102463225,""
"Espírito Santo//home_0",-30.14519388614566,-51.21841684190633,""
"Espírito Santo//work_0",-30.145672456097518,-51.218439041111054,""
"Espírito Santo//school_0",-30.146221616428264,-51.21632818116533,""
"Espírito Santo//home_1",-30.148726612097107,-51.22460419210091,""
"Espírito Santo//work_1",-30.147998778962098,-51.22328538014061,""
"Espírito Santo//school_1",-30.14783529185879,-51.22254984658703,""
"Espírito Santo//home_2",-30.15214827265964,-51.22216799662935,""
"Espírito Santo//work_2",-30.151226309935897,-51.22061923156896,""
"Espírito Santo//school_2",-30.15233113964967,-51.22346836164545,""
"Espírito Santo//home_3",-30.147791644163366,-51.21147165246077,""
"Espírito Santo//work_3",-30.14918801255863,-51.216600056590394,""
"Espírito Santo//school_3",-30.144453181036376,-51.21563092611506,""
"Espírito Santo//home_4",-30.15119461873505,-51.218194311632146,""
"Espírito Santo//work_4",-30.152372948633708,-51.2187305461882,""
"Espírito Santo//school_4",-30.15235495406611,-51.21683275314365,""
"Espírito Santo//home_5",-30.151928520985244,-51.21539325588496,""
"Espírito Santo//work_5",-30.15182687815784,-51.21280552637166,""
"Espírito Santo//school_5",-30.152402983089516,-51.21049482329376,""
"Espírito Santo//home_6",-30.150698779922834,-51.21115159323229,""
"Espírito Santo//work_6",-30.149676668923394,-51.212405873030036,""
"Espírito Santo//school_6",-30.148496765960754,-51.20987264212955,""
"Espírito Santo//home_7",-30.147650316430052,-51.20618739171839,""
"Espírito Santo//work_7",-30.14830211058227,-51.20559163659967,""
"Espírito Santo//school_7",-30.14911605357833,-51.20867071677613,""
"Espírito Santo//home_8",-30.147388388607723,-51.2181561186483,""
"Espírito Santo//work_8",-30.146347315933145,-51.223361173763,""
"Espírito Santo//school_8",-30.146294295267946,-51.22224379055328,""
"Espírito Santo//home_9",-30.153109596363898,-51.216579889954865,""
"Espírito Santo//work_9",-30.15426836836537,-51.21305323266259,""
"Espírito Santo//school_9",-30.154803728727806,-51.211704869467226,""
"Extrema//home_0",-30.216564679535715,-51.037965928051015,""
"Extrema//work_0",-30.215568844399893,-51.04264939156149,""
"Extrema//school_0",-30.215804899790193,-51.03619077903556,""
"Extrema//home_1",-30.2254654215431,-51.07139721561538,""
"Extrema//work_1",-30.223756744612448,-51.071018397965325,""
"Extrema//school_1",-30.22155745797738,-51.067552602937944,""
"Extrema//home_2",-30.21511329487783,-51.086432347580605,""
"Extrema//work_2",-30.215714296236175,-51.07699925231303,""
"Extrema//school_2",-30.213597422137816,-51.084068877932204,""
"Extrema//home_3",-30.178940366528597,-51.06751148676158,""
"Extrema//work_3",-30.179739992968734,-51.067562405591936,""
"Extrema//school_3",-30.18097719476394,-51.06758796961587,""
"Extrema//home_4",-30.231571917209966,-51.060558437638335,""
"Extrema//work_4",-30.231241919298117,-51.0609781919977,""
"Extrema//school_4",-30.229446318878562,-51.05960576390328,""
"Extrema//home_5",-30.22790424175191,-51.058365209051246,""
"Extrema//work_5",-30.22758901520877,-51.058003625977754,""
"Extrema//school_5",-30.230017077674418,-51.057491960543395,""
"Extrema//home_6",-30.22439618465958,-51.065444775588105,""
"Extrema//work_6",-30.214538026594546,-51.06145655584557,""
"Extrema//school_6",-30.2248036253733,-51.053861513905176,""
"Extrema//home_7",-30.220854221401208,-51.065952951482615,""
"Extrema//work_7",-30.226936325093387,-51.070550513095434,""
"Extrema//school_7",-30.221174291249906,-51.066410185712655,""
"Extrema//home_8",-30.205462861595613,-51.03421912815396,""
"Extrema//work_8",-30.207952487169667,-51.03083517618269,""
"Extrema//school_8",-30.206239800589227,-51.05620488894801,""
"Extrema//home_9",-30.20948006092351,-51.06012816933145,""
"Extrema//work_9",-30.210851741584875,-51.06213810003604,""
"Extrema//school_9",-30.207711772767777,-51.06116182867148,""
"Extrema//home_10",-30.196060435735845,-51.059063026690396,""
"Extrema//work_10",-30.204564650899197,-51.06507729675554,""
"Extrema//school_10",-30.20906113828487,-51.07092598395737,""
"Extrema//home_11",-30.20813883224693,-51.06241942045399,""
"Extrema//work_11",-30.21067122714787,-51.06319173603671,""
"Extrema//school_11",-30.209210497645056,-51.062371928367156,""
"Extrema//home_12",-30.20611888129588,-51.027933872968205,""
"Extrema//work_12",-30.201106538482943,-51.029627078222966,""
"Extrema//school_12",-30.19887790782235,-51.02236819992267,""
"Extrema//home_13",-30.196930775920947,-51.021268111490734,""
"Extrema//work_13",-30.195583859150616,-51.02094946055997,""
"Extrema//school_13",-30.199999170789834,-51.017285134352726,""
"Farrapos//home_0",-29.98440619670214,-51.20302606522288,""
"Farrapos//work_0",-29.978261379750695,-51.200572043315226,""
"Farrapos//school_0",-29.98348865751507,-51.20235865555298,""
"Farrapos//home_1",-29.97578384135097,-51.19574972945348,""
"Farrapos//work_1",-29.975907851906832,-51.19613106053645,""
"Farrapos//school_1",-29.975742015364553,-51.19583399837551,""
"Farrapos//home_2",-29.97716070213356,-51.19638845186067,""
"Farrapos//work_2",-29.9765809446109,-51.19684479301008,""
"Farrapos//school_2",-29.976436392819387,-51.196595096167215,""
"Farrapos//home_3",-29.978265235226566,-51.198689310887914,""
"Farrapos//work_3",-29.97819361472734,-51.19790855614559,""
"Farrapos//school_3",-29.977858982360587,-51.19791708404744,""
"Farrapos//home_4",-29.978337069205132,-51.196694836955224,""
"Farrapos//work_4",-29.978629355398486,-51.19664843920596,""
"Farrapos//school_4",-29.97792414549107,-51.197079709174204,""
"Farrapos//home_5",-29.97616129115575,-51.194925475331274,""
"Farrapos//work_5",-29.976211848929836,-51.19529719726605,""
"Farrapos//school_5",-29.976019428621903,-51.195398391024476,""
"Farrapos//home_6",-29.977364538919687,-51.19266597270241,""
"Farrapos//work_6",-29.976344546627473,-51.19314823512409,""
"Farrapos//school_6",-29.977325000167205,-51.19248208812572,""
"Farrapos//home_7",-29.978106305354256,-51.19151320271608,""
"Farrapos//work_7",-29.977245256942293,-51.191824394025865,""
"Farrapos//school_7",-29.97750060342229,-51.1923094845723,""
"Farrapos//home_8",-29.97758675673881,-51.193441330298576,""
"Farrapos//work_8",-29.977857971591256,-51.19431488167408,""
"Farrapos//school_8",-29.97821613410022,-51.19438491998867,""
"Farrapos//home_9",-29.980298547250477,-51.19307783223894,""
"Farrapos//work_9",-29.978817813298466,-51.193873054385485,""
"Farrapos//school_9",-29.97966527990503,-51.193174123091005,""
"Farrapos//home_10",-29.981412024487437,-51.193333067567515,""
"Farrapos//work_10",-29.979467016040758,-51.1962170496656,""
"Farrapos//school_10",-29.979644394333615,-51.196138500014584,""
"Farrapos//home_11",-29.978884616571268,-51.19920755621643,""
"Farrapos//work_11",-29.9787859763402,-51.197373128461386,""
"Farrapos//school_11",-29.978730450522765,-51.19799159373488,""
"Farrapos//home_12",-29.980968020236123,-51.19621119309378,""
"Farrapos//work_12",-29.981198332760762,-51.19589587144382,""
"Farrapos//school_12",-29.981689599721477,-51.19644195769664,""
"Farrapos//home_13",-29.981367414075557,-51.19408021493591,""
"Farrapos//work_13",-29.982303523636944,-51.193779578377494,""
"Farrapos//school_13",-29.982172717305673,-51.19462989087524,""
"Farrapos//home_14",-29.981422728183293,-51.19306425319794,""
"Farrapos//work_14",-29.98113439104544,-51.19304292816257,""
"Farrapos//school_14",-29.981782587143122,-51.19284237684481,""
"Farrapos//home_15",-29.98273513245938,-51.19596525271746,""
"Farrapos//work_15",-29.9823096035539,-51.19656376547267,""
"Farrapos//school_15",-29.982025260761535,-51.19671353159534,""
"Farrapos//home_16",-29.984080388007197,-51.1970214981984,""
"Farrapos//work_16",-29.98491767750284,-51.19408016474444,""
"Farrapos//school_16",-29.983431170458683,-51.19513686800837,""
"Farrapos//home_17",-29.985786522157767,-51.1961063754384,""
"Farrapos//work_17",-29.984905912894824,-51.195955509657594,""
"Farrapos//school_17",-29.985623887079324,-51.1964049847368,""
"Farrapos//home_18",-29.985390499766915,-51.197134238821974,""
"Farrapos//work_18",-29.986214845498495,-51.19654538198091,""
"Farrapos//school_18",-29.983948859637525,-51.19772494992799,""
"Farrapos//home_19",-29.98830001622205,-51.19958281449358,""
"Farrapos//work_19",-29.988439983783266,-51.20090436760406,""
"Farrapos//school_19",-29.987575706861673,-51.20242256726807,""
"Farrapos//home_20",-29.988910356650198,-51.19914609185815,""
"Farrapos//work_20",-29.986479392749924,-51.19778920227469,""
"Farrapos//school_20",-29.98739730967117,-51.198483597367726,""
"Farrapos//home_21",-29.989507875724332,-51.19776556440423,""
"Farrapos//work_21",-29.989357041144682,-51.19744397898072,""
"Farrapos//school_21",-29.989336265127083,-51.196879857688934,""
"Farrapos//home_22",-29.987968660193896,-51.195630569741574,""
"Farrapos//work_22",-29.988534085395354,-51.19548926260172,""
"Farrapos//school_22",-29.988930430184265,-51.19508380738215,""
"Farrapos//home_23",-29.982459161755205,-51.19517423068084,""
"Farrapos//work_23",-29.982829832253614,-51.19490420121975,""
"Farrapos//school_23",-29.98334775306887,-51.19365128987109,""
"Farrapos//home_24",-29.981476898296513,-51.19981173289085,""
"Farrapos//work_24",-29.981637355474778,-51.19846310760945,""
"Farrapos//school_24",-29.98161773421022,-51.19890444963863,""
"Farrapos//home_25",-29.98766707463907,-51.195378288627516,""
"Farrapos//work_25",-29.9868763212556,-51.19484346120485,""
"Farrapos//school_25",-29.98634232517205,-51.19554811711157,""
"Farrapos//home_26",-29.977163768708955,-51.19870148882717,""
"Farrapos//work_26",-29.977427248663567,-51.19888424536076,""
"Farrapos//school_26",-29.97628385747486,-51.19823918298162,""
"Farrapos//home_27",-29.983570530715923,-51.199409026297424,""
"Farrapos//work_27",-29.98331758233728,-51.198361848116384,""
"Farrapos//school_27",-29.983426351140874,-51.199804295170004,""
"Farrapos//home_28",-29.985421619370896,-51.19964424837619,""
"Farrapos//work_28",-29.984030949798964,-51.20134171151151,""
"Farrapos//school_28",-29.984027423248406,-51.20042830220685,""
"Farrapos//home_29",-29.98551344051762,-51.20066519468558,""
"Farrapos//work_29",-29.985515675985383,-51.19995494985067,""
"Farrapos//school_29",-29.986724327233286,-51.199231312112836,""
"Farrapos//home_30",-29.974552190446097,-51.19059307446048,""
"Farrapos//work_30",-29.97455443508713,-51.190649545963126,""
"Farrapos//school_30",-29.97479320081525,-51.19036440037463,""
"Farrapos//home_31",-29.973948707038126,-51.19186255623955,""
"Farrapos//work_31",-29.97387316715451,-51.19224198497974,""
"Farrapos//school_31",-29.974009645550268,-51.19233898041241,""
"Farroupilha//home_0",-30.039543053758422,-51.214109308943826,10.0
"Farroupilha//work_0",-30.040479940707133,-51.216151621700504,7.7
"Farroupilha//school_0",-30.04017919585385,-51.215122686510966,9.0
"Farroupilha//home_1",-30.03664144183336,-51.21798162010746,9.7
"Farroupilha//work_1",-30.03694622729635,-51.2104913438421,10.0
"Farroupilha//school_1",-30.035293189736738,-51.22025546541501,10.0
"Floresta//home_0",-30.017777708226546,-51.21403738304188,3.7
"Floresta//work_0",-30.017984745517907,-51.21444632086183,3.8
"Floresta//school_0",-30.016534175645525,-51.21316583395088,3.7
"Floresta//home_1",-30.013335386662817,-51.213591254933284,3.7
"Floresta//work_1",-30.011674160671713,-51.212943017014155,3.7
"Floresta//school_1",-30.019466684888094,-51.217833941342036,3.0
"Floresta//home_2",-30.017266941091815,-51.19915070470869,8.0
"Floresta//work_2",-30.01755040038684,-51.197574272859526,9.2
"Floresta//school_2",-30.01611134938786,-51.19806955040761,6.9
"Floresta//home_3",-30.015963856679658,-51.200264827585094,6.2
"Floresta//work_3",-30.015741057625185,-51.19830134132549,5.5
"Floresta//school_3",-30.015557881525634,-51.19917861857078,4.8
"Floresta//home_4",-30.016260995467277,-51.20041339733157,6.1
"Floresta//work_4",-30.01626103852772,-51.201315224061844,6.1
"Floresta//school_4",-30.01634792922024,-51.20174822616108,6.1
"Floresta//home_5",-30.014412670130074,-51.202447093697444,4.8
"Floresta//work_5",-30.01808664586687,-51.20192528446046,8.4
"Floresta//school_5",-30.015602638834935,-51.20053593029376,5.5
"Floresta//home_6",-30.016351337130587,-51.20342960823502,5.7
"Floresta//work_6",-30.017100498770947,-51.20292701550877,6.1
"Floresta//school_6",-30.016434930983973,-51.202860765186806,5.8
"Floresta//home_7",-30.01695614559499,-51.204374282734875,6.4
"Floresta//work_7",-30.01431351047471,-51.204560408437736,4.1
"Floresta//school_7",-30.014279996370227,-51.20343434864305,3.9
"Floresta//home_8",-30.015873500234434,-51.207579587660305,3.8
"Floresta//work_8",-30.016444846902722,-51.206653542840186,4.3
"Floresta//school_8",-30.013878083975612,-51.20693339384916,3.6
"Floresta//home_9",-30.015858767311492,-51.21012634290567,3.5
"Floresta//work_9",-30.017353307639773,-51.20809976043966,4.8
"Floresta//school_9",-30.01691575025432,-51.208738872262025,3.7
"Floresta//home_10",-30.016315251748704,-51.20611663578406,4.5
"Floresta//work_10",-30.017572453112713,-51.204983309406266,7.3
"Floresta//school_10",-30.017768437963515,-51.20598378122807,6.3
"Floresta//home_11",-30.01721109788693,-51.20709906570719,4.7
"Floresta//work_11",-30.018395153685923,-51.20706059486106,5.0
"Floresta//school_11",-30.01808869754172,-51.20708023997469,4.7
"Floresta//home_12",-30.019696778035197,-51.206645035087526,7.6
"Floresta//work_12",-30.019532571052622,-51.207155908454034,6.6
"Floresta//school_12",-30.0193196567992,-51.20761083194832,5.4
"Floresta//home_13",-30.019713883932944,-51.207884454273504,5.7
"Floresta//work_13",-30.01943108050716,-51.20803434699272,5.6
"Floresta//school_13",-30.020362233259107,-51.20754944647672,6.4
"Floresta//home_14",-30.017587040675952,-51.208315456147695,4.2
"Floresta//work_14",-30.018395286054822,-51.21087184113371,4.7
"Floresta//school_14",-30.017122126276046,-51.210423975551265,4.1
"Floresta//home_15",-30.023828942259946,-51.214384811304264,4.1
"Floresta//work_15",-30.022416067458973,-51.21382961169069,4.0
"Floresta//school_15",-30.022668607349843,-51.215662605719224,4.0
"Floresta//home_16",-30.02158828534465,-51.20896931701906,6.3
"Floresta//work_16",-30.021979801859313,-51.209756895989464,5.7
"Floresta//school_16",-30.02119413586516,-51.208657260175436,5.8
"Floresta//home_17",-30.020977266860505,-51.21072227184922,4.0
"Floresta//work_17",-30.02293149322962,-51.21087371685217,5.9
"Floresta//school_17",-30.022562531472808,-51.21158471875705,5.0
"Floresta//home_18",-30.023712794041433,-51.21296289963618,5.5
"Floresta//work_18",-30.024506015598206,-51.21304403823237,5.1
"Floresta//school_18",-30.023580252339503,-51.21222228283893,5.5
"Floresta//home_19",-30.025079933656343,-51.21378310198229,7.3
"Floresta//work_19",-30.024390085046647,-51.21341049929077,4.1
"Floresta//school_19",-30.02542815351203,-51.21310909508337,8.1
"Floresta//home_20",-30.024594959451477,-51.21650040698345,3.5
"Floresta//work_20",-30.025268536851364,-51.216796605000496,4.8
"Floresta//school_20",-30.025930498312523,-51.2156198774546,4.7
"Floresta//home_21",-30.02678197388012,-51.21698632527699,5.6
"Floresta//work_21",-30.025773731356605,-51.21816455852459,4.0
"Floresta//school_21",-30.02636319512676,-51.21615352269814,5.7
"Floresta//home_22",-30.02688309168411,-51.21731610035362,6.5
"Floresta//work_22",-30.027134057960424,-51.218637510630614,7.0
"Floresta//school_22",-30.027075489983606,-51.218216297556054,7.6
"Glória//home_0",-30.0748677150733,-51.19385281072671,""
"Glória//work_0",-30.074796441815128,-51.19156979574158,""
"Glória//school_0",-30.074790757121647,-51.19220228497527,""
"Glória//home_1",-30.07555850460085,-51.189955490287254,""
"Glória//work_1",-30.074861582655156,-51.187658201155955,""
"Glória//school_1",-30.07459926941261,-51.18751030326528,""
"Glória//home_2",-30.073378459911964,-51.20461548925545,""
"Glória//work_2",-30.07343682354764,-51.205697135251775,""
"Glória//school_2",-30.073238093351776,-51.20320594477735,""
"Glória//home_3",-30.075140151019642,-51.19865190008937,""
"Glória//work_3",-30.074981302529366,-51.20108106112035,""
"Glória//school_3",-30.075421882891987,-51.198307012352444,""
"Glória//home_4",-30.071139291466597,-51.20100089145994,""
"Glória//work_4",-30.06942962780697,-51.20276677548688,""
"Glória//school_4",-30.07018701439932,-51.202722696641366,""
"Glória//home_5",-30.07512902433011,-51.196797686163116,""
"Glória//work_5",-30.074457577140716,-51.19587576512858,""
"Glória//school_5",-30.074724236700874,-51.19464916565946,""
"Glória//home_6",-30.075765388052968,-51.194349385848525,""
"Glória//work_6",-30.0761505005728,-51.19708141045597,""
"Glória//school_6",-30.077067411363128,-51.19519728511016,""
"Glória//home_7",-30.07718960058299,-51.201619149269554,""
"Glória//work_7",-30.07754617934794,-51.2021198804438,""
"Glória//school_7",-30.077997460465543,-51.20187987420789,""
"Glória//home_8",-30.076754706690586,-51.202076606721256,""
"Glória//work_8",-30.0767883258922,-51.20291867781754,""
"Glória//school_8",-30.07490838983075,-51.202564635581254,""
"Glória//home_9",-30.07788550321733,-51.197841534499645,""
"Glória//work_9",-30.082081261522006,-51.19616471298445,""
"Glória//school_9",-30.08106777891268,-51.196799078642755,""
"Glória//home_10",-30.079380365858956,-51.19800132772556,""
"Glória//work_10",-30.080966442229535,-51.19813993084072,""
"Glória//school_10",-30.080664993484053,-51.199941456815054,""
"Glória//home_11",-30.084519881266143,-51.19439736343918,""
"Glória//work_11",-30.084960764441984,-51.19820609472956,""
"Glória//school_11",-30.084150991650223,-51.19669741399871,""
"Glória//home_12",-30.083158099973755,-51.19455436938425,""
"Glória//work_12",-30.080591066777473,-51.19551782208233,""
"Glória//school_12",-30.081857222008196,-51.195851037042,""
"Glória//home_13",-30.08123398660538,-51.194877401637015,""
"Glória//work_13",-30.08170410307923,-51.19450344382788,""
"Glória//school_13",-30.081644320418057,-51.195248035793306,""
"Glória//home_14",-30.078547386056574,-51.19246586352458,""
"Glória//work_14",-30.08004987308692,-51.1931832214519,""
"Glória//school_14",-30.079911300929396,-51.19311361211921,""
"Glória//home_15",-30.076151466641658,-51.18718232580382,""
"Glória//work_15",-30.075614371569753,-51.18879793418834,""
"Glória//school_15",-30.07709478827138,-51.19245643821991,""
"Glória//home_16",-30.077574903690333,-51.18708006123332,""
"Glória//work_16",-30.077768379070253,-51.187023734767514,""
"Glória//school_16",-30.078420552862273,-51.18748199353538,""
"Glória//home_17",-30.078323929922753,-51.188865066546285,""
"Glória//work_17",-30.078208506042724,-51.18819438038042,""
"Glória//school_17",-30.07912979421642,-51.18780207769277,""
"Glória//home_18",-30.081305408028406,-51.190497460785,""
"Glória//work_18",-30.08087939614497,-51.19116312887944,""
"Glória//school_18",-30.08047550094837,-51.19168708542162,""
"Glória//home_19",-30.08329559384503,-51.19145062761083,""
"Glória//work_19",-30.083774175481885,-51.190168308395855,""
"Glória//school_19",-30.082556898742656,-51.1911447358151,""
"Glória//home_20",-30.083810374200983,-51.19377163855955,""
"Glória//work_20",-30.085126647075096,-51.1898896192192,""
"Glória//school_20",-30.08375662468593,-51.193192497540124,""
"Glória//home_21",-30.08521210755976,-51.19373688696634,""
"Glória//work_21",-30.087288915733822,-51.190846229072335,""
"Glória//school_21",-30.086113135218795,-51.19470996848633,""
"Glória//home_22",-30.086060172439158,-51.19031030745778,""
"Glória//work_22",-30.085753828966936,-51.190921560011134,""
"Glória//school_22",-30.086460484048082,-51.19029466499028,""
"Glória//home_23",-30.07381523778431,-51.19602758284755,""
"Glória//work_23",-30.073144694907338,-51.1975398680971,""
"Glória//school_23",-30.072727160149835,-51.19509994986885,""
"Glória//home_24",-30.069652234700428,-51.204742854339464,""
"Glória//work_24",-30.06953095364766,-51.202872521705416,""
"Glória//school_24",-30.070973311943124,-51.20414147379299,""
"Glória//home_25",-30.089694286265743,-51.19642011341097,""
"Glória//work_25",-30.093163014730095,-51.19292045677892,""
"Glória//school_25",-30.089498954767222,-51.195604533189005,""
"Glória//home_26",-30.09015476691994,-51.19416216255899,""
"Glória//work_26",-30.09226256537321,-51.19185088539695,""
"Glória//school_26",-30.090876373712877,-51.19304439512151,""
"Glória//home_27",-30.078424170839785,-51.18373917554938,""
"Glória//work_27",-30.077638054205952,-51.18465944232549,""
"Glória//school_27",-30.077479158903827,-51.184828069988924,""
"Glória//home_28",-30.070763950048505,-51.20472015804567,""
"Glória//work_28",-30.070204537770323,-51.204800617970875,""
"Glória//school_28",-30.070666083795995,-51.2065465830397,""
"Glória//home_29",-30.085272370394435,-51.20044100334254,""
"Glória//work_29",-30.08714696647501,-51.19766761347792,""
"Glória//school_29",-30.08751863206705,-51.19798503904051,""
"Glória//home_30",-30.089364695608168,-51.19261382587713,""
"Glória//work_30",-30.089903491940156,-51.187922892602145,""
"Glória//school_30",-30.088105448947296,-51.19348473778606,""
"Glória//home_31",-30.086410229350356,-51.18577359070119,""
"Glória//work_31",-30.087416416716643,-51.18639198911888,""
"Glória//school_31",-30.08760837717758,-51.18544171615866,""
"Guarujá//home_0",-30.154550458502936,-51.22307442013965,""
"Guarujá//work_0",-30.154584898602103,-51.222187061748755,""
"Guarujá//school_0",-30.153201308616524,-51.22203735470637,""
"Guarujá//home_1",-30.156752751267994,-51.22056206400167,""
"Guarujá//work_1",-30.15618731281851,-51.225759748501126,""
"Guarujá//school_1",-30.156497167537225,-51.22064445190232,""
"Guarujá//home_2",-30.15836828975226,-51.222326368547726,""
"Guarujá//work_2",-30.158037458917335,-51.22309748155753,""
"Guarujá//school_2",-30.156796832248784,-51.223668297384656,""
"Guarujá//home_3",-30.159143976468336,-51.22214470205392,""
"Guarujá//work_3",-30.158306209448245,-51.221919300775916,""
"Guarujá//school_3",-30.157798533141293,-51.221333609026196,""
"Guarujá//home_4",-30.159872946466404,-51.21607319033459,""
"Guarujá//work_4",-30.158689404593392,-51.215322412219805,""
"Guarujá//school_4",-30.158460318006707,-51.216197464738606,""
"Guarujá//home_5",-30.15945349666176,-51.2202023989291,""
"Guarujá//work_5",-30.159794457409706,-51.22076732697134,""
"Guarujá//school_5",-30.159928120237364,-51.22054267303061,""
"Guarujá//home_6",-30.1576779417527,-51.22660926791341,""
"Guarujá//work_6",-30.158691588610555,-51.22701808871752,""
"Guarujá//school_6",-30.15862390549159,-51.227424923453384,""
"Guarujá//home_7",-30.15415702292551,-51.216596454048414,""
"Guarujá//work_7",-30.15542497924179,-51.21868153823091,""
"Guarujá//school_7",-30.15700652991375,-51.21725081634553,""
"Guarujá//home_8",-30.156520861495032,-51.20884804228996,""
"Guarujá//work_8",-30.15663737036781,-51.2151266654422,""
"Guarujá//school_8",-30.154277207245215,-51.21559235024709,""
"Guarujá//home_9",-30.160749997127734,-51.21336554050311,""
"Guarujá//work_9",-30.15952245272984,-51.210351357846335,""
"Guarujá//school_9",-30.161027601761354,-51.209869993189066,""
"Guarujá//home_10",-30.16181153890236,-51.21456643540025,""
"Guarujá//work_10",-30.161389403717056,-51.21860143131235,""
"Guarujá//school_10",-30.162340247325606,-51.21725908614165,""
"Higienópolis//home_0",-30.016712533025828,-51.19159082129047,""
"Higienópolis//work_0",-30.01691967729005,-51.1910560997484,""
"Higienópolis//school_0",-30.016410121375984,-51.1889169952233,""
"Higienópolis//home_1",-30.013568816744627,-51.190223248155014,""
"Higienópolis//work_1",-30.014717943288826,-51.189914789229775,""
"Higienópolis//school_1",-30.015291301484172,-51.18929465239685,""
"Higienópolis//home_2",-30.014855561518658,-51.188563875419526,""
"Higienópolis//work_2",-30.01417314453734,-51.18884658008094,""
"Higienópolis//school_2",-30.013738849074546,-51.18925882365667,""
"Higienópolis//home_3",-30.015377211849245,-51.18765456145736,""
"Higienópolis//work_3",-30.014987420323227,-51.18751261804784,""
"Higienópolis//school_3",-30.013001837971515,-51.1883775276314,""
"Higienópolis//home_4",-30.014152124010543,-51.18623016264867,""
"Higienópolis//work_4",-30.01295381412946,-51.18504072951848,""
"Higienópolis//school_4",-30.013916937045586,-51.18505982355635,""
"Higienópolis//home_5",-30.01552565633216,-51.184893140864816,""
"Higienópolis//work_5",-30.016566459041698,-51.18445732420438,""
"Higienópolis//school_5",-30.01633274424157,-51.18431087270421,""
"Higienópolis//home_6",-30.021337319699594,-51.18394923971641,""
"Higienópolis//work_6",-30.021048470334634,-51.18387552631632,""
"Higienópolis//school_6",-30.018178288849576,-51.18613700040652,""
"Higienópolis//home_7",-30.019314017767933,-51.18389200235687,""
"Higienópolis//work_7",-30.020332084157804,-51.182828986820596,""
"Higienópolis//school_7",-30.019377031033994,-51.18323955279466,""
"Higienópolis//home_8",-30.015082589136043,-51.183746314332865,""
"Higienópolis//work_8",-30.011768520501594,-51.18411676501684,""
"Higienópolis//school_8",-30.012210697232426,-51.1838614723325,""
"Higienópolis//home_9",-30.016476877840205,-51.18308407372756,""
"Higienópolis//work_9",-30.015714992245194,-51.181860449918986,""
"Higienópolis//school_9",-30.016797632715345,-51.183165276581974,""
"Higienópolis//home_10",-30.019396643972975,-51.18209573038337,""
"Higienópolis//work_10",-30.018988612486353,-51.18275265029476,""
"Higienópolis//school_10",-30.017008380407297,-51.18313244093421,""
"Higienópolis//home_11",-30.018646337158376,-51.180525828548625,""
"Higienópolis//work_11",-30.01952371044693,-51.180943999123556,""
"Higienópolis//school_11",-30.01963651769849,-51.1814072252462,""
"Higienópolis//home_12",-30.01779801398249,-51.17858411619363,""
"Higienópolis//work_12",-30.015408871640474,-51.1803060911691,""
"Higienópolis//school_12",-30.01609066548954,-51.18101284452749,""
"Higienópolis//home_13",-30.01308762765169,-51.18017306698752,""
"Higienópolis//work_13",-30.01295642184933,-51.18132265236593,""
"Higienópolis//school_13",-30.014090174167993,-51.1807356032916,""
"Higienópolis//home_14",-30.0189843964076,-51.179299556441244,""
"Higienópolis//work_14",-30.020234229043275,-51.18025370524862,""
"Higienópolis//school_14",-30.018029054179845,-51.18001757501359,""
"Higienópolis//home_15",-30.016402728256143,-51.190997670714964,""
"Higienópolis//work_15",-30.01574932546994,-51.19106365258076,""
"Higienópolis//school_15",-30.016261025430616,-51.19170175260251,""
"Higienópolis//home_16",-30.012155742896315,-51.18318254868647,""
"Higienópolis//work_16",-30.01249760467403,-51.183036815569096,""
"Higienópolis//school_16",-30.012725370326823,-51.18275964225834,""
"Higienópolis//home_17",-30.013953940888335,-51.18287929953395,""
"Higienópolis//work_17",-30.01364381676406,-51.18258808741159,""
"Higienópolis//school_17",-30.013403362661826,-51.183062772448324,""
"Hípica//home_0",-30.14960714907901,-51.16198573914847,""
"Hípica//work_0",-30.15020549449881,-51.16500195240362,""
"Hípica//school_0",-30.150548815999567,-51.16522556478326,""
"Hípica//home_1",-30.161089225893026,-51.184765136181234,""
"Hípica//work_1",-30.158247087381422,-51.187750917879605,""
"Hípica//school_1",-30.158506200682037,-51.19039185928644,""
"Hípica//home_2",-30.158257889762755,-51.18171971795074,""
"Hípica//work_2",-30.157422404579908,-51.18177554340233,""
"Hípica//school_2",-30.162824010040058,-51.18022545468194,""
"Hípica//home_3",-30.156375976807897,-51.17865385007574,""
"Hípica//work_3",-30.15628680190917,-51.17794236570949,""
"Hípica//school_3",-30.155673196642397,-51.177862926096346,""
"Hípica//home_4",-30.155288740190308,-51.176535993919785,""
"Hípica//work_4",-30.15761842365259,-51.17633401832455,""
"Hípica//school_4",-30.15577211383149,-51.17704519012158,""
"Hípica//home_5",-30.15725738009463,-51.17449861642178,""
"Hípica//work_5",-30.15743103869523,-51.17511344564842,""
"Hípica//school_5",-30.158193063589263,-51.175981108605576,""
"Hípica//home_6",-30.1583624329086,-51.17705013808824,""
"Hípica//work_6",-30.159328127947187,-51.17774365098182,""
"Hípica//school_6",-30.158615140887193,-51.17845209400605,""
"Hípica//home_7",-30.160978608844097,-51.174733925577534,""
"Hípica//work_7",-30.158942580111603,-51.175524185304255,""
"Hípica//school_7",-30.16070373384924,-51.174354502474095,""
"Hípica//home_8",-30.161223385082558,-51.1778034944675,""
"Hípica//work_8",-30.16172954170153,-51.177811299071955,""
"Hípica//school_8",-30.161220049966275,-51.17743526023918,""
"Hípica//home_9",-30.163140110765777,-51.17650979585812,""
"Hípica//work_9",-30.163702044405955,-51.17432077342554,""
"Hípica//school_9",-30.164246675333644,-51.177141521460015,""
"Hípica//home_10",-30.163664152578875,-51.17380632360713,""
"Hípica//work_10",-30.161859047951214,-51.172873271811426,""
"Hípica//school_10",-30.16223769647763,-51.17289870274273,""
"Hípica//home_11",-30.159289897410197,-51.17265401036451,""
"Hípica//work_11",-30.160523334653387,-51.17327961158391,""
"Hípica//school_11",-30.159898611181422,-51.17251085243126,""
"Hípica//home_12",-30.15796430120347,-51.17318829730248,""
"Hípica//work_12",-30.156078995932432,-51.173505873617636,""
"Hípica//school_12",-30.15859386364753,-51.1731520301663,""
"Hípica//home_13",-30.158332384054972,-51.170965456575345,""
"Hípica//work_13",-30.15826419145339,-51.17212252227387,""
"Hípica//school_13",-30.156555475446247,-51.17198406240971,""
"Hípica//home_14",-30.162062198575484,-51.16919637397429,""
"Hípica//work_14",-30.162671258984087,-51.169500084133745,""
"Hípica//school_14",-30.158904392729305,-51.17085592091657,""
"Hípica//home_15",-30.1621446681118,-51.17041107696941,""
"Hípica//work_15",-30.162016074686054,-51.170254837603395,""
"Hípica//school_15",-30.16293317174533,-51.172241091127106,""
"Hípica//home_16",-30.15515091962797,-51.17344097847235,""
"Hípica//work_16",-30.153134512286986,-51.17635251249035,""
"Hípica//school_16",-30.154267446774835,-51.17975660506344,""
"Hípica//home_17",-30.156275068904367,-51.179140908949954,""
"Hípica//work_17",-30.160514430789437,-51.181103859568594,""
"Hípica//school_17",-30.161958337826977,-51.17831427338509,""
"Hípica//home_18",-30.16266344781484,-51.184938049703945,""
"Hípica//work_18",-30.163828209401185,-51.18527744895563,""
"Hípica//school_18",-30.16376121671772,-51.18576217594432,""
"Hípica//home_19",-30.16459867151207,-51.18980828491544,""
"Hípica//work_19",-30.166560167718696,-51.190523682862775,""
"Hípica//school_19",-30.166025737396602,-51.19065493315135,""
"Hípica//home_20",-30.163545718506306,-51.18919110766521,""
"Hípica//work_20",-30.161531241289072,-51.189301138050645,""
"Hípica//school_20",-30.16185993395739,-51.18830042102582,""
"Hípica//home_21",-30.152878111851646,-51.16278118504641,""
"Hípica//work_21",-30.152636081424085,-51.163459669789155,""
"Hípica//school_21",-30.15406245680093,-51.16563978792235,""
"Hípica//home_22",-30.15687463061547,-51.16193095705201,""
"Hípica//work_22",-30.154562499842417,-51.16668740816579,""
"Hípica//school_22",-30.15528631185462,-51.16647014444401,""
"Hípica//home_23",-30.153433138049838,-51.16738484439795,""
"Hípica//work_23",-30.15582753205995,-51.16859304956828,""
"Hípica//school_23",-30.154790581124868,-51.16953615034287,""
"Hípica//home_24",-30.15286552589091,-51.16928209182511,""
"Hípica//work_24",-30.151564128552945,-51.16563614413187,""
"Hípica//school_24",-30.151546380085115,-51.166824128394595,""
"Hípica//home_25",-30.155237909546912,-51.17034151119838,""
"Hípica//work_25",-30.154010552821777,-51.17094800688277,""
"Hípica//school_25",-30.15330303604168,-51.1697202545983,""
"Hípica//home_26",-30.148165880036682,-51.17318260916127,""
"Hípica//work_26",-30.149551488578684,-51.1734200158932,""
"Hípica//school_26",-30.145505108979332,-51.17596728265126,""
"Hípica//home_27",-30.147182075269747,-51.18136585822955,""
"Hípica//work_27",-30.148262335991767,-51.180764279527594,""
"Hípica//school_27",-30.14350429551526,-51.18942138505945,""
"Hípica//home_28",-30.139017288668175,-51.182297699978164,""
"Hípica//work_28",-30.143041538797615,-51.182769196444305,""
"Hípica//school_28",-30.13967754475887,-51.1798991553088,""
"Hípica//home_29",-30.16073692296851,-51.18953791694601,""
"Hípica//work_29",-30.160690572828905,-51.18975022914188,""
"Hípica//school_29",-30.16107464315021,-51.18962983122145,""
"Hípica//home_30",-30.162103321226652,-51.190521845344165,""
"Hípica//work_30",-30.161402086540082,-51.19014959644161,""
"Hípica//school_30",-30.16183069007266,-51.19045184571581,""
"Hípica//home_31",-30.161648330727964,-51.19120771928576,""
"Hípica//work_31",-30.169790065908053,-51.19398133339344,""
"Hípica//school_31",-30.170836107066357,-51.193004398870826,""
"Hípica//home_32",-30.1582333217543,-51.16960469971392,""
"Hípica//work_32",-30.160403602108868,-51.16207475851198,""
"Hípica//school_32",-30.16042083336733,-51.16098986707923,""
"Hípica//home_33",-30.15813876449224,-51.16260629052252,""
"Hípica//work_33",-30.15749900301891,-51.1620947886173,""
"Hípica//school_33",-30.15723616982163,-51.16273587526972,""
"Hípica//home_34",-30.158770713619436,-51.16301187320776,""
"Hípica//work_34",-30.15947394021523,-51.16268190254595,""
"Hípica//school_34",-30.15904572692268,-51.16176244972803,""
"Hípica//home_35",-30.13994462821391,-51.16995995718284,""
"Hípica//work_35",-30.13766722575874,-51.17129761369087,""
"Hípica//school_35",-30.138604383403383,-51.17047283317437,""
"Hípica//home_36",-30.149003104030104,-51.16719348566891,""
"Hípica//work_36",-30.14758078765024,-51.16647405519469,""
"Hípica//school_36",-30.14782966481664,-51.166501646979555,""
"Hípica//home_37",-30.141940400017724,-51.16958610314865,""
"Hípica//work_37",-30.142115012080744,-51.167067871468255,""
"Hípica//school_37",-30.144581190599002,-51.170466485354225,""
"Hípica//home_38",-30.168121648571184,-51.18312929707599,""
"Hípica//work_38",-30.166971557452413,-51.18277624752442,""
"Hípica//school_38",-30.167671145129802,-51.18239348372016,""
"Hípica//home_39",-30.167907405194555,-51.18554401445851,""
"Hípica//work_39",-30.16693612394327,-51.185308187386056,""
"Hípica//school_39",-30.166179635294224,-51.182003403264765,""
"Humaitá//home_0",-29.97923428747433,-51.19141419335549,""
"Humaitá//work_0",-29.980939231715467,-51.19168833518829,""
"Humaitá//school_0",-29.980775318654086,-51.19173001412356,""
"Humaitá//home_1",-29.97904202625671,-51.19002468215064,""
"Humaitá//work_1",-29.979246651070277,-51.19028696333464,""
"Humaitá//school_1",-29.9788836421042,-51.19001502579592,""
"Humaitá//home_2",-29.979290489723343,-51.18979560052007,""
"Humaitá//work_2",-29.978782387455794,-51.189618776984126,""
"Humaitá//school_2",-29.978670107597242,-51.18917114019812,""
"Humaitá//home_3",-29.978228008651037,-51.188023067646064,""
"Humaitá//work_3",-29.977968640940766,-51.18814981276367,""
"Humaitá//school_3",-29.9791709593339,-51.18823372354908,""
"Humaitá//home_4",-29.978229562064453,-51.18689579165657,""
"Humaitá//work_4",-29.9786865995097,-51.187649946071694,""
"Humaitá//school_4",-29.97811833934585,-51.18750109173028,""
"Humaitá//home_5",-29.978476610327494,-51.18514059505635,""
"Humaitá//work_5",-29.978662661452542,-51.184318672019195,""
"Humaitá//school_5",-29.978283265252504,-51.18454174648553,""
"Humaitá//home_6",-29.977471859141907,-51.18511953590519,""
"Humaitá//work_6",-29.977549338107778,-51.18549032202229,""
"Humaitá//school_6",-29.977813859582326,-51.18491790049412,""
"Humaitá//home_7",-29.979501022272576,-51.185236882542895,""
"Humaitá//work_7",-29.979733365823996,-51.18522561378982,""
"Humaitá//school_7",-29.97943307303068,-51.1854029430921,""
"Humaitá//home_8",-29.97949929489397,-51.1880250543185,""
"Humaitá//work_8",-29.979667539744817,-51.1876496562578,""
"Humaitá//school_8",-29.97940553649452,-51.18751447144173,""
"Humaitá//home_9",-29.98606895666149,-51.1925606159047,""
"Humaitá//work_9",-29.986697283805746,-51.19351731032697,""
"Humaitá//school_9",-29.98752050043094,-51.19268220294668,""
"Humaitá//home_10",-29.986821339829717,-51.19208603139739,""
"Humaitá//work_10",-29.986139101663383,-51.19153110125489,""
"Humaitá//school_10",-29.986203506167325,-51.19183070512467,""
"Humaitá//home_11",-29.992382375212948,-51.194710611488134,""
"Humaitá//work_11",-29.991785135343267,-51.195237617110735,""
"Humaitá//school_11",-29.99222466906965,-51.194825589313844,""
"Humaitá//home_12",-29.994861191066605,-51.19034383190116,""
"Humaitá//work_12",-29.9866422693946,-51.18399613107208,""
"Humaitá//school_12",-29.988894972431424,-51.18589352109976,""
"Humaitá//home_13",-29.995848109375707,-51.19122055708508,""
"Humaitá//work_13",-29.99708907135221,-51.192193231076324,""
"Humaitá//school_13",-29.99658060032892,-51.19528592632234,""
"Humaitá//home_14",-29.9959614071282,-51.19795503411519,""
"Humaitá//work_14",-29.997034814415823,-51.19807676789156,""
"Humaitá//school_14",-29.993660971698535,-51.197552615429444,""
"Humaitá//home_15",-29.99013628303442,-51.192659893790484,""
"Humaitá//work_15",-29.99068260327762,-51.19369866161995,""
"Humaitá//school_15",-29.98962167220549,-51.19068445494115,""
"Humaitá//home_16",-29.98998065776439,-51.19114013815067,""
"Humaitá//work_16",-29.98970475600146,-51.19120736219134,""
"Humaitá//school_16",-29.990164155098164,-51.19120380083118,""
"Humaitá//home_17",-29.97663365172293,-51.188980728969895,""
"Humaitá//work_17",-29.977052651453562,-51.18684844347635,""
"Humaitá//school_17",-29.97887804982435,-51.183886077984795,""
"Humaitá//home_18",-29.978793294971023,-51.181566898309924,""
"Humaitá//work_18",-29.97816993976131,-51.18220830581924,""
"Humaitá//school_18",-29.978468364638875,-51.181754943209484,""
"Humaitá//home_19",-29.980602074450122,-51.18747140631596,""
"Humaitá//work_19",-29.983475377266195,-51.18845471598532,""
"Humaitá//school_19",-29.981738121224193,-51.18660505641059,""
"Humaitá//home_20",-29.98010603211937,-51.18233777152755,""
"Humaitá//work_20",-29.98015412075469,-51.18241456108917,""
"Humaitá//school_20",-29.979541237654242,-51.1831059135838,""
"Humaitá//home_21",-29.98348641127574,-51.1844989712448,""
"Humaitá//work_21",-29.983684542330174,-51.18461210933416,""
"Humaitá//school_21",-29.982686420247582,-51.18486038261738,""
"Humaitá//home_22",-29.98465461128513,-51.18664653582408,""
"Humaitá//work_22",-29.98419167933803,-51.18720365825912,""
"Humaitá//school_22",-29.984675131346982,-51.187099472047784,""
"Humaitá//home_23",-29.988486197509054,-51.19000487294717,""
"Humaitá//work_23",-29.9862702864676,-51.1892538721848,""
"Humaitá//school_23",-29.98943549182622,-51.18939775723497,""
"Humaitá//home_24",-29.971225319487218,-51.188496419177014,""
"Humaitá//work_24",-29.972420185175807,-51.186623222315454,""
"Humaitá//school_24",-29.96824389720572,-51.179173635551955,""
"Humaitá//home_25",-29.973150768452808,-51.180370489717845,""
"Humaitá//work_25",-29.973115272262472,-51.180133400934096,""
"Humaitá//school_25",-29.972633912916887,-51.18034439045451,""
"Independência//home_0",-30.025679156730945,-51.21186749367647,8.1
"Independência//work_0",-30.027607456945645,-51.212767902245304,10.0
"Independência//school_0",-30.026237804377786,-51.21327401568592,7.4
"Independência//home_1",-30.028657977052916,-51.217667845372894,10.0
"Independência//work_1",-30.028102092721706,-51.217366594582884,10.0
"Independência//school_1",-30.028645548362448,-51.217631143299194,10.0
"Independência//home_2",-30.028950005564866,-51.218224094189225,10.0
"Independência//work_2",-30.02885434726372,-51.21894874595988,10.0
"Independência//school_2",-30.02872082802125,-51.21949593037854,10.0
"Independência//home_3",-30.027995124385118,-51.21704223671384,10.0
"Independência//work_3",-30.028018123473732,-51.21671725582615,10.0
"Independência//school_3",-30.0280621655852,-51.21618277210845,10.0
"Independência//home_4",-30.028759343017747,-51.21664147343307,10.0
"Independência//work_4",-30.02841031422331,-51.216977347837094,10.0
"Independência//school_4",-30.028538453570903,-51.21566934919935,10.0
"Independência//home_5",-30.02922470085129,-51.216868704022104,10.0
"Independência//work_5",-30.029139874443214,-51.21666000725095,10.0
"Independência//school_5",-30.02928251537685,-51.21549812830399,10.0
"Independência//home_6",-30.027473362575236,-51.21472137252079,10.0
"Independência//work_6",-30.02771233232715,-51.21501762918707,10.0
"Independência//school_6",-30.028707447120794,-51.21492222844741,10.0
"Independência//home_7",-30.028497624729187,-51.21420170066925,10.0
"Independência//work_7",-30.02772724442971,-51.214291176602984,10.0
"Independência//school_7",-30.028052177797544,-51.21443538988127,10.0
"Independência//home_8",-30.028141014626264,-51.21138992002601,10.0
"Independência//work_8",-30.028394167691328,-51.213646257658475,10.0
"Independência//school_8",-30.02830464972786,-51.21397885909428,10.0
"Independência//home_9",-30.028830279172865,-51.212886459003734,10.0
"Independência//work_9",-30.028672318043178,-51.213754631246296,10.0
"Independência//school_9",-30.029176678919917,-51.21066089744997,10.0
"Independência//home_10",-30.029256954317177,-51.21226335127301,10.0
"Independência//work_10",-30.02903516054366,-51.212636404100884,10.0
"Independência//school_10",-30.02912455034104,-51.213195722706246,10.0
"Independência//home_11",-30.0290044851861,-51.210402364052236,10.0
"Independência//work_11",-30.028740715211622,-51.2100138954211,10.0
"Independência//school_11",-30.02870571800539,-51.209416445140114,10.0
"Independência//home_12",-30.02856153175726,-51.20927334528113,10.0
"Independência//work_12",-30.028651073369208,-51.2088720550565,10.0
"Independência//school_12",-30.02810903199509,-51.20899439628462,10.0
"Independência//home_13",-30.02786130013996,-51.20902198921989,10.0
"Independência//work_13",-30.026195828639192,-51.210382381833014,10.0
"Independência//school_13",-30.02752037330388,-51.209875052355784,10.0
"Independência//home_14",-30.030139851372397,-51.217289706525,10.0
"Independência//work_14",-30.029601010932797,-51.219068552809645,10.0
"Independência//school_14",-30.030225542969088,-51.218564234369325,10.0
"Independência//home_15",-30.030683249183554,-51.21648170770838,10.0
"Independência//work_15",-30.03032570224329,-51.216490260257586,10.0
"Independência//school_15",-30.030473850237257,-51.21603634735573,10.0
"Independência//home_16",-30.030133501436996,-51.215735042303265,10.0
"Independência//work_16",-30.030325935214965,-51.21585717135454,10.0
"Independência//school_16",-30.030554326536393,-51.21575850824879,10.0
"Independência//home_17",-30.031143008717738,-51.21431814266512,10.0
"Independência//work_17",-30.029403930120544,-51.215056798807325,10.0
"Independência//school_17",-30.029691573029023,-51.214146712522194,10.0
"Independência//home_18",-30.02963842094391,-51.21297594260328,10.0
"Independência//work_18",-30.029733090176347,-51.21344417708786,10.0
"Independência//school_18",-30.02952173232303,-51.212461659819844,10.0
"Independência//home_19",-30.030816886343846,-51.21124898424961,10.0
"Independência//work_19",-30.029869561176273,-51.21119872620863,10.0
"Independência//school_19",-30.029550984838096,-51.2111593455791,10.0
"Independência//home_20",-30.0299611293042,-51.210068428236006,10.0
"Independência//work_20",-30.029477045359453,-51.21065809528376,10.0
"Independência//school_20",-30.02960659515922,-51.20996946785923,10.0
"Independência//home_21",-30.029962007606283,-51.20917272917594,10.0
"Independência//work_21",-30.030085786163475,-51.209236093087796,10.0
"Independência//school_21",-30.029995387980655,-51.20935939234706,10.0
"Ipanema//home_0",-30.128385761962093,-51.23211317516546,""
"Ipanema//work_0",-30.129226169373347,-51.230706923995484,""
"Ipanema//school_0",-30.128492725525113,-51.23007415941208,""
"Ipanema//home_1",-30.12960522655894,-51.23281649362054,""
"Ipanema//work_1",-30.13013808635537,-51.232525956486455,""
"Ipanema//school_1",-30.130829308966835,-51.232503071758686,""
"Ipanema//home_2",-30.132158571115117,-51.237544927985375,""
"Ipanema//work_2",-30.134275520593462,-51.23445962480946,""
"Ipanema//school_2",-30.13197044142437,-51.23702353989613,""
"Ipanema//home_3",-30.134639216192397,-51.22969571915146,""
"Ipanema//work_3",-30.13489352032165,-51.23025112764721,""
"Ipanema//school_3",-30.134552721514027,-51.22930074271921,""
"Ipanema//home_4",-30.13677278151455,-51.22995497669368,""
"Ipanema//work_4",-30.138723330144593,-51.22861794908125,""
"Ipanema//school_4",-30.136673224603467,-51.231080443485894,""
"Ipanema//home_5",-30.1344054264292,-51.227279733931255,""
"Ipanema//work_5",-30.13482322913525,-51.22580865096238,""
"Ipanema//school_5",-30.13468543197615,-51.22674491663568,""
"Ipanema//home_6",-30.132587313213563,-51.22531742282903,""
"Ipanema//work_6",-30.131162626947738,-51.22444292694378,""
"Ipanema//school_6",-30.13256831029142,-51.22554469515444,""
"Ipanema//home_7",-30.1276982094344,-51.22506508838068,""
"Ipanema//work_7",-30.129360374340774,-51.22817471514592,""
"Ipanema//school_7",-30.127706182116377,-51.22531524251373,""
"Ipanema//home_8",-30.132523671158506,-51.22141083668515,""
"Ipanema//work_8",-30.13205143259418,-51.2223780329998,""
"Ipanema//school_8",-30.13321641040909,-51.22144227329054,""
"Ipanema//home_9",-30.138001963983506,-51.2245424634779,""
"Ipanema//work_9",-30.136858461115732,-51.22262636277677,""
"Ipanema//school_9",-30.13852510311125,-51.22639163125948,""
"Ipanema//home_10",-30.138209902718625,-51.221205798822965,""
"Ipanema//work_10",-30.139272530483876,-51.22103470553314,""
"Ipanema//school_10",-30.140177325172694,-51.223710092172496,""
"Ipanema//home_11",-30.14342050878078,-51.22643404683038,""
"Ipanema//work_11",-30.143754875496015,-51.22533010572132,""
"Ipanema//school_11",-30.14285929762506,-51.22593547489022,""
"Ipanema//home_12",-30.137255787027186,-51.21686285287513,""
"Ipanema//work_12",-30.140334248809058,-51.21856986136621,""
"Ipanema//school_12",-30.138247396333387,-51.216334714919896,""
"Ipanema//home_13",-30.13711394739911,-51.214052497122665,""
"Ipanema//work_13",-30.139495388697295,-51.215123534652264,""
"Ipanema//school_13",-30.142192855496397,-51.217210991906775,""
"Ipanema//home_14",-30.13748194791536,-51.21309376383412,""
"Ipanema//work_14",-30.1362237027609,-51.21211619983265,""
"Ipanema//school_14",-30.1369991765397,-51.21200610055294,""
"Ipanema//home_15",-30.14305124687719,-51.20824392268522,""
"Ipanema//work_15",-30.145016873998955,-51.21059274641465,""
"Ipanema//school_15",-30.144545451542314,-51.21051275835718,""
"Ipanema//home_16",-30.14054919712451,-51.209166545408685,""
"Ipanema//work_16",-30.13916097072219,-51.21004638719901,""
"Ipanema//school_16",-30.139051588776177,-51.210341301147665,""
"Ipanema//home_17",-30.14315221917497,-51.214636283730734,""
"Ipanema//work_17",-30.13867066477555,-51.21071681281086,""
"Ipanema//school_17",-30.135774527691993,-51.2091444487401,""
"Ipanema//home_18",-30.134216334247963,-51.213488288494496,""
"Ipanema//work_18",-30.135697263832583,-51.21632052586835,""
"Ipanema//school_18",-30.132491852203092,-51.21493506153944,""
"Ipanema//home_19",-30.143165853902993,-51.22371224057334,""
"Ipanema//work_19",-30.144719860088024,-51.2236658607474,""
"Ipanema//school_19",-30.143481776143055,-51.22435284013307,""
"Ipanema//home_20",-30.125882693655107,-51.225325534241364,""
"Ipanema//work_20",-30.129259960428413,-51.23228755753747,""
"Ipanema//school_20",-30.126698969804455,-51.224440027413905,""
"Ipanema//home_21",-30.13430112124906,-51.220059395406054,""
"Ipanema//work_21",-30.134808191830736,-51.22039277011046,""
"Ipanema//school_21",-30.13692730222203,-51.22081593262292,""
"Ipanema//home_22",-30.134773694638763,-51.22197907155785,""
"Ipanema//work_22",-30.136100492301473,-51.221910318578935,""
"Ipanema//school_22",-30.135716508548796,-51.22211985251784,""
"Ipanema//home_23",-30.141163228592806,-51.21217082302165,""
"Ipanema//work_23",-30.13481103156437,-51.20897277402384,""
"Ipanema//school_23",-30.141392506246547,-51.21298548680643,""
"Jardim Botânico//home_0",-30.050095657133827,-51.189460286238656,""
"Jardim Botânico//work_0",-30.05005959661365,-51.19011374098538,""
"Jardim Botânico//school_0",-30.049441346372486,-51.189772808892904,""
"Jardim Botânico//home_1",-30.05053743602418,-51.189616755974725,""
"Jardim Botânico//work_1",-30.05227675639854,-51.19096936133278,""
"Jardim Botânico//school_1",-30.05121412288753,-51.19029059687242,""
"Jardim Botânico//home_2",-30.051873207797644,-51.19324630192108,""
"Jardim Botânico//work_2",-30.053137223476295,-51.19301638969488,""
"Jardim Botânico//school_2",-30.051770956454433,-51.19157131478542,""
"Jardim Botânico//home_3",-30.053892545774552,-51.19042352975984,""
"Jardim Botânico//work_3",-30.053957267488844,-51.19066668765767,""
"Jardim Botânico//school_3",-30.053431943492534,-51.19172394088833,""
"Jardim Botânico//home_4",-30.05341478462476,-51.19046308236664,""
"Jardim Botânico//work_4",-30.05252861721583,-51.19134092694495,""
"Jardim Botânico//school_4",-30.05299479314853,-51.19021895545493,""
"Jardim Botânico//home_5",-30.051952058740472,-51.18933794740544,""
"Jardim Botânico//work_5",-30.051864408153435,-51.18897911494911,""
"Jardim Botânico//school_5",-30.052556480460442,-51.190179406467934,""
"Jardim Botânico//home_6",-30.051626972371192,-51.188332812651915,""
"Jardim Botânico//work_6",-30.05034158491676,-51.18733736178075,""
"Jardim Botânico//school_6",-30.05151361788386,-51.187815498259994,""
"Jardim Botânico//home_7",-30.050576674240112,-51.18686973372683,""
"Jardim Botânico//work_7",-30.05036514997991,-51.186275484272144,""
"Jardim Botânico//school_7",-30.050856906635886,-51.18609875187002,""
"Jardim Botânico//home_8",-30.05195626719149,-51.18651150723582,""
"Jardim Botânico//work_8",-30.05177217385647,-51.18680175522223,""
"Jardim Botânico//school_8",-30.052363760517427,-51.1867441703594,""
"Jardim Botânico//home_9",-30.055511273718952,-51.18888523997712,""
"Jardim Botânico//work_9",-30.05255026688979,-51.18791497855721,""
"Jardim Botânico//school_9",-30.05471678578809,-51.18807709946586,""
"Jardim Botânico//home_10",-30.0552258528642,-51.18653011681206,""
"Jardim Botânico//work_10",-30.05621977721022,-51.18515736724998,""
"Jardim Botânico//school_10",-30.053861411745373,-51.18519955353701,""
"Jardim Botânico//home_11",-30.055068568222286,-51.18359401145496,""
"Jardim Botânico//work_11",-30.055396577569176,-51.18461069817508,""
"Jardim Botânico//school_11",-30.055782522922282,-51.183404413901826,""
"Jardim Botânico//home_12",-30.0539769134879,-51.183437730951944,""
"Jardim Botânico//work_12",-30.054776398106302,-51.18311288560296,""
"Jardim Botânico//school_12",-30.055006353726693,-51.18256030519699,""
"Jardim Botânico//home_13",-30.052709066155323,-51.18416036261619,""
"Jardim Botânico//work_13",-30.052956754224063,-51.18354626150065,""
"Jardim Botânico//school_13",-30.053991712361288,-51.18275769620672,""
"Jardim Botânico//home_14",-30.052614225726654,-51.18153384535157,""
"Jardim Botânico//work_14",-30.05178067111444,-51.18199367209437,""
"Jardim Botânico//school_14",-30.052592763217294,-51.18146197408097,""
"Jardim Botânico//home_15",-30.049805109307318,-51.182876267210915,""
"Jardim Botânico//work_15",-30.050942306216726,-51.18294131970279,""
"Jardim Botânico//school_15",-30.04813164444897,-51.18083609700628,""
"Jardim Botânico//home_16",-30.053332541408082,-51.17958769451176,""
"Jardim Botânico//work_16",-30.053283551757293,-51.179547319154345,""
"Jardim Botânico//school_16",-30.05220278566138,-51.180324485493415,""
"Jardim Botânico//home_17",-30.05043670623231,-51.192896048489466,""
"Jardim Botânico//work_17",-30.050557485622413,-51.190580996269176,""
"Jardim Botânico//school_17",-30.0505875680266,-51.19075194923267,""
"Jardim Botânico//home_18",-30.05197650087451,-51.18549453868744,""
"Jardim Botânico//work_18",-30.051603583860178,-51.1856734001376,""
"Jardim Botânico//school_18",-30.051823505638982,-51.1855210851524,""
"Jardim Botânico//home_19",-30.056508511642225,-51.18101561896798,""
"Jardim Botânico//work_19",-30.05600127805647,-51.181466171066205,""
"Jardim Botânico//school_19",-30.05637283433564,-51.18119115351744,""
"Jardim Botânico//home_20",-30.05447006841871,-51.181479401695036,""
"Jardim Botânico//work_20",-30.055094958728745,-51.18169017768398,""
"Jardim Botânico//school_20",-30.054779502331712,-51.17995580026217,""
"Jardim Botânico//home_21",-30.05164039127244,-51.17189704652695,""
"Jardim Botânico//work_21",-30.049307370515194,-51.178953850265025,""
"Jardim Botânico//school_21",-30.050034607663058,-51.17282836343778,""
"Jardim Botânico//home_22",-30.048898227273913,-51.17310902312131,""
"Jardim Botânico//work_22",-30.049318179790237,-51.17358361419235,""
"Jardim Botânico//school_22",-30.04942857311026,-51.1727947125842,""
"Jardim Botânico//home_23",-30.057531624411908,-51.180604013332164,""
"Jardim Botânico//work_23",-30.056956123398585,-51.18179173488177,""
"Jardim Botânico//school_23",-30.056916846906017,-51.18078170482568,""
"Jardim Botânico//home_24",-30.055685446442745,-51.169913831792734,""
"Jardim Botânico//work_24",-30.052672227446116,-51.17841274462144,""
"Jardim Botânico//school_24",-30.054450871346127,-51.176698167298355,""
"Jardim Carvalho//home_0",-30.044237764942476,-51.147533246435025,""
"Jardim Carvalho//work_0",-30.044373677065792,-51.146382362413156,""
"Jardim Carvalho//school_0",-30.04478680076085,-51.14730564917183,""
"Jardim Carvalho//home_1",-30.045394749633605,-51.14521184338173,""
"Jardim Carvalho//work_1",-30.043452342219464,-51.14390253149887,""
"Jardim Carvalho//school_1",-30.046545967949832,-51.144755809363346,""
"Jardim Carvalho//home_2",-30.045550298888493,-51.143959455164776,""
"Jardim Carvalho//work_2",-30.045435617502886,-51.14497071732944,""
"Jardim Carvalho//school_2",-30.045480214779086,-51.14410457550848,""
"Jardim Carvalho//home_3",-30.046255102650388,-51.14602122098393,""
"Jardim Carvalho//work_3",-30.049250097328155,-51.14499625205265,""
"Jardim Carvalho//school_3",-30.046309349386306,-51.14610974649482,""
"Jardim Carvalho//home_4",-30.047401240143675,-51.147774939115195,""
"Jardim Carvalho//work_4",-30.049196501262823,-51.14715399747032,""
"Jardim Carvalho//school_4",-30.047540117601752,-51.14728368491482,""
"Jardim Carvalho//home_5",-30.046668258517794,-51.14986331874639,""
"Jardim Carvalho//work_5",-30.045203109912414,-51.148166297409574,""
"Jardim Carvalho//school_5",-30.046115103504036,-51.14959947217815,""
"Jardim Carvalho//home_6",-30.053256814092947,-51.152676396647514,""
"Jardim Carvalho//work_6",-30.05337291386326,-51.15251627888188,""
"Jardim Carvalho//school_6",-30.05264903893798,-51.15261406548957,""
"Jardim Carvalho//home_7",-30.05114039383097,-51.14829749365313,""
"Jardim Carvalho//work_7",-30.051582540993447,-51.148089123665706,""
"Jardim Carvalho//school_7",-30.051500702435924,-51.15072148607697,""
"Jardim Carvalho//home_8",-30.051235356188474,-51.14728362193744,""
"Jardim Carvalho//work_8",-30.051795592382007,-51.1469211883986,""
"Jardim Carvalho//school_8",-30.050134333877967,-51.14765654168285,""
"Jardim Carvalho//home_9",-30.0531595415201,-51.14908701983263,""
"Jardim Carvalho//work_9",-30.05289261209311,-51.148767267939036,""
"Jardim Carvalho//school_9",-30.053446586169944,-51.14841663977515,""
"Jardim Carvalho//home_10",-30.052652998369624,-51.150590602921866,""
"Jardim Carvalho//work_10",-30.05218756913098,-51.15040242954022,""
"Jardim Carvalho//school_10",-30.052818427004766,-51.150593412750645,""
"Jardim Carvalho//home_11",-30.053101448103227,-51.15367119632997,""
"Jardim Carvalho//work_11",-30.05329764381828,-51.1517620271973,""
"Jardim Carvalho//school_11",-30.05356014299627,-51.150897758477086,""
"Jardim Carvalho//home_12",-30.054779249331265,-51.15156670597331,""
"Jardim Carvalho//work_12",-30.055515793624075,-51.1531665606801,""
"Jardim Carvalho//school_12",-30.055691705939207,-51.15139964471908,""
"Jardim Carvalho//home_13",-30.054426529695995,-51.14981794280327,""
"Jardim Carvalho//work_13",-30.054316130020435,-51.14843937177954,""
"Jardim Carvalho//school_13",-30.054287842036203,-51.14914758897175,""
"Jardim Carvalho//home_14",-30.06498628294509,-51.140217014755194,""
"Jardim Carvalho//work_14",-30.06471744000333,-51.1403947515726,""
"Jardim Carvalho//school_14",-30.06425953976249,-51.13967466552808,""
"Jardim Carvalho//home_15",-30.063886871174844,-51.141414770301175,""
"Jardim Carvalho//work_15",-30.06169783101623,-51.14168534887474,""
"Jardim Carvalho//school_15",-30.063484766332152,-51.142286169998606,""
"Jardim Carvalho//home_16",-30.05995523713982,-51.14357698565313,""
"Jardim Carvalho//work_16",-30.060660823729826,-51.145800479724706,""
"Jardim Carvalho//school_16",-30.060196959461326,-51.14261204605525,""
"Jardim Carvalho//home_17",-30.0621969818167,-51.14732355816212,""
"Jardim Carvalho//work_17",-30.063357405399177,-51.14682923794444,""
"Jardim Carvalho//school_17",-30.06030514732149,-51.14722938672785,""
"Jardim Carvalho//home_18",-30.058849184222588,-51.14475354364844,""
"Jardim Carvalho//work_18",-30.05890671644173,-51.14431037001903,""
"Jardim Carvalho//school_18",-30.058556095306372,-51.14377843320512,""
"Jardim Carvalho//home_19",-30.059707799158513,-51.13718210655842,""
"Jardim Carvalho//work_19",-30.057402224316828,-51.141509118882915,""
"Jardim Carvalho//school_19",-30.059315178868424,-51.14120200239088,""
"Jardim Carvalho//home_20",-30.056845136564146,-51.14443110682641,""
"Jardim Carvalho//work_20",-30.05809720322923,-51.14448881393668,""
"Jardim Carvalho//school_20",-30.057528296688595,-51.14453863583165,""
"Jardim Carvalho//home_21",-30.05731220609422,-51.14759576105846,""
"Jardim Carvalho//work_21",-30.057981771053523,-51.14617803677756,""
"Jardim Carvalho//school_21",-30.059028407062627,-51.14769019613976,""
"Jardim Carvalho//home_22",-30.044174134942846,-51.13658685008365,""
"Jardim Carvalho//work_22",-30.043212322252362,-51.13830048266366,""
"Jardim Carvalho//school_22",-30.043687942637664,-51.137555370284296,""
"Jardim Carvalho//home_23",-30.04542405858892,-51.13676953033753,""
"Jardim Carvalho//work_23",-30.04453371883479,-51.13663321412918,""
"Jardim Carvalho//school_23",-30.046275930430138,-51.13817642681269,""
"Jardim Carvalho//home_24",-30.05404648602583,-51.13964245760512,""
"Jardim Carvalho//work_24",-30.05542015093289,-51.136485171742265,""
"Jardim Carvalho//school_24",-30.053088006483332,-51.138329058655756,""
"Jardim Carvalho//home_25",-30.06548836033289,-51.14609805885171,""
"Jardim Carvalho//work_25",-30.066013144097433,-51.145213869246774,""
"Jardim Carvalho//school_25",-30.0657450284347,-51.14504898535968,""
"Jardim Carvalho//home_26",-30.05795136352342,-51.15109618314914,""
"Jardim Carvalho//work_26",-30.058661799010494,-51.15227163743953,""
"Jardim Carvalho//school_26",-30.058666775025635,-51.150578541090994,""
"Jardim Carvalho//home_27",-30.054885781276322,-51.14549946285265,""
"Jardim Carvalho//work_27",-30.054942411509014,-51.146629535755615,""
"Jardim Carvalho//school_27",-30.054924074689733,-51.146237489090396,""
"Jardim Carvalho//home_28",-30.041976835098684,-51.148549520309196,""
"Jardim Carvalho//work_28",-30.04371708800516,-51.14811887616816,""
"Jardim Carvalho//school_28",-30.04262045318085,-51.148261735819624,""
"Jardim Carvalho//home_29",-30.044731263366156,-51.14958966422309,""
"Jardim Carvalho//work_29",-30.044092636484386,-51.15025037999427,""
"Jardim Carvalho//school_29",-30.044769772180533,-51.150382059154545,""
"Jardim Carvalho//home_30",-30.06371962898483,-51.149831801843426,""
"Jardim Carvalho//work_30",-30.064885575550257,-51.14940019472572,""
"Jardim Carvalho//school_30",-30.063044568701724,-51.1479260366958,""
"Jardim Carvalho//home_31",-30.049515088236042,-51.149185401299526,""
"Jardim Carvalho//work_31",-30.04867012081751,-51.149476237065144,""
"Jardim Carvalho//school_31",-30.05006970124144,-51.149786036658426,""
"Jardim Carvalho//home_32",-30.047601092529632,-51.140766941177475,""
"Jardim Carvalho//work_32",-30.047708945983672,-51.1416666534908,""
"Jardim Carvalho//school_32",-30.04750403472966,-51.14065139194888,""
"Jardim Carvalho//home_33",-30.05009568312608,-51.141714654913606,""
"Jardim Carvalho//work_33",-30.049232699935512,-51.14120802883973,""
"Jardim Carvalho//school_33",-30.050705257023047,-51.14197578145796,""
"Jardim Carvalho//home_34",-30.05448569963884,-51.141445863167135,""
"Jardim Carvalho//work_34",-30.054443307411198,-51.14306236324607,""
"Jardim Carvalho//school_34",-30.05424161918659,-51.144626404044395,""
"Jardim Carvalho//home_35",-30.061720111839378,-51.15002326322187,""
"Jardim Carvalho//work_35",-30.061153920741393,-51.149275604808906,""
"Jardim Carvalho//school_35",-30.060498056097057,-51.15041096221831,""
"Jardim Carvalho//home_36",-30.05603179513472,-51.15012786688383,""
"Jardim Carvalho//work_36",-30.05551892962597,-51.148915473115686,""
"Jardim Carvalho//school_36",-30.05633690291405,-51.14766226056759,""
"Jardim Carvalho//home_37",-30.05893274240249,-51.150770009274346,""
"Jardim Carvalho//work_37",-30.057357031882255,-51.1478417110042,""
"Jardim Carvalho//school_37",-30.05696104418222,-51.149229032224376,""
"Jardim Carvalho//home_38",-30.055339963629105,-51.153376260097254,""
"Jardim Carvalho//work_38",-30.057195525502355,-51.15252065185941,""
"Jardim Carvalho//school_38",-30.058036600934216,-51.15311695088129,""
"Jardim Carvalho//home_39",-30.044791787300102,-51.14197068731033,""
"Jardim Carvalho//work_39",-30.04487288457155,-51.14133356861618,""
"Jardim Carvalho//school_39",-30.0458997822683,-51.14083473941461,""
"Jardim Carvalho//home_40",-30.046417759328424,-51.14027912054665,""
"Jardim Carvalho//work_40",-30.044705941604207,-51.1401476868713,""
"Jardim Carvalho//school_40",-30.044635708014198,-51.13877575191657,""
"Jardim Carvalho//home_41",-30.050920102676795,-51.14494709610393,""
"Jardim Carvalho//work_41",-30.043732869848462,-51.14290606598546,""
"Jardim Carvalho//school_41",-30.045679813836003,-51.142715724649435,""
"Jardim Carvalho//home_42",-30.04988164312896,-51.142852586037456,""
"Jardim Carvalho//work_42",-30.050551349423866,-51.14334127604123,""
"Jardim Carvalho//school_42",-30.04990161117445,-51.14348835982016,""
"Jardim Carvalho//home_43",-30.0517462816587,-51.15350561901353,""
"Jardim Carvalho//work_43",-30.051847494603575,-51.15276537744089,""
"Jardim Carvalho//school_43",-30.05137325838525,-51.1523035986989,""
"Jardim do Salso//home_0",-30.047111661474062,-51.16834030278914,""
"Jardim do Salso//work_0",-30.04763630271846,-51.166766380028804,""
"Jardim do Salso//school_0",-30.047517727753743,-51.17047090422223,""
"Jardim do Salso//home_1",-30.047529751709504,-51.1723604136055,""
"Jardim do Salso//work_1",-30.048974182516403,-51.171894521755746,""
"Jardim do Salso//school_1",-30.049368950761153,-51.17273650057345,""
"Jardim do Salso//home_2",-30.048130711679665,-51.17059798392076,""
"Jardim do Salso//work_2",-30.048557082531126,-51.1704129260484,""
"Jardim do Salso//school_2",-30.047689005805672,-51.17005197001401,""
"Jardim do Salso//home_3",-30.048302338238173,-51.16626631692393,""
"Jardim do Salso//work_3",-30.04853795094955,-51.16769253797426,""
"Jardim do Salso//school_3",-30.048135723651846,-51.16675991299757,""
"Jardim do Salso//home_4",-30.04821780422612,-51.16524904723585,""
"Jardim do Salso//work_4",-30.047618394448417,-51.16507821735616,""
"Jardim do Salso//school_4",-30.047776021780503,-51.165541022527414,""
"Jardim do Salso//home_5",-30.049048014094122,-51.166399712946195,""
"Jardim do Salso//work_5",-30.04876962217671,-51.16587638964808,""
"Jardim do Salso//school_5",-30.048687322898754,-51.165918641842794,""
"Jardim do Salso//home_6",-30.050395458952742,-51.16507745270232,""
"Jardim do Salso//work_6",-30.04977371919089,-51.165552754012204,""
"Jardim do Salso//school_6",-30.049658062017745,-51.16497778958396,""
"Jardim do Salso//home_7",-30.04998305011929,-51.168529619606446,""
"Jardim do Salso//work_7",-30.050401456797886,-51.17000160118908,""
"Jardim do Salso//school_7",-30.049747636662,-51.16887874115852,""
"Jardim do Salso//home_8",-30.050028378579338,-51.167039896626655,""
"Jardim do Salso//work_8",-30.05135047809205,-51.16730049947712,""
"Jardim do Salso//school_8",-30.05089790312854,-51.168227495451106,""
"Jardim do Salso//home_9",-30.053184141701774,-51.161446045343325,""
"Jardim do Salso//work_9",-30.054147004161322,-51.16058770241616,""
"Jardim do Salso//school_9",-30.05354060826902,-51.15995109491958,""
"Jardim do Salso//home_10",-30.052401484239365,-51.164687834166465,""
"Jardim do Salso//work_10",-30.05209889960891,-51.164388698022414,""
"Jardim do Salso//school_10",-30.0530193038658,-51.16317491901167,""
"Jardim do Salso//home_11",-30.052386313821444,-51.16570616725904,""
"Jardim do Salso//work_11",-30.053754120525717,-51.1635886275976,""
"Jardim do Salso//school_11",-30.054035238657914,-51.16876912248477,""
"Jardim do Salso//home_12",-30.05454282770348,-51.161762424823614,""
"Jardim do Salso//work_12",-30.055226660574515,-51.1598633915853,""
"Jardim do Salso//school_12",-30.05427076701697,-51.161142547878036,""
"Jardim Europa//home_0",-30.02813390952134,-51.15458759425436,""
"Jardim Europa//work_0",-30.029170117763826,-51.15531720915573,""
"Jardim Europa//school_0",-30.028310092759995,-51.15596064479898,""
"Jardim Europa//home_1",-30.02275076083303,-51.160054183990944,""
"Jardim Europa//work_1",-30.02226584218771,-51.16117161127669,""
"Jardim Europa//school_1",-30.022146052295785,-51.16078750984865,""
"Jardim Europa//home_2",-30.02221683576415,-51.157862091290944,""
"Jardim Europa//work_2",-30.021505067907487,-51.157861243898196,""
"Jardim Europa//school_2",-30.021659931702022,-51.15787494115708,""
"Jardim Europa//home_3",-30.027867217965408,-51.15813993574953,""
"Jardim Europa//work_3",-30.026643758525076,-51.162134099682625,""
"Jardim Europa//school_3",-30.02347602753766,-51.16161233471434,""
"Jardim Europa//home_4",-30.021576106908714,-51.156425616350845,""
"Jardim Europa//work_4",-30.022364787550295,-51.156562582981444,""
"Jardim Europa//school_4",-30.02163958977768,-51.15616732691886,""
"Jardim Europa//home_5",-30.02317867022077,-51.15494227058533,""
"Jardim Europa//work_5",-30.02216881762522,-51.15462268449541,""
"Jardim Europa//school_5",-30.023075389642518,-51.15511561161736,""
"Jardim Europa//home_6",-30.027977151929893,-51.15722649021092,""
"Jardim Europa//work_6",-30.026644852851465,-51.15758929791455,""
"Jardim Europa//school_6",-30.027479647952667,-51.15753572181079,""
"Jardim Floresta//home_0",-29.997290906863153,-51.15755984091054,""
"Jardim Floresta//work_0",-29.998086706654913,-51.163525415545976,""
"Jardim Floresta//school_0",-29.997166127500737,-51.16295859153084,""
"Jardim Floresta//home_1",-30.000497092159605,-51.15815799332084,""
"Jardim Floresta//work_1",-29.99906575638291,-51.15592326308731,""
"Jardim Floresta//school_1",-29.99726015252065,-51.15630714899592,""
"Jardim Floresta//home_2",-30.001267542418216,-51.15599962821705,""
"Jardim Floresta//work_2",-30.003078021970047,-51.15649945195851,""
"Jardim Floresta//school_2",-30.003639533514068,-51.156377259144485,""
"Jardim Floresta//home_3",-30.001751313183973,-51.15887336127809,""
"Jardim Floresta//work_3",-30.00221365175799,-51.15776929748088,""
"Jardim Floresta//school_3",-30.001886385405516,-51.15869352133849,""
"Jardim Floresta//home_4",-29.99935324689955,-51.16020572041389,""
"Jardim Floresta//work_4",-30.002512623722914,-51.160189672616085,""
"Jardim Floresta//school_4",-30.001857558177157,-51.1596224852388,""
"Jardim Isabel//home_0",-30.127592623784114,-51.237341177582614,""
"Jardim Isabel//work_0",-30.128363412148204,-51.23385738924935,""
"Jardim Isabel//school_0",-30.127358352882023,-51.232963961460904,""
"Jardim Isabel//home_1",-30.127432229869527,-51.240357364360285,""
"Jardim Isabel//work_1",-30.129913103972363,-51.23890791058248,""
"Jardim Isabel//school_1",-30.125830866917163,-51.23711836242367,""
"Jardim Isabel//home_2",-30.123651089239402,-51.230805240451225,""
"Jardim Isabel//work_2",-30.12706264480932,-51.23248737354108,""
"Jardim Isabel//school_2",-30.12792609282535,-51.23335790325067,""
"Jardim Isabel//home_3",-30.12499422759441,-51.23632916737034,""
"Jardim Isabel//work_3",-30.126455532551386,-51.23218021561074,""
"Jardim Isabel//school_3",-30.125637175720737,-51.23468088083809,""
"Jardim Itu//home_0",-30.011973508978844,-51.142780348313245,""
"Jardim Itu//work_0",-30.011943849391336,-51.13926920182752,""
"Jardim Itu//school_0",-30.009816465675414,-51.14173048399343,""
"Jardim Itu//home_1",-30.01408570546791,-51.142206292822316,""
"Jardim Itu//work_1",-30.01304771023477,-51.14075054487543,""
"Jardim Itu//school_1",-30.012971484655317,-51.142213424294056,""
"Jardim Itu//home_2",-30.014691216390823,-51.142512099356715,""
"Jardim Itu//work_2",-30.01465089039,-51.141073215982516,""
"Jardim Itu//school_2",-30.014277800046035,-51.13925497897648,""
"Jardim Itu//home_3",-30.01271652356408,-51.13586491141312,""
"Jardim Itu//work_3",-30.011611136430044,-51.13794306996044,""
"Jardim Itu//school_3",-30.010688581222826,-51.13567999791633,""
"Jardim Itu//home_4",-30.010136465908207,-51.1346127559867,""
"Jardim Itu//work_4",-30.010342321184734,-51.13536901370048,""
"Jardim Itu//school_4",-30.01180358311328,-51.133638926150006,""
"Jardim Itu//home_5",-30.01322761699756,-51.13282826836139,""
"Jardim Itu//work_5",-30.01378735471964,-51.133474748481596,""
"Jardim Itu//school_5",-30.013178765335127,-51.135602216856974,""
"Jardim Itu//home_6",-30.011309146791017,-51.132199546632144,""
"Jardim Itu//work_6",-30.011008883008095,-51.132109650047155,""
"Jardim Itu//school_6",-30.011030260095765,-51.131812644328285,""
"Jardim Itu//home_7",-30.017096322826028,-51.133676963108044,""
"Jardim Itu//work_7",-30.014263972263077,-51.1341596235889,""
"Jardim Itu//school_7",-30.016988649125977,-51.13399565635966,""
"Jardim Itu//home_8",-30.017543901646636,-51.13185857302928,""
"Jardim Itu//work_8",-30.017326274691555,-51.13218323586465,""
"Jardim Itu//school_8",-30.017280754664,-51.13176940173898,""
"Jardim Itu//home_9",-30.019161251205265,-51.13487429917588,""
"Jardim Itu//work_9",-30.018406718455097,-51.134564907906345,""
"Jardim Itu//school_9",-30.019728247101174,-51.133269057768196,""
"Jardim Itu//home_10",-30.02084646889972,-51.132304856823254,""
"Jardim Itu//work_10",-30.021099018417512,-51.131804412500884,""
"Jardim Itu//school_10",-30.021103838396506,-51.13326179318996,""
"Jardim Itu//home_11",-30.02009119320503,-51.136363218683734,""
"Jardim Itu//work_11",-30.018334074492532,-51.135884096340746,""
"Jardim Itu//school_11",-30.017239505877253,-51.13476875320482,""
"Jardim Itu//home_12",-30.01999049955982,-51.13850474966011,""
"Jardim Itu//work_12",-30.018561926182333,-51.137314529477194,""
"Jardim Itu//school_12",-30.018583210991867,-51.13709036255541,""
"Jardim Itu//home_13",-30.015171190059252,-51.13738377533965,""
"Jardim Itu//work_13",-30.01427088984682,-51.13834191743401,""
"Jardim Itu//school_13",-30.014640226910572,-51.13636488383467,""
"Jardim Itu//home_14",-30.015262280311934,-51.14297805494387,""
"Jardim Itu//work_14",-30.015797791730982,-51.14040325407694,""
"Jardim Itu//school_14",-30.015972446069203,-51.14251115975274,""
"Jardim Itu//home_15",-30.019134740662068,-51.14182732513634,""
"Jardim Itu//work_15",-30.0173911427612,-51.142885731192806,""
"Jardim Itu//school_15",-30.018429447306627,-51.14234683108632,""
"Jardim Itu//home_16",-30.023285879154177,-51.14099261474259,""
"Jardim Itu//work_16",-30.021117499202212,-51.139511486183174,""
"Jardim Itu//school_16",-30.021477887241947,-51.140628690423924,""
"Jardim Itu//home_17",-30.02433604896542,-51.144219765904005,""
"Jardim Itu//work_17",-30.022646956546172,-51.14367799214263,""
"Jardim Itu//school_17",-30.01965063041353,-51.14367095496018,""
"Jardim Itu//home_18",-30.024906636674142,-51.144013879652654,""
"Jardim Itu//work_18",-30.025872851418633,-51.14368440330341,""
"Jardim Itu//school_18",-30.026463298149334,-51.14325197263509,""
"Jardim Itu//home_19",-30.024603139364366,-51.14082487889973,""
"Jardim Itu//work_19",-30.023606272015485,-51.13968939704525,""
"Jardim Itu//school_19",-30.02616885351262,-51.13998571661332,""
"Jardim Itu//home_20",-30.021780975285765,-51.135440231550135,""
"Jardim Itu//work_20",-30.022163005451464,-51.133979194290426,""
"Jardim Itu//school_20",-30.021446094778913,-51.134977813233384,""
"Jardim Itu//home_21",-30.025791754358064,-51.1365362491754,""
"Jardim Itu//work_21",-30.028150473129813,-51.137913761995534,""
"Jardim Itu//school_21",-30.025812828288608,-51.136311608019525,""
"Jardim Itu//home_22",-30.024365676526685,-51.13300631281747,""
"Jardim Itu//work_22",-30.02458484053319,-51.13266737124615,""
"Jardim Itu//school_22",-30.024277867978075,-51.13301772187383,""
"Jardim Itu//home_23",-30.02444713595902,-51.13243622808621,""
"Jardim Itu//work_23",-30.02466551582493,-51.13209731328859,""
"Jardim Itu//school_23",-30.025028029066966,-51.132372022906004,""
"Jardim Itu//home_24",-30.017555868951913,-51.13782124762012,""
"Jardim Itu//work_24",-30.01663482146121,-51.138093604500774,""
"Jardim Itu//school_24",-30.017213497285532,-51.13690701305146,""
"Jardim Itu//home_25",-30.014342156288333,-51.1346076175029,""
"Jardim Itu//work_25",-30.01346946558603,-51.13448864686191,""
"Jardim Itu//school_25",-30.016294755471336,-51.13462209915707,""
"Jardim Itu//home_26",-30.025146808022555,-51.13871234644625,""
"Jardim Itu//work_26",-30.020872602718754,-51.137110603705615,""
"Jardim Itu//school_26",-30.021835785808907,-51.138165975160554,""
"Jardim Itu//home_27",-30.027956696671495,-51.13619470523509,""
"Jardim Itu//work_27",-30.02965735753543,-51.13743324800286,""
"Jardim Itu//school_27",-30.02972798668903,-51.137039168494816,""
"Jardim Itu//home_28",-30.025800239969314,-51.13501035231291,""
"Jardim Itu//work_28",-30.025150106527,-51.134572734874276,""
"Jardim Itu//school_28",-30.02519040819439,-51.13370550431665,""
"Jardim Itu//home_29",-30.026951957399106,-51.14547293032241,""
"Jardim Itu//work_29",-30.026898949348404,-51.14221805368666,""
"Jardim Itu//school_29",-30.026836428073604,-51.14428254875994,""
"Jardim Itu//home_30",-30.030216237864387,-51.133658478712135,""
"Jardim Itu//work_30",-30.030377159172126,-51.13379769331262,""
"Jardim Itu//school_30",-30.027100555463743,-51.13338219885861,""
"Jardim Itu//home_31",-30.02784448777303,-51.132884889356035,""
"Jardim Itu//work_31",-30.02802271644433,-51.13239949026046,""
"Jardim Itu//school_31",-30.027714835541325,-51.1328657907635,""
"Jardim Leopoldina//home_0",-30.01615541519899,-51.118812032420976,""
"Jardim Leopoldina//work_0",-30.017872877315053,-51.117616868886735,""
"Jardim Leopoldina//school_0",-30.016600467482878,-51.11681289348428,""
"Jardim Leopoldina//home_1",-30.018463202073168,-51.11731693063116,""
"Jardim Leopoldina//work_1",-30.019533229705683,-51.117160855475234,""
"Jardim Leopoldina//school_1",-30.018326898539225,-51.11690092236174,""
"Jardim Leopoldina//home_2",-30.015570007732734,-51.11893935177558,""
"Jardim Leopoldina//work_2",-30.01597123085509,-51.1169159901863,""
"Jardim Leopoldina//school_2",-30.015087836918553,-51.118772506430005,""
"Jardim Leopoldina//home_3",-30.01653059153767,-51.11625403274531,""
"Jardim Leopoldina//work_3",-30.016436403805063,-51.11523551602094,""
"Jardim Leopoldina//school_3",-30.01565504062476,-51.1145698429637,""
"Jardim Leopoldina//home_4",-30.01690747028091,-51.1152772694498,""
"Jardim Leopoldina//work_4",-30.017348944800645,-51.11508828958482,""
"Jardim Leopoldina//school_4",-30.016902812545236,-51.115300532331226,""
"Jardim Leopoldina//home_5",-30.016476016833426,-51.11457971576192,""
"Jardim Leopoldina//work_5",-30.016356678537566,-51.11422894480273,""
"Jardim Leopoldina//school_5",-30.015825766084298,-51.11401210494077,""
"Jardim Leopoldina//home_6",-30.017640545197175,-51.11470480860054,""
"Jardim Leopoldina//work_6",-30.017600909604848,-51.1149425965345,""
"Jardim Leopoldina//school_6",-30.01726968430311,-51.11597825832862,""
"Jardim Leopoldina//home_7",-30.017852454759,-51.113620118717826,""
"Jardim Leopoldina//work_7",-30.017717319281605,-51.11299270405621,""
"Jardim Leopoldina//school_7",-30.017383390295016,-51.11388402734713,""
"Jardim Leopoldina//home_8",-30.018087562073905,-51.112546722104035,""
"Jardim Leopoldina//work_8",-30.01790584780121,-51.11213184822977,""
"Jardim Leopoldina//school_8",-30.017678493427606,-51.112391452501925,""
"Jardim Leopoldina//home_9",-30.016706005453763,-51.11357998092078,""
"Jardim Leopoldina//work_9",-30.016404267036734,-51.11377304280638,""
"Jardim Leopoldina//school_9",-30.017006539654254,-51.11275023140487,""
"Jardim Leopoldina//home_10",-30.01654557386136,-51.11327519379576,""
"Jardim Leopoldina//work_10",-30.01667902081449,-51.11328910246026,""
"Jardim Leopoldina//school_10",-30.016557487871705,-51.11277542701105,""
"Jardim Leopoldina//home_11",-30.016063718536767,-51.11373791102601,""
"Jardim Leopoldina//work_11",-30.01619919791564,-51.11283240747316,""
"Jardim Leopoldina//school_11",-30.016278432364665,-51.112402573958434,""
"Jardim Leopoldina//home_12",-30.015653657744807,-51.112207547123504,""
"Jardim Leopoldina//work_12",-30.015884346249056,-51.11253607334023,""
"Jardim Leopoldina//school_12",-30.015847419236405,-51.113195872259,""
"Jardim Leopoldina//home_13",-30.01620141665258,-51.10979590227791,""
"Jardim Leopoldina//work_13",-30.015328188501357,-51.111771336114884,""
"Jardim Leopoldina//school_13",-30.015761444689577,-51.111243440329304,""
"Jardim Leopoldina//home_14",-30.016463973841546,-51.110495758450654,""
"Jardim Leopoldina//work_14",-30.016471278605938,-51.10972430380606,""
"Jardim Leopoldina//school_14",-30.016483827258597,-51.109816197757304,""
"Jardim Leopoldina//home_15",-30.016651256373393,-51.10950329462256,""
"Jardim Leopoldina//work_15",-30.017031678058927,-51.10975298425112,""
"Jardim Leopoldina//school_15",-30.016701225508072,-51.11013741153453,""
"Jardim Leopoldina//home_16",-30.016621261433347,-51.11161444604873,""
"Jardim Leopoldina//work_16",-30.017003926990665,-51.11178619928769,""
"Jardim Leopoldina//school_16",-30.016871510131917,-51.11114471152788,""
"Jardim Leopoldina//home_17",-30.016409712411765,-51.108148522859544,""
"Jardim Leopoldina//work_17",-30.016769063790257,-51.109002385399336,""
"Jardim Leopoldina//school_17",-30.0172539880973,-51.108233470394154,""
"Jardim Leopoldina//home_18",-30.01820280505845,-51.10789464903078,""
"Jardim Leopoldina//work_18",-30.019497681319013,-51.10785138465489,""
"Jardim Leopoldina//school_18",-30.019261116722692,-51.107664541939634,""
"Jardim Leopoldina//home_19",-30.01786478009018,-51.10941839602979,""
"Jardim Leopoldina//work_19",-30.018085076085143,-51.108423664757126,""
"Jardim Leopoldina//school_19",-30.017880054057706,-51.108529562313585,""
"Jardim Leopoldina//home_20",-30.01878169288151,-51.10888068400803,""
"Jardim Leopoldina//work_20",-30.01823372546201,-51.10826427366099,""
"Jardim Leopoldina//school_20",-30.01863841328462,-51.10805177363576,""
"Jardim Leopoldina//home_21",-30.01903578477858,-51.108550610796634,""
"Jardim Leopoldina//work_21",-30.019092568263883,-51.10808818216654,""
"Jardim Leopoldina//school_21",-30.0191853859678,-51.10940452189569,""
"Jardim Leopoldina//home_22",-30.020118815007894,-51.10969014159035,""
"Jardim Leopoldina//work_22",-30.019934804626995,-51.10883561977983,""
"Jardim Leopoldina//school_22",-30.020174604189705,-51.10836609583203,""
"Jardim Leopoldina//home_23",-30.020835760000228,-51.10908001207788,""
"Jardim Leopoldina//work_23",-30.020564675712194,-51.10887328169081,""
"Jardim Leopoldina//school_23",-30.020620459088807,-51.10875250588454,""
"Jardim Leopoldina//home_24",-30.021546082343804,-51.10834454367337,""
"Jardim Leopoldina//work_24",-30.021271957974406,-51.10848298062633,""
"Jardim Leopoldina//school_24",-30.021342957407114,-51.10934717522432,""
"Jardim Leopoldina//home_25",-30.024953905027417,-51.10808782082483,""
"Jardim Leopoldina//work_25",-30.021266493396958,-51.10820874229401,""
"Jardim Leopoldina//school_25",-30.021086885852274,-51.10816315163467,""
"Jardim Leopoldina//home_26",-30.02573212831307,-51.10894903812655,""
"Jardim Leopoldina//work_26",-30.022918383545584,-51.10980590921843,""
"Jardim Leopoldina//school_26",-30.023020621358103,-51.109411885073456,""
"Jardim Leopoldina//home_27",-30.023349230785758,-51.110155400852776,""
"Jardim Leopoldina//work_27",-30.02315797979086,-51.11216579198454,""
"Jardim Leopoldina//school_27",-30.021735410650486,-51.11177439463374,""
"Jardim Leopoldina//home_28",-30.021620492123887,-51.110244979766,""
"Jardim Leopoldina//work_28",-30.020793454687247,-51.112723839792345,""
"Jardim Leopoldina//school_28",-30.02065283141374,-51.11198535114639,""
"Jardim Leopoldina//home_29",-30.02238204815707,-51.114443934933924,""
"Jardim Leopoldina//work_29",-30.021043933062938,-51.116428545749955,""
"Jardim Leopoldina//school_29",-30.02213385800106,-51.11415167666088,""
"Jardim Leopoldina//home_30",-30.025593747313916,-51.1187542540811,""
"Jardim Leopoldina//work_30",-30.024531856059394,-51.11517415633864,""
"Jardim Leopoldina//school_30",-30.025779211889358,-51.11408229080826,""
"Jardim Leopoldina//home_31",-30.021914438803552,-51.11899728677847,""
"Jardim Leopoldina//work_31",-30.02124128243992,-51.1179459731655,""
"Jardim Leopoldina//school_31",-30.02263163109006,-51.11877360326785,""
"Jardim Leopoldina//home_32",-30.01935597906255,-51.11594913322303,""
"Jardim Leopoldina//work_32",-30.0193156005379,-51.116003357446985,""
"Jardim Leopoldina//school_32",-30.019330182418045,-51.115737729619774,""
"Jardim Leopoldina//home_33",-30.0215298179207,-51.11433003604056,""
"Jardim Leopoldina//work_33",-30.020796644738834,-51.114099666208716,""
"Jardim Leopoldina//school_33",-30.02153431159037,-51.11415695813507,""
"Jardim Leopoldina//home_34",-30.019479745449782,-51.11075298242591,""
"Jardim Leopoldina//work_34",-30.020628818057883,-51.111549436284484,""
"Jardim Leopoldina//school_34",-30.020777596616142,-51.1104285456193,""
"Jardim Leopoldina//home_35",-30.019864820565505,-51.11341715842554,""
"Jardim Leopoldina//work_35",-30.019952425684888,-51.11401553482944,""
"Jardim Leopoldina//school_35",-30.01962332698306,-51.11302063347363,""
"Jardim Lindóia//home_0",-30.00016147273414,-51.1542269595361,""
"Jardim Lindóia//work_0",-30.000962618039974,-51.1546790173223,""
"Jardim Lindóia//school_0",-30.002109952455402,-51.15476733381766,""
"Jardim Lindóia//home_1",-29.9991900322101,-51.153974490323094,""
"Jardim Lindóia//work_1",-29.99855404194641,-51.153302587837615,""
"Jardim Lindóia//school_1",-29.99965522623739,-51.153409350775746,""
"Jardim Lindóia//home_2",-30.000635450345875,-51.15045868440944,""
"Jardim Lindóia//work_2",-29.999985492036704,-51.15132005604046,""
"Jardim Lindóia//school_2",-30.00087612343809,-51.150882815296775,""
"Jardim Lindóia//home_3",-29.99934934612493,-51.15018707778433,""
"Jardim Lindóia//work_3",-29.999320442059155,-51.150256215754744,""
"Jardim Lindóia//school_3",-29.99960719035923,-51.14997616673551,""
"Jardim Lindóia//home_4",-30.002674935585986,-51.151424221228666,""
"Jardim Lindóia//work_4",-30.004316564602966,-51.14946122471429,""
"Jardim Lindóia//school_4",-30.002669356324386,-51.150196784675074,""
"Jardim Lindóia//home_5",-30.002763906892504,-51.15333507947915,""
"Jardim Lindóia//work_5",-30.00597733782333,-51.15337346037205,""
"Jardim Lindóia//school_5",-30.002353385926583,-51.15332024586921,""
"Jardim Lindóia//home_6",-30.008085034944948,-51.151405523312164,""
"Jardim Lindóia//work_6",-30.009976564267713,-51.1537780561903,""
"Jardim Lindóia//school_6",-30.006497808327094,-51.15151005327621,""
"Jardim Lindóia//home_7",-30.00971473744834,-51.15186925001836,""
"Jardim Lindóia//work_7",-30.008986039067274,-51.1513136981374,""
"Jardim Lindóia//school_7",-30.008624568147138,-51.15171383819139,""
"Jardim Lindóia//home_8",-30.00655881543458,-51.15065788130689,""
"Jardim Lindóia//work_8",-30.006983278778897,-51.14993857817039,""
"Jardim Lindóia//school_8",-30.007056831620528,-51.1499288701369,""
"Jardim Lindóia//home_9",-30.009818194977285,-51.14974886424613,""
"Jardim Lindóia//work_9",-30.008570720022025,-51.1495937339849,""
"Jardim Lindóia//school_9",-30.00920284189446,-51.14990749929347,""
"Jardim Lindóia//home_10",-29.99885647961114,-51.14912362467324,""
"Jardim Lindóia//work_10",-29.998832811603286,-51.14801183299682,""
"Jardim Lindóia//school_10",-29.999004619302454,-51.148992522059174,""
"Jardim Lindóia//home_11",-30.007883576019395,-51.153984129607316,""
"Jardim Lindóia//work_11",-30.007442024556994,-51.15378729063933,""
"Jardim Lindóia//school_11",-30.00789917444493,-51.15388264806131,""
"Jardim Lindóia//home_12",-30.004740097788574,-51.154296190381466,""
"Jardim Lindóia//work_12",-30.00350750726698,-51.15425781483418,""
"Jardim Lindóia//school_12",-30.004026369332685,-51.15418309948743,""
"Jardim Lindóia//home_13",-30.00096325435974,-51.14807032297513,""
"Jardim Lindóia//work_13",-30.000683903895847,-51.14770937831141,""
"Jardim Lindóia//school_13",-30.00172706037877,-51.14806501490304,""
"Jardim Lindóia//home_14",-30.004254695803187,-51.148453618897484,""
"Jardim Lindóia//work_14",-30.002510359862406,-51.14880249430604,""
"Jardim Lindóia//school_14",-30.003075782868407,-51.147650795311044,""
"Jardim Sabará//home_0",-30.03010849609397,-51.13863039141345,""
"Jardim Sabará//work_0",-30.030930528848213,-51.134417662444655,""
"Jardim Sabará//school_0",-30.031654112362006,-51.13488812671549,""
"Jardim Sabará//home_1",-30.031207998313263,-51.13852028319362,""
"Jardim Sabará//work_1",-30.031518896304835,-51.139339964200666,""
"Jardim Sabará//school_1",-30.031162158098656,-51.1396908992509,""
"Jardim Sabará//home_2",-30.027571759173423,-51.140762060251426,""
"Jardim Sabará//work_2",-30.02831655053566,-51.14171808432858,""
"Jardim Sabará//school_2",-30.028468023036694,-51.141255988083586,""
"Jardim Sabará//home_3",-30.02921004863349,-51.143523429802734,""
"Jardim Sabará//work_3",-30.029876744662676,-51.146447623964036,""
"Jardim Sabará//school_3",-30.028306728522413,-51.14379340236976,""
"Jardim Sabará//home_4",-30.03015617337398,-51.14623734000054,""
"Jardim Sabará//work_4",-30.03063508537706,-51.143292994361616,""
"Jardim Sabará//school_4",-30.031041653906534,-51.143701424065334,""
"Jardim Sabará//home_5",-30.033661102389708,-51.14465519774138,""
"Jardim Sabará//work_5",-30.03247216553839,-51.147130502132256,""
"Jardim Sabará//school_5",-30.03385365179828,-51.14415634510218,""
"Jardim Sabará//home_6",-30.036133902738108,-51.14426642079568,""
"Jardim Sabará//work_6",-30.034243937769407,-51.14557084212443,""
"Jardim Sabará//school_6",-30.035445284560833,-51.144128904121864,""
"Jardim Sabará//home_7",-30.03227166730427,-51.138037260745996,""
"Jardim Sabará//work_7",-30.032067351158148,-51.14026455533887,""
"Jardim Sabará//school_7",-30.033808651940497,-51.13854691939887,""
"Jardim Sabará//home_8",-30.0426836082489,-51.13760474740642,""
"Jardim Sabará//work_8",-30.03566765440708,-51.14059260337622,""
"Jardim Sabará//school_8",-30.04099188514248,-51.13906112957359,""
"Jardim Sabará//home_9",-30.03765996698762,-51.13652601448895,""
"Jardim Sabará//work_9",-30.0378304158127,-51.13617525346967,""
"Jardim Sabará//school_9",-30.038419954162546,-51.13741023128374,""
"Jardim Sabará//home_10",-30.038874532939523,-51.13677070557389,""
"Jardim Sabará//work_10",-30.038840339168942,-51.13751857851108,""
"Jardim Sabará//school_10",-30.039385266123116,-51.137125845382364,""
"Jardim Sabará//home_11",-30.038710375995713,-51.14107845032351,""
"Jardim Sabará//work_11",-30.038352146861328,-51.14124994859355,""
"Jardim Sabará//school_11",-30.039371865048167,-51.1405651965678,""
"Jardim Sabará//home_12",-30.038424857643367,-51.14281371553625,""
"Jardim Sabará//work_12",-30.040034949910265,-51.14270234903543,""
"Jardim Sabará//school_12",-30.03863870297918,-51.14258210389479,""
"Jardim Sabará//home_13",-30.0380472729684,-51.14510187661546,""
"Jardim Sabará//work_13",-30.03751530465232,-51.144686001418606,""
"Jardim Sabará//school_13",-30.03754788454484,-51.14462896749015,""
"Jardim Sabará//home_14",-30.03977695499426,-51.14507855591389,""
"Jardim Sabará//work_14",-30.03928608872681,-51.14467140715107,""
"Jardim Sabará//school_14",-30.039290711571716,-51.14474789093281,""
"Jardim Sabará//home_15",-30.03994926753133,-51.14501055991605,""
"Jardim Sabará//work_15",-30.040473827183263,-51.14394007463168,""
"Jardim Sabará//school_15",-30.04002831975592,-51.14503236984692,""
"Jardim Sabará//home_16",-30.04215990337829,-51.14390359053047,""
"Jardim Sabará//work_16",-30.04163099339389,-51.14306768409086,""
"Jardim Sabará//school_16",-30.04292695411275,-51.14441598235584,""
"Jardim Sabará//home_17",-30.04245474178652,-51.144571189741775,""
"Jardim Sabará//work_17",-30.041963666312398,-51.145152431837815,""
"Jardim Sabará//school_17",-30.040968967443753,-51.14500883393692,""
"Jardim Sabará//home_18",-30.042027401312595,-51.145764654920505,""
"Jardim Sabará//work_18",-30.042111885478135,-51.14524089293306,""
"Jardim Sabará//school_18",-30.042010971857746,-51.14541781529469,""
"Jardim Sabará//home_19",-30.038498925195018,-51.14639286548793,""
"Jardim Sabará//work_19",-30.04116918376279,-51.14876055491893,""
"Jardim Sabará//school_19",-30.03943911991257,-51.146757429472984,""
"Jardim Sabará//home_20",-30.033851153773465,-51.14345602884507,""
"Jardim Sabará//work_20",-30.03353273236665,-51.14318671917459,""
"Jardim Sabará//school_20",-30.033073464455512,-51.142848476923646,""
"Jardim Sabará//home_21",-30.027858773944818,-51.14715910221636,""
"Jardim Sabará//work_21",-30.028052857076815,-51.14592700639494,""
"Jardim Sabará//school_21",-30.028300255065698,-51.14531431265662,""
"Jardim Sabará//home_22",-30.035024535016365,-51.14814076931707,""
"Jardim Sabará//work_22",-30.036858579957677,-51.14546853815883,""
"Jardim Sabará//school_22",-30.03610672050531,-51.14609502154571,""
"Jardim Sabará//home_23",-30.035713811481596,-51.14630656376597,""
"Jardim Sabará//work_23",-30.0362254084848,-51.147392665802684,""
"Jardim Sabará//school_23",-30.03632978504083,-51.1466290946262,""
"Jardim São Pedro//home_0",-30.002572183606205,-51.16753232881973,""
"Jardim São Pedro//work_0",-30.000154140699877,-51.16783293338206,""
"Jardim São Pedro//school_0",-30.0013014797186,-51.17096421431392,""
"Jardim São Pedro//home_1",-30.004669750036992,-51.16766045075648,""
"Jardim São Pedro//work_1",-30.004533851944327,-51.16542243840231,""
"Jardim São Pedro//school_1",-30.005510678861633,-51.16563772711025,""
"Jardim São Pedro//home_2",-30.00273916605721,-51.164974100617,""
"Jardim São Pedro//work_2",-30.002200455033698,-51.16424771098589,""
"Jardim São Pedro//school_2",-30.00527761953457,-51.16366854834732,""
"Jardim São Pedro//home_3",-30.005994374862546,-51.16464134649153,""
"Jardim São Pedro//work_3",-30.007892089558414,-51.162916078719704,""
"Jardim São Pedro//school_3",-30.007664004353828,-51.16568317369802,""
"Jardim São Pedro//home_4",-30.008605227919123,-51.16440680275304,""
"Jardim São Pedro//work_4",-30.007416971993703,-51.16609991535654,""
"Jardim São Pedro//school_4",-30.008743859920052,-51.163726516806136,""
"Jardim São Pedro//home_5",-30.009590977279547,-51.16424167579502,""
"Jardim São Pedro//work_5",-30.00939465633946,-51.16466596412487,""
"Jardim São Pedro//school_5",-30.00952063350737,-51.16448385826559,""
"Jardim São Pedro//home_6",-30.011385981627154,-51.16573201242003,""
"Jardim São Pedro//work_6",-30.010809213030882,-51.16264130582324,""
"Jardim São Pedro//school_6",-30.010431079268532,-51.164794651281724,""
"Lageado//home_0",-30.18432894075019,-51.13300478290722,""
"Lageado//work_0",-30.186778098984348,-51.131434878335895,""
"Lageado//school_0",-30.18488758817426,-51.1364868992839,""
"Lageado//home_1",-30.190061891201825,-51.09615576457226,""
"Lageado//work_1",-30.199126040461486,-51.10901551317414,""
"Lageado//school_1",-30.192566987805762,-51.116779322449716,""
"Lageado//home_2",-30.20277613661066,-51.135744083280244,""
"Lageado//work_2",-30.202963987572417,-51.13688137181395,""
"Lageado//school_2",-30.203647890265586,-51.13812967099,""
"Lageado//home_3",-30.207521078957246,-51.14609120801412,""
"Lageado//work_3",-30.20831465845984,-51.15548355837656,""
"Lageado//school_3",-30.208218683228356,-51.1587793268462,""
"Lageado//home_4",-30.205657552977407,-51.15159952717122,""
"Lageado//work_4",-30.20363900639758,-51.159474525214,""
"Lageado//school_4",-30.197465475637483,-51.13965518076298,""
"Lageado//home_5",-30.18973844475933,-51.14329718402852,""
"Lageado//work_5",-30.191880167535782,-51.14532591716722,""
"Lageado//school_5",-30.189207400263456,-51.13722262440782,""
"Lageado//home_6",-30.195711683570263,-51.12903986666919,""
"Lageado//work_6",-30.202259568872943,-51.1355967571979,""
"Lageado//school_6",-30.19677979487637,-51.13035932613405,""
"Lageado//home_7",-30.174883666471,-51.128602349729455,""
"Lageado//work_7",-30.176080839002225,-51.13419477057062,""
"Lageado//school_7",-30.17521304654208,-51.13421797365505,""
"Lageado//home_8",-30.17165672248333,-51.10037119835848,""
"Lageado//work_8",-30.170560741628197,-51.11168381340215,""
"Lageado//school_8",-30.183437411303004,-51.117175554249606,""
"Lami//home_0",-30.24239382877083,-51.11588588386102,""
"Lami//work_0",-30.236187650695744,-51.114053635641916,""
"Lami//school_0",-30.230295775725224,-51.112307203090914,""
"Lami//home_1",-30.238639766127214,-51.090812764562365,""
"Lami//work_1",-30.239091092197782,-51.09180477389834,""
"Lami//school_1",-30.238646055875265,-51.09192776465438,""
"Lami//home_2",-30.24262441532668,-51.080248767558345,""
"Lami//work_2",-30.242357721191784,-51.08127353040069,""
"Lami//school_2",-30.24099363833577,-51.08610709186114,""
"Lami//home_3",-30.228303869848865,-51.08598775532642,""
"Lami//work_3",-30.224488590943434,-51.08351780707034,""
"Lami//school_3",-30.226576040187723,-51.07909227484489,""
"Lami//home_4",-30.237146269422432,-51.0851443506799,""
"Lami//work_4",-30.236059374499366,-51.08555359791827,""
"Lami//school_4",-30.23826636237566,-51.08495969030652,""
"Lami//home_5",-30.217141636744728,-51.08978271469097,""
"Lami//work_5",-30.213314179071745,-51.088155459106346,""
"Lami//school_5",-30.213852962458024,-51.09519445781854,""
"Lami//home_6",-30.23530142744512,-51.09115013463904,""
"Lami//work_6",-30.235137184494654,-51.09170845416209,""
"Lami//school_6",-30.23574839362106,-51.09263984605366,""
"Lami//home_7",-30.229688836440243,-51.09636380089515,""
"Lami//work_7",-30.22497589294264,-51.095455094172145,""
"Lami//school_7",-30.232451273017507,-51.095790129916054,""
"Lami//home_8",-30.253892511920014,-51.060439581945005,""
"Lami//work_8",-30.253573106568453,-51.05777390542876,""
"Lami//school_8",-30.243905723057807,-51.06891958413339,""
"Lami//home_9",-30.239853587092593,-51.0817415201986,""
"Lami//work_9",-30.233537070764143,-51.06742672967274,""
"Lami//school_9",-30.233531372525484,-51.071768952539976,""
"Lami//home_10",-30.23670737540572,-51.10030773178817,""
"Lami//work_10",-30.256087775346366,-51.10156189735052,""
"Lami//school_10",-30.232320105158596,-51.1014777615687,""
"Lami//home_11",-30.213831081223365,-51.10117429045612,""
"Lami//work_11",-30.21277512606587,-51.09702459039321,""
"Lami//school_11",-30.210334554625298,-51.09442639019545,""
"Lomba do Pinheiro//home_0",-30.07703346428077,-51.12749659138977,""
"Lomba do Pinheiro//work_0",-30.078037420307105,-51.12292152537801,""
"Lomba do Pinheiro//school_0",-30.08226869693713,-51.121311079379446,""
"Lomba do Pinheiro//home_1",-30.08169312320082,-51.11516779338782,""
"Lomba do Pinheiro//work_1",-30.081598655531174,-51.114457487269064,""
"Lomba do Pinheiro//school_1",-30.083382642807027,-51.117079252003585,""
"Lomba do Pinheiro//home_2",-30.087800606385578,-51.11775645988358,""
"Lomba do Pinheiro//work_2",-30.083496318134586,-51.11672538914723,""
"Lomba do Pinheiro//school_2",-30.083693680121982,-51.12026577798628,""
"Lomba do Pinheiro//home_3",-30.085902016044535,-51.11435809870745,""
"Lomba do Pinheiro//work_3",-30.091092654618368,-51.12120026848899,""
"Lomba do Pinheiro//school_3",-30.088305808516186,-51.118140641344766,""
"Lomba do Pinheiro//home_4",-30.08817599195755,-51.12248270028465,""
"Lomba do Pinheiro//work_4",-30.089503126825665,-51.12413218705775,""
"Lomba do Pinheiro//school_4",-30.088930332714323,-51.12309202410815,""
"Lomba do Pinheiro//home_5",-30.08993056381321,-51.12565451847943,""
"Lomba do Pinheiro//work_5",-30.0906574884858,-51.12506569915337,""
"Lomba do Pinheiro//school_5",-30.08847339220651,-51.126161330502754,""
"Lomba do Pinheiro//home_6",-30.087777501847864,-51.12435838107679,""
"Lomba do Pinheiro//work_6",-30.088281261452916,-51.12369870128695,""
"Lomba do Pinheiro//school_6",-30.087754388532698,-51.12306924411977,""
"Lomba do Pinheiro//home_7",-30.089791782881584,-51.12827810988161,""
"Lomba do Pinheiro//work_7",-30.088532685899875,-51.127440318942746,""
"Lomba do Pinheiro//school_7",-30.08901869506484,-51.13142982586297,""
"Lomba do Pinheiro//home_8",-30.08570244694782,-51.12473238280749,""
"Lomba do Pinheiro//work_8",-30.082951449026055,-51.12375422154045,""
"Lomba do Pinheiro//school_8",-30.082010842706687,-51.12487219651424,""
"Lomba do Pinheiro//home_9",-30.082940202057507,-51.131578791055524,""
"Lomba do Pinheiro//work_9",-30.084764709013793,-51.12913413204426,""
"Lomba do Pinheiro//school_9",-30.08548184774566,-51.12706631997962,""
"Lomba do Pinheiro//home_10",-30.079487447669354,-51.13060563059772,""
"Lomba do Pinheiro//work_10",-30.078682854020542,-51.127511772726876,""
"Lomba do Pinheiro//school_10",-30.08122559848461,-51.1300788092291,""
"Lomba do Pinheiro//home_11",-30.088450671000906,-51.14212413783584,""
"Lomba do Pinheiro//work_11",-30.086861472735,-51.137374839296974,""
"Lomba do Pinheiro//school_11",-30.091470249917307,-51.14071075716827,""
"Lomba do Pinheiro//home_12",-30.09464101062706,-51.152165606944465,""
"Lomba do Pinheiro//work_12",-30.09811951299499,-51.146478740208735,""
"Lomba do Pinheiro//school_12",-30.10231745206822,-51.1477036774118,""
"Lomba do Pinheiro//home_13",-30.099761726475645,-51.1428991959888,""
"Lomba do Pinheiro//work_13",-30.099675491448266,-51.14438988102426,""
"Lomba do Pinheiro//school_13",-30.09596567497896,-51.14172281891109,""
"Lomba do Pinheiro//home_14",-30.094642000820876,-51.136750120817865,""
"Lomba do Pinheiro//work_14",-30.094896073216347,-51.13495105008092,""
"Lomba do Pinheiro//school_14",-30.097566442804926,-51.14106476004386,""
"Lomba do Pinheiro//home_15",-30.09303537114187,-51.13297999677948,""
"Lomba do Pinheiro//work_15",-30.094577985163507,-51.13317525283138,""
"Lomba do Pinheiro//school_15",-30.09312079446887,-51.13324030362793,""
"Lomba do Pinheiro//home_16",-30.09674699396425,-51.13438796597397,""
"Lomba do Pinheiro//work_16",-30.096092817367353,-51.13352185775848,""
"Lomba do Pinheiro//school_16",-30.09539463479785,-51.13400718397308,""
"Lomba do Pinheiro//home_17",-30.098705742761876,-51.130044310155036,""
"Lomba do Pinheiro//work_17",-30.09831554834159,-51.13180716532209,""
"Lomba do Pinheiro//school_17",-30.099130589763746,-51.128824972893206,""
"Lomba do Pinheiro//home_18",-30.09729032620747,-51.13468446867175,""
"Lomba do Pinheiro//work_18",-30.099502779595912,-51.13532993483493,""
"Lomba do Pinheiro//school_18",-30.098419962254454,-51.134411464393914,""
"Lomba do Pinheiro//home_19",-30.098811435733218,-51.13589896259079,""
"Lomba do Pinheiro//work_19",-30.09844206764545,-51.136326070426584,""
"Lomba do Pinheiro//school_19",-30.097566334893667,-51.13564037773842,""
"Lomba do Pinheiro//home_20",-30.10411269549545,-51.1344219629244,""
"Lomba do Pinheiro//work_20",-30.099528846901716,-51.13549797396709,""
"Lomba do Pinheiro//school_20",-30.10474774084615,-51.134587640962835,""
"Lomba do Pinheiro//home_21",-30.10490788441951,-51.143291485191256,""
"Lomba do Pinheiro//work_21",-30.103606318244946,-51.141145202215206,""
"Lomba do Pinheiro//school_21",-30.102278178787497,-51.14030020789002,""
"Lomba do Pinheiro//home_22",-30.111788079309406,-51.14172203615747,""
"Lomba do Pinheiro//work_22",-30.10503562652081,-51.140690013378304,""
"Lomba do Pinheiro//school_22",-30.106809911618974,-51.14010701323028,""
"Lomba do Pinheiro//home_23",-30.10682815944606,-51.131105961047005,""
"Lomba do Pinheiro//work_23",-30.108010513693735,-51.1290989238598,""
"Lomba do Pinheiro//school_23",-30.106755696336396,-51.13153551944894,""
"Lomba do Pinheiro//home_24",-30.09086012321131,-51.1152894881486,""
"Lomba do Pinheiro//work_24",-30.096253589614214,-51.11731494469777,""
"Lomba do Pinheiro//school_24",-30.092211892483153,-51.1165550743793,""
"Lomba do Pinheiro//home_25",-30.104008990291664,-51.119095517791614,""
"Lomba do Pinheiro//work_25",-30.10082483114706,-51.121058191378864,""
"Lomba do Pinheiro//school_25",-30.101633096516018,-51.120296715546885,""
"Lomba do Pinheiro//home_26",-30.103673286795036,-51.11629015082791,""
"Lomba do Pinheiro//work_26",-30.104128880287284,-51.116126164567824,""
"Lomba do Pinheiro//school_26",-30.103806553379975,-51.117573639247375,""
"Lomba do Pinheiro//home_27",-30.10627542901985,-51.118734399150945,""
"Lomba do Pinheiro//work_27",-30.109554742884225,-51.12298584547587,""
"Lomba do Pinheiro//school_27",-30.10811702450897,-51.12137757147489,""
"Lomba do Pinheiro//home_28",-30.105338089330086,-51.1124099419707,""
"Lomba do Pinheiro//work_28",-30.107153769005645,-51.112871597352544,""
"Lomba do Pinheiro//school_28",-30.106621979185316,-51.11240108767293,""
"Lomba do Pinheiro//home_29",-30.11076399317765,-51.11464538797378,""
"Lomba do Pinheiro//work_29",-30.10973289326762,-51.11221508126253,""
"Lomba do Pinheiro//school_29",-30.112563541658982,-51.1166265658248,""
"Lomba do Pinheiro//home_30",-30.11048075876914,-51.107767523416314,""
"Lomba do Pinheiro//work_30",-30.109205243782128,-51.106916441246,""
"Lomba do Pinheiro//school_30",-30.106442535437605,-51.11018084226113,""
"Lomba do Pinheiro//home_31",-30.10588677103069,-51.10758281305603,""
"Lomba do Pinheiro//work_31",-30.106257618463516,-51.11075274733618,""
"Lomba do Pinheiro//school_31",-30.106164143162033,-51.10753542730572,""
"Lomba do Pinheiro//home_32",-30.10873185735351,-51.10613409846289,""
"Lomba do Pinheiro//work_32",-30.108533226900764,-51.10706750790377,""
"Lomba do Pinheiro//school_32",-30.108618338261305,-51.106118147376144,""
"Lomba do Pinheiro//home_33",-30.109317252054073,-51.10610610366791,""
"Lomba do Pinheiro//work_33",-30.110301361199184,-51.10575101921939,""
"Lomba do Pinheiro//school_33",-30.108394449787966,-51.103616256116595,""
"Lomba do Pinheiro//home_34",-30.112185264387694,-51.10521331777704,""
"Lomba do Pinheiro//work_34",-30.112237040150024,-51.105536414743625,""
"Lomba do Pinheiro//school_34",-30.11471256454537,-51.10737658356924,""
"Lomba do Pinheiro//home_35",-30.113612367415048,-51.10423168886967,""
"Lomba do Pinheiro//work_35",-30.11216851030939,-51.10272548339759,""
"Lomba do Pinheiro//school_35",-30.11395701973772,-51.10316784384134,""
"Lomba do Pinheiro//home_36",-30.111160562073785,-51.10126875950215,""
"Lomba do Pinheiro//work_36",-30.113790202894908,-51.10099608564219,""
"Lomba do Pinheiro//school_36",-30.110503122911833,-51.10192317105281,""
"Lomba do Pinheiro//home_37",-30.115763148244014,-51.10599302479878,""
"Lomba do Pinheiro//work_37",-30.116406507480715,-51.10536728132324,""
"Lomba do Pinheiro//school_37",-30.11542815425134,-51.103850670405286,""
"Lomba do Pinheiro//home_38",-30.121971874909747,-51.10916098657568,""
"Lomba do Pinheiro//work_38",-30.125923011243593,-51.105673636218874,""
"Lomba do Pinheiro//school_38",-30.119275560963434,-51.10973842424944,""
"Lomba do Pinheiro//home_39",-30.119581654899726,-51.10742171541555,""
"Lomba do Pinheiro//work_39",-30.119489564958844,-51.107420958782356,""
"Lomba do Pinheiro//school_39",-30.120242142958137,-51.105874409248365,""
"Lomba do Pinheiro//home_40",-30.116710134594395,-51.10539092917662,""
"Lomba do Pinheiro//work_40",-30.117124175752767,-51.10213611230021,""
"Lomba do Pinheiro//school_40",-30.116951653989553,-51.105594169299415,""
"Lomba do Pinheiro//home_41",-30.11833071092588,-51.09847583579014,""
"Lomba do Pinheiro//work_41",-30.119298262038505,-51.09865174922331,""
"Lomba do Pinheiro//school_41",-30.11840138475938,-51.10077978986811,""
"Lomba do Pinheiro//home_42",-30.116666676095072,-51.10106518083295,""
"Lomba do Pinheiro//work_42",-30.1166839541402,-51.09951283951203,""
"Lomba do Pinheiro//school_42",-30.11626101633793,-51.09953467676023,""
"Lomba do Pinheiro//home_43",-30.117641714485494,-51.09671372742098,""
"Lomba do Pinheiro//work_43",-30.118884904114296,-51.097597865837294,""
"Lomba do Pinheiro//school_43",-30.11783187542078,-51.09790072954814,""
"Lomba do Pinheiro//home_44",-30.11989065861715,-51.09549400787738,""
"Lomba do Pinheiro//work_44",-30.119945585302123,-51.09704028204116,""
"Lomba do Pinheiro//school_44",-30.119545550216653,-51.09701676091309,""
"Lomba do Pinheiro//home_45",-30.125256840320993,-51.09866180681818,""
"Lomba do Pinheiro//work_45",-30.122450036868745,-51.09900941896934,""
"Lomba do Pinheiro//school_45",-30.121722225794414,-51.10007891964985,""
"Lomba do Pinheiro//home_46",-30.120217848777806,-51.09976071346594,""
"Lomba do Pinheiro//work_46",-30.119967901395913,-51.10157764239776,""
"Lomba do Pinheiro//school_46",-30.120614265194515,-51.099499518800734,""
"Lomba do Pinheiro//home_47",-30.122893030903793,-51.10418605935006,""
"Lomba do Pinheiro//work_47",-30.12321015324316,-51.1039756929985,""
"Lomba do Pinheiro//school_47",-30.12201567613107,-51.1043179003212,""
"Lomba do Pinheiro//home_48",-30.121749531493368,-51.10806533914937,""
"Lomba do Pinheiro//work_48",-30.12434377889382,-51.10734101199149,""
"Lomba do Pinheiro//school_48",-30.121360176115125,-51.10722245193288,""
"Lomba do Pinheiro//home_49",-30.129095370898,-51.10582823059235,""
"Lomba do Pinheiro//work_49",-30.129795671843834,-51.1084002574786,""
"Lomba do Pinheiro//school_49",-30.13228744148018,-51.09803931390186,""
"Lomba do Pinheiro//home_50",-30.1259053118434,-51.11136257398072,""
"Lomba do Pinheiro//work_50",-30.126759844618416,-51.110247329501995,""
"Lomba do Pinheiro//school_50",-30.125535476266332,-51.113426482749226,""
"Lomba do Pinheiro//home_51",-30.123901313292897,-51.10866364565289,""
"Lomba do Pinheiro//work_51",-30.12745456149015,-51.10739650337255,""
"Lomba do Pinheiro//school_51",-30.123123260114788,-51.10957895776846,""
"Lomba do Pinheiro//home_52",-30.12311827865789,-51.09786259590471,""
"Lomba do Pinheiro//work_52",-30.126616240141864,-51.09822845528083,""
"Lomba do Pinheiro//school_52",-30.1215525489101,-51.096052751762535,""
"Lomba do Pinheiro//home_53",-30.094552753046226,-51.129590808635754,""
"Lomba do Pinheiro//work_53",-30.094620823918635,-51.129887296059515,""
"Lomba do Pinheiro//school_53",-30.095519425589877,-51.13150209331774,""
"Lomba do Pinheiro//home_54",-30.100207802529003,-51.133485502581046,""
"Lomba do Pinheiro//work_54",-30.098799963439223,-51.133046441434644,""
"Lomba do Pinheiro//school_54",-30.099928201943115,-51.13321654963956,""
"Lomba do Pinheiro//home_55",-30.109233296830883,-51.141544378121075,""
"Lomba do Pinheiro//work_55",-30.108478049175478,-51.14183319089698,""
"Lomba do Pinheiro//school_55",-30.111421718317313,-51.14268824289044,""
"Lomba do Pinheiro//home_56",-30.099209368437627,-51.13765578640108,""
"Lomba do Pinheiro//work_56",-30.099686606742324,-51.13817941595406,""
"Lomba do Pinheiro//school_56",-30.099760864813163,-51.13751369153926,""
"Lomba do Pinheiro//home_57",-30.1169289587632,-51.108505629242636,""
"Lomba do Pinheiro//work_57",-30.116359131052683,-51.108327797874054,""
"Lomba do Pinheiro//school_57",-30.116935199708408,-51.10743706763943,""
"Lomba do Pinheiro//home_58",-30.119336120315474,-51.10505480688936,""
"Lomba do Pinheiro//work_58",-30.121234892372257,-51.10470740843101,""
"Lomba do Pinheiro//school_58",-30.1208528452927,-51.105108727342156,""
"Lomba do Pinheiro//home_59",-30.102767770462354,-51.13838158415179,""
"Lomba do Pinheiro//work_59",-30.101713449008848,-51.139684372017285,""
"Lomba do Pinheiro//school_59",-30.104262740002017,-51.13729658427225,""
"Lomba do Pinheiro//home_60",-30.08742576953062,-51.12004660729642,""
"Lomba do Pinheiro//work_60",-30.087608600248284,-51.11946543675317,""
"Lomba do Pinheiro//school_60",-30.087613118274678,-51.11882728708725,""
"Lomba do Pinheiro//home_61",-30.085111282292917,-51.130994347715976,""
"Lomba do Pinheiro//work_61",-30.08736664958633,-51.131165646790045,""
"Lomba do Pinheiro//school_61",-30.086556236639666,-51.12873976809886,""
"Lomba do Pinheiro//home_62",-30.086489328487932,-51.124909637286464,""
"Lomba do Pinheiro//work_62",-30.088420220064187,-51.12493741660691,""
"Lomba do Pinheiro//school_62",-30.087625789908135,-51.124842109989444,""
"Lomba do Pinheiro//home_63",-30.11140175455171,-51.11186661093256,""
"Lomba do Pinheiro//work_63",-30.11092209359077,-51.110602740792636,""
"Lomba do Pinheiro//school_63",-30.11029777938481,-51.111750415995076,""
"Lomba do Pinheiro//home_64",-30.12465744231536,-51.09953059295665,""
"Lomba do Pinheiro//work_64",-30.123062882607528,-51.10356713013091,""
"Lomba do Pinheiro//school_64",-30.125681202512002,-51.101287289020554,""
"Lomba do Pinheiro//home_65",-30.12442326090169,-51.10173985361276,""
"Lomba do Pinheiro//work_65",-30.123838883121195,-51.100288248991475,""
"Lomba do Pinheiro//school_65",-30.12437131067772,-51.1019967290278,""
"Lomba do Pinheiro//home_66",-30.116696959090785,-51.12950938372527,""
"Lomba do Pinheiro//work_66",-30.111674930994685,-51.138917034492415,""
"Lomba do Pinheiro//school_66",-30.114982419237045,-51.136081428532826,""
"Lomba do Pinheiro//home_67",-30.1043510478339,-51.12547097460268,""
"Lomba do Pinheiro//work_67",-30.10617596978787,-51.12548576823436,""
"Lomba do Pinheiro//school_67",-30.10359324814143,-51.12563189713567,""
"Lomba do Pinheiro//home_68",-30.105457784193117,-51.12361859824729,""
"Lomba do Pinheiro//work_68",-30.106472387163958,-51.123058491040155,""
"Lomba do Pinheiro//school_68",-30.105283915100856,-51.12242133771052,""
"Lomba do Pinheiro//home_69",-30.136244318475402,-51.09636503833226,""
"Lomba do Pinheiro//work_69",-30.13646232318242,-51.09648699578682,""
"Lomba do Pinheiro//school_69",-30.137151043901447,-51.09671840357944,""
"Lomba do Pinheiro//home_70",-30.1327150177962,-51.13644883787968,""
"Lomba do Pinheiro//work_70",-30.121611840042643,-51.14059643959546,""
"Lomba do Pinheiro//school_70",-30.123145577291115,-51.13156325851687,""
"Lomba do Pinheiro//home_71",-30.178007595993833,-51.07919327665043,""
"Lomba do Pinheiro//work_71",-30.168632457920666,-51.07781515208653,""
"Lomba do Pinheiro//school_71",-30.175740456127862,-51.078203241463626,""
"Lomba do Pinheiro//home_72",-30.094175004600963,-51.128045494556176,""
"Lomba do Pinheiro//work_72",-30.09407561010097,-51.12762044645699,""
"Lomba do Pinheiro//school_72",-30.094033260170658,-51.127342246235216,""
"Lomba do Pinheiro//home_73",-30.092861374901563,-51.12609166916858,""
"Lomba do Pinheiro//work_73",-30.092061382536503,-51.129058760586375,""
"Lomba do Pinheiro//school_73",-30.092977533065806,-51.12998384564765,""
"Lomba do Pinheiro//home_74",-30.142818418246563,-51.09115477572892,""
"Lomba do Pinheiro//work_74",-30.141927851896092,-51.09034363636427,""
"Lomba do Pinheiro//school_74",-30.142303880331244,-51.09188451978656,""
"Lomba do Pinheiro//home_75",-30.15271082280025,-51.09088895444946,""
"Lomba do Pinheiro//work_75",-30.142081225270367,-51.09391115600107,""
"Lomba do Pinheiro//school_75",-30.142641684059267,-51.09486402551217,""
"Lomba do Pinheiro//home_76",-30.135414893958032,-51.11754733975305,""
"Lomba do Pinheiro//work_76",-30.13048330045458,-51.121574162325054,""
"Lomba do Pinheiro//school_76",-30.13514956245135,-51.12337406281113,""
"Lomba do Pinheiro//home_77",-30.1143900261993,-51.11155479733518,""
"Lomba do Pinheiro//work_77",-30.113580314057465,-51.11162047735401,""
"Lomba do Pinheiro//school_77",-30.11233290368936,-51.111525485206656,""
"Lomba do Pinheiro//home_78",-30.11573992809615,-51.11011360765593,""
"Lomba do Pinheiro//work_78",-30.115044516206765,-51.11119281474567,""
"Lomba do Pinheiro//school_78",-30.115160828712504,-51.109459646416035,""
"Lomba do Pinheiro//home_79",-30.114845698842547,-51.11259636571259,""
"Lomba do Pinheiro//work_79",-30.116079660192142,-51.11267447673399,""
"Lomba do Pinheiro//school_79",-30.11648836526566,-51.11394248564793,""
"Lomba do Pinheiro//home_80",-30.116131859139415,-51.11190543586717,""
"Lomba do Pinheiro//work_80",-30.11735535019003,-51.110901825057255,""
"Lomba do Pinheiro//school_80",-30.11567731679279,-51.111164065905854,""
"Lomba do Pinheiro//home_81",-30.097038806037492,-51.12750210643324,""
"Lomba do Pinheiro//work_81",-30.097056801399425,-51.12977191139057,""
"Lomba do Pinheiro//school_81",-30.097025958900552,-51.13025784632664,""
"Lomba do Pinheiro//home_82",-30.09790308260298,-51.12786817596381,""
"Lomba do Pinheiro//work_82",-30.098352153041322,-51.12705091690365,""
"Lomba do Pinheiro//school_82",-30.09813683127452,-51.13046969799902,""
"Lomba do Pinheiro//home_83",-30.169416209272082,-51.081437122822095,""
"Lomba do Pinheiro//work_83",-30.175392369124953,-51.086103364610935,""
"Lomba do Pinheiro//school_83",-30.165418620477844,-51.08437606977499,""
"Lomba do Pinheiro//home_84",-30.076890076349347,-51.1353207629858,""
"Lomba do Pinheiro//work_84",-30.083931560240607,-51.13496384676378,""
"Lomba do Pinheiro//school_84",-30.076032450559392,-51.13535539524587,""
"Mário Quintana//home_0",-30.04221700329296,-51.10667052226241,""
"Mário Quintana//work_0",-30.041983097807755,-51.10624765038086,""
"Mário Quintana//school_0",-30.04255507453575,-51.10685743229518,""
"Mário Quintana//home_1",-30.043462043728336,-51.10596413997153,""
"Mário Quintana//work_1",-30.044986941742675,-51.10632130978961,""
"Mário Quintana//school_1",-30.044482593187055,-51.10613111034225,""
"Mário Quintana//home_2",-30.04732101217968,-51.10640261530768,""
"Mário Quintana//work_2",-30.046385831703486,-51.106943564434616,""
"Mário Quintana//school_2",-30.04599908993857,-51.107082905551806,""
"Mário Quintana//home_3",-30.026962461028024,-51.09913297740102,""
"Mário Quintana//work_3",-30.02636649855805,-51.09970202048973,""
"Mário Quintana//school_3",-30.02715517704398,-51.10110376018031,""
"Mário Quintana//home_4",-30.02663864675082,-51.10144663129408,""
"Mário Quintana//work_4",-30.026893085705495,-51.103414475609775,""
"Mário Quintana//school_4",-30.02660414939106,-51.102613948508406,""
"Mário Quintana//home_5",-30.022444593491432,-51.09549303828546,""
"Mário Quintana//work_5",-30.023523850508244,-51.09392513660825,""
"Mário Quintana//school_5",-30.022411239343505,-51.0943420324883,""
"Mário Quintana//home_6",-30.02919566201449,-51.11757635169661,""
"Mário Quintana//work_6",-30.029314664557777,-51.11701010067634,""
"Mário Quintana//school_6",-30.02970027390601,-51.116924278348876,""
"Mário Quintana//home_7",-30.02992814978959,-51.109879029336284,""
"Mário Quintana//work_7",-30.029853072096575,-51.11039933350462,""
"Mário Quintana//school_7",-30.027683951749147,-51.11048105233787,""
"Mário Quintana//home_8",-30.030764592628717,-51.10662910999743,""
"Mário Quintana//work_8",-30.030632512830394,-51.10856782697686,""
"Mário Quintana//school_8",-30.028839451134008,-51.107442658294644,""
"Mário Quintana//home_9",-30.02829801043011,-51.106415985996314,""
"Mário Quintana//work_9",-30.028901140937634,-51.10544897714161,""
"Mário Quintana//school_9",-30.028424589566654,-51.10641842688348,""
"Mário Quintana//home_10",-30.030048028893727,-51.10561658678483,""
"Mário Quintana//work_10",-30.03098634086479,-51.103458884167765,""
"Mário Quintana//school_10",-30.03021776290407,-51.10479034450647,""
"Mário Quintana//home_11",-30.033571546407813,-51.10340248258488,""
"Mário Quintana//work_11",-30.033316008062105,-51.10105430434232,""
"Mário Quintana//school_11",-30.03364799417634,-51.10367674394031,""
"Mário Quintana//home_12",-30.031570548280765,-51.10534867811318,""
"Mário Quintana//work_12",-30.03151416580879,-51.10579581440213,""
"Mário Quintana//school_12",-30.03220915158568,-51.10485007564818,""
"Mário Quintana//home_13",-30.03341008255874,-51.11110276753924,""
"Mário Quintana//work_13",-30.031000357348137,-51.11058398892835,""
"Mário Quintana//school_13",-30.03297884256678,-51.11085205986789,""
"Mário Quintana//home_14",-30.03084301243461,-51.11278033073086,""
"Mário Quintana//work_14",-30.030856480581377,-51.1124053996682,""
"Mário Quintana//school_14",-30.032109708406903,-51.112925917793824,""
"Mário Quintana//home_15",-30.03315951002742,-51.111976244951926,""
"Mário Quintana//work_15",-30.0328306516568,-51.11296217349307,""
"Mário Quintana//school_15",-30.03282848860159,-51.112098963905936,""
"Mário Quintana//home_16",-30.032843756751436,-51.115708380268266,""
"Mário Quintana//work_16",-30.032542558522678,-51.114020226698635,""
"Mário Quintana//school_16",-30.033076054641494,-51.11472559358415,""
"Mário Quintana//home_17",-30.030857995434435,-51.11463998955114,""
"Mário Quintana//work_17",-30.03128798345552,-51.11503060389659,""
"Mário Quintana//school_17",-30.032268782147057,-51.11385999732494,""
"Mário Quintana//home_18",-30.033277266146694,-51.116420811071045,""
"Mário Quintana//work_18",-30.031508139181824,-51.11639321808307,""
"Mário Quintana//school_18",-30.032744232409733,-51.11711587748247,""
"Mário Quintana//home_19",-30.032818521068904,-51.1184018031057,""
"Mário Quintana//work_19",-30.031253808594535,-51.11832326498962,""
"Mário Quintana//school_19",-30.032246662932668,-51.119561125160836,""
"Mário Quintana//home_20",-30.034395008943772,-51.119859171776845,""
"Mário Quintana//work_20",-30.03415299232592,-51.11971200108321,""
"Mário Quintana//school_20",-30.03317870180991,-51.11961779956733,""
"Mário Quintana//home_21",-30.035974439373774,-51.11526478988014,""
"Mário Quintana//work_21",-30.035285142624858,-51.116602114553025,""
"Mário Quintana//school_21",-30.03505643018623,-51.11849204843382,""
"Mário Quintana//home_22",-30.036568887134194,-51.11521031331608,""
"Mário Quintana//work_22",-30.036898045162594,-51.1198230168309,""
"Mário Quintana//school_22",-30.036093198132388,-51.11843563918943,""
"Mário Quintana//home_23",-30.035804461692656,-51.104769612768834,""
"Mário Quintana//work_23",-30.03603258877006,-51.10622071248539,""
"Mário Quintana//school_23",-30.037247743391777,-51.10664204871003,""
"Mário Quintana//home_24",-30.038183618578653,-51.088476560253426,""
"Mário Quintana//work_24",-30.040662008392093,-51.10099924509977,""
"Mário Quintana//school_24",-30.04053159319896,-51.0966884918149,""
"Mário Quintana//home_25",-30.02514544468522,-51.091027285786495,""
"Mário Quintana//work_25",-30.027327845440393,-51.091739918650084,""
"Mário Quintana//school_25",-30.02661957845557,-51.090897665201005,""
"Mário Quintana//home_26",-30.028388086281392,-51.10965985296619,""
"Mário Quintana//work_26",-30.028619981686273,-51.110305363893495,""
"Mário Quintana//school_26",-30.02666928229392,-51.109298044822914,""
"Mário Quintana//home_27",-30.029712714848195,-51.11440274623877,""
"Mário Quintana//work_27",-30.02923673176554,-51.11653476515109,""
"Mário Quintana//school_27",-30.029790505935853,-51.11387813498911,""
"Mário Quintana//home_28",-30.03330590044244,-51.110247579605726,""
"Mário Quintana//work_28",-30.03292948166173,-51.10948537556673,""
"Mário Quintana//school_28",-30.03223913657584,-51.11011203836853,""
"Mário Quintana//home_29",-30.02720804347888,-51.10169747304167,""
"Mário Quintana//work_29",-30.027176389911244,-51.1032573661525,""
"Mário Quintana//school_29",-30.027672342879537,-51.10371350808097,""
"Mário Quintana//home_30",-30.021860130191612,-51.09622942505317,""
"Mário Quintana//work_30",-30.02230392117508,-51.09622128591442,""
"Mário Quintana//school_30",-30.020877247524744,-51.096443530151156,""
"Mário Quintana//home_31",-30.03767548283001,-51.10912304775342,""
"Mário Quintana//work_31",-30.03824587375427,-51.108712497706414,""
"Mário Quintana//school_31",-30.037388919182206,-51.10901716340942,""
"Mário Quintana//home_32",-30.035764627960717,-51.11891606608909,""
"Mário Quintana//work_32",-30.035824089825027,-51.120765103779775,""
"Mário Quintana//school_32",-30.03586321599313,-51.11893605311128,""
"Mário Quintana//home_33",-30.03546296172848,-51.121410430821946,""
"Mário Quintana//work_33",-30.0354824835603,-51.12094682497881,""
"Mário Quintana//school_33",-30.035116126470978,-51.121207214515564,""
"Mário Quintana//home_34",-30.02301566390439,-51.09205986527738,""
"Mário Quintana//work_34",-30.023643804008003,-51.09041055155135,""
"Mário Quintana//school_34",-30.02294087629736,-51.09250106836854,""
"Mário Quintana//home_35",-30.021753057335548,-51.089596251061586,""
"Mário Quintana//work_35",-30.022441455781305,-51.08705709013402,""
"Mário Quintana//school_35",-30.02488520828856,-51.08696870122356,""
"Mário Quintana//home_36",-30.02321312146157,-51.09838349517145,""
"Mário Quintana//work_36",-30.02180832497923,-51.097797736465296,""
"Mário Quintana//school_36",-30.022614231994787,-51.09870764590812,""
"Mário Quintana//home_37",-30.02312950557987,-51.09915017793372,""
"Mário Quintana//work_37",-30.02380205215422,-51.097684117781675,""
"Mário Quintana//school_37",-30.02451116473537,-51.09867171071113,""
"Mário Quintana//home_38",-30.02504692786958,-51.09913117030328,""
"Mário Quintana//work_38",-30.02587749653052,-51.09903489861129,""
"Mário Quintana//school_38",-30.026070581635697,-51.09852175902136,""
"Mário Quintana//home_39",-30.02658995003052,-51.11856056941306,""
"Mário Quintana//work_39",-30.026447362888483,-51.11846848414762,""
"Mário Quintana//school_39",-30.02711129323936,-51.118951987324955,""
"Mário Quintana//home_40",-30.026809860176797,-51.117239066271196,""
"Mário Quintana//work_40",-30.02627245744265,-51.11809088205273,""
"Mário Quintana//school_40",-30.027080107155236,-51.11766486812274,""
"Mário Quintana//home_41",-30.035416919773397,-51.1108273631648,""
"Mário Quintana//work_41",-30.036236960759613,-51.110181602363426,""
"Mário Quintana//school_41",-30.03569043412985,-51.11102360698314,""
"Mário Quintana//home_42",-30.03887535858012,-51.109734444350764,""
"Mário Quintana//work_42",-30.037220568583216,-51.11046921254195,""
"Mário Quintana//school_42",-30.03744662411206,-51.112689917120264,""
"Mário Quintana//home_43",-30.03663738824957,-51.11349240441588,""
"Mário Quintana//work_43",-30.036782949855496,-51.11306447805764,""
"Mário Quintana//school_43",-30.03702964911414,-51.11276731848216,""
"Mário Quintana//home_44",-30.02598357439034,-51.09425125560213,""
"Mário Quintana//work_44",-30.025174158066097,-51.09478667872704,""
"Mário Quintana//school_44",-30.02558886458411,-51.09363976469526,""
"Mário Quintana//home_45",-30.02696047433337,-51.096979269837014,""
"Mário Quintana//work_45",-30.027342067820165,-51.09500636277603,""
"Mário Quintana//school_45",-30.02815344042942,-51.09496769718415,""
"Mário Quintana//home_46",-30.02862412134737,-51.09141067029802,""
"Mário Quintana//work_46",-30.02841568511092,-51.09246911711878,""
"Mário Quintana//school_46",-30.0290189809131,-51.09064465503901,""
"Mário Quintana//home_47",-30.027826375514,-51.08759561025293,""
"Mário Quintana//work_47",-30.026779122050005,-51.08978264766124,""
"Mário Quintana//school_47",-30.027214312684155,-51.08798909037246,""
"Mário Quintana//home_48",-30.030721161795494,-51.091967062457066,""
"Mário Quintana//work_48",-30.02820619350351,-51.098745609884006,""
"Mário Quintana//school_48",-30.03141397510536,-51.09351493314639,""
"Mário Quintana//home_49",-30.028848952888932,-51.10277683452797,""
"Mário Quintana//work_49",-30.028333365963192,-51.09998656628574,""
"Mário Quintana//school_49",-30.028723596057347,-51.10317298990627,""
"Mário Quintana//home_50",-30.02614186819936,-51.102283575300426,""
"Mário Quintana//work_50",-30.026037950334985,-51.10203688279551,""
"Mário Quintana//school_50",-30.026115053272846,-51.1021728750395,""
"Mário Quintana//home_51",-30.02170907798645,-51.09163587286817,""
"Mário Quintana//work_51",-30.022733132601843,-51.09294134947198,""
"Mário Quintana//school_51",-30.02041418608464,-51.0936302141393,""
"Mário Quintana//home_52",-30.045405987729584,-51.096777446960765,""
"Mário Quintana//work_52",-30.04427454775147,-51.093662936181424,""
"Mário Quintana//school_52",-30.044481761216964,-51.095320696892465,""
"Mário Quintana//home_53",-30.042697240832496,-51.09612092800826,""
"Mário Quintana//work_53",-30.037700333253195,-51.09348329142675,""
"Mário Quintana//school_53",-30.040234262853968,-51.09361653638101,""
"Mário Quintana//home_54",-30.024687252484597,-51.111892998740565,""
"Mário Quintana//work_54",-30.028477241034686,-51.112427444163174,""
"Mário Quintana//school_54",-30.024413471913196,-51.11258208483982,""
"Mário Quintana//home_55",-30.02612097667243,-51.116138795313084,""
"Mário Quintana//work_55",-30.027010889045485,-51.11581398551458,""
"Mário Quintana//school_55",-30.02738296189139,-51.113996870302664,""
"Mário Quintana//home_56",-30.048389150881665,-51.10059718187804,""
"Mário Quintana//work_56",-30.049435972193052,-51.094157674623915,""
"Mário Quintana//school_56",-30.04635630865832,-51.10472989729948,""
"Mário Quintana//home_57",-30.043951328027322,-51.10463564978515,""
"Mário Quintana//work_57",-30.04521123444051,-51.10484161637713,""
"Mário Quintana//school_57",-30.041559967324133,-51.10452315102948,""
"Mário Quintana//home_58",-30.031534292780425,-51.119815513825934,""
"Mário Quintana//work_58",-30.03055547243657,-51.11958590565251,""
"Mário Quintana//school_58",-30.031616037222765,-51.12055221321978,""
"Mário Quintana//home_59",-30.03216158862679,-51.11743750956291,""
"Mário Quintana//work_59",-30.030582476816015,-51.11671164397182,""
"Mário Quintana//school_59",-30.031662722504684,-51.117463743138934,""
"Mário Quintana//home_60",-30.02671613692277,-51.11967802008677,""
"Mário Quintana//work_60",-30.028415653102883,-51.12007189227384,""
"Mário Quintana//school_60",-30.02785661110488,-51.11697204510449,""
"Mário Quintana//home_61",-30.0299435906892,-51.12031262749286,""
"Mário Quintana//work_61",-30.03007060560338,-51.12031982321013,""
"Mário Quintana//school_61",-30.030208198402004,-51.11844568968946,""
"Mário Quintana//home_62",-30.034892620561447,-51.112290562053666,""
"Mário Quintana//work_62",-30.034008875245934,-51.11161402210524,""
"Mário Quintana//school_62",-30.036114031540343,-51.112301987421844,""
"Mário Quintana//home_63",-30.034025198465716,-51.11063274634003,""
"Mário Quintana//work_63",-30.034707992203987,-51.11079931441245,""
"Mário Quintana//school_63",-30.034319249916912,-51.11048319704971,""
"Mário Quintana//home_64",-30.033275209317342,-51.10776264170901,""
"Mário Quintana//work_64",-30.034066777743508,-51.10842654700866,""
"Mário Quintana//school_64",-30.03222999575469,-51.10691247866194,""
"Mário Quintana//home_65",-30.037402476985896,-51.10773513225885,""
"Mário Quintana//work_65",-30.037352645865578,-51.10852201885302,""
"Mário Quintana//school_65",-30.03747927084798,-51.10848769770774,""
"Mário Quintana//home_66",-30.032555304652146,-51.10537632733991,""
"Mário Quintana//work_66",-30.03481176828859,-51.10508914052603,""
"Mário Quintana//school_66",-30.034789430081528,-51.10522404272147,""
"Mário Quintana//home_67",-30.035058345852253,-51.10633388722889,""
"Mário Quintana//work_67",-30.036889887981125,-51.107048370517994,""
"Mário Quintana//school_67",-30.036812889420762,-51.10705249503781,""
"Mário Quintana//home_68",-30.038631423188935,-51.10233974949706,""
"Mário Quintana//work_68",-30.037879936208537,-51.102757208367066,""
"Mário Quintana//school_68",-30.041778340374336,-51.10307246079773,""
"Mário Quintana//home_69",-30.04077343130683,-51.106888466023655,""
"Mário Quintana//work_69",-30.040934427470013,-51.10492336316449,""
"Mário Quintana//school_69",-30.03827243375685,-51.1047252680936,""
"Mário Quintana//home_70",-30.037860516818952,-51.10725768224553,""
"Mário Quintana//work_70",-30.03816295338083,-51.10623072762566,""
"Mário Quintana//school_70",-30.038018889791793,-51.105981907894865,""
"Mário Quintana//home_71",-30.036400014345364,-51.103076882111424,""
"Mário Quintana//work_71",-30.037303677980354,-51.10531702966948,""
"Mário Quintana//school_71",-30.03677928072997,-51.10287804459957,""
"Mário Quintana//home_72",-30.041915660724385,-51.1034595715582,""
"Mário Quintana//work_72",-30.040314227857838,-51.103313732313666,""
"Mário Quintana//school_72",-30.039554122441697,-51.10352118941403,""
"Mário Quintana//home_73",-30.037178168765333,-51.103615662142104,""
"Mário Quintana//work_73",-30.038059795779052,-51.103569244423504,""
"Mário Quintana//school_73",-30.038167732276104,-51.10369162264062,""
"Mário Quintana//home_74",-30.033408638093192,-51.11631012206218,""
"Mário Quintana//work_74",-30.033510192065876,-51.11706286034881,""
"Mário Quintana//school_74",-30.033809503891085,-51.11633823281067,""
"Mário Quintana//home_75",-30.034145142811358,-51.11669937490933,""
"Mário Quintana//work_75",-30.034056655019242,-51.11618906691343,""
"Mário Quintana//school_75",-30.034158257022494,-51.11671025347266,""
"Mário Quintana//home_76",-30.025055702368896,-51.090254362688704,""
"Mário Quintana//work_76",-30.02448589740431,-51.09012387031458,""
"Mário Quintana//school_76",-30.025514507135828,-51.09067845525444,""
"Mário Quintana//home_77",-30.025450991302208,-51.089661699387,""
"Mário Quintana//work_77",-30.025426142875293,-51.088554435846476,""
"Mário Quintana//school_77",-30.027206693880558,-51.088453471377065,""
"Medianeira//home_0",-30.061875851452506,-51.21754613750276,""
"Medianeira//work_0",-30.060029553273377,-51.21745922556032,""
"Medianeira//school_0",-30.062078682073846,-51.217761142084136,""
"Medianeira//home_1",-30.060773493205172,-51.2169252146396,""
"Medianeira//work_1",-30.06092154632883,-51.21723056803163,""
"Medianeira//school_1",-30.060408672453857,-51.217262881416616,""
"Medianeira//home_2",-30.06118294919162,-51.21639292603817,""
"Medianeira//work_2",-30.061291860960655,-51.217029844182164,""
"Medianeira//school_2",-30.061565083229357,-51.217153854341845,""
"Medianeira//home_3",-30.061410599829042,-51.216012800294855,""
"Medianeira//work_3",-30.064267340953997,-51.21577137304876,""
"Medianeira//school_3",-30.06346342917813,-51.217129257690026,""
"Medianeira//home_4",-30.0604206686639,-51.21459018171601,""
"Medianeira//work_4",-30.06200034068763,-51.21189342631236,""
"Medianeira//school_4",-30.05990307296081,-51.213967853212274,""
"Medianeira//home_5",-30.05967531276177,-51.20911304147983,""
"Medianeira//work_5",-30.062432539268002,-51.2085639251715,""
"Medianeira//school_5",-30.061053047516694,-51.210241388605006,""
"Medianeira//home_6",-30.06204808414431,-51.21560286631403,""
"Medianeira//work_6",-30.06021937913998,-51.21575226281507,""
"Medianeira//school_6",-30.06461310126716,-51.21453226014162,""
"Medianeira//home_7",-30.06235202044742,-51.21056067372092,""
"Medianeira//work_7",-30.064411204037206,-51.21050035394337,""
"Medianeira//school_7",-30.062696085472627,-51.21171903592008,""
"Medianeira//home_8",-30.06490812700627,-51.21019678949752,""
"Medianeira//work_8",-30.06435153002468,-51.20634526572576,""
"Medianeira//school_8",-30.064161525358006,-51.20994265234283,""
"Medianeira//home_9",-30.064916850325407,-51.202441264351044,""
"Medianeira//work_9",-30.06453974664216,-51.202643310313746,""
"Medianeira//school_9",-30.064051947529975,-51.205679040543,""
"Medianeira//home_10",-30.06780178354588,-51.20342894511577,""
"Medianeira//work_10",-30.066077619917667,-51.205030540858886,""
"Medianeira//school_10",-30.06521490043845,-51.20553219271586,""
"Medianeira//home_11",-30.066020243226458,-51.20869119809891,""
"Medianeira//work_11",-30.066050527935367,-51.209175803094986,""
"Medianeira//school_11",-30.066099127249124,-51.20606939262039,""
"Medianeira//home_12",-30.06727747343873,-51.2095908200625,""
"Medianeira//work_12",-30.065850477213157,-51.20707611484972,""
"Medianeira//school_12",-30.06537246897969,-51.20845704720376,""
"Medianeira//home_13",-30.067583171115277,-51.212901422678236,""
"Medianeira//work_13",-30.06503454767297,-51.21287581343774,""
"Medianeira//school_13",-30.065473615086752,-51.212956596693196,""
"Medianeira//home_14",-30.067080339523248,-51.21096758696964,""
"Medianeira//work_14",-30.066197198841117,-51.21066869483821,""
"Medianeira//school_14",-30.068493628623365,-51.21167662835336,""
"Medianeira//home_15",-30.069242866047666,-51.21230447412385,""
"Medianeira//work_15",-30.069136592599634,-51.21271895811834,""
"Medianeira//school_15",-30.068605357829107,-51.21264414759267,""
"Medianeira//home_16",-30.072563326242665,-51.212199238066304,""
"Medianeira//work_16",-30.07315301342663,-51.21260748217649,""
"Medianeira//school_16",-30.072279857874804,-51.21065086530573,""
"Medianeira//home_17",-30.06944790712229,-51.20642421928516,""
"Medianeira//work_17",-30.069800653893008,-51.20831855972205,""
"Medianeira//school_17",-30.069131486127617,-51.20678193852997,""
"Menino-Deus//home_0",-30.044416895540678,-51.22677309487171,3.6
"Menino-Deus//work_0",-30.04346068112452,-51.226936183603996,4.4
"Menino-Deus//school_0",-30.043795936705443,-51.22643484613951,4.2
"Menino-Deus//home_1",-30.043815558727914,-51.225113559063644,4.2
"Menino-Deus//work_1",-30.043815718329732,-51.225647739196496,3.9
"Menino-Deus//school_1",-30.043527630905228,-51.225249323442,4.1
"Menino-Deus//home_2",-30.04399050938331,-51.222281172244394,3.9
"Menino-Deus//work_2",-30.043554703942963,-51.22409401012351,4.2
"Menino-Deus//school_2",-30.044057277321215,-51.22179756792911,3.9
"Menino-Deus//home_3",-30.0447935291694,-51.2235590804898,3.9
"Menino-Deus//work_3",-30.04512691172585,-51.22411098786065,4.0
"Menino-Deus//school_3",-30.045114106542737,-51.223950983595294,3.9
"Menino-Deus//home_4",-30.04516366798401,-51.223143172490985,3.9
"Menino-Deus//work_4",-30.045518963908634,-51.222720196371085,3.9
"Menino-Deus//school_4",-30.04538222240886,-51.223098022724514,4.0
"Menino-Deus//home_5",-30.04470520809063,-51.22281328871816,3.9
"Menino-Deus//work_5",-30.045320923423535,-51.222076001843824,3.9
"Menino-Deus//school_5",-30.045050878328595,-51.22205832960418,3.9
"Menino-Deus//home_6",-30.04528565216916,-51.22059573142793,3.9
"Menino-Deus//work_6",-30.045712785859703,-51.220740067902625,3.9
"Menino-Deus//school_6",-30.046043993271155,-51.22053860860521,3.9
"Menino-Deus//home_7",-30.044808861886096,-51.22089930421066,3.9
"Menino-Deus//work_7",-30.046865222173718,-51.220866619838574,3.9
"Menino-Deus//school_7",-30.045556757547708,-51.21956881944916,4.4
"Menino-Deus//home_8",-30.04572755160009,-51.2222752979007,3.9
"Menino-Deus//work_8",-30.046097209819244,-51.22268487206356,3.9
"Menino-Deus//school_8",-30.046073533236502,-51.22207683976612,3.9
"Menino-Deus//home_9",-30.047121510837602,-51.22205241708619,3.9
"Menino-Deus//work_9",-30.046603891799133,-51.22302968125081,3.9
"Menino-Deus//school_9",-30.04643334081676,-51.222179357786366,3.9
"Menino-Deus//home_10",-30.04629642566327,-51.22513152599193,4.0
"Menino-Deus//work_10",-30.045287258472115,-51.227434596208816,3.5
"Menino-Deus//school_10",-30.045138024706286,-51.225961876158195,3.9
"Menino-Deus//home_11",-30.04816925598363,-51.22304600955207,4.1
"Menino-Deus//work_11",-30.04753595180883,-51.222327679248124,4.1
"Menino-Deus//school_11",-30.047807453757734,-51.223078285798934,4.1
"Menino-Deus//home_12",-30.047674416243584,-51.218353117250395,4.1
"Menino-Deus//work_12",-30.047365640321875,-51.21875671048555,4.0
"Menino-Deus//school_12",-30.047696041089857,-51.21931741125126,4.0
"Menino-Deus//home_13",-30.049204191009228,-51.21818639908417,4.8
"Menino-Deus//work_13",-30.048829831782008,-51.22127201007337,3.9
"Menino-Deus//school_13",-30.048873451648465,-51.22000306090362,4.1
"Menino-Deus//home_14",-30.049388460568196,-51.221436549467874,4.5
"Menino-Deus//work_14",-30.04980945146539,-51.22111511897429,4.6
"Menino-Deus//school_14",-30.04933526468261,-51.21960234467834,4.3
"Menino-Deus//home_15",-30.049264812802637,-51.223389878814984,4.6
"Menino-Deus//work_15",-30.049361787985493,-51.22248889493954,4.6
"Menino-Deus//school_15",-30.049484957953396,-51.22215531537837,4.6
"Menino-Deus//home_16",-30.04825415115331,-51.22649855912026,4.3
"Menino-Deus//work_16",-30.04847054485928,-51.22445008699641,4.2
"Menino-Deus//school_16",-30.049252836557617,-51.22565061888832,3.8
"Menino-Deus//home_17",-30.051086026245557,-51.22768981054091,4.0
"Menino-Deus//work_17",-30.049874241240953,-51.224552309816715,4.1
"Menino-Deus//school_17",-30.05004517139227,-51.226217082077454,3.8
"Menino-Deus//home_18",-30.049736816774484,-51.22249664203077,4.6
"Menino-Deus//work_18",-30.049701623985328,-51.223881571538016,4.5
"Menino-Deus//school_18",-30.0498855795296,-51.223707023839495,4.5
"Menino-Deus//home_19",-30.050803066310674,-51.22044989928745,4.3
"Menino-Deus//work_19",-30.050910476482855,-51.220732672982585,4.3
"Menino-Deus//school_19",-30.050009997827473,-51.22164515852355,4.5
"Menino-Deus//home_20",-30.050325932171035,-51.21886370147575,4.6
"Menino-Deus//work_20",-30.05040988185567,-51.21990943650542,4.3
"Menino-Deus//school_20",-30.050745865935195,-51.219023163336786,4.7
"Menino-Deus//home_21",-30.051673671641023,-51.219003074763464,5.7
"Menino-Deus//work_21",-30.051589502438333,-51.218805974229014,5.5
"Menino-Deus//school_21",-30.051898328933834,-51.2191549319555,6.3
"Menino-Deus//home_22",-30.052040902971626,-51.221477277294404,6.0
"Menino-Deus//work_22",-30.051076816943887,-51.22155459229165,5.6
"Menino-Deus//school_22",-30.051124059734285,-51.22127122672792,5.1
"Menino-Deus//home_23",-30.050940996533324,-51.223193779326905,4.6
"Menino-Deus//work_23",-30.05072991340796,-51.22412250500439,4.5
"Menino-Deus//school_23",-30.050608055539517,-51.22487029297912,4.1
"Menino-Deus//home_24",-30.05252427518871,-51.22412476921104,4.6
"Menino-Deus//work_24",-30.05305047759753,-51.22302534188877,6.4
"Menino-Deus//school_24",-30.053085616243784,-51.2238118845872,5.8
"Menino-Deus//home_25",-30.053063733716076,-51.22110574032862,6.1
"Menino-Deus//work_25",-30.053102431165055,-51.22116983026611,6.1
"Menino-Deus//school_25",-30.05216009796529,-51.22187501217339,6.5
"Menino-Deus//home_26",-30.053903846499413,-51.219513452032785,7.9
"Menino-Deus//work_26",-30.054289072521588,-51.219567481042915,7.8
"Menino-Deus//school_26",-30.05416380008717,-51.21891654465947,8.1
"Menino-Deus//home_27",-30.0541857735659,-51.22048942943902,7.9
"Menino-Deus//work_27",-30.053346463611156,-51.22218175193372,6.3
"Menino-Deus//school_27",-30.05428054392549,-51.222037688551175,7.2
"Menino-Deus//home_28",-30.05430451542071,-51.223370355374726,5.5
"Menino-Deus//work_28",-30.05419802913439,-51.2247872363742,4.6
"Menino-Deus//school_28",-30.053516381078502,-51.2238680948816,5.7
"Menino-Deus//home_29",-30.052957077925978,-51.225829288719076,4.1
"Menino-Deus//work_29",-30.051770737697765,-51.22644654001691,4.2
"Menino-Deus//school_29",-30.05252946988716,-51.22702325660121,4.2
"Menino-Deus//home_30",-30.05275422704802,-51.22774643780967,4.0
"Menino-Deus//work_30",-30.052709201765822,-51.227966266390546,4.0
"Menino-Deus//school_30",-30.051957796041492,-51.22803785872149,4.1
"Menino-Deus//home_31",-30.053219532713683,-51.225870638711115,4.0
"Menino-Deus//work_31",-30.05341122955687,-51.22721385615678,3.8
"Menino-Deus//school_31",-30.053884962467325,-51.224897958380495,4.6
"Menino-Deus//home_32",-30.054165261546117,-51.22712611742324,3.8
"Menino-Deus//work_32",-30.054548004594018,-51.22774428702229,4.0
"Menino-Deus//school_32",-30.054374976571868,-51.22554854190876,4.1
"Menino-Deus//home_33",-30.055041324614322,-51.22486475450145,4.9
"Menino-Deus//work_33",-30.054659517839173,-51.224761255879905,4.9
"Menino-Deus//school_33",-30.055088376728335,-51.22486395740013,4.9
"Menino-Deus//home_34",-30.055584140251657,-51.22209882295383,8.1
"Menino-Deus//work_34",-30.05652457640247,-51.222708928182826,8.3
"Menino-Deus//school_34",-30.05485792844303,-51.22224607737122,8.0
"Menino-Deus//home_35",-30.05535780244976,-51.21974667388338,8.7
"Menino-Deus//work_35",-30.05473855756672,-51.22188439850571,7.2
"Menino-Deus//school_35",-30.056306359653252,-51.22068186022303,8.8
"Menino-Deus//home_36",-30.055627485905404,-51.22409811372854,6.5
"Menino-Deus//work_36",-30.055547157770633,-51.22364289903062,6.5
"Menino-Deus//school_36",-30.055514380283785,-51.22307780192283,7.4
"Menino-Deus//home_37",-30.056809933013643,-51.22357240703377,8.3
"Menino-Deus//work_37",-30.056629011435778,-51.223901834013155,7.0
"Menino-Deus//school_37",-30.0559945308832,-51.22417937294833,5.5
"Menino-Deus//home_38",-30.056368139435754,-51.227622248356106,3.8
"Menino-Deus//work_38",-30.056661047745575,-51.22739643689688,3.8
"Menino-Deus//school_38",-30.05609982547679,-51.226507200215046,3.8
"Menino-Deus//home_39",-30.055455156382948,-51.22511378766497,4.5
"Menino-Deus//work_39",-30.055904280304357,-51.22529721274072,4.0
"Menino-Deus//school_39",-30.055356272777377,-51.22615503163113,4.2
"Menino-Deus//home_40",-30.058100130418808,-51.22911976026588,3.5
"Menino-Deus//work_40",-30.05848861762749,-51.22840946428941,4.3
"Menino-Deus//school_40",-30.058992661816884,-51.22833872605809,3.8
"Menino-Deus//home_41",-30.059781821499133,-51.22707138280739,5.2
"Menino-Deus//work_41",-30.05882634352428,-51.22673939173165,5.2
"Menino-Deus//school_41",-30.05859995696747,-51.22715077477099,4.2
"Menino-Deus//home_42",-30.059429343207483,-51.22667737390171,5.9
"Menino-Deus//work_42",-30.058980115202495,-51.22597340272929,5.1
"Menino-Deus//school_42",-30.0595464982604,-51.22534720572086,6.6
"Menino-Deus//home_43",-30.058333217492805,-51.22583191644584,5.0
"Menino-Deus//work_43",-30.05791363532382,-51.226228085949295,4.5
"Menino-Deus//school_43",-30.05860029473319,-51.22574811258381,5.6
"Menino-Deus//home_44",-30.059149624159218,-51.22400150827968,7.4
"Menino-Deus//work_44",-30.058621747358288,-51.223236823336265,9.1
"Menino-Deus//school_44",-30.058086553238255,-51.22359864412234,8.1
"Menino-Deus//home_45",-30.059537905410817,-51.221881486268416,9.8
"Menino-Deus//work_45",-30.058076244037853,-51.2221611851943,9.7
"Menino-Deus//school_45",-30.057819954755004,-51.22244957384148,9.3
"Menino-Deus//home_46",-30.05916107883213,-51.22159564805538,10.0
"Menino-Deus//work_46",-30.058575378283184,-51.22105945207061,10.0
"Menino-Deus//school_46",-30.05899498741875,-51.21987593537499,10.0
"Menino-Deus//home_47",-30.05877009318714,-51.21859709777935,10.0
"Menino-Deus//work_47",-30.058943957160256,-51.218377108051946,10.0
"Menino-Deus//school_47",-30.05801224735768,-51.21911869347902,10.0
"Menino-Deus//home_48",-30.061637406743486,-51.222681580366306,10.0
"Menino-Deus//work_48",-30.061216888871048,-51.222549094718694,10.0
"Menino-Deus//school_48",-30.06129832768066,-51.222224924887364,10.0
"Menino-Deus//home_49",-30.06097010637656,-51.22386977388985,10.0
"Menino-Deus//work_49",-30.061258120070022,-51.223718109418854,10.0
"Menino-Deus//school_49",-30.060652480929104,-51.22403534763419,9.8
"Menino-Deus//home_50",-30.0600586913557,-51.22840091537671,4.3
"Menino-Deus//work_50",-30.0604011626301,-51.22909862278643,4.7
"Menino-Deus//school_50",-30.059673290211222,-51.22954099198335,3.3
"Menino-Deus//home_51",-30.06193824553047,-51.231038914530494,3.7
"Menino-Deus//work_51",-30.062944373523315,-51.23148573872282,3.8
"Menino-Deus//school_51",-30.062501780205547,-51.23136117326956,3.8
"Menino-Deus//home_52",-30.06360936462283,-51.229110895413214,10.0
"Menino-Deus//work_52",-30.062298261856096,-51.22889267279354,6.0
"Menino-Deus//school_52",-30.061663095778997,-51.22981463223435,5.3
"Menino-Deus//home_53",-30.063798294092617,-51.22883419205532,10.0
"Menino-Deus//work_53",-30.062468976592058,-51.228033512520796,7.0
"Menino-Deus//school_53",-30.063265320443072,-51.22790867497892,9.6
"Menino-Deus//home_54",-30.06286893752259,-51.22508600120463,10.0
"Menino-Deus//work_54",-30.063083888839547,-51.22397805696983,10.0
"Menino-Deus//school_54",-30.062144443424394,-51.225740833812296,9.4
"Menino-Deus//home_55",-30.063800958891786,-51.22688995281845,10.0
"Menino-Deus//work_55",-30.065343855589955,-51.225070658317,10.0
"Menino-Deus//school_55",-30.06333693626033,-51.22676779260872,10.0
"Menino-Deus//home_56",-30.05216658127323,-51.22022274895417,6.3
"Menino-Deus//work_56",-30.05191518637877,-51.21964785830281,6.3
"Menino-Deus//school_56",-30.052282689753238,-51.21983186632956,6.3
"Menino-Deus//home_57",-30.051736652464754,-51.22541645581409,4.2
"Menino-Deus//work_57",-30.052586709841002,-51.2247381144851,4.1
"Menino-Deus//school_57",-30.05217447199244,-51.22492914511414,4.0
"Menino-Deus//home_58",-30.051908911507937,-51.22362837298499,5.5
"Menino-Deus//work_58",-30.051987624386285,-51.22322242319043,5.5
"Menino-Deus//school_58",-30.05180015787618,-51.22440908068034,4.0
"Menino-Deus//home_59",-30.0564300042889,-51.222712508026284,8.3
"Menino-Deus//work_59",-30.056749517285205,-51.22285804226091,8.0
"Menino-Deus//school_59",-30.05750083202819,-51.22310772041844,7.7
"Menino-Deus//home_60",-30.058968317517966,-51.22468767052185,7.0
"Menino-Deus//work_60",-30.058357155605943,-51.22486381563289,7.0
"Menino-Deus//school_60",-30.057984779168432,-51.22442143513449,6.7
"Menino-Deus//home_61",-30.05312839118757,-51.22039895425983,6.1
"Menino-Deus//work_61",-30.053265655806293,-51.219912027973635,6.7
"Menino-Deus//school_61",-30.0525472666209,-51.21955182625535,6.3
"Menino-Deus//home_62",-30.059219174717104,-51.21887866498619,10.0
"Menino-Deus//work_62",-30.05959187910413,-51.219629231530696,10.0
"Menino-Deus//school_62",-30.059677079416854,-51.21953477829714,10.0
"Menino-Deus//home_63",-30.044775312518855,-51.22488941356173,3.8
"Menino-Deus//work_63",-30.044847429615142,-51.22469554548817,4.0
"Menino-Deus//school_63",-30.044385161508053,-51.22541184802944,3.8
"Menino-Deus//home_64",-30.04519386524884,-51.224406084994314,4.0
"Menino-Deus//work_64",-30.045298064214542,-51.22476194897634,3.8
"Menino-Deus//school_64",-30.045352667368096,-51.22446822246011,3.8
"Menino-Deus//home_65",-30.060660912338147,-51.22847902670276,4.8
"Menino-Deus//work_65",-30.061781144367142,-51.22879401313693,5.2
"Menino-Deus//school_65",-30.060524289056755,-51.22542132382344,8.3
"Menino-Deus//home_66",-30.061895239216856,-51.227629608191926,5.7
"Menino-Deus//work_66",-30.06113174050075,-51.22697445901434,6.6
"Menino-Deus//school_66",-30.06230355580624,-51.22755650371273,6.4
"Moinhos de Vento//home_0",-30.01890370749343,-51.20392520132691,10.0
"Moinhos de Vento//work_0",-30.018353499063,-51.203703045479905,10.0
"Moinhos de Vento//school_0",-30.020050768290563,-51.204079106327825,10.0
"Moinhos de Vento//home_1",-30.019303615569086,-51.202388783689074,10.0
"Moinhos de Vento//work_1",-30.019001511947756,-51.20261070950773,10.0
"Moinhos de Vento//school_1",-30.019900623862995,-51.20176932556014,10.0
"Moinhos de Vento//home_2",-30.019613779873488,-51.20097070915556,9.8
"Moinhos de Vento//work_2",-30.01989258666416,-51.200113383965096,10.0
"Moinhos de Vento//school_2",-30.018476923615076,-51.20095496325477,9.0
"Moinhos de Vento//home_3",-30.019519879003646,-51.199930453270326,10.0
"Moinhos de Vento//work_3",-30.018170605267624,-51.20018422485873,8.5
"Moinhos de Vento//school_3",-30.019049746738183,-51.199701535205385,9.6
"Moinhos de Vento//home_4",-30.019286143417965,-51.19907087877271,9.5
"Moinhos de Vento//work_4",-30.01957333488804,-51.19850866955171,10.0
"Moinhos de Vento//school_4",-30.019634600175873,-51.19825574675525,10.0
"Moinhos de Vento//home_5",-30.02001431336749,-51.20642286828764,10.0
"Moinhos de Vento//work_5",-30.020857085938857,-51.20692853652101,9.5
"Moinhos de Vento//school_5",-30.021463116248857,-51.20746132211783,7.8
"Moinhos de Vento//home_6",-30.023133293326946,-51.20950773789937,7.1
"Moinhos de Vento//work_6",-30.024576970974405,-51.20981711738687,8.2
"Moinhos de Vento//school_6",-30.02327206501949,-51.20964777482054,7.1
"Moinhos de Vento//home_7",-30.02513671500424,-51.209622527146294,10.0
"Moinhos de Vento//work_7",-30.02504906218991,-51.20946612748802,10.0
"Moinhos de Vento//school_7",-30.02484903853746,-51.209278767803944,10.0
"Moinhos de Vento//home_8",-30.026995323592672,-51.20814651272357,10.0
"Moinhos de Vento//work_8",-30.028164727454136,-51.20703592770257,10.0
"Moinhos de Vento//school_8",-30.026438329250652,-51.20905362295257,10.0
"Moinhos de Vento//home_9",-30.02589031116681,-51.20934869615461,10.0
"Moinhos de Vento//work_9",-30.027240631305926,-51.20701598603219,10.0
"Moinhos de Vento//school_9",-30.026688888095006,-51.20652619707672,10.0
"Moinhos de Vento//home_10",-30.028532155671584,-51.20793227903815,10.0
"Moinhos de Vento//work_10",-30.028819451389168,-51.2073222219008,10.0
"Moinhos de Vento//school_10",-30.028268203556042,-51.20610799725935,10.0
"Moinhos de Vento//home_11",-30.024303828659562,-51.20661027211948,10.0
"Moinhos de Vento//work_11",-30.0242550383467,-51.20702988685631,10.0
"Moinhos de Vento//school_11",-30.022488941091254,-51.2072333392535,10.0
"Moinhos de Vento//home_12",-30.022652964461198,-51.20562535305012,10.0
"Moinhos de Vento//work_12",-30.020223310355902,-51.20522553532222,10.0
"Moinhos de Vento//school_12",-30.022368687493046,-51.20533909528523,10.0
"Moinhos de Vento//home_13",-30.02441632210986,-51.20536238291126,10.0
"Moinhos de Vento//work_13",-30.02678643066947,-51.20512957679787,10.0
"Moinhos de Vento//school_13",-30.026182520703838,-51.20545297349895,10.0
"Moinhos de Vento//home_14",-30.02859616572511,-51.20566954047249,10.0
"Moinhos de Vento//work_14",-30.028201493684403,-51.20502227865533,10.0
"Moinhos de Vento//school_14",-30.027494736618376,-51.203945001694734,10.0
"Moinhos de Vento//home_15",-30.025798344147756,-51.20562453231541,10.0
"Moinhos de Vento//work_15",-30.023548617728334,-51.20456829894257,10.0
"Moinhos de Vento//school_15",-30.024952214615745,-51.20467563546852,10.0
"Moinhos de Vento//home_16",-30.021691187431536,-51.202324426845664,10.0
"Moinhos de Vento//work_16",-30.02151861087494,-51.202092794523686,10.0
"Moinhos de Vento//school_16",-30.020348954349977,-51.203672983200704,10.0
"Moinhos de Vento//home_17",-30.021692289608556,-51.200012030770345,10.0
"Moinhos de Vento//work_17",-30.020502131793243,-51.20176127898465,10.0
"Moinhos de Vento//school_17",-30.02398993213041,-51.20024292258888,10.0
"Moinhos de Vento//home_18",-30.02419120736141,-51.201406132437604,10.0
"Moinhos de Vento//work_18",-30.023947973148065,-51.20155867322973,10.0
"Moinhos de Vento//school_18",-30.026105773797227,-51.2035717384621,10.0
"Moinhos de Vento//home_19",-30.028161657970173,-51.202312174899625,10.0
"Moinhos de Vento//work_19",-30.027788058648007,-51.202994496151405,10.0
"Moinhos de Vento//school_19",-30.025922829066683,-51.20175238136645,10.0
"Moinhos de Vento//home_20",-30.02456944644679,-51.1994149998428,10.0
"Moinhos de Vento//work_20",-30.02430343428576,-51.198524683574334,10.0
"Moinhos de Vento//school_20",-30.02403161162379,-51.199321379794696,10.0
"Moinhos de Vento//home_21",-30.022929504946173,-51.19831407524739,10.0
"Moinhos de Vento//work_21",-30.0231538597478,-51.19844295862546,10.0
"Moinhos de Vento//school_21",-30.023163492362986,-51.19936239608937,10.0
"Moinhos de Vento//home_22",-30.020120067559628,-51.19841419678421,10.0
"Moinhos de Vento//work_22",-30.020318893201182,-51.199857990247324,10.0
"Moinhos de Vento//school_22",-30.021136873936438,-51.19895541687888,10.0
"Moinhos de Vento//home_23",-30.0212089272943,-51.19777622942387,10.0
"Moinhos de Vento//work_23",-30.022131900960396,-51.19796558470075,10.0
"Moinhos de Vento//school_23",-30.022495576173167,-51.19775380074798,10.0
"Moinhos de Vento//home_24",-30.027114676097664,-51.19705991932261,10.0
"Moinhos de Vento//work_24",-30.024796525237328,-51.19786639469291,10.0
"Moinhos de Vento//school_24",-30.023616034045165,-51.197511484364725,10.0
"Moinhos de Vento//home_25",-30.02637828322261,-51.19829583850597,10.0
"Moinhos de Vento//work_25",-30.025147195639473,-51.199540953499294,10.0
"Moinhos de Vento//school_25",-30.026399798892943,-51.19765596693916,10.0
"Mont’Serrat//home_0",-30.026655460364765,-51.19594569116119,""
"Mont’Serrat//work_0",-30.026516968286323,-51.19517160680762,""
"Mont’Serrat//school_0",-30.026418215229825,-51.19565451204331,""
"Mont’Serrat//home_1",-30.027171426238624,-51.194570736306154,""
"Mont’Serrat//work_1",-30.02712189098252,-51.19405543712084,""
"Mont’Serrat//school_1",-30.02516182091942,-51.19477487508772,""
"Mont’Serrat//home_2",-30.02482765855545,-51.1922519977141,""
"Mont’Serrat//work_2",-30.0250079242318,-51.19323097601217,""
"Mont’Serrat//school_2",-30.0245728555687,-51.19217196436303,""
"Mont’Serrat//home_3",-30.02582419939008,-51.190455907516636,""
"Mont’Serrat//work_3",-30.025747490860375,-51.19110120146589,""
"Mont’Serrat//school_3",-30.025625921531727,-51.19073230835754,""
"Mont’Serrat//home_4",-30.02522196600425,-51.18887175084766,""
"Mont’Serrat//work_4",-30.025699359342923,-51.189436104816274,""
"Mont’Serrat//school_4",-30.025168698631163,-51.1888575370205,""
"Mont’Serrat//home_5",-30.02428546342045,-51.18840521896846,""
"Mont’Serrat//work_5",-30.024954314481384,-51.18845981602089,""
"Mont’Serrat//school_5",-30.026617887942052,-51.18767537970568,""
"Mont’Serrat//home_6",-30.024319948164326,-51.186591853582485,""
"Mont’Serrat//work_6",-30.024428440844158,-51.18704964830125,""
"Mont’Serrat//school_6",-30.02461637914379,-51.18647442320665,""
"Mont’Serrat//home_7",-30.02531590098799,-51.186319278806174,""
"Mont’Serrat//work_7",-30.025019565442147,-51.18640576154926,""
"Mont’Serrat//school_7",-30.024581902500127,-51.18615491777915,""
"Mont’Serrat//home_8",-30.024443848875812,-51.183561801307256,""
"Mont’Serrat//work_8",-30.024844522251037,-51.183484852821756,""
"Mont’Serrat//school_8",-30.025354591921754,-51.18505120391555,""
"Mont’Serrat//home_9",-30.027172490973758,-51.18561304909118,""
"Mont’Serrat//work_9",-30.028667783783483,-51.18602693079322,""
"Mont’Serrat//school_9",-30.027701558558157,-51.18486380510275,""
"Mont’Serrat//home_10",-30.027259042528314,-51.183116931120765,""
"Mont’Serrat//work_10",-30.028005221934166,-51.18399577086388,""
"Mont’Serrat//school_10",-30.027571975933867,-51.18299109021171,""
"Mont’Serrat//home_11",-30.029022682737764,-51.18771918640344,""
"Mont’Serrat//work_11",-30.02896324570503,-51.186901606891695,""
"Mont’Serrat//school_11",-30.030043217971027,-51.18719935393385,""
"Mont’Serrat//home_12",-30.027220645605365,-51.18984518019094,""
"Mont’Serrat//work_12",-30.027758481636187,-51.18772537152656,""
"Mont’Serrat//school_12",-30.027084989151184,-51.18997691429037,""
"Mont’Serrat//home_13",-30.02780640687682,-51.19107134387171,""
"Mont’Serrat//work_13",-30.02820573347696,-51.19038482389392,""
"Mont’Serrat//school_13",-30.027958344106207,-51.190783832355294,""
"Mont’Serrat//home_14",-30.03068434373956,-51.18914090562514,""
"Mont’Serrat//work_14",-30.029946354229974,-51.189019933452016,""
"Mont’Serrat//school_14",-30.03002649984356,-51.189355778707125,""
"Mont’Serrat//home_15",-30.02971619155309,-51.19165651157994,""
"Mont’Serrat//work_15",-30.029239639405812,-51.19235293040464,""
"Mont’Serrat//school_15",-30.02993459485464,-51.19201351758961,""
"Mont’Serrat//home_16",-30.028054034880725,-51.19264347067924,""
"Mont’Serrat//work_16",-30.027825236381116,-51.19270780419315,""
"Mont’Serrat//school_16",-30.02740368704945,-51.19312604254796,""
"Mont’Serrat//home_17",-30.029336700983347,-51.19300453093752,""
"Mont’Serrat//work_17",-30.028520743973978,-51.193271986878315,""
"Mont’Serrat//school_17",-30.02845600368932,-51.19447571534846,""
"Mont’Serrat//home_18",-30.0250971561171,-51.1964091104628,""
"Mont’Serrat//work_18",-30.024784478911503,-51.19529212694979,""
"Mont’Serrat//school_18",-30.025009168068927,-51.196062895766985,""
"Mont’Serrat//home_19",-30.02999154321759,-51.190799575055024,""
"Mont’Serrat//work_19",-30.02927984755358,-51.190863210576104,""
"Mont’Serrat//school_19",-30.02873647839285,-51.19117232827853,""
"Morro Santana//home_0",-30.04366514463061,-51.133891808646744,""
"Morro Santana//work_0",-30.043439651033523,-51.13344550887168,""
"Morro Santana//school_0",-30.042335216651093,-51.13355133170179,""
"Morro Santana//home_1",-30.046089337117625,-51.13417193029722,""
"Morro Santana//work_1",-30.044853100844033,-51.133654770064375,""
"Morro Santana//school_1",-30.045007411910042,-51.13438146503494,""
"Morro Santana//home_2",-30.04745994044736,-51.13792876338817,""
"Morro Santana//work_2",-30.053089540944818,-51.13626910845433,""
"Morro Santana//school_2",-30.051192663502857,-51.13914891883291,""
"Morro Santana//home_3",-30.048506179450282,-51.13493019145892,""
"Morro Santana//work_3",-30.049414218554205,-51.13530768840459,""
"Morro Santana//school_3",-30.046514116147456,-51.135925579676204,""
"Morro Santana//home_4",-30.051436079255836,-51.13065133373071,""
"Morro Santana//work_4",-30.049253334852022,-51.13179876449599,""
"Morro Santana//school_4",-30.049911105718632,-51.1291003076005,""
"Morro Santana//home_5",-30.047845675146966,-51.12877066854338,""
"Morro Santana//work_5",-30.047701788325607,-51.130585858600995,""
"Morro Santana//school_5",-30.04743437467755,-51.128586411396604,""
"Morro Santana//home_6",-30.040801340754015,-51.12857379871038,""
"Morro Santana//work_6",-30.041477240424168,-51.12811788768781,""
"Morro Santana//school_6",-30.041614739091855,-51.12702565274071,""
"Morro Santana//home_7",-30.04307653063269,-51.12765414015596,""
"Morro Santana//work_7",-30.043668048354956,-51.126509726793174,""
"Morro Santana//school_7",-30.04322506994116,-51.12736957720807,""
"Morro Santana//home_8",-30.045714684601247,-51.12615003885738,""
"Morro Santana//work_8",-30.046113207934408,-51.12742532021655,""
"Morro Santana//school_8",-30.045520268337846,-51.127205313721205,""
"Morro Santana//home_9",-30.044942732272993,-51.12489631996036,""
"Morro Santana//work_9",-30.053706314473278,-51.12686731580175,""
"Morro Santana//school_9",-30.048994261334617,-51.12677143702467,""
"Morro Santana//home_10",-30.043161005709933,-51.12491658140367,""
"Morro Santana//work_10",-30.04169124524864,-51.12596783538475,""
"Morro Santana//school_10",-30.041575435927477,-51.12500873984658,""
"Morro Santana//home_11",-30.040364013637916,-51.12537743313254,""
"Morro Santana//work_11",-30.040199118575313,-51.12596886625369,""
"Morro Santana//school_11",-30.043508130857813,-51.12428990886505,""
"Morro Santana//home_12",-30.04074772471592,-51.12316423172092,""
"Morro Santana//work_12",-30.040036892399204,-51.121607595103924,""
"Morro Santana//school_12",-30.040142254558823,-51.12235580022614,""
"Morro Santana//home_13",-30.043638341269787,-51.123179049292965,""
"Morro Santana//work_13",-30.042173919397595,-51.12381646911234,""
"Morro Santana//school_13",-30.0418161297611,-51.123230719193586,""
"Morro Santana//home_14",-30.042431838542935,-51.121237045988686,""
"Morro Santana//work_14",-30.04540930720075,-51.12273100679587,""
"Morro Santana//school_14",-30.048328648102093,-51.12374541929022,""
"Morro Santana//home_15",-30.034790454088817,-51.13267162770783,""
"Morro Santana//work_15",-30.034392832692635,-51.13228745781601,""
"Morro Santana//school_15",-30.03430274046953,-51.135089227270726,""
"Morro Santana//home_16",-30.039466184095986,-51.13262934623966,""
"Morro Santana//work_16",-30.03752100204415,-51.13372888914991,""
"Morro Santana//school_16",-30.04007810741793,-51.13558889247703,""
"Morro Santana//home_17",-30.037912619605173,-51.13063846403355,""
"Morro Santana//work_17",-30.037389441557288,-51.13053292020962,""
"Morro Santana//school_17",-30.03884597000876,-51.130748243564184,""
"Morro Santana//home_18",-30.038820014885037,-51.13020859939969,""
"Morro Santana//work_18",-30.037903898125254,-51.1287315249859,""
"Morro Santana//school_18",-30.0393691231351,-51.12886240840755,""
"Morro Santana//home_19",-30.0395417659418,-51.12725006756817,""
"Morro Santana//work_19",-30.03986725775861,-51.127270342510656,""
"Morro Santana//school_19",-30.04004935861613,-51.127746322373895,""
"Morro Santana//home_20",-30.037955385600775,-51.12811591329439,""
"Morro Santana//work_20",-30.03776631679726,-51.12730274896889,""
"Morro Santana//school_20",-30.03795793231506,-51.12735794948448,""
"Morro Santana//home_21",-30.03675548754454,-51.13096234104287,""
"Morro Santana//work_21",-30.034764317143527,-51.12783829037457,""
"Morro Santana//school_21",-30.035094663131698,-51.128270877401825,""
"Morro Santana//home_22",-30.033676042293212,-51.12407283927339,""
"Morro Santana//work_22",-30.0336973871568,-51.12298751228295,""
"Morro Santana//school_22",-30.03600433096602,-51.125390562329876,""
"Morro Santana//home_23",-30.037868297357495,-51.126429304118936,""
"Morro Santana//work_23",-30.037338828896015,-51.126663569581126,""
"Morro Santana//school_23",-30.03798770828452,-51.12642135140989,""
"Morro Santana//home_24",-30.03971165144982,-51.12670605296004,""
"Morro Santana//work_24",-30.0391471496836,-51.126548345762636,""
"Morro Santana//school_24",-30.039453312476656,-51.126435560876324,""
"Morro Santana//home_25",-30.038482668159325,-51.12581880195853,""
"Morro Santana//work_25",-30.038328396105193,-51.124647270050446,""
"Morro Santana//school_25",-30.03935282029,-51.124764001141216,""
"Morro Santana//home_26",-30.037758015020334,-51.12222553350254,""
"Morro Santana//work_26",-30.038198072731493,-51.12383376749152,""
"Morro Santana//school_26",-30.03665005681237,-51.12356264495657,""
"Morro Santana//home_27",-30.039310122779632,-51.1274442003703,""
"Morro Santana//work_27",-30.039281117386494,-51.127073184210715,""
"Morro Santana//school_27",-30.03904625150369,-51.12802306949991,""
"Morro Santana//home_28",-30.046560965599966,-51.133182393593515,""
"Morro Santana//work_28",-30.046833411834555,-51.13323974612304,""
"Morro Santana//school_28",-30.046359045832475,-51.1340949215318,""
"Morro Santana//home_29",-30.051011786056012,-51.134281027726914,""
"Morro Santana//work_29",-30.04779115998309,-51.13343077786229,""
"Morro Santana//school_29",-30.052281355276182,-51.13370229436929,""
"Morro Santana//home_30",-30.033321609738923,-51.134322292664244,""
"Morro Santana//work_30",-30.031128010559037,-51.12676510855484,""
"Morro Santana//school_30",-30.031844184899523,-51.12788246915327,""
"Morro Santana//home_31",-30.04563192613841,-51.10905079352258,""
"Morro Santana//work_31",-30.040225705533246,-51.12006382752905,""
"Morro Santana//school_31",-30.049062174131265,-51.11581039236027,""
"Morro Santana//home_32",-30.039711516343225,-51.119631609861884,""
"Morro Santana//work_32",-30.039246867971293,-51.11968049109111,""
"Morro Santana//school_32",-30.039550756654858,-51.11996830420737,""
"Morro Santana//home_33",-30.042348124919116,-51.1081777146819,""
"Morro Santana//work_33",-30.04152425777039,-51.10845459720914,""
"Morro Santana//school_33",-30.042158747336444,-51.10858046385153,""
"Morro Santana//home_34",-30.042343839337597,-51.10797059368403,""
"Morro Santana//work_34",-30.04297429259692,-51.10820978138251,""
"Morro Santana//school_34",-30.043806689917346,-51.107995776357484,""
"Morro Santana//home_35",-30.04413002885524,-51.13245028076471,""
"Morro Santana//work_35",-30.041288513027094,-51.13005767186112,""
"Morro Santana//school_35",-30.04630192469115,-51.13211147895909,""
"Morro Santana//home_36",-30.041047774539994,-51.1295065129876,""
"Morro Santana//work_36",-30.041650825491267,-51.129586579007956,""
"Morro Santana//school_36",-30.041462939394314,-51.12990738042495,""
"Morro Santana//home_37",-30.041941771686478,-51.129071482867,""
"Morro Santana//work_37",-30.043068933266383,-51.13012953190204,""
"Morro Santana//school_37",-30.042117888351644,-51.1300001896042,""
"Morro Santana//home_38",-30.04436155504237,-51.129506646263316,""
"Morro Santana//work_38",-30.045215906561648,-51.13045425416686,""
"Morro Santana//school_38",-30.044946482593186,-51.13008959828104,""
"Navegantes//home_0",-29.993701929614105,-51.19927277940526,""
"Navegantes//work_0",-29.99430135771452,-51.19923829357445,""
"Navegantes//school_0",-29.99377640102572,-51.200625023101615,""
"Navegantes//home_1",-29.9966487769816,-51.20368547021888,""
"Navegantes//work_1",-29.994776683379207,-51.201570258667296,""
"Navegantes//school_1",-29.99740473165821,-51.20206262779435,""
"Navegantes//home_2",-29.997360265077717,-51.19144937047351,""
"Navegantes//work_2",-29.99753532722785,-51.19242495913745,""
"Navegantes//school_2",-29.997148441663143,-51.19108241140827,""
"Navegantes//home_3",-30.00042345272762,-51.193825855884555,""
"Navegantes//work_3",-29.999748117017113,-51.19515517839117,""
"Navegantes//school_3",-29.999323457382133,-51.19651108283762,""
"Navegantes//home_4",-30.000482111679258,-51.20068113366718,""
"Navegantes//work_4",-30.000004420817934,-51.20350890279075,""
"Navegantes//school_4",-29.998806498945722,-51.205790422772694,""
"Navegantes//home_5",-30.00142906539814,-51.19864162819886,""
"Navegantes//work_5",-30.000947728024403,-51.19955452013386,""
"Navegantes//school_5",-30.000812520118917,-51.19932989040252,""
"Navegantes//home_6",-30.00224101899215,-51.193964741244045,""
"Navegantes//work_6",-30.002911033429978,-51.19474773459479,""
"Navegantes//school_6",-30.002905482228716,-51.19462118162144,""
"Navegantes//home_7",-30.002930420498068,-51.19558455623989,""
"Navegantes//work_7",-30.003576677706818,-51.19572374825564,""
"Navegantes//school_7",-30.0034611056822,-51.19873975405577,""
"Navegantes//home_8",-30.00169793190315,-51.20314747847157,""
"Navegantes//work_8",-30.003366384593615,-51.20610904507186,""
"Navegantes//school_8",-30.00151499270485,-51.20512452515507,""
"Navegantes//home_9",-30.00413172323957,-51.20165769091771,""
"Navegantes//work_9",-30.00453168273377,-51.200582778297004,""
"Navegantes//school_9",-30.004809913100384,-51.20008209808128,""
"Navegantes//home_10",-30.004262282077732,-51.19887457523479,""
"Navegantes//work_10",-30.00400318170164,-51.2012239432407,""
"Navegantes//school_10",-30.004016024814575,-51.201304693805234,""
"Navegantes//home_11",-30.004576221998985,-51.19484152507543,""
"Navegantes//work_11",-30.004392332809935,-51.19664177452884,""
"Navegantes//school_11",-30.004294708974246,-51.195502322705885,""
"Navegantes//home_12",-30.006004409190997,-51.1957480148905,""
"Navegantes//work_12",-30.005973714789324,-51.197332327440975,""
"Navegantes//school_12",-30.006104598759087,-51.19534180331602,""
"Navegantes//home_13",-29.993215925110455,-51.196601284492004,""
"Navegantes//work_13",-29.990082702387696,-51.20240679647454,""
"Navegantes//school_13",-29.9979821078092,-51.20633153251322,""
"Nonoai//home_0",-30.087093958875517,-51.22649147623849,""
"Nonoai//work_0",-30.08700677259145,-51.22705726094486,""
"Nonoai//school_0",-30.08718386175264,-51.226451694985094,""
"Nonoai//home_1",-30.085706681306164,-51.22587058510327,""
"Nonoai//work_1",-30.085859791567216,-51.22580465188173,""
"Nonoai//school_1",-30.085929880137385,-51.225482482417114,""
"Nonoai//home_2",-30.084528931163163,-51.224392828852224,""
"Nonoai//work_2",-30.08531068309353,-51.223558818755635,""
"Nonoai//school_2",-30.086442949606056,-51.22417023980845,""
"Nonoai//home_3",-30.085544482459806,-51.22409479095557,""
"Nonoai//work_3",-30.085588994548264,-51.223249724251644,""
"Nonoai//school_3",-30.084829284471244,-51.22340953759389,""
"Nonoai//home_4",-30.082587792033276,-51.22180241778602,""
"Nonoai//work_4",-30.083001620184806,-51.22073827921588,""
"Nonoai//school_4",-30.083024524922862,-51.22155156204044,""
"Nonoai//home_5",-30.082828177155967,-51.22084280178193,""
"Nonoai//work_5",-30.082345856726267,-51.220101818068294,""
"Nonoai//school_5",-30.082255810038266,-51.2207917914644,""
"Nonoai//home_6",-30.08144732375827,-51.22031989796562,""
"Nonoai//work_6",-30.08124869193886,-51.2199057697845,""
"Nonoai//school_6",-30.0813965333281,-51.21980839461302,""
"Nonoai//home_7",-30.08123923141554,-51.21799645238716,""
"Nonoai//work_7",-30.07915033007635,-51.21754887070581,""
"Nonoai//school_7",-30.08166808769697,-51.21786015594202,""
"Nonoai//home_8",-30.081115749109536,-51.2189761230262,""
"Nonoai//work_8",-30.080769480073585,-51.21840427818756,""
"Nonoai//school_8",-30.08030063151111,-51.21834333263156,""
"Nonoai//home_9",-30.079228027463614,-51.217563813063705,""
"Nonoai//work_9",-30.080014043445782,-51.21785335316826,""
"Nonoai//school_9",-30.079570398546913,-51.21828974508607,""
"Nonoai//home_10",-30.07899671551301,-51.21511422850719,""
"Nonoai//work_10",-30.079056836678713,-51.21585784938106,""
"Nonoai//school_10",-30.079489390059237,-51.21661488997428,""
"Nonoai//home_11",-30.08260129652141,-51.21778944880524,""
"Nonoai//work_11",-30.08193373910513,-51.21672454491473,""
"Nonoai//school_11",-30.083180884174002,-51.21817538128823,""
"Nonoai//home_12",-30.08459305186134,-51.21787478985805,""
"Nonoai//work_12",-30.084101186800556,-51.21748691693008,""
"Nonoai//school_12",-30.084850627292994,-51.21581266621473,""
"Nonoai//home_13",-30.086135764610177,-51.214942038749754,""
"Nonoai//work_13",-30.085120805234812,-51.213463277877786,""
"Nonoai//school_13",-30.08514490016305,-51.21417233899821,""
"Nonoai//home_14",-30.08605519208045,-51.21583070405112,""
"Nonoai//work_14",-30.085958856533836,-51.21547723619753,""
"Nonoai//school_14",-30.085428358084776,-51.216812240561026,""
"Nonoai//home_15",-30.084695395621956,-51.21990639851549,""
"Nonoai//work_15",-30.08543321816224,-51.21917188630277,""
"Nonoai//school_15",-30.085570408439178,-51.218439233063016,""
"Nonoai//home_16",-30.083743742426748,-51.222211585405006,""
"Nonoai//work_16",-30.086776802533066,-51.22067989065108,""
"Nonoai//school_16",-30.083011420565583,-51.22221570983294,""
"Nonoai//home_17",-30.088380122879414,-51.22196221779737,""
"Nonoai//work_17",-30.086186127185975,-51.22157588979365,""
"Nonoai//school_17",-30.087576210114264,-51.22279914081857,""
"Nonoai//home_18",-30.087663202569384,-51.22553231498488,""
"Nonoai//work_18",-30.08856062745558,-51.22634508400917,""
"Nonoai//school_18",-30.088769276594125,-51.22613401436674,""
"Nonoai//home_19",-30.091786670491757,-51.23046169723762,""
"Nonoai//work_19",-30.0921230182704,-51.22911348343212,""
"Nonoai//school_19",-30.092490739556425,-51.22956966516923,""
"Nonoai//home_20",-30.092185949688076,-51.22837334124371,""
"Nonoai//work_20",-30.092809558606085,-51.2252557737817,""
"Nonoai//school_20",-30.093950742741818,-51.22695464968677,""
"Nonoai//home_21",-30.090268264195352,-51.22840503569858,""
"Nonoai//work_21",-30.090777723358304,-51.22958824811559,""
"Nonoai//school_21",-30.089999117465045,-51.22857544275691,""
"Nonoai//home_22",-30.091861207629666,-51.22375338186013,""
"Nonoai//work_22",-30.091838735997115,-51.22526357015717,""
"Nonoai//school_22",-30.091973520893504,-51.22517708652683,""
"Nonoai//home_23",-30.08975432219072,-51.22455972816654,""
"Nonoai//work_23",-30.090119204544195,-51.22361992502514,""
"Nonoai//school_23",-30.09124337987144,-51.22290343836138,""
"Nonoai//home_24",-30.089922088639277,-51.222166017793505,""
"Nonoai//work_24",-30.09086735055292,-51.22124663575208,""
"Nonoai//school_24",-30.08899486870039,-51.22246446134832,""
"Nonoai//home_25",-30.088197720972065,-51.21866166426742,""
"Nonoai//work_25",-30.08845997827083,-51.2205982615071,""
"Nonoai//school_25",-30.088771173110043,-51.217734170082664,""
"Nonoai//home_26",-30.086817247330647,-51.215313345937936,""
"Nonoai//work_26",-30.087525212294622,-51.21577137163453,""
"Nonoai//school_26",-30.091587219628188,-51.2185658186483,""
"Nonoai//home_27",-30.089362983940777,-51.217573648208216,""
"Nonoai//work_27",-30.088883046671043,-51.217510637321155,""
"Nonoai//school_27",-30.089783411445207,-51.21793548161491,""
"Nonoai//home_28",-30.08651660001973,-51.21453236099499,""
"Nonoai//work_28",-30.08616592929317,-51.21419537760316,""
"Nonoai//school_28",-30.089073981260942,-51.21426320802734,""
"Nonoai//home_29",-30.086492023609527,-51.212249580607434,""
"Nonoai//work_29",-30.086692320941854,-51.21167818187207,""
"Nonoai//school_29",-30.08650154118291,-51.212826107243735,""
"Nonoai//home_30",-30.089565463437975,-51.208297704753235,""
"Nonoai//work_30",-30.089642192842472,-51.20648226155256,""
"Nonoai//school_30",-30.088570889322504,-51.20955862069143,""
"Nonoai//home_31",-30.095026612108008,-51.20499630414919,""
"Nonoai//work_31",-30.092005916388015,-51.20258268554575,""
"Nonoai//school_31",-30.09101897383151,-51.20483612819642,""
"Nonoai//home_32",-30.093065654573405,-51.21233072284361,""
"Nonoai//work_32",-30.092397053138445,-51.20861061279278,""
"Nonoai//school_32",-30.09401930535941,-51.211686725695365,""
"Nonoai//home_33",-30.092619636524,-51.2136694967934,""
"Nonoai//work_33",-30.093873806409217,-51.21537843887364,""
"Nonoai//school_33",-30.09348264775542,-51.216306337177464,""
"Nonoai//home_34",-30.09519885454199,-51.219864882778836,""
"Nonoai//work_34",-30.09146782798851,-51.217733363010616,""
"Nonoai//school_34",-30.09840238060508,-51.22215310870859,""
"Nonoai//home_35",-30.093779366442103,-51.221455407760246,""
"Nonoai//work_35",-30.092867720330783,-51.22217851055226,""
"Nonoai//school_35",-30.092865829315016,-51.22202416592305,""
"Nonoai//home_36",-30.092808083638793,-51.22037682627036,""
"Nonoai//work_36",-30.09247840104958,-51.22004913005472,""
"Nonoai//school_36",-30.09223671427855,-51.220110105908006,""
"Nonoai//home_37",-30.09440251586222,-51.222615590652545,""
"Nonoai//work_37",-30.094824959214925,-51.222689174256544,""
"Nonoai//school_37",-30.095730894923758,-51.222813964270415,""
"Nonoai//home_38",-30.09368388174384,-51.22315214163955,""
"Nonoai//work_38",-30.094907382889847,-51.22370810138252,""
"Nonoai//school_38",-30.093652005476994,-51.22301818119794,""
"Nonoai//home_39",-30.096474424581213,-51.223311098940684,""
"Nonoai//work_39",-30.094601477878655,-51.221163104203136,""
"Nonoai//school_39",-30.096322472686325,-51.223362011029266,""
"Nonoai//home_40",-30.099298107525183,-51.224969740513195,""
"Nonoai//work_40",-30.100486521209206,-51.222977449314236,""
"Nonoai//school_40",-30.099483775548585,-51.22333254043106,""
"Nonoai//home_41",-30.10099677838632,-51.21961837663675,""
"Nonoai//work_41",-30.09575279159666,-51.21259906468579,""
"Nonoai//school_41",-30.099765497361584,-51.210284583138304,""
"Nonoai//home_42",-30.081723374971,-51.21604904460861,""
"Nonoai//work_42",-30.08133594534028,-51.214797137639565,""
"Nonoai//school_42",-30.081026065641904,-51.215473268272,""
"Nonoai//home_43",-30.086010865885203,-51.210181999536374,""
"Nonoai//work_43",-30.08709304055026,-51.20867655880773,""
"Nonoai//school_43",-30.087458840194458,-51.208552375662066,""
"Nonoai//home_44",-30.09359006705617,-51.22393071897366,""
"Nonoai//work_44",-30.094174885029506,-51.22736992481,""
"Nonoai//school_44",-30.093637111814743,-51.224117159160265,""
"Nonoai//home_45",-30.093818913104286,-51.22971835717814,""
"Nonoai//work_45",-30.093877588079636,-51.22931731470277,""
"Nonoai//school_45",-30.093755427893996,-51.229703438353475,""
"Nonoai//home_46",-30.09184144894379,-51.21393762084998,""
"Nonoai//work_46",-30.09016888148636,-51.21632198883295,""
"Nonoai//school_46",-30.090534777421375,-51.21492588876469,""
"Nonoai//home_47",-30.088819376964448,-51.21257294038002,""
"Nonoai//work_47",-30.08905203162262,-51.210638412296156,""
"Nonoai//school_47",-30.088698502882313,-51.2110965920688,""
"Nonoai//home_48",-30.09066849815924,-51.21218599726177,""
"Nonoai//work_48",-30.090569444750475,-51.21215705657026,""
"Nonoai//school_48",-30.091324623327797,-51.2115439690909,""
"Parque Santa Fé//home_0",-30.005183919943974,-51.103900815266734,""
"Parque Santa Fé//work_0",-30.006327287296052,-51.10158329031996,""
"Parque Santa Fé//school_0",-30.00522534264413,-51.10217527836093,""
"Parque Santa Fé//home_1",-30.004413674384427,-51.109458978380424,""
"Parque Santa Fé//work_1",-30.004945355107903,-51.10734410073378,""
"Parque Santa Fé//school_1",-30.004440089690647,-51.107944506795214,""
"Parque Santa Fé//home_2",-30.007378908457103,-51.10818463326688,""
"Parque Santa Fé//work_2",-30.00677662672994,-51.107397208876066,""
"Parque Santa Fé//school_2",-30.007166610918013,-51.10754547818797,""
"Parque Santa Fé//home_3",-30.008896428775905,-51.11169066205265,""
"Parque Santa Fé//work_3",-30.008301607479805,-51.110198101826775,""
"Parque Santa Fé//school_3",-30.010018527911207,-51.10879017289886,""
"Parque Santa Fé//home_4",-30.013160559092015,-51.10919624067932,""
"Parque Santa Fé//work_4",-30.01229898790857,-51.10926094002195,""
"Parque Santa Fé//school_4",-30.01194118898883,-51.10871433161876,""
"Parque Santa Fé//home_5",-30.015829480338354,-51.10979542368258,""
"Parque Santa Fé//work_5",-30.0143469346275,-51.10985241999109,""
"Parque Santa Fé//school_5",-30.01621273519065,-51.108167543860766,""
"Parque Santa Fé//home_6",-30.014663239607586,-51.1063756394971,""
"Parque Santa Fé//work_6",-30.01231022643772,-51.105593585768496,""
"Parque Santa Fé//school_6",-30.008962501531034,-51.106932054128706,""
"Parque Santa Fé//home_7",-30.008261362793352,-51.10182915044533,""
"Parque Santa Fé//work_7",-30.008318450826867,-51.10169251803755,""
"Parque Santa Fé//school_7",-30.009097494203903,-51.10047927404208,""
"Parque Santa Fé//home_8",-30.0029035668505,-51.105246633394266,""
"Parque Santa Fé//work_8",-30.003794726425397,-51.10551284217312,""
"Parque Santa Fé//school_8",-30.00793864489835,-51.10673688407922,""
"Parque Santa Fé//home_9",-30.007847958038745,-51.105964022144704,""
"Parque Santa Fé//work_9",-30.00657774364097,-51.10507310464514,""
"Parque Santa Fé//school_9",-30.005496984034384,-51.104757902100104,""
"Parque Santa Fé//home_10",-30.01175536047749,-51.10085544113386,""
"Parque Santa Fé//work_10",-30.00935482828375,-51.1011718015379,""
"Parque Santa Fé//school_10",-30.01093029857432,-51.09914400596379,""
"Parque Santa Fé//home_11",-30.015552135677876,-51.105002009762615,""
"Parque Santa Fé//work_11",-30.013185762566895,-51.09999131136224,""
"Parque Santa Fé//school_11",-30.01338232609223,-51.103550175127104,""
"Partenon//home_0",-30.067270987593663,-51.18891384874631,""
"Partenon//work_0",-30.06833401692738,-51.188184350729806,""
"Partenon//school_0",-30.067040592416706,-51.18701451364993,""
"Partenon//home_1",-30.070118029139106,-51.19360743613061,""
"Partenon//work_1",-30.071538481982724,-51.19049132752214,""
"Partenon//school_1",-30.070153408574473,-51.19042567901598,""
"Partenon//home_2",-30.07139847402552,-51.19490935517642,""
"Partenon//work_2",-30.071734894045832,-51.193822255913915,""
"Partenon//school_2",-30.07101586193442,-51.194850391440895,""
"Partenon//home_3",-30.07154337200349,-51.195110371117906,""
"Partenon//work_3",-30.071579943764302,-51.195260501704,""
"Partenon//school_3",-30.0702692057681,-51.19577999330582,""
"Partenon//home_4",-30.069967881056705,-51.19624668624018,""
"Partenon//work_4",-30.072334762587783,-51.19614385088758,""
"Partenon//school_4",-30.07087713265331,-51.19694739258885,""
"Partenon//home_5",-30.071988783531207,-51.19786407112982,""
"Partenon//work_5",-30.070945201995038,-51.19766145297884,""
"Partenon//school_5",-30.07230078413487,-51.198941434842695,""
"Partenon//home_6",-30.072358431869727,-51.198639781301225,""
"Partenon//work_6",-30.072195246804785,-51.19877311202772,""
"Partenon//school_6",-30.07255268236761,-51.19869476059401,""
"Partenon//home_7",-30.050908439449767,-51.197201117722685,""
"Partenon//work_7",-30.04935201968839,-51.197198121277815,""
"Partenon//school_7",-30.049306896104845,-51.1968784036188,""
"Partenon//home_8",-30.050095073752992,-51.19577427085438,""
"Partenon//work_8",-30.049996074428176,-51.1957164293007,""
"Partenon//school_8",-30.050099057254638,-51.195830172408336,""
"Partenon//home_9",-30.050933711306016,-51.19993972749972,""
"Partenon//work_9",-30.050507489095313,-51.200141325549204,""
"Partenon//school_9",-30.052000027196698,-51.199120783469176,""
"Partenon//home_10",-30.05155946273996,-51.20077602215835,""
"Partenon//work_10",-30.052286366069087,-51.199870318189916,""
"Partenon//school_10",-30.051153375157362,-51.20135489550199,""
"Partenon//home_11",-30.053633678998345,-51.19912877171441,""
"Partenon//work_11",-30.051974298243074,-51.19847697836992,""
"Partenon//school_11",-30.05132566054018,-51.1977229620966,""
"Partenon//home_12",-30.054230875127576,-51.198761100216764,""
"Partenon//work_12",-30.051986494865332,-51.19544985227601,""
"Partenon//school_12",-30.05362644705565,-51.19775120723152,""
"Partenon//home_13",-30.053483762421017,-51.19612915335094,""
"Partenon//work_13",-30.05172270793969,-51.19431799576642,""
"Partenon//school_13",-30.05422989901292,-51.19436088611032,""
"Partenon//home_14",-30.054635119776318,-51.19556426278354,""
"Partenon//work_14",-30.054884729267137,-51.196513044846746,""
"Partenon//school_14",-30.05409834515646,-51.19578837198406,""
"Partenon//home_15",-30.05552776962179,-51.194364449462206,""
"Partenon//work_15",-30.05375591242191,-51.193242682178266,""
"Partenon//school_15",-30.055185445829558,-51.1955111494082,""
"Partenon//home_16",-30.057449913161037,-51.19500063190956,""
"Partenon//work_16",-30.05456610280668,-51.19182514083458,""
"Partenon//school_16",-30.057079171716826,-51.194818327367926,""
"Partenon//home_17",-30.058878727487674,-51.193496302266745,""
"Partenon//work_17",-30.05612509563293,-51.19180036108355,""
"Partenon//school_17",-30.05694831478906,-51.193013730816986,""
"Partenon//home_18",-30.055852643132525,-51.19124029178067,""
"Partenon//work_18",-30.054619148029143,-51.19089141096953,""
"Partenon//school_18",-30.056065503734633,-51.19143347278889,""
"Partenon//home_19",-30.05856616449607,-51.191860279941274,""
"Partenon//work_19",-30.057839097913583,-51.19127621905825,""
"Partenon//school_19",-30.058292094873476,-51.19136456957738,""
"Partenon//home_20",-30.05565469041525,-51.190188471874805,""
"Partenon//work_20",-30.05581140732671,-51.19068420340179,""
"Partenon//school_20",-30.056240307804607,-51.190113632025295,""
"Partenon//home_21",-30.057631012911877,-51.19029019740583,""
"Partenon//work_21",-30.05573110888529,-51.18969251082104,""
"Partenon//school_21",-30.05697077848621,-51.18986817411681,""
"Partenon//home_22",-30.062390841396986,-51.19397993936913,""
"Partenon//work_22",-30.064131921031525,-51.19483431473785,""
"Partenon//school_22",-30.063491120841963,-51.19420461210511,""
"Partenon//home_23",-30.061243804793705,-51.194730148509215,""
"Partenon//work_23",-30.060498928086737,-51.19531809932604,""
"Partenon//school_23",-30.059631092651298,-51.194176658777714,""
"Partenon//home_24",-30.059968746855745,-51.192523288764185,""
"Partenon//work_24",-30.0601668004718,-51.19252469654443,""
"Partenon//school_24",-30.05930687113645,-51.19321558390712,""
"Partenon//home_25",-30.06337788601509,-51.196141751716986,""
"Partenon//work_25",-30.062567475609374,-51.195241188966335,""
"Partenon//school_25",-30.061135763756564,-51.19647612411186,""
"Partenon//home_26",-30.063470330430157,-51.195726528719995,""
"Partenon//work_26",-30.063507277281538,-51.19561110124414,""
"Partenon//school_26",-30.06248785230364,-51.19483971630839,""
"Partenon//home_27",-30.064173869764037,-51.1979064710033,""
"Partenon//work_27",-30.065404995527597,-51.196351516438476,""
"Partenon//school_27",-30.064212484123427,-51.19845612921673,""
"Partenon//home_28",-30.06687841082509,-51.20002395150969,""
"Partenon//work_28",-30.06668637562275,-51.197712886393404,""
"Partenon//school_28",-30.066779303890307,-51.199267265175656,""
"Partenon//home_29",-30.0648541523088,-51.201145751594275,""
"Partenon//work_29",-30.065780439567376,-51.20173600756279,""
"Partenon//school_29",-30.067882852872753,-51.20179464585702,""
"Partenon//home_30",-30.06979583422953,-51.201195476034655,""
"Partenon//work_30",-30.069732983041565,-51.20077980121697,""
"Partenon//school_30",-30.06947890409904,-51.19995992197098,""
"Partenon//home_31",-30.06874371186114,-51.1984953538793,""
"Partenon//work_31",-30.06753430389716,-51.19743067076594,""
"Partenon//school_31",-30.07031915197698,-51.198855708559606,""
"Partenon//home_32",-30.066623287705266,-51.19655105630205,""
"Partenon//work_32",-30.067203294549447,-51.19552206782623,""
"Partenon//school_32",-30.067989717519897,-51.19682326656995,""
"Partenon//home_33",-30.066978376937335,-51.195105342200634,""
"Partenon//work_33",-30.065850114101035,-51.19443694675337,""
"Partenon//school_33",-30.066756207966478,-51.19560323127734,""
"Partenon//home_34",-30.064738131335886,-51.19397577460661,""
"Partenon//work_34",-30.064289933688723,-51.19344154993996,""
"Partenon//school_34",-30.065294994197412,-51.194215315926506,""
"Partenon//home_35",-30.061245657285852,-51.191864288227244,""
"Partenon//work_35",-30.06356794352957,-51.19357768006059,""
"Partenon//school_35",-30.06129392151669,-51.191917047937,""
"Partenon//home_36",-30.064387897164515,-51.19335669184252,""
"Partenon//work_36",-30.064215894915474,-51.19330445099364,""
"Partenon//school_36",-30.06321544016432,-51.192762631443564,""
"Partenon//home_37",-30.06181385699685,-51.19109902781193,""
"Partenon//work_37",-30.062460521381038,-51.191997797826595,""
"Partenon//school_37",-30.062369950284292,-51.19139028459138,""
"Partenon//home_38",-30.061471246718675,-51.18951169947337,""
"Partenon//work_38",-30.061662520679427,-51.19043023472466,""
"Partenon//school_38",-30.062292863570942,-51.189088927938876,""
"Partenon//home_39",-30.064530551711233,-51.19165215288853,""
"Partenon//work_39",-30.06488474678718,-51.1922143719435,""
"Partenon//school_39",-30.063273848006535,-51.19064643221276,""
"Partenon//home_40",-30.065928698885152,-51.19320589477626,""
"Partenon//work_40",-30.063103655157253,-51.19103611553189,""
"Partenon//school_40",-30.065953074475026,-51.193283593362054,""
"Partenon//home_41",-30.06864693940013,-51.19591790917679,""
"Partenon//work_41",-30.06646113536094,-51.193577117031765,""
"Partenon//school_41",-30.0691762563283,-51.196691867284244,""
"Partenon//home_42",-30.068398252388032,-51.19477790175393,""
"Partenon//work_42",-30.069020996448206,-51.1942799790819,""
"Partenon//school_42",-30.069244065486266,-51.19265302263732,""
"Partenon//home_43",-30.06776990270725,-51.19259243726709,""
"Partenon//work_43",-30.067943072298952,-51.19217615333043,""
"Partenon//school_43",-30.069512155884848,-51.19163391719953,""
"Partenon//home_44",-30.066877110135227,-51.192814190416364,""
"Partenon//work_44",-30.06720998482696,-51.193718434076466,""
"Partenon//school_44",-30.068766084488328,-51.19266161761866,""
"Partenon//home_45",-30.06471184766425,-51.19010995009361,""
"Partenon//work_45",-30.066662003903115,-51.19207332713128,""
"Partenon//school_45",-30.06532841106133,-51.190683455911774,""
"Partenon//home_46",-30.066447766911253,-51.189513420510806,""
"Partenon//work_46",-30.06666420097641,-51.18905453512134,""
"Partenon//school_46",-30.06563440355867,-51.18867441951155,""
"Partenon//home_47",-30.06423460244396,-51.18967610913123,""
"Partenon//work_47",-30.063873957576103,-51.18964958599425,""
"Partenon//school_47",-30.06375005796694,-51.18976633879442,""
"Partenon//home_48",-30.06540772516827,-51.188651182757965,""
"Partenon//work_48",-30.065270445995143,-51.18810032236725,""
"Partenon//school_48",-30.064296702561194,-51.186942725168024,""
"Partenon//home_49",-30.05687603114102,-51.18803555443067,""
"Partenon//work_49",-30.059116918822454,-51.189918463021655,""
"Partenon//school_49",-30.056420619595944,-51.188423210721254,""
"Partenon//home_50",-30.057187374812518,-51.18832578050382,""
"Partenon//work_50",-30.057320022627582,-51.18689966408203,""
"Partenon//school_50",-30.057370693283953,-51.18669095409278,""
"Partenon//home_51",-30.06499343213018,-51.1825604166775,""
"Partenon//work_51",-30.064899089296926,-51.18263381331462,""
"Partenon//school_51",-30.065052067254324,-51.184710123005765,""
"Partenon//home_52",-30.0658878782118,-51.18193305599108,""
"Partenon//work_52",-30.06573937047679,-51.18191651191421,""
"Partenon//school_52",-30.065173393386466,-51.18214862463797,""
"Partenon//home_53",-30.056294905926528,-51.16650079548059,""
"Partenon//work_53",-30.05646573891485,-51.16756441128917,""
"Partenon//school_53",-30.056773525214442,-51.16791648135642,""
"Partenon//home_54",-30.0585831535957,-51.16556599912375,""
"Partenon//work_54",-30.057989244361345,-51.16761724172405,""
"Partenon//school_54",-30.05788535463771,-51.16770364959962,""
"Partenon//home_55",-30.058032295094847,-51.16567529300076,""
"Partenon//work_55",-30.057509404772055,-51.16574049618594,""
"Partenon//school_55",-30.05771362246439,-51.16677653041384,""
"Partenon//home_56",-30.058320382802872,-51.16632174541028,""
"Partenon//work_56",-30.058352649990603,-51.1661812483147,""
"Partenon//school_56",-30.05822482843642,-51.16564559734591,""
"Partenon//home_57",-30.06038150565692,-51.166381462708785,""
"Partenon//work_57",-30.06046796600175,-51.16583106287585,""
"Partenon//school_57",-30.058919269641027,-51.16644143277147,""
"Partenon//home_58",-30.060470290660405,-51.16393795224445,""
"Partenon//work_58",-30.061406434073408,-51.163248190451064,""
"Partenon//school_58",-30.06214434280944,-51.16105549808431,""
"Partenon//home_59",-30.05694485129792,-51.16318467318254,""
"Partenon//work_59",-30.057371488622987,-51.163349377035644,""
"Partenon//school_59",-30.05687826444618,-51.162807756249464,""
"Partenon//home_60",-30.057988647405125,-51.161920778245495,""
"Partenon//work_60",-30.05691443434653,-51.16263024965041,""
"Partenon//school_60",-30.05675779593463,-51.161913546865314,""
"Partenon//home_61",-30.060026180356022,-51.16157137219551,""
"Partenon//work_61",-30.059648756824526,-51.16107955588224,""
"Partenon//school_61",-30.05888962945751,-51.16205271649364,""
"Partenon//home_62",-30.057903233742568,-51.16048243758667,""
"Partenon//work_62",-30.0593973477984,-51.15918206557296,""
"Partenon//school_62",-30.058067507125845,-51.16005102630447,""
"Partenon//home_63",-30.0634310758631,-51.15955979995688,""
"Partenon//work_63",-30.062555729484178,-51.159323151516894,""
"Partenon//school_63",-30.062421698699534,-51.15965396497866,""
"Partenon//home_64",-30.061196481779216,-51.15637121876439,""
"Partenon//work_64",-30.0634782163215,-51.158743094314254,""
"Partenon//school_64",-30.062360957486597,-51.1576756689918,""
"Partenon//home_65",-30.05997811609915,-51.15470655347822,""
"Partenon//work_65",-30.05804266190691,-51.15626859359099,""
"Partenon//school_65",-30.05996561602703,-51.153793121252626,""
"Partenon//home_66",-30.0578353136692,-51.15715692688505,""
"Partenon//work_66",-30.057978572510883,-51.15645417695223,""
"Partenon//school_66",-30.05690555698966,-51.157077776274946,""
"Partenon//home_67",-30.061840122743384,-51.151961185221545,""
"Partenon//work_67",-30.0615218157852,-51.1519873169168,""
"Partenon//school_67",-30.061977138352198,-51.15224021605981,""
"Partenon//home_68",-30.065000605799465,-51.15302125422558,""
"Partenon//work_68",-30.06354201904376,-51.15172363005526,""
"Partenon//school_68",-30.063034990435213,-51.15393541709165,""
"Partenon//home_69",-30.06461826977185,-51.156083104576446,""
"Partenon//work_69",-30.0644662814582,-51.156679072227114,""
"Partenon//school_69",-30.064610687589045,-51.153821139895605,""
"Partenon//home_70",-30.06740885087502,-51.15499565710621,""
"Partenon//work_70",-30.067377417143053,-51.154937088999745,""
"Partenon//school_70",-30.06755893991048,-51.154592797986396,""
"Partenon//home_71",-30.067465198114,-51.151762194207386,""
"Partenon//work_71",-30.066994207331298,-51.15313101657761,""
"Partenon//school_71",-30.065991323594872,-51.15298295645701,""
"Partenon//home_72",-30.07171919503565,-51.155836930956724,""
"Partenon//work_72",-30.071190379075404,-51.15309745605679,""
"Partenon//school_72",-30.068096980676717,-51.152771823807264,""
"Partenon//home_73",-30.0574162595855,-51.16902376407509,""
"Partenon//work_73",-30.057585881768997,-51.16794563162785,""
"Partenon//school_73",-30.057823583891345,-51.16835833404901,""
"Partenon//home_74",-30.061043727540078,-51.159800068219845,""
"Partenon//work_74",-30.0604730260658,-51.15889033895978,""
"Partenon//school_74",-30.06108280681727,-51.159405939174846,""
"Partenon//home_75",-30.049719398053202,-51.198721779679005,""
"Partenon//work_75",-30.05064333335381,-51.19797052988262,""
"Partenon//school_75",-30.05027891198216,-51.19838306145069,""
"Partenon//home_76",-30.05276673149486,-51.203376020428855,""
"Partenon//work_76",-30.052889122655348,-51.202683127841304,""
"Partenon//school_76",-30.052238771602894,-51.20324997489076,""
"Partenon//home_77",-30.052814307724766,-51.20238658793408,""
"Partenon//work_77",-30.0528167038389,-51.20228067626176,""
"Partenon//school_77",-30.05239411620111,-51.202250176501956,""
"Partenon//home_78",-30.060131082541666,-51.16906339145212,""
"Partenon//work_78",-30.0601180720124,-51.169067195745974,""
"Partenon//school_78",-30.05911474243458,-51.16935676369698,""
"Partenon//home_79",-30.061522841978164,-51.167080418989485,""
"Partenon//work_79",-30.06069043091174,-51.166168678133744,""
"Partenon//school_79",-30.060372631021682,-51.16796133550452,""
"Partenon//home_80",-30.063506694461122,-51.160822030282205,""
"Partenon//work_80",-30.063153942706492,-51.1610971230345,""
"Partenon//school_80",-30.06436379976709,-51.16101138400342,""
"Partenon//home_81",-30.064145669436225,-51.16044813261167,""
"Partenon//work_81",-30.064149093405923,-51.16047651434316,""
"Partenon//school_81",-30.064204427419348,-51.160362524985445,""
"Partenon//home_82",-30.066516332952745,-51.159265650125874,""
"Partenon//work_82",-30.06589901507457,-51.160675417659924,""
"Partenon//school_82",-30.06686708578513,-51.16068322721347,""
"Partenon//home_83",-30.06839313114795,-51.15679258771346,""
"Partenon//work_83",-30.070539397030096,-51.15747508798749,""
"Partenon//school_83",-30.067848518684656,-51.15831098823851,""
"Partenon//home_84",-30.071648333418963,-51.15797607431399,""
"Partenon//work_84",-30.072355275088817,-51.15573254084725,""
"Partenon//school_84",-30.072603732809505,-51.15894392510477,""
"Partenon//home_85",-30.074905918687715,-51.15597082501765,""
"Partenon//work_85",-30.076214387924228,-51.15409541511899,""
"Partenon//school_85",-30.075092911092153,-51.157501554660406,""
"Partenon//home_86",-30.062260462955084,-51.18578146085353,""
"Partenon//work_86",-30.061951332068304,-51.18568591019958,""
"Partenon//school_86",-30.061568180200513,-51.18616559572476,""
"Partenon//home_87",-30.059175748627535,-51.185237298750316,""
"Partenon//work_87",-30.058389668244583,-51.18668321643798,""
"Partenon//school_87",-30.05808498236186,-51.18572315053303,""
"Partenon//home_88",-30.061602434382632,-51.171097958298944,""
"Partenon//work_88",-30.059026014127976,-51.17934139904305,""
"Partenon//school_88",-30.056191618904148,-51.171855352197355,""
"Partenon//home_89",-30.060338805279237,-51.17745825891832,""
"Partenon//work_89",-30.05941831796313,-51.176743623452666,""
"Partenon//school_89",-30.059707296285126,-51.177784948317736,""
"Partenon//home_90",-30.06062995931617,-51.17758775254859,""
"Partenon//work_90",-30.060142620285916,-51.180146717716724,""
"Partenon//school_90",-30.06056579217344,-51.180177488854774,""
"Partenon//home_91",-30.064490956682086,-51.198712110035935,""
"Partenon//work_91",-30.064562449858702,-51.19833236487296,""
"Partenon//school_91",-30.065043142214797,-51.1978723995553,""
"Partenon//home_92",-30.06382879904215,-51.19772362811192,""
"Partenon//work_92",-30.063781581605003,-51.19778543870382,""
"Partenon//school_92",-30.063255207838715,-51.19757008310362,""
"Partenon//home_93",-30.06323228925107,-51.19490626439209,""
"Partenon//work_93",-30.063536328564723,-51.19535997022358,""
"Partenon//school_93",-30.0629930131214,-51.19471622845264,""
"Partenon//home_94",-30.075077858285688,-51.152766919153315,""
"Partenon//work_94",-30.074218508508203,-51.151188717106876,""
"Partenon//school_94",-30.07505851670178,-51.15309797393044,""
"Passo da Areia//home_0",-30.010842388015256,-51.18075390932234,""
"Passo da Areia//work_0",-30.009980524285073,-51.18113009004537,""
"Passo da Areia//school_0",-30.011128804160254,-51.18128668953361,""
"Passo da Areia//home_1",-30.0097383645318,-51.17936103267992,""
"Passo da Areia//work_1",-30.010367969214432,-51.179911883560536,""
"Passo da Areia//school_1",-30.008847886432235,-51.18035583054704,""
"Passo da Areia//home_2",-30.01142979712762,-51.178352549403726,""
"Passo da Areia//work_2",-30.010079053283945,-51.177546784397485,""
"Passo da Areia//school_2",-30.010834747714622,-51.17843863665981,""
"Passo da Areia//home_3",-30.013729779177396,-51.17853170302929,""
"Passo da Areia//work_3",-30.017924991839077,-51.17676055961028,""
"Passo da Areia//school_3",-30.01573862131315,-51.1774612872821,""
"Passo da Areia//home_4",-30.017277847374164,-51.175885611588996,""
"Passo da Areia//work_4",-30.016214507603564,-51.17696475650228,""
"Passo da Areia//school_4",-30.017238686832695,-51.17601494352675,""
"Passo da Areia//home_5",-30.017324648838326,-51.17272260588275,""
"Passo da Areia//work_5",-30.016611164196835,-51.1736888262722,""
"Passo da Areia//school_5",-30.016261005505243,-51.17186413040566,""
"Passo da Areia//home_6",-30.014533529549112,-51.17300029900766,""
"Passo da Areia//work_6",-30.01378842305452,-51.17291798332911,""
"Passo da Areia//school_6",-30.015187411385945,-51.17327314262344,""
"Passo da Areia//home_7",-30.011539309409,-51.17787507316284,""
"Passo da Areia//work_7",-30.015785743383088,-51.174838548159414,""
"Passo da Areia//school_7",-30.016526313638607,-51.17541689845834,""
"Passo da Areia//home_8",-30.0118073902042,-51.17354931032585,""
"Passo da Areia//work_8",-30.01425842661754,-51.172208694743496,""
"Passo da Areia//school_8",-30.01281735333667,-51.17318880264872,""
"Passo da Areia//home_9",-30.012449348582425,-51.1749833342414,""
"Passo da Areia//work_9",-30.011896774948454,-51.17494002484109,""
"Passo da Areia//school_9",-30.011495066036144,-51.175709603329764,""
"Passo da Areia//home_10",-30.00911744403562,-51.177609542090096,""
"Passo da Areia//work_10",-30.01026220524743,-51.176703691266994,""
"Passo da Areia//school_10",-30.008850405095327,-51.176039555744914,""
"Passo da Areia//home_11",-30.008796931165122,-51.17338694002048,""
"Passo da Areia//work_11",-30.009326081750267,-51.173754460581115,""
"Passo da Areia//school_11",-30.0088866180897,-51.17499002632348,""
"Passo da Areia//home_12",-30.00976511120664,-51.17192902914639,""
"Passo da Areia//work_12",-30.010936725809167,-51.17203229184059,""
"Passo da Areia//school_12",-30.009051931047935,-51.17331618600456,""
"Passo da Areia//home_13",-30.007971487357054,-51.171253846359484,""
"Passo da Areia//work_13",-30.00797854462724,-51.169789793812015,""
"Passo da Areia//school_13",-30.008004739476533,-51.1692297008746,""
"Passo da Areia//home_14",-30.00903539921615,-51.171520604317664,""
"Passo da Areia//work_14",-30.009403021992203,-51.171117435205225,""
"Passo da Areia//school_14",-30.008735597267318,-51.17144099901432,""
"Passo da Areia//home_15",-30.01160096735535,-51.168666058651766,""
"Passo da Areia//work_15",-30.011480346342882,-51.16966813998741,""
"Passo da Areia//school_15",-30.01176520802217,-51.170030272861474,""
"Passo da Areia//home_16",-30.009256783125096,-51.16689543862414,""
"Passo da Areia//work_16",-30.00815479626235,-51.16717117544732,""
"Passo da Areia//school_16",-30.009620447741163,-51.16721905829795,""
"Passo da Areia//home_17",-30.01011126177981,-51.16816484487254,""
"Passo da Areia//work_17",-30.011123558537992,-51.167176458639794,""
"Passo da Areia//school_17",-30.011374025392758,-51.16806108089393,""
"Passo da Areia//home_18",-30.011887432706633,-51.16704675824517,""
"Passo da Areia//work_18",-30.01192250786299,-51.16619631045179,""
"Passo da Areia//school_18",-30.013329427585486,-51.168490291043575,""
"Passo da Areia//home_19",-30.01542053653413,-51.16785991149775,""
"Passo da Areia//work_19",-30.014895514543003,-51.16809581312897,""
"Passo da Areia//school_19",-30.015154006051926,-51.16827480281266,""
"Passo da Areia//home_20",-30.016056421322602,-51.1710410460953,""
"Passo da Areia//work_20",-30.016319183604814,-51.17102670489813,""
"Passo da Areia//school_20",-30.0161601500539,-51.17092269160748,""
"Passo da Areia//home_21",-30.018319594899165,-51.171080148183435,""
"Passo da Areia//work_21",-30.021043654395854,-51.170594697349884,""
"Passo da Areia//school_21",-30.02053118233918,-51.17075319371512,""
"Passo da Areia//home_22",-30.015010892671096,-51.16741934881802,""
"Passo da Areia//work_22",-30.01391159072999,-51.16491298792456,""
"Passo da Areia//school_22",-30.015678039603714,-51.16735800502258,""
"Passo da Areia//home_23",-30.016012021816756,-51.16682165697932,""
"Passo da Areia//work_23",-30.017374858044267,-51.16681783056782,""
"Passo da Areia//school_23",-30.01735440436344,-51.16645067657792,""
"Passo da Areia//home_24",-30.013978692227045,-51.164593762334,""
"Passo da Areia//work_24",-30.01162595868481,-51.16519442617363,""
"Passo da Areia//school_24",-30.014193764799593,-51.164685950118276,""
"Passo da Areia//home_25",-30.013692912725624,-51.16361546833932,""
"Passo da Areia//work_25",-30.01430203194158,-51.163291617872815,""
"Passo da Areia//school_25",-30.01461843535664,-51.16341580830625,""
"Passo da Areia//home_26",-30.01348438018167,-51.1628842519915,""
"Passo da Areia//work_26",-30.013897090861747,-51.161868343937755,""
"Passo da Areia//school_26",-30.01433064974763,-51.16279213512721,""
"Passo da Areia//home_27",-30.016186108687183,-51.1622333601576,""
"Passo da Areia//work_27",-30.01581697847465,-51.162022190058295,""
"Passo da Areia//school_27",-30.01737735769833,-51.161585589227556,""
"Passo da Areia//home_28",-30.01592366512695,-51.162702546430246,""
"Passo da Areia//work_28",-30.01663082339869,-51.1625113345204,""
"Passo da Areia//school_28",-30.016419593991024,-51.16248143255155,""
"Passo da Areia//home_29",-30.02041475177941,-51.16274857482489,""
"Passo da Areia//work_29",-30.019166094169652,-51.16135264156566,""
"Passo da Areia//school_29",-30.02030642840447,-51.16193536546811,""
"Passo da Areia//home_30",-30.01863801197226,-51.16232133435929,""
"Passo da Areia//work_30",-30.019404821554154,-51.16261892490633,""
"Passo da Areia//school_30",-30.019304605442446,-51.16293319455285,""
"Passo da Areia//home_31",-30.019275688972968,-51.1655846966706,""
"Passo da Areia//work_31",-30.0202520966669,-51.16576846635402,""
"Passo da Areia//school_31",-30.01916614727784,-51.165414462699935,""
"Passo da Areia//home_32",-30.018548029991948,-51.174911332278285,""
"Passo da Areia//work_32",-30.01872457578629,-51.174632896922894,""
"Passo da Areia//school_32",-30.01753326124253,-51.17182589199188,""
"Passo da Areia//home_33",-30.01692484949005,-51.17011770629398,""
"Passo da Areia//work_33",-30.020321780365943,-51.16987436011182,""
"Passo da Areia//school_33",-30.02079114636469,-51.17010056992227,""
"Passo da Areia//home_34",-30.012456105488063,-51.162890062373734,""
"Passo da Areia//work_34",-30.011132915726737,-51.16258745549913,""
"Passo da Areia//school_34",-30.011734323945326,-51.1621462155255,""
"Passo da Areia//home_35",-30.02108216018968,-51.16679566582159,""
"Passo da Areia//work_35",-30.02167540190016,-51.17057506501793,""
"Passo da Areia//school_35",-30.02167705266964,-51.16981505596825,""
"Passo da Areia//home_36",-30.012304574892912,-51.17084453881731,""
"Passo da Areia//work_36",-30.014218372325303,-51.169827902908025,""
"Passo da Areia//school_36",-30.015566011823438,-51.16996160745249,""
"Passo da Areia//home_37",-30.016276916071753,-51.1692316314588,""
"Passo da Areia//work_37",-30.016791459919,-51.17010055917199,""
"Passo da Areia//school_37",-30.01617564848741,-51.169604946293454,""
"Passo da Areia//home_38",-30.020029833869742,-51.16810400846424,""
"Passo da Areia//work_38",-30.017325315156533,-51.16930356880948,""
"Passo da Areia//school_38",-30.01819721121345,-51.16875679367611,""
"Passo da Areia//home_39",-30.01697112223684,-51.167065193007204,""
"Passo da Areia//work_39",-30.01799486287665,-51.168467491273894,""
"Passo da Areia//school_39",-30.017609091883564,-51.16780905557228,""
"Passo da Areia//home_40",-30.01832302146404,-51.164554975507876,""
"Passo da Areia//work_40",-30.018548198466064,-51.16440182282511,""
"Passo da Areia//school_40",-30.018296697433225,-51.164586440142536,""
"Passo da Areia//home_41",-30.018392634759365,-51.166956689502605,""
"Passo da Areia//work_41",-30.01811309616337,-51.166002022249046,""
"Passo da Areia//school_41",-30.019031605241565,-51.1659478393199,""
"Passo da Areia//home_42",-30.016471038355903,-51.16303303016372,""
"Passo da Areia//work_42",-30.01581718129479,-51.16320759185445,""
"Passo da Areia//school_42",-30.017189245179285,-51.16290992863713,""
"Passo da Areia//home_43",-30.015325597731863,-51.166442630434524,""
"Passo da Areia//work_43",-30.01622534801902,-51.164254095827886,""
"Passo da Areia//school_43",-30.016165374867906,-51.16425078521809,""
"Passo das Pedras//home_0",-30.01244351122277,-51.12803332400169,""
"Passo das Pedras//work_0",-30.014764694225164,-51.12850772405376,""
"Passo das Pedras//school_0",-30.013657272450153,-51.12731913310104,""
"Passo das Pedras//home_1",-30.016546418145456,-51.12620313982018,""
"Passo das Pedras//work_1",-30.017437899964605,-51.126664457618524,""
"Passo das Pedras//school_1",-30.017216266077593,-51.12613264275475,""
"Passo das Pedras//home_2",-30.01221497401014,-51.12558878794174,""
"Passo das Pedras//work_2",-30.01227255503528,-51.12677433356443,""
"Passo das Pedras//school_2",-30.01437039696434,-51.12572689000292,""
"Passo das Pedras//home_3",-30.0160821055309,-51.12099542785451,""
"Passo das Pedras//work_3",-30.013402072924666,-51.12401950675688,""
"Passo das Pedras//school_3",-30.01289624246626,-51.12492348533445,""
"Passo das Pedras//home_4",-30.017149183963756,-51.12284016228998,""
"Passo das Pedras//work_4",-30.015670337821206,-51.12392004178547,""
"Passo das Pedras//school_4",-30.014568136533217,-51.12455125953336,""
"Passo das Pedras//home_5",-30.019288992630162,-51.127420207805265,""
"Passo das Pedras//work_5",-30.018675940071,-51.12843295028402,""
"Passo das Pedras//school_5",-30.021669513238244,-51.126719478344334,""
"Passo das Pedras//home_6",-30.017451444392787,-51.129835577907066,""
"Passo das Pedras//work_6",-30.01756542342752,-51.12967470805362,""
"Passo das Pedras//school_6",-30.017352782080625,-51.12769054598321,""
"Passo das Pedras//home_7",-30.02241440329429,-51.1279726835367,""
"Passo das Pedras//work_7",-30.02304981624488,-51.12861429360097,""
"Passo das Pedras//school_7",-30.02211870964643,-51.12820717397034,""
"Passo das Pedras//home_8",-30.022169770766755,-51.122467091350124,""
"Passo das Pedras//work_8",-30.023045985287006,-51.125628553630975,""
"Passo das Pedras//school_8",-30.022877741467305,-51.12420614779037,""
"Passo das Pedras//home_9",-30.023679114996714,-51.124488880420735,""
"Passo das Pedras//work_9",-30.024339201708383,-51.12626276145636,""
"Passo das Pedras//school_9",-30.024144301690423,-51.12605830600648,""
"Passo das Pedras//home_10",-30.024077938037646,-51.130122821889714,""
"Passo das Pedras//work_10",-30.023949731223812,-51.12952806950408,""
"Passo das Pedras//school_10",-30.025418022146052,-51.13030691035072,""
"Passo das Pedras//home_11",-30.029701637021347,-51.130960000324386,""
"Passo das Pedras//work_11",-30.027506153144667,-51.12990629757287,""
"Passo das Pedras//school_11",-30.028458074990496,-51.130482595965404,""
"Passo das Pedras//home_12",-30.030607318333455,-51.13098989859434,""
"Passo das Pedras//work_12",-30.027620853010944,-51.12412663741747,""
"Passo das Pedras//school_12",-30.027356745025553,-51.12170176571219,""
"Passo das Pedras//home_13",-30.029044207359195,-51.12994809527507,""
"Passo das Pedras//work_13",-30.02732312311307,-51.128564011223496,""
"Passo das Pedras//school_13",-30.027015360684754,-51.12938324296884,""
"Passo das Pedras//home_14",-30.026623986948287,-51.122475450623604,""
"Passo das Pedras//work_14",-30.02633559006186,-51.1257624176148,""
"Passo das Pedras//school_14",-30.02655256304962,-51.125633893213326,""
"Passo das Pedras//home_15",-30.021886107466266,-51.123098141918,""
"Passo das Pedras//work_15",-30.021630365844686,-51.124325319920224,""
"Passo das Pedras//school_15",-30.020285667835296,-51.1228321874449,""
"Passo das Pedras//home_16",-30.021585463853086,-51.12612273016898,""
"Passo das Pedras//work_16",-30.022122871233428,-51.12588562854753,""
"Passo das Pedras//school_16",-30.02134521493093,-51.12637364965824,""
"Passo das Pedras//home_17",-30.01396885461715,-51.13029740418994,""
"Passo das Pedras//work_17",-30.012283202210966,-51.130113889032316,""
"Passo das Pedras//school_17",-30.01338640561515,-51.12978024256692,""
"Passo das Pedras//home_18",-30.01683921235886,-51.12834969164095,""
"Passo das Pedras//work_18",-30.015266590938705,-51.130793844605655,""
"Passo das Pedras//school_18",-30.016024552027265,-51.13106966074228,""
"Passo das Pedras//home_19",-30.021675810419,-51.120012354712465,""
"Passo das Pedras//work_19",-30.019694316081726,-51.1222289749884,""
"Passo das Pedras//school_19",-30.020136650801415,-51.11973591191485,""
"Passo das Pedras//home_20",-30.01861285263243,-51.12065943147361,""
"Passo das Pedras//work_20",-30.0186018291421,-51.120789901127765,""
"Passo das Pedras//school_20",-30.018344327416703,-51.11974299356819,""
"Passo das Pedras//home_21",-30.02673758131688,-51.131510241712476,""
"Passo das Pedras//work_21",-30.01809688577496,-51.13043460152485,""
"Passo das Pedras//school_21",-30.01943006790308,-51.13115210172153,""
"Passo das Pedras//home_22",-30.020861525714583,-51.12826176513118,""
"Passo das Pedras//work_22",-30.02017255246595,-51.12836708084692,""
"Passo das Pedras//school_22",-30.019768611555847,-51.12856102468885,""
"Passo das Pedras//home_23",-30.01958914113428,-51.12959271222078,""
"Passo das Pedras//work_23",-30.02191830146248,-51.12999316476046,""
"Passo das Pedras//school_23",-30.022671022624724,-51.12981247785404,""
"Passo das Pedras//home_24",-30.023917381421956,-51.12221996743015,""
"Passo das Pedras//work_24",-30.02523074716109,-51.12579655440487,""
"Passo das Pedras//school_24",-30.025031350474425,-51.12543293041169,""
"Passo das Pedras//home_25",-30.023397381520944,-51.123162339326846,""
"Passo das Pedras//work_25",-30.023422102879753,-51.1241079633137,""
"Passo das Pedras//school_25",-30.02428176663955,-51.12280652219406,""
"Pedra Redonda//home_0",-30.123901145063193,-51.24993183387297,""
"Pedra Redonda//work_0",-30.12569710933006,-51.24264874618289,""
"Pedra Redonda//school_0",-30.124152171371055,-51.24860155141884,""
"Pedra Redonda//home_1",-30.123355849844636,-51.246741958830434,""
"Pedra Redonda//work_1",-30.12256690187281,-51.24780330539196,""
"Pedra Redonda//school_1",-30.12236883444935,-51.247576087183376,""
"Petrópolis//home_0",-30.03915789837307,-51.194919497172336,""
"Petrópolis//work_0",-30.039896597200567,-51.1949618436759,""
"Petrópolis//school_0",-30.039504333443627,-51.19513294452925,""
"Petrópolis//home_1",-30.04177358523943,-51.195391013762354,""
"Petrópolis//work_1",-30.04091841149709,-51.19594862826588,""
"Petrópolis//school_1",-30.040474490683717,-51.19577265082977,""
"Petrópolis//home_2",-30.042570689839305,-51.19639098427787,""
"Petrópolis//work_2",-30.04219857869756,-51.195931091568845,""
"Petrópolis//school_2",-30.042213953075894,-51.19497550715368,""
"Petrópolis//home_3",-30.046122429750334,-51.19656398063795,""
"Petrópolis//work_3",-30.043546721687612,-51.19663026909407,""
"Petrópolis//school_3",-30.04426332293823,-51.19614288968866,""
"Petrópolis//home_4",-30.044967227118825,-51.19562921487263,""
"Petrópolis//work_4",-30.046162072343343,-51.19610803904606,""
"Petrópolis//school_4",-30.044567521793798,-51.19571889041405,""
"Petrópolis//home_5",-30.046635315525688,-51.19632948300108,""
"Petrópolis//work_5",-30.047824399890185,-51.19633980233892,""
"Petrópolis//school_5",-30.04724837982786,-51.19607446207964,""
"Petrópolis//home_6",-30.04481959528021,-51.19511001814385,""
"Petrópolis//work_6",-30.043743418301933,-51.19452999125816,""
"Petrópolis//school_6",-30.043842203762306,-51.19447116564508,""
"Petrópolis//home_7",-30.04339716516812,-51.19499029436279,""
"Petrópolis//work_7",-30.040877118837738,-51.19336917049654,""
"Petrópolis//school_7",-30.042540223987633,-51.19371915948252,""
"Petrópolis//home_8",-30.03922569338571,-51.19408506279678,""
"Petrópolis//work_8",-30.039865450044875,-51.193229324803895,""
"Petrópolis//school_8",-30.040169163165395,-51.19417837023293,""
"Petrópolis//home_9",-30.041981324878183,-51.192811015646896,""
"Petrópolis//work_9",-30.041520949711956,-51.19291429485221,""
"Petrópolis//school_9",-30.042007814711624,-51.19332942749345,""
"Petrópolis//home_10",-30.043475657232523,-51.19181331270861,""
"Petrópolis//work_10",-30.04395060625638,-51.190974928916134,""
"Petrópolis//school_10",-30.042239179973304,-51.191512248277554,""
"Petrópolis//home_11",-30.04434596603816,-51.19308515705681,""
"Petrópolis//work_11",-30.044172102048584,-51.192784106168276,""
"Petrópolis//school_11",-30.045294233134896,-51.19353116496897,""
"Petrópolis//home_12",-30.048652339576403,-51.19109167999232,""
"Petrópolis//work_12",-30.047888836632392,-51.19147647776535,""
"Petrópolis//school_12",-30.048385214467867,-51.1910991201951,""
"Petrópolis//home_13",-30.049080652754984,-51.187683907990056,""
"Petrópolis//work_13",-30.048214029820375,-51.18804642692055,""
"Petrópolis//school_13",-30.048571036637668,-51.18916359516231,""
"Petrópolis//home_14",-30.047025048496085,-51.190575484421,""
"Petrópolis//work_14",-30.04787539346009,-51.18877775777475,""
"Petrópolis//school_14",-30.04699819246417,-51.18960723937259,""
"Petrópolis//home_15",-30.043605006601748,-51.189962446962554,""
"Petrópolis//work_15",-30.04544252914864,-51.19007257386719,""
"Petrópolis//school_15",-30.043505475420396,-51.1883450777656,""
"Petrópolis//home_16",-30.041771537481726,-51.1903264415082,""
"Petrópolis//work_16",-30.042442805187694,-51.19005337099844,""
"Petrópolis//school_16",-30.042159755654207,-51.18994630639994,""
"Petrópolis//home_17",-30.04111912546788,-51.19105909897807,""
"Petrópolis//work_17",-30.039614744897555,-51.19125018401565,""
"Petrópolis//school_17",-30.041099500271535,-51.191509848350734,""
"Petrópolis//home_18",-30.038247740859966,-51.189086642626066,""
"Petrópolis//work_18",-30.039015568116334,-51.18952017406083,""
"Petrópolis//school_18",-30.03891603663217,-51.189181842772356,""
"Petrópolis//home_19",-30.03898350356959,-51.18768479553097,""
"Petrópolis//work_19",-30.039056438557594,-51.189003820289855,""
"Petrópolis//school_19",-30.03930793645862,-51.190404647268856,""
"Petrópolis//home_20",-30.040349458504085,-51.189549154637376,""
"Petrópolis//work_20",-30.040295362434296,-51.1891580767792,""
"Petrópolis//school_20",-30.042200177089992,-51.18871771478053,""
"Petrópolis//home_21",-30.042969817089496,-51.18809961863157,""
"Petrópolis//work_21",-30.043189828914365,-51.18842446092244,""
"Petrópolis//school_21",-30.04300809726378,-51.18782073160295,""
"Petrópolis//home_22",-30.04469895425532,-51.18656439904732,""
"Petrópolis//work_22",-30.04404710321121,-51.187485493778446,""
"Petrópolis//school_22",-30.043674650188663,-51.187529038505254,""
"Petrópolis//home_23",-30.0476001117874,-51.18606004644443,""
"Petrópolis//work_23",-30.04698242153706,-51.18621476204953,""
"Petrópolis//school_23",-30.046357895135028,-51.18631858064046,""
"Petrópolis//home_24",-30.049039442442798,-51.186752890402396,""
"Petrópolis//work_24",-30.04785131775591,-51.186363590853304,""
"Petrópolis//school_24",-30.047870508908186,-51.186342318689505,""
"Petrópolis//home_25",-30.049866003148637,-51.18631109544054,""
"Petrópolis//work_25",-30.049700260486496,-51.18600015034014,""
"Petrópolis//school_25",-30.048147607210588,-51.185740737824105,""
"Petrópolis//home_26",-30.04938009142297,-51.18495480997819,""
"Petrópolis//work_26",-30.047620984841913,-51.184643016336224,""
"Petrópolis//school_26",-30.049360023593085,-51.18499705695871,""
"Petrópolis//home_27",-30.04838402964199,-51.184320609537515,""
"Petrópolis//work_27",-30.04840327624001,-51.18439525365913,""
"Petrópolis//school_27",-30.04959435290071,-51.18450998071126,""
"Petrópolis//home_28",-30.050018337136624,-51.18427637003901,""
"Petrópolis//work_28",-30.05030820310693,-51.18438408351762,""
"Petrópolis//school_28",-30.049320636403326,-51.18435408507277,""
"Petrópolis//home_29",-30.048763704504278,-51.1840638069312,""
"Petrópolis//work_29",-30.048382040449457,-51.1834791124609,""
"Petrópolis//school_29",-30.048133979514958,-51.1831830361111,""
"Petrópolis//home_30",-30.04770297227152,-51.184051057303506,""
"Petrópolis//work_30",-30.047653221921195,-51.183969312940725,""
"Petrópolis//school_30",-30.047756986802895,-51.184173826334565,""
"Petrópolis//home_31",-30.047048737313954,-51.18497814330271,""
"Petrópolis//work_31",-30.04515963188727,-51.18560902627259,""
"Petrópolis//school_31",-30.04536625770072,-51.1844810588176,""
"Petrópolis//home_32",-30.044914305030016,-51.18123279708042,""
"Petrópolis//work_32",-30.04628983414225,-51.18276220506121,""
"Petrópolis//school_32",-30.046368553459736,-51.18289202704766,""
"Petrópolis//home_33",-30.043275725460454,-51.18013304022727,""
"Petrópolis//work_33",-30.043015346917347,-51.18029974513625,""
"Petrópolis//school_33",-30.04671209028244,-51.18133267575108,""
"Petrópolis//home_34",-30.043533718956965,-51.18424739526974,""
"Petrópolis//work_34",-30.042251529724773,-51.183590851742096,""
"Petrópolis//school_34",-30.043094668573826,-51.18434472962977,""
"Petrópolis//home_35",-30.04153352473589,-51.18493379139589,""
"Petrópolis//work_35",-30.041576592893954,-51.18496922227558,""
"Petrópolis//school_35",-30.042436986829436,-51.18484251207754,""
"Petrópolis//home_36",-30.041007613571253,-51.183680305803115,""
"Petrópolis//work_36",-30.041939024577974,-51.187768518761615,""
"Petrópolis//school_36",-30.04132797219637,-51.186258660350965,""
"Petrópolis//home_37",-30.04012457232519,-51.18414040169608,""
"Petrópolis//work_37",-30.040069680446315,-51.185844951513005,""
"Petrópolis//school_37",-30.040945374806782,-51.18826084023509,""
"Petrópolis//home_38",-30.04032168149517,-51.187516826057674,""
"Petrópolis//work_38",-30.039450867127982,-51.18502543170113,""
"Petrópolis//school_38",-30.03920172939022,-51.18604131565678,""
"Petrópolis//home_39",-30.038645680677025,-51.185900434762466,""
"Petrópolis//work_39",-30.038002077765544,-51.185794715446875,""
"Petrópolis//school_39",-30.038675658975105,-51.18610870391827,""
"Petrópolis//home_40",-30.036745155148687,-51.1859184442223,""
"Petrópolis//work_40",-30.03688880163777,-51.18667559976087,""
"Petrópolis//school_40",-30.036715880678862,-51.18560731970014,""
"Petrópolis//home_41",-30.035280769004356,-51.18486902406911,""
"Petrópolis//work_41",-30.03697367887224,-51.18380408742524,""
"Petrópolis//school_41",-30.035869715722463,-51.18476986464988,""
"Petrópolis//home_42",-30.032310905416992,-51.181924670282896,""
"Petrópolis//work_42",-30.033007171822746,-51.18056594605399,""
"Petrópolis//school_42",-30.03399842037238,-51.18362304576939,""
"Petrópolis//home_43",-30.033828681598088,-51.1805416304936,""
"Petrópolis//work_43",-30.033618486520943,-51.18075228813301,""
"Petrópolis//school_43",-30.034227049798485,-51.180230392685154,""
"Petrópolis//home_44",-30.038872585313285,-51.18297574177741,""
"Petrópolis//work_44",-30.037102420769784,-51.18354476998839,""
"Petrópolis//school_44",-30.03764505643189,-51.18200552362368,""
"Petrópolis//home_45",-30.036559085312028,-51.178311086167454,""
"Petrópolis//work_45",-30.036129138805297,-51.17863180319949,""
"Petrópolis//school_45",-30.03602864874435,-51.17834964619565,""
"Petrópolis//home_46",-30.037909836967128,-51.17438696252126,""
"Petrópolis//work_46",-30.036094693927755,-51.17669490820939,""
"Petrópolis//school_46",-30.035884804222793,-51.17682632408057,""
"Petrópolis//home_47",-30.03944696896136,-51.176616008822755,""
"Petrópolis//work_47",-30.03720177492646,-51.17676566410974,""
"Petrópolis//school_47",-30.03921521336454,-51.176187720290315,""
"Petrópolis//home_48",-30.03837324310499,-51.18059538684104,""
"Petrópolis//work_48",-30.038618031661,-51.181364453136645,""
"Petrópolis//school_48",-30.039738496256,-51.179563292596065,""
"Petrópolis//home_49",-30.039818080712248,-51.180661103025145,""
"Petrópolis//work_49",-30.04056968417892,-51.17985239534506,""
"Petrópolis//school_49",-30.04026238918868,-51.179653148955296,""
"Petrópolis//home_50",-30.038719658627706,-51.182127594729934,""
"Petrópolis//work_50",-30.038708446176088,-51.182160301018584,""
"Petrópolis//school_50",-30.039877120738925,-51.183767868166036,""
"Petrópolis//home_51",-30.04268620624217,-51.18222042489324,""
"Petrópolis//work_51",-30.042178987500517,-51.18171638545383,""
"Petrópolis//school_51",-30.041365256707117,-51.18147180839091,""
"Petrópolis//home_52",-30.042475358924907,-51.18123563525841,""
"Petrópolis//work_52",-30.042561705933927,-51.18152942204529,""
"Petrópolis//school_52",-30.043165959128533,-51.18173954125913,""
"Petrópolis//home_53",-30.04593486238205,-51.178711403903016,""
"Petrópolis//work_53",-30.045303226089906,-51.178818484461566,""
"Petrópolis//school_53",-30.046033071337565,-51.17954425521409,""
"Petrópolis//home_54",-30.041819293017628,-51.17716591641783,""
"Petrópolis//work_54",-30.041771453274794,-51.17757459629678,""
"Petrópolis//school_54",-30.042889383353426,-51.179005636053695,""
"Petrópolis//home_55",-30.039565942727865,-51.17738298317799,""
"Petrópolis//work_55",-30.041078257777624,-51.17831902788366,""
"Petrópolis//school_55",-30.040437588228272,-51.17762497361733,""
"Petrópolis//home_56",-30.042568472400536,-51.172749443904,""
"Petrópolis//work_56",-30.045466653618625,-51.17510523796275,""
"Petrópolis//school_56",-30.043840369474637,-51.17295618843237,""
"Petrópolis//home_57",-30.046852644901467,-51.174159645706915,""
"Petrópolis//work_57",-30.047196536455257,-51.17601923906693,""
"Petrópolis//school_57",-30.047430066097448,-51.1728945265098,""
"Petrópolis//home_58",-30.043852378130865,-51.192891538852095,""
"Petrópolis//work_58",-30.0427172218437,-51.19219609976448,""
"Petrópolis//school_58",-30.042534035232602,-51.19279735752203,""
"Petrópolis//home_59",-30.04465648162335,-51.191222111288134,""
"Petrópolis//work_59",-30.044810805141903,-51.19206224428472,""
"Petrópolis//school_59",-30.045095707619563,-51.19190565615523,""
"Petrópolis//home_60",-30.046127626847657,-51.19038125253214,""
"Petrópolis//work_60",-30.0465274279116,-51.189167000277926,""
"Petrópolis//school_60",-30.04605905099202,-51.18940958821582,""
"Petrópolis//home_61",-30.02993146650705,-51.181458766546605,""
"Petrópolis//work_61",-30.031864584384067,-51.18195341385069,""
"Petrópolis//school_61",-30.029802305059018,-51.18147723883597,""
"Petrópolis//home_62",-30.033591871915018,-51.178798885006266,""
"Petrópolis//work_62",-30.036770980832845,-51.180683978440655,""
"Petrópolis//school_62",-30.036532213119948,-51.18135710408886,""
"Petrópolis//home_63",-30.03825632533508,-51.178310742917674,""
"Petrópolis//work_63",-30.037310636133586,-51.179946836610576,""
"Petrópolis//school_63",-30.038816201432464,-51.17867730777699,""
"Petrópolis//home_64",-30.04026782815083,-51.1818686028355,""
"Petrópolis//work_64",-30.040411809997693,-51.18185931360715,""
"Petrópolis//school_64",-30.04068011617225,-51.18337263262896,""
"Petrópolis//home_65",-30.0457099033933,-51.191582686173824,""
"Petrópolis//work_65",-30.04667119087671,-51.19104494468096,""
"Petrópolis//school_65",-30.04593268438868,-51.19139304430158,""
"Petrópolis//home_66",-30.04585011194459,-51.19278725191625,""
"Petrópolis//work_66",-30.046743631951106,-51.193894627094345,""
"Petrópolis//school_66",-30.045803969533132,-51.19417165034298,""
"Petrópolis//home_67",-30.03933002051158,-51.17403976870376,""
"Petrópolis//work_67",-30.03978387235531,-51.17401652270337,""
"Petrópolis//school_67",-30.03952562237303,-51.17413052844587,""
"Petrópolis//home_68",-30.042347120470094,-51.17704238674476,""
"Petrópolis//work_68",-30.04350098293832,-51.17856362574132,""
"Petrópolis//school_68",-30.0417306331605,-51.176487790520305,""
"Petrópolis//home_69",-30.04977259387834,-51.19543630085173,""
"Petrópolis//work_69",-30.048018145189715,-51.19482567110011,""
"Petrópolis//school_69",-30.047781127312426,-51.19449825217851,""
"Petrópolis//home_70",-30.046062323991553,-51.194739474998286,""
"Petrópolis//work_70",-30.04834881038996,-51.19549164114715,""
"Petrópolis//school_70",-30.048731839247242,-51.19608693458624,""
"Petrópolis//home_71",-30.04900996347681,-51.192349823770726,""
"Petrópolis//work_71",-30.04837819250559,-51.1931060048773,""
"Petrópolis//school_71",-30.048495766892554,-51.19217375420384,""
"Petrópolis//home_72",-30.048334597602622,-51.193883682020974,""
"Petrópolis//work_72",-30.05029669785521,-51.19391887139321,""
"Petrópolis//school_72",-30.048185390559095,-51.193560541267516,""
"Petrópolis//home_73",-30.04301027945168,-51.176557818535265,""
"Petrópolis//work_73",-30.043569831048398,-51.17629607636965,""
"Petrópolis//school_73",-30.042596797435987,-51.175292243391475,""
"Petrópolis//home_74",-30.04429982248971,-51.17828179633238,""
"Petrópolis//work_74",-30.045994396270036,-51.17765288142462,""
"Petrópolis//school_74",-30.043842342824544,-51.177665586528185,""
"Pitinga//home_0",-30.157556740463928,-51.09804916822066,""
"Pitinga//work_0",-30.154947412005505,-51.09784898719042,""
"Pitinga//school_0",-30.144855818705118,-51.10521910048881,""
"Pitinga//home_1",-30.14845160529722,-51.09952725930057,""
"Pitinga//work_1",-30.147979828442402,-51.099264814444325,""
"Pitinga//school_1",-30.148457342344333,-51.096669160822444,""
"Pitinga//home_2",-30.13676414593057,-51.10400348979795,""
"Pitinga//work_2",-30.13969884051687,-51.10375364450833,""
"Pitinga//school_2",-30.13568567628458,-51.10073916019082,""
"Pitinga//home_3",-30.14262975707072,-51.10675068805101,""
"Pitinga//work_3",-30.141082052203274,-51.11440267524261,""
"Pitinga//school_3",-30.143810365408648,-51.10935262180209,""
"Pitinga//home_4",-30.141347152748118,-51.11964384032486,""
"Pitinga//work_4",-30.141809207820202,-51.11952747736564,""
"Pitinga//school_4",-30.142912784204274,-51.118996359258716,""
"Pitinga//home_5",-30.142060277836777,-51.11815871473232,""
"Pitinga//work_5",-30.143366660127402,-51.11853841062609,""
"Pitinga//school_5",-30.141485577696923,-51.1184082380684,""
"Pitinga//home_6",-30.14337680325596,-51.1170488703823,""
"Pitinga//work_6",-30.14243614651378,-51.11745794212226,""
"Pitinga//school_6",-30.14276289574009,-51.11735654298772,""
"Pitinga//home_7",-30.139027413416542,-51.09904819253614,""
"Pitinga//work_7",-30.13917361317089,-51.09996888439041,""
"Pitinga//school_7",-30.1385121525961,-51.098267988803755,""
"Pitinga//home_8",-30.161514308807188,-51.10958369325676,""
"Pitinga//work_8",-30.151412164202917,-51.09677615232004,""
"Pitinga//school_8",-30.154856116742394,-51.10743326999984,""
"Pitinga//home_9",-30.147284791021086,-51.121365340651316,""
"Pitinga//work_9",-30.153468315722446,-51.113452983297314,""
"Pitinga//school_9",-30.146521917587613,-51.114480902148024,""
"Pitinga//home_10",-30.1440926040606,-51.12057119884292,""
"Pitinga//work_10",-30.147659781929825,-51.12017370007746,""
"Pitinga//school_10",-30.145226057505784,-51.12017509174095,""
"Pitinga//home_11",-30.141365609043458,-51.12441882248377,""
"Pitinga//work_11",-30.140490896858882,-51.11827050636198,""
"Pitinga//school_11",-30.142966216736006,-51.12123513643264,""
"Ponta Grossa//home_0",-30.184614847418832,-51.246061882563616,""
"Ponta Grossa//work_0",-30.18619909255923,-51.22863174640484,""
"Ponta Grossa//school_0",-30.18488996363446,-51.2379289636672,""
"Ponta Grossa//home_1",-30.187288782601765,-51.22251363724854,""
"Ponta Grossa//work_1",-30.18861178719278,-51.21841776697318,""
"Ponta Grossa//school_1",-30.187857840281524,-51.22442280046693,""
"Ponta Grossa//home_2",-30.18366719026877,-51.21739097664623,""
"Ponta Grossa//work_2",-30.177730730123642,-51.214479384724484,""
"Ponta Grossa//school_2",-30.175416376736862,-51.217860481941145,""
"Ponta Grossa//home_3",-30.18526152064892,-51.20106714407318,""
"Ponta Grossa//work_3",-30.1878068563985,-51.201386525832476,""
"Ponta Grossa//school_3",-30.189138678380836,-51.193523336663844,""
"Ponta Grossa//home_4",-30.175501680117666,-51.21341633284371,""
"Ponta Grossa//work_4",-30.17303750974277,-51.20212659763417,""
"Ponta Grossa//school_4",-30.177429405528677,-51.18660739899839,""
"Ponta Grossa//home_5",-30.174362080635024,-51.188283667564995,""
"Ponta Grossa//work_5",-30.173686739781335,-51.18876778131297,""
"Ponta Grossa//school_5",-30.17716953832229,-51.187622015820196,""
"Ponta Grossa//home_6",-30.184362730142727,-51.19494860282237,""
"Ponta Grossa//work_6",-30.18528549976145,-51.190481124587194,""
"Ponta Grossa//school_6",-30.186435824740883,-51.190514563588465,""
"Ponta Grossa//home_7",-30.184324297793747,-51.188944867051106,""
"Ponta Grossa//work_7",-30.188116447759164,-51.18582956580258,""
"Ponta Grossa//school_7",-30.189725208440954,-51.1874657497469,""
"Ponta Grossa//home_8",-30.18062370572974,-51.17747435626339,""
"Ponta Grossa//work_8",-30.18320575337778,-51.179094621386184,""
"Ponta Grossa//school_8",-30.179869643983082,-51.17974310796631,""
"Ponta Grossa//home_9",-30.17624176590689,-51.18886256672938,""
"Ponta Grossa//work_9",-30.180522611482502,-51.18862791434429,""
"Ponta Grossa//school_9",-30.178477574784377,-51.188748105783716,""
"Ponta Grossa//home_10",-30.175528969309827,-51.18019429508327,""
"Ponta Grossa//work_10",-30.174115533585084,-51.18040041232949,""
"Ponta Grossa//school_10",-30.174164763808037,-51.181541184026976,""
"Ponta Grossa//home_11",-30.17578110651253,-51.17636681415102,""
"Ponta Grossa//work_11",-30.17817754452739,-51.177635884300685,""
"Ponta Grossa//school_11",-30.174719032861496,-51.17748680643161,""
"Ponta Grossa//home_12",-30.181757959881132,-51.18592574876749,""
"Ponta Grossa//work_12",-30.18118517716618,-51.18471645438804,""
"Ponta Grossa//school_12",-30.18469232762386,-51.18518758366276,""
"Praia de Belas//home_0",-30.043157261739985,-51.2299659662092,3.2
"Praia de Belas//work_0",-30.043132663823748,-51.22910606707465,3.2
"Praia de Belas//school_0",-30.044239071982012,-51.22990657596959,3.2
"Praia de Belas//home_1",-30.043851279304782,-51.22794411425309,4.3
"Praia de Belas//work_1",-30.045412030497797,-51.22864029541094,3.7
"Praia de Belas//school_1",-30.04454552603174,-51.22807025922976,3.3
"Praia de Belas//home_2",-30.045730289719984,-51.228142811648866,3.7
"Praia de Belas//work_2",-30.04758247632853,-51.22764131059261,3.9
"Praia de Belas//school_2",-30.046983437142803,-51.227874033822985,4.0
"Praia de Belas//home_3",-30.05040861457255,-51.22915527035265,4.0
"Praia de Belas//work_3",-30.05772914769261,-51.23063451062503,3.5
"Praia de Belas//school_3",-30.048653593684847,-51.228231490278304,4.0
"Praia de Belas//home_4",-30.04553363352227,-51.229701847172734,3.0
"Praia de Belas//work_4",-30.044839208179358,-51.2302875439698,3.0
"Praia de Belas//school_4",-30.04579604762549,-51.22941712929996,3.0
"Praia de Belas//home_5",-30.053047093574637,-51.23171905119807,4.0
"Praia de Belas//work_5",-30.06590019312595,-51.23668862264403,3.3
"Praia de Belas//school_5",-30.05992612873325,-51.23111714875668,4.1
"Praia de Belas//home_6",-30.04642837204119,-51.235032260552885,3.0
"Praia de Belas//work_6",-30.042826559793447,-51.23794289128308,3.0
"Praia de Belas//school_6",-30.040671521001336,-51.239067117804765,3.0
"Restinga//home_0",-30.123018906761448,-51.1430080384147,""
"Restinga//work_0",-30.1318127734086,-51.147703919142614,""
"Restinga//school_0",-30.12806722969661,-51.14456753943728,""
"Restinga//home_1",-30.143917149267327,-51.14521957001754,""
"Restinga//work_1",-30.1445445503586,-51.14332815487574,""
"Restinga//school_1",-30.1439653845563,-51.14485168772559,""
"Restinga//home_2",-30.148028241952048,-51.14556119323598,""
"Restinga//work_2",-30.14773824005765,-51.144648992053185,""
"Restinga//school_2",-30.146923495255706,-51.144112257363616,""
"Restinga//home_3",-30.14778786160021,-51.151453888236404,""
"Restinga//work_3",-30.14735300050424,-51.15079740694052,""
"Restinga//school_3",-30.14766260008256,-51.1520321707353,""
"Restinga//home_4",-30.146976525323648,-51.14182010256804,""
"Restinga//work_4",-30.15059741373573,-51.14388813481052,""
"Restinga//school_4",-30.148531805655317,-51.14451979118796,""
"Restinga//home_5",-30.15164110673149,-51.14033312579184,""
"Restinga//work_5",-30.152050118888965,-51.14113276030719,""
"Restinga//school_5",-30.151745332096777,-51.140339980993815,""
"Restinga//home_6",-30.14911011583489,-51.13815135602567,""
"Restinga//work_6",-30.150905651985138,-51.136646882873364,""
"Restinga//school_6",-30.148827031811514,-51.14054073434421,""
"Restinga//home_7",-30.15163241017727,-51.13604006904939,""
"Restinga//work_7",-30.150315886029055,-51.13578724503597,""
"Restinga//school_7",-30.151930354589165,-51.135479095834405,""
"Restinga//home_8",-30.147596320964375,-51.13628216946408,""
"Restinga//work_8",-30.145899462339464,-51.13562235956798,""
"Restinga//school_8",-30.148096727532092,-51.13281839864964,""
"Restinga//home_9",-30.149478034719333,-51.13176588975405,""
"Restinga//work_9",-30.14889053294486,-51.12716002917734,""
"Restinga//school_9",-30.14277928955301,-51.12645650198654,""
"Restinga//home_10",-30.151893687903613,-51.13044347416341,""
"Restinga//work_10",-30.15272979449449,-51.1277288627841,""
"Restinga//school_10",-30.151576695698502,-51.12858964997469,""
"Restinga//home_11",-30.15075290824053,-51.132533473642305,""
"Restinga//work_11",-30.150948905388066,-51.13170990470413,""
"Restinga//school_11",-30.15033737332982,-51.13277192625165,""
"Restinga//home_12",-30.151920205221636,-51.1324006416736,""
"Restinga//work_12",-30.15148368959407,-51.13158204820976,""
"Restinga//school_12",-30.151844139015818,-51.13212186094091,""
"Restinga//home_13",-30.15342474972592,-51.13080766552207,""
"Restinga//work_13",-30.15209398414566,-51.133169104608236,""
"Restinga//school_13",-30.15326421079179,-51.13110216402633,""
"Restinga//home_14",-30.153113984209742,-51.13397475855164,""
"Restinga//work_14",-30.153240060738312,-51.134320502938394,""
"Restinga//school_14",-30.153139050486576,-51.13336453589227,""
"Restinga//home_15",-30.155341042073697,-51.134863281883476,""
"Restinga//work_15",-30.155502611868265,-51.13548828703705,""
"Restinga//school_15",-30.154975605446758,-51.1358565861076,""
"Restinga//home_16",-30.15526537633877,-51.137772147535884,""
"Restinga//work_16",-30.156333010083504,-51.138631143491395,""
"Restinga//school_16",-30.15470097887747,-51.137263806909814,""
"Restinga//home_17",-30.15233253728199,-51.13844776901221,""
"Restinga//work_17",-30.153664817667917,-51.138081875932436,""
"Restinga//school_17",-30.152519992517014,-51.137430725028835,""
"Restinga//home_18",-30.154458373202612,-51.142747942412484,""
"Restinga//work_18",-30.155221230520816,-51.14234972775388,""
"Restinga//school_18",-30.155139121718108,-51.141338847039215,""
"Restinga//home_19",-30.152362239793153,-51.14294412285316,""
"Restinga//work_19",-30.15219959703005,-51.143055942006804,""
"Restinga//school_19",-30.15245001873614,-51.14312848007767,""
"Restinga//home_20",-30.151148557943078,-51.146023982144015,""
"Restinga//work_20",-30.150535619407677,-51.145381017824526,""
"Restinga//school_20",-30.15071418598504,-51.14497802662752,""
"Restinga//home_21",-30.14891246538393,-51.15121868975524,""
"Restinga//work_21",-30.149761910354766,-51.14892540621875,""
"Restinga//school_21",-30.151786224084383,-51.14733577231933,""
"Restinga//home_22",-30.15289892385515,-51.150492496739176,""
"Restinga//work_22",-30.151242777711047,-51.14931649707957,""
"Restinga//school_22",-30.151311391146844,-51.1482368331131,""
"Restinga//home_23",-30.152584828222928,-51.14551332433932,""
"Restinga//work_23",-30.152264547482634,-51.14769330826392,""
"Restinga//school_23",-30.1521783130071,-51.14627044867921,""
"Restinga//home_24",-30.15474660689915,-51.145009436652984,""
"Restinga//work_24",-30.1541637982253,-51.1453701093827,""
"Restinga//school_24",-30.153978923975526,-51.14362726744483,""
"Restinga//home_25",-30.153527316645892,-51.1525275327227,""
"Restinga//work_25",-30.1553347528456,-51.14804132890001,""
"Restinga//school_25",-30.155219064330478,-51.14763648567504,""
"Restinga//home_26",-30.15589413527405,-51.14970303013713,""
"Restinga//work_26",-30.154053455694747,-51.152382032849474,""
"Restinga//school_26",-30.154789317595576,-51.15260584506915,""
"Restinga//home_27",-30.156751029799505,-51.1446994861868,""
"Restinga//work_27",-30.15671372706526,-51.14546786187394,""
"Restinga//school_27",-30.15653235345461,-51.145052142607135,""
"Restinga//home_28",-30.15593164810676,-51.14507432318765,""
"Restinga//work_28",-30.155755466301148,-51.144005608612964,""
"Restinga//school_28",-30.155996797481183,-51.14538512440367,""
"Restinga//home_29",-30.156558179365433,-51.14371658225089,""
"Restinga//work_29",-30.15735206493788,-51.143417539594644,""
"Restinga//school_29",-30.157088899741783,-51.14342537807782,""
"Restinga//home_30",-30.157430500016066,-51.14321393868226,""
"Restinga//work_30",-30.15758508994263,-51.143457266930724,""
"Restinga//school_30",-30.15683887339057,-51.139668830949574,""
"Restinga//home_31",-30.155851560447378,-51.14055718952054,""
"Restinga//work_31",-30.155484521658554,-51.14186860903684,""
"Restinga//school_31",-30.155825701018816,-51.14090868521163,""
"Restinga//home_32",-30.15610419746365,-51.13688724152871,""
"Restinga//work_32",-30.156948552765883,-51.138783360811885,""
"Restinga//school_32",-30.158088342687943,-51.1417072611888,""
"Restinga//home_33",-30.157146877611503,-51.134929976463766,""
"Restinga//work_33",-30.15773347307648,-51.13468068895909,""
"Restinga//school_33",-30.15801927314787,-51.13577317112427,""
"Restinga//home_34",-30.155653752555853,-51.13338985512112,""
"Restinga//work_34",-30.156547664893015,-51.13396588948863,""
"Restinga//school_34",-30.156216989297267,-51.133417390211775,""
"Restinga//home_35",-30.15837042787633,-51.13429641058019,""
"Restinga//work_35",-30.158433344065163,-51.13389367789473,""
"Restinga//school_35",-30.15776629619767,-51.13364317788562,""
"Restinga//home_36",-30.15988888833208,-51.135668684455155,""
"Restinga//work_36",-30.160920597965738,-51.135447386443545,""
"Restinga//school_36",-30.159643244967008,-51.133143177327995,""
"Restinga//home_37",-30.167600819623285,-51.14146703512066,""
"Restinga//work_37",-30.166630628025935,-51.139815785050175,""
"Restinga//school_37",-30.16577766732813,-51.14073890234388,""
"Restinga//home_38",-30.16615205732224,-51.15195415331563,""
"Restinga//work_38",-30.166914514834414,-51.15041841047953,""
"Restinga//school_38",-30.16734972670299,-51.154181341427204,""
"Restinga//home_39",-30.15913622837622,-51.145135824540226,""
"Restinga//work_39",-30.16134310542327,-51.14806019889957,""
"Restinga//school_39",-30.162646577224123,-51.150102256068884,""
"Restinga//home_40",-30.160775621071842,-51.14258397354063,""
"Restinga//work_40",-30.161307070575543,-51.14367611391192,""
"Restinga//school_40",-30.16010476389713,-51.14358593176814,""
"Restinga//home_41",-30.158741166382228,-51.141707589834205,""
"Restinga//work_41",-30.158943551945793,-51.14338427463607,""
"Restinga//school_41",-30.15813190379966,-51.14347261665134,""
"Restinga//home_42",-30.16002905452087,-51.13991132630065,""
"Restinga//work_42",-30.16004068638601,-51.142907565568336,""
"Restinga//school_42",-30.160803790217468,-51.14110008447887,""
"Restinga//home_43",-30.160987812464846,-51.140572537032085,""
"Restinga//work_43",-30.161114791225895,-51.14139622910539,""
"Restinga//school_43",-30.16222095840052,-51.139955938391005,""
"Restinga//home_44",-30.161775738971745,-51.1385794083828,""
"Restinga//work_44",-30.16229713274333,-51.139076876392686,""
"Restinga//school_44",-30.162703950057878,-51.140355075405985,""
"Restinga//home_45",-30.16079834870196,-51.1374400389454,""
"Restinga//work_45",-30.160475693270048,-51.13716961298803,""
"Restinga//school_45",-30.160904389529875,-51.13639305882541,""
"Restinga//home_46",-30.160102833319613,-51.138925608998186,""
"Restinga//work_46",-30.159600539709924,-51.136730630328884,""
"Restinga//school_46",-30.16038608646652,-51.138561660792874,""
"Restinga//home_47",-30.159137702169847,-51.1377447145843,""
"Restinga//work_47",-30.158834535640754,-51.13746114711047,""
"Restinga//school_47",-30.158546909208575,-51.138112234343865,""
"Restinga//home_48",-30.167749352714704,-51.15323303784934,""
"Restinga//work_48",-30.166021094810663,-51.14703021137401,""
"Restinga//school_48",-30.167772112001273,-51.15086970973048,""
"Restinga//home_49",-30.148382452809194,-51.15675430288805,""
"Restinga//work_49",-30.149117930218786,-51.15515781382249,""
"Restinga//school_49",-30.14834158235389,-51.153860261422196,""
"Restinga//home_50",-30.14604783655516,-51.14886225079279,""
"Restinga//work_50",-30.145519917730542,-51.1454545966728,""
"Restinga//school_50",-30.14622959960374,-51.15128738586191,""
"Restinga//home_51",-30.14719095286672,-51.130595532855516,""
"Restinga//work_51",-30.146316592573065,-51.12819092411904,""
"Restinga//school_51",-30.14763950601023,-51.130335222250146,""
"Restinga//home_52",-30.154622195792676,-51.146605497527375,""
"Restinga//work_52",-30.15606172544625,-51.14682846611345,""
"Restinga//school_52",-30.15717230850139,-51.146859521714234,""
"Restinga//home_53",-30.1656480568907,-51.14346738330815,""
"Restinga//work_53",-30.165495621104846,-51.143046641875735,""
"Restinga//school_53",-30.164389900202757,-51.14234184226805,""
"Restinga//home_54",-30.146238294990912,-51.129538622251104,""
"Restinga//work_54",-30.14582873859928,-51.1297006877408,""
"Restinga//school_54",-30.144240949523144,-51.126534103371476,""
"Restinga//home_55",-30.17563059250052,-51.1413666979062,""
"Restinga//work_55",-30.173808669188382,-51.1465613223471,""
"Restinga//school_55",-30.17363340884585,-51.14376454700964,""
"Restinga//home_56",-30.143650946152665,-51.14181797055515,""
"Restinga//work_56",-30.144555126622784,-51.14120462674166,""
"Restinga//school_56",-30.144503448896877,-51.1416565548059,""
"Restinga//home_57",-30.156161932697593,-51.12359185843963,""
"Restinga//work_57",-30.155041220736667,-51.13241438992804,""
"Restinga//school_57",-30.154410824262435,-51.126391511353845,""
"Restinga//home_58",-30.162831646655462,-51.144293403852814,""
"Restinga//work_58",-30.16130600865165,-51.14276738214597,""
"Restinga//school_58",-30.161353635112743,-51.142319289436045,""
"Restinga//home_59",-30.13145598586588,-51.154559647208906,""
"Restinga//work_59",-30.138890508658307,-51.16605160399162,""
"Restinga//school_59",-30.12913317277742,-51.16082249982157,""
"Restinga//home_60",-30.14190835310383,-51.142324084114904,""
"Restinga//work_60",-30.14050181648476,-51.140884737611366,""
"Restinga//school_60",-30.136007268801393,-51.13673480649374,""
"Restinga//home_61",-30.147682171773994,-51.156802165046855,""
"Restinga//work_61",-30.146868539097866,-51.156493164124804,""
"Restinga//school_61",-30.147157965159213,-51.15671457154752,""
"Restinga//home_62",-30.14923698820611,-51.1567046015879,""
"Restinga//work_62",-30.147927887206542,-51.15867313906612,""
"Restinga//school_62",-30.150351452251808,-51.155529560775186,""
"Restinga//home_63",-30.1502646268201,-51.16015314752147,""
"Restinga//work_63",-30.14856582069494,-51.16115927432971,""
"Restinga//school_63",-30.14887198008009,-51.16127583100514,""
"Restinga//home_64",-30.154243272511955,-51.16090916351855,""
"Restinga//work_64",-30.15130031468894,-51.15635693921131,""
"Restinga//school_64",-30.155836914492514,-51.15900339726494,""
"Restinga//home_65",-30.164768724862892,-51.14548118695696,""
"Restinga//work_65",-30.1647521242429,-51.14809435012489,""
"Restinga//school_65",-30.165409900965194,-51.14756126616101,""
"Restinga//home_66",-30.164950822461673,-51.14677497968383,""
"Restinga//work_66",-30.165640158146765,-51.14693676304035,""
"Restinga//school_66",-30.165487834554803,-51.14738644470665,""
"Restinga//home_67",-30.162922630843696,-51.15210185553011,""
"Restinga//work_67",-30.16382997561782,-51.15391197010672,""
"Restinga//school_67",-30.16309631135672,-51.15320940600308,""
"Restinga//home_68",-30.16264770186257,-51.1511194293942,""
"Restinga//work_68",-30.165418318602324,-51.154755080299516,""
"Restinga//school_68",-30.165452423883167,-51.15522244170491,""
"Restinga//home_69",-30.169148253257323,-51.148328719421535,""
"Restinga//work_69",-30.168764435010946,-51.152873144134375,""
"Restinga//school_69",-30.170393562873183,-51.147470347663024,""
"Restinga//home_70",-30.168723894910645,-51.14715634744456,""
"Restinga//work_70",-30.16899170122621,-51.146672188390646,""
"Restinga//school_70",-30.16863622264491,-51.1462617599886,""
"Restinga//home_71",-30.16987112561233,-51.14875382912554,""
"Restinga//work_71",-30.170439907550413,-51.14903682438748,""
"Restinga//school_71",-30.17008517348414,-51.149247883239035,""
"Restinga//home_72",-30.165295337673456,-51.14171731659113,""
"Restinga//work_72",-30.163875886839694,-51.143344734173034,""
"Restinga//school_72",-30.163911906312393,-51.14262772129848,""
"Restinga//home_73",-30.165027943735986,-51.14151165385113,""
"Restinga//work_73",-30.16432744442776,-51.14154400199573,""
"Restinga//school_73",-30.163974227955116,-51.14141900143261,""
"Restinga//home_74",-30.164623414256525,-51.141018774707526,""
"Restinga//work_74",-30.163812265874924,-51.14087981786145,""
"Restinga//school_74",-30.164776504144452,-51.13974560706566,""
"Restinga//home_75",-30.164337876882268,-51.13943932460203,""
"Restinga//work_75",-30.163701879499534,-51.139510607662814,""
"Restinga//school_75",-30.16425867592459,-51.13860991639344,""
"Restinga//home_76",-30.163762014161087,-51.13643947167511,""
"Restinga//work_76",-30.163581857656084,-51.13567196050476,""
"Restinga//school_76",-30.16437479842027,-51.13846130531586,""
"Restinga//home_77",-30.165623120935805,-51.13851538737237,""
"Restinga//work_77",-30.16539274573073,-51.1383766369362,""
"Restinga//school_77",-30.165548375632216,-51.137494417060985,""
"Restinga//home_78",-30.16427826436837,-51.136591743320025,""
"Restinga//work_78",-30.164801997032296,-51.137041174844214,""
"Restinga//school_78",-30.164747998512482,-51.13721221194047,""
"Restinga//home_79",-30.165365515561085,-51.136038471193324,""
"Restinga//work_79",-30.165181810304613,-51.136672727601095,""
"Restinga//school_79",-30.16554740453204,-51.13650151142812,""
"Restinga//home_80",-30.166456637887578,-51.13457087604313,""
"Restinga//work_80",-30.164258864969888,-51.13548634139117,""
"Restinga//school_80",-30.165233484874037,-51.1337500390493,""
"Restinga//home_81",-30.140151332408895,-51.13809721384752,""
"Restinga//work_81",-30.138820371391333,-51.13319361286391,""
"Restinga//school_81",-30.14049470105594,-51.136046561998256,""
"Restinga//home_82",-30.145127717430913,-51.133180923697864,""
"Restinga//work_82",-30.145941591485006,-51.13310194198074,""
"Restinga//school_82",-30.14581026018032,-51.131033255168134,""
"Restinga//home_83",-30.141457803092106,-51.137463100405704,""
"Restinga//work_83",-30.14100366798822,-51.13928962757852,""
"Restinga//school_83",-30.142918272872837,-51.135919279768466,""
"Restinga//home_84",-30.142843064341843,-51.14032339530804,""
"Restinga//work_84",-30.142300028251302,-51.14011700092515,""
"Restinga//school_84",-30.143048272413925,-51.13943783631297,""
"Restinga//home_85",-30.145984245840957,-51.13800940228891,""
"Restinga//work_85",-30.145023230127116,-51.138743982933555,""
"Restinga//school_85",-30.14518190443921,-51.13827017133426,""
"Restinga//home_86",-30.146880843057037,-51.13731369679592,""
"Restinga//work_86",-30.147371621674804,-51.13806861236164,""
"Restinga//school_86",-30.144754693082092,-51.13971414514874,""
"Restinga//home_87",-30.168820494273675,-51.13889467982684,""
"Restinga//work_87",-30.16911524373598,-51.13069697401919,""
"Restinga//school_87",-30.168725664689465,-51.139184800611616,""
"Restinga//home_88",-30.16717419801971,-51.125623222839565,""
"Restinga//work_88",-30.168323285966395,-51.128760293957036,""
"Restinga//school_88",-30.161984043818073,-51.120928156972205,""
"Restinga//home_89",-30.147410614344587,-51.124342569996166,""
"Restinga//work_89",-30.148976325475886,-51.124760804637425,""
"Restinga//school_89",-30.149997301904946,-51.123897480021455,""
"Restinga//home_90",-30.160683199043483,-51.152052149238905,""
"Restinga//work_90",-30.158502217007474,-51.148920617096174,""
"Restinga//school_90",-30.159690622237456,-51.15572707386119,""
"Restinga//home_91",-30.15684874988889,-51.15059673092881,""
"Restinga//work_91",-30.15561329765877,-51.15222635297819,""
"Restinga//school_91",-30.1556261018163,-51.15296572946806,""
"Rio Branco//home_0",-30.035796928786844,-51.20758556987909,10.0
"Rio Branco//work_0",-30.035144952444206,-51.20786094808586,10.0
"Rio Branco//school_0",-30.035902522763923,-51.20793920359393,10.0
"Rio Branco//home_1",-30.035307065924925,-51.20703978283683,10.0
"Rio Branco//work_1",-30.035626833577368,-51.20699913303644,10.0
"Rio Branco//school_1",-30.03696446909267,-51.20716879630008,10.0
"Rio Branco//home_2",-30.03428606969922,-51.20724913282642,10.0
"Rio Branco//work_2",-30.03405822839827,-51.20667840094294,10.0
"Rio Branco//school_2",-30.034281926987937,-51.20697817410982,10.0
"Rio Branco//home_3",-30.033799622594874,-51.20785879917898,10.0
"Rio Branco//work_3",-30.033286457079452,-51.20840673544532,10.0
"Rio Branco//school_3",-30.03315642780557,-51.20800700455807,10.0
"Rio Branco//home_4",-30.032693149163784,-51.20824195501798,10.0
"Rio Branco//work_4",-30.032743376227344,-51.20803878087959,10.0
"Rio Branco//school_4",-30.033151917739364,-51.20731032816503,10.0
"Rio Branco//home_5",-30.03234311408832,-51.20736127157116,10.0
"Rio Branco//work_5",-30.03191526906529,-51.20831961721806,10.0
"Rio Branco//school_5",-30.03213156762389,-51.20794193735972,10.0
"Rio Branco//home_6",-30.032254339342668,-51.20587230300605,10.0
"Rio Branco//work_6",-30.031714266475838,-51.20579790452514,10.0
"Rio Branco//school_6",-30.031696318654173,-51.20640931488837,10.0
"Rio Branco//home_7",-30.03149981289047,-51.20593746736159,10.0
"Rio Branco//work_7",-30.031086223457155,-51.20798331975716,10.0
"Rio Branco//school_7",-30.030659115803182,-51.20639808693479,10.0
"Rio Branco//home_8",-30.02952915623118,-51.20553306052695,10.0
"Rio Branco//work_8",-30.028833605080223,-51.205014315471225,10.0
"Rio Branco//school_8",-30.02925026470973,-51.20478841852645,10.0
"Rio Branco//home_9",-30.031102426414897,-51.20435131790864,10.0
"Rio Branco//work_9",-30.03186653157675,-51.204661126886755,10.0
"Rio Branco//school_9",-30.031565419526213,-51.204521821631076,10.0
"Rio Branco//home_10",-30.033019406695782,-51.20559928106408,10.0
"Rio Branco//work_10",-30.032481351569214,-51.205692286889956,10.0
"Rio Branco//school_10",-30.03246962886578,-51.205594573670176,10.0
"Rio Branco//home_11",-30.035885665408344,-51.20598613757143,10.0
"Rio Branco//work_11",-30.035309350276442,-51.20578584759889,10.0
"Rio Branco//school_11",-30.0354373955684,-51.206508149648855,10.0
"Rio Branco//home_12",-30.03598104997128,-51.205689018645714,10.0
"Rio Branco//work_12",-30.035554647223766,-51.20530256189943,10.0
"Rio Branco//school_12",-30.034328808868878,-51.20548284026197,10.0
"Rio Branco//home_13",-30.036563749035558,-51.20484667628863,10.0
"Rio Branco//work_13",-30.037360450327082,-51.204318847971415,10.0
"Rio Branco//school_13",-30.03528394440118,-51.20442920042512,10.0
"Rio Branco//home_14",-30.036701793819038,-51.203958383016136,10.0
"Rio Branco//work_14",-30.036675160823773,-51.20389091470807,10.0
"Rio Branco//school_14",-30.034645819048983,-51.20394309970624,10.0
"Rio Branco//home_15",-30.037796216037137,-51.20333336887256,10.0
"Rio Branco//work_15",-30.035875168609344,-51.2035074594238,10.0
"Rio Branco//school_15",-30.0348011208622,-51.2033924874206,10.0
"Rio Branco//home_16",-30.03451448410322,-51.2017802894735,10.0
"Rio Branco//work_16",-30.034321264886803,-51.20171604852861,10.0
"Rio Branco//school_16",-30.034655381593815,-51.20141885440151,10.0
"Rio Branco//home_17",-30.033382727914113,-51.20252190964682,10.0
"Rio Branco//work_17",-30.033027484432242,-51.203558582610675,10.0
"Rio Branco//school_17",-30.033061228967433,-51.20390789429993,10.0
"Rio Branco//home_18",-30.03287072095245,-51.20246528424555,10.0
"Rio Branco//work_18",-30.033058126386173,-51.19888438336961,10.0
"Rio Branco//school_18",-30.03271145750445,-51.203762043558775,10.0
"Rio Branco//home_19",-30.032874948377415,-51.19832053746789,10.0
"Rio Branco//work_19",-30.03246719735907,-51.19967466096274,10.0
"Rio Branco//school_19",-30.03212804004038,-51.20170666550824,10.0
"Rio Branco//home_20",-30.030263155727567,-51.203621319082984,10.0
"Rio Branco//work_20",-30.029006306064133,-51.20393258908028,10.0
"Rio Branco//school_20",-30.02874922822574,-51.20383311120129,10.0
"Rio Branco//home_21",-30.02916289687062,-51.200847104650165,10.0
"Rio Branco//work_21",-30.029484073704396,-51.202055752891496,10.0
"Rio Branco//school_21",-30.029804890863385,-51.201976133618544,10.0
"Rio Branco//home_22",-30.030677745039903,-51.19986725070746,10.0
"Rio Branco//work_22",-30.031392146867567,-51.19985928032135,10.0
"Rio Branco//school_22",-30.030932628462736,-51.20007126986706,10.0
"Rio Branco//home_23",-30.030353720423168,-51.198865202269076,10.0
"Rio Branco//work_23",-30.03095504682164,-51.19907685974057,10.0
"Rio Branco//school_23",-30.030596138191623,-51.19959982408857,10.0
"Rio Branco//home_24",-30.030998101416003,-51.19602665770547,10.0
"Rio Branco//work_24",-30.032059075946368,-51.19602175477328,10.0
"Rio Branco//school_24",-30.032570510579433,-51.196972081013044,10.0
"Rio Branco//home_25",-30.03534612454459,-51.19601931332682,10.0
"Rio Branco//work_25",-30.037120117668554,-51.19854821545763,10.0
"Rio Branco//school_25",-30.03605754064467,-51.19794728684357,10.0
"Rio Branco//home_26",-30.03716630450977,-51.19911261867782,10.0
"Rio Branco//work_26",-30.036963487179904,-51.19804264988729,10.0
"Rio Branco//school_26",-30.03694146900423,-51.19774706932564,10.0
"Rio Branco//home_27",-30.037399656534067,-51.20260957998255,10.0
"Rio Branco//work_27",-30.038807844763454,-51.201448921929135,10.0
"Rio Branco//school_27",-30.038362730117612,-51.20257228257708,10.0
"Rio Branco//home_28",-30.03777058510612,-51.19924519414103,10.0
"Rio Branco//work_28",-30.03908086670151,-51.20004828696067,10.0
"Rio Branco//school_28",-30.038493802532496,-51.200071389351336,10.0
"Rio Branco//home_29",-30.037390743666048,-51.19868857228536,10.0
"Rio Branco//work_29",-30.038754373053077,-51.198866493628664,10.0
"Rio Branco//school_29",-30.038485247996928,-51.198970026239834,10.0
"Rio Branco//home_30",-30.039767276196425,-51.19723134225906,10.0
"Rio Branco//work_30",-30.03933515503682,-51.195948141859155,10.0
"Rio Branco//school_30",-30.039621878590495,-51.19662507460463,10.0
"Rio Branco//home_31",-30.030714408721927,-51.201781734455444,10.0
"Rio Branco//work_31",-30.029487561614495,-51.199580429348664,10.0
"Rio Branco//school_31",-30.029987699741366,-51.20082472136842,10.0
"Rio Branco//home_32",-30.03716377050161,-51.20122948558786,10.0
"Rio Branco//work_32",-30.037879979065135,-51.20087718925674,10.0
"Rio Branco//school_32",-30.036934276636742,-51.20126154004798,10.0
"Rio Branco//home_33",-30.033951393971723,-51.19887215435948,10.0
"Rio Branco//work_33",-30.0334897741025,-51.20168901887616,10.0
"Rio Branco//school_33",-30.033748772109252,-51.19924169596529,10.0
"Rio Branco//home_34",-30.030383703167352,-51.19797417567439,10.0
"Rio Branco//work_34",-30.030893312296687,-51.19880870730345,10.0
"Rio Branco//school_34",-30.029698640376182,-51.19835834965587,10.0
"Rio Branco//home_35",-30.034857216023948,-51.19902892453121,10.0
"Rio Branco//work_35",-30.03477437730792,-51.199055566598275,10.0
"Rio Branco//school_35",-30.03487866754714,-51.20071186163385,10.0
"Rio Branco//home_36",-30.029586553218856,-51.20789907543528,10.0
"Rio Branco//work_36",-30.030061269928925,-51.20593164063125,10.0
"Rio Branco//school_36",-30.030210379037356,-51.207489987677945,10.0
"Rio Branco//home_37",-30.038423639502057,-51.19653551125037,10.0
"Rio Branco//work_37",-30.036581545846804,-51.19590367920502,10.0
"Rio Branco//school_37",-30.038122769423737,-51.19659620779763,10.0
"Rio Branco//home_38",-30.03160443324788,-51.19773531647175,10.0
"Rio Branco//work_38",-30.034056557758436,-51.1977995526817,10.0
"Rio Branco//school_38",-30.034723564350852,-51.19864649178021,10.0
"Rubem Berta//home_0",-30.0008790538941,-51.09575946749202,""
"Rubem Berta//work_0",-30.00314153656823,-51.09540143806852,""
"Rubem Berta//school_0",-30.00017265763535,-51.09702988147792,""
"Rubem Berta//home_1",-30.00178803551951,-51.09417877327388,""
"Rubem Berta//work_1",-30.001288864731087,-51.09375809790112,""
"Rubem Berta//school_1",-30.000078285319017,-51.0941991878891,""
"Rubem Berta//home_2",-30.00122535549498,-51.08800965559091,""
"Rubem Berta//work_2",-30.000214131728974,-51.09246801889247,""
"Rubem Berta//school_2",-30.00332288988225,-51.08990194338625,""
"Rubem Berta//home_3",-30.00159882709826,-51.09222286095695,""
"Rubem Berta//work_3",-30.001256646180433,-51.09222094041384,""
"Rubem Berta//school_3",-30.001702190947494,-51.09157206649266,""
"Rubem Berta//home_4",-30.003049320334654,-51.09097769999483,""
"Rubem Berta//work_4",-30.002667177953708,-51.090838762429534,""
"Rubem Berta//school_4",-30.00282281259365,-51.091107413464826,""
"Rubem Berta//home_5",-30.002987784659492,-51.09178770822552,""
"Rubem Berta//work_5",-30.003115605783396,-51.091271394570235,""
"Rubem Berta//school_5",-30.00345105744899,-51.091249250230376,""
"Rubem Berta//home_6",-30.004318840945217,-51.09100492123382,""
"Rubem Berta//work_6",-30.00557892906601,-51.09343161879642,""
"Rubem Berta//school_6",-30.004965175837764,-51.09221131969944,""
"Rubem Berta//home_7",-30.00408500255266,-51.0931328066474,""
"Rubem Berta//work_7",-30.005225524927905,-51.09343673473948,""
"Rubem Berta//school_7",-30.003589787710087,-51.093201404450554,""
"Rubem Berta//home_8",-30.003743110021784,-51.09426466302734,""
"Rubem Berta//work_8",-30.00355068299824,-51.094536930833414,""
"Rubem Berta//school_8",-30.003581412251194,-51.09432321052176,""
"Rubem Berta//home_9",-30.003138605185576,-51.09569312971326,""
"Rubem Berta//work_9",-30.00544009649285,-51.09495450757358,""
"Rubem Berta//school_9",-30.003881183941207,-51.094771058297674,""
"Rubem Berta//home_10",-30.005217928628085,-51.09762143605082,""
"Rubem Berta//work_10",-30.005221195051288,-51.09661237797939,""
"Rubem Berta//school_10",-30.005743474453443,-51.09638007015996,""
"Rubem Berta//home_11",-30.00476835087469,-51.095722623925475,""
"Rubem Berta//work_11",-30.004978437869983,-51.09565843144536,""
"Rubem Berta//school_11",-30.00469540677249,-51.09610183184609,""
"Rubem Berta//home_12",-30.003037886772308,-51.09751020432637,""
"Rubem Berta//work_12",-30.004453886497085,-51.09709307848307,""
"Rubem Berta//school_12",-30.004212811135904,-51.09700680440829,""
"Rubem Berta//home_13",-30.00276341279029,-51.09787962302886,""
"Rubem Berta//work_13",-30.002582984543906,-51.09775072738608,""
"Rubem Berta//school_13",-30.00173313065197,-51.097276249752504,""
"Rubem Berta//home_14",-30.00917205294879,-51.09869198255055,""
"Rubem Berta//work_14",-30.00516448847285,-51.09860349280641,""
"Rubem Berta//school_14",-30.00934168276813,-51.098927185722594,""
"Rubem Berta//home_15",-30.00646540258353,-51.09772248578701,""
"Rubem Berta//work_15",-30.010021128888287,-51.0976557019897,""
"Rubem Berta//school_15",-30.01307529368171,-51.09829367915835,""
"Rubem Berta//home_16",-30.010440290385436,-51.09553701077185,""
"Rubem Berta//work_16",-30.011385416029253,-51.09497516031185,""
"Rubem Berta//school_16",-30.009631383537815,-51.09624741791091,""
"Rubem Berta//home_17",-30.008830218109235,-51.093171117789105,""
"Rubem Berta//work_17",-30.009673887644073,-51.09395155561354,""
"Rubem Berta//school_17",-30.009408279241008,-51.092959813288346,""
"Rubem Berta//home_18",-30.01588518867709,-51.099397669285956,""
"Rubem Berta//work_18",-30.01232874009248,-51.0944968678107,""
"Rubem Berta//school_18",-30.01568781137741,-51.09776320522368,""
"Rubem Berta//home_19",-30.01710098040869,-51.10645386628127,""
"Rubem Berta//work_19",-30.01565396102362,-51.102046607997096,""
"Rubem Berta//school_19",-30.016621511067388,-51.10454766106243,""
"Rubem Berta//home_20",-30.019186389992804,-51.106170340567395,""
"Rubem Berta//work_20",-30.0190151404694,-51.10654863202144,""
"Rubem Berta//school_20",-30.019745060402588,-51.106709452252495,""
"Rubem Berta//home_21",-30.019547694964423,-51.105600300424435,""
"Rubem Berta//work_21",-30.01997602263837,-51.10590383278576,""
"Rubem Berta//school_21",-30.01955839197952,-51.104659062756525,""
"Rubem Berta//home_22",-30.020846782950976,-51.1063157692748,""
"Rubem Berta//work_22",-30.020904388646695,-51.105064743656065,""
"Rubem Berta//school_22",-30.020474407548484,-51.10548026809371,""
"Rubem Berta//home_23",-30.02010553694803,-51.10379614485004,""
"Rubem Berta//work_23",-30.020269717799746,-51.10284074922652,""
"Rubem Berta//school_23",-30.01982508333254,-51.10278333710321,""
"Rubem Berta//home_24",-30.020038438091216,-51.101349885182664,""
"Rubem Berta//work_24",-30.01964292337821,-51.10117585926514,""
"Rubem Berta//school_24",-30.019643237009337,-51.10134369864785,""
"Rubem Berta//home_25",-30.02073971273289,-51.101834853291926,""
"Rubem Berta//work_25",-30.023327030249085,-51.10549008675693,""
"Rubem Berta//school_25",-30.02085686062011,-51.10289501188203,""
"Rubem Berta//home_26",-30.022147218548707,-51.105994789131,""
"Rubem Berta//work_26",-30.021742512813184,-51.105970452057804,""
"Rubem Berta//school_26",-30.021424088281428,-51.10512990672275,""
"Rubem Berta//home_27",-30.021818227600484,-51.10399917652025,""
"Rubem Berta//work_27",-30.021327878267954,-51.103979178026094,""
"Rubem Berta//school_27",-30.02129280620055,-51.104383538713556,""
"Rubem Berta//home_28",-30.0214747158729,-51.10215990850373,""
"Rubem Berta//work_28",-30.021481191340747,-51.102172777323574,""
"Rubem Berta//school_28",-30.021060144894616,-51.10085003208721,""
"Rubem Berta//home_29",-30.022848595056335,-51.10143899507041,""
"Rubem Berta//work_29",-30.02214295664311,-51.101323419965524,""
"Rubem Berta//school_29",-30.021941475793618,-51.100794127603734,""
"Rubem Berta//home_30",-30.023008209512767,-51.10341269076888,""
"Rubem Berta//work_30",-30.022797070199744,-51.10322859575679,""
"Rubem Berta//school_30",-30.02189090075165,-51.10299583990614,""
"Rubem Berta//home_31",-30.023925394890796,-51.10438789281889,""
"Rubem Berta//work_31",-30.023967925799003,-51.10508722876168,""
"Rubem Berta//school_31",-30.024075524982376,-51.10540515387995,""
"Rubem Berta//home_32",-30.025085824662646,-51.10568881519995,""
"Rubem Berta//work_32",-30.02575818198168,-51.10545348119503,""
"Rubem Berta//school_32",-30.024981122515655,-51.10488645547034,""
"Rubem Berta//home_33",-30.02356731484449,-51.10592256424939,""
"Rubem Berta//work_33",-30.02334262674725,-51.10609365717924,""
"Rubem Berta//school_33",-30.0225835284933,-51.10646654796315,""
"Rubem Berta//home_34",-30.021908662552544,-51.10676415203127,""
"Rubem Berta//work_34",-30.025742699457695,-51.10672647046927,""
"Rubem Berta//school_34",-30.02123457739978,-51.107340773503644,""
"Rubem Berta//home_35",-30.024832618167913,-51.107382323787164,""
"Rubem Berta//work_35",-30.02409900236657,-51.10688864930239,""
"Rubem Berta//school_35",-30.02389915907934,-51.10727291519998,""
"Rubem Berta//home_36",-30.02579948538879,-51.10754945047723,""
"Rubem Berta//work_36",-30.025850146872656,-51.106941050628784,""
"Rubem Berta//school_36",-30.025993680732302,-51.10750127364594,""
"Rubem Berta//home_37",-30.0269397266747,-51.106073770455914,""
"Rubem Berta//work_37",-30.026601816529077,-51.10569876748922,""
"Rubem Berta//school_37",-30.026411373495414,-51.10603133740606,""
"Rubem Berta//home_38",-30.02436497341304,-51.102693825823295,""
"Rubem Berta//work_38",-30.02217460563248,-51.102299354721616,""
"Rubem Berta//school_38",-30.023060597408232,-51.100581654945685,""
"Rubem Berta//home_39",-30.025024857969694,-51.10247715437687,""
"Rubem Berta//work_39",-30.024718138851746,-51.10253277996514,""
"Rubem Berta//school_39",-30.024755356426,-51.10225495891156,""
"Rubem Berta//home_40",-30.024612744426282,-51.10110845576525,""
"Rubem Berta//work_40",-30.023870718939637,-51.102000125669015,""
"Rubem Berta//school_40",-30.024341788851174,-51.10108678303712,""
"Rubem Berta//home_41",-30.01837537034102,-51.10096344787606,""
"Rubem Berta//work_41",-30.018295208387027,-51.10104558675361,""
"Rubem Berta//school_41",-30.01812989245866,-51.100849112998134,""
"Rubem Berta//home_42",-30.01750466063703,-51.10101054996877,""
"Rubem Berta//work_42",-30.01817080001477,-51.101224348925044,""
"Rubem Berta//school_42",-30.018230044834773,-51.1010861522007,""
"Rubem Berta//home_43",-30.01848181777019,-51.101425773527296,""
"Rubem Berta//work_43",-30.017090192133924,-51.101612597113125,""
"Rubem Berta//school_43",-30.01825560961613,-51.101570988835206,""
"Rubem Berta//home_44",-30.01791900083205,-51.102108958864825,""
"Rubem Berta//work_44",-30.018348253510776,-51.10201784952667,""
"Rubem Berta//school_44",-30.018115164640818,-51.10177680358591,""
"Rubem Berta//home_45",-30.015713586872472,-51.10042914998583,""
"Rubem Berta//work_45",-30.015763997812364,-51.10075369819492,""
"Rubem Berta//school_45",-30.015814625183104,-51.100742441886084,""
"Rubem Berta//home_46",-30.015939297655095,-51.100971895889316,""
"Rubem Berta//work_46",-30.015806621927478,-51.10132719029857,""
"Rubem Berta//school_46",-30.01625815131723,-51.101070385304894,""
"Rubem Berta//home_47",-30.026333602103506,-51.106099705155344,""
"Rubem Berta//work_47",-30.027386544264562,-51.10465449823257,""
"Rubem Berta//school_47",-30.027447751103768,-51.104941334707796,""
"Rubem Berta//home_48",-30.02390738901658,-51.10298558407496,""
"Rubem Berta//work_48",-30.023909764818544,-51.10322294300005,""
"Rubem Berta//school_48",-30.02393100801797,-51.103365451218856,""
"Rubem Berta//home_49",-30.019320519672572,-51.09767829917159,""
"Rubem Berta//work_49",-30.019270466062483,-51.10006018029195,""
"Rubem Berta//school_49",-30.019209002515336,-51.09754271402599,""
"Rubem Berta//home_50",-30.026130768451274,-51.105001143003626,""
"Rubem Berta//work_50",-30.025977995432168,-51.10488934113567,""
"Rubem Berta//school_50",-30.02506376610493,-51.10552692479656,""
"Rubem Berta//home_51",-30.020198067373645,-51.097277135506374,""
"Rubem Berta//work_51",-30.019997263794867,-51.097284573699724,""
"Rubem Berta//school_51",-30.020656478797754,-51.097413415959394,""
"Rubem Berta//home_52",-30.018922047447646,-51.09755628242669,""
"Rubem Berta//work_52",-30.018081319919236,-51.09791475436564,""
"Rubem Berta//school_52",-30.019371004857458,-51.09641214440567,""
"Rubem Berta//home_53",-30.01775021715353,-51.09465853762536,""
"Rubem Berta//work_53",-30.0191443256157,-51.092411266215215,""
"Rubem Berta//school_53",-30.01778363748081,-51.09117807378568,""
"Rubem Berta//home_54",-30.01818019179469,-51.09090721419257,""
"Rubem Berta//work_54",-30.019001277772766,-51.09011213820397,""
"Rubem Berta//school_54",-30.02163273003251,-51.08869924430073,""
"Rubem Berta//home_55",-30.0083192181955,-51.094786113607206,""
"Rubem Berta//work_55",-30.00658429221191,-51.09440898572033,""
"Rubem Berta//school_55",-30.007378413267396,-51.0948559885555,""
"Rubem Berta//home_56",-30.007880425979547,-51.09113534156041,""
"Rubem Berta//work_56",-30.007288755184877,-51.09153489552789,""
"Rubem Berta//school_56",-30.007231567464736,-51.09204657579959,""
"Santa Cecília//home_0",-30.03735065069613,-51.20697127635736,10.0
"Santa Cecília//work_0",-30.03866427257521,-51.20747610828095,10.0
"Santa Cecília//school_0",-30.04232726067875,-51.20760579358947,6.7
"Santa Cecília//home_1",-30.03924513689324,-51.20449208577621,10.0
"Santa Cecília//work_1",-30.039586648932854,-51.204102708901296,10.0
"Santa Cecília//school_1",-30.039889404212232,-51.2043340753836,10.0
"Santa Cecília//home_2",-30.042633526617145,-51.203531636074686,6.8
"Santa Cecília//work_2",-30.042908661749497,-51.202500519194054,6.2
"Santa Cecília//school_2",-30.04180973558561,-51.203743681247545,8.8
"Santa Cecília//home_3",-30.043267257057924,-51.20008623751127,7.9
"Santa Cecília//work_3",-30.042842196684816,-51.20093284504001,7.4
"Santa Cecília//school_3",-30.04325722231431,-51.20089016680292,6.0
"Santa Cecília//home_4",-30.039432835070766,-51.20137483722088,10.0
"Santa Cecília//work_4",-30.03983824244029,-51.19944010880949,10.0
"Santa Cecília//school_4",-30.040286715361802,-51.199090383717554,10.0
"Santa Cecília//home_5",-30.04026712239408,-51.19861994047633,10.0
"Santa Cecília//work_5",-30.041319268227028,-51.19782725497565,10.0
"Santa Cecília//school_5",-30.040763609556052,-51.198012309080816,10.0
"Santa Cecília//home_6",-30.042310825791333,-51.19829014049069,10.0
"Santa Cecília//work_6",-30.04274168717546,-51.19850407290531,10.0
"Santa Cecília//school_6",-30.04268637668486,-51.19916440983053,10.0
"Santa Cecília//home_7",-30.04317292932812,-51.19836192453934,10.0
"Santa Cecília//work_7",-30.04193141779914,-51.200268155082895,10.0
"Santa Cecília//school_7",-30.043114094073335,-51.199902891440935,8.7
"Santa Cecília//home_8",-30.045872350251546,-51.19781452978109,6.8
"Santa Cecília//work_8",-30.045829278519182,-51.19752395672204,8.2
"Santa Cecília//school_8",-30.04489359143698,-51.19739238720559,9.4
"Santa Cecília//home_9",-30.041599186326337,-51.197220751372775,10.0
"Santa Cecília//work_9",-30.04111152036412,-51.197482176543396,10.0
"Santa Cecília//school_9",-30.04165431635226,-51.196620796612436,10.0
"Santa Cecília//home_10",-30.03992128796853,-51.20183027271263,10.0
"Santa Cecília//work_10",-30.03918040066862,-51.2024014837492,10.0
"Santa Cecília//school_10",-30.040131235341615,-51.20186178531994,10.0
"Santa Maria Goretti//home_0",-30.00479732306821,-51.181526670684995,""
"Santa Maria Goretti//work_0",-30.005984557781094,-51.180791310912106,""
"Santa Maria Goretti//school_0",-30.006830629653017,-51.18190027341319,""
"Santa Maria Goretti//home_1",-30.00810549761884,-51.17897148211299,""
"Santa Maria Goretti//work_1",-30.007423414684325,-51.1788601311368,""
"Santa Maria Goretti//school_1",-30.00824874993379,-51.17924610266573,""
"Santa Maria Goretti//home_2",-30.005208041470794,-51.179725696709816,""
"Santa Maria Goretti//work_2",-30.00450282054489,-51.17845548352109,""
"Santa Maria Goretti//school_2",-30.00802013135156,-51.178437057023345,""
"Santa Maria Goretti//home_3",-30.003377711045786,-51.17726772763972,""
"Santa Maria Goretti//work_3",-30.003431564880167,-51.17727963749603,""
"Santa Maria Goretti//school_3",-30.005291178502617,-51.176595745654744,""
"Santa Maria Goretti//home_4",-30.006600240400193,-51.17644398073563,""
"Santa Maria Goretti//work_4",-30.005154006214024,-51.175782485157114,""
"Santa Maria Goretti//school_4",-30.005845480187723,-51.17525153822319,""
"Santa Maria Goretti//home_5",-30.004772659397595,-51.172180680600036,""
"Santa Maria Goretti//work_5",-30.00433473336888,-51.171199971252804,""
"Santa Maria Goretti//school_5",-30.004300764733248,-51.17280672327754,""
"Santa Maria Goretti//home_6",-30.00678635781718,-51.16999791637644,""
"Santa Maria Goretti//work_6",-30.005947598311543,-51.17194074677561,""
"Santa Maria Goretti//school_6",-30.00621390529976,-51.17170065918342,""
"Santa Maria Goretti//home_7",-30.006062670023297,-51.16828557804588,""
"Santa Maria Goretti//work_7",-30.007502503302383,-51.16783961417742,""
"Santa Maria Goretti//school_7",-30.004706300123917,-51.16802284573586,""
"Santa Rosa de Lima//home_0",-29.99205069944845,-51.1081533728727,""
"Santa Rosa de Lima//work_0",-29.9926163568459,-51.1068559535917,""
"Santa Rosa de Lima//school_0",-29.991972201876496,-51.10767781267572,""
"Santa Rosa de Lima//home_1",-29.994002278561926,-51.10707237022159,""
"Santa Rosa de Lima//work_1",-29.993063993313392,-51.1068661725529,""
"Santa Rosa de Lima//school_1",-29.993706436823167,-51.107217401431086,""
"Santa Rosa de Lima//home_2",-29.993129307412907,-51.105329370960725,""
"Santa Rosa de Lima//work_2",-29.99156277469449,-51.1056911464514,""
"Santa Rosa de Lima//school_2",-29.993469605927952,-51.10495463022004,""
"Santa Rosa de Lima//home_3",-29.992652834218863,-51.103396471204626,""
"Santa Rosa de Lima//work_3",-29.992962486955204,-51.10333890829665,""
"Santa Rosa de Lima//school_3",-29.99215722915513,-51.10441952226101,""
"Santa Rosa de Lima//home_4",-29.993427200891315,-51.10391677264655,""
"Santa Rosa de Lima//work_4",-29.995854179004144,-51.103309818487354,""
"Santa Rosa de Lima//school_4",-29.995331591389316,-51.10324497989494,""
"Santa Rosa de Lima//home_5",-29.993915891531405,-51.10266247792632,""
"Santa Rosa de Lima//work_5",-29.993509680382665,-51.103366920103085,""
"Santa Rosa de Lima//school_5",-29.994149584809545,-51.10388273727913,""
"Santa Rosa de Lima//home_6",-29.993735285460456,-51.1023245448955,""
"Santa Rosa de Lima//work_6",-29.996534176124875,-51.10011609858501,""
"Santa Rosa de Lima//school_6",-29.995339209630068,-51.10040040428172,""
"Santa Rosa de Lima//home_7",-29.990996079366287,-51.099869444640554,""
"Santa Rosa de Lima//work_7",-29.9915690602453,-51.100302715403146,""
"Santa Rosa de Lima//school_7",-29.991563464436897,-51.10030775558667,""
"Santa Rosa de Lima//home_8",-29.99517233938834,-51.09982454614757,""
"Santa Rosa de Lima//work_8",-29.992408342658685,-51.10069667015725,""
"Santa Rosa de Lima//school_8",-29.993220834927044,-51.09981076686444,""
"Santa Rosa de Lima//home_9",-29.992151305764974,-51.098988317511875,""
"Santa Rosa de Lima//work_9",-29.99640467352161,-51.09880170484759,""
"Santa Rosa de Lima//school_9",-29.992914375672093,-51.0985289163992,""
"Santa Rosa de Lima//home_10",-29.992858835448466,-51.09739355196535,""
"Santa Rosa de Lima//work_10",-29.992426018660552,-51.09764450706282,""
"Santa Rosa de Lima//school_10",-29.99264443782486,-51.097739474721045,""
"Santa Rosa de Lima//home_11",-29.993375308415438,-51.097662909648314,""
"Santa Rosa de Lima//work_11",-29.993495460421634,-51.09724204062708,""
"Santa Rosa de Lima//school_11",-29.993816982775193,-51.096993575650345,""
"Santa Rosa de Lima//home_12",-29.992902618005374,-51.096201653705506,""
"Santa Rosa de Lima//work_12",-29.99228414684417,-51.09592267836269,""
"Santa Rosa de Lima//school_12",-29.992721082461333,-51.09572061806093,""
"Santa Rosa de Lima//home_13",-29.99320732821815,-51.09666158418871,""
"Santa Rosa de Lima//work_13",-29.993210486131957,-51.096139552861146,""
"Santa Rosa de Lima//school_13",-29.993190316177188,-51.09543603716017,""
"Santa Rosa de Lima//home_14",-29.99410987817085,-51.096304398442356,""
"Santa Rosa de Lima//work_14",-29.99404778463256,-51.095527127582194,""
"Santa Rosa de Lima//school_14",-29.994083839442954,-51.09533119084291,""
"Santa Rosa de Lima//home_15",-29.992520329535488,-51.09308740192618,""
"Santa Rosa de Lima//work_15",-29.99418925826466,-51.09453683377389,""
"Santa Rosa de Lima//school_15",-29.99410743428039,-51.092259179107224,""
"Santa Rosa de Lima//home_16",-29.994544019660086,-51.09215602511099,""
"Santa Rosa de Lima//work_16",-29.99629470448157,-51.08852719805645,""
"Santa Rosa de Lima//school_16",-29.994064741161065,-51.09111228719642,""
"Santa Rosa de Lima//home_17",-29.996489242890917,-51.09135758359714,""
"Santa Rosa de Lima//work_17",-29.995951867768493,-51.0916306970331,""
"Santa Rosa de Lima//school_17",-29.996652989902138,-51.090479012779824,""
"Santa Rosa de Lima//home_18",-29.998109503759718,-51.092011683732665,""
"Santa Rosa de Lima//work_18",-29.99707615751247,-51.09158312500693,""
"Santa Rosa de Lima//school_18",-29.999113523849537,-51.09092931827929,""
"Santa Rosa de Lima//home_19",-29.99724409325748,-51.09510797087098,""
"Santa Rosa de Lima//work_19",-29.997233149273512,-51.09353519841147,""
"Santa Rosa de Lima//school_19",-29.998837855112082,-51.094739310944185,""
"Santa Rosa de Lima//home_20",-29.998501732812155,-51.09816247692689,""
"Santa Rosa de Lima//work_20",-29.99846173873196,-51.100930907898096,""
"Santa Rosa de Lima//school_20",-29.997187788356968,-51.09919247890052,""
"Santa Rosa de Lima//home_21",-29.9975838329263,-51.100369418214996,""
"Santa Rosa de Lima//work_21",-29.9979820541208,-51.100299866748486,""
"Santa Rosa de Lima//school_21",-29.997774145834047,-51.10363125520942,""
"Santa Rosa de Lima//home_22",-29.996278940203343,-51.10601598990271,""
"Santa Rosa de Lima//work_22",-29.99608600996858,-51.106436837188255,""
"Santa Rosa de Lima//school_22",-29.995949557282486,-51.10487951733981,""
"Santa Rosa de Lima//home_23",-29.99881923626925,-51.10598802754826,""
"Santa Rosa de Lima//work_23",-29.997127014761947,-51.106858957085834,""
"Santa Rosa de Lima//school_23",-29.99798139190504,-51.105479590246865,""
"Santa Rosa de Lima//home_24",-29.99879573539703,-51.10531654695701,""
"Santa Rosa de Lima//work_24",-29.998990971591418,-51.10337389394273,""
"Santa Rosa de Lima//school_24",-29.998690878579822,-51.10436055678117,""
"Santa Rosa de Lima//home_25",-29.99930923512005,-51.1048097491929,""
"Santa Rosa de Lima//work_25",-30.000387356856304,-51.10270147038659,""
"Santa Rosa de Lima//school_25",-30.000729148631496,-51.10366100353121,""
"Santa Rosa de Lima//home_26",-30.000228444042587,-51.10561909891912,""
"Santa Rosa de Lima//work_26",-30.000690342169584,-51.10411880254527,""
"Santa Rosa de Lima//school_26",-30.00030941428156,-51.10530709288577,""
"Santa Rosa de Lima//home_27",-30.002009810003536,-51.10223162176293,""
"Santa Rosa de Lima//work_27",-30.001374596874598,-51.1018163880944,""
"Santa Rosa de Lima//school_27",-30.000656418736952,-51.102072691646796,""
"Santa Rosa de Lima//home_28",-30.00109972248792,-51.10040033459252,""
"Santa Rosa de Lima//work_28",-30.00101723766686,-51.09939029632246,""
"Santa Rosa de Lima//school_28",-30.000764975113494,-51.100133566675,""
"Santa Rosa de Lima//home_29",-29.99872948373949,-51.100368851320546,""
"Santa Rosa de Lima//work_29",-29.998765800120978,-51.100918981406934,""
"Santa Rosa de Lima//school_29",-29.999265373612428,-51.10096165156878,""
"Santa Rosa de Lima//home_30",-29.99875454023931,-51.098994821638136,""
"Santa Rosa de Lima//work_30",-29.999687817982263,-51.099168576774915,""
"Santa Rosa de Lima//school_30",-29.998626878287755,-51.09845815444961,""
"Santa Rosa de Lima//home_31",-30.00003478764223,-51.09913973760889,""
"Santa Rosa de Lima//work_31",-30.000853923801685,-51.098574631586295,""
"Santa Rosa de Lima//school_31",-30.000628235487415,-51.09901855894106,""
"Santa Rosa de Lima//home_32",-30.00185418249277,-51.09826268071797,""
"Santa Rosa de Lima//work_32",-30.00300866971955,-51.09929583292394,""
"Santa Rosa de Lima//school_32",-30.00348182488643,-51.09832576437699,""
"Santa Rosa de Lima//home_33",-29.990487038503037,-51.10540418529079,""
"Santa Rosa de Lima//work_33",-29.987909027882093,-51.10380336361476,""
"Santa Rosa de Lima//school_33",-29.989174550129107,-51.105391606882655,""
"Santa Rosa de Lima//home_34",-29.991224896279405,-51.10586582035608,""
"Santa Rosa de Lima//work_34",-29.991816089729205,-51.107918515512395,""
"Santa Rosa de Lima//school_34",-29.99121128648504,-51.106973140717606,""
"Santa Rosa de Lima//home_35",-29.987014279594394,-51.11025214700613,""
"Santa Rosa de Lima//work_35",-29.99043101251207,-51.10882853137788,""
"Santa Rosa de Lima//school_35",-29.990822976578972,-51.108967251184765,""
"Santa Rosa de Lima//home_36",-29.98748915197678,-51.10936830235468,""
"Santa Rosa de Lima//work_36",-29.989469872104813,-51.10847054943731,""
"Santa Rosa de Lima//school_36",-29.986140699759115,-51.109789855524625,""
"Santa Rosa de Lima//home_37",-29.98992908102308,-51.107847380939724,""
"Santa Rosa de Lima//work_37",-29.98806465110074,-51.108401843901646,""
"Santa Rosa de Lima//school_37",-29.986311696841458,-51.10875963824269,""
"Santa Rosa de Lima//home_38",-29.985824221431738,-51.10802478424867,""
"Santa Rosa de Lima//work_38",-29.985397037375172,-51.10811890411798,""
"Santa Rosa de Lima//school_38",-29.98545254266372,-51.107514706485375,""
"Santa Rosa de Lima//home_39",-29.9854004303509,-51.0966293875154,""
"Santa Rosa de Lima//work_39",-29.985623753355192,-51.1023292873024,""
"Santa Rosa de Lima//school_39",-29.99063219452669,-51.099697829036316,""
"Santa Rosa de Lima//home_40",-29.989452233194907,-51.09294142049055,""
"Santa Rosa de Lima//work_40",-29.989863744386042,-51.095501570824744,""
"Santa Rosa de Lima//school_40",-29.99012467692314,-51.09499290097311,""
"Santa Rosa de Lima//home_41",-29.995228185540434,-51.10719656207067,""
"Santa Rosa de Lima//work_41",-29.99494734179956,-51.10843160415956,""
"Santa Rosa de Lima//school_41",-29.994574668775453,-51.10743694145876,""
"Santa Rosa de Lima//home_42",-29.9977680161647,-51.107522492430924,""
"Santa Rosa de Lima//work_42",-29.997463708155898,-51.107843858386246,""
"Santa Rosa de Lima//school_42",-29.996210560864164,-51.10737179812698,""
"Santa Rosa de Lima//home_43",-29.999911359192136,-51.10775143444826,""
"Santa Rosa de Lima//work_43",-29.998826170617757,-51.107407475918755,""
"Santa Rosa de Lima//school_43",-29.99930413519331,-51.10726902806147,""
"Santa Rosa de Lima//home_44",-30.001141402559067,-51.10582866845096,""
"Santa Rosa de Lima//work_44",-30.00087348236603,-51.10720583055248,""
"Santa Rosa de Lima//school_44",-30.000165958603553,-51.107232931803196,""
"Santa Rosa de Lima//home_45",-29.988821146178836,-51.094244841224565,""
"Santa Rosa de Lima//work_45",-29.98876487980209,-51.09583090064512,""
"Santa Rosa de Lima//school_45",-29.9885544658393,-51.09597541524857,""
"Santa Rosa de Lima//home_46",-29.984805918143124,-51.095060072798155,""
"Santa Rosa de Lima//work_46",-29.985812960180496,-51.09422970537286,""
"Santa Rosa de Lima//school_46",-29.98092092220053,-51.089669687236466,""
"Santa Rosa de Lima//home_47",-29.990321651483935,-51.11094290242702,""
"Santa Rosa de Lima//work_47",-29.991190820117126,-51.11050355024285,""
"Santa Rosa de Lima//school_47",-29.987156614333976,-51.111568662972545,""
"Santa Rosa de Lima//home_48",-29.991355350976452,-51.11135565091876,""
"Santa Rosa de Lima//work_48",-29.9915606721318,-51.111895878618164,""
"Santa Rosa de Lima//school_48",-29.988261470902675,-51.1116463197657,""
"Santa Rosa de Lima//home_49",-30.00030591563296,-51.11046077859794,""
"Santa Rosa de Lima//work_49",-29.998357805341062,-51.11060822849438,""
"Santa Rosa de Lima//school_49",-29.996896710484084,-51.11319578211647,""
"Santa Rosa de Lima//home_50",-29.993617761412022,-51.11236558742461,""
"Santa Rosa de Lima//work_50",-29.992590361169558,-51.11112317558402,""
"Santa Rosa de Lima//school_50",-29.991947537740625,-51.11153821269095,""
"Santa Rosa de Lima//home_51",-29.99568221665003,-51.110696566796484,""
"Santa Rosa de Lima//work_51",-29.996928447460224,-51.108989481373435,""
"Santa Rosa de Lima//school_51",-29.995767282349462,-51.11235449371288,""
"Santa Rosa de Lima//home_52",-29.99661269863628,-51.09658056751222,""
"Santa Rosa de Lima//work_52",-29.996129898859863,-51.0975824465251,""
"Santa Rosa de Lima//school_52",-29.99664100580128,-51.09620805844104,""
"Santa Rosa de Lima//home_53",-29.99659676241181,-51.09784719456438,""
"Santa Rosa de Lima//work_53",-29.994724354876894,-51.097614394347126,""
"Santa Rosa de Lima//school_53",-29.997300756358737,-51.09564279966013,""
"Santa Rosa de Lima//home_54",-29.999073504423155,-51.097480008566016,""
"Santa Rosa de Lima//work_54",-29.99892999851716,-51.097361616472575,""
"Santa Rosa de Lima//school_54",-29.99947336830954,-51.096021064466846,""
"Santa Rosa de Lima//home_55",-29.998061101229155,-51.097299802355785,""
"Santa Rosa de Lima//work_55",-29.99813509610924,-51.09657255993994,""
"Santa Rosa de Lima//school_55",-29.998085944137213,-51.097044016391926,""
"Santa Rosa de Lima//home_56",-29.994326613761537,-51.098035944750755,""
"Santa Rosa de Lima//work_56",-29.9944306212645,-51.097071712440915,""
"Santa Rosa de Lima//school_56",-29.99439800096048,-51.09688054416261,""
"Santa Rosa de Lima//home_57",-29.99257668648708,-51.09832890426275,""
"Santa Rosa de Lima//work_57",-29.991515817028063,-51.09783815907915,""
"Santa Rosa de Lima//school_57",-29.993691392815258,-51.09784108978888,""
"Santa Rosa de Lima//home_58",-29.991385675060634,-51.09712960576401,""
"Santa Rosa de Lima//work_58",-29.991348303848643,-51.097096894013646,""
"Santa Rosa de Lima//school_58",-29.99118703002462,-51.09756998182959,""
"Santa Tereza//home_0",-30.065668043694426,-51.227333204666394,""
"Santa Tereza//work_0",-30.06532441187861,-51.22804888113337,""
"Santa Tereza//school_0",-30.065966220020684,-51.22963853824895,""
"Santa Tereza//home_1",-30.066989213902243,-51.23324694872596,""
"Santa Tereza//work_1",-30.065343064334517,-51.23200928239716,""
"Santa Tereza//school_1",-30.06680691626866,-51.232714580433786,""
"Santa Tereza//home_2",-30.064866778780562,-51.233005265958056,""
"Santa Tereza//work_2",-30.064742307639648,-51.23224772570702,""
"Santa Tereza//school_2",-30.066496124405152,-51.23502830457213,""
"Santa Tereza//home_3",-30.07012604993286,-51.22544872602049,""
"Santa Tereza//work_3",-30.06880428167337,-51.225119720699304,""
"Santa Tereza//school_3",-30.070039775245856,-51.2274273608132,""
"Santa Tereza//home_4",-30.068822528746367,-51.230323103845755,""
"Santa Tereza//work_4",-30.06810511182876,-51.230227460970745,""
"Santa Tereza//school_4",-30.068594349214113,-51.230313393808665,""
"Santa Tereza//home_5",-30.0701266602927,-51.23450714021812,""
"Santa Tereza//work_5",-30.070563519876373,-51.23475397171945,""
"Santa Tereza//school_5",-30.072488571086385,-51.233815948721805,""
"Santa Tereza//home_6",-30.067702703597167,-51.232952096324745,""
"Santa Tereza//work_6",-30.070329736916843,-51.237378050258684,""
"Santa Tereza//school_6",-30.072714332906216,-51.23648413012232,""
"Santa Tereza//home_7",-30.06855419617597,-51.23686759481158,""
"Santa Tereza//work_7",-30.068351700668437,-51.2366233902825,""
"Santa Tereza//school_7",-30.068673782933498,-51.23625345097727,""
"Santa Tereza//home_8",-30.06983990187072,-51.23733235434644,""
"Santa Tereza//work_8",-30.069948925694046,-51.23751665437506,""
"Santa Tereza//school_8",-30.070073644072536,-51.2379176710772,""
"Santa Tereza//home_9",-30.07451172715866,-51.234137801222396,""
"Santa Tereza//work_9",-30.078393493120313,-51.234096897704106,""
"Santa Tereza//school_9",-30.078138905755367,-51.23420101584934,""
"Santa Tereza//home_10",-30.072860885434775,-51.23199695647176,""
"Santa Tereza//work_10",-30.076877394521418,-51.23143456601693,""
"Santa Tereza//school_10",-30.074537252012917,-51.231021897820966,""
"Santa Tereza//home_11",-30.072976607482016,-51.229911797401186,""
"Santa Tereza//work_11",-30.073636611616543,-51.230093541028516,""
"Santa Tereza//school_11",-30.073106199812912,-51.23043449533288,""
"Santa Tereza//home_12",-30.07268631491804,-51.22559403519298,""
"Santa Tereza//work_12",-30.071134432481525,-51.22611138992588,""
"Santa Tereza//school_12",-30.07174463322243,-51.226749281486335,""
"Santa Tereza//home_13",-30.071456322095482,-51.222455611484534,""
"Santa Tereza//work_13",-30.070806879120717,-51.223904941089884,""
"Santa Tereza//school_13",-30.071636198797844,-51.22236003013805,""
"Santa Tereza//home_14",-30.06896520627448,-51.223580282329586,""
"Santa Tereza//work_14",-30.06963547548163,-51.223990806613976,""
"Santa Tereza//school_14",-30.068936469593027,-51.2237873133952,""
"Santa Tereza//home_15",-30.069821630378264,-51.222419386223585,""
"Santa Tereza//work_15",-30.06734906322931,-51.22226839157615,""
"Santa Tereza//school_15",-30.066877039320563,-51.22187310853144,""
"Santa Tereza//home_16",-30.065159637120505,-51.22037400299287,""
"Santa Tereza//work_16",-30.06630864428451,-51.22277930033117,""
"Santa Tereza//school_16",-30.064827885908766,-51.22191496439994,""
"Santa Tereza//home_17",-30.065661039540657,-51.216314465265114,""
"Santa Tereza//work_17",-30.06624405812622,-51.21578888999527,""
"Santa Tereza//school_17",-30.066322090016406,-51.21594288573428,""
"Santa Tereza//home_18",-30.068238927724224,-51.215656189210456,""
"Santa Tereza//work_18",-30.068319802952605,-51.21366291992185,""
"Santa Tereza//school_18",-30.067501060339442,-51.21640279971788,""
"Santa Tereza//home_19",-30.069657409211118,-51.21450328191035,""
"Santa Tereza//work_19",-30.06938108287189,-51.2134984107545,""
"Santa Tereza//school_19",-30.069887247306124,-51.21437464935297,""
"Santa Tereza//home_20",-30.06888395844002,-51.216285302400536,""
"Santa Tereza//work_20",-30.069359273608097,-51.21597681783816,""
"Santa Tereza//school_20",-30.071237834605824,-51.21805052106018,""
"Santa Tereza//home_21",-30.07092954106037,-51.218437834058335,""
"Santa Tereza//work_21",-30.068431488436445,-51.21701344455205,""
"Santa Tereza//school_21",-30.070301364919054,-51.21812664853993,""
"Santa Tereza//home_22",-30.07085001932332,-51.220736224669075,""
"Santa Tereza//work_22",-30.070805406595525,-51.22024185791622,""
"Santa Tereza//school_22",-30.070545756370283,-51.220231858548935,""
"Santa Tereza//home_23",-30.070126147787672,-51.22282203621324,""
"Santa Tereza//work_23",-30.07079609348947,-51.22173835627592,""
"Santa Tereza//school_23",-30.070802112371492,-51.22270199334511,""
"Santa Tereza//home_24",-30.072917848072645,-51.22213003902478,""
"Santa Tereza//work_24",-30.07359132410672,-51.22279296059636,""
"Santa Tereza//school_24",-30.07333785362738,-51.2223646514029,""
"Santa Tereza//home_25",-30.073255794422433,-51.2207148278053,""
"Santa Tereza//work_25",-30.072082889839187,-51.22091437790841,""
"Santa Tereza//school_25",-30.07335162231268,-51.22120394588666,""
"Santa Tereza//home_26",-30.076682289137672,-51.22273239178335,""
"Santa Tereza//work_26",-30.07596570303728,-51.221657037444956,""
"Santa Tereza//school_26",-30.074860573321256,-51.2180887427282,""
"Santa Tereza//home_27",-30.072694951329336,-51.216162314463375,""
"Santa Tereza//work_27",-30.07278540052155,-51.215976721759134,""
"Santa Tereza//school_27",-30.0728728315469,-51.2163866645556,""
"Santa Tereza//home_28",-30.072678774902045,-51.213245413714425,""
"Santa Tereza//work_28",-30.072475036019693,-51.213212230012424,""
"Santa Tereza//school_28",-30.074206499737492,-51.21415551547735,""
"Santa Tereza//home_29",-30.073752664263875,-51.2156702882951,""
"Santa Tereza//work_29",-30.075761671015346,-51.218009854588345,""
"Santa Tereza//school_29",-30.077975332397436,-51.2168109845393,""
"Santa Tereza//home_30",-30.078365387432626,-51.21767072098095,""
"Santa Tereza//work_30",-30.07854157606477,-51.217392359581,""
"Santa Tereza//school_30",-30.078850716535374,-51.218659479225686,""
"Santa Tereza//home_31",-30.07757791762403,-51.218973556792335,""
"Santa Tereza//work_31",-30.077818784720314,-51.22418000571012,""
"Santa Tereza//school_31",-30.079157319986997,-51.220332633528166,""
"Santa Tereza//home_32",-30.080032572615636,-51.22232127553294,""
"Santa Tereza//work_32",-30.080433023841458,-51.22350651516874,""
"Santa Tereza//school_32",-30.08037585523985,-51.22306520595027,""
"Santa Tereza//home_33",-30.07640891879498,-51.2248155380032,""
"Santa Tereza//work_33",-30.076843997718438,-51.2250711801855,""
"Santa Tereza//school_33",-30.076811933027567,-51.22514545393518,""
"Santa Tereza//home_34",-30.076901027830267,-51.22488728163659,""
"Santa Tereza//work_34",-30.076579471068545,-51.223602153303084,""
"Santa Tereza//school_34",-30.076627898336387,-51.22467457932617,""
"Santa Tereza//home_35",-30.073140817582765,-51.224519740668256,""
"Santa Tereza//work_35",-30.074781170659644,-51.22377243228315,""
"Santa Tereza//school_35",-30.073294154823387,-51.22341518736187,""
"Santa Tereza//home_36",-30.073420166806294,-51.22500916866139,""
"Santa Tereza//work_36",-30.074147193163927,-51.22482703190987,""
"Santa Tereza//school_36",-30.075957166555856,-51.22501421602574,""
"Santa Tereza//home_37",-30.07459456792604,-51.22635152388984,""
"Santa Tereza//work_37",-30.07397554701619,-51.2264576015287,""
"Santa Tereza//school_37",-30.073941112392212,-51.22662931787829,""
"Santa Tereza//home_38",-30.073332599600885,-51.226934744195034,""
"Santa Tereza//work_38",-30.07331878031774,-51.22709779938071,""
"Santa Tereza//school_38",-30.07313860195488,-51.227093732106745,""
"Santa Tereza//home_39",-30.073809930071736,-51.228357222724966,""
"Santa Tereza//work_39",-30.073241900804497,-51.22780069237186,""
"Santa Tereza//school_39",-30.07457835620926,-51.229270485408456,""
"Santa Tereza//home_40",-30.0757644889996,-51.23053330711296,""
"Santa Tereza//work_40",-30.076596809512733,-51.22982618527709,""
"Santa Tereza//school_40",-30.0771049381862,-51.23022449193619,""
"Santa Tereza//home_41",-30.077720884072644,-51.230146532382726,""
"Santa Tereza//work_41",-30.078319207749665,-51.22943162944163,""
"Santa Tereza//school_41",-30.077718244755474,-51.22812398692058,""
"Santa Tereza//home_42",-30.077956151827,-51.226993847002106,""
"Santa Tereza//work_42",-30.079883992904186,-51.22932657140091,""
"Santa Tereza//school_42",-30.07960372684248,-51.228860116048494,""
"Santa Tereza//home_43",-30.081245258583923,-51.226271567370596,""
"Santa Tereza//work_43",-30.079884612488815,-51.22612845958097,""
"Santa Tereza//school_43",-30.080631393619843,-51.22606477030322,""
"Santa Tereza//home_44",-30.083009249608395,-51.22497878505664,""
"Santa Tereza//work_44",-30.082833380805678,-51.22506396692123,""
"Santa Tereza//school_44",-30.082461612946236,-51.22325975536204,""
"Santa Tereza//home_45",-30.081114590196318,-51.22718949256089,""
"Santa Tereza//work_45",-30.08149577496318,-51.22792316391862,""
"Santa Tereza//school_45",-30.082703182476255,-51.22568581572136,""
"Santa Tereza//home_46",-30.08215404697764,-51.22817765163791,""
"Santa Tereza//work_46",-30.08236472471794,-51.228231037808364,""
"Santa Tereza//school_46",-30.082827774846272,-51.22814424765471,""
"Santa Tereza//home_47",-30.085361586495846,-51.22836820800683,""
"Santa Tereza//work_47",-30.084500201898745,-51.227884857642394,""
"Santa Tereza//school_47",-30.083850591374922,-51.22479916338087,""
"Santa Tereza//home_48",-30.08164836767857,-51.22998658809843,""
"Santa Tereza//work_48",-30.082655085918237,-51.23089982064433,""
"Santa Tereza//school_48",-30.082266181556964,-51.229752263299915,""
"Santa Tereza//home_49",-30.06503194315942,-51.23080864689597,""
"Santa Tereza//work_49",-30.0642691321473,-51.230626234242884,""
"Santa Tereza//school_49",-30.064292596435926,-51.23028529149681,""
"Santa Tereza//home_50",-30.08224244806348,-51.2256152038033,""
"Santa Tereza//work_50",-30.08205736334951,-51.225038568871135,""
"Santa Tereza//school_50",-30.08151352139739,-51.22548647077977,""
"Santa Tereza//home_51",-30.077762050925845,-51.2251702240998,""
"Santa Tereza//work_51",-30.077780491526674,-51.2245678650929,""
"Santa Tereza//school_51",-30.077429434338818,-51.22469621083761,""
"Santa Tereza//home_52",-30.070660541087793,-51.23397132526804,""
"Santa Tereza//work_52",-30.07104462460778,-51.232981310082685,""
"Santa Tereza//school_52",-30.070281590053295,-51.23415546998022,""
"Santa Tereza//home_53",-30.083976415855986,-51.23081184752775,""
"Santa Tereza//work_53",-30.083626777757488,-51.23123641042444,""
"Santa Tereza//school_53",-30.083741971340505,-51.23096188116854,""
"Santa Tereza//home_54",-30.07257867927875,-51.21908563605628,""
"Santa Tereza//work_54",-30.07194890175855,-51.21889924186099,""
"Santa Tereza//school_54",-30.071885454519588,-51.2181373375556,""
"Santa Tereza//home_55",-30.07179412010641,-51.22034923080683,""
"Santa Tereza//work_55",-30.07229021339262,-51.2199068174412,""
"Santa Tereza//school_55",-30.07127042421045,-51.22027830619812,""
"Santa Tereza//home_56",-30.08346268887955,-51.228706222679065,""
"Santa Tereza//work_56",-30.082922633066953,-51.22953121646973,""
"Santa Tereza//school_56",-30.083344694483745,-51.22824093776233,""
"Santa Tereza//home_57",-30.084053754554454,-51.22889181227611,""
"Santa Tereza//work_57",-30.084726262360412,-51.23025892715184,""
"Santa Tereza//school_57",-30.084124685598272,-51.22951122287268,""
"Santa Tereza//home_58",-30.07832666748562,-51.226153365853804,""
"Santa Tereza//work_58",-30.078865456636112,-51.22560019326013,""
"Santa Tereza//school_58",-30.078157309936476,-51.22615953297369,""
"Santa Tereza//home_59",-30.07585030639615,-51.22639167850937,""
"Santa Tereza//work_59",-30.07610823815583,-51.22646836747204,""
"Santa Tereza//school_59",-30.07497613525136,-51.22694739524331,""
"Santa Tereza//home_60",-30.0813303351669,-51.221465705502816,""
"Santa Tereza//work_60",-30.08181487050245,-51.221597354337355,""
"Santa Tereza//school_60",-30.08205081944586,-51.22199703456014,""
"Santa Tereza//home_61",-30.079439481755294,-51.22212356166875,""
"Santa Tereza//work_61",-30.080604475847633,-51.22125499479112,""
"Santa Tereza//school_61",-30.07996643439236,-51.22149111808947,""
"Santa Tereza//home_62",-30.064729169695052,-51.21731942757879,""
"Santa Tereza//work_62",-30.062462937700985,-51.217992243426075,""
"Santa Tereza//school_62",-30.063314545046047,-51.21726688402205,""
"Santa Tereza//home_63",-30.064385994650806,-51.21697381013226,""
"Santa Tereza//work_63",-30.064215803242895,-51.216790749381225,""
"Santa Tereza//school_63",-30.064519392709123,-51.21695182700514,""
"Santana//home_0",-30.040874037784576,-51.215219750251734,9.0
"Santana//work_0",-30.041033413160054,-51.21495720133602,9.4
"Santana//school_0",-30.040613290252058,-51.21446058168273,9.4
"Santana//home_1",-30.041361406046178,-51.21556572361329,9.3
"Santana//work_1",-30.04117852921376,-51.21565773777023,9.3
"Santana//school_1",-30.041120172453372,-51.215607054652374,9.3
"Santana//home_2",-30.041860186439223,-51.21536118217356,9.3
"Santana//work_2",-30.04152416522971,-51.214886792120076,9.3
"Santana//school_2",-30.04074595534998,-51.21340461672809,8.7
"Santana//home_3",-30.04234289942139,-51.21504255508774,8.0
"Santana//work_3",-30.042322385046226,-51.214492339088544,8.3
"Santana//school_3",-30.042617085724512,-51.21510978148615,7.5
"Santana//home_4",-30.042591795168722,-51.21340155574786,8.2
"Santana//work_4",-30.04156926807653,-51.21276828538294,7.6
"Santana//school_4",-30.042340348705856,-51.213637495934904,8.2
"Santana//home_5",-30.040748283679168,-51.21083702008837,8.5
"Santana//work_5",-30.041310320751375,-51.212259963262575,8.2
"Santana//school_5",-30.040503569000332,-51.21200791364423,9.4
"Santana//home_6",-30.04039625485447,-51.21312571048056,9.0
"Santana//work_6",-30.04056290378981,-51.212919036647065,8.7
"Santana//school_6",-30.03954174790263,-51.213342813472124,9.5
"Santana//home_7",-30.03850229437557,-51.21170281276968,10.0
"Santana//work_7",-30.038782510782944,-51.21219380950505,10.0
"Santana//school_7",-30.04093338909605,-51.21051483127747,7.1
"Santana//home_8",-30.039959824481894,-51.20932024720605,8.9
"Santana//work_8",-30.03973973469592,-51.20936716097513,8.9
"Santana//school_8",-30.039718698115568,-51.210170561298874,9.2
"Santana//home_9",-30.037373426916016,-51.20945717160283,10.0
"Santana//work_9",-30.03837230741948,-51.20892861305998,10.0
"Santana//school_9",-30.037282787993764,-51.20958927426353,10.0
"Santana//home_10",-30.038404785187424,-51.20878963950447,10.0
"Santana//work_10",-30.03719096461038,-51.208797925798976,10.0
"Santana//school_10",-30.03700792526254,-51.20844756840408,10.0
"Santana//home_11",-30.03841318211076,-51.208539773489186,10.0
"Santana//work_11",-30.03832115868686,-51.20826444038342,10.0
"Santana//school_11",-30.037205250139877,-51.20844202086482,10.0
"Santana//home_12",-30.03976536452038,-51.209249595681776,8.9
"Santana//work_12",-30.04007625191937,-51.20852003592396,9.8
"Santana//school_12",-30.041400751712168,-51.20826148293635,7.5
"Santana//home_13",-30.042956488404176,-51.208196320112336,6.3
"Santana//work_13",-30.04312601198498,-51.208242152389985,6.3
"Santana//school_13",-30.04246983066902,-51.20889782547178,6.5
"Santana//home_14",-30.042021559446965,-51.209045311338606,6.4
"Santana//work_14",-30.041597982169268,-51.20917596316451,7.2
"Santana//school_14",-30.042108729694117,-51.20920745619434,6.2
"Santana//home_15",-30.041980125853133,-51.210312064847294,6.5
"Santana//work_15",-30.04211684023939,-51.21042698865217,6.5
"Santana//school_15",-30.041853587649097,-51.21019998400519,6.6
"Santana//home_16",-30.042364602408487,-51.21131585592425,6.7
"Santana//work_16",-30.042494990999035,-51.21075253404309,6.5
"Santana//school_16",-30.042223743149517,-51.21182239688952,7.2
"Santana//home_17",-30.04318564460223,-51.21400602332034,8.2
"Santana//work_17",-30.043223908120062,-51.214033479971,8.2
"Santana//school_17",-30.042152098709707,-51.212399880412335,7.0
"Santana//home_18",-30.04514221615047,-51.211762601416574,5.7
"Santana//work_18",-30.043734376847265,-51.21195519424893,5.7
"Santana//school_18",-30.044286518429548,-51.21232614655591,5.7
"Santana//home_19",-30.04397753675072,-51.211157594182204,6.6
"Santana//work_19",-30.044088955520692,-51.21076481289212,5.9
"Santana//school_19",-30.04368562958215,-51.21124660443096,6.6
"Santana//home_20",-30.043186049402685,-51.21022075631578,5.7
"Santana//work_20",-30.04380633980904,-51.20990566508559,5.7
"Santana//school_20",-30.044097764691433,-51.210438989387406,5.7
"Santana//home_21",-30.044478456297586,-51.209251413580596,5.7
"Santana//work_21",-30.043326437516953,-51.20943091430349,5.7
"Santana//school_21",-30.045032679716286,-51.20920945016648,5.7
"Santana//home_22",-30.046307424466043,-51.212238099377416,6.1
"Santana//work_22",-30.045746556553738,-51.21080162122296,5.7
"Santana//school_22",-30.044729961502394,-51.210327531129685,5.7
"Santana//home_23",-30.04518717084592,-51.20829296830241,5.7
"Santana//work_23",-30.046902827066308,-51.20940341883718,7.4
"Santana//school_23",-30.04673187286252,-51.208807906042,7.7
"Santana//home_24",-30.044919453869,-51.20500827453154,5.9
"Santana//work_24",-30.04416433073306,-51.20536394460652,5.7
"Santana//school_24",-30.044935049896356,-51.20654969426656,5.7
"Santana//home_25",-30.04553608087923,-51.20433646395804,6.8
"Santana//work_25",-30.0437266348244,-51.204305030404576,5.7
"Santana//school_25",-30.04348773842402,-51.205042798303325,5.7
"Santana//home_26",-30.046482969432855,-51.20589391786391,7.0
"Santana//work_26",-30.046241395076773,-51.20633301748646,7.4
"Santana//school_26",-30.046166345040636,-51.20648476403706,7.4
"Santana//home_27",-30.04752428429825,-51.20866469004717,8.0
"Santana//work_27",-30.048337988033044,-51.21019144227765,8.4
"Santana//school_27",-30.047849848602574,-51.20860398644197,8.9
"Santana//home_28",-30.04800587227927,-51.208770562462746,9.5
"Santana//work_28",-30.048241614245782,-51.20907204677358,9.5
"Santana//school_28",-30.048645546003353,-51.208689566327855,9.5
"Santana//home_29",-30.049577520173806,-51.20849255159585,10.0
"Santana//work_29",-30.04756354706194,-51.205840106628465,8.2
"Santana//school_29",-30.04860305164497,-51.20677978848682,9.1
"Santana//home_30",-30.045843815009608,-51.20163131534202,6.4
"Santana//work_30",-30.04719936851369,-51.20460084469497,9.1
"Santana//school_30",-30.045702425789713,-51.2030549052257,7.0
"Santana//home_31",-30.044193528264223,-51.20337754910033,5.7
"Santana//work_31",-30.043826973638495,-51.202000951564,5.7
"Santana//school_31",-30.045835215032064,-51.20108162207167,6.4
"Santana//home_32",-30.046660974193443,-51.20148674625387,7.6
"Santana//work_32",-30.04759448699271,-51.201774017561945,9.1
"Santana//school_32",-30.047312683717422,-51.20240331432533,9.2
"Santana//home_33",-30.048110044208457,-51.203230362514915,9.6
"Santana//work_33",-30.048595169801864,-51.20418057198757,9.5
"Santana//school_33",-30.04844453770069,-51.20223156365091,9.4
"Santana//home_34",-30.049631751553775,-51.20492375253282,10.0
"Santana//work_34",-30.04980811198403,-51.206124687633285,10.0
"Santana//school_34",-30.04924046152528,-51.20450700333801,10.0
"Santana//home_35",-30.051322873317275,-51.20804717188767,10.0
"Santana//work_35",-30.050706845750828,-51.20685391623125,10.0
"Santana//school_35",-30.049867157776006,-51.20760552429307,10.0
"Santana//home_36",-30.051612246628515,-51.20746027252413,10.0
"Santana//work_36",-30.050870713629063,-51.20619131767763,10.0
"Santana//school_36",-30.050909076043713,-51.206107633428005,10.0
"Santana//home_37",-30.051596414704623,-51.20402500121604,10.0
"Santana//work_37",-30.05234944718081,-51.205092900679695,10.0
"Santana//school_37",-30.052150126036068,-51.20475384986892,10.0
"Santana//home_38",-30.050271777734523,-51.20379236415229,10.0
"Santana//work_38",-30.05024873303306,-51.203647203354315,10.0
"Santana//school_38",-30.050937549220787,-51.203913950525546,10.0
"Santana//home_39",-30.05072380465008,-51.20137676613179,10.0
"Santana//work_39",-30.049886401711333,-51.20094103738024,10.0
"Santana//school_39",-30.050021054061023,-51.20140655811003,10.0
"Santana//home_40",-30.048610468246007,-51.201339528339496,9.2
"Santana//work_40",-30.04985343778125,-51.201969768724155,10.0
"Santana//school_40",-30.04953772045836,-51.202133118078166,10.0
"Santana//home_41",-30.049542934592942,-51.19911766539379,9.9
"Santana//work_41",-30.05000200890514,-51.199568048448796,10.0
"Santana//school_41",-30.04891525779363,-51.19789306070299,9.1
"Santana//home_42",-30.04302280259578,-51.212653493276356,7.0
"Santana//work_42",-30.043528001708353,-51.2134757666308,7.7
"Santana//school_42",-30.043600056417223,-51.21344030416354,7.3
"Santana//home_43",-30.046456819538907,-51.19857969106005,6.2
"Santana//work_43",-30.046194673929897,-51.20073563132629,7.2
"Santana//school_43",-30.047009198255964,-51.19911509903372,7.3
"Santana//home_44",-30.047113372964766,-51.198077524067244,6.8
"Santana//work_44",-30.048666235711842,-51.19933140798187,8.9
"Santana//school_44",-30.04780999583619,-51.198608810402526,8.4
"Santo Antônio//home_0",-30.056835073392747,-51.20842970381491,""
"Santo Antônio//work_0",-30.056336405392894,-51.20902805734177,""
"Santo Antônio//school_0",-30.05174940286214,-51.208142371957145,""
"Santo Antônio//home_1",-30.05206067890006,-51.20688209595515,""
"Santo Antônio//work_1",-30.054208544375154,-51.20706382351195,""
"Santo Antônio//school_1",-30.05375106668162,-51.20616441928972,""
"Santo Antônio//home_2",-30.0554450736597,-51.206073162203936,""
"Santo Antônio//work_2",-30.055377790083696,-51.20705100320287,""
"Santo Antônio//school_2",-30.055424773811424,-51.2071870283111,""
"Santo Antônio//home_3",-30.06015356955159,-51.20680524523599,""
"Santo Antônio//work_3",-30.059931455331586,-51.2066721589557,""
"Santo Antônio//school_3",-30.058385074325777,-51.2074946414975,""
"Santo Antônio//home_4",-30.058071067586795,-51.20701330068206,""
"Santo Antônio//work_4",-30.05880151284846,-51.20651826205225,""
"Santo Antônio//school_4",-30.05915523202553,-51.20664494934494,""
"Santo Antônio//home_5",-30.05655223674757,-51.2072088201038,""
"Santo Antônio//work_5",-30.056649337363215,-51.206743027802275,""
"Santo Antônio//school_5",-30.05595790608983,-51.20681315283533,""
"Santo Antônio//home_6",-30.056652095220876,-51.206322482457686,""
"Santo Antônio//work_6",-30.05759481888197,-51.20632052317466,""
"Santo Antônio//school_6",-30.05663439117389,-51.20579780700108,""
"Santo Antônio//home_7",-30.057009387258475,-51.20495033509017,""
"Santo Antônio//work_7",-30.057727883180902,-51.205280038528144,""
"Santo Antônio//school_7",-30.057606271257992,-51.20521725339763,""
"Santo Antônio//home_8",-30.05967832492115,-51.206304916228326,""
"Santo Antônio//work_8",-30.058531143543547,-51.20602203365748,""
"Santo Antônio//school_8",-30.05894280599725,-51.205991144020025,""
"Santo Antônio//home_9",-30.061412610702636,-51.20660611145417,""
"Santo Antônio//work_9",-30.061003363256876,-51.20668199426589,""
"Santo Antônio//school_9",-30.061576007579347,-51.206449325263996,""
"Santo Antônio//home_10",-30.063227355341,-51.20368981647451,""
"Santo Antônio//work_10",-30.063093613358085,-51.2053753957628,""
"Santo Antônio//school_10",-30.063028188442228,-51.20362449525314,""
"Santo Antônio//home_11",-30.059087139347113,-51.20434484018729,""
"Santo Antônio//work_11",-30.058449094164494,-51.20481707579921,""
"Santo Antônio//school_11",-30.06020077440615,-51.204922729269605,""
"Santo Antônio//home_12",-30.06142624628647,-51.204216427283356,""
"Santo Antônio//work_12",-30.061974938319008,-51.20498743789703,""
"Santo Antônio//school_12",-30.05902281922803,-51.20346681520885,""
"Santo Antônio//home_13",-30.060347237317586,-51.203483381028,""
"Santo Antônio//work_13",-30.061800099842642,-51.20350019543318,""
"Santo Antônio//school_13",-30.060425992554165,-51.20354509021187,""
"Santo Antônio//home_14",-30.05451624967194,-51.204157460604584,""
"Santo Antônio//work_14",-30.05434996031414,-51.20412368507088,""
"Santo Antônio//school_14",-30.05331804624882,-51.20361774181988,""
"Santo Antônio//home_15",-30.054980858864447,-51.203849070507424,""
"Santo Antônio//work_15",-30.056237747740894,-51.20421526480641,""
"Santo Antônio//school_15",-30.055692791758307,-51.204098218413435,""
"Santo Antônio//home_16",-30.055695519584024,-51.20335129594945,""
"Santo Antônio//work_16",-30.057014861219223,-51.203631128458994,""
"Santo Antônio//school_16",-30.05417532681831,-51.202956304221956,""
"Santo Antônio//home_17",-30.056926746280784,-51.20302541189998,""
"Santo Antônio//work_17",-30.05383630567432,-51.202137998527526,""
"Santo Antônio//school_17",-30.05677186092939,-51.202410731366335,""
"Santo Antônio//home_18",-30.057327249013692,-51.20106085889793,""
"Santo Antônio//work_18",-30.055415259816858,-51.20075666074578,""
"Santo Antônio//school_18",-30.05529489240479,-51.200762099323114,""
"Santo Antônio//home_19",-30.060168935111985,-51.20210425733857,""
"Santo Antônio//work_19",-30.06329412482767,-51.20239386330124,""
"Santo Antônio//school_19",-30.060282225494745,-51.20191371578325,""
"Santo Antônio//home_20",-30.061416625582858,-51.19998900752598,""
"Santo Antônio//work_20",-30.062363543492534,-51.199782832137814,""
"Santo Antônio//school_20",-30.063451710339265,-51.20042542122624,""
"Santo Antônio//home_21",-30.061267487737947,-51.197986456869764,""
"Santo Antônio//work_21",-30.062453129008624,-51.19829979926111,""
"Santo Antônio//school_21",-30.0636247875247,-51.19874129796905,""
"Santo Antônio//home_22",-30.05926637947096,-51.19840846955598,""
"Santo Antônio//work_22",-30.061048638143184,-51.19817844252866,""
"Santo Antônio//school_22",-30.0612569428884,-51.19837548643635,""
"Santo Antônio//home_23",-30.05851907893365,-51.20062210938308,""
"Santo Antônio//work_23",-30.058735629143435,-51.19943907740871,""
"Santo Antônio//school_23",-30.0595431330323,-51.19744459624908,""
"Santo Antônio//home_24",-30.05767071439782,-51.19610329048912,""
"Santo Antônio//work_24",-30.058206265565115,-51.19662389711281,""
"Santo Antônio//school_24",-30.058672865644866,-51.196881929217334,""
"Santo Antônio//home_25",-30.059317603447248,-51.20779552051785,""
"Santo Antônio//work_25",-30.059438559282217,-51.20694922562159,""
"Santo Antônio//school_25",-30.058966651277277,-51.207442372951604,""
"Santo Antônio//home_26",-30.05560498469695,-51.1996643572181,""
"Santo Antônio//work_26",-30.055771038749253,-51.19921502687464,""
"Santo Antônio//school_26",-30.05526737602641,-51.19924536685665,""
"Santo Antônio//home_27",-30.056053220717722,-51.199595628150504,""
"Santo Antônio//work_27",-30.056294193933493,-51.199945518211635,""
"Santo Antônio//school_27",-30.0562367940948,-51.199624299129106,""
"Santo Antônio//home_28",-30.055988879499854,-51.19936194778906,""
"Santo Antônio//work_28",-30.055870222631782,-51.19899901070358,""
"Santo Antônio//school_28",-30.055954712745553,-51.198964445592395,""
"Santo Antônio//home_29",-30.056463319047634,-51.19893401378378,""
"Santo Antônio//work_29",-30.056509266623646,-51.19971509100938,""
"Santo Antônio//school_29",-30.05635316111173,-51.19956147424337,""
"Santo Antônio//home_30",-30.05629793263422,-51.198326471494106,""
"Santo Antônio//work_30",-30.056131687737192,-51.198768319663955,""
"Santo Antônio//school_30",-30.056512403752443,-51.198561759186845,""
"Santo Antônio//home_31",-30.056907813571282,-51.198827973139366,""
"Santo Antônio//work_31",-30.0567240415776,-51.19868945181863,""
"Santo Antônio//school_31",-30.056914162270782,-51.19890093199007,""
"São Caetano//home_0",-30.187439915462978,-51.087100181488616,""
"São Caetano//work_0",-30.187675017421054,-51.085736842282266,""
"São Caetano//school_0",-30.191083675154943,-51.089608190173195,""
"São Caetano//home_1",-30.188100601311397,-51.06899712338533,""
"São Caetano//work_1",-30.18845603667816,-51.06369381165277,""
"São Caetano//school_1",-30.189613007797917,-51.083578129150645,""
"São Caetano//home_2",-30.20883866649532,-51.09730101025701,""
"São Caetano//work_2",-30.206059671235003,-51.09114987832668,""
"São Caetano//school_2",-30.201144822858286,-51.109105692023114,""
"São Geraldo//home_0",-30.004751805795284,-51.20594013877522,""
"São Geraldo//work_0",-30.00529052895702,-51.203844511930356,""
"São Geraldo//school_0",-30.006185092653805,-51.20328878206074,""
"São Geraldo//home_1",-30.00702118304284,-51.19680354558798,""
"São Geraldo//work_1",-30.00642174601789,-51.19808937980145,""
"São Geraldo//school_1",-30.00639207681302,-51.197717901166804,""
"São Geraldo//home_2",-30.00933218229603,-51.19384882488166,""
"São Geraldo//work_2",-30.010094426421617,-51.19410005900314,""
"São Geraldo//school_2",-30.008724617600315,-51.19335363343724,""
"São Geraldo//home_3",-30.008805329474516,-51.19818794473406,""
"São Geraldo//work_3",-30.008304735637047,-51.1988169564343,""
"São Geraldo//school_3",-30.00856930955076,-51.19850279270182,""
"São Geraldo//home_4",-30.007595566018967,-51.20238702526949,""
"São Geraldo//work_4",-30.007196055801707,-51.202184753397525,""
"São Geraldo//school_4",-30.007957169895885,-51.20141381703499,""
"São Geraldo//home_5",-30.008135216632294,-51.201670696015725,""
"São Geraldo//work_5",-30.00864988459341,-51.20119152594927,""
"São Geraldo//school_5",-30.00878358301797,-51.202122458168226,""
"São Geraldo//home_6",-30.011642405272536,-51.19425690649492,""
"São Geraldo//work_6",-30.011492150257478,-51.19523764989359,""
"São Geraldo//school_6",-30.009890227026908,-51.19875487482619,""
"São Geraldo//home_7",-30.013557751298915,-51.19524093401067,""
"São Geraldo//work_7",-30.012403084026555,-51.19721348577824,""
"São Geraldo//school_7",-30.01248093671835,-51.19499342251351,""
"São Geraldo//home_8",-30.011974283419914,-51.19949016947326,""
"São Geraldo//work_8",-30.011948803177834,-51.20050689022282,""
"São Geraldo//school_8",-30.0119972417541,-51.198678410558074,""
"São Geraldo//home_9",-30.009365871450093,-51.20341287250916,""
"São Geraldo//work_9",-30.009346661812227,-51.20459877453844,""
"São Geraldo//school_9",-30.011810378916635,-51.20074621752409,""
"São Geraldo//home_10",-30.008360817446547,-51.21024967849528,""
"São Geraldo//work_10",-30.00729272149051,-51.21103521809909,""
"São Geraldo//school_10",-30.012632630291172,-51.206754905061324,""
"São Geraldo//home_11",-30.00894952887274,-51.20672111554073,""
"São Geraldo//work_11",-30.008821529436453,-51.20713661005898,""
"São Geraldo//school_11",-30.009939783933977,-51.20609252843598,""
"São Geraldo//home_12",-30.01477671375726,-51.20050426647059,""
"São Geraldo//work_12",-30.011958122141486,-51.20475252506054,""
"São Geraldo//school_12",-30.012382520731354,-51.20472582337172,""
"São Geraldo//home_13",-30.013339058780694,-51.200371103028694,""
"São Geraldo//work_13",-30.01246294751385,-51.20018005702125,""
"São Geraldo//school_13",-30.011507881830653,-51.202834291949884,""
"São Geraldo//home_14",-30.013788177071994,-51.1971544810325,""
"São Geraldo//work_14",-30.014481453116492,-51.19838161918279,""
"São Geraldo//school_14",-30.013904522488428,-51.19712732691781,""
"São Geraldo//home_15",-30.015341147124648,-51.19716470202558,""
"São Geraldo//work_15",-30.0149050368228,-51.19991520988408,""
"São Geraldo//school_15",-30.015714350424417,-51.197121623526485,""
"São Geraldo//home_16",-30.01581961728909,-51.19692319332197,""
"São Geraldo//work_16",-30.01558217453695,-51.19649349052746,""
"São Geraldo//school_16",-30.0150879436445,-51.19615566575048,""
"São Geraldo//home_17",-30.012916388044896,-51.20402860396045,""
"São Geraldo//work_17",-30.01353182956714,-51.20410601804419,""
"São Geraldo//school_17",-30.013721330359914,-51.20355785405129,""
"São Geraldo//home_18",-30.008490709863455,-51.20753032043836,""
"São Geraldo//work_18",-30.008067719238948,-51.20802023481543,""
"São Geraldo//school_18",-30.00819517793388,-51.20765798466742,""
"São Geraldo//home_19",-30.008566828744943,-51.20582239332592,""
"São Geraldo//work_19",-30.008764828837155,-51.20644453988464,""
"São Geraldo//school_19",-30.007976306702023,-51.206100493987094,""
"São Geraldo//home_20",-30.009399272121833,-51.20230271768488,""
"São Geraldo//work_20",-30.010157714755003,-51.20041612451211,""
"São Geraldo//school_20",-30.01053678013252,-51.19776931964974,""
"São João//home_0",-30.017389236931173,-51.19319503860694,""
"São João//work_0",-30.01618363167267,-51.19235292531379,""
"São João//school_0",-30.01607026639386,-51.19290065993234,""
"São João//home_1",-30.01737821886229,-51.19597137336589,""
"São João//work_1",-30.016861256117615,-51.196371779545665,""
"São João//school_1",-30.01693472484512,-51.19663073670997,""
"São João//home_2",-30.015951728294464,-51.194654883714875,""
"São João//work_2",-30.01574266634002,-51.19508690348238,""
"São João//school_2",-30.016365874196044,-51.19653671277508,""
"São João//home_3",-30.01584649272502,-51.19335267004287,""
"São João//work_3",-30.01565275961801,-51.193431686424,""
"São João//school_3",-30.01481574901077,-51.19472794776637,""
"São João//home_4",-30.01234777815546,-51.193436910989575,""
"São João//work_4",-30.01304436114477,-51.19354502339045,""
"São João//school_4",-30.012579736679417,-51.193903854572774,""
"São João//home_5",-30.01170340236784,-51.192675572134256,""
"São João//work_5",-30.013741443396977,-51.19160343343332,""
"São João//school_5",-30.010892964956543,-51.192609025974406,""
"São João//home_6",-30.012379304655624,-51.190763475876636,""
"São João//work_6",-30.011402537669593,-51.19207585937554,""
"São João//school_6",-30.010860176527434,-51.191622297845385,""
"São João//home_7",-30.010617456026377,-51.19267660471856,""
"São João//work_7",-30.010163148821956,-51.191788757949844,""
"São João//school_7",-30.00979298734496,-51.19123849232897,""
"São João//home_8",-30.012131986718533,-51.189280145422906,""
"São João//work_8",-30.010202115856327,-51.189675770190945,""
"São João//school_8",-30.01161858295235,-51.18958268294167,""
"São João//home_9",-30.00810280329533,-51.188834232067286,""
"São João//work_9",-30.0080909200177,-51.18810424310943,""
"São João//school_9",-30.00788225958214,-51.1882513395258,""
"São João//home_10",-30.011484229879223,-51.18593820232471,""
"São João//work_10",-30.007997189591276,-51.18671075309475,""
"São João//school_10",-30.01166594267417,-51.18685145900005,""
"São João//home_11",-30.010622175704764,-51.185461178221075,""
"São João//work_11",-30.010461050452605,-51.18535812215458,""
"São João//school_11",-30.0082130198179,-51.18577063021096,""
"São João//home_12",-30.009700031593198,-51.184115831570004,""
"São João//work_12",-30.011495687346194,-51.184430184323475,""
"São João//school_12",-30.008929929700297,-51.183560487266455,""
"São João//home_13",-30.010821589012302,-51.18242556215661,""
"São João//work_13",-30.010741058154306,-51.18252313913396,""
"São João//school_13",-30.01138264214175,-51.18333967271483,""
"São João//home_14",-30.008275208976176,-51.18359472190732,""
"São João//work_14",-30.00753897239558,-51.18478057517755,""
"São João//school_14",-30.00767763853964,-51.184910205010986,""
"São João//home_15",-30.00580042255182,-51.18351977346636,""
"São João//work_15",-30.006572791873204,-51.18257036322717,""
"São João//school_15",-30.003278660194223,-51.18284139407455,""
"São João//home_16",-30.00709064383013,-51.18645803976347,""
"São João//work_16",-30.00317996182602,-51.186524690544516,""
"São João//school_16",-30.007055012759473,-51.18751846534289,""
"São João//home_17",-30.006039746880703,-51.188454884191685,""
"São João//work_17",-30.00617176956756,-51.18811996138176,""
"São João//school_17",-30.005148921270607,-51.188150709023446,""
"São João//home_18",-30.00702927980059,-51.189099465840584,""
"São João//work_18",-30.006254533644732,-51.188992774182196,""
"São João//school_18",-30.005723350120974,-51.18993338620846,""
"São João//home_19",-30.007010150533237,-51.19203896366225,""
"São João//work_19",-30.00654721461181,-51.192469991662435,""
"São João//school_19",-30.007198730726433,-51.19341533101175,""
"São João//home_20",-30.00470260175695,-51.18935210147484,""
"São João//work_20",-30.003234536391115,-51.18988976112189,""
"São João//school_20",-30.00453515308709,-51.19031139773837,""
"São João//home_21",-30.005831084550167,-51.192828872945704,""
"São João//work_21",-30.00552287491458,-51.19191097220172,""
"São João//school_21",-30.004982535923446,-51.19081499057525,""
"São João//home_22",-29.994304714541865,-51.18654807108585,""
"São João//work_22",-29.998110233058735,-51.18807764199522,""
"São João//school_22",-29.9977533695247,-51.18918438838437,""
"São João//home_23",-30.012598639861164,-51.18991703674059,""
"São João//work_23",-30.012206428156812,-51.19047069520222,""
"São João//school_23",-30.012810246306667,-51.18945344868632,""
"São João//home_24",-30.01082409842421,-51.191233751813556,""
"São João//work_24",-30.011692826139043,-51.18981574833281,""
"São João//school_24",-30.010502807482435,-51.19124278701153,""
"São Sebastião//home_0",-29.999165572097642,-51.14666088514555,""
"São Sebastião//work_0",-29.998170308518414,-51.14652902706521,""
"São Sebastião//school_0",-29.99945686490861,-51.14626164767785,""
"São Sebastião//home_1",-30.00126417998899,-51.14728399444212,""
"São Sebastião//work_1",-30.00135902494221,-51.147263527017344,""
"São Sebastião//school_1",-30.00153186030023,-51.14713256943131,""
"São Sebastião//home_2",-30.004063656470688,-51.14725354264152,""
"São Sebastião//work_2",-30.00309205548858,-51.14726296083821,""
"São Sebastião//school_2",-30.003333407719524,-51.147010787187966,""
"São Sebastião//home_3",-30.000894468291996,-51.146627784914266,""
"São Sebastião//work_3",-30.00162731022103,-51.1465559571765,""
"São Sebastião//school_3",-30.001207681365223,-51.146581564997526,""
"São Sebastião//home_4",-29.99917491251895,-51.1456071929639,""
"São Sebastião//work_4",-30.000365121165725,-51.14539365475792,""
"São Sebastião//school_4",-30.00332185581323,-51.14647635435194,""
"São Sebastião//home_5",-29.998080590599425,-51.14299093467944,""
"São Sebastião//work_5",-29.99821203385847,-51.144596887049815,""
"São Sebastião//school_5",-30.00061574105409,-51.143360040494045,""
"São Sebastião//home_6",-30.002025952723745,-51.14331594061195,""
"São Sebastião//work_6",-30.003327384967776,-51.14297848394662,""
"São Sebastião//school_6",-30.001544510715995,-51.14424957736087,""
"São Sebastião//home_7",-30.006516408312383,-51.143725922287565,""
"São Sebastião//work_7",-30.00618783132105,-51.14341308861902,""
"São Sebastião//school_7",-30.005016766851984,-51.143601850336196,""
"São Sebastião//home_8",-30.00497446045433,-51.1450429108008,""
"São Sebastião//work_8",-30.00561965456018,-51.14530480578668,""
"São Sebastião//school_8",-30.006992467087965,-51.146569407424685,""
"São Sebastião//home_9",-30.004501876458367,-51.145120868474294,""
"São Sebastião//work_9",-30.005701735628374,-51.14669801622897,""
"São Sebastião//school_9",-30.005602465779955,-51.14658922601625,""
"São Sebastião//home_10",-30.006979865236367,-51.14859157669752,""
"São Sebastião//work_10",-30.006809303332464,-51.147890126491845,""
"São Sebastião//school_10",-30.00652137296806,-51.14837931339595,""
"São Sebastião//home_11",-30.00141375691082,-51.14097333678983,""
"São Sebastião//work_11",-30.003677390884576,-51.14093054641741,""
"São Sebastião//school_11",-29.999097651019646,-51.14060022035339,""
"São Sebastião//home_12",-30.006700625843575,-51.14250419625695,""
"São Sebastião//work_12",-30.006141979595913,-51.14158677518777,""
"São Sebastião//school_12",-30.007998107937695,-51.14215246411691,""
"São Sebastião//home_13",-30.007417739189076,-51.14732000442805,""
"São Sebastião//work_13",-30.0077129127507,-51.14671706072152,""
"São Sebastião//school_13",-30.007385203319092,-51.14643868260597,""
"São Sebastião//home_14",-30.00865175964151,-51.148319514929106,""
"São Sebastião//work_14",-30.00976308241061,-51.14756867099107,""
"São Sebastião//school_14",-30.009135260310988,-51.14800417181864,""
"São Sebastião//home_15",-30.008580164362957,-51.14451667275892,""
"São Sebastião//work_15",-30.008819284586313,-51.145799243941966,""
"São Sebastião//school_15",-30.00933026843421,-51.145030864079565,""
"Sarandi//home_0",-29.984110575377912,-51.13847599013091,""
"Sarandi//work_0",-29.988815613162593,-51.137649909339956,""
"Sarandi//school_0",-29.98936905633574,-51.1377483145366,""
"Sarandi//home_1",-29.982078803549957,-51.137783241397386,""
"Sarandi//work_1",-29.98575264194166,-51.13757181732299,""
"Sarandi//school_1",-29.981595201653338,-51.13771748848641,""
"Sarandi//home_2",-29.988478690151194,-51.136884161166904,""
"Sarandi//work_2",-29.984818272524187,-51.13725908101454,""
"Sarandi//school_2",-29.982678037162668,-51.13754794078237,""
"Sarandi//home_3",-29.97859440210079,-51.13584032529966,""
"Sarandi//work_3",-29.978603803452017,-51.13765327167237,""
"Sarandi//school_3",-29.978838221537206,-51.13407450919091,""
"Sarandi//home_4",-29.978682296442578,-51.1293404697143,""
"Sarandi//work_4",-29.977922815008846,-51.130544069631696,""
"Sarandi//school_4",-29.978648252520134,-51.13362323376704,""
"Sarandi//home_5",-29.979582333866382,-51.13255944798621,""
"Sarandi//work_5",-29.979089535980645,-51.130602917564694,""
"Sarandi//school_5",-29.97925315453994,-51.13112361526968,""
"Sarandi//home_6",-29.978751967973814,-51.12604033303469,""
"Sarandi//work_6",-29.978876031340413,-51.12526809575466,""
"Sarandi//school_6",-29.979278166094247,-51.12705500934328,""
"Sarandi//home_7",-29.981744122018398,-51.126989949191135,""
"Sarandi//work_7",-29.98162312755419,-51.126978682929064,""
"Sarandi//school_7",-29.980417122766756,-51.127092173941854,""
"Sarandi//home_8",-29.981849850984432,-51.12934529532272,""
"Sarandi//work_8",-29.98157163466435,-51.12960225777081,""
"Sarandi//school_8",-29.982043246620055,-51.12854882867884,""
"Sarandi//home_9",-29.98065931563484,-51.130146409124755,""
"Sarandi//work_9",-29.979914884866602,-51.130543419130895,""
"Sarandi//school_9",-29.982269034378493,-51.130192502401904,""
"Sarandi//home_10",-29.97997239309087,-51.13368313712051,""
"Sarandi//work_10",-29.980133846725817,-51.13340654687666,""
"Sarandi//school_10",-29.98011731452322,-51.1330458287566,""
"Sarandi//home_11",-29.98084773782743,-51.13415893037288,""
"Sarandi//work_11",-29.979925503443194,-51.134294693901815,""
"Sarandi//school_11",-29.980783690391952,-51.13378094979974,""
"Sarandi//home_12",-29.980896784011815,-51.134856794258404,""
"Sarandi//work_12",-29.980587127562014,-51.134799104635405,""
"Sarandi//school_12",-29.980735055146308,-51.13555236178201,""
"Sarandi//home_13",-29.981498181886906,-51.137291697349774,""
"Sarandi//work_13",-29.98094438789831,-51.136570285150064,""
"Sarandi//school_13",-29.980128348091924,-51.13734873221918,""
"Sarandi//home_14",-29.982987513984906,-51.13505091862961,""
"Sarandi//work_14",-29.982501255777333,-51.134579124594374,""
"Sarandi//school_14",-29.981615535459238,-51.13697148977187,""
"Sarandi//home_15",-29.984358139783705,-51.135465992873335,""
"Sarandi//work_15",-29.98345414150459,-51.135854357407275,""
"Sarandi//school_15",-29.983451275163947,-51.13592480547726,""
"Sarandi//home_16",-29.983156740056053,-51.1342391526665,""
"Sarandi//work_16",-29.98395950674717,-51.13385334024862,""
"Sarandi//school_16",-29.984532257990868,-51.13488156847617,""
"Sarandi//home_17",-29.983411437987485,-51.13068655821288,""
"Sarandi//work_17",-29.984438918827994,-51.131209995090686,""
"Sarandi//school_17",-29.984096430698,-51.13085982516851,""
"Sarandi//home_18",-29.983619645282456,-51.130290656165506,""
"Sarandi//work_18",-29.9836203879959,-51.12821458428355,""
"Sarandi//school_18",-29.984128848071524,-51.12845372831964,""
"Sarandi//home_19",-29.983616801705598,-51.127911727703044,""
"Sarandi//work_19",-29.983925498658177,-51.12761529440869,""
"Sarandi//school_19",-29.983752553766806,-51.12754181373369,""
"Sarandi//home_20",-29.97949931698028,-51.11779896810572,""
"Sarandi//work_20",-29.98127860773581,-51.11821217945848,""
"Sarandi//school_20",-29.983151554811123,-51.11952021782425,""
"Sarandi//home_21",-29.983301517988412,-51.11402906542455,""
"Sarandi//work_21",-29.984356560996098,-51.111989178619275,""
"Sarandi//school_21",-29.982612597035715,-51.1134470129461,""
"Sarandi//home_22",-29.983422556031478,-51.11649020227398,""
"Sarandi//work_22",-29.986281312232524,-51.118282797853006,""
"Sarandi//school_22",-29.98476110475573,-51.11679475544495,""
"Sarandi//home_23",-29.988817322858093,-51.12317798497113,""
"Sarandi//work_23",-29.9871004081744,-51.119252473570015,""
"Sarandi//school_23",-29.986976775288458,-51.119958161330686,""
"Sarandi//home_24",-29.98550395995289,-51.123752248212575,""
"Sarandi//work_24",-29.988610991396147,-51.125305565651175,""
"Sarandi//school_24",-29.98741463174379,-51.124681194817676,""
"Sarandi//home_25",-29.98599932632927,-51.125877503348946,""
"Sarandi//work_25",-29.985994489532956,-51.124846606551586,""
"Sarandi//school_25",-29.984679447694955,-51.12541401110545,""
"Sarandi//home_26",-29.985376570941416,-51.12784592724835,""
"Sarandi//work_26",-29.98542114997876,-51.12747008770691,""
"Sarandi//school_26",-29.986940359724287,-51.12860540265591,""
"Sarandi//home_27",-29.987931911966513,-51.13045387599186,""
"Sarandi//work_27",-29.98466110525201,-51.128987023317976,""
"Sarandi//school_27",-29.9864886962997,-51.12972242545513,""
"Sarandi//home_28",-29.98575540702303,-51.13048916511947,""
"Sarandi//work_28",-29.98583226331937,-51.13014960765476,""
"Sarandi//school_28",-29.98570095524107,-51.13023501099091,""
"Sarandi//home_29",-29.98601565611872,-51.13382943738571,""
"Sarandi//work_29",-29.98728450942109,-51.132269892212726,""
"Sarandi//school_29",-29.987230479248666,-51.13338367677457,""
"Sarandi//home_30",-29.985635519204912,-51.136131331414305,""
"Sarandi//work_30",-29.985398675832904,-51.13572849580073,""
"Sarandi//school_30",-29.986104299844236,-51.13684093479945,""
"Sarandi//home_31",-29.986639870570805,-51.136776159172484,""
"Sarandi//work_31",-29.98769786681477,-51.136288422141504,""
"Sarandi//school_31",-29.98653392171213,-51.135432318020726,""
"Sarandi//home_32",-29.990588753728428,-51.137950271084506,""
"Sarandi//work_32",-29.992426248083113,-51.13857360731074,""
"Sarandi//school_32",-29.991465816554253,-51.13787273376433,""
"Sarandi//home_33",-29.99170394903303,-51.13747915116257,""
"Sarandi//work_33",-29.98966610890858,-51.13720966912678,""
"Sarandi//school_33",-29.992588412490477,-51.13748721323142,""
"Sarandi//home_34",-29.99441895370063,-51.13776453772869,""
"Sarandi//work_34",-29.99414056274171,-51.13773764731842,""
"Sarandi//school_34",-29.993722028846307,-51.137642164840564,""
"Sarandi//home_35",-29.9924536105231,-51.13671332529682,""
"Sarandi//work_35",-29.993271216874067,-51.136124836792334,""
"Sarandi//school_35",-29.99312263985105,-51.1354693456182,""
"Sarandi//home_36",-29.99356015100599,-51.136420584656044,""
"Sarandi//work_36",-29.99088279860033,-51.13737903864399,""
"Sarandi//school_36",-29.991785071518,-51.137124106368375,""
"Sarandi//home_37",-29.99029885496605,-51.136814227593426,""
"Sarandi//work_37",-29.988880674763138,-51.13616759952221,""
"Sarandi//school_37",-29.99167658582312,-51.136739667530534,""
"Sarandi//home_38",-29.989637421357006,-51.13630743542568,""
"Sarandi//work_38",-29.991183623307066,-51.13606707989313,""
"Sarandi//school_38",-29.989617670902838,-51.13615397002792,""
"Sarandi//home_39",-29.99064963905104,-51.13357760992524,""
"Sarandi//work_39",-29.99121475086178,-51.13545653754773,""
"Sarandi//school_39",-29.990543509011832,-51.133507730594104,""
"Sarandi//home_40",-29.989164298334234,-51.132419686487815,""
"Sarandi//work_40",-29.98927690053191,-51.132440292652575,""
"Sarandi//school_40",-29.990022079446696,-51.13197977539865,""
"Sarandi//home_41",-29.98920422579735,-51.12892622767165,""
"Sarandi//work_41",-29.988125940799122,-51.1264288120984,""
"Sarandi//school_41",-29.98984494407671,-51.12654777772508,""
"Sarandi//home_42",-29.9903298318497,-51.12605592328867,""
"Sarandi//work_42",-29.99013266726048,-51.125284664047555,""
"Sarandi//school_42",-29.98953560172578,-51.126139911137265,""
"Sarandi//home_43",-29.993571756051235,-51.1264724507217,""
"Sarandi//work_43",-29.99117519126419,-51.12598954282698,""
"Sarandi//school_43",-29.99303083304789,-51.12597421861736,""
"Sarandi//home_44",-29.98942393314899,-51.1216442891899,""
"Sarandi//work_44",-29.99002304702029,-51.12141406169287,""
"Sarandi//school_44",-29.988968916950036,-51.1212927611639,""
"Sarandi//home_45",-29.99106905969122,-51.12198953704512,""
"Sarandi//work_45",-29.99037736198429,-51.12185785005889,""
"Sarandi//school_45",-29.990642163875176,-51.1219212880282,""
"Sarandi//home_46",-29.989398855911602,-51.120160454969515,""
"Sarandi//work_46",-29.990218971873897,-51.12094857606386,""
"Sarandi//school_46",-29.98970263806623,-51.11988612494593,""
"Sarandi//home_47",-29.99297343601026,-51.12037869195616,""
"Sarandi//work_47",-29.99277428403142,-51.11967071300893,""
"Sarandi//school_47",-29.993020938829876,-51.11969215189058,""
"Sarandi//home_48",-29.987716883816685,-51.11764880782142,""
"Sarandi//work_48",-29.992086432031485,-51.118231747304954,""
"Sarandi//school_48",-29.988278460739274,-51.1182189592843,""
"Sarandi//home_49",-29.990733226228766,-51.114429384810926,""
"Sarandi//work_49",-29.992106353596192,-51.113434594656354,""
"Sarandi//school_49",-29.988891110754736,-51.11472725563073,""
"Sarandi//home_50",-29.987820020424735,-51.11479991567457,""
"Sarandi//work_50",-29.98699573887802,-51.114240680985404,""
"Sarandi//school_50",-29.985793966345334,-51.1140255331843,""
"Sarandi//home_51",-29.985137015632308,-51.111816605951525,""
"Sarandi//work_51",-29.98585527112283,-51.11233126574504,""
"Sarandi//school_51",-29.98546802873065,-51.11218807248889,""
"Sarandi//home_52",-29.98822933629757,-51.11310826905748,""
"Sarandi//work_52",-29.991715632823883,-51.11288104669634,""
"Sarandi//school_52",-29.991072768482553,-51.11300851795411,""
"Sarandi//home_53",-29.988730722851116,-51.11247814362549,""
"Sarandi//work_53",-29.986957481983833,-51.11249459602159,""
"Sarandi//school_53",-29.987829107570793,-51.112402192570414,""
"Sarandi//home_54",-29.99878197932221,-51.12224817665001,""
"Sarandi//work_54",-29.999842887063433,-51.12375251906247,""
"Sarandi//school_54",-29.99983850629144,-51.122626836307454,""
"Sarandi//home_55",-29.994695038016708,-51.12516895325551,""
"Sarandi//work_55",-29.994277957853736,-51.12401338291811,""
"Sarandi//school_55",-29.99657362177358,-51.12535785553053,""
"Sarandi//home_56",-29.992197780464064,-51.12894237909691,""
"Sarandi//work_56",-29.992599033924375,-51.12814832470074,""
"Sarandi//school_56",-29.993037322746126,-51.12912294409751,""
"Sarandi//home_57",-29.992748868833626,-51.13019091727877,""
"Sarandi//work_57",-29.993872369295293,-51.130077263345115,""
"Sarandi//school_57",-29.995261807322148,-51.13252191038702,""
"Sarandi//home_58",-29.991798594230456,-51.130890200019145,""
"Sarandi//work_58",-29.99230708192936,-51.132104783145074,""
"Sarandi//school_58",-29.99243803944808,-51.1314407848984,""
"Sarandi//home_59",-29.99169274432664,-51.13536855192593,""
"Sarandi//work_59",-29.992262085026287,-51.13384951363351,""
"Sarandi//school_59",-29.99134354571621,-51.134189084244326,""
"Sarandi//home_60",-29.993344068533414,-51.134908599527506,""
"Sarandi//work_60",-29.993038751503978,-51.13450567254731,""
"Sarandi//school_60",-29.993231111625757,-51.13492015570203,""
"Sarandi//home_61",-29.9941023960432,-51.132441063699794,""
"Sarandi//work_61",-29.994093051941277,-51.13249186808662,""
"Sarandi//school_61",-29.99407300236834,-51.131888365126215,""
"Sarandi//home_62",-29.996573737812454,-51.13533039172653,""
"Sarandi//work_62",-29.994992515497515,-51.137499805106934,""
"Sarandi//school_62",-29.998285191664042,-51.13509231401253,""
"Sarandi//home_63",-29.99818280413676,-51.1347706679937,""
"Sarandi//work_63",-29.996176305224157,-51.13318206661738,""
"Sarandi//school_63",-29.996707826055648,-51.1340518657182,""
"Sarandi//home_64",-29.996318179478788,-51.13234250333834,""
"Sarandi//work_64",-29.998116085665586,-51.132994510123105,""
"Sarandi//school_64",-29.995881314313543,-51.13161447104098,""
"Sarandi//home_65",-29.99949978319958,-51.13118165498443,""
"Sarandi//work_65",-29.99973900444295,-51.131014259090875,""
"Sarandi//school_65",-30.002524875509657,-51.13278836480963,""
"Sarandi//home_66",-30.000363205206966,-51.12793663748421,""
"Sarandi//work_66",-29.99854097922263,-51.12808753023853,""
"Sarandi//school_66",-30.00025230959297,-51.12556197974308,""
"Sarandi//home_67",-30.000472818317697,-51.12477155198633,""
"Sarandi//work_67",-30.001215976650176,-51.12495235920804,""
"Sarandi//school_67",-29.997152441532535,-51.12672289652283,""
"Sarandi//home_68",-30.002307840531127,-51.124078152382694,""
"Sarandi//work_68",-29.998528059726947,-51.12453138041039,""
"Sarandi//school_68",-29.996266048296853,-51.12711710865939,""
"Sarandi//home_69",-30.001527349736417,-51.12491242856371,""
"Sarandi//work_69",-30.001907322774574,-51.12499530048627,""
"Sarandi//school_69",-30.001872172883,-51.12719868618434,""
"Sarandi//home_70",-30.00000072379589,-51.1330110391261,""
"Sarandi//work_70",-30.00084212424865,-51.133544865642804,""
"Sarandi//school_70",-29.999730404289394,-51.13377351874436,""
"Sarandi//home_71",-29.998848219532462,-51.137016540980966,""
"Sarandi//work_71",-29.999311837529834,-51.13537899776982,""
"Sarandi//school_71",-30.001391977169863,-51.13634934485994,""
"Sarandi//home_72",-30.008255190701668,-51.1415772342361,""
"Sarandi//work_72",-30.0075901225733,-51.1396596059686,""
"Sarandi//school_72",-30.008288783550125,-51.14156777243958,""
"Sarandi//home_73",-30.006682819531438,-51.135897984841826,""
"Sarandi//work_73",-30.007000315824897,-51.13441474939795,""
"Sarandi//school_73",-30.00558171905271,-51.13592816659339,""
"Sarandi//home_74",-30.002978924683198,-51.132876461096295,""
"Sarandi//work_74",-30.00361583426427,-51.133108141649664,""
"Sarandi//school_74",-30.003089345075324,-51.1333846665129,""
"Sarandi//home_75",-30.00281259421733,-51.13198116166816,""
"Sarandi//work_75",-30.002993788097314,-51.132390897355826,""
"Sarandi//school_75",-30.003505281857237,-51.13273092911741,""
"Sarandi//home_76",-30.004942764798418,-51.13340380384398,""
"Sarandi//work_76",-30.00497642001946,-51.13389785962119,""
"Sarandi//school_76",-30.005574143387946,-51.13387368841797,""
"Sarandi//home_77",-30.006453192545486,-51.13353105468646,""
"Sarandi//work_77",-30.006729918787343,-51.13383148796462,""
"Sarandi//school_77",-30.006717213137595,-51.133585729665114,""
"Sarandi//home_78",-30.00667909423356,-51.132700655299566,""
"Sarandi//work_78",-30.006719478077578,-51.13288293947193,""
"Sarandi//school_78",-30.006757670223962,-51.132935285045306,""
"Sarandi//home_79",-30.008330537407826,-51.13182656040938,""
"Sarandi//work_79",-30.007130050337985,-51.13377542284519,""
"Sarandi//school_79",-30.008520066354706,-51.13372543901759,""
"Sarandi//home_80",-30.010629809653814,-51.13186213486598,""
"Sarandi//work_80",-30.009714099265675,-51.13164095617299,""
"Sarandi//school_80",-30.009192996261582,-51.132492977159764,""
"Sarandi//home_81",-30.010181356595826,-51.13122963296489,""
"Sarandi//work_81",-30.009125965746918,-51.13098501819783,""
"Sarandi//school_81",-30.010136198937527,-51.130379667132864,""
"Sarandi//home_82",-30.00429024535155,-51.130286259551816,""
"Sarandi//work_82",-30.004290219139193,-51.13097300404658,""
"Sarandi//school_82",-30.00542631416901,-51.131152175342045,""
"Sarandi//home_83",-30.00336667556762,-51.127814549963006,""
"Sarandi//work_83",-30.003554512569526,-51.12824914738573,""
"Sarandi//school_83",-30.001293283702754,-51.1300407293108,""
"Sarandi//home_84",-30.004364376923675,-51.12634860017166,""
"Sarandi//work_84",-30.004535188355128,-51.126461974102696,""
"Sarandi//school_84",-30.004323056611163,-51.127247854126175,""
"Sarandi//home_85",-30.00474915110757,-51.12615211834349,""
"Sarandi//work_85",-30.004137384110045,-51.123427437518934,""
"Sarandi//school_85",-30.00500087551645,-51.12473357056883,""
"Sarandi//home_86",-29.97683069683759,-51.15512588730266,""
"Sarandi//work_86",-29.97247034308185,-51.15546853865935,""
"Sarandi//school_86",-29.981067046125066,-51.15513919125094,""
"Sarandi//home_87",-29.99771076307578,-51.15236706984301,""
"Sarandi//work_87",-29.99759484776162,-51.15281877155233,""
"Sarandi//school_87",-29.997822303760064,-51.15098784885984,""
"Sarandi//home_88",-30.003460443292518,-51.125377038594024,""
"Sarandi//work_88",-30.003156245159598,-51.12586531289775,""
"Sarandi//school_88",-30.002677206972667,-51.126046888000324,""
"Sarandi//home_89",-30.01013626183208,-51.13312502056394,""
"Sarandi//work_89",-30.009823677924686,-51.13305808217813,""
"Sarandi//school_89",-30.010002460936285,-51.133231826538726,""
"Sarandi//home_90",-30.00782344364326,-51.13074059773253,""
"Sarandi//work_90",-30.007208673520044,-51.129992847196405,""
"Sarandi//school_90",-30.009788878670292,-51.130028480562494,""
"Sarandi//home_91",-29.996185759858587,-51.12303085817114,""
"Sarandi//work_91",-29.998373150532217,-51.12280799564511,""
"Sarandi//school_91",-29.996659301782827,-51.12182045071092,""
"Sarandi//home_92",-30.001590782319454,-51.12012693947351,""
"Sarandi//work_92",-30.000716848965503,-51.1198266142567,""
"Sarandi//school_92",-30.000543897248694,-51.119537203670006,""
"Sarandi//home_93",-29.97807672447291,-51.12174091200193,""
"Sarandi//work_93",-29.979126286024393,-51.1221075769324,""
"Sarandi//school_93",-29.979122955934063,-51.12226077812081,""
"Sarandi//home_94",-29.992933468758455,-51.120855717478705,""
"Sarandi//work_94",-29.99258321178621,-51.12044894317587,""
"Sarandi//school_94",-29.9912056214311,-51.120096789426114,""
"Sarandi//home_95",-29.999751100921138,-51.13866504494426,""
"Sarandi//work_95",-29.998118123284275,-51.13955778121604,""
"Sarandi//school_95",-30.00320110092224,-51.13713692079872,""
"Sarandi//home_96",-29.97863207299052,-51.123933119849184,""
"Sarandi//work_96",-29.978266582533646,-51.12441564155731,""
"Sarandi//school_96",-29.979991866839523,-51.123911938341955,""
"Sarandi//home_97",-29.97980594105198,-51.12426360313108,""
"Sarandi//work_97",-29.980031017576383,-51.12430973842692,""
"Sarandi//school_97",-29.979418035296266,-51.12437041848555,""
"Sarandi//home_98",-29.980921282442747,-51.124469683770236,""
"Sarandi//work_98",-29.981569230361377,-51.12418388019206,""
"Sarandi//school_98",-29.98198501331529,-51.123824636302075,""
"Sarandi//home_99",-29.978831619600477,-51.124799517906126,""
"Sarandi//work_99",-29.98057246433008,-51.12482019774368,""
"Sarandi//school_99",-29.98153175874595,-51.125318520214506,""
"Sarandi//home_100",-30.005785877972105,-51.12885958143895,""
"Sarandi//work_100",-30.006034502520368,-51.12882138162939,""
"Sarandi//school_100",-30.005776609726105,-51.12801618306759,""
"Sarandi//home_101",-30.01112281296067,-51.12949599090731,""
"Sarandi//work_101",-30.009067247880427,-51.12948942008126,""
"Sarandi//school_101",-30.011191168356575,-51.12971836821678,""
"Sarandi//home_102",-29.961391906841225,-51.1161854768337,""
"Sarandi//work_102",-29.98101475681957,-51.114085438382155,""
"Sarandi//school_102",-29.964881257159664,-51.13294290534086,""
"Sarandi//home_103",-30.004445337467423,-51.11968397359932,""
"Sarandi//work_103",-30.00475657155039,-51.11878849284167,""
"Sarandi//school_103",-30.005045126837935,-51.11827494675764,""
"Sarandi//home_104",-29.969807617946742,-51.14169434245561,""
"Sarandi//work_104",-29.987765423154865,-51.146919290984364,""
"Sarandi//school_104",-29.984756546069935,-51.14348270182089,""
"Sarandi//home_105",-30.000133408313996,-51.129031672015756,""
"Sarandi//work_105",-30.00019016344267,-51.129717140925756,""
"Sarandi//school_105",-29.999395709391976,-51.130016400185475,""
"Sarandi//home_106",-29.997335605865835,-51.12914783588469,""
"Sarandi//work_106",-29.995545834995212,-51.12861896183219,""
"Sarandi//school_106",-29.997798306691607,-51.129039369744056,""
"Sarandi//home_107",-29.982874612554625,-51.122176984193196,""
"Sarandi//work_107",-29.980292604901525,-51.12250411222686,""
"Sarandi//school_107",-29.982295400540444,-51.122771016595614,""
"Sarandi//home_108",-29.987230524485142,-51.1224705114563,""
"Sarandi//work_108",-29.986585901096465,-51.12179622972357,""
"Sarandi//school_108",-29.98690834559069,-51.12291644596303,""
"Sarandi//home_109",-30.00902380708353,-51.13790161497176,""
"Sarandi//work_109",-30.009113634312563,-51.13760363658289,""
"Sarandi//school_109",-30.007719934156885,-51.137925784884246,""
"Sarandi//home_110",-30.010028622579437,-51.13638159266502,""
"Sarandi//work_110",-30.00992867012446,-51.134967965224895,""
"Sarandi//school_110",-30.009227466721313,-51.13617047513727,""
"Sarandi//home_111",-29.995410377635764,-51.14537181018916,""
"Sarandi//work_111",-29.996484316555172,-51.1450816536818,""
"Sarandi//school_111",-29.994805992969543,-51.14530864616074,""
"Sarandi//home_112",-29.992423913537703,-51.14625268386795,""
"Sarandi//work_112",-29.994027073047267,-51.14624312399841,""
"Sarandi//school_112",-29.994398487987375,-51.145879009803956,""
"Sarandi//home_113",-29.992244946488654,-51.138824556080905,""
"Sarandi//work_113",-29.995026264076003,-51.13948692439475,""
"Sarandi//school_113",-29.993634395259,-51.139444739467905,""
"Sarandi//home_114",-29.99525131826858,-51.1384330351903,""
"Sarandi//work_114",-29.997539692940475,-51.1389171881824,""
"Sarandi//school_114",-29.997618424637974,-51.13777635722073,""
"Sarandi//home_115",-30.004347060136546,-51.120800778877104,""
"Sarandi//work_115",-30.005220384962783,-51.11715482937597,""
"Sarandi//school_115",-30.004480008858515,-51.12030846429267,""
"Serraria//home_0",-30.16088220985896,-51.22268230206083,""
"Serraria//work_0",-30.161424784948753,-51.22253475124803,""
"Serraria//school_0",-30.162471075757633,-51.22100575325072,""
"Serraria//home_1",-30.162047120942102,-51.228523027992246,""
"Serraria//work_1",-30.15973733151993,-51.226050412785995,""
"Serraria//school_1",-30.16114698951849,-51.22551716519928,""
"Serraria//home_2",-30.16267907759581,-51.229805226711186,""
"Serraria//work_2",-30.162707700726784,-51.22868309502617,""
"Serraria//school_2",-30.162421304067816,-51.2296414105549,""
"Serraria//home_3",-30.164472468699824,-51.22842937178475,""
"Serraria//work_3",-30.16526810677273,-51.22934032205712,""
"Serraria//school_3",-30.164409763252234,-51.22900612061986,""
"Serraria//home_4",-30.167481309035804,-51.22769110681746,""
"Serraria//work_4",-30.167376666233423,-51.22739123751581,""
"Serraria//school_4",-30.163757441843693,-51.23202039210564,""
"Serraria//home_5",-30.166067781509152,-51.22904089134406,""
"Serraria//work_5",-30.164700617348263,-51.2298464673513,""
"Serraria//school_5",-30.165362760282125,-51.229533284693055,""
"Serraria//home_6",-30.166977221059348,-51.22881925488426,""
"Serraria//work_6",-30.166145493660412,-51.227756716503734,""
"Serraria//school_6",-30.16591309227732,-51.22804837080917,""
"Serraria//home_7",-30.17081962575454,-51.21814989946266,""
"Serraria//work_7",-30.171537928534327,-51.22437324445198,""
"Serraria//school_7",-30.170257674688905,-51.22481447598312,""
"Serraria//home_8",-30.168034831027565,-51.22594752671816,""
"Serraria//work_8",-30.166930226565412,-51.2260914722726,""
"Serraria//school_8",-30.16763328553626,-51.226617102964454,""
"Sétimo Céu//home_0",-30.119467648861846,-51.25286430207593,""
"Sétimo Céu//work_0",-30.118696006142155,-51.25226457318649,""
"Sétimo Céu//school_0",-30.118120794886384,-51.25223685604818,""
"Sétimo Céu//home_1",-30.121521906600904,-51.252035607090676,""
"Sétimo Céu//work_1",-30.118276390079522,-51.25074063768085,""
"Sétimo Céu//school_1",-30.119110103644964,-51.24983085579105,""
"Sétimo Céu//home_2",-30.119199720100593,-51.248330171379955,""
"Sétimo Céu//work_2",-30.11885989603263,-51.24928558183929,""
"Sétimo Céu//school_2",-30.119485711501827,-51.24820555148502,""
"Sétimo Céu//home_3",-30.122875403765324,-51.23387023191137,""
"Sétimo Céu//work_3",-30.117298434782818,-51.241050081209515,""
"Sétimo Céu//school_3",-30.117259538848664,-51.24163620499848,""
"Teresópolis//home_0",-30.074883423295773,-51.207210458295684,""
"Teresópolis//work_0",-30.073507916151996,-51.20789128062847,""
"Teresópolis//school_0",-30.074754744479613,-51.20604565719669,""
"Teresópolis//home_1",-30.07507292769908,-51.2081048170498,""
"Teresópolis//work_1",-30.075341444502936,-51.207931304651765,""
"Teresópolis//school_1",-30.0747250842034,-51.208087896637416,""
"Teresópolis//home_2",-30.076851070890577,-51.20748287826746,""
"Teresópolis//work_2",-30.076631946753402,-51.20709351919799,""
"Teresópolis//school_2",-30.074655222481574,-51.20386238533384,""
"Teresópolis//home_3",-30.0761407813712,-51.208509909106596,""
"Teresópolis//work_3",-30.075269845246595,-51.20931072421793,""
"Teresópolis//school_3",-30.073020843870076,-51.20926861787617,""
"Teresópolis//home_4",-30.07699579585432,-51.211631407674595,""
"Teresópolis//work_4",-30.07657671546259,-51.21048585742989,""
"Teresópolis//school_4",-30.07719744867914,-51.210086647821186,""
"Teresópolis//home_5",-30.074117762958572,-51.2119680625246,""
"Teresópolis//work_5",-30.07386490130918,-51.21230881357545,""
"Teresópolis//school_5",-30.075166646639786,-51.21143149515608,""
"Teresópolis//home_6",-30.075519588683466,-51.21354220688248,""
"Teresópolis//work_6",-30.07579472032729,-51.21409517970255,""
"Teresópolis//school_6",-30.07601087669943,-51.21328908618095,""
"Teresópolis//home_7",-30.079483952901725,-51.21279234468674,""
"Teresópolis//work_7",-30.07910426406178,-51.21393460785134,""
"Teresópolis//school_7",-30.078645108644718,-51.21180263212044,""
"Teresópolis//home_8",-30.079806346892887,-51.21046059765315,""
"Teresópolis//work_8",-30.080698424616347,-51.21131665157952,""
"Teresópolis//school_8",-30.079854023875185,-51.21042432725416,""
"Teresópolis//home_9",-30.09100106074422,-51.20190823803795,""
"Teresópolis//work_9",-30.087094927091194,-51.20629349896929,""
"Teresópolis//school_9",-30.090337725947208,-51.202773842467856,""
"Teresópolis//home_10",-30.085502541977142,-51.20742093508995,""
"Teresópolis//work_10",-30.085648773900402,-51.20926005643951,""
"Teresópolis//school_10",-30.085884802985714,-51.20869277789932,""
"Teresópolis//home_11",-30.083450451541278,-51.20970397857927,""
"Teresópolis//work_11",-30.082058787492404,-51.209132135616,""
"Teresópolis//school_11",-30.084219672843854,-51.20783453126521,""
"Teresópolis//home_12",-30.07909110329667,-51.205819470831855,""
"Teresópolis//work_12",-30.079365086997058,-51.20646038705312,""
"Teresópolis//school_12",-30.078698198353862,-51.206716447344974,""
"Teresópolis//home_13",-30.08198629156397,-51.20419149385818,""
"Teresópolis//work_13",-30.081680884256805,-51.20476283099579,""
"Teresópolis//school_13",-30.08146755815786,-51.20448079008018,""
"Teresópolis//home_14",-30.082638002942794,-51.198229276297546,""
"Teresópolis//work_14",-30.081806200706566,-51.20311917584087,""
"Teresópolis//school_14",-30.083310992500085,-51.206185014215755,""
"Teresópolis//home_15",-30.08837127046725,-51.20160743881442,""
"Teresópolis//work_15",-30.103204094666957,-51.211723279872444,""
"Teresópolis//school_15",-30.096240413353925,-51.19486184572477,""
"Teresópolis//home_16",-30.083418875929656,-51.20303234557934,""
"Teresópolis//work_16",-30.083794658531698,-51.202077551706445,""
"Teresópolis//school_16",-30.083808039852997,-51.199674171880474,""
"Teresópolis//home_17",-30.08037817462829,-51.201708883788136,""
"Teresópolis//work_17",-30.081520770768133,-51.201224250757555,""
"Teresópolis//school_17",-30.082002334141652,-51.20145855976635,""
"Teresópolis//home_18",-30.07960715289487,-51.20902310427456,""
"Teresópolis//work_18",-30.081789815223033,-51.20856871425008,""
"Teresópolis//school_18",-30.08310260860449,-51.20727781312812,""
"Teresópolis//home_19",-30.082245888501763,-51.206950418330486,""
"Teresópolis//work_19",-30.08188315532602,-51.206185514792764,""
"Teresópolis//school_19",-30.08158418161574,-51.206467456013065,""
"Teresópolis//home_20",-30.08125535750527,-51.212109556688006,""
"Teresópolis//work_20",-30.081264216253835,-51.21297174217928,""
"Teresópolis//school_20",-30.080151881623177,-51.21405257331828,""
"Teresópolis//home_21",-30.08311155448648,-51.2130500424,""
"Teresópolis//work_21",-30.082694819082317,-51.21299857649399,""
"Teresópolis//school_21",-30.083339051896342,-51.21325821262325,""
"Teresópolis//home_22",-30.071479790561803,-51.20849581593286,""
"Teresópolis//work_22",-30.070895499338043,-51.20961188724698,""
"Teresópolis//school_22",-30.07089411193697,-51.20892976159969,""
"Teresópolis//home_23",-30.083594568034354,-51.207348503788346,""
"Teresópolis//work_23",-30.084208734152693,-51.206637487241096,""
"Teresópolis//school_23",-30.08737755358762,-51.198897931114466,""
"Teresópolis//home_24",-30.08023491942397,-51.202643238914995,""
"Teresópolis//work_24",-30.080259499934613,-51.20383545173744,""
"Teresópolis//school_24",-30.080107522110325,-51.20360102206247,""
"Teresópolis//home_25",-30.079520221152826,-51.20551920933842,""
"Teresópolis//work_25",-30.08140360575284,-51.205429271769745,""
"Teresópolis//school_25",-30.079075877263886,-51.204899733272946,""
"Três Figueiras//home_0",-30.031250624778675,-51.176659266145954,""
"Três Figueiras//work_0",-30.032492032297192,-51.17591921314523,""
"Três Figueiras//school_0",-30.03344953716414,-51.176892872385686,""
"Três Figueiras//home_1",-30.035774646966843,-51.17261619421168,""
"Três Figueiras//work_1",-30.035116776298782,-51.17451889555977,""
"Três Figueiras//school_1",-30.03332140224219,-51.16929853054998,""
"Três Figueiras//home_2",-30.030902335927887,-51.17007910882118,""
"Três Figueiras//work_2",-30.02914330811489,-51.16883559232777,""
"Três Figueiras//school_2",-30.029942237016396,-51.16843867571319,""
"Três Figueiras//home_3",-30.036044748919178,-51.16917184317171,""
"Três Figueiras//work_3",-30.0368701570291,-51.16818954167847,""
"Três Figueiras//school_3",-30.03440625840865,-51.1689231112897,""
"Três Figueiras//home_4",-30.038245462155093,-51.17131999252607,""
"Três Figueiras//work_4",-30.03855408237865,-51.17262626834452,""
"Três Figueiras//school_4",-30.040452017341494,-51.17057752384379,""
"Três Figueiras//home_5",-30.02944936254574,-51.174935651300984,""
"Três Figueiras//work_5",-30.03564132632072,-51.175402679951596,""
"Três Figueiras//school_5",-30.02925549209661,-51.1787612705576,""
"Três Figueiras//home_6",-30.027646590944553,-51.17278626729969,""
"Três Figueiras//work_6",-30.028702844781353,-51.17263982612182,""
"Três Figueiras//school_6",-30.028941575761248,-51.17224832523347,""
"Três Figueiras//home_7",-30.032133313808625,-51.17362346776533,""
"Três Figueiras//work_7",-30.029345647311114,-51.17305751337129,""
"Três Figueiras//school_7",-30.03112743921202,-51.170981184704786,""
"Três Figueiras//home_8",-30.030069115557637,-51.17202064546538,""
"Três Figueiras//work_8",-30.0303066163017,-51.17228667253423,""
"Três Figueiras//school_8",-30.03049530735427,-51.17200128260596,""
"Tristeza//home_0",-30.099656100703704,-51.248298014112,""
"Tristeza//work_0",-30.098716834654592,-51.24827842106785,""
"Tristeza//school_0",-30.09965143945522,-51.24818231795233,""
"Tristeza//home_1",-30.100207671998405,-51.24796820135968,""
"Tristeza//work_1",-30.09838697488744,-51.24675200285829,""
"Tristeza//school_1",-30.100496846644134,-51.24688253250592,""
"Tristeza//home_2",-30.10140059574053,-51.24680173832863,""
"Tristeza//work_2",-30.101715815350598,-51.24844763962005,""
"Tristeza//school_2",-30.101546769180462,-51.24869267860806,""
"Tristeza//home_3",-30.10112939141881,-51.245254233920235,""
"Tristeza//work_3",-30.102626903056255,-51.2459711305876,""
"Tristeza//school_3",-30.10165219158217,-51.24711705514075,""
"Tristeza//home_4",-30.10459141043355,-51.24716814327721,""
"Tristeza//work_4",-30.102935412486,-51.249090145094485,""
"Tristeza//school_4",-30.10357143869507,-51.25105129847017,""
"Tristeza//home_5",-30.105618580463798,-51.25001703769452,""
"Tristeza//work_5",-30.105590411745883,-51.24902824137829,""
"Tristeza//school_5",-30.10534649592825,-51.24965071166856,""
"Tristeza//home_6",-30.105319265222132,-51.25106691182067,""
"Tristeza//work_6",-30.10628552225375,-51.25112200811612,""
"Tristeza//school_6",-30.106898485469156,-51.25370203325199,""
"Tristeza//home_7",-30.106162348733992,-51.25570700856996,""
"Tristeza//work_7",-30.106317662943454,-51.26050306435268,""
"Tristeza//school_7",-30.107638321182616,-51.2582991969894,""
"Tristeza//home_8",-30.110943471168703,-51.26111103918417,""
"Tristeza//work_8",-30.110456433426208,-51.26097591732018,""
"Tristeza//school_8",-30.110920063427177,-51.257972225469025,""
"Tristeza//home_9",-30.108685705653656,-51.251776370684404,""
"Tristeza//work_9",-30.10853314851446,-51.25160909267176,""
"Tristeza//school_9",-30.10842833938728,-51.25177726298638,""
"Tristeza//home_10",-30.107954160256206,-51.250330692473504,""
"Tristeza//work_10",-30.106250763611225,-51.250582117096535,""
"Tristeza//school_10",-30.108727543818336,-51.25307038799397,""
"Tristeza//home_11",-30.106468363839827,-51.25006107769174,""
"Tristeza//work_11",-30.107904933277375,-51.24846950133485,""
"Tristeza//school_11",-30.106357895348296,-51.24865620223248,""
"Tristeza//home_12",-30.105148425141614,-51.247280696172325,""
"Tristeza//work_12",-30.105891192675948,-51.248642078044206,""
"Tristeza//school_12",-30.10636494773743,-51.247711727836844,""
"Tristeza//home_13",-30.105173235313533,-51.24668454855688,""
"Tristeza//work_13",-30.105814846579076,-51.24640643613903,""
"Tristeza//school_13",-30.106490398663418,-51.24710019089974,""
"Tristeza//home_14",-30.109450101804796,-51.249043798656466,""
"Tristeza//work_14",-30.108407698810872,-51.248314426724036,""
"Tristeza//school_14",-30.10868325490509,-51.24894416758146,""
"Tristeza//home_15",-30.11288222624468,-51.258729741556785,""
"Tristeza//work_15",-30.10882542932534,-51.2505839086483,""
"Tristeza//school_15",-30.110503138596293,-51.2532560708046,""
"Tristeza//home_16",-30.108944671110535,-51.246156514808426,""
"Tristeza//work_16",-30.112638521740433,-51.25474876803116,""
"Tristeza//school_16",-30.112081306827736,-51.25486794500416,""
"Tristeza//home_17",-30.113574247209158,-51.25617842506569,""
"Tristeza//work_17",-30.112700292144734,-51.25642307052447,""
"Tristeza//school_17",-30.114454636879984,-51.258914423330545,""
"Tristeza//home_18",-30.11721045215291,-51.25913279410455,""
"Tristeza//work_18",-30.117191632027318,-51.26012304351347,""
"Tristeza//school_18",-30.11622024474387,-51.254041120745725,""
"Tristeza//home_19",-30.115799224784677,-51.25057625251379,""
"Tristeza//work_19",-30.11469959291448,-51.25064428892642,""
"Tristeza//school_19",-30.11498104295244,-51.24859504235456,""
"Tristeza//home_20",-30.113183119743148,-51.25080693249543,""
"Tristeza//work_20",-30.114087752592418,-51.253852574624254,""
"Tristeza//school_20",-30.114253738798112,-51.253560662416454,""
"Tristeza//home_21",-30.111018651526713,-51.24848473175315,""
"Tristeza//work_21",-30.111341268246488,-51.249080826269726,""
"Tristeza//school_21",-30.11129681635735,-51.24975433621356,""
"Tristeza//home_22",-30.113393840141732,-51.24891778999659,""
"Tristeza//work_22",-30.11432454127823,-51.25308805490671,""
"Tristeza//school_22",-30.11513263953874,-51.25353743183992,""
"Tristeza//home_23",-30.11685563381462,-51.24372542475429,""
"Tristeza//work_23",-30.113556849175517,-51.24529586900545,""
"Tristeza//school_23",-30.113189334382078,-51.2452203324572,""
"Tristeza//home_24",-30.11608606181881,-51.24615837402764,""
"Tristeza//work_24",-30.117130804305585,-51.24424540237842,""
"Tristeza//school_24",-30.115355461998586,-51.24643367878129,""
"Tristeza//home_25",-30.106436166119895,-51.25359076632893,""
"Tristeza//work_25",-30.10605415639333,-51.25316834327798,""
"Tristeza//school_25",-30.106140651531547,-51.252979556231764,""
"Tristeza//home_26",-30.110523993842083,-51.24655827925714,""
"Tristeza//work_26",-30.111502904418536,-51.24790252376398,""
"Tristeza//school_26",-30.111137866593126,-51.2453975675868,""
"Tristeza//home_27",-30.112643000882457,-51.247115363312,""
"Tristeza//work_27",-30.111847305418188,-51.2438261483603,""
"Tristeza//school_27",-30.112528339189982,-51.24788238234212,""
"Tristeza//home_28",-30.10833603722046,-51.24665088071119,""
"Tristeza//work_28",-30.108588638024205,-51.24710826113243,""
"Tristeza//school_28",-30.108461162171377,-51.24647780226091,""
"Tristeza//home_29",-30.115510323483328,-51.25314366478332,""
"Tristeza//work_29",-30.11519513161704,-51.25151208102793,""
"Tristeza//school_29",-30.116408132004942,-51.25233966992644,""
"Vila Assunção//home_0",-30.10419645880172,-51.26005007556396,""
"Vila Assunção//work_0",-30.10460208990114,-51.26026770342285,""
"Vila Assunção//school_0",-30.10462621158415,-51.25897779751311,""
"Vila Assunção//home_1",-30.10038547486771,-51.26578553036496,""
"Vila Assunção//work_1",-30.101007952443194,-51.26511224542479,""
"Vila Assunção//school_1",-30.101192556731927,-51.264099571375446,""
"Vila Assunção//home_2",-30.101631223694916,-51.25824364638041,""
"Vila Assunção//work_2",-30.099343330418836,-51.25753875448314,""
"Vila Assunção//school_2",-30.101602033552478,-51.255764223378165,""
"Vila Assunção//home_3",-30.097053733661042,-51.2533939402727,""
"Vila Assunção//work_3",-30.09818177603925,-51.25623062048256,""
"Vila Assunção//school_3",-30.099448524710805,-51.262077041202936,""
"Vila Assunção//home_4",-30.096541001242272,-51.254965662495785,""
"Vila Assunção//work_4",-30.0973442623087,-51.256115921453436,""
"Vila Assunção//school_4",-30.096364859587126,-51.25767719906189,""
"Vila Assunção//home_5",-30.101544830991276,-51.251580779259896,""
"Vila Assunção//work_5",-30.100754365515648,-51.25052386983578,""
"Vila Assunção//school_5",-30.098413333409702,-51.251673743908476,""
"Vila Assunção//home_6",-30.10209713638687,-51.25337672022363,""
"Vila Assunção//work_6",-30.10165509976012,-51.252860946001114,""
"Vila Assunção//school_6",-30.10207964690604,-51.2535569386251,""
"Vila Assunção//home_7",-30.10179391533878,-51.25949198480943,""
"Vila Assunção//work_7",-30.104338874491482,-51.25552058154224,""
"Vila Assunção//school_7",-30.10394450134259,-51.25421658693234,""
"Vila Conceição//home_0",-30.117946130535593,-51.254225408692974,""
"Vila Conceição//work_0",-30.121418421751702,-51.25420998592064,""
"Vila Conceição//school_0",-30.121459728144117,-51.25448664523246,""
"Vila Conceição//home_1",-30.122634621357694,-51.25384000695975,""
"Vila Conceição//work_1",-30.121555093636836,-51.25496796802037,""
"Vila Conceição//school_1",-30.121379920174313,-51.25740944961661,""
"Vila Conceição//home_2",-30.122177578323317,-51.259022179000375,""
"Vila Conceição//work_2",-30.120237046141426,-51.28771666536716,""
"Vila Conceição//school_2",-30.12120916508454,-51.25630245976539,""
"Vila Ipiranga//home_0",-30.018029372195254,-51.159322632071316,""
"Vila Ipiranga//work_0",-30.01821430416591,-51.160245598294225,""
"Vila Ipiranga//school_0",-30.018322319153175,-51.160959942099026,""
"Vila Ipiranga//home_1",-30.018532343860308,-51.15911701076345,""
"Vila Ipiranga//work_1",-30.018612339578226,-51.1595647369504,""
"Vila Ipiranga//school_1",-30.018501829556307,-51.1591886838693,""
"Vila Ipiranga//home_2",-30.019003265548186,-51.15922108263508,""
"Vila Ipiranga//work_2",-30.01879563975142,-51.160246496935386,""
"Vila Ipiranga//school_2",-30.018795986290527,-51.160754491590055,""
"Vila Ipiranga//home_3",-30.019708711334694,-51.159949704624864,""
"Vila Ipiranga//work_3",-30.01945964492211,-51.1580359395854,""
"Vila Ipiranga//school_3",-30.02000171134034,-51.158143735286046,""
"Vila Ipiranga//home_4",-30.020352684143457,-51.16108173506083,""
"Vila Ipiranga//work_4",-30.020529766752052,-51.161037279064104,""
"Vila Ipiranga//school_4",-30.020499305084897,-51.161042947276414,""
"Vila Ipiranga//home_5",-30.021086227360104,-51.159794238709146,""
"Vila Ipiranga//work_5",-30.020432239073916,-51.16007322989664,""
"Vila Ipiranga//school_5",-30.020405663675184,-51.15986513586547,""
"Vila Ipiranga//home_6",-30.02100790636547,-51.158842963595816,""
"Vila Ipiranga//work_6",-30.02057296800022,-51.15906959083135,""
"Vila Ipiranga//school_6",-30.020996249366007,-51.15925771485617,""
"Vila Ipiranga//home_7",-30.02075901203671,-51.155889369919905,""
"Vila Ipiranga//work_7",-30.02266944558178,-51.15411069925201,""
"Vila Ipiranga//school_7",-30.02071037811831,-51.1548025699851,""
"Vila Ipiranga//home_8",-30.020804725385847,-51.15750395491443,""
"Vila Ipiranga//work_8",-30.021078686122333,-51.15733101758818,""
"Vila Ipiranga//school_8",-30.021267976032874,-51.15746411272568,""
"Vila Ipiranga//home_9",-30.020460751729807,-51.15721528837197,""
"Vila Ipiranga//work_9",-30.020283158392978,-51.155990285680986,""
"Vila Ipiranga//school_9",-30.020402945505822,-51.1573351436621,""
"Vila Ipiranga//home_10",-30.02013414690386,-51.1574857961791,""
"Vila Ipiranga//work_10",-30.0200110335572,-51.156869632661035,""
"Vila Ipiranga//school_10",-30.02005100631591,-51.15735055806666,""
"Vila Ipiranga//home_11",-30.019495891913266,-51.15634371900104,""
"Vila Ipiranga//work_11",-30.019657325075347,-51.15761151134387,""
"Vila Ipiranga//school_11",-30.01923966325285,-51.15532163806521,""
"Vila Ipiranga//home_12",-30.017930232486705,-51.15755996868778,""
"Vila Ipiranga//work_12",-30.01906487543827,-51.15822344464622,""
"Vila Ipiranga//school_12",-30.01805920554296,-51.15763396593173,""
"Vila Ipiranga//home_13",-30.01785179723864,-51.15686180878024,""
"Vila Ipiranga//work_13",-30.01784760947157,-51.153080697851635,""
"Vila Ipiranga//school_13",-30.018774152727616,-51.15351939354938,""
"Vila Ipiranga//home_14",-30.021967336280234,-51.15345939050723,""
"Vila Ipiranga//work_14",-30.020365269161076,-51.15324096981291,""
"Vila Ipiranga//school_14",-30.020319478521785,-51.15340465230141,""
"Vila Ipiranga//home_15",-30.022932498329247,-51.15199333250924,""
"Vila Ipiranga//work_15",-30.02301500792736,-51.15332761256002,""
"Vila Ipiranga//school_15",-30.022646555347496,-51.15334937252597,""
"Vila Ipiranga//home_16",-30.02452900047431,-51.1539339915717,""
"Vila Ipiranga//work_16",-30.024276194810202,-51.15384689802175,""
"Vila Ipiranga//school_16",-30.025687357275938,-51.15321206079994,""
"Vila Ipiranga//home_17",-30.024879462499804,-51.15113512255624,""
"Vila Ipiranga//work_17",-30.025028855291588,-51.15203890028079,""
"Vila Ipiranga//school_17",-30.02388283528746,-51.15208575017992,""
"Vila Ipiranga//home_18",-30.02539923334879,-51.14992124353159,""
"Vila Ipiranga//work_18",-30.02736605181439,-51.15040806682188,""
"Vila Ipiranga//school_18",-30.02346153932775,-51.1502832567574,""
"Vila Ipiranga//home_19",-30.018453260586657,-51.15182624928621,""
"Vila Ipiranga//work_19",-30.021038943704838,-51.15076948442855,""
"Vila Ipiranga//school_19",-30.02009274241457,-51.15097956366952,""
"Vila Ipiranga//home_20",-30.019878950691968,-51.151516632793694,""
"Vila Ipiranga//work_20",-30.019489883740146,-51.15140989045907,""
"Vila Ipiranga//school_20",-30.02061675744392,-51.15144145974106,""
"Vila Ipiranga//home_21",-30.01595004773564,-51.147891218215186,""
"Vila Ipiranga//work_21",-30.018356819210997,-51.1481765173095,""
"Vila Ipiranga//school_21",-30.016221871145138,-51.14908010677018,""
"Vila Ipiranga//home_22",-30.01315173207196,-51.1497873981666,""
"Vila Ipiranga//work_22",-30.015365840510125,-51.149163434695105,""
"Vila Ipiranga//school_22",-30.012982920005026,-51.1500737301904,""
"Vila Ipiranga//home_23",-30.012160147969123,-51.14876716919845,""
"Vila Ipiranga//work_23",-30.01207930557182,-51.14859345910546,""
"Vila Ipiranga//school_23",-30.012341828753243,-51.14779265547559,""
"Vila Ipiranga//home_24",-30.011405628229678,-51.14992045960687,""
"Vila Ipiranga//work_24",-30.010823552350715,-51.149582002288895,""
"Vila Ipiranga//school_24",-30.011038988312304,-51.14892426385435,""
"Vila Ipiranga//home_25",-30.011973909684755,-51.146486292833806,""
"Vila Ipiranga//work_25",-30.011542384265947,-51.14699905802954,""
"Vila Ipiranga//school_25",-30.012067755117545,-51.14676943300896,""
"Vila Ipiranga//home_26",-30.012663357423474,-51.146278473595224,""
"Vila Ipiranga//work_26",-30.01072445427082,-51.145151001822455,""
"Vila Ipiranga//school_26",-30.010576079691145,-51.14532130948255,""
"Vila Ipiranga//home_27",-30.010091059036856,-51.14307100913063,""
"Vila Ipiranga//work_27",-30.010783166542524,-51.144242522263866,""
"Vila Ipiranga//school_27",-30.011270542399057,-51.14408056954266,""
"Vila Ipiranga//home_28",-30.012373130361574,-51.144015331780366,""
"Vila Ipiranga//work_28",-30.01196250146597,-51.1438307048305,""
"Vila Ipiranga//school_28",-30.011953122000907,-51.143668014084675,""
"Vila Ipiranga//home_29",-30.014900979251607,-51.14470363665057,""
"Vila Ipiranga//work_29",-30.014859997644564,-51.146074257667216,""
"Vila Ipiranga//school_29",-30.01358132340089,-51.14677851565522,""
"Vila Ipiranga//home_30",-30.015603332898394,-51.14478874834384,""
"Vila Ipiranga//work_30",-30.015409526524788,-51.14434728308763,""
"Vila Ipiranga//school_30",-30.015525618593994,-51.14315094533815,""
"Vila Ipiranga//home_31",-30.017554802342453,-51.14672960645735,""
"Vila Ipiranga//work_31",-30.018727012194645,-51.14506698571805,""
"Vila Ipiranga//school_31",-30.016658776552667,-51.146132837376435,""
"Vila Ipiranga//home_32",-30.019396021528607,-51.147177334403565,""
"Vila Ipiranga//work_32",-30.017812596777315,-51.14674860763017,""
"Vila Ipiranga//school_32",-30.018954684708152,-51.147404793196706,""
"Vila Ipiranga//home_33",-30.020536103945286,-51.14776754598719,""
"Vila Ipiranga//work_33",-30.021056171021872,-51.15027878850214,""
"Vila Ipiranga//school_33",-30.018110002951392,-51.150016369845986,""
"Vila Ipiranga//home_34",-30.02586122442164,-51.14658093372076,""
"Vila Ipiranga//work_34",-30.026238786758014,-51.14696584872601,""
"Vila Ipiranga//school_34",-30.027217877039348,-51.146351259799246,""
"Vila Ipiranga//home_35",-30.026706865969995,-51.14933206454103,""
"Vila Ipiranga//work_35",-30.026621027561497,-51.147461612490524,""
"Vila Ipiranga//school_35",-30.024618185174933,-51.1480379904892,""
"Vila Ipiranga//home_36",-30.020895842605825,-51.145260768918114,""
"Vila Ipiranga//work_36",-30.021723355615876,-51.14531137977595,""
"Vila Ipiranga//school_36",-30.02039440672082,-51.1449544035328,""
"Vila Ipiranga//home_37",-30.01075247337424,-51.147960571827895,""
"Vila Ipiranga//work_37",-30.010986600242283,-51.14714822949523,""
"Vila Ipiranga//school_37",-30.011024978350747,-51.148096621861775,""
"Vila Ipiranga//home_38",-30.01222205985156,-51.14671398223105,""
"Vila Ipiranga//work_38",-30.01226017753299,-51.146632704609885,""
"Vila Ipiranga//school_38",-30.013216162857365,-51.146843709329175,""
"Vila Ipiranga//home_39",-30.01124609424135,-51.1456310701871,""
"Vila Ipiranga//work_39",-30.011305077658854,-51.145892167638195,""
"Vila Ipiranga//school_39",-30.011751323057002,-51.1459388421111,""
"Vila Ipiranga//home_40",-30.011507241129404,-51.14546533044138,""
"Vila Ipiranga//work_40",-30.011535035430164,-51.14517370410599,""
"Vila Ipiranga//school_40",-30.011512119550858,-51.14522150711698,""
"Vila Ipiranga//home_41",-30.012244879149883,-51.14526350683478,""
"Vila Ipiranga//work_41",-30.013223337234454,-51.14537539796284,""
"Vila Ipiranga//school_41",-30.01250322093764,-51.14548802408561,""
"Vila Ipiranga//home_42",-30.012930697495076,-51.145989502237924,""
"Vila Ipiranga//work_42",-30.013029527733263,-51.14567906249,""
"Vila Ipiranga//school_42",-30.012972318361868,-51.14591866620289,""
"Vila Ipiranga//home_43",-30.011921234934498,-51.145555086398545,""
"Vila Ipiranga//work_43",-30.012112044825994,-51.14587423091267,""
"Vila Ipiranga//school_43",-30.012136362665593,-51.14583866889739,""
"Vila Jardim//home_0",-30.02959345565274,-51.155208993650405,""
"Vila Jardim//work_0",-30.033259026835285,-51.158772896481,""
"Vila Jardim//school_0",-30.03220767026785,-51.157007994193236,""
"Vila Jardim//home_1",-30.032204761729943,-51.15621230908591,""
"Vila Jardim//work_1",-30.032186176932072,-51.156331763495345,""
"Vila Jardim//school_1",-30.032388320207833,-51.15631440105843,""
"Vila Jardim//home_2",-30.03289047633247,-51.1528751075946,""
"Vila Jardim//work_2",-30.02910773669991,-51.15373546344276,""
"Vila Jardim//school_2",-30.030134595855678,-51.15341505353257,""
"Vila Jardim//home_3",-30.032275840537277,-51.15203288930703,""
"Vila Jardim//work_3",-30.031600769958942,-51.152327800302466,""
"Vila Jardim//school_3",-30.032992003272707,-51.15149058826647,""
"Vila Jardim//home_4",-30.030679928813278,-51.152042463154125,""
"Vila Jardim//work_4",-30.029308615423684,-51.15146857552819,""
"Vila Jardim//school_4",-30.028566819332365,-51.15314380737877,""
"Vila Jardim//home_5",-30.02982709031513,-51.150256996953026,""
"Vila Jardim//work_5",-30.02956068096427,-51.14910418520799,""
"Vila Jardim//school_5",-30.03003191934625,-51.15041877605147,""
"Vila Jardim//home_6",-30.027602732754705,-51.15105936472662,""
"Vila Jardim//work_6",-30.02852175898651,-51.148685620061855,""
"Vila Jardim//school_6",-30.027432735400527,-51.14964307943482,""
"Vila Jardim//home_7",-30.029044282123944,-51.14786702631339,""
"Vila Jardim//work_7",-30.03053481750935,-51.14809168116008,""
"Vila Jardim//school_7",-30.031566111085024,-51.1487475162768,""
"Vila Jardim//home_8",-30.032653003151133,-51.15077007405134,""
"Vila Jardim//work_8",-30.03370164277277,-51.14981025485783,""
"Vila Jardim//school_8",-30.03284773941606,-51.1510830306737,""
"Vila Jardim//home_9",-30.034845860886364,-51.14930400439385,""
"Vila Jardim//work_9",-30.034569082006715,-51.1506622528961,""
"Vila Jardim//school_9",-30.03472413826099,-51.14952068774586,""
"Vila Jardim//home_10",-30.036345659972017,-51.149244980777205,""
"Vila Jardim//work_10",-30.03545264205182,-51.14869803128519,""
"Vila Jardim//school_10",-30.034971174803804,-51.14897725634932,""
"Vila Jardim//home_11",-30.035219372168864,-51.152754494489365,""
"Vila Jardim//work_11",-30.0330737573094,-51.15437922297979,""
"Vila Jardim//school_11",-30.033698712178218,-51.15436026307112,""
"Vila Jardim//home_12",-30.033939899561137,-51.1572096205998,""
"Vila Jardim//work_12",-30.035731993713156,-51.158215900117206,""
"Vila Jardim//school_12",-30.035119352919555,-51.15834152169775,""
"Vila Jardim//home_13",-30.036329831110308,-51.1525532683489,""
"Vila Jardim//work_13",-30.034857467823368,-51.15423562848257,""
"Vila Jardim//school_13",-30.034218918388206,-51.15435106134778,""
"Vila Jardim//home_14",-30.03711989611321,-51.151407088330096,""
"Vila Jardim//work_14",-30.037063518680913,-51.14938566109186,""
"Vila Jardim//school_14",-30.037499596493845,-51.150409971701976,""
"Vila Jardim//home_15",-30.039820640930877,-51.15162266422629,""
"Vila Jardim//work_15",-30.040298131151975,-51.152214139533065,""
"Vila Jardim//school_15",-30.03975700626346,-51.15068510528099,""
"Vila Jardim//home_16",-30.038658695552314,-51.15262731736429,""
"Vila Jardim//work_16",-30.04059030126666,-51.15322839346735,""
"Vila Jardim//school_16",-30.038888393514263,-51.15352722996148,""
"Vila Jardim//home_17",-30.0411841924934,-51.15537070392618,""
"Vila Jardim//work_17",-30.04103278191105,-51.154078882402544,""
"Vila Jardim//school_17",-30.04104590471621,-51.15507521316893,""
"Vila Jardim//home_18",-30.03771847897105,-51.154932405981974,""
"Vila Jardim//work_18",-30.03635811832528,-51.154550472717574,""
"Vila Jardim//school_18",-30.036699171869348,-51.154407610873804,""
"Vila Jardim//home_19",-30.03668228524527,-51.15494021057705,""
"Vila Jardim//work_19",-30.03617663117157,-51.15522508325338,""
"Vila Jardim//school_19",-30.03671584992492,-51.15608131196802,""
"Vila Jardim//home_20",-30.037703381550596,-51.15668175458869,""
"Vila Jardim//work_20",-30.037411960787082,-51.156478586220416,""
"Vila Jardim//school_20",-30.037358553487046,-51.15766575924513,""
"Vila Jardim//home_21",-30.040715252851246,-51.15629273111332,""
"Vila Jardim//work_21",-30.040711607435735,-51.15624222311694,""
"Vila Jardim//school_21",-30.039757975382187,-51.158361126944776,""
"Vila Jardim//home_22",-30.03714911558804,-51.149027778163386,""
"Vila Jardim//work_22",-30.03642899745628,-51.14888398168402,""
"Vila Jardim//school_22",-30.039460886069257,-51.14955254097166,""
"Vila Jardim//home_23",-30.037773272866545,-51.155730243133,""
"Vila Jardim//work_23",-30.038445739728683,-51.15588684125666,""
"Vila Jardim//school_23",-30.037662224276364,-51.15612496620687,""
"Vila Jardim//home_24",-30.037354500279832,-51.15731132224628,""
"Vila Jardim//work_24",-30.038987212749856,-51.15733912803631,""
"Vila Jardim//school_24",-30.039056086852348,-51.157452609686544,""
"Vila Jardim//home_25",-30.03378463643062,-51.15557523360733,""
"Vila Jardim//work_25",-30.03374704276826,-51.15627710677868,""
"Vila Jardim//school_25",-30.03376935235808,-51.15609858872435,""
"Vila Jardim//home_26",-30.02987355237707,-51.15835615794991,""
"Vila Jardim//work_26",-30.029674458414313,-51.15688885512323,""
"Vila Jardim//school_26",-30.029688001755567,-51.1573946458727,""
"Vila Jardim//home_27",-30.03184623374227,-51.15666573178996,""
"Vila Jardim//work_27",-30.031633600371528,-51.155747831383295,""
"Vila Jardim//school_27",-30.03066831604856,-51.155499447768385,""
"Vila João Pessoa//home_0",-30.067941864237746,-51.17338702449085,""
"Vila João Pessoa//work_0",-30.06678089175133,-51.17310993730538,""
"Vila João Pessoa//school_0",-30.068680434955223,-51.17230405782668,""
"Vila João Pessoa//home_1",-30.07520424444736,-51.17089944702055,""
"Vila João Pessoa//work_1",-30.074471270196288,-51.170877092861446,""
"Vila João Pessoa//school_1",-30.073911437850796,-51.17125903942882,""
"Vila João Pessoa//home_2",-30.06456845053082,-51.17898790744635,""
"Vila João Pessoa//work_2",-30.066187260236447,-51.178418006162275,""
"Vila João Pessoa//school_2",-30.064432608132968,-51.179065058926795,""
"Vila João Pessoa//home_3",-30.065571186543384,-51.17737503317264,""
"Vila João Pessoa//work_3",-30.066800381101036,-51.17806106147565,""
"Vila João Pessoa//school_3",-30.063704956815737,-51.17860610621155,""
"Vila João Pessoa//home_4",-30.065914972784256,-51.17509422063239,""
"Vila João Pessoa//work_4",-30.06629747830766,-51.17409540109712,""
"Vila João Pessoa//school_4",-30.06426132487766,-51.17707613012828,""
"Vila João Pessoa//home_5",-30.06296498725966,-51.17589650468048,""
"Vila João Pessoa//work_5",-30.06286768754825,-51.17551143856023,""
"Vila João Pessoa//school_5",-30.062687877525416,-51.17381192161278,""
"Vila João Pessoa//home_6",-30.06350594547261,-51.17395199907379,""
"Vila João Pessoa//work_6",-30.06472013272601,-51.17413530726959,""
"Vila João Pessoa//school_6",-30.064282277935764,-51.17376075237499,""
"Vila João Pessoa//home_7",-30.06579445955026,-51.17211915684435,""
"Vila João Pessoa//work_7",-30.062119072402766,-51.17251721056462,""
"Vila João Pessoa//school_7",-30.06320543398524,-51.171778964000836,""
"Vila João Pessoa//home_8",-30.06763038269763,-51.170501823096146,""
"Vila João Pessoa//work_8",-30.06322309451168,-51.171418856825255,""
"Vila João Pessoa//school_8",-30.068567833799072,-51.169980067333206,""
"Vila João Pessoa//home_9",-30.067273493653516,-51.17228925120868,""
"Vila João Pessoa//work_9",-30.069009965330107,-51.17084262136673,""
"Vila João Pessoa//school_9",-30.06781112876284,-51.17082273111533,""
"Vila João Pessoa//home_10",-30.06953825585643,-51.17295815858652,""
"Vila João Pessoa//work_10",-30.069001119238493,-51.174512814751715,""
"Vila João Pessoa//school_10",-30.068977725682686,-51.173664169432584,""
"Vila João Pessoa//home_11",-30.068734405961433,-51.17802428860747,""
"Vila João Pessoa//work_11",-30.069077117826446,-51.17560745861918,""
"Vila João Pessoa//school_11",-30.068344084554617,-51.178256198812456,""
"Vila João Pessoa//home_12",-30.067444427285693,-51.17936918378956,""
"Vila João Pessoa//work_12",-30.067722591628947,-51.179495510061884,""
"Vila João Pessoa//school_12",-30.0671016907328,-51.178401878761846,""
"Vila João Pessoa//home_13",-30.071687083106994,-51.17631992584184,""
"Vila João Pessoa//work_13",-30.07124264517968,-51.176792828795264,""
"Vila João Pessoa//school_13",-30.071399821902755,-51.17549258350603,""
"Vila João Pessoa//home_14",-30.07026381824306,-51.17361138106872,""
"Vila João Pessoa//work_14",-30.070782374108074,-51.174641797929645,""
"Vila João Pessoa//school_14",-30.070011390332443,-51.17342564390248,""
"Vila João Pessoa//home_15",-30.06950820686067,-51.172641654811926,""
"Vila João Pessoa//work_15",-30.071298758874747,-51.172358737721645,""
"Vila João Pessoa//school_15",-30.069759551584188,-51.17325254164828,""
"Vila João Pessoa//home_16",-30.071604605990277,-51.17332680748564,""
"Vila João Pessoa//work_16",-30.072786128285315,-51.17223901052379,""
"Vila João Pessoa//school_16",-30.071739169400626,-51.17390872789163,""
"Vila João Pessoa//home_17",-30.073499996736786,-51.17322654399957,""
"Vila João Pessoa//work_17",-30.073437378336223,-51.17400577925588,""
"Vila João Pessoa//school_17",-30.072691639548548,-51.17359529026227,""
"Vila João Pessoa//home_18",-30.07571297446535,-51.171783421048595,""
"Vila João Pessoa//work_18",-30.073942986532874,-51.172103092513915,""
"Vila João Pessoa//school_18",-30.074702380786636,-51.17181228879864,""
"Vila João Pessoa//home_19",-30.07013651981915,-51.177789961438044,""
"Vila João Pessoa//work_19",-30.070541875567102,-51.178301489784324,""
"Vila João Pessoa//school_19",-30.075341724060593,-51.172263397259506,""
"Vila João Pessoa//home_20",-30.071021700419426,-51.17503494567639,""
"Vila João Pessoa//work_20",-30.070434914750113,-51.175613050857784,""
"Vila João Pessoa//school_20",-30.070241817452185,-51.17574513965176,""
"Vila João Pessoa//home_21",-30.07068282898213,-51.1803517442367,""
"Vila João Pessoa//work_21",-30.072232800381055,-51.177658529795096,""
"Vila João Pessoa//school_21",-30.070744003168407,-51.17983507304652,""
"Vila Nova//home_0",-30.11315324784562,-51.19254256823998,""
"Vila Nova//work_0",-30.113961819943786,-51.1967037784337,""
"Vila Nova//school_0",-30.110611031658276,-51.19717342246586,""
"Vila Nova//home_1",-30.105050972026042,-51.21972870689648,""
"Vila Nova//work_1",-30.10366328641401,-51.21940221369159,""
"Vila Nova//school_1",-30.10421515399229,-51.21474059314109,""
"Vila Nova//home_2",-30.10569688838493,-51.20574170325302,""
"Vila Nova//work_2",-30.10292308600607,-51.206251897408976,""
"Vila Nova//school_2",-30.103182646780297,-51.20908191832284,""
"Vila Nova//home_3",-30.111827383869862,-51.21359734960019,""
"Vila Nova//work_3",-30.109808798637093,-51.20835965439075,""
"Vila Nova//school_3",-30.111862797159006,-51.209273428735806,""
"Vila Nova//home_4",-30.1096102725164,-51.21493035726397,""
"Vila Nova//work_4",-30.11131863502051,-51.2179347822373,""
"Vila Nova//school_4",-30.110902157927963,-51.217623023291544,""
"Vila Nova//home_5",-30.11222683411041,-51.22325714330544,""
"Vila Nova//work_5",-30.111711682821625,-51.21795990067904,""
"Vila Nova//school_5",-30.112646539278025,-51.217723625460486,""
"Vila Nova//home_6",-30.115750849733146,-51.20796288758892,""
"Vila Nova//work_6",-30.116248779721555,-51.20818058127031,""
"Vila Nova//school_6",-30.114137526069765,-51.21197320717987,""
"Vila Nova//home_7",-30.114034625465404,-51.20229692794136,""
"Vila Nova//work_7",-30.115608677989652,-51.20483089546854,""
"Vila Nova//school_7",-30.11289791444127,-51.203070076600106,""
"Vila Nova//home_8",-30.12170869508674,-51.20597055839087,""
"Vila Nova//work_8",-30.120866492706345,-51.20534057145115,""
"Vila Nova//school_8",-30.121432384586658,-51.20929126097525,""
"Vila Nova//home_9",-30.116014064695285,-51.21286801331078,""
"Vila Nova//work_9",-30.120155555685376,-51.21487117277568,""
"Vila Nova//school_9",-30.11883867698716,-51.215332814351605,""
"Vila Nova//home_10",-30.116806200859372,-51.22063309971769,""
"Vila Nova//work_10",-30.114690969673216,-51.22068504284318,""
"Vila Nova//school_10",-30.120804580228214,-51.22017284428054,""
"Vila Nova//home_11",-30.113357574624597,-51.22008044576326,""
"Vila Nova//work_11",-30.11346791680764,-51.219682819485065,""
"Vila Nova//school_11",-30.113482511216183,-51.219534420095115,""
"Vila Nova//home_12",-30.115140389780027,-51.21937094631354,""
"Vila Nova//work_12",-30.11424009846248,-51.21819450548712,""
"Vila Nova//school_12",-30.11525188851115,-51.21969896623988,""
"Vila Nova//home_13",-30.115822208229666,-51.22089693726188,""
"Vila Nova//work_13",-30.11615923812699,-51.22028725916404,""
"Vila Nova//school_13",-30.115534426404263,-51.220817308479,""
"Vila Nova//home_14",-30.116881876387183,-51.219200189070555,""
"Vila Nova//work_14",-30.116635586520264,-51.22011687516675,""
"Vila Nova//school_14",-30.116395685115027,-51.21944962472297,""
"Vila Nova//home_15",-30.117019889818962,-51.22326550851604,""
"Vila Nova//work_15",-30.11726623321636,-51.22427521919666,""
"Vila Nova//school_15",-30.11675365053884,-51.22333965195087,""
"Vila Nova//home_16",-30.11730191707076,-51.22246424118,""
"Vila Nova//work_16",-30.117165391460944,-51.22303936221011,""
"Vila Nova//school_16",-30.117648155025055,-51.2227322148542,""
"Vila Nova//home_17",-30.123275358833464,-51.219270687835895,""
"Vila Nova//work_17",-30.123101126113536,-51.220449918196245,""
"Vila Nova//school_17",-30.12328105370244,-51.21999030796028,""
"Vila Nova//home_18",-30.12563410873344,-51.21769327394553,""
"Vila Nova//work_18",-30.125238732341355,-51.2176610707364,""
"Vila Nova//school_18",-30.123619012808916,-51.2173860700532,""
"Vila Nova//home_19",-30.126469790013864,-51.217316745427155,""
"Vila Nova//work_19",-30.126482719430385,-51.217119437444325,""
"Vila Nova//school_19",-30.12600938414009,-51.21738860681888,""
"Vila Nova//home_20",-30.125206508213516,-51.21256925475463,""
"Vila Nova//work_20",-30.125144092305124,-51.21165715313285,""
"Vila Nova//school_20",-30.12555055264698,-51.21227151740897,""
"Vila Nova//home_21",-30.125541533786393,-51.21097120623045,""
"Vila Nova//work_21",-30.123245978429157,-51.21048241972321,""
"Vila Nova//school_21",-30.124756987042083,-51.21140127202723,""
"Vila Nova//home_22",-30.127810320510644,-51.212087624173044,""
"Vila Nova//work_22",-30.12759920901905,-51.21232612905891,""
"Vila Nova//school_22",-30.130072460638342,-51.21045316497121,""
"Vila Nova//home_23",-30.125521358900087,-51.209072055633925,""
"Vila Nova//work_23",-30.12673615552538,-51.20795612344689,""
"Vila Nova//school_23",-30.125933610019384,-51.20824942279653,""
"Vila Nova//home_24",-30.127288612395706,-51.207874146570234,""
"Vila Nova//work_24",-30.127919770694625,-51.20894800559487,""
"Vila Nova//school_24",-30.12809030578171,-51.20908656668227,""
"Vila Nova//home_25",-30.12616912468251,-51.206392170647696,""
"Vila Nova//work_25",-30.12648684840925,-51.20720136693593,""
"Vila Nova//school_25",-30.126374123343858,-51.20679764288876,""
"Vila Nova//home_26",-30.127994871479974,-51.2065406502991,""
"Vila Nova//work_26",-30.129235029236693,-51.20621656358644,""
"Vila Nova//school_26",-30.12764488110199,-51.207157949892114,""
"Vila Nova//home_27",-30.119087785044684,-51.20292443038834,""
"Vila Nova//work_27",-30.123338417102172,-51.20318046157873,""
"Vila Nova//school_27",-30.12270768567267,-51.204353723271765,""
"Vila Nova//home_28",-30.120082332699493,-51.2026641950472,""
"Vila Nova//work_28",-30.120166867430797,-51.20083483580685,""
"Vila Nova//school_28",-30.11922321764714,-51.20265270010525,""
"Vila Nova//home_29",-30.121337168381732,-51.20164670418189,""
"Vila Nova//work_29",-30.121108491985186,-51.201498984309715,""
"Vila Nova//school_29",-30.120818438477045,-51.20001675491594,""
"Vila Nova//home_30",-30.12325789319251,-51.214362054230484,""
"Vila Nova//work_30",-30.122643827682065,-51.213327584536984,""
"Vila Nova//school_30",-30.12326952485018,-51.21637361140167,""
"Vila Nova//home_31",-30.117258506877892,-51.214403011948086,""
"Vila Nova//work_31",-30.116223584140503,-51.21473653690823,""
"Vila Nova//school_31",-30.11525506399174,-51.21509234207498,""
"Vila Nova//home_32",-30.12598300120111,-51.210602002146864,""
"Vila Nova//work_32",-30.125941329952106,-51.21099054065955,""
"Vila Nova//school_32",-30.125586863559864,-51.210622391736486,""
"Vila Nova//home_33",-30.122764923430168,-51.21720512462156,""
"Vila Nova//work_33",-30.1222055279192,-51.21744418514935,""
"Vila Nova//school_33",-30.12266560287234,-51.218341164925185,""
"Vila Nova//home_34",-30.128051173982364,-51.203365189760234,""
"Vila Nova//work_34",-30.127647455211378,-51.20319577028012,""
"Vila Nova//school_34",-30.128970175832322,-51.20313934324918,""
"Vila Nova//home_35",-30.123160884648584,-51.208607683853046,""
"Vila Nova//work_35",-30.125768210952277,-51.20702005700417,""
"Vila Nova//school_35",-30.12492018883089,-51.20801322014495,""
"Vila Nova//home_36",-30.122653807213215,-51.2012764586113,""
"Vila Nova//work_36",-30.122048129372878,-51.20108225336018,""
"Vila Nova//school_36",-30.122909097269062,-51.20120561898603,""
"Vila Nova//home_37",-30.12729323925742,-51.20409394691454,""
"Vila Nova//work_37",-30.126643549173092,-51.205271932908424,""
"Vila Nova//school_37",-30.12654740221381,-51.20396436570662,""
"Vila Nova//home_38",-30.112413494812866,-51.2071304011018,""
"Vila Nova//work_38",-30.11241897329446,-51.207307996031524,""
"Vila Nova//school_38",-30.108775327957016,-51.21191617547789,""
"Vila Nova//home_39",-30.126086416089777,-51.21906276928137,""
"Vila Nova//work_39",-30.126775049419233,-51.21810525951318,""
"Vila Nova//school_39",-30.126820248708917,-51.218444750036305,""
"Vila Nova//home_40",-30.134056224100064,-51.17611565115878,""
"Vila Nova//work_40",-30.127336253895404,-51.19147067618009,""
"Vila Nova//school_40",-30.1309379378867,-51.183790529678284,""
"Vila Nova//home_41",-30.124550966531462,-51.20080211804518,""
"Vila Nova//work_41",-30.124057849879197,-51.20225106644612,""
"Vila Nova//school_41",-30.12341726475771,-51.19889092761528,""
"Vila Nova//home_42",-30.121975084298516,-51.2005893139458,""
"Vila Nova//work_42",-30.122645974622927,-51.19955014589625,""
"Vila Nova//school_42",-30.12139941515046,-51.19985239957572,""
"Vila Nova//home_43",-30.10579580203383,-51.20238522460187,""
"Vila Nova//work_43",-30.102146924894754,-51.194995873254285,""
"Vila Nova//school_43",-30.11014145845588,-51.20414023307109,""
"Vila Nova//home_44",-30.11795243574053,-51.209890155743516,""
"Vila Nova//work_44",-30.11762826198702,-51.212454569617776,""
"Vila Nova//school_44",-30.1164216391116,-51.21085686150542,""
"Vila Nova//home_45",-30.118268679002774,-51.21184297948857,""
"Vila Nova//work_45",-30.118209432332304,-51.21178634832131,""
"Vila Nova//school_45",-30.118550694445638,-51.21213737007225,""
"Vila Nova//home_46",-30.119121109313202,-51.209972286569254,""
"Vila Nova//work_46",-30.119354647844844,-51.21202294119048,""
"Vila Nova//school_46",-30.118678906414566,-51.20888353381616,""
"Vila Nova//home_47",-30.114521522015604,-51.216612798962664,""
"Vila Nova//work_47",-30.11514191163895,-51.21681501709909,""
"Vila Nova//school_47",-30.11434837243124,-51.21650108782528,""
"Vila Nova//home_48",-30.12027968197842,-51.21923569067211,""
"Vila Nova//work_48",-30.11649957413684,-51.21863705810794,""
"Vila Nova//school_48",-30.11838101479363,-51.21777307213414,""
"Vila Nova//home_49",-30.115571486961308,-51.222616039657304,""
"Vila Nova//work_49",-30.1156032206642,-51.22369778705354,""
"Vila Nova//school_49",-30.11550739296355,-51.223233424273126,""
"Vila Nova//home_50",-30.115321331798086,-51.224062664515756,""
"Vila Nova//work_50",-30.115522041183496,-51.224613206598214,""
"Vila Nova//school_50",-30.115408148993588,-51.22380712500866,""
"Vila Nova//home_51",-30.107212567045206,-51.21301421655192,""
"Vila Nova//work_51",-30.109081814944737,-51.21298873203819,""
"Vila Nova//school_51",-30.105941453835527,-51.210616051803335,""
"Vila Nova//home_52",-30.105137042410608,-51.215268733220014,""
"Vila Nova//work_52",-30.107568985119457,-51.217399053670604,""
"Vila Nova//school_52",-30.106734593442237,-51.217633433381536,""
"Vila Nova//home_53",-30.11774941157359,-51.20704405643039,""
"Vila Nova//work_53",-30.11822301279501,-51.20682978681466,""
"Vila Nova//school_53",-30.119165704380446,-51.20646771415493,""
"Vila Nova//home_54",-30.11817881628036,-51.20343869498189,""
"Vila Nova//work_54",-30.11789984281845,-51.20563650364309,""
"Vila Nova//school_54",-30.118337492317206,-51.20426700967411,""
"Vila Nova//home_55",-30.119470027197476,-51.20527144511248,""
"Vila Nova//work_55",-30.118204309038894,-51.20607254082604,""
"Vila Nova//school_55",-30.118033053952367,-51.206232167400586,""
"Vila Nova//home_56",-30.10820655512742,-51.19408561811151,""
"Vila Nova//work_56",-30.099839497663226,-51.18388505466876,""
"Vila Nova//school_56",-30.112373905648116,-51.18948903183382,""
"Vila Nova//home_57",-30.117604841568564,-51.18485139207047,""
"Vila Nova//work_57",-30.117822451482063,-51.18654616597646,""
"Vila Nova//school_57",-30.117540606127278,-51.184542520949975,""
"Vila Nova//home_58",-30.117994985037672,-51.192206188518,""
"Vila Nova//work_58",-30.116860704962445,-51.192576378779584,""
"Vila Nova//school_58",-30.117621769613255,-51.19353701553538,""
"Vila São José//home_0",-30.063905627916846,-51.17012507752515,""
"Vila São José//work_0",-30.063559398962468,-51.1690898838816,""
"Vila São José//school_0",-30.063958011452165,-51.17061422878098,""
"Vila São José//home_1",-30.065217422719538,-51.167441365222444,""
"Vila São José//work_1",-30.064869144145256,-51.16964304807611,""
"Vila São José//school_1",-30.06471105765674,-51.16842873468753,""
"Vila São José//home_2",-30.06414244508408,-51.16726813553926,""
"Vila São José//work_2",-30.063510543075562,-51.16733681240032,""
"Vila São José//school_2",-30.063035996132136,-51.167179634908756,""
"Vila São José//home_3",-30.064168423763167,-51.16548081952104,""
"Vila São José//work_3",-30.065038922765893,-51.164952825185445,""
"Vila São José//school_3",-30.063715117811974,-51.165753822042056,""
"Vila São José//home_4",-30.064508336183426,-51.161191139425185,""
"Vila São José//work_4",-30.063860286083333,-51.16198603748651,""
"Vila São José//school_4",-30.065032805958417,-51.161959582559234,""
"Vila São José//home_5",-30.068000146280735,-51.161651661529575,""
"Vila São José//work_5",-30.070600638526926,-51.16009805207575,""
"Vila São José//school_5",-30.065400188939456,-51.162142645266265,""
"Vila São José//home_6",-30.066021541500408,-51.162434573269856,""
"Vila São José//work_6",-30.066559034289135,-51.16242458439586,""
"Vila São José//school_6",-30.067854303994977,-51.163932504857584,""
"Vila São José//home_7",-30.065967912901744,-51.16627763491474,""
"Vila São José//work_7",-30.067222970550112,-51.16597869233032,""
"Vila São José//school_7",-30.06714042646591,-51.16707140057445,""
"Vila São José//home_8",-30.068360750554373,-51.16893057666759,""
"Vila São José//work_8",-30.0679083593166,-51.16999466364877,""
"Vila São José//school_8",-30.068167213040667,-51.16830637939945,""
"Vila São José//home_9",-30.069787305710673,-51.170648114342875,""
"Vila São José//work_9",-30.070063694639195,-51.17006941447498,""
"Vila São José//school_9",-30.069376951426378,-51.17127710984628,""
"Vila São José//home_10",-30.071051921654377,-51.17085473475162,""
"Vila São José//work_10",-30.070705646604274,-51.16980215630283,""
"Vila São José//school_10",-30.070700788740307,-51.169917050102036,""
"Vila São José//home_11",-30.070795282077395,-51.1678682083229,""
"Vila São José//work_11",-30.06938879007945,-51.16777905150955,""
"Vila São José//school_11",-30.069991413678014,-51.16794038762641,""
"Vila São José//home_12",-30.07107162198253,-51.16674639034586,""
"Vila São José//work_12",-30.06945412793563,-51.166231346124974,""
"Vila São José//school_12",-30.06903232332641,-51.16589766979729,""
"Vila São José//home_13",-30.07017211594703,-51.16445977317177,""
"Vila São José//work_13",-30.069510723052762,-51.16441529744093,""
"Vila São José//school_13",-30.068409082117157,-51.16458640584427,""
"Vila São José//home_14",-30.068712114080558,-51.16333022335703,""
"Vila São José//work_14",-30.068127556507097,-51.16277060971121,""
"Vila São José//school_14",-30.068147892422818,-51.16280551476999,""
"Vila São José//home_15",-30.071329364801667,-51.16027951497956,""
"Vila São José//work_15",-30.07186754839198,-51.160003668040616,""
"Vila São José//school_15",-30.071151259132353,-51.161150656916654,""
"Vila São José//home_16",-30.07545437452604,-51.16190435650056,""
"Vila São José//work_16",-30.072257448411076,-51.161860579871764,""
"Vila São José//school_16",-30.07216774883847,-51.161605884262286,""
"Vila São José//home_17",-30.07263485893514,-51.16251844822401,""
"Vila São José//work_17",-30.072840253660953,-51.16217208398183,""
"Vila São José//school_17",-30.07103551873742,-51.16292922153199,""
"Vila São José//home_18",-30.07384272112849,-51.16409393979232,""
"Vila São José//work_18",-30.072859302896823,-51.164742023478986,""
"Vila São José//school_18",-30.072366526528533,-51.16346884939498,""
"Vila São José//home_19",-30.072145510255925,-51.16587652021241,""
"Vila São José//work_19",-30.07335248716654,-51.165926890543716,""
"Vila São José//school_19",-30.074005693090403,-51.1654211015894,""
"Vila São José//home_20",-30.073554794036852,-51.168812905279495,""
"Vila São José//work_20",-30.071772362992196,-51.16857766854077,""
"Vila São José//school_20",-30.071336838083386,-51.167458369200794,""
"Vila São José//home_21",-30.074727215353647,-51.169441236885156,""
"Vila São José//work_21",-30.073078869226627,-51.171128100076956,""
"Vila São José//school_21",-30.073088560001594,-51.17053568665909,""
"Vila São José//home_22",-30.075998787564632,-51.170406660469126,""
"Vila São José//work_22",-30.07620078777876,-51.16941283342526,""
"Vila São José//school_22",-30.075296503709094,-51.16924742578019,""
"Vila São José//home_23",-30.077103097711667,-51.16898536797553,""
"Vila São José//work_23",-30.076935015136975,-51.16850929660046,""
"Vila São José//school_23",-30.07593917031604,-51.16893432099308,""
"Vila São José//home_24",-30.0759514887077,-51.16625466859746,""
"Vila São José//work_24",-30.075748005965124,-51.16761081429869,""
"Vila São José//school_24",-30.074038182595952,-51.16809278154376,""
"Vila São José//home_25",-30.07501677366329,-51.16532735832656,""
"Vila São José//work_25",-30.074946667502704,-51.16496565352244,""
"Vila São José//school_25",-30.074745936414374,-51.16438163916337,""
"Vila São José//home_26",-30.07748108556618,-51.16584138329404,""
"Vila São José//work_26",-30.077005405699648,-51.165864223333955,""
"Vila São José//school_26",-30.077603647385928,-51.166621513766124,""
"Vila São José//home_27",-30.076435947985807,-51.163294204205194,""
"Vila São José//work_27",-30.07615009413421,-51.16463497068479,""
"Vila São José//school_27",-30.077809954848707,-51.16337818020437,""
"Vila São José//home_28",-30.07642301684064,-51.16115099952749,""
"Vila São José//work_28",-30.077154896389395,-51.16168948099799,""
"Vila São José//school_28",-30.076734418393062,-51.1610814128867,""
"Vila São José//home_29",-30.081140231761847,-51.16136403369471,""
"Vila São José//work_29",-30.08578003284813,-51.16328489567166,""
"Vila São José//school_29",-30.079702342985,-51.162555035397766,""
"Vila São José//home_30",-30.079018683664263,-51.16463746187562,""
"Vila São José//work_30",-30.079902612363966,-51.164697557793076,""
"Vila São José//school_30",-30.078744631214,-51.16492691617264,""
"Vila São José//home_31",-30.072703054901805,-51.1596487499325,""
"Vila São José//work_31",-30.073019931155393,-51.160306407015334,""
"Vila São José//school_31",-30.072382834853276,-51.159854724179766,""
"Vila São José//home_32",-30.084656526626294,-51.15519283906805,""
"Vila São José//work_32",-30.09117201825929,-51.15301697473289,""
"Vila São José//school_32",-30.07996497701201,-51.15877492750508,""
"Vila São José//home_33",-30.07723819741164,-51.15976179298239,""
"Vila São José//work_33",-30.075383740365044,-51.15952505182972,""
"Vila São José//school_33",-30.076835761608187,-51.16004711741431,""
"Vila São José//home_34",-30.063732056178463,-51.163831294414265,""
"Vila São José//work_34",-30.063257432076686,-51.16369569435647,""
"Vila São José//school_34",-30.06285530528071,-51.16438368121666,""
"Vila São José//home_35",-30.064657007948707,-51.164105581343826,""
"Vila São José//work_35",-30.0642448270031,-51.16362257686094,""
"Vila São José//school_35",-30.063905055143138,-51.163617405420155,""
"Vila São José//home_36",-30.0650806882576,-51.163903100633625,""
"Vila São José//work_36",-30.064986008792353,-51.16401949948694,""
"Vila São José//school_36",-30.064645864810668,-51.16356622126345,""
"Vila São José//home_37",-30.079193052190597,-51.15825558202984,""
"Vila São José//work_37",-30.07866618356279,-51.15843289291504,""
"Vila São José//school_37",-30.076875933773852,-51.15830760494161,""
"Vila São José//home_38",-30.073560232602354,-51.1598659110194,""
"Vila São José//work_38",-30.074514579815084,-51.16042227287808,""
"Vila São José//school_38",-30.073422164296495,-51.159974058052335,""
