scenario;environment;levy;flood;seed;destination_region;node_type;requested;fulfilled;unmet;fulfillment_rate;occupancy_person_hours
13_levy_off_flood_none;13;False;none;0;Azenha;marketplace;96512.0;96512.0;0.0;1.0;96512.0
13_levy_off_flood_none;13;False;none;0;Azenha;pharmacy;24144.0;24144.0;0.0;1.0;24144.0
13_levy_off_flood_none;13;False;none;0;Azenha;restaurant;96512.0;96512.0;0.0;1.0;96512.0
13_levy_off_flood_none;13;False;none;0;Bom Fim;marketplace;81280.0;81280.0;0.0;1.0;81280.0
13_levy_off_flood_none;13;False;none;0;Bom Fim;pharmacy;20320.0;20320.0;0.0;1.0;20320.0
13_levy_off_flood_none;13;False;none;0;Bom Fim;restaurant;81280.0;81280.0;0.0;1.0;81280.0
13_levy_off_flood_none;13;False;none;0;Centro Histórico;marketplace;244552.0;244552.0;0.0;1.0;244552.0
13_levy_off_flood_none;13;False;none;0;Centro Histórico;pharmacy;61128.0;61128.0;0.0;1.0;61128.0
13_levy_off_flood_none;13;False;none;0;Centro Histórico;restaurant;244552.0;244552.0;0.0;1.0;244552.0
13_levy_off_flood_none;13;False;none;0;Cidade Baixa;marketplace;104112.0;104112.0;0.0;1.0;104112.0
13_levy_off_flood_none;13;False;none;0;Cidade Baixa;pharmacy;26024.0;26024.0;0.0;1.0;26024.0
13_levy_off_flood_none;13;False;none;0;Cidade Baixa;restaurant;104112.0;104112.0;0.0;1.0;104112.0
13_levy_off_flood_none;13;False;none;0;Farroupilha;marketplace;6192.0;6192.0;0.0;1.0;6192.0
13_levy_off_flood_none;13;False;none;0;Farroupilha;pharmacy;1552.0;1552.0;0.0;1.0;1552.0
13_levy_off_flood_none;13;False;none;0;Farroupilha;restaurant;6192.0;6192.0;0.0;1.0;6192.0
13_levy_off_flood_none;13;False;none;0;Floresta;marketplace;70384.0;70384.0;0.0;1.0;70384.0
13_levy_off_flood_none;13;False;none;0;Floresta;pharmacy;17576.0;17576.0;0.0;1.0;17576.0
13_levy_off_flood_none;13;False;none;0;Floresta;restaurant;70384.0;70384.0;0.0;1.0;70384.0
13_levy_off_flood_none;13;False;none;0;Independência;marketplace;55080.0;55080.0;0.0;1.0;55080.0
13_levy_off_flood_none;13;False;none;0;Independência;pharmacy;13752.0;13752.0;0.0;1.0;13752.0
13_levy_off_flood_none;13;False;none;0;Independência;restaurant;55080.0;55080.0;0.0;1.0;55080.0
13_levy_off_flood_none;13;False;none;0;Moinhos de Vento;marketplace;79960.0;79960.0;0.0;1.0;79960.0
13_levy_off_flood_none;13;False;none;0;Moinhos de Vento;pharmacy;20000.0;20000.0;0.0;1.0;20000.0
13_levy_off_flood_none;13;False;none;0;Moinhos de Vento;restaurant;79960.0;79960.0;0.0;1.0;79960.0
13_levy_off_flood_none;13;False;none;0;Praia de Belas;marketplace;12176.0;12176.0;0.0;1.0;12176.0
13_levy_off_flood_none;13;False;none;0;Praia de Belas;pharmacy;3048.0;3048.0;0.0;1.0;3048.0
13_levy_off_flood_none;13;False;none;0;Praia de Belas;restaurant;12176.0;12176.0;0.0;1.0;12176.0
13_levy_off_flood_none;13;False;none;0;Rio Branco;marketplace;125680.0;125680.0;0.0;1.0;125680.0
13_levy_off_flood_none;13;False;none;0;Rio Branco;pharmacy;31408.0;31408.0;0.0;1.0;31408.0
13_levy_off_flood_none;13;False;none;0;Rio Branco;restaurant;125680.0;125680.0;0.0;1.0;125680.0
13_levy_off_flood_none;13;False;none;0;Santa Cecília;marketplace;37120.0;37120.0;0.0;1.0;37120.0
13_levy_off_flood_none;13;False;none;0;Santa Cecília;pharmacy;9288.0;9288.0;0.0;1.0;9288.0
13_levy_off_flood_none;13;False;none;0;Santa Cecília;restaurant;37120.0;37120.0;0.0;1.0;37120.0
13_levy_off_flood_none;13;False;none;0;Santana;marketplace;142352.0;142352.0;0.0;1.0;142352.0
13_levy_off_flood_none;13;False;none;0;Santana;pharmacy;35576.0;35576.0;0.0;1.0;35576.0
13_levy_off_flood_none;13;False;none;0;Santana;restaurant;142352.0;142352.0;0.0;1.0;142352.0
13_levy_off_flood_pois;13;False;pois;0;Azenha;marketplace;96512.0;93273.0;3239.0;0.9664394064986738;93273.0
13_levy_off_flood_pois;13;False;pois;0;Azenha;pharmacy;24144.0;23834.0;310.0;0.9871603711066932;23834.0
13_levy_off_flood_pois;13;False;pois;0;Azenha;restaurant;96512.0;93839.0;2673.0;0.9723039622015915;93839.0
13_levy_off_flood_pois;13;False;pois;0;Bom Fim;marketplace;81280.0;81280.0;0.0;1.0;81280.0
13_levy_off_flood_pois;13;False;pois;0;Bom Fim;pharmacy;20320.0;20320.0;0.0;1.0;20320.0
13_levy_off_flood_pois;13;False;pois;0;Bom Fim;restaurant;81280.0;81280.0;0.0;1.0;81280.0
13_levy_off_flood_pois;13;False;pois;0;Centro Histórico;marketplace;244552.0;240681.0;3871.0;0.9841710556446073;240681.0
13_levy_off_flood_pois;13;False;pois;0;Centro Histórico;pharmacy;61128.0;60230.0;898.0;0.9853095144614579;60230.0
13_levy_off_flood_pois;13;False;pois;0;Centro Histórico;restaurant;244552.0;240520.0;4032.0;0.983512708953515;240520.0
13_levy_off_flood_pois;13;False;pois;0;Cidade Baixa;marketplace;104112.0;93991.0;10121.0;0.9027873828185031;93991.0
13_levy_off_flood_pois;13;False;pois;0;Cidade Baixa;pharmacy;26024.0;22988.0;3036.0;0.8833384568090993;22988.0
13_levy_off_flood_pois;13;False;pois;0;Cidade Baixa;restaurant;104112.0;95715.0;8397.0;0.9193464730290456;95715.0
13_levy_off_flood_pois;13;False;pois;0;Farroupilha;marketplace;6192.0;6192.0;0.0;1.0;6192.0
13_levy_off_flood_pois;13;False;pois;0;Farroupilha;pharmacy;1552.0;1552.0;0.0;1.0;1552.0
13_levy_off_flood_pois;13;False;pois;0;Farroupilha;restaurant;6192.0;6192.0;0.0;1.0;6192.0
13_levy_off_flood_pois;13;False;pois;0;Floresta;marketplace;70384.0;59040.0;11344.0;0.8388270061377586;59040.0
13_levy_off_flood_pois;13;False;pois;0;Floresta;pharmacy;17576.0;13949.0;3627.0;0.7936390532544378;13949.0
13_levy_off_flood_pois;13;False;pois;0;Floresta;restaurant;70384.0;54802.0;15582.0;0.7786144578313253;54802.0
13_levy_off_flood_pois;13;False;pois;0;Independência;marketplace;55080.0;55080.0;0.0;1.0;55080.0
13_levy_off_flood_pois;13;False;pois;0;Independência;pharmacy;13752.0;13752.0;0.0;1.0;13752.0
13_levy_off_flood_pois;13;False;pois;0;Independência;restaurant;55080.0;55080.0;0.0;1.0;55080.0
13_levy_off_flood_pois;13;False;pois;0;Moinhos de Vento;marketplace;79960.0;79960.0;0.0;1.0;79960.0
13_levy_off_flood_pois;13;False;pois;0;Moinhos de Vento;pharmacy;20000.0;20000.0;0.0;1.0;20000.0
13_levy_off_flood_pois;13;False;pois;0;Moinhos de Vento;restaurant;79960.0;79960.0;0.0;1.0;79960.0
13_levy_off_flood_pois;13;False;pois;0;Praia de Belas;marketplace;12176.0;5069.0;7107.0;0.4163107752956636;5069.0
13_levy_off_flood_pois;13;False;pois;0;Praia de Belas;pharmacy;3048.0;1278.0;1770.0;0.41929133858267714;1278.0
13_levy_off_flood_pois;13;False;pois;0;Praia de Belas;restaurant;12176.0;4738.0;7438.0;0.38912614980289095;4738.0
13_levy_off_flood_pois;13;False;pois;0;Rio Branco;marketplace;125680.0;125680.0;0.0;1.0;125680.0
13_levy_off_flood_pois;13;False;pois;0;Rio Branco;pharmacy;31408.0;31408.0;0.0;1.0;31408.0
13_levy_off_flood_pois;13;False;pois;0;Rio Branco;restaurant;125680.0;125680.0;0.0;1.0;125680.0
13_levy_off_flood_pois;13;False;pois;0;Santa Cecília;marketplace;37120.0;37120.0;0.0;1.0;37120.0
13_levy_off_flood_pois;13;False;pois;0;Santa Cecília;pharmacy;9288.0;9288.0;0.0;1.0;9288.0
13_levy_off_flood_pois;13;False;pois;0;Santa Cecília;restaurant;37120.0;37120.0;0.0;1.0;37120.0
13_levy_off_flood_pois;13;False;pois;0;Santana;marketplace;142352.0;142352.0;0.0;1.0;142352.0
13_levy_off_flood_pois;13;False;pois;0;Santana;pharmacy;35576.0;35576.0;0.0;1.0;35576.0
13_levy_off_flood_pois;13;False;pois;0;Santana;restaurant;142352.0;142352.0;0.0;1.0;142352.0
13_levy_off_flood_homes;13;False;homes;0;Azenha;marketplace;96512.0;96512.0;0.0;1.0;96512.0
13_levy_off_flood_homes;13;False;homes;0;Azenha;pharmacy;24144.0;24144.0;0.0;1.0;24144.0
13_levy_off_flood_homes;13;False;homes;0;Azenha;restaurant;96512.0;96512.0;0.0;1.0;96512.0
13_levy_off_flood_homes;13;False;homes;0;Bom Fim;marketplace;81280.0;81280.0;0.0;1.0;81280.0
13_levy_off_flood_homes;13;False;homes;0;Bom Fim;pharmacy;20320.0;20320.0;0.0;1.0;20320.0
13_levy_off_flood_homes;13;False;homes;0;Bom Fim;restaurant;81280.0;81280.0;0.0;1.0;81280.0
13_levy_off_flood_homes;13;False;homes;0;Centro Histórico;marketplace;244552.0;244552.0;0.0;1.0;244552.0
13_levy_off_flood_homes;13;False;homes;0;Centro Histórico;pharmacy;61128.0;61128.0;0.0;1.0;61128.0
13_levy_off_flood_homes;13;False;homes;0;Centro Histórico;restaurant;244552.0;244552.0;0.0;1.0;244552.0
13_levy_off_flood_homes;13;False;homes;0;Cidade Baixa;marketplace;104112.0;104112.0;0.0;1.0;104112.0
13_levy_off_flood_homes;13;False;homes;0;Cidade Baixa;pharmacy;26024.0;26024.0;0.0;1.0;26024.0
13_levy_off_flood_homes;13;False;homes;0;Cidade Baixa;restaurant;104112.0;104112.0;0.0;1.0;104112.0
13_levy_off_flood_homes;13;False;homes;0;Farroupilha;marketplace;6192.0;6192.0;0.0;1.0;6192.0
13_levy_off_flood_homes;13;False;homes;0;Farroupilha;pharmacy;1552.0;1552.0;0.0;1.0;1552.0
13_levy_off_flood_homes;13;False;homes;0;Farroupilha;restaurant;6192.0;6192.0;0.0;1.0;6192.0
13_levy_off_flood_homes;13;False;homes;0;Floresta;marketplace;70384.0;70384.0;0.0;1.0;70384.0
13_levy_off_flood_homes;13;False;homes;0;Floresta;pharmacy;17576.0;17576.0;0.0;1.0;17576.0
13_levy_off_flood_homes;13;False;homes;0;Floresta;restaurant;70384.0;70384.0;0.0;1.0;70384.0
13_levy_off_flood_homes;13;False;homes;0;Independência;marketplace;55080.0;55080.0;0.0;1.0;55080.0
13_levy_off_flood_homes;13;False;homes;0;Independência;pharmacy;13752.0;13752.0;0.0;1.0;13752.0
13_levy_off_flood_homes;13;False;homes;0;Independência;restaurant;55080.0;55080.0;0.0;1.0;55080.0
13_levy_off_flood_homes;13;False;homes;0;Moinhos de Vento;marketplace;79960.0;79960.0;0.0;1.0;79960.0
13_levy_off_flood_homes;13;False;homes;0;Moinhos de Vento;pharmacy;20000.0;20000.0;0.0;1.0;20000.0
13_levy_off_flood_homes;13;False;homes;0;Moinhos de Vento;restaurant;79960.0;79960.0;0.0;1.0;79960.0
13_levy_off_flood_homes;13;False;homes;0;Praia de Belas;marketplace;12176.0;12176.0;0.0;1.0;12176.0
13_levy_off_flood_homes;13;False;homes;0;Praia de Belas;pharmacy;3048.0;3048.0;0.0;1.0;3048.0
13_levy_off_flood_homes;13;False;homes;0;Praia de Belas;restaurant;12176.0;12176.0;0.0;1.0;12176.0
13_levy_off_flood_homes;13;False;homes;0;Rio Branco;marketplace;125680.0;125680.0;0.0;1.0;125680.0
13_levy_off_flood_homes;13;False;homes;0;Rio Branco;pharmacy;31408.0;31408.0;0.0;1.0;31408.0
13_levy_off_flood_homes;13;False;homes;0;Rio Branco;restaurant;125680.0;125680.0;0.0;1.0;125680.0
13_levy_off_flood_homes;13;False;homes;0;Santa Cecília;marketplace;37120.0;37120.0;0.0;1.0;37120.0
13_levy_off_flood_homes;13;False;homes;0;Santa Cecília;pharmacy;9288.0;9288.0;0.0;1.0;9288.0
13_levy_off_flood_homes;13;False;homes;0;Santa Cecília;restaurant;37120.0;37120.0;0.0;1.0;37120.0
13_levy_off_flood_homes;13;False;homes;0;Santana;marketplace;142352.0;142352.0;0.0;1.0;142352.0
13_levy_off_flood_homes;13;False;homes;0;Santana;pharmacy;35576.0;35576.0;0.0;1.0;35576.0
13_levy_off_flood_homes;13;False;homes;0;Santana;restaurant;142352.0;142352.0;0.0;1.0;142352.0
13_levy_off_flood_both;13;False;both;0;Azenha;marketplace;96512.0;93273.0;3239.0;0.9664394064986738;93273.0
13_levy_off_flood_both;13;False;both;0;Azenha;pharmacy;24144.0;23834.0;310.0;0.9871603711066932;23834.0
13_levy_off_flood_both;13;False;both;0;Azenha;restaurant;96512.0;93839.0;2673.0;0.9723039622015915;93839.0
13_levy_off_flood_both;13;False;both;0;Bom Fim;marketplace;81280.0;81280.0;0.0;1.0;81280.0
13_levy_off_flood_both;13;False;both;0;Bom Fim;pharmacy;20320.0;20320.0;0.0;1.0;20320.0
13_levy_off_flood_both;13;False;both;0;Bom Fim;restaurant;81280.0;81280.0;0.0;1.0;81280.0
13_levy_off_flood_both;13;False;both;0;Centro Histórico;marketplace;244552.0;240681.0;3871.0;0.9841710556446073;240681.0
13_levy_off_flood_both;13;False;both;0;Centro Histórico;pharmacy;61128.0;60230.0;898.0;0.9853095144614579;60230.0
13_levy_off_flood_both;13;False;both;0;Centro Histórico;restaurant;244552.0;240520.0;4032.0;0.983512708953515;240520.0
13_levy_off_flood_both;13;False;both;0;Cidade Baixa;marketplace;104112.0;93991.0;10121.0;0.9027873828185031;93991.0
13_levy_off_flood_both;13;False;both;0;Cidade Baixa;pharmacy;26024.0;22988.0;3036.0;0.8833384568090993;22988.0
13_levy_off_flood_both;13;False;both;0;Cidade Baixa;restaurant;104112.0;95715.0;8397.0;0.9193464730290456;95715.0
13_levy_off_flood_both;13;False;both;0;Farroupilha;marketplace;6192.0;6192.0;0.0;1.0;6192.0
13_levy_off_flood_both;13;False;both;0;Farroupilha;pharmacy;1552.0;1552.0;0.0;1.0;1552.0
13_levy_off_flood_both;13;False;both;0;Farroupilha;restaurant;6192.0;6192.0;0.0;1.0;6192.0
13_levy_off_flood_both;13;False;both;0;Floresta;marketplace;70384.0;59040.0;11344.0;0.8388270061377586;59040.0
13_levy_off_flood_both;13;False;both;0;Floresta;pharmacy;17576.0;13949.0;3627.0;0.7936390532544378;13949.0
13_levy_off_flood_both;13;False;both;0;Floresta;restaurant;70384.0;54802.0;15582.0;0.7786144578313253;54802.0
13_levy_off_flood_both;13;False;both;0;Independência;marketplace;55080.0;55080.0;0.0;1.0;55080.0
13_levy_off_flood_both;13;False;both;0;Independência;pharmacy;13752.0;13752.0;0.0;1.0;13752.0
13_levy_off_flood_both;13;False;both;0;Independência;restaurant;55080.0;55080.0;0.0;1.0;55080.0
13_levy_off_flood_both;13;False;both;0;Moinhos de Vento;marketplace;79960.0;79960.0;0.0;1.0;79960.0
13_levy_off_flood_both;13;False;both;0;Moinhos de Vento;pharmacy;20000.0;20000.0;0.0;1.0;20000.0
13_levy_off_flood_both;13;False;both;0;Moinhos de Vento;restaurant;79960.0;79960.0;0.0;1.0;79960.0
13_levy_off_flood_both;13;False;both;0;Praia de Belas;marketplace;12176.0;5069.0;7107.0;0.4163107752956636;5069.0
13_levy_off_flood_both;13;False;both;0;Praia de Belas;pharmacy;3048.0;1278.0;1770.0;0.41929133858267714;1278.0
13_levy_off_flood_both;13;False;both;0;Praia de Belas;restaurant;12176.0;4738.0;7438.0;0.38912614980289095;4738.0
13_levy_off_flood_both;13;False;both;0;Rio Branco;marketplace;125680.0;125680.0;0.0;1.0;125680.0
13_levy_off_flood_both;13;False;both;0;Rio Branco;pharmacy;31408.0;31408.0;0.0;1.0;31408.0
13_levy_off_flood_both;13;False;both;0;Rio Branco;restaurant;125680.0;125680.0;0.0;1.0;125680.0
13_levy_off_flood_both;13;False;both;0;Santa Cecília;marketplace;37120.0;37120.0;0.0;1.0;37120.0
13_levy_off_flood_both;13;False;both;0;Santa Cecília;pharmacy;9288.0;9288.0;0.0;1.0;9288.0
13_levy_off_flood_both;13;False;both;0;Santa Cecília;restaurant;37120.0;37120.0;0.0;1.0;37120.0
13_levy_off_flood_both;13;False;both;0;Santana;marketplace;142352.0;142352.0;0.0;1.0;142352.0
13_levy_off_flood_both;13;False;both;0;Santana;pharmacy;35576.0;35576.0;0.0;1.0;35576.0
13_levy_off_flood_both;13;False;both;0;Santana;restaurant;142352.0;142352.0;0.0;1.0;142352.0
13_levy_on_flood_none;13;True;none;0;Azenha;marketplace;96512.0;96512.0;0.0;1.0;96512.0
13_levy_on_flood_none;13;True;none;0;Azenha;pharmacy;24144.0;24144.0;0.0;1.0;24144.0
13_levy_on_flood_none;13;True;none;0;Azenha;restaurant;96512.0;96512.0;0.0;1.0;96512.0
13_levy_on_flood_none;13;True;none;0;Bom Fim;marketplace;81280.0;81280.0;0.0;1.0;81280.0
13_levy_on_flood_none;13;True;none;0;Bom Fim;pharmacy;20320.0;20320.0;0.0;1.0;20320.0
13_levy_on_flood_none;13;True;none;0;Bom Fim;restaurant;81280.0;81280.0;0.0;1.0;81280.0
13_levy_on_flood_none;13;True;none;0;Centro Histórico;marketplace;244552.0;244552.0;0.0;1.0;244552.0
13_levy_on_flood_none;13;True;none;0;Centro Histórico;pharmacy;61128.0;61128.0;0.0;1.0;61128.0
13_levy_on_flood_none;13;True;none;0;Centro Histórico;restaurant;244552.0;244552.0;0.0;1.0;244552.0
13_levy_on_flood_none;13;True;none;0;Cidade Baixa;marketplace;104112.0;104112.0;0.0;1.0;104112.0
13_levy_on_flood_none;13;True;none;0;Cidade Baixa;pharmacy;26024.0;26024.0;0.0;1.0;26024.0
13_levy_on_flood_none;13;True;none;0;Cidade Baixa;restaurant;104112.0;104112.0;0.0;1.0;104112.0
13_levy_on_flood_none;13;True;none;0;Farroupilha;marketplace;6192.0;6192.0;0.0;1.0;6192.0
13_levy_on_flood_none;13;True;none;0;Farroupilha;pharmacy;1552.0;1552.0;0.0;1.0;1552.0
13_levy_on_flood_none;13;True;none;0;Farroupilha;restaurant;6192.0;6192.0;0.0;1.0;6192.0
13_levy_on_flood_none;13;True;none;0;Floresta;marketplace;70384.0;70384.0;0.0;1.0;70384.0
13_levy_on_flood_none;13;True;none;0;Floresta;pharmacy;17576.0;17576.0;0.0;1.0;17576.0
13_levy_on_flood_none;13;True;none;0;Floresta;restaurant;70384.0;70384.0;0.0;1.0;70384.0
13_levy_on_flood_none;13;True;none;0;Independência;marketplace;55080.0;55080.0;0.0;1.0;55080.0
13_levy_on_flood_none;13;True;none;0;Independência;pharmacy;13752.0;13752.0;0.0;1.0;13752.0
13_levy_on_flood_none;13;True;none;0;Independência;restaurant;55080.0;55080.0;0.0;1.0;55080.0
13_levy_on_flood_none;13;True;none;0;Moinhos de Vento;marketplace;79960.0;79960.0;0.0;1.0;79960.0
13_levy_on_flood_none;13;True;none;0;Moinhos de Vento;pharmacy;20000.0;20000.0;0.0;1.0;20000.0
13_levy_on_flood_none;13;True;none;0;Moinhos de Vento;restaurant;79960.0;79960.0;0.0;1.0;79960.0
13_levy_on_flood_none;13;True;none;0;Praia de Belas;marketplace;12176.0;12176.0;0.0;1.0;12176.0
13_levy_on_flood_none;13;True;none;0;Praia de Belas;pharmacy;3048.0;3048.0;0.0;1.0;3048.0
13_levy_on_flood_none;13;True;none;0;Praia de Belas;restaurant;12176.0;12176.0;0.0;1.0;12176.0
13_levy_on_flood_none;13;True;none;0;Rio Branco;marketplace;125680.0;125680.0;0.0;1.0;125680.0
13_levy_on_flood_none;13;True;none;0;Rio Branco;pharmacy;31408.0;31408.0;0.0;1.0;31408.0
13_levy_on_flood_none;13;True;none;0;Rio Branco;restaurant;125680.0;125680.0;0.0;1.0;125680.0
13_levy_on_flood_none;13;True;none;0;Santa Cecília;marketplace;37120.0;37120.0;0.0;1.0;37120.0
13_levy_on_flood_none;13;True;none;0;Santa Cecília;pharmacy;9288.0;9288.0;0.0;1.0;9288.0
13_levy_on_flood_none;13;True;none;0;Santa Cecília;restaurant;37120.0;37120.0;0.0;1.0;37120.0
13_levy_on_flood_none;13;True;none;0;Santana;marketplace;142352.0;142352.0;0.0;1.0;142352.0
13_levy_on_flood_none;13;True;none;0;Santana;pharmacy;35576.0;35576.0;0.0;1.0;35576.0
13_levy_on_flood_none;13;True;none;0;Santana;restaurant;142352.0;142352.0;0.0;1.0;142352.0
13_levy_on_flood_none;13;True;none;1;Azenha;marketplace;96512.0;96512.0;0.0;1.0;96512.0
13_levy_on_flood_none;13;True;none;1;Azenha;pharmacy;24144.0;24144.0;0.0;1.0;24144.0
13_levy_on_flood_none;13;True;none;1;Azenha;restaurant;96512.0;96512.0;0.0;1.0;96512.0
13_levy_on_flood_none;13;True;none;1;Bom Fim;marketplace;81280.0;81280.0;0.0;1.0;81280.0
13_levy_on_flood_none;13;True;none;1;Bom Fim;pharmacy;20320.0;20320.0;0.0;1.0;20320.0
13_levy_on_flood_none;13;True;none;1;Bom Fim;restaurant;81280.0;81280.0;0.0;1.0;81280.0
13_levy_on_flood_none;13;True;none;1;Centro Histórico;marketplace;244552.0;244552.0;0.0;1.0;244552.0
13_levy_on_flood_none;13;True;none;1;Centro Histórico;pharmacy;61128.0;61128.0;0.0;1.0;61128.0
13_levy_on_flood_none;13;True;none;1;Centro Histórico;restaurant;244552.0;244552.0;0.0;1.0;244552.0
13_levy_on_flood_none;13;True;none;1;Cidade Baixa;marketplace;104112.0;104112.0;0.0;1.0;104112.0
13_levy_on_flood_none;13;True;none;1;Cidade Baixa;pharmacy;26024.0;26024.0;0.0;1.0;26024.0
13_levy_on_flood_none;13;True;none;1;Cidade Baixa;restaurant;104112.0;104112.0;0.0;1.0;104112.0
13_levy_on_flood_none;13;True;none;1;Farroupilha;marketplace;6192.0;6192.0;0.0;1.0;6192.0
13_levy_on_flood_none;13;True;none;1;Farroupilha;pharmacy;1552.0;1552.0;0.0;1.0;1552.0
13_levy_on_flood_none;13;True;none;1;Farroupilha;restaurant;6192.0;6192.0;0.0;1.0;6192.0
13_levy_on_flood_none;13;True;none;1;Floresta;marketplace;70384.0;70384.0;0.0;1.0;70384.0
13_levy_on_flood_none;13;True;none;1;Floresta;pharmacy;17576.0;17576.0;0.0;1.0;17576.0
13_levy_on_flood_none;13;True;none;1;Floresta;restaurant;70384.0;70384.0;0.0;1.0;70384.0
13_levy_on_flood_none;13;True;none;1;Independência;marketplace;55080.0;55080.0;0.0;1.0;55080.0
13_levy_on_flood_none;13;True;none;1;Independência;pharmacy;13752.0;13752.0;0.0;1.0;13752.0
13_levy_on_flood_none;13;True;none;1;Independência;restaurant;55080.0;55080.0;0.0;1.0;55080.0
13_levy_on_flood_none;13;True;none;1;Moinhos de Vento;marketplace;79960.0;79960.0;0.0;1.0;79960.0
13_levy_on_flood_none;13;True;none;1;Moinhos de Vento;pharmacy;20000.0;20000.0;0.0;1.0;20000.0
13_levy_on_flood_none;13;True;none;1;Moinhos de Vento;restaurant;79960.0;79960.0;0.0;1.0;79960.0
13_levy_on_flood_none;13;True;none;1;Praia de Belas;marketplace;12176.0;12176.0;0.0;1.0;12176.0
13_levy_on_flood_none;13;True;none;1;Praia de Belas;pharmacy;3048.0;3048.0;0.0;1.0;3048.0
13_levy_on_flood_none;13;True;none;1;Praia de Belas;restaurant;12176.0;12176.0;0.0;1.0;12176.0
13_levy_on_flood_none;13;True;none;1;Rio Branco;marketplace;125680.0;125680.0;0.0;1.0;125680.0
13_levy_on_flood_none;13;True;none;1;Rio Branco;pharmacy;31408.0;31408.0;0.0;1.0;31408.0
13_levy_on_flood_none;13;True;none;1;Rio Branco;restaurant;125680.0;125680.0;0.0;1.0;125680.0
13_levy_on_flood_none;13;True;none;1;Santa Cecília;marketplace;37120.0;37120.0;0.0;1.0;37120.0
13_levy_on_flood_none;13;True;none;1;Santa Cecília;pharmacy;9288.0;9288.0;0.0;1.0;9288.0
13_levy_on_flood_none;13;True;none;1;Santa Cecília;restaurant;37120.0;37120.0;0.0;1.0;37120.0
13_levy_on_flood_none;13;True;none;1;Santana;marketplace;142352.0;142352.0;0.0;1.0;142352.0
13_levy_on_flood_none;13;True;none;1;Santana;pharmacy;35576.0;35576.0;0.0;1.0;35576.0
13_levy_on_flood_none;13;True;none;1;Santana;restaurant;142352.0;142352.0;0.0;1.0;142352.0
13_levy_on_flood_none;13;True;none;2;Azenha;marketplace;96512.0;96512.0;0.0;1.0;96512.0
13_levy_on_flood_none;13;True;none;2;Azenha;pharmacy;24144.0;24144.0;0.0;1.0;24144.0
13_levy_on_flood_none;13;True;none;2;Azenha;restaurant;96512.0;96512.0;0.0;1.0;96512.0
13_levy_on_flood_none;13;True;none;2;Bom Fim;marketplace;81280.0;81280.0;0.0;1.0;81280.0
13_levy_on_flood_none;13;True;none;2;Bom Fim;pharmacy;20320.0;20320.0;0.0;1.0;20320.0
13_levy_on_flood_none;13;True;none;2;Bom Fim;restaurant;81280.0;81280.0;0.0;1.0;81280.0
13_levy_on_flood_none;13;True;none;2;Centro Histórico;marketplace;244552.0;244552.0;0.0;1.0;244552.0
13_levy_on_flood_none;13;True;none;2;Centro Histórico;pharmacy;61128.0;61128.0;0.0;1.0;61128.0
13_levy_on_flood_none;13;True;none;2;Centro Histórico;restaurant;244552.0;244552.0;0.0;1.0;244552.0
13_levy_on_flood_none;13;True;none;2;Cidade Baixa;marketplace;104112.0;104112.0;0.0;1.0;104112.0
13_levy_on_flood_none;13;True;none;2;Cidade Baixa;pharmacy;26024.0;26024.0;0.0;1.0;26024.0
13_levy_on_flood_none;13;True;none;2;Cidade Baixa;restaurant;104112.0;104112.0;0.0;1.0;104112.0
13_levy_on_flood_none;13;True;none;2;Farroupilha;marketplace;6192.0;6192.0;0.0;1.0;6192.0
13_levy_on_flood_none;13;True;none;2;Farroupilha;pharmacy;1552.0;1552.0;0.0;1.0;1552.0
13_levy_on_flood_none;13;True;none;2;Farroupilha;restaurant;6192.0;6192.0;0.0;1.0;6192.0
13_levy_on_flood_none;13;True;none;2;Floresta;marketplace;70384.0;70384.0;0.0;1.0;70384.0
13_levy_on_flood_none;13;True;none;2;Floresta;pharmacy;17576.0;17576.0;0.0;1.0;17576.0
13_levy_on_flood_none;13;True;none;2;Floresta;restaurant;70384.0;70384.0;0.0;1.0;70384.0
13_levy_on_flood_none;13;True;none;2;Independência;marketplace;55080.0;55080.0;0.0;1.0;55080.0
13_levy_on_flood_none;13;True;none;2;Independência;pharmacy;13752.0;13752.0;0.0;1.0;13752.0
13_levy_on_flood_none;13;True;none;2;Independência;restaurant;55080.0;55080.0;0.0;1.0;55080.0
13_levy_on_flood_none;13;True;none;2;Moinhos de Vento;marketplace;79960.0;79960.0;0.0;1.0;79960.0
13_levy_on_flood_none;13;True;none;2;Moinhos de Vento;pharmacy;20000.0;20000.0;0.0;1.0;20000.0
13_levy_on_flood_none;13;True;none;2;Moinhos de Vento;restaurant;79960.0;79960.0;0.0;1.0;79960.0
13_levy_on_flood_none;13;True;none;2;Praia de Belas;marketplace;12176.0;12176.0;0.0;1.0;12176.0
13_levy_on_flood_none;13;True;none;2;Praia de Belas;pharmacy;3048.0;3048.0;0.0;1.0;3048.0
13_levy_on_flood_none;13;True;none;2;Praia de Belas;restaurant;12176.0;12176.0;0.0;1.0;12176.0
13_levy_on_flood_none;13;True;none;2;Rio Branco;marketplace;125680.0;125680.0;0.0;1.0;125680.0
13_levy_on_flood_none;13;True;none;2;Rio Branco;pharmacy;31408.0;31408.0;0.0;1.0;31408.0
13_levy_on_flood_none;13;True;none;2;Rio Branco;restaurant;125680.0;125680.0;0.0;1.0;125680.0
13_levy_on_flood_none;13;True;none;2;Santa Cecília;marketplace;37120.0;37120.0;0.0;1.0;37120.0
13_levy_on_flood_none;13;True;none;2;Santa Cecília;pharmacy;9288.0;9288.0;0.0;1.0;9288.0
13_levy_on_flood_none;13;True;none;2;Santa Cecília;restaurant;37120.0;37120.0;0.0;1.0;37120.0
13_levy_on_flood_none;13;True;none;2;Santana;marketplace;142352.0;142352.0;0.0;1.0;142352.0
13_levy_on_flood_none;13;True;none;2;Santana;pharmacy;35576.0;35576.0;0.0;1.0;35576.0
13_levy_on_flood_none;13;True;none;2;Santana;restaurant;142352.0;142352.0;0.0;1.0;142352.0
13_levy_on_flood_none;13;True;none;3;Azenha;marketplace;96512.0;96512.0;0.0;1.0;96512.0
13_levy_on_flood_none;13;True;none;3;Azenha;pharmacy;24144.0;24144.0;0.0;1.0;24144.0
13_levy_on_flood_none;13;True;none;3;Azenha;restaurant;96512.0;96512.0;0.0;1.0;96512.0
13_levy_on_flood_none;13;True;none;3;Bom Fim;marketplace;81280.0;81280.0;0.0;1.0;81280.0
13_levy_on_flood_none;13;True;none;3;Bom Fim;pharmacy;20320.0;20320.0;0.0;1.0;20320.0
13_levy_on_flood_none;13;True;none;3;Bom Fim;restaurant;81280.0;81280.0;0.0;1.0;81280.0
13_levy_on_flood_none;13;True;none;3;Centro Histórico;marketplace;244552.0;244552.0;0.0;1.0;244552.0
13_levy_on_flood_none;13;True;none;3;Centro Histórico;pharmacy;61128.0;61128.0;0.0;1.0;61128.0
13_levy_on_flood_none;13;True;none;3;Centro Histórico;restaurant;244552.0;244552.0;0.0;1.0;244552.0
13_levy_on_flood_none;13;True;none;3;Cidade Baixa;marketplace;104112.0;104112.0;0.0;1.0;104112.0
13_levy_on_flood_none;13;True;none;3;Cidade Baixa;pharmacy;26024.0;26024.0;0.0;1.0;26024.0
13_levy_on_flood_none;13;True;none;3;Cidade Baixa;restaurant;104112.0;104112.0;0.0;1.0;104112.0
13_levy_on_flood_none;13;True;none;3;Farroupilha;marketplace;6192.0;6192.0;0.0;1.0;6192.0
13_levy_on_flood_none;13;True;none;3;Farroupilha;pharmacy;1552.0;1552.0;0.0;1.0;1552.0
13_levy_on_flood_none;13;True;none;3;Farroupilha;restaurant;6192.0;6192.0;0.0;1.0;6192.0
13_levy_on_flood_none;13;True;none;3;Floresta;marketplace;70384.0;70384.0;0.0;1.0;70384.0
13_levy_on_flood_none;13;True;none;3;Floresta;pharmacy;17576.0;17576.0;0.0;1.0;17576.0
13_levy_on_flood_none;13;True;none;3;Floresta;restaurant;70384.0;70384.0;0.0;1.0;70384.0
13_levy_on_flood_none;13;True;none;3;Independência;marketplace;55080.0;55080.0;0.0;1.0;55080.0
13_levy_on_flood_none;13;True;none;3;Independência;pharmacy;13752.0;13752.0;0.0;1.0;13752.0
13_levy_on_flood_none;13;True;none;3;Independência;restaurant;55080.0;55080.0;0.0;1.0;55080.0
13_levy_on_flood_none;13;True;none;3;Moinhos de Vento;marketplace;79960.0;79960.0;0.0;1.0;79960.0
13_levy_on_flood_none;13;True;none;3;Moinhos de Vento;pharmacy;20000.0;20000.0;0.0;1.0;20000.0
13_levy_on_flood_none;13;True;none;3;Moinhos de Vento;restaurant;79960.0;79960.0;0.0;1.0;79960.0
13_levy_on_flood_none;13;True;none;3;Praia de Belas;marketplace;12176.0;12176.0;0.0;1.0;12176.0
13_levy_on_flood_none;13;True;none;3;Praia de Belas;pharmacy;3048.0;3048.0;0.0;1.0;3048.0
13_levy_on_flood_none;13;True;none;3;Praia de Belas;restaurant;12176.0;12176.0;0.0;1.0;12176.0
13_levy_on_flood_none;13;True;none;3;Rio Branco;marketplace;125680.0;125680.0;0.0;1.0;125680.0
13_levy_on_flood_none;13;True;none;3;Rio Branco;pharmacy;31408.0;31408.0;0.0;1.0;31408.0
13_levy_on_flood_none;13;True;none;3;Rio Branco;restaurant;125680.0;125680.0;0.0;1.0;125680.0
13_levy_on_flood_none;13;True;none;3;Santa Cecília;marketplace;37120.0;37120.0;0.0;1.0;37120.0
13_levy_on_flood_none;13;True;none;3;Santa Cecília;pharmacy;9288.0;9288.0;0.0;1.0;9288.0
13_levy_on_flood_none;13;True;none;3;Santa Cecília;restaurant;37120.0;37120.0;0.0;1.0;37120.0
13_levy_on_flood_none;13;True;none;3;Santana;marketplace;142352.0;142352.0;0.0;1.0;142352.0
13_levy_on_flood_none;13;True;none;3;Santana;pharmacy;35576.0;35576.0;0.0;1.0;35576.0
13_levy_on_flood_none;13;True;none;3;Santana;restaurant;142352.0;142352.0;0.0;1.0;142352.0
13_levy_on_flood_none;13;True;none;4;Azenha;marketplace;96512.0;96512.0;0.0;1.0;96512.0
13_levy_on_flood_none;13;True;none;4;Azenha;pharmacy;24144.0;24144.0;0.0;1.0;24144.0
13_levy_on_flood_none;13;True;none;4;Azenha;restaurant;96512.0;96512.0;0.0;1.0;96512.0
13_levy_on_flood_none;13;True;none;4;Bom Fim;marketplace;81280.0;81280.0;0.0;1.0;81280.0
13_levy_on_flood_none;13;True;none;4;Bom Fim;pharmacy;20320.0;20320.0;0.0;1.0;20320.0
13_levy_on_flood_none;13;True;none;4;Bom Fim;restaurant;81280.0;81280.0;0.0;1.0;81280.0
13_levy_on_flood_none;13;True;none;4;Centro Histórico;marketplace;244552.0;244552.0;0.0;1.0;244552.0
13_levy_on_flood_none;13;True;none;4;Centro Histórico;pharmacy;61128.0;61128.0;0.0;1.0;61128.0
13_levy_on_flood_none;13;True;none;4;Centro Histórico;restaurant;244552.0;244552.0;0.0;1.0;244552.0
13_levy_on_flood_none;13;True;none;4;Cidade Baixa;marketplace;104112.0;104112.0;0.0;1.0;104112.0
13_levy_on_flood_none;13;True;none;4;Cidade Baixa;pharmacy;26024.0;26024.0;0.0;1.0;26024.0
13_levy_on_flood_none;13;True;none;4;Cidade Baixa;restaurant;104112.0;104112.0;0.0;1.0;104112.0
13_levy_on_flood_none;13;True;none;4;Farroupilha;marketplace;6192.0;6192.0;0.0;1.0;6192.0
13_levy_on_flood_none;13;True;none;4;Farroupilha;pharmacy;1552.0;1552.0;0.0;1.0;1552.0
13_levy_on_flood_none;13;True;none;4;Farroupilha;restaurant;6192.0;6192.0;0.0;1.0;6192.0
13_levy_on_flood_none;13;True;none;4;Floresta;marketplace;70384.0;70384.0;0.0;1.0;70384.0
13_levy_on_flood_none;13;True;none;4;Floresta;pharmacy;17576.0;17576.0;0.0;1.0;17576.0
13_levy_on_flood_none;13;True;none;4;Floresta;restaurant;70384.0;70384.0;0.0;1.0;70384.0
13_levy_on_flood_none;13;True;none;4;Independência;marketplace;55080.0;55080.0;0.0;1.0;55080.0
13_levy_on_flood_none;13;True;none;4;Independência;pharmacy;13752.0;13752.0;0.0;1.0;13752.0
13_levy_on_flood_none;13;True;none;4;Independência;restaurant;55080.0;55080.0;0.0;1.0;55080.0
13_levy_on_flood_none;13;True;none;4;Moinhos de Vento;marketplace;79960.0;79960.0;0.0;1.0;79960.0
13_levy_on_flood_none;13;True;none;4;Moinhos de Vento;pharmacy;20000.0;20000.0;0.0;1.0;20000.0
13_levy_on_flood_none;13;True;none;4;Moinhos de Vento;restaurant;79960.0;79960.0;0.0;1.0;79960.0
13_levy_on_flood_none;13;True;none;4;Praia de Belas;marketplace;12176.0;12176.0;0.0;1.0;12176.0
13_levy_on_flood_none;13;True;none;4;Praia de Belas;pharmacy;3048.0;3048.0;0.0;1.0;3048.0
13_levy_on_flood_none;13;True;none;4;Praia de Belas;restaurant;12176.0;12176.0;0.0;1.0;12176.0
13_levy_on_flood_none;13;True;none;4;Rio Branco;marketplace;125680.0;125680.0;0.0;1.0;125680.0
13_levy_on_flood_none;13;True;none;4;Rio Branco;pharmacy;31408.0;31408.0;0.0;1.0;31408.0
13_levy_on_flood_none;13;True;none;4;Rio Branco;restaurant;125680.0;125680.0;0.0;1.0;125680.0
13_levy_on_flood_none;13;True;none;4;Santa Cecília;marketplace;37120.0;37120.0;0.0;1.0;37120.0
13_levy_on_flood_none;13;True;none;4;Santa Cecília;pharmacy;9288.0;9288.0;0.0;1.0;9288.0
13_levy_on_flood_none;13;True;none;4;Santa Cecília;restaurant;37120.0;37120.0;0.0;1.0;37120.0
13_levy_on_flood_none;13;True;none;4;Santana;marketplace;142352.0;142352.0;0.0;1.0;142352.0
13_levy_on_flood_none;13;True;none;4;Santana;pharmacy;35576.0;35576.0;0.0;1.0;35576.0
13_levy_on_flood_none;13;True;none;4;Santana;restaurant;142352.0;142352.0;0.0;1.0;142352.0
13_levy_on_flood_none;13;True;none;5;Azenha;marketplace;96512.0;96512.0;0.0;1.0;96512.0
13_levy_on_flood_none;13;True;none;5;Azenha;pharmacy;24144.0;24144.0;0.0;1.0;24144.0
13_levy_on_flood_none;13;True;none;5;Azenha;restaurant;96512.0;96512.0;0.0;1.0;96512.0
13_levy_on_flood_none;13;True;none;5;Bom Fim;marketplace;81280.0;81280.0;0.0;1.0;81280.0
13_levy_on_flood_none;13;True;none;5;Bom Fim;pharmacy;20320.0;20320.0;0.0;1.0;20320.0
13_levy_on_flood_none;13;True;none;5;Bom Fim;restaurant;81280.0;81280.0;0.0;1.0;81280.0
13_levy_on_flood_none;13;True;none;5;Centro Histórico;marketplace;244552.0;244552.0;0.0;1.0;244552.0
13_levy_on_flood_none;13;True;none;5;Centro Histórico;pharmacy;61128.0;61128.0;0.0;1.0;61128.0
13_levy_on_flood_none;13;True;none;5;Centro Histórico;restaurant;244552.0;244552.0;0.0;1.0;244552.0
13_levy_on_flood_none;13;True;none;5;Cidade Baixa;marketplace;104112.0;104112.0;0.0;1.0;104112.0
13_levy_on_flood_none;13;True;none;5;Cidade Baixa;pharmacy;26024.0;26024.0;0.0;1.0;26024.0
13_levy_on_flood_none;13;True;none;5;Cidade Baixa;restaurant;104112.0;104112.0;0.0;1.0;104112.0
13_levy_on_flood_none;13;True;none;5;Farroupilha;marketplace;6192.0;6192.0;0.0;1.0;6192.0
13_levy_on_flood_none;13;True;none;5;Farroupilha;pharmacy;1552.0;1552.0;0.0;1.0;1552.0
13_levy_on_flood_none;13;True;none;5;Farroupilha;restaurant;6192.0;6192.0;0.0;1.0;6192.0
13_levy_on_flood_none;13;True;none;5;Floresta;marketplace;70384.0;70384.0;0.0;1.0;70384.0
13_levy_on_flood_none;13;True;none;5;Floresta;pharmacy;17576.0;17576.0;0.0;1.0;17576.0
13_levy_on_flood_none;13;True;none;5;Floresta;restaurant;70384.0;70384.0;0.0;1.0;70384.0
13_levy_on_flood_none;13;True;none;5;Independência;marketplace;55080.0;55080.0;0.0;1.0;55080.0
13_levy_on_flood_none;13;True;none;5;Independência;pharmacy;13752.0;13752.0;0.0;1.0;13752.0
13_levy_on_flood_none;13;True;none;5;Independência;restaurant;55080.0;55080.0;0.0;1.0;55080.0
13_levy_on_flood_none;13;True;none;5;Moinhos de Vento;marketplace;79960.0;79960.0;0.0;1.0;79960.0
13_levy_on_flood_none;13;True;none;5;Moinhos de Vento;pharmacy;20000.0;20000.0;0.0;1.0;20000.0
13_levy_on_flood_none;13;True;none;5;Moinhos de Vento;restaurant;79960.0;79960.0;0.0;1.0;79960.0
13_levy_on_flood_none;13;True;none;5;Praia de Belas;marketplace;12176.0;12176.0;0.0;1.0;12176.0
13_levy_on_flood_none;13;True;none;5;Praia de Belas;pharmacy;3048.0;3048.0;0.0;1.0;3048.0
13_levy_on_flood_none;13;True;none;5;Praia de Belas;restaurant;12176.0;12176.0;0.0;1.0;12176.0
13_levy_on_flood_none;13;True;none;5;Rio Branco;marketplace;125680.0;125680.0;0.0;1.0;125680.0
13_levy_on_flood_none;13;True;none;5;Rio Branco;pharmacy;31408.0;31408.0;0.0;1.0;31408.0
13_levy_on_flood_none;13;True;none;5;Rio Branco;restaurant;125680.0;125680.0;0.0;1.0;125680.0
13_levy_on_flood_none;13;True;none;5;Santa Cecília;marketplace;37120.0;37120.0;0.0;1.0;37120.0
13_levy_on_flood_none;13;True;none;5;Santa Cecília;pharmacy;9288.0;9288.0;0.0;1.0;9288.0
13_levy_on_flood_none;13;True;none;5;Santa Cecília;restaurant;37120.0;37120.0;0.0;1.0;37120.0
13_levy_on_flood_none;13;True;none;5;Santana;marketplace;142352.0;142352.0;0.0;1.0;142352.0
13_levy_on_flood_none;13;True;none;5;Santana;pharmacy;35576.0;35576.0;0.0;1.0;35576.0
13_levy_on_flood_none;13;True;none;5;Santana;restaurant;142352.0;142352.0;0.0;1.0;142352.0
13_levy_on_flood_none;13;True;none;6;Azenha;marketplace;96512.0;96512.0;0.0;1.0;96512.0
13_levy_on_flood_none;13;True;none;6;Azenha;pharmacy;24144.0;24144.0;0.0;1.0;24144.0
13_levy_on_flood_none;13;True;none;6;Azenha;restaurant;96512.0;96512.0;0.0;1.0;96512.0
13_levy_on_flood_none;13;True;none;6;Bom Fim;marketplace;81280.0;81280.0;0.0;1.0;81280.0
13_levy_on_flood_none;13;True;none;6;Bom Fim;pharmacy;20320.0;20320.0;0.0;1.0;20320.0
13_levy_on_flood_none;13;True;none;6;Bom Fim;restaurant;81280.0;81280.0;0.0;1.0;81280.0
13_levy_on_flood_none;13;True;none;6;Centro Histórico;marketplace;244552.0;244552.0;0.0;1.0;244552.0
13_levy_on_flood_none;13;True;none;6;Centro Histórico;pharmacy;61128.0;61128.0;0.0;1.0;61128.0
13_levy_on_flood_none;13;True;none;6;Centro Histórico;restaurant;244552.0;244552.0;0.0;1.0;244552.0
13_levy_on_flood_none;13;True;none;6;Cidade Baixa;marketplace;104112.0;104112.0;0.0;1.0;104112.0
13_levy_on_flood_none;13;True;none;6;Cidade Baixa;pharmacy;26024.0;26024.0;0.0;1.0;26024.0
13_levy_on_flood_none;13;True;none;6;Cidade Baixa;restaurant;104112.0;104112.0;0.0;1.0;104112.0
13_levy_on_flood_none;13;True;none;6;Farroupilha;marketplace;6192.0;6192.0;0.0;1.0;6192.0
13_levy_on_flood_none;13;True;none;6;Farroupilha;pharmacy;1552.0;1552.0;0.0;1.0;1552.0
13_levy_on_flood_none;13;True;none;6;Farroupilha;restaurant;6192.0;6192.0;0.0;1.0;6192.0
13_levy_on_flood_none;13;True;none;6;Floresta;marketplace;70384.0;70384.0;0.0;1.0;70384.0
13_levy_on_flood_none;13;True;none;6;Floresta;pharmacy;17576.0;17576.0;0.0;1.0;17576.0
13_levy_on_flood_none;13;True;none;6;Floresta;restaurant;70384.0;70384.0;0.0;1.0;70384.0
13_levy_on_flood_none;13;True;none;6;Independência;marketplace;55080.0;55080.0;0.0;1.0;55080.0
13_levy_on_flood_none;13;True;none;6;Independência;pharmacy;13752.0;13752.0;0.0;1.0;13752.0
13_levy_on_flood_none;13;True;none;6;Independência;restaurant;55080.0;55080.0;0.0;1.0;55080.0
13_levy_on_flood_none;13;True;none;6;Moinhos de Vento;marketplace;79960.0;79960.0;0.0;1.0;79960.0
13_levy_on_flood_none;13;True;none;6;Moinhos de Vento;pharmacy;20000.0;20000.0;0.0;1.0;20000.0
13_levy_on_flood_none;13;True;none;6;Moinhos de Vento;restaurant;79960.0;79960.0;0.0;1.0;79960.0
13_levy_on_flood_none;13;True;none;6;Praia de Belas;marketplace;12176.0;12176.0;0.0;1.0;12176.0
13_levy_on_flood_none;13;True;none;6;Praia de Belas;pharmacy;3048.0;3048.0;0.0;1.0;3048.0
13_levy_on_flood_none;13;True;none;6;Praia de Belas;restaurant;12176.0;12176.0;0.0;1.0;12176.0
13_levy_on_flood_none;13;True;none;6;Rio Branco;marketplace;125680.0;125680.0;0.0;1.0;125680.0
13_levy_on_flood_none;13;True;none;6;Rio Branco;pharmacy;31408.0;31408.0;0.0;1.0;31408.0
13_levy_on_flood_none;13;True;none;6;Rio Branco;restaurant;125680.0;125680.0;0.0;1.0;125680.0
13_levy_on_flood_none;13;True;none;6;Santa Cecília;marketplace;37120.0;37120.0;0.0;1.0;37120.0
13_levy_on_flood_none;13;True;none;6;Santa Cecília;pharmacy;9288.0;9288.0;0.0;1.0;9288.0
13_levy_on_flood_none;13;True;none;6;Santa Cecília;restaurant;37120.0;37120.0;0.0;1.0;37120.0
13_levy_on_flood_none;13;True;none;6;Santana;marketplace;142352.0;142352.0;0.0;1.0;142352.0
13_levy_on_flood_none;13;True;none;6;Santana;pharmacy;35576.0;35576.0;0.0;1.0;35576.0
13_levy_on_flood_none;13;True;none;6;Santana;restaurant;142352.0;142352.0;0.0;1.0;142352.0
13_levy_on_flood_none;13;True;none;7;Azenha;marketplace;96512.0;96512.0;0.0;1.0;96512.0
13_levy_on_flood_none;13;True;none;7;Azenha;pharmacy;24144.0;24144.0;0.0;1.0;24144.0
13_levy_on_flood_none;13;True;none;7;Azenha;restaurant;96512.0;96512.0;0.0;1.0;96512.0
13_levy_on_flood_none;13;True;none;7;Bom Fim;marketplace;81280.0;81280.0;0.0;1.0;81280.0
13_levy_on_flood_none;13;True;none;7;Bom Fim;pharmacy;20320.0;20320.0;0.0;1.0;20320.0
13_levy_on_flood_none;13;True;none;7;Bom Fim;restaurant;81280.0;81280.0;0.0;1.0;81280.0
13_levy_on_flood_none;13;True;none;7;Centro Histórico;marketplace;244552.0;244552.0;0.0;1.0;244552.0
13_levy_on_flood_none;13;True;none;7;Centro Histórico;pharmacy;61128.0;61128.0;0.0;1.0;61128.0
13_levy_on_flood_none;13;True;none;7;Centro Histórico;restaurant;244552.0;244552.0;0.0;1.0;244552.0
13_levy_on_flood_none;13;True;none;7;Cidade Baixa;marketplace;104112.0;104112.0;0.0;1.0;104112.0
13_levy_on_flood_none;13;True;none;7;Cidade Baixa;pharmacy;26024.0;26024.0;0.0;1.0;26024.0
13_levy_on_flood_none;13;True;none;7;Cidade Baixa;restaurant;104112.0;104112.0;0.0;1.0;104112.0
13_levy_on_flood_none;13;True;none;7;Farroupilha;marketplace;6192.0;6192.0;0.0;1.0;6192.0
13_levy_on_flood_none;13;True;none;7;Farroupilha;pharmacy;1552.0;1552.0;0.0;1.0;1552.0
13_levy_on_flood_none;13;True;none;7;Farroupilha;restaurant;6192.0;6192.0;0.0;1.0;6192.0
13_levy_on_flood_none;13;True;none;7;Floresta;marketplace;70384.0;70384.0;0.0;1.0;70384.0
13_levy_on_flood_none;13;True;none;7;Floresta;pharmacy;17576.0;17576.0;0.0;1.0;17576.0
13_levy_on_flood_none;13;True;none;7;Floresta;restaurant;70384.0;70384.0;0.0;1.0;70384.0
13_levy_on_flood_none;13;True;none;7;Independência;marketplace;55080.0;55080.0;0.0;1.0;55080.0
13_levy_on_flood_none;13;True;none;7;Independência;pharmacy;13752.0;13752.0;0.0;1.0;13752.0
13_levy_on_flood_none;13;True;none;7;Independência;restaurant;55080.0;55080.0;0.0;1.0;55080.0
13_levy_on_flood_none;13;True;none;7;Moinhos de Vento;marketplace;79960.0;79960.0;0.0;1.0;79960.0
13_levy_on_flood_none;13;True;none;7;Moinhos de Vento;pharmacy;20000.0;20000.0;0.0;1.0;20000.0
13_levy_on_flood_none;13;True;none;7;Moinhos de Vento;restaurant;79960.0;79960.0;0.0;1.0;79960.0
13_levy_on_flood_none;13;True;none;7;Praia de Belas;marketplace;12176.0;12176.0;0.0;1.0;12176.0
13_levy_on_flood_none;13;True;none;7;Praia de Belas;pharmacy;3048.0;3048.0;0.0;1.0;3048.0
13_levy_on_flood_none;13;True;none;7;Praia de Belas;restaurant;12176.0;12176.0;0.0;1.0;12176.0
13_levy_on_flood_none;13;True;none;7;Rio Branco;marketplace;125680.0;125680.0;0.0;1.0;125680.0
13_levy_on_flood_none;13;True;none;7;Rio Branco;pharmacy;31408.0;31408.0;0.0;1.0;31408.0
13_levy_on_flood_none;13;True;none;7;Rio Branco;restaurant;125680.0;125680.0;0.0;1.0;125680.0
13_levy_on_flood_none;13;True;none;7;Santa Cecília;marketplace;37120.0;37120.0;0.0;1.0;37120.0
13_levy_on_flood_none;13;True;none;7;Santa Cecília;pharmacy;9288.0;9288.0;0.0;1.0;9288.0
13_levy_on_flood_none;13;True;none;7;Santa Cecília;restaurant;37120.0;37120.0;0.0;1.0;37120.0
13_levy_on_flood_none;13;True;none;7;Santana;marketplace;142352.0;142352.0;0.0;1.0;142352.0
13_levy_on_flood_none;13;True;none;7;Santana;pharmacy;35576.0;35576.0;0.0;1.0;35576.0
13_levy_on_flood_none;13;True;none;7;Santana;restaurant;142352.0;142352.0;0.0;1.0;142352.0
13_levy_on_flood_none;13;True;none;8;Azenha;marketplace;96512.0;96512.0;0.0;1.0;96512.0
13_levy_on_flood_none;13;True;none;8;Azenha;pharmacy;24144.0;24144.0;0.0;1.0;24144.0
13_levy_on_flood_none;13;True;none;8;Azenha;restaurant;96512.0;96512.0;0.0;1.0;96512.0
13_levy_on_flood_none;13;True;none;8;Bom Fim;marketplace;81280.0;81280.0;0.0;1.0;81280.0
13_levy_on_flood_none;13;True;none;8;Bom Fim;pharmacy;20320.0;20320.0;0.0;1.0;20320.0
13_levy_on_flood_none;13;True;none;8;Bom Fim;restaurant;81280.0;81280.0;0.0;1.0;81280.0
13_levy_on_flood_none;13;True;none;8;Centro Histórico;marketplace;244552.0;244552.0;0.0;1.0;244552.0
13_levy_on_flood_none;13;True;none;8;Centro Histórico;pharmacy;61128.0;61128.0;0.0;1.0;61128.0
13_levy_on_flood_none;13;True;none;8;Centro Histórico;restaurant;244552.0;244552.0;0.0;1.0;244552.0
13_levy_on_flood_none;13;True;none;8;Cidade Baixa;marketplace;104112.0;104112.0;0.0;1.0;104112.0
13_levy_on_flood_none;13;True;none;8;Cidade Baixa;pharmacy;26024.0;26024.0;0.0;1.0;26024.0
13_levy_on_flood_none;13;True;none;8;Cidade Baixa;restaurant;104112.0;104112.0;0.0;1.0;104112.0
13_levy_on_flood_none;13;True;none;8;Farroupilha;marketplace;6192.0;6192.0;0.0;1.0;6192.0
13_levy_on_flood_none;13;True;none;8;Farroupilha;pharmacy;1552.0;1552.0;0.0;1.0;1552.0
13_levy_on_flood_none;13;True;none;8;Farroupilha;restaurant;6192.0;6192.0;0.0;1.0;6192.0
13_levy_on_flood_none;13;True;none;8;Floresta;marketplace;70384.0;70384.0;0.0;1.0;70384.0
13_levy_on_flood_none;13;True;none;8;Floresta;pharmacy;17576.0;17576.0;0.0;1.0;17576.0
13_levy_on_flood_none;13;True;none;8;Floresta;restaurant;70384.0;70384.0;0.0;1.0;70384.0
13_levy_on_flood_none;13;True;none;8;Independência;marketplace;55080.0;55080.0;0.0;1.0;55080.0
13_levy_on_flood_none;13;True;none;8;Independência;pharmacy;13752.0;13752.0;0.0;1.0;13752.0
13_levy_on_flood_none;13;True;none;8;Independência;restaurant;55080.0;55080.0;0.0;1.0;55080.0
13_levy_on_flood_none;13;True;none;8;Moinhos de Vento;marketplace;79960.0;79960.0;0.0;1.0;79960.0
13_levy_on_flood_none;13;True;none;8;Moinhos de Vento;pharmacy;20000.0;20000.0;0.0;1.0;20000.0
13_levy_on_flood_none;13;True;none;8;Moinhos de Vento;restaurant;79960.0;79960.0;0.0;1.0;79960.0
13_levy_on_flood_none;13;True;none;8;Praia de Belas;marketplace;12176.0;12176.0;0.0;1.0;12176.0
13_levy_on_flood_none;13;True;none;8;Praia de Belas;pharmacy;3048.0;3048.0;0.0;1.0;3048.0
13_levy_on_flood_none;13;True;none;8;Praia de Belas;restaurant;12176.0;12176.0;0.0;1.0;12176.0
13_levy_on_flood_none;13;True;none;8;Rio Branco;marketplace;125680.0;125680.0;0.0;1.0;125680.0
13_levy_on_flood_none;13;True;none;8;Rio Branco;pharmacy;31408.0;31408.0;0.0;1.0;31408.0
13_levy_on_flood_none;13;True;none;8;Rio Branco;restaurant;125680.0;125680.0;0.0;1.0;125680.0
13_levy_on_flood_none;13;True;none;8;Santa Cecília;marketplace;37120.0;37120.0;0.0;1.0;37120.0
13_levy_on_flood_none;13;True;none;8;Santa Cecília;pharmacy;9288.0;9288.0;0.0;1.0;9288.0
13_levy_on_flood_none;13;True;none;8;Santa Cecília;restaurant;37120.0;37120.0;0.0;1.0;37120.0
13_levy_on_flood_none;13;True;none;8;Santana;marketplace;142352.0;142352.0;0.0;1.0;142352.0
13_levy_on_flood_none;13;True;none;8;Santana;pharmacy;35576.0;35576.0;0.0;1.0;35576.0
13_levy_on_flood_none;13;True;none;8;Santana;restaurant;142352.0;142352.0;0.0;1.0;142352.0
13_levy_on_flood_none;13;True;none;9;Azenha;marketplace;96512.0;96512.0;0.0;1.0;96512.0
13_levy_on_flood_none;13;True;none;9;Azenha;pharmacy;24144.0;24144.0;0.0;1.0;24144.0
13_levy_on_flood_none;13;True;none;9;Azenha;restaurant;96512.0;96512.0;0.0;1.0;96512.0
13_levy_on_flood_none;13;True;none;9;Bom Fim;marketplace;81280.0;81280.0;0.0;1.0;81280.0
13_levy_on_flood_none;13;True;none;9;Bom Fim;pharmacy;20320.0;20320.0;0.0;1.0;20320.0
13_levy_on_flood_none;13;True;none;9;Bom Fim;restaurant;81280.0;81280.0;0.0;1.0;81280.0
13_levy_on_flood_none;13;True;none;9;Centro Histórico;marketplace;244552.0;244552.0;0.0;1.0;244552.0
13_levy_on_flood_none;13;True;none;9;Centro Histórico;pharmacy;61128.0;61128.0;0.0;1.0;61128.0
13_levy_on_flood_none;13;True;none;9;Centro Histórico;restaurant;244552.0;244552.0;0.0;1.0;244552.0
13_levy_on_flood_none;13;True;none;9;Cidade Baixa;marketplace;104112.0;104112.0;0.0;1.0;104112.0
13_levy_on_flood_none;13;True;none;9;Cidade Baixa;pharmacy;26024.0;26024.0;0.0;1.0;26024.0
13_levy_on_flood_none;13;True;none;9;Cidade Baixa;restaurant;104112.0;104112.0;0.0;1.0;104112.0
13_levy_on_flood_none;13;True;none;9;Farroupilha;marketplace;6192.0;6192.0;0.0;1.0;6192.0
13_levy_on_flood_none;13;True;none;9;Farroupilha;pharmacy;1552.0;1552.0;0.0;1.0;1552.0
13_levy_on_flood_none;13;True;none;9;Farroupilha;restaurant;6192.0;6192.0;0.0;1.0;6192.0
13_levy_on_flood_none;13;True;none;9;Floresta;marketplace;70384.0;70384.0;0.0;1.0;70384.0
13_levy_on_flood_none;13;True;none;9;Floresta;pharmacy;17576.0;17576.0;0.0;1.0;17576.0
13_levy_on_flood_none;13;True;none;9;Floresta;restaurant;70384.0;70384.0;0.0;1.0;70384.0
13_levy_on_flood_none;13;True;none;9;Independência;marketplace;55080.0;55080.0;0.0;1.0;55080.0
13_levy_on_flood_none;13;True;none;9;Independência;pharmacy;13752.0;13752.0;0.0;1.0;13752.0
13_levy_on_flood_none;13;True;none;9;Independência;restaurant;55080.0;55080.0;0.0;1.0;55080.0
13_levy_on_flood_none;13;True;none;9;Moinhos de Vento;marketplace;79960.0;79960.0;0.0;1.0;79960.0
13_levy_on_flood_none;13;True;none;9;Moinhos de Vento;pharmacy;20000.0;20000.0;0.0;1.0;20000.0
13_levy_on_flood_none;13;True;none;9;Moinhos de Vento;restaurant;79960.0;79960.0;0.0;1.0;79960.0
13_levy_on_flood_none;13;True;none;9;Praia de Belas;marketplace;12176.0;12176.0;0.0;1.0;12176.0
13_levy_on_flood_none;13;True;none;9;Praia de Belas;pharmacy;3048.0;3048.0;0.0;1.0;3048.0
13_levy_on_flood_none;13;True;none;9;Praia de Belas;restaurant;12176.0;12176.0;0.0;1.0;12176.0
13_levy_on_flood_none;13;True;none;9;Rio Branco;marketplace;125680.0;125680.0;0.0;1.0;125680.0
13_levy_on_flood_none;13;True;none;9;Rio Branco;pharmacy;31408.0;31408.0;0.0;1.0;31408.0
13_levy_on_flood_none;13;True;none;9;Rio Branco;restaurant;125680.0;125680.0;0.0;1.0;125680.0
13_levy_on_flood_none;13;True;none;9;Santa Cecília;marketplace;37120.0;37120.0;0.0;1.0;37120.0
13_levy_on_flood_none;13;True;none;9;Santa Cecília;pharmacy;9288.0;9288.0;0.0;1.0;9288.0
13_levy_on_flood_none;13;True;none;9;Santa Cecília;restaurant;37120.0;37120.0;0.0;1.0;37120.0
13_levy_on_flood_none;13;True;none;9;Santana;marketplace;142352.0;142352.0;0.0;1.0;142352.0
13_levy_on_flood_none;13;True;none;9;Santana;pharmacy;35576.0;35576.0;0.0;1.0;35576.0
13_levy_on_flood_none;13;True;none;9;Santana;restaurant;142352.0;142352.0;0.0;1.0;142352.0
13_levy_on_flood_none;13;True;none;10;Azenha;marketplace;96512.0;96512.0;0.0;1.0;96512.0
13_levy_on_flood_none;13;True;none;10;Azenha;pharmacy;24144.0;24144.0;0.0;1.0;24144.0
13_levy_on_flood_none;13;True;none;10;Azenha;restaurant;96512.0;96512.0;0.0;1.0;96512.0
13_levy_on_flood_none;13;True;none;10;Bom Fim;marketplace;81280.0;81280.0;0.0;1.0;81280.0
13_levy_on_flood_none;13;True;none;10;Bom Fim;pharmacy;20320.0;20320.0;0.0;1.0;20320.0
13_levy_on_flood_none;13;True;none;10;Bom Fim;restaurant;81280.0;81280.0;0.0;1.0;81280.0
13_levy_on_flood_none;13;True;none;10;Centro Histórico;marketplace;244552.0;244552.0;0.0;1.0;244552.0
13_levy_on_flood_none;13;True;none;10;Centro Histórico;pharmacy;61128.0;61128.0;0.0;1.0;61128.0
13_levy_on_flood_none;13;True;none;10;Centro Histórico;restaurant;244552.0;244552.0;0.0;1.0;244552.0
13_levy_on_flood_none;13;True;none;10;Cidade Baixa;marketplace;104112.0;104112.0;0.0;1.0;104112.0
13_levy_on_flood_none;13;True;none;10;Cidade Baixa;pharmacy;26024.0;26024.0;0.0;1.0;26024.0
13_levy_on_flood_none;13;True;none;10;Cidade Baixa;restaurant;104112.0;104112.0;0.0;1.0;104112.0
13_levy_on_flood_none;13;True;none;10;Farroupilha;marketplace;6192.0;6192.0;0.0;1.0;6192.0
13_levy_on_flood_none;13;True;none;10;Farroupilha;pharmacy;1552.0;1552.0;0.0;1.0;1552.0
13_levy_on_flood_none;13;True;none;10;Farroupilha;restaurant;6192.0;6192.0;0.0;1.0;6192.0
13_levy_on_flood_none;13;True;none;10;Floresta;marketplace;70384.0;70384.0;0.0;1.0;70384.0
13_levy_on_flood_none;13;True;none;10;Floresta;pharmacy;17576.0;17576.0;0.0;1.0;17576.0
13_levy_on_flood_none;13;True;none;10;Floresta;restaurant;70384.0;70384.0;0.0;1.0;70384.0
13_levy_on_flood_none;13;True;none;10;Independência;marketplace;55080.0;55080.0;0.0;1.0;55080.0
13_levy_on_flood_none;13;True;none;10;Independência;pharmacy;13752.0;13752.0;0.0;1.0;13752.0
13_levy_on_flood_none;13;True;none;10;Independência;restaurant;55080.0;55080.0;0.0;1.0;55080.0
13_levy_on_flood_none;13;True;none;10;Moinhos de Vento;marketplace;79960.0;79960.0;0.0;1.0;79960.0
13_levy_on_flood_none;13;True;none;10;Moinhos de Vento;pharmacy;20000.0;20000.0;0.0;1.0;20000.0
13_levy_on_flood_none;13;True;none;10;Moinhos de Vento;restaurant;79960.0;79960.0;0.0;1.0;79960.0
13_levy_on_flood_none;13;True;none;10;Praia de Belas;marketplace;12176.0;12176.0;0.0;1.0;12176.0
13_levy_on_flood_none;13;True;none;10;Praia de Belas;pharmacy;3048.0;3048.0;0.0;1.0;3048.0
13_levy_on_flood_none;13;True;none;10;Praia de Belas;restaurant;12176.0;12176.0;0.0;1.0;12176.0
13_levy_on_flood_none;13;True;none;10;Rio Branco;marketplace;125680.0;125680.0;0.0;1.0;125680.0
13_levy_on_flood_none;13;True;none;10;Rio Branco;pharmacy;31408.0;31408.0;0.0;1.0;31408.0
13_levy_on_flood_none;13;True;none;10;Rio Branco;restaurant;125680.0;125680.0;0.0;1.0;125680.0
13_levy_on_flood_none;13;True;none;10;Santa Cecília;marketplace;37120.0;37120.0;0.0;1.0;37120.0
13_levy_on_flood_none;13;True;none;10;Santa Cecília;pharmacy;9288.0;9288.0;0.0;1.0;9288.0
13_levy_on_flood_none;13;True;none;10;Santa Cecília;restaurant;37120.0;37120.0;0.0;1.0;37120.0
13_levy_on_flood_none;13;True;none;10;Santana;marketplace;142352.0;142352.0;0.0;1.0;142352.0
13_levy_on_flood_none;13;True;none;10;Santana;pharmacy;35576.0;35576.0;0.0;1.0;35576.0
13_levy_on_flood_none;13;True;none;10;Santana;restaurant;142352.0;142352.0;0.0;1.0;142352.0
13_levy_on_flood_none;13;True;none;11;Azenha;marketplace;96512.0;96512.0;0.0;1.0;96512.0
13_levy_on_flood_none;13;True;none;11;Azenha;pharmacy;24144.0;24144.0;0.0;1.0;24144.0
13_levy_on_flood_none;13;True;none;11;Azenha;restaurant;96512.0;96512.0;0.0;1.0;96512.0
13_levy_on_flood_none;13;True;none;11;Bom Fim;marketplace;81280.0;81280.0;0.0;1.0;81280.0
13_levy_on_flood_none;13;True;none;11;Bom Fim;pharmacy;20320.0;20320.0;0.0;1.0;20320.0
13_levy_on_flood_none;13;True;none;11;Bom Fim;restaurant;81280.0;81280.0;0.0;1.0;81280.0
13_levy_on_flood_none;13;True;none;11;Centro Histórico;marketplace;244552.0;244552.0;0.0;1.0;244552.0
13_levy_on_flood_none;13;True;none;11;Centro Histórico;pharmacy;61128.0;61128.0;0.0;1.0;61128.0
13_levy_on_flood_none;13;True;none;11;Centro Histórico;restaurant;244552.0;244552.0;0.0;1.0;244552.0
13_levy_on_flood_none;13;True;none;11;Cidade Baixa;marketplace;104112.0;104112.0;0.0;1.0;104112.0
13_levy_on_flood_none;13;True;none;11;Cidade Baixa;pharmacy;26024.0;26024.0;0.0;1.0;26024.0
13_levy_on_flood_none;13;True;none;11;Cidade Baixa;restaurant;104112.0;104112.0;0.0;1.0;104112.0
13_levy_on_flood_none;13;True;none;11;Farroupilha;marketplace;6192.0;6192.0;0.0;1.0;6192.0
13_levy_on_flood_none;13;True;none;11;Farroupilha;pharmacy;1552.0;1552.0;0.0;1.0;1552.0
13_levy_on_flood_none;13;True;none;11;Farroupilha;restaurant;6192.0;6192.0;0.0;1.0;6192.0
13_levy_on_flood_none;13;True;none;11;Floresta;marketplace;70384.0;70384.0;0.0;1.0;70384.0
13_levy_on_flood_none;13;True;none;11;Floresta;pharmacy;17576.0;17576.0;0.0;1.0;17576.0
13_levy_on_flood_none;13;True;none;11;Floresta;restaurant;70384.0;70384.0;0.0;1.0;70384.0
13_levy_on_flood_none;13;True;none;11;Independência;marketplace;55080.0;55080.0;0.0;1.0;55080.0
13_levy_on_flood_none;13;True;none;11;Independência;pharmacy;13752.0;13752.0;0.0;1.0;13752.0
13_levy_on_flood_none;13;True;none;11;Independência;restaurant;55080.0;55080.0;0.0;1.0;55080.0
13_levy_on_flood_none;13;True;none;11;Moinhos de Vento;marketplace;79960.0;79960.0;0.0;1.0;79960.0
13_levy_on_flood_none;13;True;none;11;Moinhos de Vento;pharmacy;20000.0;20000.0;0.0;1.0;20000.0
13_levy_on_flood_none;13;True;none;11;Moinhos de Vento;restaurant;79960.0;79960.0;0.0;1.0;79960.0
13_levy_on_flood_none;13;True;none;11;Praia de Belas;marketplace;12176.0;12176.0;0.0;1.0;12176.0
13_levy_on_flood_none;13;True;none;11;Praia de Belas;pharmacy;3048.0;3048.0;0.0;1.0;3048.0
13_levy_on_flood_none;13;True;none;11;Praia de Belas;restaurant;12176.0;12176.0;0.0;1.0;12176.0
13_levy_on_flood_none;13;True;none;11;Rio Branco;marketplace;125680.0;125680.0;0.0;1.0;125680.0
13_levy_on_flood_none;13;True;none;11;Rio Branco;pharmacy;31408.0;31408.0;0.0;1.0;31408.0
13_levy_on_flood_none;13;True;none;11;Rio Branco;restaurant;125680.0;125680.0;0.0;1.0;125680.0
13_levy_on_flood_none;13;True;none;11;Santa Cecília;marketplace;37120.0;37120.0;0.0;1.0;37120.0
13_levy_on_flood_none;13;True;none;11;Santa Cecília;pharmacy;9288.0;9288.0;0.0;1.0;9288.0
13_levy_on_flood_none;13;True;none;11;Santa Cecília;restaurant;37120.0;37120.0;0.0;1.0;37120.0
13_levy_on_flood_none;13;True;none;11;Santana;marketplace;142352.0;142352.0;0.0;1.0;142352.0
13_levy_on_flood_none;13;True;none;11;Santana;pharmacy;35576.0;35576.0;0.0;1.0;35576.0
13_levy_on_flood_none;13;True;none;11;Santana;restaurant;142352.0;142352.0;0.0;1.0;142352.0
13_levy_on_flood_none;13;True;none;12;Azenha;marketplace;96512.0;96512.0;0.0;1.0;96512.0
13_levy_on_flood_none;13;True;none;12;Azenha;pharmacy;24144.0;24144.0;0.0;1.0;24144.0
13_levy_on_flood_none;13;True;none;12;Azenha;restaurant;96512.0;96512.0;0.0;1.0;96512.0
13_levy_on_flood_none;13;True;none;12;Bom Fim;marketplace;81280.0;81280.0;0.0;1.0;81280.0
13_levy_on_flood_none;13;True;none;12;Bom Fim;pharmacy;20320.0;20320.0;0.0;1.0;20320.0
13_levy_on_flood_none;13;True;none;12;Bom Fim;restaurant;81280.0;81280.0;0.0;1.0;81280.0
13_levy_on_flood_none;13;True;none;12;Centro Histórico;marketplace;244552.0;244552.0;0.0;1.0;244552.0
13_levy_on_flood_none;13;True;none;12;Centro Histórico;pharmacy;61128.0;61128.0;0.0;1.0;61128.0
13_levy_on_flood_none;13;True;none;12;Centro Histórico;restaurant;244552.0;244552.0;0.0;1.0;244552.0
13_levy_on_flood_none;13;True;none;12;Cidade Baixa;marketplace;104112.0;104112.0;0.0;1.0;104112.0
13_levy_on_flood_none;13;True;none;12;Cidade Baixa;pharmacy;26024.0;26024.0;0.0;1.0;26024.0
13_levy_on_flood_none;13;True;none;12;Cidade Baixa;restaurant;104112.0;104112.0;0.0;1.0;104112.0
13_levy_on_flood_none;13;True;none;12;Farroupilha;marketplace;6192.0;6192.0;0.0;1.0;6192.0
13_levy_on_flood_none;13;True;none;12;Farroupilha;pharmacy;1552.0;1552.0;0.0;1.0;1552.0
13_levy_on_flood_none;13;True;none;12;Farroupilha;restaurant;6192.0;6192.0;0.0;1.0;6192.0
13_levy_on_flood_none;13;True;none;12;Floresta;marketplace;70384.0;70384.0;0.0;1.0;70384.0
13_levy_on_flood_none;13;True;none;12;Floresta;pharmacy;17576.0;17576.0;0.0;1.0;17576.0
13_levy_on_flood_none;13;True;none;12;Floresta;restaurant;70384.0;70384.0;0.0;1.0;70384.0
13_levy_on_flood_none;13;True;none;12;Independência;marketplace;55080.0;55080.0;0.0;1.0;55080.0
13_levy_on_flood_none;13;True;none;12;Independência;pharmacy;13752.0;13752.0;0.0;1.0;13752.0
13_levy_on_flood_none;13;True;none;12;Independência;restaurant;55080.0;55080.0;0.0;1.0;55080.0
13_levy_on_flood_none;13;True;none;12;Moinhos de Vento;marketplace;79960.0;79960.0;0.0;1.0;79960.0
13_levy_on_flood_none;13;True;none;12;Moinhos de Vento;pharmacy;20000.0;20000.0;0.0;1.0;20000.0
13_levy_on_flood_none;13;True;none;12;Moinhos de Vento;restaurant;79960.0;79960.0;0.0;1.0;79960.0
13_levy_on_flood_none;13;True;none;12;Praia de Belas;marketplace;12176.0;12176.0;0.0;1.0;12176.0
13_levy_on_flood_none;13;True;none;12;Praia de Belas;pharmacy;3048.0;3048.0;0.0;1.0;3048.0
13_levy_on_flood_none;13;True;none;12;Praia de Belas;restaurant;12176.0;12176.0;0.0;1.0;12176.0
13_levy_on_flood_none;13;True;none;12;Rio Branco;marketplace;125680.0;125680.0;0.0;1.0;125680.0
13_levy_on_flood_none;13;True;none;12;Rio Branco;pharmacy;31408.0;31408.0;0.0;1.0;31408.0
13_levy_on_flood_none;13;True;none;12;Rio Branco;restaurant;125680.0;125680.0;0.0;1.0;125680.0
13_levy_on_flood_none;13;True;none;12;Santa Cecília;marketplace;37120.0;37120.0;0.0;1.0;37120.0
13_levy_on_flood_none;13;True;none;12;Santa Cecília;pharmacy;9288.0;9288.0;0.0;1.0;9288.0
13_levy_on_flood_none;13;True;none;12;Santa Cecília;restaurant;37120.0;37120.0;0.0;1.0;37120.0
13_levy_on_flood_none;13;True;none;12;Santana;marketplace;142352.0;142352.0;0.0;1.0;142352.0
13_levy_on_flood_none;13;True;none;12;Santana;pharmacy;35576.0;35576.0;0.0;1.0;35576.0
13_levy_on_flood_none;13;True;none;12;Santana;restaurant;142352.0;142352.0;0.0;1.0;142352.0
13_levy_on_flood_none;13;True;none;13;Azenha;marketplace;96512.0;96512.0;0.0;1.0;96512.0
13_levy_on_flood_none;13;True;none;13;Azenha;pharmacy;24144.0;24144.0;0.0;1.0;24144.0
13_levy_on_flood_none;13;True;none;13;Azenha;restaurant;96512.0;96512.0;0.0;1.0;96512.0
13_levy_on_flood_none;13;True;none;13;Bom Fim;marketplace;81280.0;81280.0;0.0;1.0;81280.0
13_levy_on_flood_none;13;True;none;13;Bom Fim;pharmacy;20320.0;20320.0;0.0;1.0;20320.0
13_levy_on_flood_none;13;True;none;13;Bom Fim;restaurant;81280.0;81280.0;0.0;1.0;81280.0
13_levy_on_flood_none;13;True;none;13;Centro Histórico;marketplace;244552.0;244552.0;0.0;1.0;244552.0
13_levy_on_flood_none;13;True;none;13;Centro Histórico;pharmacy;61128.0;61128.0;0.0;1.0;61128.0
13_levy_on_flood_none;13;True;none;13;Centro Histórico;restaurant;244552.0;244552.0;0.0;1.0;244552.0
13_levy_on_flood_none;13;True;none;13;Cidade Baixa;marketplace;104112.0;104112.0;0.0;1.0;104112.0
13_levy_on_flood_none;13;True;none;13;Cidade Baixa;pharmacy;26024.0;26024.0;0.0;1.0;26024.0
13_levy_on_flood_none;13;True;none;13;Cidade Baixa;restaurant;104112.0;104112.0;0.0;1.0;104112.0
13_levy_on_flood_none;13;True;none;13;Farroupilha;marketplace;6192.0;6192.0;0.0;1.0;6192.0
13_levy_on_flood_none;13;True;none;13;Farroupilha;pharmacy;1552.0;1552.0;0.0;1.0;1552.0
13_levy_on_flood_none;13;True;none;13;Farroupilha;restaurant;6192.0;6192.0;0.0;1.0;6192.0
13_levy_on_flood_none;13;True;none;13;Floresta;marketplace;70384.0;70384.0;0.0;1.0;70384.0
13_levy_on_flood_none;13;True;none;13;Floresta;pharmacy;17576.0;17576.0;0.0;1.0;17576.0
13_levy_on_flood_none;13;True;none;13;Floresta;restaurant;70384.0;70384.0;0.0;1.0;70384.0
13_levy_on_flood_none;13;True;none;13;Independência;marketplace;55080.0;55080.0;0.0;1.0;55080.0
13_levy_on_flood_none;13;True;none;13;Independência;pharmacy;13752.0;13752.0;0.0;1.0;13752.0
13_levy_on_flood_none;13;True;none;13;Independência;restaurant;55080.0;55080.0;0.0;1.0;55080.0
13_levy_on_flood_none;13;True;none;13;Moinhos de Vento;marketplace;79960.0;79960.0;0.0;1.0;79960.0
13_levy_on_flood_none;13;True;none;13;Moinhos de Vento;pharmacy;20000.0;20000.0;0.0;1.0;20000.0
13_levy_on_flood_none;13;True;none;13;Moinhos de Vento;restaurant;79960.0;79960.0;0.0;1.0;79960.0
13_levy_on_flood_none;13;True;none;13;Praia de Belas;marketplace;12176.0;12176.0;0.0;1.0;12176.0
13_levy_on_flood_none;13;True;none;13;Praia de Belas;pharmacy;3048.0;3048.0;0.0;1.0;3048.0
13_levy_on_flood_none;13;True;none;13;Praia de Belas;restaurant;12176.0;12176.0;0.0;1.0;12176.0
13_levy_on_flood_none;13;True;none;13;Rio Branco;marketplace;125680.0;125680.0;0.0;1.0;125680.0
13_levy_on_flood_none;13;True;none;13;Rio Branco;pharmacy;31408.0;31408.0;0.0;1.0;31408.0
13_levy_on_flood_none;13;True;none;13;Rio Branco;restaurant;125680.0;125680.0;0.0;1.0;125680.0
13_levy_on_flood_none;13;True;none;13;Santa Cecília;marketplace;37120.0;37120.0;0.0;1.0;37120.0
13_levy_on_flood_none;13;True;none;13;Santa Cecília;pharmacy;9288.0;9288.0;0.0;1.0;9288.0
13_levy_on_flood_none;13;True;none;13;Santa Cecília;restaurant;37120.0;37120.0;0.0;1.0;37120.0
13_levy_on_flood_none;13;True;none;13;Santana;marketplace;142352.0;142352.0;0.0;1.0;142352.0
13_levy_on_flood_none;13;True;none;13;Santana;pharmacy;35576.0;35576.0;0.0;1.0;35576.0
13_levy_on_flood_none;13;True;none;13;Santana;restaurant;142352.0;142352.0;0.0;1.0;142352.0
13_levy_on_flood_none;13;True;none;14;Azenha;marketplace;96512.0;96512.0;0.0;1.0;96512.0
13_levy_on_flood_none;13;True;none;14;Azenha;pharmacy;24144.0;24144.0;0.0;1.0;24144.0
13_levy_on_flood_none;13;True;none;14;Azenha;restaurant;96512.0;96512.0;0.0;1.0;96512.0
13_levy_on_flood_none;13;True;none;14;Bom Fim;marketplace;81280.0;81280.0;0.0;1.0;81280.0
13_levy_on_flood_none;13;True;none;14;Bom Fim;pharmacy;20320.0;20320.0;0.0;1.0;20320.0
13_levy_on_flood_none;13;True;none;14;Bom Fim;restaurant;81280.0;81280.0;0.0;1.0;81280.0
13_levy_on_flood_none;13;True;none;14;Centro Histórico;marketplace;244552.0;244552.0;0.0;1.0;244552.0
13_levy_on_flood_none;13;True;none;14;Centro Histórico;pharmacy;61128.0;61128.0;0.0;1.0;61128.0
13_levy_on_flood_none;13;True;none;14;Centro Histórico;restaurant;244552.0;244552.0;0.0;1.0;244552.0
13_levy_on_flood_none;13;True;none;14;Cidade Baixa;marketplace;104112.0;104112.0;0.0;1.0;104112.0
13_levy_on_flood_none;13;True;none;14;Cidade Baixa;pharmacy;26024.0;26024.0;0.0;1.0;26024.0
13_levy_on_flood_none;13;True;none;14;Cidade Baixa;restaurant;104112.0;104112.0;0.0;1.0;104112.0
13_levy_on_flood_none;13;True;none;14;Farroupilha;marketplace;6192.0;6192.0;0.0;1.0;6192.0
13_levy_on_flood_none;13;True;none;14;Farroupilha;pharmacy;1552.0;1552.0;0.0;1.0;1552.0
13_levy_on_flood_none;13;True;none;14;Farroupilha;restaurant;6192.0;6192.0;0.0;1.0;6192.0
13_levy_on_flood_none;13;True;none;14;Floresta;marketplace;70384.0;70384.0;0.0;1.0;70384.0
13_levy_on_flood_none;13;True;none;14;Floresta;pharmacy;17576.0;17576.0;0.0;1.0;17576.0
13_levy_on_flood_none;13;True;none;14;Floresta;restaurant;70384.0;70384.0;0.0;1.0;70384.0
13_levy_on_flood_none;13;True;none;14;Independência;marketplace;55080.0;55080.0;0.0;1.0;55080.0
13_levy_on_flood_none;13;True;none;14;Independência;pharmacy;13752.0;13752.0;0.0;1.0;13752.0
13_levy_on_flood_none;13;True;none;14;Independência;restaurant;55080.0;55080.0;0.0;1.0;55080.0
13_levy_on_flood_none;13;True;none;14;Moinhos de Vento;marketplace;79960.0;79960.0;0.0;1.0;79960.0
13_levy_on_flood_none;13;True;none;14;Moinhos de Vento;pharmacy;20000.0;20000.0;0.0;1.0;20000.0
13_levy_on_flood_none;13;True;none;14;Moinhos de Vento;restaurant;79960.0;79960.0;0.0;1.0;79960.0
13_levy_on_flood_none;13;True;none;14;Praia de Belas;marketplace;12176.0;12176.0;0.0;1.0;12176.0
13_levy_on_flood_none;13;True;none;14;Praia de Belas;pharmacy;3048.0;3048.0;0.0;1.0;3048.0
13_levy_on_flood_none;13;True;none;14;Praia de Belas;restaurant;12176.0;12176.0;0.0;1.0;12176.0
13_levy_on_flood_none;13;True;none;14;Rio Branco;marketplace;125680.0;125680.0;0.0;1.0;125680.0
13_levy_on_flood_none;13;True;none;14;Rio Branco;pharmacy;31408.0;31408.0;0.0;1.0;31408.0
13_levy_on_flood_none;13;True;none;14;Rio Branco;restaurant;125680.0;125680.0;0.0;1.0;125680.0
13_levy_on_flood_none;13;True;none;14;Santa Cecília;marketplace;37120.0;37120.0;0.0;1.0;37120.0
13_levy_on_flood_none;13;True;none;14;Santa Cecília;pharmacy;9288.0;9288.0;0.0;1.0;9288.0
13_levy_on_flood_none;13;True;none;14;Santa Cecília;restaurant;37120.0;37120.0;0.0;1.0;37120.0
13_levy_on_flood_none;13;True;none;14;Santana;marketplace;142352.0;142352.0;0.0;1.0;142352.0
13_levy_on_flood_none;13;True;none;14;Santana;pharmacy;35576.0;35576.0;0.0;1.0;35576.0
13_levy_on_flood_none;13;True;none;14;Santana;restaurant;142352.0;142352.0;0.0;1.0;142352.0
13_levy_on_flood_none;13;True;none;15;Azenha;marketplace;96512.0;96512.0;0.0;1.0;96512.0
13_levy_on_flood_none;13;True;none;15;Azenha;pharmacy;24144.0;24144.0;0.0;1.0;24144.0
13_levy_on_flood_none;13;True;none;15;Azenha;restaurant;96512.0;96512.0;0.0;1.0;96512.0
13_levy_on_flood_none;13;True;none;15;Bom Fim;marketplace;81280.0;81280.0;0.0;1.0;81280.0
13_levy_on_flood_none;13;True;none;15;Bom Fim;pharmacy;20320.0;20320.0;0.0;1.0;20320.0
13_levy_on_flood_none;13;True;none;15;Bom Fim;restaurant;81280.0;81280.0;0.0;1.0;81280.0
13_levy_on_flood_none;13;True;none;15;Centro Histórico;marketplace;244552.0;244552.0;0.0;1.0;244552.0
13_levy_on_flood_none;13;True;none;15;Centro Histórico;pharmacy;61128.0;61128.0;0.0;1.0;61128.0
13_levy_on_flood_none;13;True;none;15;Centro Histórico;restaurant;244552.0;244552.0;0.0;1.0;244552.0
13_levy_on_flood_none;13;True;none;15;Cidade Baixa;marketplace;104112.0;104112.0;0.0;1.0;104112.0
13_levy_on_flood_none;13;True;none;15;Cidade Baixa;pharmacy;26024.0;26024.0;0.0;1.0;26024.0
13_levy_on_flood_none;13;True;none;15;Cidade Baixa;restaurant;104112.0;104112.0;0.0;1.0;104112.0
13_levy_on_flood_none;13;True;none;15;Farroupilha;marketplace;6192.0;6192.0;0.0;1.0;6192.0
13_levy_on_flood_none;13;True;none;15;Farroupilha;pharmacy;1552.0;1552.0;0.0;1.0;1552.0
13_levy_on_flood_none;13;True;none;15;Farroupilha;restaurant;6192.0;6192.0;0.0;1.0;6192.0
13_levy_on_flood_none;13;True;none;15;Floresta;marketplace;70384.0;70384.0;0.0;1.0;70384.0
13_levy_on_flood_none;13;True;none;15;Floresta;pharmacy;17576.0;17576.0;0.0;1.0;17576.0
13_levy_on_flood_none;13;True;none;15;Floresta;restaurant;70384.0;70384.0;0.0;1.0;70384.0
13_levy_on_flood_none;13;True;none;15;Independência;marketplace;55080.0;55080.0;0.0;1.0;55080.0
13_levy_on_flood_none;13;True;none;15;Independência;pharmacy;13752.0;13752.0;0.0;1.0;13752.0
13_levy_on_flood_none;13;True;none;15;Independência;restaurant;55080.0;55080.0;0.0;1.0;55080.0
13_levy_on_flood_none;13;True;none;15;Moinhos de Vento;marketplace;79960.0;79960.0;0.0;1.0;79960.0
13_levy_on_flood_none;13;True;none;15;Moinhos de Vento;pharmacy;20000.0;20000.0;0.0;1.0;20000.0
13_levy_on_flood_none;13;True;none;15;Moinhos de Vento;restaurant;79960.0;79960.0;0.0;1.0;79960.0
13_levy_on_flood_none;13;True;none;15;Praia de Belas;marketplace;12176.0;12176.0;0.0;1.0;12176.0
13_levy_on_flood_none;13;True;none;15;Praia de Belas;pharmacy;3048.0;3048.0;0.0;1.0;3048.0
13_levy_on_flood_none;13;True;none;15;Praia de Belas;restaurant;12176.0;12176.0;0.0;1.0;12176.0
13_levy_on_flood_none;13;True;none;15;Rio Branco;marketplace;125680.0;125680.0;0.0;1.0;125680.0
13_levy_on_flood_none;13;True;none;15;Rio Branco;pharmacy;31408.0;31408.0;0.0;1.0;31408.0
13_levy_on_flood_none;13;True;none;15;Rio Branco;restaurant;125680.0;125680.0;0.0;1.0;125680.0
13_levy_on_flood_none;13;True;none;15;Santa Cecília;marketplace;37120.0;37120.0;0.0;1.0;37120.0
13_levy_on_flood_none;13;True;none;15;Santa Cecília;pharmacy;9288.0;9288.0;0.0;1.0;9288.0
13_levy_on_flood_none;13;True;none;15;Santa Cecília;restaurant;37120.0;37120.0;0.0;1.0;37120.0
13_levy_on_flood_none;13;True;none;15;Santana;marketplace;142352.0;142352.0;0.0;1.0;142352.0
13_levy_on_flood_none;13;True;none;15;Santana;pharmacy;35576.0;35576.0;0.0;1.0;35576.0
13_levy_on_flood_none;13;True;none;15;Santana;restaurant;142352.0;142352.0;0.0;1.0;142352.0
13_levy_on_flood_none;13;True;none;16;Azenha;marketplace;96512.0;96512.0;0.0;1.0;96512.0
13_levy_on_flood_none;13;True;none;16;Azenha;pharmacy;24144.0;24144.0;0.0;1.0;24144.0
13_levy_on_flood_none;13;True;none;16;Azenha;restaurant;96512.0;96512.0;0.0;1.0;96512.0
13_levy_on_flood_none;13;True;none;16;Bom Fim;marketplace;81280.0;81280.0;0.0;1.0;81280.0
13_levy_on_flood_none;13;True;none;16;Bom Fim;pharmacy;20320.0;20320.0;0.0;1.0;20320.0
13_levy_on_flood_none;13;True;none;16;Bom Fim;restaurant;81280.0;81280.0;0.0;1.0;81280.0
13_levy_on_flood_none;13;True;none;16;Centro Histórico;marketplace;244552.0;244552.0;0.0;1.0;244552.0
13_levy_on_flood_none;13;True;none;16;Centro Histórico;pharmacy;61128.0;61128.0;0.0;1.0;61128.0
13_levy_on_flood_none;13;True;none;16;Centro Histórico;restaurant;244552.0;244552.0;0.0;1.0;244552.0
13_levy_on_flood_none;13;True;none;16;Cidade Baixa;marketplace;104112.0;104112.0;0.0;1.0;104112.0
13_levy_on_flood_none;13;True;none;16;Cidade Baixa;pharmacy;26024.0;26024.0;0.0;1.0;26024.0
13_levy_on_flood_none;13;True;none;16;Cidade Baixa;restaurant;104112.0;104112.0;0.0;1.0;104112.0
13_levy_on_flood_none;13;True;none;16;Farroupilha;marketplace;6192.0;6192.0;0.0;1.0;6192.0
13_levy_on_flood_none;13;True;none;16;Farroupilha;pharmacy;1552.0;1552.0;0.0;1.0;1552.0
13_levy_on_flood_none;13;True;none;16;Farroupilha;restaurant;6192.0;6192.0;0.0;1.0;6192.0
13_levy_on_flood_none;13;True;none;16;Floresta;marketplace;70384.0;70384.0;0.0;1.0;70384.0
13_levy_on_flood_none;13;True;none;16;Floresta;pharmacy;17576.0;17576.0;0.0;1.0;17576.0
13_levy_on_flood_none;13;True;none;16;Floresta;restaurant;70384.0;70384.0;0.0;1.0;70384.0
13_levy_on_flood_none;13;True;none;16;Independência;marketplace;55080.0;55080.0;0.0;1.0;55080.0
13_levy_on_flood_none;13;True;none;16;Independência;pharmacy;13752.0;13752.0;0.0;1.0;13752.0
13_levy_on_flood_none;13;True;none;16;Independência;restaurant;55080.0;55080.0;0.0;1.0;55080.0
13_levy_on_flood_none;13;True;none;16;Moinhos de Vento;marketplace;79960.0;79960.0;0.0;1.0;79960.0
13_levy_on_flood_none;13;True;none;16;Moinhos de Vento;pharmacy;20000.0;20000.0;0.0;1.0;20000.0
13_levy_on_flood_none;13;True;none;16;Moinhos de Vento;restaurant;79960.0;79960.0;0.0;1.0;79960.0
13_levy_on_flood_none;13;True;none;16;Praia de Belas;marketplace;12176.0;12176.0;0.0;1.0;12176.0
13_levy_on_flood_none;13;True;none;16;Praia de Belas;pharmacy;3048.0;3048.0;0.0;1.0;3048.0
13_levy_on_flood_none;13;True;none;16;Praia de Belas;restaurant;12176.0;12176.0;0.0;1.0;12176.0
13_levy_on_flood_none;13;True;none;16;Rio Branco;marketplace;125680.0;125680.0;0.0;1.0;125680.0
13_levy_on_flood_none;13;True;none;16;Rio Branco;pharmacy;31408.0;31408.0;0.0;1.0;31408.0
13_levy_on_flood_none;13;True;none;16;Rio Branco;restaurant;125680.0;125680.0;0.0;1.0;125680.0
13_levy_on_flood_none;13;True;none;16;Santa Cecília;marketplace;37120.0;37120.0;0.0;1.0;37120.0
13_levy_on_flood_none;13;True;none;16;Santa Cecília;pharmacy;9288.0;9288.0;0.0;1.0;9288.0
13_levy_on_flood_none;13;True;none;16;Santa Cecília;restaurant;37120.0;37120.0;0.0;1.0;37120.0
13_levy_on_flood_none;13;True;none;16;Santana;marketplace;142352.0;142352.0;0.0;1.0;142352.0
13_levy_on_flood_none;13;True;none;16;Santana;pharmacy;35576.0;35576.0;0.0;1.0;35576.0
13_levy_on_flood_none;13;True;none;16;Santana;restaurant;142352.0;142352.0;0.0;1.0;142352.0
13_levy_on_flood_none;13;True;none;17;Azenha;marketplace;96512.0;96512.0;0.0;1.0;96512.0
13_levy_on_flood_none;13;True;none;17;Azenha;pharmacy;24144.0;24144.0;0.0;1.0;24144.0
13_levy_on_flood_none;13;True;none;17;Azenha;restaurant;96512.0;96512.0;0.0;1.0;96512.0
13_levy_on_flood_none;13;True;none;17;Bom Fim;marketplace;81280.0;81280.0;0.0;1.0;81280.0
13_levy_on_flood_none;13;True;none;17;Bom Fim;pharmacy;20320.0;20320.0;0.0;1.0;20320.0
13_levy_on_flood_none;13;True;none;17;Bom Fim;restaurant;81280.0;81280.0;0.0;1.0;81280.0
13_levy_on_flood_none;13;True;none;17;Centro Histórico;marketplace;244552.0;244552.0;0.0;1.0;244552.0
13_levy_on_flood_none;13;True;none;17;Centro Histórico;pharmacy;61128.0;61128.0;0.0;1.0;61128.0
13_levy_on_flood_none;13;True;none;17;Centro Histórico;restaurant;244552.0;244552.0;0.0;1.0;244552.0
13_levy_on_flood_none;13;True;none;17;Cidade Baixa;marketplace;104112.0;104112.0;0.0;1.0;104112.0
13_levy_on_flood_none;13;True;none;17;Cidade Baixa;pharmacy;26024.0;26024.0;0.0;1.0;26024.0
13_levy_on_flood_none;13;True;none;17;Cidade Baixa;restaurant;104112.0;104112.0;0.0;1.0;104112.0
13_levy_on_flood_none;13;True;none;17;Farroupilha;marketplace;6192.0;6192.0;0.0;1.0;6192.0
13_levy_on_flood_none;13;True;none;17;Farroupilha;pharmacy;1552.0;1552.0;0.0;1.0;1552.0
13_levy_on_flood_none;13;True;none;17;Farroupilha;restaurant;6192.0;6192.0;0.0;1.0;6192.0
13_levy_on_flood_none;13;True;none;17;Floresta;marketplace;70384.0;70384.0;0.0;1.0;70384.0
13_levy_on_flood_none;13;True;none;17;Floresta;pharmacy;17576.0;17576.0;0.0;1.0;17576.0
13_levy_on_flood_none;13;True;none;17;Floresta;restaurant;70384.0;70384.0;0.0;1.0;70384.0
13_levy_on_flood_none;13;True;none;17;Independência;marketplace;55080.0;55080.0;0.0;1.0;55080.0
13_levy_on_flood_none;13;True;none;17;Independência;pharmacy;13752.0;13752.0;0.0;1.0;13752.0
13_levy_on_flood_none;13;True;none;17;Independência;restaurant;55080.0;55080.0;0.0;1.0;55080.0
13_levy_on_flood_none;13;True;none;17;Moinhos de Vento;marketplace;79960.0;79960.0;0.0;1.0;79960.0
13_levy_on_flood_none;13;True;none;17;Moinhos de Vento;pharmacy;20000.0;20000.0;0.0;1.0;20000.0
13_levy_on_flood_none;13;True;none;17;Moinhos de Vento;restaurant;79960.0;79960.0;0.0;1.0;79960.0
13_levy_on_flood_none;13;True;none;17;Praia de Belas;marketplace;12176.0;12176.0;0.0;1.0;12176.0
13_levy_on_flood_none;13;True;none;17;Praia de Belas;pharmacy;3048.0;3048.0;0.0;1.0;3048.0
13_levy_on_flood_none;13;True;none;17;Praia de Belas;restaurant;12176.0;12176.0;0.0;1.0;12176.0
13_levy_on_flood_none;13;True;none;17;Rio Branco;marketplace;125680.0;125680.0;0.0;1.0;125680.0
13_levy_on_flood_none;13;True;none;17;Rio Branco;pharmacy;31408.0;31408.0;0.0;1.0;31408.0
13_levy_on_flood_none;13;True;none;17;Rio Branco;restaurant;125680.0;125680.0;0.0;1.0;125680.0
13_levy_on_flood_none;13;True;none;17;Santa Cecília;marketplace;37120.0;37120.0;0.0;1.0;37120.0
13_levy_on_flood_none;13;True;none;17;Santa Cecília;pharmacy;9288.0;9288.0;0.0;1.0;9288.0
13_levy_on_flood_none;13;True;none;17;Santa Cecília;restaurant;37120.0;37120.0;0.0;1.0;37120.0
13_levy_on_flood_none;13;True;none;17;Santana;marketplace;142352.0;142352.0;0.0;1.0;142352.0
13_levy_on_flood_none;13;True;none;17;Santana;pharmacy;35576.0;35576.0;0.0;1.0;35576.0
13_levy_on_flood_none;13;True;none;17;Santana;restaurant;142352.0;142352.0;0.0;1.0;142352.0
13_levy_on_flood_none;13;True;none;18;Azenha;marketplace;96512.0;96512.0;0.0;1.0;96512.0
13_levy_on_flood_none;13;True;none;18;Azenha;pharmacy;24144.0;24144.0;0.0;1.0;24144.0
13_levy_on_flood_none;13;True;none;18;Azenha;restaurant;96512.0;96512.0;0.0;1.0;96512.0
13_levy_on_flood_none;13;True;none;18;Bom Fim;marketplace;81280.0;81280.0;0.0;1.0;81280.0
13_levy_on_flood_none;13;True;none;18;Bom Fim;pharmacy;20320.0;20320.0;0.0;1.0;20320.0
13_levy_on_flood_none;13;True;none;18;Bom Fim;restaurant;81280.0;81280.0;0.0;1.0;81280.0
13_levy_on_flood_none;13;True;none;18;Centro Histórico;marketplace;244552.0;244552.0;0.0;1.0;244552.0
13_levy_on_flood_none;13;True;none;18;Centro Histórico;pharmacy;61128.0;61128.0;0.0;1.0;61128.0
13_levy_on_flood_none;13;True;none;18;Centro Histórico;restaurant;244552.0;244552.0;0.0;1.0;244552.0
13_levy_on_flood_none;13;True;none;18;Cidade Baixa;marketplace;104112.0;104112.0;0.0;1.0;104112.0
13_levy_on_flood_none;13;True;none;18;Cidade Baixa;pharmacy;26024.0;26024.0;0.0;1.0;26024.0
13_levy_on_flood_none;13;True;none;18;Cidade Baixa;restaurant;104112.0;104112.0;0.0;1.0;104112.0
13_levy_on_flood_none;13;True;none;18;Farroupilha;marketplace;6192.0;6192.0;0.0;1.0;6192.0
13_levy_on_flood_none;13;True;none;18;Farroupilha;pharmacy;1552.0;1552.0;0.0;1.0;1552.0
13_levy_on_flood_none;13;True;none;18;Farroupilha;restaurant;6192.0;6192.0;0.0;1.0;6192.0
13_levy_on_flood_none;13;True;none;18;Floresta;marketplace;70384.0;70384.0;0.0;1.0;70384.0
13_levy_on_flood_none;13;True;none;18;Floresta;pharmacy;17576.0;17576.0;0.0;1.0;17576.0
13_levy_on_flood_none;13;True;none;18;Floresta;restaurant;70384.0;70384.0;0.0;1.0;70384.0
13_levy_on_flood_none;13;True;none;18;Independência;marketplace;55080.0;55080.0;0.0;1.0;55080.0
13_levy_on_flood_none;13;True;none;18;Independência;pharmacy;13752.0;13752.0;0.0;1.0;13752.0
13_levy_on_flood_none;13;True;none;18;Independência;restaurant;55080.0;55080.0;0.0;1.0;55080.0
13_levy_on_flood_none;13;True;none;18;Moinhos de Vento;marketplace;79960.0;79960.0;0.0;1.0;79960.0
13_levy_on_flood_none;13;True;none;18;Moinhos de Vento;pharmacy;20000.0;20000.0;0.0;1.0;20000.0
13_levy_on_flood_none;13;True;none;18;Moinhos de Vento;restaurant;79960.0;79960.0;0.0;1.0;79960.0
13_levy_on_flood_none;13;True;none;18;Praia de Belas;marketplace;12176.0;12176.0;0.0;1.0;12176.0
13_levy_on_flood_none;13;True;none;18;Praia de Belas;pharmacy;3048.0;3048.0;0.0;1.0;3048.0
13_levy_on_flood_none;13;True;none;18;Praia de Belas;restaurant;12176.0;12176.0;0.0;1.0;12176.0
13_levy_on_flood_none;13;True;none;18;Rio Branco;marketplace;125680.0;125680.0;0.0;1.0;125680.0
13_levy_on_flood_none;13;True;none;18;Rio Branco;pharmacy;31408.0;31408.0;0.0;1.0;31408.0
13_levy_on_flood_none;13;True;none;18;Rio Branco;restaurant;125680.0;125680.0;0.0;1.0;125680.0
13_levy_on_flood_none;13;True;none;18;Santa Cecília;marketplace;37120.0;37120.0;0.0;1.0;37120.0
13_levy_on_flood_none;13;True;none;18;Santa Cecília;pharmacy;9288.0;9288.0;0.0;1.0;9288.0
13_levy_on_flood_none;13;True;none;18;Santa Cecília;restaurant;37120.0;37120.0;0.0;1.0;37120.0
13_levy_on_flood_none;13;True;none;18;Santana;marketplace;142352.0;142352.0;0.0;1.0;142352.0
13_levy_on_flood_none;13;True;none;18;Santana;pharmacy;35576.0;35576.0;0.0;1.0;35576.0
13_levy_on_flood_none;13;True;none;18;Santana;restaurant;142352.0;142352.0;0.0;1.0;142352.0
13_levy_on_flood_none;13;True;none;19;Azenha;marketplace;96512.0;96512.0;0.0;1.0;96512.0
13_levy_on_flood_none;13;True;none;19;Azenha;pharmacy;24144.0;24144.0;0.0;1.0;24144.0
13_levy_on_flood_none;13;True;none;19;Azenha;restaurant;96512.0;96512.0;0.0;1.0;96512.0
13_levy_on_flood_none;13;True;none;19;Bom Fim;marketplace;81280.0;81280.0;0.0;1.0;81280.0
13_levy_on_flood_none;13;True;none;19;Bom Fim;pharmacy;20320.0;20320.0;0.0;1.0;20320.0
13_levy_on_flood_none;13;True;none;19;Bom Fim;restaurant;81280.0;81280.0;0.0;1.0;81280.0
13_levy_on_flood_none;13;True;none;19;Centro Histórico;marketplace;244552.0;244552.0;0.0;1.0;244552.0
13_levy_on_flood_none;13;True;none;19;Centro Histórico;pharmacy;61128.0;61128.0;0.0;1.0;61128.0
13_levy_on_flood_none;13;True;none;19;Centro Histórico;restaurant;244552.0;244552.0;0.0;1.0;244552.0
13_levy_on_flood_none;13;True;none;19;Cidade Baixa;marketplace;104112.0;104112.0;0.0;1.0;104112.0
13_levy_on_flood_none;13;True;none;19;Cidade Baixa;pharmacy;26024.0;26024.0;0.0;1.0;26024.0
13_levy_on_flood_none;13;True;none;19;Cidade Baixa;restaurant;104112.0;104112.0;0.0;1.0;104112.0
13_levy_on_flood_none;13;True;none;19;Farroupilha;marketplace;6192.0;6192.0;0.0;1.0;6192.0
13_levy_on_flood_none;13;True;none;19;Farroupilha;pharmacy;1552.0;1552.0;0.0;1.0;1552.0
13_levy_on_flood_none;13;True;none;19;Farroupilha;restaurant;6192.0;6192.0;0.0;1.0;6192.0
13_levy_on_flood_none;13;True;none;19;Floresta;marketplace;70384.0;70384.0;0.0;1.0;70384.0
13_levy_on_flood_none;13;True;none;19;Floresta;pharmacy;17576.0;17576.0;0.0;1.0;17576.0
13_levy_on_flood_none;13;True;none;19;Floresta;restaurant;70384.0;70384.0;0.0;1.0;70384.0
13_levy_on_flood_none;13;True;none;19;Independência;marketplace;55080.0;55080.0;0.0;1.0;55080.0
13_levy_on_flood_none;13;True;none;19;Independência;pharmacy;13752.0;13752.0;0.0;1.0;13752.0
13_levy_on_flood_none;13;True;none;19;Independência;restaurant;55080.0;55080.0;0.0;1.0;55080.0
13_levy_on_flood_none;13;True;none;19;Moinhos de Vento;marketplace;79960.0;79960.0;0.0;1.0;79960.0
13_levy_on_flood_none;13;True;none;19;Moinhos de Vento;pharmacy;20000.0;20000.0;0.0;1.0;20000.0
13_levy_on_flood_none;13;True;none;19;Moinhos de Vento;restaurant;79960.0;79960.0;0.0;1.0;79960.0
13_levy_on_flood_none;13;True;none;19;Praia de Belas;marketplace;12176.0;12176.0;0.0;1.0;12176.0
13_levy_on_flood_none;13;True;none;19;Praia de Belas;pharmacy;3048.0;3048.0;0.0;1.0;3048.0
13_levy_on_flood_none;13;True;none;19;Praia de Belas;restaurant;12176.0;12176.0;0.0;1.0;12176.0
13_levy_on_flood_none;13;True;none;19;Rio Branco;marketplace;125680.0;125680.0;0.0;1.0;125680.0
13_levy_on_flood_none;13;True;none;19;Rio Branco;pharmacy;31408.0;31408.0;0.0;1.0;31408.0
13_levy_on_flood_none;13;True;none;19;Rio Branco;restaurant;125680.0;125680.0;0.0;1.0;125680.0
13_levy_on_flood_none;13;True;none;19;Santa Cecília;marketplace;37120.0;37120.0;0.0;1.0;37120.0
13_levy_on_flood_none;13;True;none;19;Santa Cecília;pharmacy;9288.0;9288.0;0.0;1.0;9288.0
13_levy_on_flood_none;13;True;none;19;Santa Cecília;restaurant;37120.0;37120.0;0.0;1.0;37120.0
13_levy_on_flood_none;13;True;none;19;Santana;marketplace;142352.0;142352.0;0.0;1.0;142352.0
13_levy_on_flood_none;13;True;none;19;Santana;pharmacy;35576.0;35576.0;0.0;1.0;35576.0
13_levy_on_flood_none;13;True;none;19;Santana;restaurant;142352.0;142352.0;0.0;1.0;142352.0
13_levy_on_flood_none;13;True;none;20;Azenha;marketplace;96512.0;96512.0;0.0;1.0;96512.0
13_levy_on_flood_none;13;True;none;20;Azenha;pharmacy;24144.0;24144.0;0.0;1.0;24144.0
13_levy_on_flood_none;13;True;none;20;Azenha;restaurant;96512.0;96512.0;0.0;1.0;96512.0
13_levy_on_flood_none;13;True;none;20;Bom Fim;marketplace;81280.0;81280.0;0.0;1.0;81280.0
13_levy_on_flood_none;13;True;none;20;Bom Fim;pharmacy;20320.0;20320.0;0.0;1.0;20320.0
13_levy_on_flood_none;13;True;none;20;Bom Fim;restaurant;81280.0;81280.0;0.0;1.0;81280.0
13_levy_on_flood_none;13;True;none;20;Centro Histórico;marketplace;244552.0;244552.0;0.0;1.0;244552.0
13_levy_on_flood_none;13;True;none;20;Centro Histórico;pharmacy;61128.0;61128.0;0.0;1.0;61128.0
13_levy_on_flood_none;13;True;none;20;Centro Histórico;restaurant;244552.0;244552.0;0.0;1.0;244552.0
13_levy_on_flood_none;13;True;none;20;Cidade Baixa;marketplace;104112.0;104112.0;0.0;1.0;104112.0
13_levy_on_flood_none;13;True;none;20;Cidade Baixa;pharmacy;26024.0;26024.0;0.0;1.0;26024.0
13_levy_on_flood_none;13;True;none;20;Cidade Baixa;restaurant;104112.0;104112.0;0.0;1.0;104112.0
13_levy_on_flood_none;13;True;none;20;Farroupilha;marketplace;6192.0;6192.0;0.0;1.0;6192.0
13_levy_on_flood_none;13;True;none;20;Farroupilha;pharmacy;1552.0;1552.0;0.0;1.0;1552.0
13_levy_on_flood_none;13;True;none;20;Farroupilha;restaurant;6192.0;6192.0;0.0;1.0;6192.0
13_levy_on_flood_none;13;True;none;20;Floresta;marketplace;70384.0;70384.0;0.0;1.0;70384.0
13_levy_on_flood_none;13;True;none;20;Floresta;pharmacy;17576.0;17576.0;0.0;1.0;17576.0
13_levy_on_flood_none;13;True;none;20;Floresta;restaurant;70384.0;70384.0;0.0;1.0;70384.0
13_levy_on_flood_none;13;True;none;20;Independência;marketplace;55080.0;55080.0;0.0;1.0;55080.0
13_levy_on_flood_none;13;True;none;20;Independência;pharmacy;13752.0;13752.0;0.0;1.0;13752.0
13_levy_on_flood_none;13;True;none;20;Independência;restaurant;55080.0;55080.0;0.0;1.0;55080.0
13_levy_on_flood_none;13;True;none;20;Moinhos de Vento;marketplace;79960.0;79960.0;0.0;1.0;79960.0
13_levy_on_flood_none;13;True;none;20;Moinhos de Vento;pharmacy;20000.0;20000.0;0.0;1.0;20000.0
13_levy_on_flood_none;13;True;none;20;Moinhos de Vento;restaurant;79960.0;79960.0;0.0;1.0;79960.0
13_levy_on_flood_none;13;True;none;20;Praia de Belas;marketplace;12176.0;12176.0;0.0;1.0;12176.0
13_levy_on_flood_none;13;True;none;20;Praia de Belas;pharmacy;3048.0;3048.0;0.0;1.0;3048.0
13_levy_on_flood_none;13;True;none;20;Praia de Belas;restaurant;12176.0;12176.0;0.0;1.0;12176.0
13_levy_on_flood_none;13;True;none;20;Rio Branco;marketplace;125680.0;125680.0;0.0;1.0;125680.0
13_levy_on_flood_none;13;True;none;20;Rio Branco;pharmacy;31408.0;31408.0;0.0;1.0;31408.0
13_levy_on_flood_none;13;True;none;20;Rio Branco;restaurant;125680.0;125680.0;0.0;1.0;125680.0
13_levy_on_flood_none;13;True;none;20;Santa Cecília;marketplace;37120.0;37120.0;0.0;1.0;37120.0
13_levy_on_flood_none;13;True;none;20;Santa Cecília;pharmacy;9288.0;9288.0;0.0;1.0;9288.0
13_levy_on_flood_none;13;True;none;20;Santa Cecília;restaurant;37120.0;37120.0;0.0;1.0;37120.0
13_levy_on_flood_none;13;True;none;20;Santana;marketplace;142352.0;142352.0;0.0;1.0;142352.0
13_levy_on_flood_none;13;True;none;20;Santana;pharmacy;35576.0;35576.0;0.0;1.0;35576.0
13_levy_on_flood_none;13;True;none;20;Santana;restaurant;142352.0;142352.0;0.0;1.0;142352.0
13_levy_on_flood_none;13;True;none;21;Azenha;marketplace;96512.0;96512.0;0.0;1.0;96512.0
13_levy_on_flood_none;13;True;none;21;Azenha;pharmacy;24144.0;24144.0;0.0;1.0;24144.0
13_levy_on_flood_none;13;True;none;21;Azenha;restaurant;96512.0;96512.0;0.0;1.0;96512.0
13_levy_on_flood_none;13;True;none;21;Bom Fim;marketplace;81280.0;81280.0;0.0;1.0;81280.0
13_levy_on_flood_none;13;True;none;21;Bom Fim;pharmacy;20320.0;20320.0;0.0;1.0;20320.0
13_levy_on_flood_none;13;True;none;21;Bom Fim;restaurant;81280.0;81280.0;0.0;1.0;81280.0
13_levy_on_flood_none;13;True;none;21;Centro Histórico;marketplace;244552.0;244552.0;0.0;1.0;244552.0
13_levy_on_flood_none;13;True;none;21;Centro Histórico;pharmacy;61128.0;61128.0;0.0;1.0;61128.0
13_levy_on_flood_none;13;True;none;21;Centro Histórico;restaurant;244552.0;244552.0;0.0;1.0;244552.0
13_levy_on_flood_none;13;True;none;21;Cidade Baixa;marketplace;104112.0;104112.0;0.0;1.0;104112.0
13_levy_on_flood_none;13;True;none;21;Cidade Baixa;pharmacy;26024.0;26024.0;0.0;1.0;26024.0
13_levy_on_flood_none;13;True;none;21;Cidade Baixa;restaurant;104112.0;104112.0;0.0;1.0;104112.0
13_levy_on_flood_none;13;True;none;21;Farroupilha;marketplace;6192.0;6192.0;0.0;1.0;6192.0
13_levy_on_flood_none;13;True;none;21;Farroupilha;pharmacy;1552.0;1552.0;0.0;1.0;1552.0
13_levy_on_flood_none;13;True;none;21;Farroupilha;restaurant;6192.0;6192.0;0.0;1.0;6192.0
13_levy_on_flood_none;13;True;none;21;Floresta;marketplace;70384.0;70384.0;0.0;1.0;70384.0
13_levy_on_flood_none;13;True;none;21;Floresta;pharmacy;17576.0;17576.0;0.0;1.0;17576.0
13_levy_on_flood_none;13;True;none;21;Floresta;restaurant;70384.0;70384.0;0.0;1.0;70384.0
13_levy_on_flood_none;13;True;none;21;Independência;marketplace;55080.0;55080.0;0.0;1.0;55080.0
13_levy_on_flood_none;13;True;none;21;Independência;pharmacy;13752.0;13752.0;0.0;1.0;13752.0
13_levy_on_flood_none;13;True;none;21;Independência;restaurant;55080.0;55080.0;0.0;1.0;55080.0
13_levy_on_flood_none;13;True;none;21;Moinhos de Vento;marketplace;79960.0;79960.0;0.0;1.0;79960.0
13_levy_on_flood_none;13;True;none;21;Moinhos de Vento;pharmacy;20000.0;20000.0;0.0;1.0;20000.0
13_levy_on_flood_none;13;True;none;21;Moinhos de Vento;restaurant;79960.0;79960.0;0.0;1.0;79960.0
13_levy_on_flood_none;13;True;none;21;Praia de Belas;marketplace;12176.0;12176.0;0.0;1.0;12176.0
13_levy_on_flood_none;13;True;none;21;Praia de Belas;pharmacy;3048.0;3048.0;0.0;1.0;3048.0
13_levy_on_flood_none;13;True;none;21;Praia de Belas;restaurant;12176.0;12176.0;0.0;1.0;12176.0
13_levy_on_flood_none;13;True;none;21;Rio Branco;marketplace;125680.0;125680.0;0.0;1.0;125680.0
13_levy_on_flood_none;13;True;none;21;Rio Branco;pharmacy;31408.0;31408.0;0.0;1.0;31408.0
13_levy_on_flood_none;13;True;none;21;Rio Branco;restaurant;125680.0;125680.0;0.0;1.0;125680.0
13_levy_on_flood_none;13;True;none;21;Santa Cecília;marketplace;37120.0;37120.0;0.0;1.0;37120.0
13_levy_on_flood_none;13;True;none;21;Santa Cecília;pharmacy;9288.0;9288.0;0.0;1.0;9288.0
13_levy_on_flood_none;13;True;none;21;Santa Cecília;restaurant;37120.0;37120.0;0.0;1.0;37120.0
13_levy_on_flood_none;13;True;none;21;Santana;marketplace;142352.0;142352.0;0.0;1.0;142352.0
13_levy_on_flood_none;13;True;none;21;Santana;pharmacy;35576.0;35576.0;0.0;1.0;35576.0
13_levy_on_flood_none;13;True;none;21;Santana;restaurant;142352.0;142352.0;0.0;1.0;142352.0
13_levy_on_flood_none;13;True;none;22;Azenha;marketplace;96512.0;96512.0;0.0;1.0;96512.0
13_levy_on_flood_none;13;True;none;22;Azenha;pharmacy;24144.0;24144.0;0.0;1.0;24144.0
13_levy_on_flood_none;13;True;none;22;Azenha;restaurant;96512.0;96512.0;0.0;1.0;96512.0
13_levy_on_flood_none;13;True;none;22;Bom Fim;marketplace;81280.0;81280.0;0.0;1.0;81280.0
13_levy_on_flood_none;13;True;none;22;Bom Fim;pharmacy;20320.0;20320.0;0.0;1.0;20320.0
13_levy_on_flood_none;13;True;none;22;Bom Fim;restaurant;81280.0;81280.0;0.0;1.0;81280.0
13_levy_on_flood_none;13;True;none;22;Centro Histórico;marketplace;244552.0;244552.0;0.0;1.0;244552.0
13_levy_on_flood_none;13;True;none;22;Centro Histórico;pharmacy;61128.0;61128.0;0.0;1.0;61128.0
13_levy_on_flood_none;13;True;none;22;Centro Histórico;restaurant;244552.0;244552.0;0.0;1.0;244552.0
13_levy_on_flood_none;13;True;none;22;Cidade Baixa;marketplace;104112.0;104112.0;0.0;1.0;104112.0
13_levy_on_flood_none;13;True;none;22;Cidade Baixa;pharmacy;26024.0;26024.0;0.0;1.0;26024.0
13_levy_on_flood_none;13;True;none;22;Cidade Baixa;restaurant;104112.0;104112.0;0.0;1.0;104112.0
13_levy_on_flood_none;13;True;none;22;Farroupilha;marketplace;6192.0;6192.0;0.0;1.0;6192.0
13_levy_on_flood_none;13;True;none;22;Farroupilha;pharmacy;1552.0;1552.0;0.0;1.0;1552.0
13_levy_on_flood_none;13;True;none;22;Farroupilha;restaurant;6192.0;6192.0;0.0;1.0;6192.0
13_levy_on_flood_none;13;True;none;22;Floresta;marketplace;70384.0;70384.0;0.0;1.0;70384.0
13_levy_on_flood_none;13;True;none;22;Floresta;pharmacy;17576.0;17576.0;0.0;1.0;17576.0
13_levy_on_flood_none;13;True;none;22;Floresta;restaurant;70384.0;70384.0;0.0;1.0;70384.0
13_levy_on_flood_none;13;True;none;22;Independência;marketplace;55080.0;55080.0;0.0;1.0;55080.0
13_levy_on_flood_none;13;True;none;22;Independência;pharmacy;13752.0;13752.0;0.0;1.0;13752.0
13_levy_on_flood_none;13;True;none;22;Independência;restaurant;55080.0;55080.0;0.0;1.0;55080.0
13_levy_on_flood_none;13;True;none;22;Moinhos de Vento;marketplace;79960.0;79960.0;0.0;1.0;79960.0
13_levy_on_flood_none;13;True;none;22;Moinhos de Vento;pharmacy;20000.0;20000.0;0.0;1.0;20000.0
13_levy_on_flood_none;13;True;none;22;Moinhos de Vento;restaurant;79960.0;79960.0;0.0;1.0;79960.0
13_levy_on_flood_none;13;True;none;22;Praia de Belas;marketplace;12176.0;12176.0;0.0;1.0;12176.0
13_levy_on_flood_none;13;True;none;22;Praia de Belas;pharmacy;3048.0;3048.0;0.0;1.0;3048.0
13_levy_on_flood_none;13;True;none;22;Praia de Belas;restaurant;12176.0;12176.0;0.0;1.0;12176.0
13_levy_on_flood_none;13;True;none;22;Rio Branco;marketplace;125680.0;125680.0;0.0;1.0;125680.0
13_levy_on_flood_none;13;True;none;22;Rio Branco;pharmacy;31408.0;31408.0;0.0;1.0;31408.0
13_levy_on_flood_none;13;True;none;22;Rio Branco;restaurant;125680.0;125680.0;0.0;1.0;125680.0
13_levy_on_flood_none;13;True;none;22;Santa Cecília;marketplace;37120.0;37120.0;0.0;1.0;37120.0
13_levy_on_flood_none;13;True;none;22;Santa Cecília;pharmacy;9288.0;9288.0;0.0;1.0;9288.0
13_levy_on_flood_none;13;True;none;22;Santa Cecília;restaurant;37120.0;37120.0;0.0;1.0;37120.0
13_levy_on_flood_none;13;True;none;22;Santana;marketplace;142352.0;142352.0;0.0;1.0;142352.0
13_levy_on_flood_none;13;True;none;22;Santana;pharmacy;35576.0;35576.0;0.0;1.0;35576.0
13_levy_on_flood_none;13;True;none;22;Santana;restaurant;142352.0;142352.0;0.0;1.0;142352.0
13_levy_on_flood_none;13;True;none;23;Azenha;marketplace;96512.0;96512.0;0.0;1.0;96512.0
13_levy_on_flood_none;13;True;none;23;Azenha;pharmacy;24144.0;24144.0;0.0;1.0;24144.0
13_levy_on_flood_none;13;True;none;23;Azenha;restaurant;96512.0;96512.0;0.0;1.0;96512.0
13_levy_on_flood_none;13;True;none;23;Bom Fim;marketplace;81280.0;81280.0;0.0;1.0;81280.0
13_levy_on_flood_none;13;True;none;23;Bom Fim;pharmacy;20320.0;20320.0;0.0;1.0;20320.0
13_levy_on_flood_none;13;True;none;23;Bom Fim;restaurant;81280.0;81280.0;0.0;1.0;81280.0
13_levy_on_flood_none;13;True;none;23;Centro Histórico;marketplace;244552.0;244552.0;0.0;1.0;244552.0
13_levy_on_flood_none;13;True;none;23;Centro Histórico;pharmacy;61128.0;61128.0;0.0;1.0;61128.0
13_levy_on_flood_none;13;True;none;23;Centro Histórico;restaurant;244552.0;244552.0;0.0;1.0;244552.0
13_levy_on_flood_none;13;True;none;23;Cidade Baixa;marketplace;104112.0;104112.0;0.0;1.0;104112.0
13_levy_on_flood_none;13;True;none;23;Cidade Baixa;pharmacy;26024.0;26024.0;0.0;1.0;26024.0
13_levy_on_flood_none;13;True;none;23;Cidade Baixa;restaurant;104112.0;104112.0;0.0;1.0;104112.0
13_levy_on_flood_none;13;True;none;23;Farroupilha;marketplace;6192.0;6192.0;0.0;1.0;6192.0
13_levy_on_flood_none;13;True;none;23;Farroupilha;pharmacy;1552.0;1552.0;0.0;1.0;1552.0
13_levy_on_flood_none;13;True;none;23;Farroupilha;restaurant;6192.0;6192.0;0.0;1.0;6192.0
13_levy_on_flood_none;13;True;none;23;Floresta;marketplace;70384.0;70384.0;0.0;1.0;70384.0
13_levy_on_flood_none;13;True;none;23;Floresta;pharmacy;17576.0;17576.0;0.0;1.0;17576.0
13_levy_on_flood_none;13;True;none;23;Floresta;restaurant;70384.0;70384.0;0.0;1.0;70384.0
13_levy_on_flood_none;13;True;none;23;Independência;marketplace;55080.0;55080.0;0.0;1.0;55080.0
13_levy_on_flood_none;13;True;none;23;Independência;pharmacy;13752.0;13752.0;0.0;1.0;13752.0
13_levy_on_flood_none;13;True;none;23;Independência;restaurant;55080.0;55080.0;0.0;1.0;55080.0
13_levy_on_flood_none;13;True;none;23;Moinhos de Vento;marketplace;79960.0;79960.0;0.0;1.0;79960.0
13_levy_on_flood_none;13;True;none;23;Moinhos de Vento;pharmacy;20000.0;20000.0;0.0;1.0;20000.0
13_levy_on_flood_none;13;True;none;23;Moinhos de Vento;restaurant;79960.0;79960.0;0.0;1.0;79960.0
13_levy_on_flood_none;13;True;none;23;Praia de Belas;marketplace;12176.0;12176.0;0.0;1.0;12176.0
13_levy_on_flood_none;13;True;none;23;Praia de Belas;pharmacy;3048.0;3048.0;0.0;1.0;3048.0
13_levy_on_flood_none;13;True;none;23;Praia de Belas;restaurant;12176.0;12176.0;0.0;1.0;12176.0
13_levy_on_flood_none;13;True;none;23;Rio Branco;marketplace;125680.0;125680.0;0.0;1.0;125680.0
13_levy_on_flood_none;13;True;none;23;Rio Branco;pharmacy;31408.0;31408.0;0.0;1.0;31408.0
13_levy_on_flood_none;13;True;none;23;Rio Branco;restaurant;125680.0;125680.0;0.0;1.0;125680.0
13_levy_on_flood_none;13;True;none;23;Santa Cecília;marketplace;37120.0;37120.0;0.0;1.0;37120.0
13_levy_on_flood_none;13;True;none;23;Santa Cecília;pharmacy;9288.0;9288.0;0.0;1.0;9288.0
13_levy_on_flood_none;13;True;none;23;Santa Cecília;restaurant;37120.0;37120.0;0.0;1.0;37120.0
13_levy_on_flood_none;13;True;none;23;Santana;marketplace;142352.0;142352.0;0.0;1.0;142352.0
13_levy_on_flood_none;13;True;none;23;Santana;pharmacy;35576.0;35576.0;0.0;1.0;35576.0
13_levy_on_flood_none;13;True;none;23;Santana;restaurant;142352.0;142352.0;0.0;1.0;142352.0
13_levy_on_flood_none;13;True;none;24;Azenha;marketplace;96512.0;96512.0;0.0;1.0;96512.0
13_levy_on_flood_none;13;True;none;24;Azenha;pharmacy;24144.0;24144.0;0.0;1.0;24144.0
13_levy_on_flood_none;13;True;none;24;Azenha;restaurant;96512.0;96512.0;0.0;1.0;96512.0
13_levy_on_flood_none;13;True;none;24;Bom Fim;marketplace;81280.0;81280.0;0.0;1.0;81280.0
13_levy_on_flood_none;13;True;none;24;Bom Fim;pharmacy;20320.0;20320.0;0.0;1.0;20320.0
13_levy_on_flood_none;13;True;none;24;Bom Fim;restaurant;81280.0;81280.0;0.0;1.0;81280.0
13_levy_on_flood_none;13;True;none;24;Centro Histórico;marketplace;244552.0;244552.0;0.0;1.0;244552.0
13_levy_on_flood_none;13;True;none;24;Centro Histórico;pharmacy;61128.0;61128.0;0.0;1.0;61128.0
13_levy_on_flood_none;13;True;none;24;Centro Histórico;restaurant;244552.0;244552.0;0.0;1.0;244552.0
13_levy_on_flood_none;13;True;none;24;Cidade Baixa;marketplace;104112.0;104112.0;0.0;1.0;104112.0
13_levy_on_flood_none;13;True;none;24;Cidade Baixa;pharmacy;26024.0;26024.0;0.0;1.0;26024.0
13_levy_on_flood_none;13;True;none;24;Cidade Baixa;restaurant;104112.0;104112.0;0.0;1.0;104112.0
13_levy_on_flood_none;13;True;none;24;Farroupilha;marketplace;6192.0;6192.0;0.0;1.0;6192.0
13_levy_on_flood_none;13;True;none;24;Farroupilha;pharmacy;1552.0;1552.0;0.0;1.0;1552.0
13_levy_on_flood_none;13;True;none;24;Farroupilha;restaurant;6192.0;6192.0;0.0;1.0;6192.0
13_levy_on_flood_none;13;True;none;24;Floresta;marketplace;70384.0;70384.0;0.0;1.0;70384.0
13_levy_on_flood_none;13;True;none;24;Floresta;pharmacy;17576.0;17576.0;0.0;1.0;17576.0
13_levy_on_flood_none;13;True;none;24;Floresta;restaurant;70384.0;70384.0;0.0;1.0;70384.0
13_levy_on_flood_none;13;True;none;24;Independência;marketplace;55080.0;55080.0;0.0;1.0;55080.0
13_levy_on_flood_none;13;True;none;24;Independência;pharmacy;13752.0;13752.0;0.0;1.0;13752.0
13_levy_on_flood_none;13;True;none;24;Independência;restaurant;55080.0;55080.0;0.0;1.0;55080.0
13_levy_on_flood_none;13;True;none;24;Moinhos de Vento;marketplace;79960.0;79960.0;0.0;1.0;79960.0
13_levy_on_flood_none;13;True;none;24;Moinhos de Vento;pharmacy;20000.0;20000.0;0.0;1.0;20000.0
13_levy_on_flood_none;13;True;none;24;Moinhos de Vento;restaurant;79960.0;79960.0;0.0;1.0;79960.0
13_levy_on_flood_none;13;True;none;24;Praia de Belas;marketplace;12176.0;12176.0;0.0;1.0;12176.0
13_levy_on_flood_none;13;True;none;24;Praia de Belas;pharmacy;3048.0;3048.0;0.0;1.0;3048.0
13_levy_on_flood_none;13;True;none;24;Praia de Belas;restaurant;12176.0;12176.0;0.0;1.0;12176.0
13_levy_on_flood_none;13;True;none;24;Rio Branco;marketplace;125680.0;125680.0;0.0;1.0;125680.0
13_levy_on_flood_none;13;True;none;24;Rio Branco;pharmacy;31408.0;31408.0;0.0;1.0;31408.0
13_levy_on_flood_none;13;True;none;24;Rio Branco;restaurant;125680.0;125680.0;0.0;1.0;125680.0
13_levy_on_flood_none;13;True;none;24;Santa Cecília;marketplace;37120.0;37120.0;0.0;1.0;37120.0
13_levy_on_flood_none;13;True;none;24;Santa Cecília;pharmacy;9288.0;9288.0;0.0;1.0;9288.0
13_levy_on_flood_none;13;True;none;24;Santa Cecília;restaurant;37120.0;37120.0;0.0;1.0;37120.0
13_levy_on_flood_none;13;True;none;24;Santana;marketplace;142352.0;142352.0;0.0;1.0;142352.0
13_levy_on_flood_none;13;True;none;24;Santana;pharmacy;35576.0;35576.0;0.0;1.0;35576.0
13_levy_on_flood_none;13;True;none;24;Santana;restaurant;142352.0;142352.0;0.0;1.0;142352.0
13_levy_on_flood_none;13;True;none;25;Azenha;marketplace;96512.0;96512.0;0.0;1.0;96512.0
13_levy_on_flood_none;13;True;none;25;Azenha;pharmacy;24144.0;24144.0;0.0;1.0;24144.0
13_levy_on_flood_none;13;True;none;25;Azenha;restaurant;96512.0;96512.0;0.0;1.0;96512.0
13_levy_on_flood_none;13;True;none;25;Bom Fim;marketplace;81280.0;81280.0;0.0;1.0;81280.0
13_levy_on_flood_none;13;True;none;25;Bom Fim;pharmacy;20320.0;20320.0;0.0;1.0;20320.0
13_levy_on_flood_none;13;True;none;25;Bom Fim;restaurant;81280.0;81280.0;0.0;1.0;81280.0
13_levy_on_flood_none;13;True;none;25;Centro Histórico;marketplace;244552.0;244552.0;0.0;1.0;244552.0
13_levy_on_flood_none;13;True;none;25;Centro Histórico;pharmacy;61128.0;61128.0;0.0;1.0;61128.0
13_levy_on_flood_none;13;True;none;25;Centro Histórico;restaurant;244552.0;244552.0;0.0;1.0;244552.0
13_levy_on_flood_none;13;True;none;25;Cidade Baixa;marketplace;104112.0;104112.0;0.0;1.0;104112.0
13_levy_on_flood_none;13;True;none;25;Cidade Baixa;pharmacy;26024.0;26024.0;0.0;1.0;26024.0
13_levy_on_flood_none;13;True;none;25;Cidade Baixa;restaurant;104112.0;104112.0;0.0;1.0;104112.0
13_levy_on_flood_none;13;True;none;25;Farroupilha;marketplace;6192.0;6192.0;0.0;1.0;6192.0
13_levy_on_flood_none;13;True;none;25;Farroupilha;pharmacy;1552.0;1552.0;0.0;1.0;1552.0
13_levy_on_flood_none;13;True;none;25;Farroupilha;restaurant;6192.0;6192.0;0.0;1.0;6192.0
13_levy_on_flood_none;13;True;none;25;Floresta;marketplace;70384.0;70384.0;0.0;1.0;70384.0
13_levy_on_flood_none;13;True;none;25;Floresta;pharmacy;17576.0;17576.0;0.0;1.0;17576.0
13_levy_on_flood_none;13;True;none;25;Floresta;restaurant;70384.0;70384.0;0.0;1.0;70384.0
13_levy_on_flood_none;13;True;none;25;Independência;marketplace;55080.0;55080.0;0.0;1.0;55080.0
13_levy_on_flood_none;13;True;none;25;Independência;pharmacy;13752.0;13752.0;0.0;1.0;13752.0
13_levy_on_flood_none;13;True;none;25;Independência;restaurant;55080.0;55080.0;0.0;1.0;55080.0
13_levy_on_flood_none;13;True;none;25;Moinhos de Vento;marketplace;79960.0;79960.0;0.0;1.0;79960.0
13_levy_on_flood_none;13;True;none;25;Moinhos de Vento;pharmacy;20000.0;20000.0;0.0;1.0;20000.0
13_levy_on_flood_none;13;True;none;25;Moinhos de Vento;restaurant;79960.0;79960.0;0.0;1.0;79960.0
13_levy_on_flood_none;13;True;none;25;Praia de Belas;marketplace;12176.0;12176.0;0.0;1.0;12176.0
13_levy_on_flood_none;13;True;none;25;Praia de Belas;pharmacy;3048.0;3048.0;0.0;1.0;3048.0
13_levy_on_flood_none;13;True;none;25;Praia de Belas;restaurant;12176.0;12176.0;0.0;1.0;12176.0
13_levy_on_flood_none;13;True;none;25;Rio Branco;marketplace;125680.0;125680.0;0.0;1.0;125680.0
13_levy_on_flood_none;13;True;none;25;Rio Branco;pharmacy;31408.0;31408.0;0.0;1.0;31408.0
13_levy_on_flood_none;13;True;none;25;Rio Branco;restaurant;125680.0;125680.0;0.0;1.0;125680.0
13_levy_on_flood_none;13;True;none;25;Santa Cecília;marketplace;37120.0;37120.0;0.0;1.0;37120.0
13_levy_on_flood_none;13;True;none;25;Santa Cecília;pharmacy;9288.0;9288.0;0.0;1.0;9288.0
13_levy_on_flood_none;13;True;none;25;Santa Cecília;restaurant;37120.0;37120.0;0.0;1.0;37120.0
13_levy_on_flood_none;13;True;none;25;Santana;marketplace;142352.0;142352.0;0.0;1.0;142352.0
13_levy_on_flood_none;13;True;none;25;Santana;pharmacy;35576.0;35576.0;0.0;1.0;35576.0
13_levy_on_flood_none;13;True;none;25;Santana;restaurant;142352.0;142352.0;0.0;1.0;142352.0
13_levy_on_flood_none;13;True;none;26;Azenha;marketplace;96512.0;96512.0;0.0;1.0;96512.0
13_levy_on_flood_none;13;True;none;26;Azenha;pharmacy;24144.0;24144.0;0.0;1.0;24144.0
13_levy_on_flood_none;13;True;none;26;Azenha;restaurant;96512.0;96512.0;0.0;1.0;96512.0
13_levy_on_flood_none;13;True;none;26;Bom Fim;marketplace;81280.0;81280.0;0.0;1.0;81280.0
13_levy_on_flood_none;13;True;none;26;Bom Fim;pharmacy;20320.0;20320.0;0.0;1.0;20320.0
13_levy_on_flood_none;13;True;none;26;Bom Fim;restaurant;81280.0;81280.0;0.0;1.0;81280.0
13_levy_on_flood_none;13;True;none;26;Centro Histórico;marketplace;244552.0;244552.0;0.0;1.0;244552.0
13_levy_on_flood_none;13;True;none;26;Centro Histórico;pharmacy;61128.0;61128.0;0.0;1.0;61128.0
13_levy_on_flood_none;13;True;none;26;Centro Histórico;restaurant;244552.0;244552.0;0.0;1.0;244552.0
13_levy_on_flood_none;13;True;none;26;Cidade Baixa;marketplace;104112.0;104112.0;0.0;1.0;104112.0
13_levy_on_flood_none;13;True;none;26;Cidade Baixa;pharmacy;26024.0;26024.0;0.0;1.0;26024.0
13_levy_on_flood_none;13;True;none;26;Cidade Baixa;restaurant;104112.0;104112.0;0.0;1.0;104112.0
13_levy_on_flood_none;13;True;none;26;Farroupilha;marketplace;6192.0;6192.0;0.0;1.0;6192.0
13_levy_on_flood_none;13;True;none;26;Farroupilha;pharmacy;1552.0;1552.0;0.0;1.0;1552.0
13_levy_on_flood_none;13;True;none;26;Farroupilha;restaurant;6192.0;6192.0;0.0;1.0;6192.0
13_levy_on_flood_none;13;True;none;26;Floresta;marketplace;70384.0;70384.0;0.0;1.0;70384.0
13_levy_on_flood_none;13;True;none;26;Floresta;pharmacy;17576.0;17576.0;0.0;1.0;17576.0
13_levy_on_flood_none;13;True;none;26;Floresta;restaurant;70384.0;70384.0;0.0;1.0;70384.0
13_levy_on_flood_none;13;True;none;26;Independência;marketplace;55080.0;55080.0;0.0;1.0;55080.0
13_levy_on_flood_none;13;True;none;26;Independência;pharmacy;13752.0;13752.0;0.0;1.0;13752.0
13_levy_on_flood_none;13;True;none;26;Independência;restaurant;55080.0;55080.0;0.0;1.0;55080.0
13_levy_on_flood_none;13;True;none;26;Moinhos de Vento;marketplace;79960.0;79960.0;0.0;1.0;79960.0
13_levy_on_flood_none;13;True;none;26;Moinhos de Vento;pharmacy;20000.0;20000.0;0.0;1.0;20000.0
13_levy_on_flood_none;13;True;none;26;Moinhos de Vento;restaurant;79960.0;79960.0;0.0;1.0;79960.0
13_levy_on_flood_none;13;True;none;26;Praia de Belas;marketplace;12176.0;12176.0;0.0;1.0;12176.0
13_levy_on_flood_none;13;True;none;26;Praia de Belas;pharmacy;3048.0;3048.0;0.0;1.0;3048.0
13_levy_on_flood_none;13;True;none;26;Praia de Belas;restaurant;12176.0;12176.0;0.0;1.0;12176.0
13_levy_on_flood_none;13;True;none;26;Rio Branco;marketplace;125680.0;125680.0;0.0;1.0;125680.0
13_levy_on_flood_none;13;True;none;26;Rio Branco;pharmacy;31408.0;31408.0;0.0;1.0;31408.0
13_levy_on_flood_none;13;True;none;26;Rio Branco;restaurant;125680.0;125680.0;0.0;1.0;125680.0
13_levy_on_flood_none;13;True;none;26;Santa Cecília;marketplace;37120.0;37120.0;0.0;1.0;37120.0
13_levy_on_flood_none;13;True;none;26;Santa Cecília;pharmacy;9288.0;9288.0;0.0;1.0;9288.0
13_levy_on_flood_none;13;True;none;26;Santa Cecília;restaurant;37120.0;37120.0;0.0;1.0;37120.0
13_levy_on_flood_none;13;True;none;26;Santana;marketplace;142352.0;142352.0;0.0;1.0;142352.0
13_levy_on_flood_none;13;True;none;26;Santana;pharmacy;35576.0;35576.0;0.0;1.0;35576.0
13_levy_on_flood_none;13;True;none;26;Santana;restaurant;142352.0;142352.0;0.0;1.0;142352.0
13_levy_on_flood_none;13;True;none;27;Azenha;marketplace;96512.0;96512.0;0.0;1.0;96512.0
13_levy_on_flood_none;13;True;none;27;Azenha;pharmacy;24144.0;24144.0;0.0;1.0;24144.0
13_levy_on_flood_none;13;True;none;27;Azenha;restaurant;96512.0;96512.0;0.0;1.0;96512.0
13_levy_on_flood_none;13;True;none;27;Bom Fim;marketplace;81280.0;81280.0;0.0;1.0;81280.0
13_levy_on_flood_none;13;True;none;27;Bom Fim;pharmacy;20320.0;20320.0;0.0;1.0;20320.0
13_levy_on_flood_none;13;True;none;27;Bom Fim;restaurant;81280.0;81280.0;0.0;1.0;81280.0
13_levy_on_flood_none;13;True;none;27;Centro Histórico;marketplace;244552.0;244552.0;0.0;1.0;244552.0
13_levy_on_flood_none;13;True;none;27;Centro Histórico;pharmacy;61128.0;61128.0;0.0;1.0;61128.0
13_levy_on_flood_none;13;True;none;27;Centro Histórico;restaurant;244552.0;244552.0;0.0;1.0;244552.0
13_levy_on_flood_none;13;True;none;27;Cidade Baixa;marketplace;104112.0;104112.0;0.0;1.0;104112.0
13_levy_on_flood_none;13;True;none;27;Cidade Baixa;pharmacy;26024.0;26024.0;0.0;1.0;26024.0
13_levy_on_flood_none;13;True;none;27;Cidade Baixa;restaurant;104112.0;104112.0;0.0;1.0;104112.0
13_levy_on_flood_none;13;True;none;27;Farroupilha;marketplace;6192.0;6192.0;0.0;1.0;6192.0
13_levy_on_flood_none;13;True;none;27;Farroupilha;pharmacy;1552.0;1552.0;0.0;1.0;1552.0
13_levy_on_flood_none;13;True;none;27;Farroupilha;restaurant;6192.0;6192.0;0.0;1.0;6192.0
13_levy_on_flood_none;13;True;none;27;Floresta;marketplace;70384.0;70384.0;0.0;1.0;70384.0
13_levy_on_flood_none;13;True;none;27;Floresta;pharmacy;17576.0;17576.0;0.0;1.0;17576.0
13_levy_on_flood_none;13;True;none;27;Floresta;restaurant;70384.0;70384.0;0.0;1.0;70384.0
13_levy_on_flood_none;13;True;none;27;Independência;marketplace;55080.0;55080.0;0.0;1.0;55080.0
13_levy_on_flood_none;13;True;none;27;Independência;pharmacy;13752.0;13752.0;0.0;1.0;13752.0
13_levy_on_flood_none;13;True;none;27;Independência;restaurant;55080.0;55080.0;0.0;1.0;55080.0
13_levy_on_flood_none;13;True;none;27;Moinhos de Vento;marketplace;79960.0;79960.0;0.0;1.0;79960.0
13_levy_on_flood_none;13;True;none;27;Moinhos de Vento;pharmacy;20000.0;20000.0;0.0;1.0;20000.0
13_levy_on_flood_none;13;True;none;27;Moinhos de Vento;restaurant;79960.0;79960.0;0.0;1.0;79960.0
13_levy_on_flood_none;13;True;none;27;Praia de Belas;marketplace;12176.0;12176.0;0.0;1.0;12176.0
13_levy_on_flood_none;13;True;none;27;Praia de Belas;pharmacy;3048.0;3048.0;0.0;1.0;3048.0
13_levy_on_flood_none;13;True;none;27;Praia de Belas;restaurant;12176.0;12176.0;0.0;1.0;12176.0
13_levy_on_flood_none;13;True;none;27;Rio Branco;marketplace;125680.0;125680.0;0.0;1.0;125680.0
13_levy_on_flood_none;13;True;none;27;Rio Branco;pharmacy;31408.0;31408.0;0.0;1.0;31408.0
13_levy_on_flood_none;13;True;none;27;Rio Branco;restaurant;125680.0;125680.0;0.0;1.0;125680.0
13_levy_on_flood_none;13;True;none;27;Santa Cecília;marketplace;37120.0;37120.0;0.0;1.0;37120.0
13_levy_on_flood_none;13;True;none;27;Santa Cecília;pharmacy;9288.0;9288.0;0.0;1.0;9288.0
13_levy_on_flood_none;13;True;none;27;Santa Cecília;restaurant;37120.0;37120.0;0.0;1.0;37120.0
13_levy_on_flood_none;13;True;none;27;Santana;marketplace;142352.0;142352.0;0.0;1.0;142352.0
13_levy_on_flood_none;13;True;none;27;Santana;pharmacy;35576.0;35576.0;0.0;1.0;35576.0
13_levy_on_flood_none;13;True;none;27;Santana;restaurant;142352.0;142352.0;0.0;1.0;142352.0
13_levy_on_flood_none;13;True;none;28;Azenha;marketplace;96512.0;96512.0;0.0;1.0;96512.0
13_levy_on_flood_none;13;True;none;28;Azenha;pharmacy;24144.0;24144.0;0.0;1.0;24144.0
13_levy_on_flood_none;13;True;none;28;Azenha;restaurant;96512.0;96512.0;0.0;1.0;96512.0
13_levy_on_flood_none;13;True;none;28;Bom Fim;marketplace;81280.0;81280.0;0.0;1.0;81280.0
13_levy_on_flood_none;13;True;none;28;Bom Fim;pharmacy;20320.0;20320.0;0.0;1.0;20320.0
13_levy_on_flood_none;13;True;none;28;Bom Fim;restaurant;81280.0;81280.0;0.0;1.0;81280.0
13_levy_on_flood_none;13;True;none;28;Centro Histórico;marketplace;244552.0;244552.0;0.0;1.0;244552.0
13_levy_on_flood_none;13;True;none;28;Centro Histórico;pharmacy;61128.0;61128.0;0.0;1.0;61128.0
13_levy_on_flood_none;13;True;none;28;Centro Histórico;restaurant;244552.0;244552.0;0.0;1.0;244552.0
13_levy_on_flood_none;13;True;none;28;Cidade Baixa;marketplace;104112.0;104112.0;0.0;1.0;104112.0
13_levy_on_flood_none;13;True;none;28;Cidade Baixa;pharmacy;26024.0;26024.0;0.0;1.0;26024.0
13_levy_on_flood_none;13;True;none;28;Cidade Baixa;restaurant;104112.0;104112.0;0.0;1.0;104112.0
13_levy_on_flood_none;13;True;none;28;Farroupilha;marketplace;6192.0;6192.0;0.0;1.0;6192.0
13_levy_on_flood_none;13;True;none;28;Farroupilha;pharmacy;1552.0;1552.0;0.0;1.0;1552.0
13_levy_on_flood_none;13;True;none;28;Farroupilha;restaurant;6192.0;6192.0;0.0;1.0;6192.0
13_levy_on_flood_none;13;True;none;28;Floresta;marketplace;70384.0;70384.0;0.0;1.0;70384.0
13_levy_on_flood_none;13;True;none;28;Floresta;pharmacy;17576.0;17576.0;0.0;1.0;17576.0
13_levy_on_flood_none;13;True;none;28;Floresta;restaurant;70384.0;70384.0;0.0;1.0;70384.0
13_levy_on_flood_none;13;True;none;28;Independência;marketplace;55080.0;55080.0;0.0;1.0;55080.0
13_levy_on_flood_none;13;True;none;28;Independência;pharmacy;13752.0;13752.0;0.0;1.0;13752.0
13_levy_on_flood_none;13;True;none;28;Independência;restaurant;55080.0;55080.0;0.0;1.0;55080.0
13_levy_on_flood_none;13;True;none;28;Moinhos de Vento;marketplace;79960.0;79960.0;0.0;1.0;79960.0
13_levy_on_flood_none;13;True;none;28;Moinhos de Vento;pharmacy;20000.0;20000.0;0.0;1.0;20000.0
13_levy_on_flood_none;13;True;none;28;Moinhos de Vento;restaurant;79960.0;79960.0;0.0;1.0;79960.0
13_levy_on_flood_none;13;True;none;28;Praia de Belas;marketplace;12176.0;12176.0;0.0;1.0;12176.0
13_levy_on_flood_none;13;True;none;28;Praia de Belas;pharmacy;3048.0;3048.0;0.0;1.0;3048.0
13_levy_on_flood_none;13;True;none;28;Praia de Belas;restaurant;12176.0;12176.0;0.0;1.0;12176.0
13_levy_on_flood_none;13;True;none;28;Rio Branco;marketplace;125680.0;125680.0;0.0;1.0;125680.0
13_levy_on_flood_none;13;True;none;28;Rio Branco;pharmacy;31408.0;31408.0;0.0;1.0;31408.0
13_levy_on_flood_none;13;True;none;28;Rio Branco;restaurant;125680.0;125680.0;0.0;1.0;125680.0
13_levy_on_flood_none;13;True;none;28;Santa Cecília;marketplace;37120.0;37120.0;0.0;1.0;37120.0
13_levy_on_flood_none;13;True;none;28;Santa Cecília;pharmacy;9288.0;9288.0;0.0;1.0;9288.0
13_levy_on_flood_none;13;True;none;28;Santa Cecília;restaurant;37120.0;37120.0;0.0;1.0;37120.0
13_levy_on_flood_none;13;True;none;28;Santana;marketplace;142352.0;142352.0;0.0;1.0;142352.0
13_levy_on_flood_none;13;True;none;28;Santana;pharmacy;35576.0;35576.0;0.0;1.0;35576.0
13_levy_on_flood_none;13;True;none;28;Santana;restaurant;142352.0;142352.0;0.0;1.0;142352.0
13_levy_on_flood_none;13;True;none;29;Azenha;marketplace;96512.0;96512.0;0.0;1.0;96512.0
13_levy_on_flood_none;13;True;none;29;Azenha;pharmacy;24144.0;24144.0;0.0;1.0;24144.0
13_levy_on_flood_none;13;True;none;29;Azenha;restaurant;96512.0;96512.0;0.0;1.0;96512.0
13_levy_on_flood_none;13;True;none;29;Bom Fim;marketplace;81280.0;81280.0;0.0;1.0;81280.0
13_levy_on_flood_none;13;True;none;29;Bom Fim;pharmacy;20320.0;20320.0;0.0;1.0;20320.0
13_levy_on_flood_none;13;True;none;29;Bom Fim;restaurant;81280.0;81280.0;0.0;1.0;81280.0
13_levy_on_flood_none;13;True;none;29;Centro Histórico;marketplace;244552.0;244552.0;0.0;1.0;244552.0
13_levy_on_flood_none;13;True;none;29;Centro Histórico;pharmacy;61128.0;61128.0;0.0;1.0;61128.0
13_levy_on_flood_none;13;True;none;29;Centro Histórico;restaurant;244552.0;244552.0;0.0;1.0;244552.0
13_levy_on_flood_none;13;True;none;29;Cidade Baixa;marketplace;104112.0;104112.0;0.0;1.0;104112.0
13_levy_on_flood_none;13;True;none;29;Cidade Baixa;pharmacy;26024.0;26024.0;0.0;1.0;26024.0
13_levy_on_flood_none;13;True;none;29;Cidade Baixa;restaurant;104112.0;104112.0;0.0;1.0;104112.0
13_levy_on_flood_none;13;True;none;29;Farroupilha;marketplace;6192.0;6192.0;0.0;1.0;6192.0
13_levy_on_flood_none;13;True;none;29;Farroupilha;pharmacy;1552.0;1552.0;0.0;1.0;1552.0
13_levy_on_flood_none;13;True;none;29;Farroupilha;restaurant;6192.0;6192.0;0.0;1.0;6192.0
13_levy_on_flood_none;13;True;none;29;Floresta;marketplace;70384.0;70384.0;0.0;1.0;70384.0
13_levy_on_flood_none;13;True;none;29;Floresta;pharmacy;17576.0;17576.0;0.0;1.0;17576.0
13_levy_on_flood_none;13;True;none;29;Floresta;restaurant;70384.0;70384.0;0.0;1.0;70384.0
13_levy_on_flood_none;13;True;none;29;Independência;marketplace;55080.0;55080.0;0.0;1.0;55080.0
13_levy_on_flood_none;13;True;none;29;Independência;pharmacy;13752.0;13752.0;0.0;1.0;13752.0
13_levy_on_flood_none;13;True;none;29;Independência;restaurant;55080.0;55080.0;0.0;1.0;55080.0
13_levy_on_flood_none;13;True;none;29;Moinhos de Vento;marketplace;79960.0;79960.0;0.0;1.0;79960.0
13_levy_on_flood_none;13;True;none;29;Moinhos de Vento;pharmacy;20000.0;20000.0;0.0;1.0;20000.0
13_levy_on_flood_none;13;True;none;29;Moinhos de Vento;restaurant;79960.0;79960.0;0.0;1.0;79960.0
13_levy_on_flood_none;13;True;none;29;Praia de Belas;marketplace;12176.0;12176.0;0.0;1.0;12176.0
13_levy_on_flood_none;13;True;none;29;Praia de Belas;pharmacy;3048.0;3048.0;0.0;1.0;3048.0
13_levy_on_flood_none;13;True;none;29;Praia de Belas;restaurant;12176.0;12176.0;0.0;1.0;12176.0
13_levy_on_flood_none;13;True;none;29;Rio Branco;marketplace;125680.0;125680.0;0.0;1.0;125680.0
13_levy_on_flood_none;13;True;none;29;Rio Branco;pharmacy;31408.0;31408.0;0.0;1.0;31408.0
13_levy_on_flood_none;13;True;none;29;Rio Branco;restaurant;125680.0;125680.0;0.0;1.0;125680.0
13_levy_on_flood_none;13;True;none;29;Santa Cecília;marketplace;37120.0;37120.0;0.0;1.0;37120.0
13_levy_on_flood_none;13;True;none;29;Santa Cecília;pharmacy;9288.0;9288.0;0.0;1.0;9288.0
13_levy_on_flood_none;13;True;none;29;Santa Cecília;restaurant;37120.0;37120.0;0.0;1.0;37120.0
13_levy_on_flood_none;13;True;none;29;Santana;marketplace;142352.0;142352.0;0.0;1.0;142352.0
13_levy_on_flood_none;13;True;none;29;Santana;pharmacy;35576.0;35576.0;0.0;1.0;35576.0
13_levy_on_flood_none;13;True;none;29;Santana;restaurant;142352.0;142352.0;0.0;1.0;142352.0
13_levy_on_flood_pois;13;True;pois;0;Azenha;marketplace;96512.0;93273.0;3239.0;0.9664394064986738;93273.0
13_levy_on_flood_pois;13;True;pois;0;Azenha;pharmacy;24144.0;23834.0;310.0;0.9871603711066932;23834.0
13_levy_on_flood_pois;13;True;pois;0;Azenha;restaurant;96512.0;93839.0;2673.0;0.9723039622015915;93839.0
13_levy_on_flood_pois;13;True;pois;0;Bom Fim;marketplace;81280.0;81280.0;0.0;1.0;81280.0
13_levy_on_flood_pois;13;True;pois;0;Bom Fim;pharmacy;20320.0;20320.0;0.0;1.0;20320.0
13_levy_on_flood_pois;13;True;pois;0;Bom Fim;restaurant;81280.0;81280.0;0.0;1.0;81280.0
13_levy_on_flood_pois;13;True;pois;0;Centro Histórico;marketplace;244552.0;240681.0;3871.0;0.9841710556446073;240681.0
13_levy_on_flood_pois;13;True;pois;0;Centro Histórico;pharmacy;61128.0;60230.0;898.0;0.9853095144614579;60230.0
13_levy_on_flood_pois;13;True;pois;0;Centro Histórico;restaurant;244552.0;240520.0;4032.0;0.983512708953515;240520.0
13_levy_on_flood_pois;13;True;pois;0;Cidade Baixa;marketplace;104112.0;93991.0;10121.0;0.9027873828185031;93991.0
13_levy_on_flood_pois;13;True;pois;0;Cidade Baixa;pharmacy;26024.0;22988.0;3036.0;0.8833384568090993;22988.0
13_levy_on_flood_pois;13;True;pois;0;Cidade Baixa;restaurant;104112.0;95715.0;8397.0;0.9193464730290456;95715.0
13_levy_on_flood_pois;13;True;pois;0;Farroupilha;marketplace;6192.0;6192.0;0.0;1.0;6192.0
13_levy_on_flood_pois;13;True;pois;0;Farroupilha;pharmacy;1552.0;1552.0;0.0;1.0;1552.0
13_levy_on_flood_pois;13;True;pois;0;Farroupilha;restaurant;6192.0;6192.0;0.0;1.0;6192.0
13_levy_on_flood_pois;13;True;pois;0;Floresta;marketplace;70384.0;59040.0;11344.0;0.8388270061377586;59040.0
13_levy_on_flood_pois;13;True;pois;0;Floresta;pharmacy;17576.0;13949.0;3627.0;0.7936390532544378;13949.0
13_levy_on_flood_pois;13;True;pois;0;Floresta;restaurant;70384.0;54802.0;15582.0;0.7786144578313253;54802.0
13_levy_on_flood_pois;13;True;pois;0;Independência;marketplace;55080.0;55080.0;0.0;1.0;55080.0
13_levy_on_flood_pois;13;True;pois;0;Independência;pharmacy;13752.0;13752.0;0.0;1.0;13752.0
13_levy_on_flood_pois;13;True;pois;0;Independência;restaurant;55080.0;55080.0;0.0;1.0;55080.0
13_levy_on_flood_pois;13;True;pois;0;Moinhos de Vento;marketplace;79960.0;79960.0;0.0;1.0;79960.0
13_levy_on_flood_pois;13;True;pois;0;Moinhos de Vento;pharmacy;20000.0;20000.0;0.0;1.0;20000.0
13_levy_on_flood_pois;13;True;pois;0;Moinhos de Vento;restaurant;79960.0;79960.0;0.0;1.0;79960.0
13_levy_on_flood_pois;13;True;pois;0;Praia de Belas;marketplace;12176.0;5069.0;7107.0;0.4163107752956636;5069.0
13_levy_on_flood_pois;13;True;pois;0;Praia de Belas;pharmacy;3048.0;1278.0;1770.0;0.41929133858267714;1278.0
13_levy_on_flood_pois;13;True;pois;0;Praia de Belas;restaurant;12176.0;4738.0;7438.0;0.38912614980289095;4738.0
13_levy_on_flood_pois;13;True;pois;0;Rio Branco;marketplace;125680.0;125680.0;0.0;1.0;125680.0
13_levy_on_flood_pois;13;True;pois;0;Rio Branco;pharmacy;31408.0;31408.0;0.0;1.0;31408.0
13_levy_on_flood_pois;13;True;pois;0;Rio Branco;restaurant;125680.0;125680.0;0.0;1.0;125680.0
13_levy_on_flood_pois;13;True;pois;0;Santa Cecília;marketplace;37120.0;37120.0;0.0;1.0;37120.0
13_levy_on_flood_pois;13;True;pois;0;Santa Cecília;pharmacy;9288.0;9288.0;0.0;1.0;9288.0
13_levy_on_flood_pois;13;True;pois;0;Santa Cecília;restaurant;37120.0;37120.0;0.0;1.0;37120.0
13_levy_on_flood_pois;13;True;pois;0;Santana;marketplace;142352.0;142352.0;0.0;1.0;142352.0
13_levy_on_flood_pois;13;True;pois;0;Santana;pharmacy;35576.0;35576.0;0.0;1.0;35576.0
13_levy_on_flood_pois;13;True;pois;0;Santana;restaurant;142352.0;142352.0;0.0;1.0;142352.0
13_levy_on_flood_pois;13;True;pois;1;Azenha;marketplace;96512.0;93273.0;3239.0;0.9664394064986738;93273.0
13_levy_on_flood_pois;13;True;pois;1;Azenha;pharmacy;24144.0;23834.0;310.0;0.9871603711066932;23834.0
13_levy_on_flood_pois;13;True;pois;1;Azenha;restaurant;96512.0;93839.0;2673.0;0.9723039622015915;93839.0
13_levy_on_flood_pois;13;True;pois;1;Bom Fim;marketplace;81280.0;81280.0;0.0;1.0;81280.0
13_levy_on_flood_pois;13;True;pois;1;Bom Fim;pharmacy;20320.0;20320.0;0.0;1.0;20320.0
13_levy_on_flood_pois;13;True;pois;1;Bom Fim;restaurant;81280.0;81280.0;0.0;1.0;81280.0
13_levy_on_flood_pois;13;True;pois;1;Centro Histórico;marketplace;244552.0;240681.0;3871.0;0.9841710556446073;240681.0
13_levy_on_flood_pois;13;True;pois;1;Centro Histórico;pharmacy;61128.0;60230.0;898.0;0.9853095144614579;60230.0
13_levy_on_flood_pois;13;True;pois;1;Centro Histórico;restaurant;244552.0;240520.0;4032.0;0.983512708953515;240520.0
13_levy_on_flood_pois;13;True;pois;1;Cidade Baixa;marketplace;104112.0;93991.0;10121.0;0.9027873828185031;93991.0
13_levy_on_flood_pois;13;True;pois;1;Cidade Baixa;pharmacy;26024.0;22988.0;3036.0;0.8833384568090993;22988.0
13_levy_on_flood_pois;13;True;pois;1;Cidade Baixa;restaurant;104112.0;95715.0;8397.0;0.9193464730290456;95715.0
13_levy_on_flood_pois;13;True;pois;1;Farroupilha;marketplace;6192.0;6192.0;0.0;1.0;6192.0
13_levy_on_flood_pois;13;True;pois;1;Farroupilha;pharmacy;1552.0;1552.0;0.0;1.0;1552.0
13_levy_on_flood_pois;13;True;pois;1;Farroupilha;restaurant;6192.0;6192.0;0.0;1.0;6192.0
13_levy_on_flood_pois;13;True;pois;1;Floresta;marketplace;70384.0;59040.0;11344.0;0.8388270061377586;59040.0
13_levy_on_flood_pois;13;True;pois;1;Floresta;pharmacy;17576.0;13949.0;3627.0;0.7936390532544378;13949.0
13_levy_on_flood_pois;13;True;pois;1;Floresta;restaurant;70384.0;54802.0;15582.0;0.7786144578313253;54802.0
13_levy_on_flood_pois;13;True;pois;1;Independência;marketplace;55080.0;55080.0;0.0;1.0;55080.0
13_levy_on_flood_pois;13;True;pois;1;Independência;pharmacy;13752.0;13752.0;0.0;1.0;13752.0
13_levy_on_flood_pois;13;True;pois;1;Independência;restaurant;55080.0;55080.0;0.0;1.0;55080.0
13_levy_on_flood_pois;13;True;pois;1;Moinhos de Vento;marketplace;79960.0;79960.0;0.0;1.0;79960.0
13_levy_on_flood_pois;13;True;pois;1;Moinhos de Vento;pharmacy;20000.0;20000.0;0.0;1.0;20000.0
13_levy_on_flood_pois;13;True;pois;1;Moinhos de Vento;restaurant;79960.0;79960.0;0.0;1.0;79960.0
13_levy_on_flood_pois;13;True;pois;1;Praia de Belas;marketplace;12176.0;5069.0;7107.0;0.4163107752956636;5069.0
13_levy_on_flood_pois;13;True;pois;1;Praia de Belas;pharmacy;3048.0;1278.0;1770.0;0.41929133858267714;1278.0
13_levy_on_flood_pois;13;True;pois;1;Praia de Belas;restaurant;12176.0;4738.0;7438.0;0.38912614980289095;4738.0
13_levy_on_flood_pois;13;True;pois;1;Rio Branco;marketplace;125680.0;125680.0;0.0;1.0;125680.0
13_levy_on_flood_pois;13;True;pois;1;Rio Branco;pharmacy;31408.0;31408.0;0.0;1.0;31408.0
13_levy_on_flood_pois;13;True;pois;1;Rio Branco;restaurant;125680.0;125680.0;0.0;1.0;125680.0
13_levy_on_flood_pois;13;True;pois;1;Santa Cecília;marketplace;37120.0;37120.0;0.0;1.0;37120.0
13_levy_on_flood_pois;13;True;pois;1;Santa Cecília;pharmacy;9288.0;9288.0;0.0;1.0;9288.0
13_levy_on_flood_pois;13;True;pois;1;Santa Cecília;restaurant;37120.0;37120.0;0.0;1.0;37120.0
13_levy_on_flood_pois;13;True;pois;1;Santana;marketplace;142352.0;142352.0;0.0;1.0;142352.0
13_levy_on_flood_pois;13;True;pois;1;Santana;pharmacy;35576.0;35576.0;0.0;1.0;35576.0
13_levy_on_flood_pois;13;True;pois;1;Santana;restaurant;142352.0;142352.0;0.0;1.0;142352.0
13_levy_on_flood_pois;13;True;pois;2;Azenha;marketplace;96512.0;93273.0;3239.0;0.9664394064986738;93273.0
13_levy_on_flood_pois;13;True;pois;2;Azenha;pharmacy;24144.0;23834.0;310.0;0.9871603711066932;23834.0
13_levy_on_flood_pois;13;True;pois;2;Azenha;restaurant;96512.0;93839.0;2673.0;0.9723039622015915;93839.0
13_levy_on_flood_pois;13;True;pois;2;Bom Fim;marketplace;81280.0;81280.0;0.0;1.0;81280.0
13_levy_on_flood_pois;13;True;pois;2;Bom Fim;pharmacy;20320.0;20320.0;0.0;1.0;20320.0
13_levy_on_flood_pois;13;True;pois;2;Bom Fim;restaurant;81280.0;81280.0;0.0;1.0;81280.0
13_levy_on_flood_pois;13;True;pois;2;Centro Histórico;marketplace;244552.0;240681.0;3871.0;0.9841710556446073;240681.0
13_levy_on_flood_pois;13;True;pois;2;Centro Histórico;pharmacy;61128.0;60230.0;898.0;0.9853095144614579;60230.0
13_levy_on_flood_pois;13;True;pois;2;Centro Histórico;restaurant;244552.0;240520.0;4032.0;0.983512708953515;240520.0
13_levy_on_flood_pois;13;True;pois;2;Cidade Baixa;marketplace;104112.0;93991.0;10121.0;0.9027873828185031;93991.0
13_levy_on_flood_pois;13;True;pois;2;Cidade Baixa;pharmacy;26024.0;22988.0;3036.0;0.8833384568090993;22988.0
13_levy_on_flood_pois;13;True;pois;2;Cidade Baixa;restaurant;104112.0;95715.0;8397.0;0.9193464730290456;95715.0
13_levy_on_flood_pois;13;True;pois;2;Farroupilha;marketplace;6192.0;6192.0;0.0;1.0;6192.0
13_levy_on_flood_pois;13;True;pois;2;Farroupilha;pharmacy;1552.0;1552.0;0.0;1.0;1552.0
13_levy_on_flood_pois;13;True;pois;2;Farroupilha;restaurant;6192.0;6192.0;0.0;1.0;6192.0
13_levy_on_flood_pois;13;True;pois;2;Floresta;marketplace;70384.0;59040.0;11344.0;0.8388270061377586;59040.0
13_levy_on_flood_pois;13;True;pois;2;Floresta;pharmacy;17576.0;13949.0;3627.0;0.7936390532544378;13949.0
13_levy_on_flood_pois;13;True;pois;2;Floresta;restaurant;70384.0;54802.0;15582.0;0.7786144578313253;54802.0
13_levy_on_flood_pois;13;True;pois;2;Independência;marketplace;55080.0;55080.0;0.0;1.0;55080.0
13_levy_on_flood_pois;13;True;pois;2;Independência;pharmacy;13752.0;13752.0;0.0;1.0;13752.0
13_levy_on_flood_pois;13;True;pois;2;Independência;restaurant;55080.0;55080.0;0.0;1.0;55080.0
13_levy_on_flood_pois;13;True;pois;2;Moinhos de Vento;marketplace;79960.0;79960.0;0.0;1.0;79960.0
13_levy_on_flood_pois;13;True;pois;2;Moinhos de Vento;pharmacy;20000.0;20000.0;0.0;1.0;20000.0
13_levy_on_flood_pois;13;True;pois;2;Moinhos de Vento;restaurant;79960.0;79960.0;0.0;1.0;79960.0
13_levy_on_flood_pois;13;True;pois;2;Praia de Belas;marketplace;12176.0;5069.0;7107.0;0.4163107752956636;5069.0
13_levy_on_flood_pois;13;True;pois;2;Praia de Belas;pharmacy;3048.0;1278.0;1770.0;0.41929133858267714;1278.0
13_levy_on_flood_pois;13;True;pois;2;Praia de Belas;restaurant;12176.0;4738.0;7438.0;0.38912614980289095;4738.0
13_levy_on_flood_pois;13;True;pois;2;Rio Branco;marketplace;125680.0;125680.0;0.0;1.0;125680.0
13_levy_on_flood_pois;13;True;pois;2;Rio Branco;pharmacy;31408.0;31408.0;0.0;1.0;31408.0
13_levy_on_flood_pois;13;True;pois;2;Rio Branco;restaurant;125680.0;125680.0;0.0;1.0;125680.0
13_levy_on_flood_pois;13;True;pois;2;Santa Cecília;marketplace;37120.0;37120.0;0.0;1.0;37120.0
13_levy_on_flood_pois;13;True;pois;2;Santa Cecília;pharmacy;9288.0;9288.0;0.0;1.0;9288.0
13_levy_on_flood_pois;13;True;pois;2;Santa Cecília;restaurant;37120.0;37120.0;0.0;1.0;37120.0
13_levy_on_flood_pois;13;True;pois;2;Santana;marketplace;142352.0;142352.0;0.0;1.0;142352.0
13_levy_on_flood_pois;13;True;pois;2;Santana;pharmacy;35576.0;35576.0;0.0;1.0;35576.0
13_levy_on_flood_pois;13;True;pois;2;Santana;restaurant;142352.0;142352.0;0.0;1.0;142352.0
13_levy_on_flood_pois;13;True;pois;3;Azenha;marketplace;96512.0;93273.0;3239.0;0.9664394064986738;93273.0
13_levy_on_flood_pois;13;True;pois;3;Azenha;pharmacy;24144.0;23834.0;310.0;0.9871603711066932;23834.0
13_levy_on_flood_pois;13;True;pois;3;Azenha;restaurant;96512.0;93839.0;2673.0;0.9723039622015915;93839.0
13_levy_on_flood_pois;13;True;pois;3;Bom Fim;marketplace;81280.0;81280.0;0.0;1.0;81280.0
13_levy_on_flood_pois;13;True;pois;3;Bom Fim;pharmacy;20320.0;20320.0;0.0;1.0;20320.0
13_levy_on_flood_pois;13;True;pois;3;Bom Fim;restaurant;81280.0;81280.0;0.0;1.0;81280.0
13_levy_on_flood_pois;13;True;pois;3;Centro Histórico;marketplace;244552.0;240681.0;3871.0;0.9841710556446073;240681.0
13_levy_on_flood_pois;13;True;pois;3;Centro Histórico;pharmacy;61128.0;60230.0;898.0;0.9853095144614579;60230.0
13_levy_on_flood_pois;13;True;pois;3;Centro Histórico;restaurant;244552.0;240520.0;4032.0;0.983512708953515;240520.0
13_levy_on_flood_pois;13;True;pois;3;Cidade Baixa;marketplace;104112.0;93991.0;10121.0;0.9027873828185031;93991.0
13_levy_on_flood_pois;13;True;pois;3;Cidade Baixa;pharmacy;26024.0;22988.0;3036.0;0.8833384568090993;22988.0
13_levy_on_flood_pois;13;True;pois;3;Cidade Baixa;restaurant;104112.0;95715.0;8397.0;0.9193464730290456;95715.0
13_levy_on_flood_pois;13;True;pois;3;Farroupilha;marketplace;6192.0;6192.0;0.0;1.0;6192.0
13_levy_on_flood_pois;13;True;pois;3;Farroupilha;pharmacy;1552.0;1552.0;0.0;1.0;1552.0
13_levy_on_flood_pois;13;True;pois;3;Farroupilha;restaurant;6192.0;6192.0;0.0;1.0;6192.0
13_levy_on_flood_pois;13;True;pois;3;Floresta;marketplace;70384.0;59040.0;11344.0;0.8388270061377586;59040.0
13_levy_on_flood_pois;13;True;pois;3;Floresta;pharmacy;17576.0;13949.0;3627.0;0.7936390532544378;13949.0
13_levy_on_flood_pois;13;True;pois;3;Floresta;restaurant;70384.0;54802.0;15582.0;0.7786144578313253;54802.0
13_levy_on_flood_pois;13;True;pois;3;Independência;marketplace;55080.0;55080.0;0.0;1.0;55080.0
13_levy_on_flood_pois;13;True;pois;3;Independência;pharmacy;13752.0;13752.0;0.0;1.0;13752.0
13_levy_on_flood_pois;13;True;pois;3;Independência;restaurant;55080.0;55080.0;0.0;1.0;55080.0
13_levy_on_flood_pois;13;True;pois;3;Moinhos de Vento;marketplace;79960.0;79960.0;0.0;1.0;79960.0
13_levy_on_flood_pois;13;True;pois;3;Moinhos de Vento;pharmacy;20000.0;20000.0;0.0;1.0;20000.0
13_levy_on_flood_pois;13;True;pois;3;Moinhos de Vento;restaurant;79960.0;79960.0;0.0;1.0;79960.0
13_levy_on_flood_pois;13;True;pois;3;Praia de Belas;marketplace;12176.0;5069.0;7107.0;0.4163107752956636;5069.0
13_levy_on_flood_pois;13;True;pois;3;Praia de Belas;pharmacy;3048.0;1278.0;1770.0;0.41929133858267714;1278.0
13_levy_on_flood_pois;13;True;pois;3;Praia de Belas;restaurant;12176.0;4738.0;7438.0;0.38912614980289095;4738.0
13_levy_on_flood_pois;13;True;pois;3;Rio Branco;marketplace;125680.0;125680.0;0.0;1.0;125680.0
13_levy_on_flood_pois;13;True;pois;3;Rio Branco;pharmacy;31408.0;31408.0;0.0;1.0;31408.0
13_levy_on_flood_pois;13;True;pois;3;Rio Branco;restaurant;125680.0;125680.0;0.0;1.0;125680.0
13_levy_on_flood_pois;13;True;pois;3;Santa Cecília;marketplace;37120.0;37120.0;0.0;1.0;37120.0
13_levy_on_flood_pois;13;True;pois;3;Santa Cecília;pharmacy;9288.0;9288.0;0.0;1.0;9288.0
13_levy_on_flood_pois;13;True;pois;3;Santa Cecília;restaurant;37120.0;37120.0;0.0;1.0;37120.0
13_levy_on_flood_pois;13;True;pois;3;Santana;marketplace;142352.0;142352.0;0.0;1.0;142352.0
13_levy_on_flood_pois;13;True;pois;3;Santana;pharmacy;35576.0;35576.0;0.0;1.0;35576.0
13_levy_on_flood_pois;13;True;pois;3;Santana;restaurant;142352.0;142352.0;0.0;1.0;142352.0
13_levy_on_flood_pois;13;True;pois;4;Azenha;marketplace;96512.0;93273.0;3239.0;0.9664394064986738;93273.0
13_levy_on_flood_pois;13;True;pois;4;Azenha;pharmacy;24144.0;23834.0;310.0;0.9871603711066932;23834.0
13_levy_on_flood_pois;13;True;pois;4;Azenha;restaurant;96512.0;93839.0;2673.0;0.9723039622015915;93839.0
13_levy_on_flood_pois;13;True;pois;4;Bom Fim;marketplace;81280.0;81280.0;0.0;1.0;81280.0
13_levy_on_flood_pois;13;True;pois;4;Bom Fim;pharmacy;20320.0;20320.0;0.0;1.0;20320.0
13_levy_on_flood_pois;13;True;pois;4;Bom Fim;restaurant;81280.0;81280.0;0.0;1.0;81280.0
13_levy_on_flood_pois;13;True;pois;4;Centro Histórico;marketplace;244552.0;240681.0;3871.0;0.9841710556446073;240681.0
13_levy_on_flood_pois;13;True;pois;4;Centro Histórico;pharmacy;61128.0;60230.0;898.0;0.9853095144614579;60230.0
13_levy_on_flood_pois;13;True;pois;4;Centro Histórico;restaurant;244552.0;240520.0;4032.0;0.983512708953515;240520.0
13_levy_on_flood_pois;13;True;pois;4;Cidade Baixa;marketplace;104112.0;93991.0;10121.0;0.9027873828185031;93991.0
13_levy_on_flood_pois;13;True;pois;4;Cidade Baixa;pharmacy;26024.0;22988.0;3036.0;0.8833384568090993;22988.0
13_levy_on_flood_pois;13;True;pois;4;Cidade Baixa;restaurant;104112.0;95715.0;8397.0;0.9193464730290456;95715.0
13_levy_on_flood_pois;13;True;pois;4;Farroupilha;marketplace;6192.0;6192.0;0.0;1.0;6192.0
13_levy_on_flood_pois;13;True;pois;4;Farroupilha;pharmacy;1552.0;1552.0;0.0;1.0;1552.0
13_levy_on_flood_pois;13;True;pois;4;Farroupilha;restaurant;6192.0;6192.0;0.0;1.0;6192.0
13_levy_on_flood_pois;13;True;pois;4;Floresta;marketplace;70384.0;59040.0;11344.0;0.8388270061377586;59040.0
13_levy_on_flood_pois;13;True;pois;4;Floresta;pharmacy;17576.0;13949.0;3627.0;0.7936390532544378;13949.0
13_levy_on_flood_pois;13;True;pois;4;Floresta;restaurant;70384.0;54802.0;15582.0;0.7786144578313253;54802.0
13_levy_on_flood_pois;13;True;pois;4;Independência;marketplace;55080.0;55080.0;0.0;1.0;55080.0
13_levy_on_flood_pois;13;True;pois;4;Independência;pharmacy;13752.0;13752.0;0.0;1.0;13752.0
13_levy_on_flood_pois;13;True;pois;4;Independência;restaurant;55080.0;55080.0;0.0;1.0;55080.0
13_levy_on_flood_pois;13;True;pois;4;Moinhos de Vento;marketplace;79960.0;79960.0;0.0;1.0;79960.0
13_levy_on_flood_pois;13;True;pois;4;Moinhos de Vento;pharmacy;20000.0;20000.0;0.0;1.0;20000.0
13_levy_on_flood_pois;13;True;pois;4;Moinhos de Vento;restaurant;79960.0;79960.0;0.0;1.0;79960.0
13_levy_on_flood_pois;13;True;pois;4;Praia de Belas;marketplace;12176.0;5069.0;7107.0;0.4163107752956636;5069.0
13_levy_on_flood_pois;13;True;pois;4;Praia de Belas;pharmacy;3048.0;1278.0;1770.0;0.41929133858267714;1278.0
13_levy_on_flood_pois;13;True;pois;4;Praia de Belas;restaurant;12176.0;4738.0;7438.0;0.38912614980289095;4738.0
13_levy_on_flood_pois;13;True;pois;4;Rio Branco;marketplace;125680.0;125680.0;0.0;1.0;125680.0
13_levy_on_flood_pois;13;True;pois;4;Rio Branco;pharmacy;31408.0;31408.0;0.0;1.0;31408.0
13_levy_on_flood_pois;13;True;pois;4;Rio Branco;restaurant;125680.0;125680.0;0.0;1.0;125680.0
13_levy_on_flood_pois;13;True;pois;4;Santa Cecília;marketplace;37120.0;37120.0;0.0;1.0;37120.0
13_levy_on_flood_pois;13;True;pois;4;Santa Cecília;pharmacy;9288.0;9288.0;0.0;1.0;9288.0
13_levy_on_flood_pois;13;True;pois;4;Santa Cecília;restaurant;37120.0;37120.0;0.0;1.0;37120.0
13_levy_on_flood_pois;13;True;pois;4;Santana;marketplace;142352.0;142352.0;0.0;1.0;142352.0
13_levy_on_flood_pois;13;True;pois;4;Santana;pharmacy;35576.0;35576.0;0.0;1.0;35576.0
13_levy_on_flood_pois;13;True;pois;4;Santana;restaurant;142352.0;142352.0;0.0;1.0;142352.0
13_levy_on_flood_pois;13;True;pois;5;Azenha;marketplace;96512.0;93273.0;3239.0;0.9664394064986738;93273.0
13_levy_on_flood_pois;13;True;pois;5;Azenha;pharmacy;24144.0;23834.0;310.0;0.9871603711066932;23834.0
13_levy_on_flood_pois;13;True;pois;5;Azenha;restaurant;96512.0;93839.0;2673.0;0.9723039622015915;93839.0
13_levy_on_flood_pois;13;True;pois;5;Bom Fim;marketplace;81280.0;81280.0;0.0;1.0;81280.0
13_levy_on_flood_pois;13;True;pois;5;Bom Fim;pharmacy;20320.0;20320.0;0.0;1.0;20320.0
13_levy_on_flood_pois;13;True;pois;5;Bom Fim;restaurant;81280.0;81280.0;0.0;1.0;81280.0
13_levy_on_flood_pois;13;True;pois;5;Centro Histórico;marketplace;244552.0;240681.0;3871.0;0.9841710556446073;240681.0
13_levy_on_flood_pois;13;True;pois;5;Centro Histórico;pharmacy;61128.0;60230.0;898.0;0.9853095144614579;60230.0
13_levy_on_flood_pois;13;True;pois;5;Centro Histórico;restaurant;244552.0;240520.0;4032.0;0.983512708953515;240520.0
13_levy_on_flood_pois;13;True;pois;5;Cidade Baixa;marketplace;104112.0;93991.0;10121.0;0.9027873828185031;93991.0
13_levy_on_flood_pois;13;True;pois;5;Cidade Baixa;pharmacy;26024.0;22988.0;3036.0;0.8833384568090993;22988.0
13_levy_on_flood_pois;13;True;pois;5;Cidade Baixa;restaurant;104112.0;95715.0;8397.0;0.9193464730290456;95715.0
13_levy_on_flood_pois;13;True;pois;5;Farroupilha;marketplace;6192.0;6192.0;0.0;1.0;6192.0
13_levy_on_flood_pois;13;True;pois;5;Farroupilha;pharmacy;1552.0;1552.0;0.0;1.0;1552.0
13_levy_on_flood_pois;13;True;pois;5;Farroupilha;restaurant;6192.0;6192.0;0.0;1.0;6192.0
13_levy_on_flood_pois;13;True;pois;5;Floresta;marketplace;70384.0;59040.0;11344.0;0.8388270061377586;59040.0
13_levy_on_flood_pois;13;True;pois;5;Floresta;pharmacy;17576.0;13949.0;3627.0;0.7936390532544378;13949.0
13_levy_on_flood_pois;13;True;pois;5;Floresta;restaurant;70384.0;54802.0;15582.0;0.7786144578313253;54802.0
13_levy_on_flood_pois;13;True;pois;5;Independência;marketplace;55080.0;55080.0;0.0;1.0;55080.0
13_levy_on_flood_pois;13;True;pois;5;Independência;pharmacy;13752.0;13752.0;0.0;1.0;13752.0
13_levy_on_flood_pois;13;True;pois;5;Independência;restaurant;55080.0;55080.0;0.0;1.0;55080.0
13_levy_on_flood_pois;13;True;pois;5;Moinhos de Vento;marketplace;79960.0;79960.0;0.0;1.0;79960.0
13_levy_on_flood_pois;13;True;pois;5;Moinhos de Vento;pharmacy;20000.0;20000.0;0.0;1.0;20000.0
13_levy_on_flood_pois;13;True;pois;5;Moinhos de Vento;restaurant;79960.0;79960.0;0.0;1.0;79960.0
13_levy_on_flood_pois;13;True;pois;5;Praia de Belas;marketplace;12176.0;5069.0;7107.0;0.4163107752956636;5069.0
13_levy_on_flood_pois;13;True;pois;5;Praia de Belas;pharmacy;3048.0;1278.0;1770.0;0.41929133858267714;1278.0
13_levy_on_flood_pois;13;True;pois;5;Praia de Belas;restaurant;12176.0;4738.0;7438.0;0.38912614980289095;4738.0
13_levy_on_flood_pois;13;True;pois;5;Rio Branco;marketplace;125680.0;125680.0;0.0;1.0;125680.0
13_levy_on_flood_pois;13;True;pois;5;Rio Branco;pharmacy;31408.0;31408.0;0.0;1.0;31408.0
13_levy_on_flood_pois;13;True;pois;5;Rio Branco;restaurant;125680.0;125680.0;0.0;1.0;125680.0
13_levy_on_flood_pois;13;True;pois;5;Santa Cecília;marketplace;37120.0;37120.0;0.0;1.0;37120.0
13_levy_on_flood_pois;13;True;pois;5;Santa Cecília;pharmacy;9288.0;9288.0;0.0;1.0;9288.0
13_levy_on_flood_pois;13;True;pois;5;Santa Cecília;restaurant;37120.0;37120.0;0.0;1.0;37120.0
13_levy_on_flood_pois;13;True;pois;5;Santana;marketplace;142352.0;142352.0;0.0;1.0;142352.0
13_levy_on_flood_pois;13;True;pois;5;Santana;pharmacy;35576.0;35576.0;0.0;1.0;35576.0
13_levy_on_flood_pois;13;True;pois;5;Santana;restaurant;142352.0;142352.0;0.0;1.0;142352.0
13_levy_on_flood_pois;13;True;pois;6;Azenha;marketplace;96512.0;93273.0;3239.0;0.9664394064986738;93273.0
13_levy_on_flood_pois;13;True;pois;6;Azenha;pharmacy;24144.0;23834.0;310.0;0.9871603711066932;23834.0
13_levy_on_flood_pois;13;True;pois;6;Azenha;restaurant;96512.0;93839.0;2673.0;0.9723039622015915;93839.0
13_levy_on_flood_pois;13;True;pois;6;Bom Fim;marketplace;81280.0;81280.0;0.0;1.0;81280.0
13_levy_on_flood_pois;13;True;pois;6;Bom Fim;pharmacy;20320.0;20320.0;0.0;1.0;20320.0
13_levy_on_flood_pois;13;True;pois;6;Bom Fim;restaurant;81280.0;81280.0;0.0;1.0;81280.0
13_levy_on_flood_pois;13;True;pois;6;Centro Histórico;marketplace;244552.0;240681.0;3871.0;0.9841710556446073;240681.0
13_levy_on_flood_pois;13;True;pois;6;Centro Histórico;pharmacy;61128.0;60230.0;898.0;0.9853095144614579;60230.0
13_levy_on_flood_pois;13;True;pois;6;Centro Histórico;restaurant;244552.0;240520.0;4032.0;0.983512708953515;240520.0
13_levy_on_flood_pois;13;True;pois;6;Cidade Baixa;marketplace;104112.0;93991.0;10121.0;0.9027873828185031;93991.0
13_levy_on_flood_pois;13;True;pois;6;Cidade Baixa;pharmacy;26024.0;22988.0;3036.0;0.8833384568090993;22988.0
13_levy_on_flood_pois;13;True;pois;6;Cidade Baixa;restaurant;104112.0;95715.0;8397.0;0.9193464730290456;95715.0
13_levy_on_flood_pois;13;True;pois;6;Farroupilha;marketplace;6192.0;6192.0;0.0;1.0;6192.0
13_levy_on_flood_pois;13;True;pois;6;Farroupilha;pharmacy;1552.0;1552.0;0.0;1.0;1552.0
13_levy_on_flood_pois;13;True;pois;6;Farroupilha;restaurant;6192.0;6192.0;0.0;1.0;6192.0
13_levy_on_flood_pois;13;True;pois;6;Floresta;marketplace;70384.0;59040.0;11344.0;0.8388270061377586;59040.0
13_levy_on_flood_pois;13;True;pois;6;Floresta;pharmacy;17576.0;13949.0;3627.0;0.7936390532544378;13949.0
13_levy_on_flood_pois;13;True;pois;6;Floresta;restaurant;70384.0;54802.0;15582.0;0.7786144578313253;54802.0
13_levy_on_flood_pois;13;True;pois;6;Independência;marketplace;55080.0;55080.0;0.0;1.0;55080.0
13_levy_on_flood_pois;13;True;pois;6;Independência;pharmacy;13752.0;13752.0;0.0;1.0;13752.0
13_levy_on_flood_pois;13;True;pois;6;Independência;restaurant;55080.0;55080.0;0.0;1.0;55080.0
13_levy_on_flood_pois;13;True;pois;6;Moinhos de Vento;marketplace;79960.0;79960.0;0.0;1.0;79960.0
13_levy_on_flood_pois;13;True;pois;6;Moinhos de Vento;pharmacy;20000.0;20000.0;0.0;1.0;20000.0
13_levy_on_flood_pois;13;True;pois;6;Moinhos de Vento;restaurant;79960.0;79960.0;0.0;1.0;79960.0
13_levy_on_flood_pois;13;True;pois;6;Praia de Belas;marketplace;12176.0;5069.0;7107.0;0.4163107752956636;5069.0
13_levy_on_flood_pois;13;True;pois;6;Praia de Belas;pharmacy;3048.0;1278.0;1770.0;0.41929133858267714;1278.0
13_levy_on_flood_pois;13;True;pois;6;Praia de Belas;restaurant;12176.0;4738.0;7438.0;0.38912614980289095;4738.0
13_levy_on_flood_pois;13;True;pois;6;Rio Branco;marketplace;125680.0;125680.0;0.0;1.0;125680.0
13_levy_on_flood_pois;13;True;pois;6;Rio Branco;pharmacy;31408.0;31408.0;0.0;1.0;31408.0
13_levy_on_flood_pois;13;True;pois;6;Rio Branco;restaurant;125680.0;125680.0;0.0;1.0;125680.0
13_levy_on_flood_pois;13;True;pois;6;Santa Cecília;marketplace;37120.0;37120.0;0.0;1.0;37120.0
13_levy_on_flood_pois;13;True;pois;6;Santa Cecília;pharmacy;9288.0;9288.0;0.0;1.0;9288.0
13_levy_on_flood_pois;13;True;pois;6;Santa Cecília;restaurant;37120.0;37120.0;0.0;1.0;37120.0
13_levy_on_flood_pois;13;True;pois;6;Santana;marketplace;142352.0;142352.0;0.0;1.0;142352.0
13_levy_on_flood_pois;13;True;pois;6;Santana;pharmacy;35576.0;35576.0;0.0;1.0;35576.0
13_levy_on_flood_pois;13;True;pois;6;Santana;restaurant;142352.0;142352.0;0.0;1.0;142352.0
13_levy_on_flood_pois;13;True;pois;7;Azenha;marketplace;96512.0;93273.0;3239.0;0.9664394064986738;93273.0
13_levy_on_flood_pois;13;True;pois;7;Azenha;pharmacy;24144.0;23834.0;310.0;0.9871603711066932;23834.0
13_levy_on_flood_pois;13;True;pois;7;Azenha;restaurant;96512.0;93839.0;2673.0;0.9723039622015915;93839.0
13_levy_on_flood_pois;13;True;pois;7;Bom Fim;marketplace;81280.0;81280.0;0.0;1.0;81280.0
13_levy_on_flood_pois;13;True;pois;7;Bom Fim;pharmacy;20320.0;20320.0;0.0;1.0;20320.0
13_levy_on_flood_pois;13;True;pois;7;Bom Fim;restaurant;81280.0;81280.0;0.0;1.0;81280.0
13_levy_on_flood_pois;13;True;pois;7;Centro Histórico;marketplace;244552.0;240681.0;3871.0;0.9841710556446073;240681.0
13_levy_on_flood_pois;13;True;pois;7;Centro Histórico;pharmacy;61128.0;60230.0;898.0;0.9853095144614579;60230.0
13_levy_on_flood_pois;13;True;pois;7;Centro Histórico;restaurant;244552.0;240520.0;4032.0;0.983512708953515;240520.0
13_levy_on_flood_pois;13;True;pois;7;Cidade Baixa;marketplace;104112.0;93991.0;10121.0;0.9027873828185031;93991.0
13_levy_on_flood_pois;13;True;pois;7;Cidade Baixa;pharmacy;26024.0;22988.0;3036.0;0.8833384568090993;22988.0
13_levy_on_flood_pois;13;True;pois;7;Cidade Baixa;restaurant;104112.0;95715.0;8397.0;0.9193464730290456;95715.0
13_levy_on_flood_pois;13;True;pois;7;Farroupilha;marketplace;6192.0;6192.0;0.0;1.0;6192.0
13_levy_on_flood_pois;13;True;pois;7;Farroupilha;pharmacy;1552.0;1552.0;0.0;1.0;1552.0
13_levy_on_flood_pois;13;True;pois;7;Farroupilha;restaurant;6192.0;6192.0;0.0;1.0;6192.0
13_levy_on_flood_pois;13;True;pois;7;Floresta;marketplace;70384.0;59040.0;11344.0;0.8388270061377586;59040.0
13_levy_on_flood_pois;13;True;pois;7;Floresta;pharmacy;17576.0;13949.0;3627.0;0.7936390532544378;13949.0
13_levy_on_flood_pois;13;True;pois;7;Floresta;restaurant;70384.0;54802.0;15582.0;0.7786144578313253;54802.0
13_levy_on_flood_pois;13;True;pois;7;Independência;marketplace;55080.0;55080.0;0.0;1.0;55080.0
13_levy_on_flood_pois;13;True;pois;7;Independência;pharmacy;13752.0;13752.0;0.0;1.0;13752.0
13_levy_on_flood_pois;13;True;pois;7;Independência;restaurant;55080.0;55080.0;0.0;1.0;55080.0
13_levy_on_flood_pois;13;True;pois;7;Moinhos de Vento;marketplace;79960.0;79960.0;0.0;1.0;79960.0
13_levy_on_flood_pois;13;True;pois;7;Moinhos de Vento;pharmacy;20000.0;20000.0;0.0;1.0;20000.0
13_levy_on_flood_pois;13;True;pois;7;Moinhos de Vento;restaurant;79960.0;79960.0;0.0;1.0;79960.0
13_levy_on_flood_pois;13;True;pois;7;Praia de Belas;marketplace;12176.0;5069.0;7107.0;0.4163107752956636;5069.0
13_levy_on_flood_pois;13;True;pois;7;Praia de Belas;pharmacy;3048.0;1278.0;1770.0;0.41929133858267714;1278.0
13_levy_on_flood_pois;13;True;pois;7;Praia de Belas;restaurant;12176.0;4738.0;7438.0;0.38912614980289095;4738.0
13_levy_on_flood_pois;13;True;pois;7;Rio Branco;marketplace;125680.0;125680.0;0.0;1.0;125680.0
13_levy_on_flood_pois;13;True;pois;7;Rio Branco;pharmacy;31408.0;31408.0;0.0;1.0;31408.0
13_levy_on_flood_pois;13;True;pois;7;Rio Branco;restaurant;125680.0;125680.0;0.0;1.0;125680.0
13_levy_on_flood_pois;13;True;pois;7;Santa Cecília;marketplace;37120.0;37120.0;0.0;1.0;37120.0
13_levy_on_flood_pois;13;True;pois;7;Santa Cecília;pharmacy;9288.0;9288.0;0.0;1.0;9288.0
13_levy_on_flood_pois;13;True;pois;7;Santa Cecília;restaurant;37120.0;37120.0;0.0;1.0;37120.0
13_levy_on_flood_pois;13;True;pois;7;Santana;marketplace;142352.0;142352.0;0.0;1.0;142352.0
13_levy_on_flood_pois;13;True;pois;7;Santana;pharmacy;35576.0;35576.0;0.0;1.0;35576.0
13_levy_on_flood_pois;13;True;pois;7;Santana;restaurant;142352.0;142352.0;0.0;1.0;142352.0
13_levy_on_flood_pois;13;True;pois;8;Azenha;marketplace;96512.0;93273.0;3239.0;0.9664394064986738;93273.0
13_levy_on_flood_pois;13;True;pois;8;Azenha;pharmacy;24144.0;23834.0;310.0;0.9871603711066932;23834.0
13_levy_on_flood_pois;13;True;pois;8;Azenha;restaurant;96512.0;93839.0;2673.0;0.9723039622015915;93839.0
13_levy_on_flood_pois;13;True;pois;8;Bom Fim;marketplace;81280.0;81280.0;0.0;1.0;81280.0
13_levy_on_flood_pois;13;True;pois;8;Bom Fim;pharmacy;20320.0;20320.0;0.0;1.0;20320.0
13_levy_on_flood_pois;13;True;pois;8;Bom Fim;restaurant;81280.0;81280.0;0.0;1.0;81280.0
13_levy_on_flood_pois;13;True;pois;8;Centro Histórico;marketplace;244552.0;240681.0;3871.0;0.9841710556446073;240681.0
13_levy_on_flood_pois;13;True;pois;8;Centro Histórico;pharmacy;61128.0;60230.0;898.0;0.9853095144614579;60230.0
13_levy_on_flood_pois;13;True;pois;8;Centro Histórico;restaurant;244552.0;240520.0;4032.0;0.983512708953515;240520.0
13_levy_on_flood_pois;13;True;pois;8;Cidade Baixa;marketplace;104112.0;93991.0;10121.0;0.9027873828185031;93991.0
13_levy_on_flood_pois;13;True;pois;8;Cidade Baixa;pharmacy;26024.0;22988.0;3036.0;0.8833384568090993;22988.0
13_levy_on_flood_pois;13;True;pois;8;Cidade Baixa;restaurant;104112.0;95715.0;8397.0;0.9193464730290456;95715.0
13_levy_on_flood_pois;13;True;pois;8;Farroupilha;marketplace;6192.0;6192.0;0.0;1.0;6192.0
13_levy_on_flood_pois;13;True;pois;8;Farroupilha;pharmacy;1552.0;1552.0;0.0;1.0;1552.0
13_levy_on_flood_pois;13;True;pois;8;Farroupilha;restaurant;6192.0;6192.0;0.0;1.0;6192.0
13_levy_on_flood_pois;13;True;pois;8;Floresta;marketplace;70384.0;59040.0;11344.0;0.8388270061377586;59040.0
13_levy_on_flood_pois;13;True;pois;8;Floresta;pharmacy;17576.0;13949.0;3627.0;0.7936390532544378;13949.0
13_levy_on_flood_pois;13;True;pois;8;Floresta;restaurant;70384.0;54802.0;15582.0;0.7786144578313253;54802.0
13_levy_on_flood_pois;13;True;pois;8;Independência;marketplace;55080.0;55080.0;0.0;1.0;55080.0
13_levy_on_flood_pois;13;True;pois;8;Independência;pharmacy;13752.0;13752.0;0.0;1.0;13752.0
13_levy_on_flood_pois;13;True;pois;8;Independência;restaurant;55080.0;55080.0;0.0;1.0;55080.0
13_levy_on_flood_pois;13;True;pois;8;Moinhos de Vento;marketplace;79960.0;79960.0;0.0;1.0;79960.0
13_levy_on_flood_pois;13;True;pois;8;Moinhos de Vento;pharmacy;20000.0;20000.0;0.0;1.0;20000.0
13_levy_on_flood_pois;13;True;pois;8;Moinhos de Vento;restaurant;79960.0;79960.0;0.0;1.0;79960.0
13_levy_on_flood_pois;13;True;pois;8;Praia de Belas;marketplace;12176.0;5069.0;7107.0;0.4163107752956636;5069.0
13_levy_on_flood_pois;13;True;pois;8;Praia de Belas;pharmacy;3048.0;1278.0;1770.0;0.41929133858267714;1278.0
13_levy_on_flood_pois;13;True;pois;8;Praia de Belas;restaurant;12176.0;4738.0;7438.0;0.38912614980289095;4738.0
13_levy_on_flood_pois;13;True;pois;8;Rio Branco;marketplace;125680.0;125680.0;0.0;1.0;125680.0
13_levy_on_flood_pois;13;True;pois;8;Rio Branco;pharmacy;31408.0;31408.0;0.0;1.0;31408.0
13_levy_on_flood_pois;13;True;pois;8;Rio Branco;restaurant;125680.0;125680.0;0.0;1.0;125680.0
13_levy_on_flood_pois;13;True;pois;8;Santa Cecília;marketplace;37120.0;37120.0;0.0;1.0;37120.0
13_levy_on_flood_pois;13;True;pois;8;Santa Cecília;pharmacy;9288.0;9288.0;0.0;1.0;9288.0
13_levy_on_flood_pois;13;True;pois;8;Santa Cecília;restaurant;37120.0;37120.0;0.0;1.0;37120.0
13_levy_on_flood_pois;13;True;pois;8;Santana;marketplace;142352.0;142352.0;0.0;1.0;142352.0
13_levy_on_flood_pois;13;True;pois;8;Santana;pharmacy;35576.0;35576.0;0.0;1.0;35576.0
13_levy_on_flood_pois;13;True;pois;8;Santana;restaurant;142352.0;142352.0;0.0;1.0;142352.0
13_levy_on_flood_pois;13;True;pois;9;Azenha;marketplace;96512.0;93273.0;3239.0;0.9664394064986738;93273.0
13_levy_on_flood_pois;13;True;pois;9;Azenha;pharmacy;24144.0;23834.0;310.0;0.9871603711066932;23834.0
13_levy_on_flood_pois;13;True;pois;9;Azenha;restaurant;96512.0;93839.0;2673.0;0.9723039622015915;93839.0
13_levy_on_flood_pois;13;True;pois;9;Bom Fim;marketplace;81280.0;81280.0;0.0;1.0;81280.0
13_levy_on_flood_pois;13;True;pois;9;Bom Fim;pharmacy;20320.0;20320.0;0.0;1.0;20320.0
13_levy_on_flood_pois;13;True;pois;9;Bom Fim;restaurant;81280.0;81280.0;0.0;1.0;81280.0
13_levy_on_flood_pois;13;True;pois;9;Centro Histórico;marketplace;244552.0;240681.0;3871.0;0.9841710556446073;240681.0
13_levy_on_flood_pois;13;True;pois;9;Centro Histórico;pharmacy;61128.0;60230.0;898.0;0.9853095144614579;60230.0
13_levy_on_flood_pois;13;True;pois;9;Centro Histórico;restaurant;244552.0;240520.0;4032.0;0.983512708953515;240520.0
13_levy_on_flood_pois;13;True;pois;9;Cidade Baixa;marketplace;104112.0;93991.0;10121.0;0.9027873828185031;93991.0
13_levy_on_flood_pois;13;True;pois;9;Cidade Baixa;pharmacy;26024.0;22988.0;3036.0;0.8833384568090993;22988.0
13_levy_on_flood_pois;13;True;pois;9;Cidade Baixa;restaurant;104112.0;95715.0;8397.0;0.9193464730290456;95715.0
13_levy_on_flood_pois;13;True;pois;9;Farroupilha;marketplace;6192.0;6192.0;0.0;1.0;6192.0
13_levy_on_flood_pois;13;True;pois;9;Farroupilha;pharmacy;1552.0;1552.0;0.0;1.0;1552.0
13_levy_on_flood_pois;13;True;pois;9;Farroupilha;restaurant;6192.0;6192.0;0.0;1.0;6192.0
13_levy_on_flood_pois;13;True;pois;9;Floresta;marketplace;70384.0;59040.0;11344.0;0.8388270061377586;59040.0
13_levy_on_flood_pois;13;True;pois;9;Floresta;pharmacy;17576.0;13949.0;3627.0;0.7936390532544378;13949.0
13_levy_on_flood_pois;13;True;pois;9;Floresta;restaurant;70384.0;54802.0;15582.0;0.7786144578313253;54802.0
13_levy_on_flood_pois;13;True;pois;9;Independência;marketplace;55080.0;55080.0;0.0;1.0;55080.0
13_levy_on_flood_pois;13;True;pois;9;Independência;pharmacy;13752.0;13752.0;0.0;1.0;13752.0
13_levy_on_flood_pois;13;True;pois;9;Independência;restaurant;55080.0;55080.0;0.0;1.0;55080.0
13_levy_on_flood_pois;13;True;pois;9;Moinhos de Vento;marketplace;79960.0;79960.0;0.0;1.0;79960.0
13_levy_on_flood_pois;13;True;pois;9;Moinhos de Vento;pharmacy;20000.0;20000.0;0.0;1.0;20000.0
13_levy_on_flood_pois;13;True;pois;9;Moinhos de Vento;restaurant;79960.0;79960.0;0.0;1.0;79960.0
13_levy_on_flood_pois;13;True;pois;9;Praia de Belas;marketplace;12176.0;5069.0;7107.0;0.4163107752956636;5069.0
13_levy_on_flood_pois;13;True;pois;9;Praia de Belas;pharmacy;3048.0;1278.0;1770.0;0.41929133858267714;1278.0
13_levy_on_flood_pois;13;True;pois;9;Praia de Belas;restaurant;12176.0;4738.0;7438.0;0.38912614980289095;4738.0
13_levy_on_flood_pois;13;True;pois;9;Rio Branco;marketplace;125680.0;125680.0;0.0;1.0;125680.0
13_levy_on_flood_pois;13;True;pois;9;Rio Branco;pharmacy;31408.0;31408.0;0.0;1.0;31408.0
13_levy_on_flood_pois;13;True;pois;9;Rio Branco;restaurant;125680.0;125680.0;0.0;1.0;125680.0
13_levy_on_flood_pois;13;True;pois;9;Santa Cecília;marketplace;37120.0;37120.0;0.0;1.0;37120.0
13_levy_on_flood_pois;13;True;pois;9;Santa Cecília;pharmacy;9288.0;9288.0;0.0;1.0;9288.0
13_levy_on_flood_pois;13;True;pois;9;Santa Cecília;restaurant;37120.0;37120.0;0.0;1.0;37120.0
13_levy_on_flood_pois;13;True;pois;9;Santana;marketplace;142352.0;142352.0;0.0;1.0;142352.0
13_levy_on_flood_pois;13;True;pois;9;Santana;pharmacy;35576.0;35576.0;0.0;1.0;35576.0
13_levy_on_flood_pois;13;True;pois;9;Santana;restaurant;142352.0;142352.0;0.0;1.0;142352.0
13_levy_on_flood_pois;13;True;pois;10;Azenha;marketplace;96512.0;93273.0;3239.0;0.9664394064986738;93273.0
13_levy_on_flood_pois;13;True;pois;10;Azenha;pharmacy;24144.0;23834.0;310.0;0.9871603711066932;23834.0
13_levy_on_flood_pois;13;True;pois;10;Azenha;restaurant;96512.0;93839.0;2673.0;0.9723039622015915;93839.0
13_levy_on_flood_pois;13;True;pois;10;Bom Fim;marketplace;81280.0;81280.0;0.0;1.0;81280.0
13_levy_on_flood_pois;13;True;pois;10;Bom Fim;pharmacy;20320.0;20320.0;0.0;1.0;20320.0
13_levy_on_flood_pois;13;True;pois;10;Bom Fim;restaurant;81280.0;81280.0;0.0;1.0;81280.0
13_levy_on_flood_pois;13;True;pois;10;Centro Histórico;marketplace;244552.0;240681.0;3871.0;0.9841710556446073;240681.0
13_levy_on_flood_pois;13;True;pois;10;Centro Histórico;pharmacy;61128.0;60230.0;898.0;0.9853095144614579;60230.0
13_levy_on_flood_pois;13;True;pois;10;Centro Histórico;restaurant;244552.0;240520.0;4032.0;0.983512708953515;240520.0
13_levy_on_flood_pois;13;True;pois;10;Cidade Baixa;marketplace;104112.0;93991.0;10121.0;0.9027873828185031;93991.0
13_levy_on_flood_pois;13;True;pois;10;Cidade Baixa;pharmacy;26024.0;22988.0;3036.0;0.8833384568090993;22988.0
13_levy_on_flood_pois;13;True;pois;10;Cidade Baixa;restaurant;104112.0;95715.0;8397.0;0.9193464730290456;95715.0
13_levy_on_flood_pois;13;True;pois;10;Farroupilha;marketplace;6192.0;6192.0;0.0;1.0;6192.0
13_levy_on_flood_pois;13;True;pois;10;Farroupilha;pharmacy;1552.0;1552.0;0.0;1.0;1552.0
13_levy_on_flood_pois;13;True;pois;10;Farroupilha;restaurant;6192.0;6192.0;0.0;1.0;6192.0
13_levy_on_flood_pois;13;True;pois;10;Floresta;marketplace;70384.0;59040.0;11344.0;0.8388270061377586;59040.0
13_levy_on_flood_pois;13;True;pois;10;Floresta;pharmacy;17576.0;13949.0;3627.0;0.7936390532544378;13949.0
13_levy_on_flood_pois;13;True;pois;10;Floresta;restaurant;70384.0;54802.0;15582.0;0.7786144578313253;54802.0
13_levy_on_flood_pois;13;True;pois;10;Independência;marketplace;55080.0;55080.0;0.0;1.0;55080.0
13_levy_on_flood_pois;13;True;pois;10;Independência;pharmacy;13752.0;13752.0;0.0;1.0;13752.0
13_levy_on_flood_pois;13;True;pois;10;Independência;restaurant;55080.0;55080.0;0.0;1.0;55080.0
13_levy_on_flood_pois;13;True;pois;10;Moinhos de Vento;marketplace;79960.0;79960.0;0.0;1.0;79960.0
13_levy_on_flood_pois;13;True;pois;10;Moinhos de Vento;pharmacy;20000.0;20000.0;0.0;1.0;20000.0
13_levy_on_flood_pois;13;True;pois;10;Moinhos de Vento;restaurant;79960.0;79960.0;0.0;1.0;79960.0
13_levy_on_flood_pois;13;True;pois;10;Praia de Belas;marketplace;12176.0;5069.0;7107.0;0.4163107752956636;5069.0
13_levy_on_flood_pois;13;True;pois;10;Praia de Belas;pharmacy;3048.0;1278.0;1770.0;0.41929133858267714;1278.0
13_levy_on_flood_pois;13;True;pois;10;Praia de Belas;restaurant;12176.0;4738.0;7438.0;0.38912614980289095;4738.0
13_levy_on_flood_pois;13;True;pois;10;Rio Branco;marketplace;125680.0;125680.0;0.0;1.0;125680.0
13_levy_on_flood_pois;13;True;pois;10;Rio Branco;pharmacy;31408.0;31408.0;0.0;1.0;31408.0
13_levy_on_flood_pois;13;True;pois;10;Rio Branco;restaurant;125680.0;125680.0;0.0;1.0;125680.0
13_levy_on_flood_pois;13;True;pois;10;Santa Cecília;marketplace;37120.0;37120.0;0.0;1.0;37120.0
13_levy_on_flood_pois;13;True;pois;10;Santa Cecília;pharmacy;9288.0;9288.0;0.0;1.0;9288.0
13_levy_on_flood_pois;13;True;pois;10;Santa Cecília;restaurant;37120.0;37120.0;0.0;1.0;37120.0
13_levy_on_flood_pois;13;True;pois;10;Santana;marketplace;142352.0;142352.0;0.0;1.0;142352.0
13_levy_on_flood_pois;13;True;pois;10;Santana;pharmacy;35576.0;35576.0;0.0;1.0;35576.0
13_levy_on_flood_pois;13;True;pois;10;Santana;restaurant;142352.0;142352.0;0.0;1.0;142352.0
13_levy_on_flood_pois;13;True;pois;11;Azenha;marketplace;96512.0;93273.0;3239.0;0.9664394064986738;93273.0
13_levy_on_flood_pois;13;True;pois;11;Azenha;pharmacy;24144.0;23834.0;310.0;0.9871603711066932;23834.0
13_levy_on_flood_pois;13;True;pois;11;Azenha;restaurant;96512.0;93839.0;2673.0;0.9723039622015915;93839.0
13_levy_on_flood_pois;13;True;pois;11;Bom Fim;marketplace;81280.0;81280.0;0.0;1.0;81280.0
13_levy_on_flood_pois;13;True;pois;11;Bom Fim;pharmacy;20320.0;20320.0;0.0;1.0;20320.0
13_levy_on_flood_pois;13;True;pois;11;Bom Fim;restaurant;81280.0;81280.0;0.0;1.0;81280.0
13_levy_on_flood_pois;13;True;pois;11;Centro Histórico;marketplace;244552.0;240681.0;3871.0;0.9841710556446073;240681.0
13_levy_on_flood_pois;13;True;pois;11;Centro Histórico;pharmacy;61128.0;60230.0;898.0;0.9853095144614579;60230.0
13_levy_on_flood_pois;13;True;pois;11;Centro Histórico;restaurant;244552.0;240520.0;4032.0;0.983512708953515;240520.0
13_levy_on_flood_pois;13;True;pois;11;Cidade Baixa;marketplace;104112.0;93991.0;10121.0;0.9027873828185031;93991.0
13_levy_on_flood_pois;13;True;pois;11;Cidade Baixa;pharmacy;26024.0;22988.0;3036.0;0.8833384568090993;22988.0
13_levy_on_flood_pois;13;True;pois;11;Cidade Baixa;restaurant;104112.0;95715.0;8397.0;0.9193464730290456;95715.0
13_levy_on_flood_pois;13;True;pois;11;Farroupilha;marketplace;6192.0;6192.0;0.0;1.0;6192.0
13_levy_on_flood_pois;13;True;pois;11;Farroupilha;pharmacy;1552.0;1552.0;0.0;1.0;1552.0
13_levy_on_flood_pois;13;True;pois;11;Farroupilha;restaurant;6192.0;6192.0;0.0;1.0;6192.0
13_levy_on_flood_pois;13;True;pois;11;Floresta;marketplace;70384.0;59040.0;11344.0;0.8388270061377586;59040.0
13_levy_on_flood_pois;13;True;pois;11;Floresta;pharmacy;17576.0;13949.0;3627.0;0.7936390532544378;13949.0
13_levy_on_flood_pois;13;True;pois;11;Floresta;restaurant;70384.0;54802.0;15582.0;0.7786144578313253;54802.0
13_levy_on_flood_pois;13;True;pois;11;Independência;marketplace;55080.0;55080.0;0.0;1.0;55080.0
13_levy_on_flood_pois;13;True;pois;11;Independência;pharmacy;13752.0;13752.0;0.0;1.0;13752.0
13_levy_on_flood_pois;13;True;pois;11;Independência;restaurant;55080.0;55080.0;0.0;1.0;55080.0
13_levy_on_flood_pois;13;True;pois;11;Moinhos de Vento;marketplace;79960.0;79960.0;0.0;1.0;79960.0
13_levy_on_flood_pois;13;True;pois;11;Moinhos de Vento;pharmacy;20000.0;20000.0;0.0;1.0;20000.0
13_levy_on_flood_pois;13;True;pois;11;Moinhos de Vento;restaurant;79960.0;79960.0;0.0;1.0;79960.0
13_levy_on_flood_pois;13;True;pois;11;Praia de Belas;marketplace;12176.0;5069.0;7107.0;0.4163107752956636;5069.0
13_levy_on_flood_pois;13;True;pois;11;Praia de Belas;pharmacy;3048.0;1278.0;1770.0;0.41929133858267714;1278.0
13_levy_on_flood_pois;13;True;pois;11;Praia de Belas;restaurant;12176.0;4738.0;7438.0;0.38912614980289095;4738.0
13_levy_on_flood_pois;13;True;pois;11;Rio Branco;marketplace;125680.0;125680.0;0.0;1.0;125680.0
13_levy_on_flood_pois;13;True;pois;11;Rio Branco;pharmacy;31408.0;31408.0;0.0;1.0;31408.0
13_levy_on_flood_pois;13;True;pois;11;Rio Branco;restaurant;125680.0;125680.0;0.0;1.0;125680.0
13_levy_on_flood_pois;13;True;pois;11;Santa Cecília;marketplace;37120.0;37120.0;0.0;1.0;37120.0
13_levy_on_flood_pois;13;True;pois;11;Santa Cecília;pharmacy;9288.0;9288.0;0.0;1.0;9288.0
13_levy_on_flood_pois;13;True;pois;11;Santa Cecília;restaurant;37120.0;37120.0;0.0;1.0;37120.0
13_levy_on_flood_pois;13;True;pois;11;Santana;marketplace;142352.0;142352.0;0.0;1.0;142352.0
13_levy_on_flood_pois;13;True;pois;11;Santana;pharmacy;35576.0;35576.0;0.0;1.0;35576.0
13_levy_on_flood_pois;13;True;pois;11;Santana;restaurant;142352.0;142352.0;0.0;1.0;142352.0
13_levy_on_flood_pois;13;True;pois;12;Azenha;marketplace;96512.0;93273.0;3239.0;0.9664394064986738;93273.0
13_levy_on_flood_pois;13;True;pois;12;Azenha;pharmacy;24144.0;23834.0;310.0;0.9871603711066932;23834.0
13_levy_on_flood_pois;13;True;pois;12;Azenha;restaurant;96512.0;93839.0;2673.0;0.9723039622015915;93839.0
13_levy_on_flood_pois;13;True;pois;12;Bom Fim;marketplace;81280.0;81280.0;0.0;1.0;81280.0
13_levy_on_flood_pois;13;True;pois;12;Bom Fim;pharmacy;20320.0;20320.0;0.0;1.0;20320.0
13_levy_on_flood_pois;13;True;pois;12;Bom Fim;restaurant;81280.0;81280.0;0.0;1.0;81280.0
13_levy_on_flood_pois;13;True;pois;12;Centro Histórico;marketplace;244552.0;240681.0;3871.0;0.9841710556446073;240681.0
13_levy_on_flood_pois;13;True;pois;12;Centro Histórico;pharmacy;61128.0;60230.0;898.0;0.9853095144614579;60230.0
13_levy_on_flood_pois;13;True;pois;12;Centro Histórico;restaurant;244552.0;240520.0;4032.0;0.983512708953515;240520.0
13_levy_on_flood_pois;13;True;pois;12;Cidade Baixa;marketplace;104112.0;93991.0;10121.0;0.9027873828185031;93991.0
13_levy_on_flood_pois;13;True;pois;12;Cidade Baixa;pharmacy;26024.0;22988.0;3036.0;0.8833384568090993;22988.0
13_levy_on_flood_pois;13;True;pois;12;Cidade Baixa;restaurant;104112.0;95715.0;8397.0;0.9193464730290456;95715.0
13_levy_on_flood_pois;13;True;pois;12;Farroupilha;marketplace;6192.0;6192.0;0.0;1.0;6192.0
13_levy_on_flood_pois;13;True;pois;12;Farroupilha;pharmacy;1552.0;1552.0;0.0;1.0;1552.0
13_levy_on_flood_pois;13;True;pois;12;Farroupilha;restaurant;6192.0;6192.0;0.0;1.0;6192.0
13_levy_on_flood_pois;13;True;pois;12;Floresta;marketplace;70384.0;59040.0;11344.0;0.8388270061377586;59040.0
13_levy_on_flood_pois;13;True;pois;12;Floresta;pharmacy;17576.0;13949.0;3627.0;0.7936390532544378;13949.0
13_levy_on_flood_pois;13;True;pois;12;Floresta;restaurant;70384.0;54802.0;15582.0;0.7786144578313253;54802.0
13_levy_on_flood_pois;13;True;pois;12;Independência;marketplace;55080.0;55080.0;0.0;1.0;55080.0
13_levy_on_flood_pois;13;True;pois;12;Independência;pharmacy;13752.0;13752.0;0.0;1.0;13752.0
13_levy_on_flood_pois;13;True;pois;12;Independência;restaurant;55080.0;55080.0;0.0;1.0;55080.0
13_levy_on_flood_pois;13;True;pois;12;Moinhos de Vento;marketplace;79960.0;79960.0;0.0;1.0;79960.0
13_levy_on_flood_pois;13;True;pois;12;Moinhos de Vento;pharmacy;20000.0;20000.0;0.0;1.0;20000.0
13_levy_on_flood_pois;13;True;pois;12;Moinhos de Vento;restaurant;79960.0;79960.0;0.0;1.0;79960.0
13_levy_on_flood_pois;13;True;pois;12;Praia de Belas;marketplace;12176.0;5069.0;7107.0;0.4163107752956636;5069.0
13_levy_on_flood_pois;13;True;pois;12;Praia de Belas;pharmacy;3048.0;1278.0;1770.0;0.41929133858267714;1278.0
13_levy_on_flood_pois;13;True;pois;12;Praia de Belas;restaurant;12176.0;4738.0;7438.0;0.38912614980289095;4738.0
13_levy_on_flood_pois;13;True;pois;12;Rio Branco;marketplace;125680.0;125680.0;0.0;1.0;125680.0
13_levy_on_flood_pois;13;True;pois;12;Rio Branco;pharmacy;31408.0;31408.0;0.0;1.0;31408.0
13_levy_on_flood_pois;13;True;pois;12;Rio Branco;restaurant;125680.0;125680.0;0.0;1.0;125680.0
13_levy_on_flood_pois;13;True;pois;12;Santa Cecília;marketplace;37120.0;37120.0;0.0;1.0;37120.0
13_levy_on_flood_pois;13;True;pois;12;Santa Cecília;pharmacy;9288.0;9288.0;0.0;1.0;9288.0
13_levy_on_flood_pois;13;True;pois;12;Santa Cecília;restaurant;37120.0;37120.0;0.0;1.0;37120.0
13_levy_on_flood_pois;13;True;pois;12;Santana;marketplace;142352.0;142352.0;0.0;1.0;142352.0
13_levy_on_flood_pois;13;True;pois;12;Santana;pharmacy;35576.0;35576.0;0.0;1.0;35576.0
13_levy_on_flood_pois;13;True;pois;12;Santana;restaurant;142352.0;142352.0;0.0;1.0;142352.0
13_levy_on_flood_pois;13;True;pois;13;Azenha;marketplace;96512.0;93273.0;3239.0;0.9664394064986738;93273.0
13_levy_on_flood_pois;13;True;pois;13;Azenha;pharmacy;24144.0;23834.0;310.0;0.9871603711066932;23834.0
13_levy_on_flood_pois;13;True;pois;13;Azenha;restaurant;96512.0;93839.0;2673.0;0.9723039622015915;93839.0
13_levy_on_flood_pois;13;True;pois;13;Bom Fim;marketplace;81280.0;81280.0;0.0;1.0;81280.0
13_levy_on_flood_pois;13;True;pois;13;Bom Fim;pharmacy;20320.0;20320.0;0.0;1.0;20320.0
13_levy_on_flood_pois;13;True;pois;13;Bom Fim;restaurant;81280.0;81280.0;0.0;1.0;81280.0
13_levy_on_flood_pois;13;True;pois;13;Centro Histórico;marketplace;244552.0;240681.0;3871.0;0.9841710556446073;240681.0
13_levy_on_flood_pois;13;True;pois;13;Centro Histórico;pharmacy;61128.0;60230.0;898.0;0.9853095144614579;60230.0
13_levy_on_flood_pois;13;True;pois;13;Centro Histórico;restaurant;244552.0;240520.0;4032.0;0.983512708953515;240520.0
13_levy_on_flood_pois;13;True;pois;13;Cidade Baixa;marketplace;104112.0;93991.0;10121.0;0.9027873828185031;93991.0
13_levy_on_flood_pois;13;True;pois;13;Cidade Baixa;pharmacy;26024.0;22988.0;3036.0;0.8833384568090993;22988.0
13_levy_on_flood_pois;13;True;pois;13;Cidade Baixa;restaurant;104112.0;95715.0;8397.0;0.9193464730290456;95715.0
13_levy_on_flood_pois;13;True;pois;13;Farroupilha;marketplace;6192.0;6192.0;0.0;1.0;6192.0
13_levy_on_flood_pois;13;True;pois;13;Farroupilha;pharmacy;1552.0;1552.0;0.0;1.0;1552.0
13_levy_on_flood_pois;13;True;pois;13;Farroupilha;restaurant;6192.0;6192.0;0.0;1.0;6192.0
13_levy_on_flood_pois;13;True;pois;13;Floresta;marketplace;70384.0;59040.0;11344.0;0.8388270061377586;59040.0
13_levy_on_flood_pois;13;True;pois;13;Floresta;pharmacy;17576.0;13949.0;3627.0;0.7936390532544378;13949.0
13_levy_on_flood_pois;13;True;pois;13;Floresta;restaurant;70384.0;54802.0;15582.0;0.7786144578313253;54802.0
13_levy_on_flood_pois;13;True;pois;13;Independência;marketplace;55080.0;55080.0;0.0;1.0;55080.0
13_levy_on_flood_pois;13;True;pois;13;Independência;pharmacy;13752.0;13752.0;0.0;1.0;13752.0
13_levy_on_flood_pois;13;True;pois;13;Independência;restaurant;55080.0;55080.0;0.0;1.0;55080.0
13_levy_on_flood_pois;13;True;pois;13;Moinhos de Vento;marketplace;79960.0;79960.0;0.0;1.0;79960.0
13_levy_on_flood_pois;13;True;pois;13;Moinhos de Vento;pharmacy;20000.0;20000.0;0.0;1.0;20000.0
13_levy_on_flood_pois;13;True;pois;13;Moinhos de Vento;restaurant;79960.0;79960.0;0.0;1.0;79960.0
13_levy_on_flood_pois;13;True;pois;13;Praia de Belas;marketplace;12176.0;5069.0;7107.0;0.4163107752956636;5069.0
13_levy_on_flood_pois;13;True;pois;13;Praia de Belas;pharmacy;3048.0;1278.0;1770.0;0.41929133858267714;1278.0
13_levy_on_flood_pois;13;True;pois;13;Praia de Belas;restaurant;12176.0;4738.0;7438.0;0.38912614980289095;4738.0
13_levy_on_flood_pois;13;True;pois;13;Rio Branco;marketplace;125680.0;125680.0;0.0;1.0;125680.0
13_levy_on_flood_pois;13;True;pois;13;Rio Branco;pharmacy;31408.0;31408.0;0.0;1.0;31408.0
13_levy_on_flood_pois;13;True;pois;13;Rio Branco;restaurant;125680.0;125680.0;0.0;1.0;125680.0
13_levy_on_flood_pois;13;True;pois;13;Santa Cecília;marketplace;37120.0;37120.0;0.0;1.0;37120.0
13_levy_on_flood_pois;13;True;pois;13;Santa Cecília;pharmacy;9288.0;9288.0;0.0;1.0;9288.0
13_levy_on_flood_pois;13;True;pois;13;Santa Cecília;restaurant;37120.0;37120.0;0.0;1.0;37120.0
13_levy_on_flood_pois;13;True;pois;13;Santana;marketplace;142352.0;142352.0;0.0;1.0;142352.0
13_levy_on_flood_pois;13;True;pois;13;Santana;pharmacy;35576.0;35576.0;0.0;1.0;35576.0
13_levy_on_flood_pois;13;True;pois;13;Santana;restaurant;142352.0;142352.0;0.0;1.0;142352.0
13_levy_on_flood_pois;13;True;pois;14;Azenha;marketplace;96512.0;93273.0;3239.0;0.9664394064986738;93273.0
13_levy_on_flood_pois;13;True;pois;14;Azenha;pharmacy;24144.0;23834.0;310.0;0.9871603711066932;23834.0
13_levy_on_flood_pois;13;True;pois;14;Azenha;restaurant;96512.0;93839.0;2673.0;0.9723039622015915;93839.0
13_levy_on_flood_pois;13;True;pois;14;Bom Fim;marketplace;81280.0;81280.0;0.0;1.0;81280.0
13_levy_on_flood_pois;13;True;pois;14;Bom Fim;pharmacy;20320.0;20320.0;0.0;1.0;20320.0
13_levy_on_flood_pois;13;True;pois;14;Bom Fim;restaurant;81280.0;81280.0;0.0;1.0;81280.0
13_levy_on_flood_pois;13;True;pois;14;Centro Histórico;marketplace;244552.0;240681.0;3871.0;0.9841710556446073;240681.0
13_levy_on_flood_pois;13;True;pois;14;Centro Histórico;pharmacy;61128.0;60230.0;898.0;0.9853095144614579;60230.0
13_levy_on_flood_pois;13;True;pois;14;Centro Histórico;restaurant;244552.0;240520.0;4032.0;0.983512708953515;240520.0
13_levy_on_flood_pois;13;True;pois;14;Cidade Baixa;marketplace;104112.0;93991.0;10121.0;0.9027873828185031;93991.0
13_levy_on_flood_pois;13;True;pois;14;Cidade Baixa;pharmacy;26024.0;22988.0;3036.0;0.8833384568090993;22988.0
13_levy_on_flood_pois;13;True;pois;14;Cidade Baixa;restaurant;104112.0;95715.0;8397.0;0.9193464730290456;95715.0
13_levy_on_flood_pois;13;True;pois;14;Farroupilha;marketplace;6192.0;6192.0;0.0;1.0;6192.0
13_levy_on_flood_pois;13;True;pois;14;Farroupilha;pharmacy;1552.0;1552.0;0.0;1.0;1552.0
13_levy_on_flood_pois;13;True;pois;14;Farroupilha;restaurant;6192.0;6192.0;0.0;1.0;6192.0
13_levy_on_flood_pois;13;True;pois;14;Floresta;marketplace;70384.0;59040.0;11344.0;0.8388270061377586;59040.0
13_levy_on_flood_pois;13;True;pois;14;Floresta;pharmacy;17576.0;13949.0;3627.0;0.7936390532544378;13949.0
13_levy_on_flood_pois;13;True;pois;14;Floresta;restaurant;70384.0;54802.0;15582.0;0.7786144578313253;54802.0
13_levy_on_flood_pois;13;True;pois;14;Independência;marketplace;55080.0;55080.0;0.0;1.0;55080.0
13_levy_on_flood_pois;13;True;pois;14;Independência;pharmacy;13752.0;13752.0;0.0;1.0;13752.0
13_levy_on_flood_pois;13;True;pois;14;Independência;restaurant;55080.0;55080.0;0.0;1.0;55080.0
13_levy_on_flood_pois;13;True;pois;14;Moinhos de Vento;marketplace;79960.0;79960.0;0.0;1.0;79960.0
13_levy_on_flood_pois;13;True;pois;14;Moinhos de Vento;pharmacy;20000.0;20000.0;0.0;1.0;20000.0
13_levy_on_flood_pois;13;True;pois;14;Moinhos de Vento;restaurant;79960.0;79960.0;0.0;1.0;79960.0
13_levy_on_flood_pois;13;True;pois;14;Praia de Belas;marketplace;12176.0;5069.0;7107.0;0.4163107752956636;5069.0
13_levy_on_flood_pois;13;True;pois;14;Praia de Belas;pharmacy;3048.0;1278.0;1770.0;0.41929133858267714;1278.0
13_levy_on_flood_pois;13;True;pois;14;Praia de Belas;restaurant;12176.0;4738.0;7438.0;0.38912614980289095;4738.0
13_levy_on_flood_pois;13;True;pois;14;Rio Branco;marketplace;125680.0;125680.0;0.0;1.0;125680.0
13_levy_on_flood_pois;13;True;pois;14;Rio Branco;pharmacy;31408.0;31408.0;0.0;1.0;31408.0
13_levy_on_flood_pois;13;True;pois;14;Rio Branco;restaurant;125680.0;125680.0;0.0;1.0;125680.0
13_levy_on_flood_pois;13;True;pois;14;Santa Cecília;marketplace;37120.0;37120.0;0.0;1.0;37120.0
13_levy_on_flood_pois;13;True;pois;14;Santa Cecília;pharmacy;9288.0;9288.0;0.0;1.0;9288.0
13_levy_on_flood_pois;13;True;pois;14;Santa Cecília;restaurant;37120.0;37120.0;0.0;1.0;37120.0
13_levy_on_flood_pois;13;True;pois;14;Santana;marketplace;142352.0;142352.0;0.0;1.0;142352.0
13_levy_on_flood_pois;13;True;pois;14;Santana;pharmacy;35576.0;35576.0;0.0;1.0;35576.0
13_levy_on_flood_pois;13;True;pois;14;Santana;restaurant;142352.0;142352.0;0.0;1.0;142352.0
13_levy_on_flood_pois;13;True;pois;15;Azenha;marketplace;96512.0;93273.0;3239.0;0.9664394064986738;93273.0
13_levy_on_flood_pois;13;True;pois;15;Azenha;pharmacy;24144.0;23834.0;310.0;0.9871603711066932;23834.0
13_levy_on_flood_pois;13;True;pois;15;Azenha;restaurant;96512.0;93839.0;2673.0;0.9723039622015915;93839.0
13_levy_on_flood_pois;13;True;pois;15;Bom Fim;marketplace;81280.0;81280.0;0.0;1.0;81280.0
13_levy_on_flood_pois;13;True;pois;15;Bom Fim;pharmacy;20320.0;20320.0;0.0;1.0;20320.0
13_levy_on_flood_pois;13;True;pois;15;Bom Fim;restaurant;81280.0;81280.0;0.0;1.0;81280.0
13_levy_on_flood_pois;13;True;pois;15;Centro Histórico;marketplace;244552.0;240681.0;3871.0;0.9841710556446073;240681.0
13_levy_on_flood_pois;13;True;pois;15;Centro Histórico;pharmacy;61128.0;60230.0;898.0;0.9853095144614579;60230.0
13_levy_on_flood_pois;13;True;pois;15;Centro Histórico;restaurant;244552.0;240520.0;4032.0;0.983512708953515;240520.0
13_levy_on_flood_pois;13;True;pois;15;Cidade Baixa;marketplace;104112.0;93991.0;10121.0;0.9027873828185031;93991.0
13_levy_on_flood_pois;13;True;pois;15;Cidade Baixa;pharmacy;26024.0;22988.0;3036.0;0.8833384568090993;22988.0
13_levy_on_flood_pois;13;True;pois;15;Cidade Baixa;restaurant;104112.0;95715.0;8397.0;0.9193464730290456;95715.0
13_levy_on_flood_pois;13;True;pois;15;Farroupilha;marketplace;6192.0;6192.0;0.0;1.0;6192.0
13_levy_on_flood_pois;13;True;pois;15;Farroupilha;pharmacy;1552.0;1552.0;0.0;1.0;1552.0
13_levy_on_flood_pois;13;True;pois;15;Farroupilha;restaurant;6192.0;6192.0;0.0;1.0;6192.0
13_levy_on_flood_pois;13;True;pois;15;Floresta;marketplace;70384.0;59040.0;11344.0;0.8388270061377586;59040.0
13_levy_on_flood_pois;13;True;pois;15;Floresta;pharmacy;17576.0;13949.0;3627.0;0.7936390532544378;13949.0
13_levy_on_flood_pois;13;True;pois;15;Floresta;restaurant;70384.0;54802.0;15582.0;0.7786144578313253;54802.0
13_levy_on_flood_pois;13;True;pois;15;Independência;marketplace;55080.0;55080.0;0.0;1.0;55080.0
13_levy_on_flood_pois;13;True;pois;15;Independência;pharmacy;13752.0;13752.0;0.0;1.0;13752.0
13_levy_on_flood_pois;13;True;pois;15;Independência;restaurant;55080.0;55080.0;0.0;1.0;55080.0
13_levy_on_flood_pois;13;True;pois;15;Moinhos de Vento;marketplace;79960.0;79960.0;0.0;1.0;79960.0
13_levy_on_flood_pois;13;True;pois;15;Moinhos de Vento;pharmacy;20000.0;20000.0;0.0;1.0;20000.0
13_levy_on_flood_pois;13;True;pois;15;Moinhos de Vento;restaurant;79960.0;79960.0;0.0;1.0;79960.0
13_levy_on_flood_pois;13;True;pois;15;Praia de Belas;marketplace;12176.0;5069.0;7107.0;0.4163107752956636;5069.0
13_levy_on_flood_pois;13;True;pois;15;Praia de Belas;pharmacy;3048.0;1278.0;1770.0;0.41929133858267714;1278.0
13_levy_on_flood_pois;13;True;pois;15;Praia de Belas;restaurant;12176.0;4738.0;7438.0;0.38912614980289095;4738.0
13_levy_on_flood_pois;13;True;pois;15;Rio Branco;marketplace;125680.0;125680.0;0.0;1.0;125680.0
13_levy_on_flood_pois;13;True;pois;15;Rio Branco;pharmacy;31408.0;31408.0;0.0;1.0;31408.0
13_levy_on_flood_pois;13;True;pois;15;Rio Branco;restaurant;125680.0;125680.0;0.0;1.0;125680.0
13_levy_on_flood_pois;13;True;pois;15;Santa Cecília;marketplace;37120.0;37120.0;0.0;1.0;37120.0
13_levy_on_flood_pois;13;True;pois;15;Santa Cecília;pharmacy;9288.0;9288.0;0.0;1.0;9288.0
13_levy_on_flood_pois;13;True;pois;15;Santa Cecília;restaurant;37120.0;37120.0;0.0;1.0;37120.0
13_levy_on_flood_pois;13;True;pois;15;Santana;marketplace;142352.0;142352.0;0.0;1.0;142352.0
13_levy_on_flood_pois;13;True;pois;15;Santana;pharmacy;35576.0;35576.0;0.0;1.0;35576.0
13_levy_on_flood_pois;13;True;pois;15;Santana;restaurant;142352.0;142352.0;0.0;1.0;142352.0
13_levy_on_flood_pois;13;True;pois;16;Azenha;marketplace;96512.0;93273.0;3239.0;0.9664394064986738;93273.0
13_levy_on_flood_pois;13;True;pois;16;Azenha;pharmacy;24144.0;23834.0;310.0;0.9871603711066932;23834.0
13_levy_on_flood_pois;13;True;pois;16;Azenha;restaurant;96512.0;93839.0;2673.0;0.9723039622015915;93839.0
13_levy_on_flood_pois;13;True;pois;16;Bom Fim;marketplace;81280.0;81280.0;0.0;1.0;81280.0
13_levy_on_flood_pois;13;True;pois;16;Bom Fim;pharmacy;20320.0;20320.0;0.0;1.0;20320.0
13_levy_on_flood_pois;13;True;pois;16;Bom Fim;restaurant;81280.0;81280.0;0.0;1.0;81280.0
13_levy_on_flood_pois;13;True;pois;16;Centro Histórico;marketplace;244552.0;240681.0;3871.0;0.9841710556446073;240681.0
13_levy_on_flood_pois;13;True;pois;16;Centro Histórico;pharmacy;61128.0;60230.0;898.0;0.9853095144614579;60230.0
13_levy_on_flood_pois;13;True;pois;16;Centro Histórico;restaurant;244552.0;240520.0;4032.0;0.983512708953515;240520.0
13_levy_on_flood_pois;13;True;pois;16;Cidade Baixa;marketplace;104112.0;93991.0;10121.0;0.9027873828185031;93991.0
13_levy_on_flood_pois;13;True;pois;16;Cidade Baixa;pharmacy;26024.0;22988.0;3036.0;0.8833384568090993;22988.0
13_levy_on_flood_pois;13;True;pois;16;Cidade Baixa;restaurant;104112.0;95715.0;8397.0;0.9193464730290456;95715.0
13_levy_on_flood_pois;13;True;pois;16;Farroupilha;marketplace;6192.0;6192.0;0.0;1.0;6192.0
13_levy_on_flood_pois;13;True;pois;16;Farroupilha;pharmacy;1552.0;1552.0;0.0;1.0;1552.0
13_levy_on_flood_pois;13;True;pois;16;Farroupilha;restaurant;6192.0;6192.0;0.0;1.0;6192.0
13_levy_on_flood_pois;13;True;pois;16;Floresta;marketplace;70384.0;59040.0;11344.0;0.8388270061377586;59040.0
13_levy_on_flood_pois;13;True;pois;16;Floresta;pharmacy;17576.0;13949.0;3627.0;0.7936390532544378;13949.0
13_levy_on_flood_pois;13;True;pois;16;Floresta;restaurant;70384.0;54802.0;15582.0;0.7786144578313253;54802.0
13_levy_on_flood_pois;13;True;pois;16;Independência;marketplace;55080.0;55080.0;0.0;1.0;55080.0
13_levy_on_flood_pois;13;True;pois;16;Independência;pharmacy;13752.0;13752.0;0.0;1.0;13752.0
13_levy_on_flood_pois;13;True;pois;16;Independência;restaurant;55080.0;55080.0;0.0;1.0;55080.0
13_levy_on_flood_pois;13;True;pois;16;Moinhos de Vento;marketplace;79960.0;79960.0;0.0;1.0;79960.0
13_levy_on_flood_pois;13;True;pois;16;Moinhos de Vento;pharmacy;20000.0;20000.0;0.0;1.0;20000.0
13_levy_on_flood_pois;13;True;pois;16;Moinhos de Vento;restaurant;79960.0;79960.0;0.0;1.0;79960.0
13_levy_on_flood_pois;13;True;pois;16;Praia de Belas;marketplace;12176.0;5069.0;7107.0;0.4163107752956636;5069.0
13_levy_on_flood_pois;13;True;pois;16;Praia de Belas;pharmacy;3048.0;1278.0;1770.0;0.41929133858267714;1278.0
13_levy_on_flood_pois;13;True;pois;16;Praia de Belas;restaurant;12176.0;4738.0;7438.0;0.38912614980289095;4738.0
13_levy_on_flood_pois;13;True;pois;16;Rio Branco;marketplace;125680.0;125680.0;0.0;1.0;125680.0
13_levy_on_flood_pois;13;True;pois;16;Rio Branco;pharmacy;31408.0;31408.0;0.0;1.0;31408.0
13_levy_on_flood_pois;13;True;pois;16;Rio Branco;restaurant;125680.0;125680.0;0.0;1.0;125680.0
13_levy_on_flood_pois;13;True;pois;16;Santa Cecília;marketplace;37120.0;37120.0;0.0;1.0;37120.0
13_levy_on_flood_pois;13;True;pois;16;Santa Cecília;pharmacy;9288.0;9288.0;0.0;1.0;9288.0
13_levy_on_flood_pois;13;True;pois;16;Santa Cecília;restaurant;37120.0;37120.0;0.0;1.0;37120.0
13_levy_on_flood_pois;13;True;pois;16;Santana;marketplace;142352.0;142352.0;0.0;1.0;142352.0
13_levy_on_flood_pois;13;True;pois;16;Santana;pharmacy;35576.0;35576.0;0.0;1.0;35576.0
13_levy_on_flood_pois;13;True;pois;16;Santana;restaurant;142352.0;142352.0;0.0;1.0;142352.0
13_levy_on_flood_pois;13;True;pois;17;Azenha;marketplace;96512.0;93273.0;3239.0;0.9664394064986738;93273.0
13_levy_on_flood_pois;13;True;pois;17;Azenha;pharmacy;24144.0;23834.0;310.0;0.9871603711066932;23834.0
13_levy_on_flood_pois;13;True;pois;17;Azenha;restaurant;96512.0;93839.0;2673.0;0.9723039622015915;93839.0
13_levy_on_flood_pois;13;True;pois;17;Bom Fim;marketplace;81280.0;81280.0;0.0;1.0;81280.0
13_levy_on_flood_pois;13;True;pois;17;Bom Fim;pharmacy;20320.0;20320.0;0.0;1.0;20320.0
13_levy_on_flood_pois;13;True;pois;17;Bom Fim;restaurant;81280.0;81280.0;0.0;1.0;81280.0
13_levy_on_flood_pois;13;True;pois;17;Centro Histórico;marketplace;244552.0;240681.0;3871.0;0.9841710556446073;240681.0
13_levy_on_flood_pois;13;True;pois;17;Centro Histórico;pharmacy;61128.0;60230.0;898.0;0.9853095144614579;60230.0
13_levy_on_flood_pois;13;True;pois;17;Centro Histórico;restaurant;244552.0;240520.0;4032.0;0.983512708953515;240520.0
13_levy_on_flood_pois;13;True;pois;17;Cidade Baixa;marketplace;104112.0;93991.0;10121.0;0.9027873828185031;93991.0
13_levy_on_flood_pois;13;True;pois;17;Cidade Baixa;pharmacy;26024.0;22988.0;3036.0;0.8833384568090993;22988.0
13_levy_on_flood_pois;13;True;pois;17;Cidade Baixa;restaurant;104112.0;95715.0;8397.0;0.9193464730290456;95715.0
13_levy_on_flood_pois;13;True;pois;17;Farroupilha;marketplace;6192.0;6192.0;0.0;1.0;6192.0
13_levy_on_flood_pois;13;True;pois;17;Farroupilha;pharmacy;1552.0;1552.0;0.0;1.0;1552.0
13_levy_on_flood_pois;13;True;pois;17;Farroupilha;restaurant;6192.0;6192.0;0.0;1.0;6192.0
13_levy_on_flood_pois;13;True;pois;17;Floresta;marketplace;70384.0;59040.0;11344.0;0.8388270061377586;59040.0
13_levy_on_flood_pois;13;True;pois;17;Floresta;pharmacy;17576.0;13949.0;3627.0;0.7936390532544378;13949.0
13_levy_on_flood_pois;13;True;pois;17;Floresta;restaurant;70384.0;54802.0;15582.0;0.7786144578313253;54802.0
13_levy_on_flood_pois;13;True;pois;17;Independência;marketplace;55080.0;55080.0;0.0;1.0;55080.0
13_levy_on_flood_pois;13;True;pois;17;Independência;pharmacy;13752.0;13752.0;0.0;1.0;13752.0
13_levy_on_flood_pois;13;True;pois;17;Independência;restaurant;55080.0;55080.0;0.0;1.0;55080.0
13_levy_on_flood_pois;13;True;pois;17;Moinhos de Vento;marketplace;79960.0;79960.0;0.0;1.0;79960.0
13_levy_on_flood_pois;13;True;pois;17;Moinhos de Vento;pharmacy;20000.0;20000.0;0.0;1.0;20000.0
13_levy_on_flood_pois;13;True;pois;17;Moinhos de Vento;restaurant;79960.0;79960.0;0.0;1.0;79960.0
13_levy_on_flood_pois;13;True;pois;17;Praia de Belas;marketplace;12176.0;5069.0;7107.0;0.4163107752956636;5069.0
13_levy_on_flood_pois;13;True;pois;17;Praia de Belas;pharmacy;3048.0;1278.0;1770.0;0.41929133858267714;1278.0
13_levy_on_flood_pois;13;True;pois;17;Praia de Belas;restaurant;12176.0;4738.0;7438.0;0.38912614980289095;4738.0
13_levy_on_flood_pois;13;True;pois;17;Rio Branco;marketplace;125680.0;125680.0;0.0;1.0;125680.0
13_levy_on_flood_pois;13;True;pois;17;Rio Branco;pharmacy;31408.0;31408.0;0.0;1.0;31408.0
13_levy_on_flood_pois;13;True;pois;17;Rio Branco;restaurant;125680.0;125680.0;0.0;1.0;125680.0
13_levy_on_flood_pois;13;True;pois;17;Santa Cecília;marketplace;37120.0;37120.0;0.0;1.0;37120.0
13_levy_on_flood_pois;13;True;pois;17;Santa Cecília;pharmacy;9288.0;9288.0;0.0;1.0;9288.0
13_levy_on_flood_pois;13;True;pois;17;Santa Cecília;restaurant;37120.0;37120.0;0.0;1.0;37120.0
13_levy_on_flood_pois;13;True;pois;17;Santana;marketplace;142352.0;142352.0;0.0;1.0;142352.0
13_levy_on_flood_pois;13;True;pois;17;Santana;pharmacy;35576.0;35576.0;0.0;1.0;35576.0
13_levy_on_flood_pois;13;True;pois;17;Santana;restaurant;142352.0;142352.0;0.0;1.0;142352.0
13_levy_on_flood_pois;13;True;pois;18;Azenha;marketplace;96512.0;93273.0;3239.0;0.9664394064986738;93273.0
13_levy_on_flood_pois;13;True;pois;18;Azenha;pharmacy;24144.0;23834.0;310.0;0.9871603711066932;23834.0
13_levy_on_flood_pois;13;True;pois;18;Azenha;restaurant;96512.0;93839.0;2673.0;0.9723039622015915;93839.0
13_levy_on_flood_pois;13;True;pois;18;Bom Fim;marketplace;81280.0;81280.0;0.0;1.0;81280.0
13_levy_on_flood_pois;13;True;pois;18;Bom Fim;pharmacy;20320.0;20320.0;0.0;1.0;20320.0
13_levy_on_flood_pois;13;True;pois;18;Bom Fim;restaurant;81280.0;81280.0;0.0;1.0;81280.0
13_levy_on_flood_pois;13;True;pois;18;Centro Histórico;marketplace;244552.0;240681.0;3871.0;0.9841710556446073;240681.0
13_levy_on_flood_pois;13;True;pois;18;Centro Histórico;pharmacy;61128.0;60230.0;898.0;0.9853095144614579;60230.0
13_levy_on_flood_pois;13;True;pois;18;Centro Histórico;restaurant;244552.0;240520.0;4032.0;0.983512708953515;240520.0
13_levy_on_flood_pois;13;True;pois;18;Cidade Baixa;marketplace;104112.0;93991.0;10121.0;0.9027873828185031;93991.0
13_levy_on_flood_pois;13;True;pois;18;Cidade Baixa;pharmacy;26024.0;22988.0;3036.0;0.8833384568090993;22988.0
13_levy_on_flood_pois;13;True;pois;18;Cidade Baixa;restaurant;104112.0;95715.0;8397.0;0.9193464730290456;95715.0
13_levy_on_flood_pois;13;True;pois;18;Farroupilha;marketplace;6192.0;6192.0;0.0;1.0;6192.0
13_levy_on_flood_pois;13;True;pois;18;Farroupilha;pharmacy;1552.0;1552.0;0.0;1.0;1552.0
13_levy_on_flood_pois;13;True;pois;18;Farroupilha;restaurant;6192.0;6192.0;0.0;1.0;6192.0
13_levy_on_flood_pois;13;True;pois;18;Floresta;marketplace;70384.0;59040.0;11344.0;0.8388270061377586;59040.0
13_levy_on_flood_pois;13;True;pois;18;Floresta;pharmacy;17576.0;13949.0;3627.0;0.7936390532544378;13949.0
13_levy_on_flood_pois;13;True;pois;18;Floresta;restaurant;70384.0;54802.0;15582.0;0.7786144578313253;54802.0
13_levy_on_flood_pois;13;True;pois;18;Independência;marketplace;55080.0;55080.0;0.0;1.0;55080.0
13_levy_on_flood_pois;13;True;pois;18;Independência;pharmacy;13752.0;13752.0;0.0;1.0;13752.0
13_levy_on_flood_pois;13;True;pois;18;Independência;restaurant;55080.0;55080.0;0.0;1.0;55080.0
13_levy_on_flood_pois;13;True;pois;18;Moinhos de Vento;marketplace;79960.0;79960.0;0.0;1.0;79960.0
13_levy_on_flood_pois;13;True;pois;18;Moinhos de Vento;pharmacy;20000.0;20000.0;0.0;1.0;20000.0
13_levy_on_flood_pois;13;True;pois;18;Moinhos de Vento;restaurant;79960.0;79960.0;0.0;1.0;79960.0
13_levy_on_flood_pois;13;True;pois;18;Praia de Belas;marketplace;12176.0;5069.0;7107.0;0.4163107752956636;5069.0
13_levy_on_flood_pois;13;True;pois;18;Praia de Belas;pharmacy;3048.0;1278.0;1770.0;0.41929133858267714;1278.0
13_levy_on_flood_pois;13;True;pois;18;Praia de Belas;restaurant;12176.0;4738.0;7438.0;0.38912614980289095;4738.0
13_levy_on_flood_pois;13;True;pois;18;Rio Branco;marketplace;125680.0;125680.0;0.0;1.0;125680.0
13_levy_on_flood_pois;13;True;pois;18;Rio Branco;pharmacy;31408.0;31408.0;0.0;1.0;31408.0
13_levy_on_flood_pois;13;True;pois;18;Rio Branco;restaurant;125680.0;125680.0;0.0;1.0;125680.0
13_levy_on_flood_pois;13;True;pois;18;Santa Cecília;marketplace;37120.0;37120.0;0.0;1.0;37120.0
13_levy_on_flood_pois;13;True;pois;18;Santa Cecília;pharmacy;9288.0;9288.0;0.0;1.0;9288.0
13_levy_on_flood_pois;13;True;pois;18;Santa Cecília;restaurant;37120.0;37120.0;0.0;1.0;37120.0
13_levy_on_flood_pois;13;True;pois;18;Santana;marketplace;142352.0;142352.0;0.0;1.0;142352.0
13_levy_on_flood_pois;13;True;pois;18;Santana;pharmacy;35576.0;35576.0;0.0;1.0;35576.0
13_levy_on_flood_pois;13;True;pois;18;Santana;restaurant;142352.0;142352.0;0.0;1.0;142352.0
13_levy_on_flood_pois;13;True;pois;19;Azenha;marketplace;96512.0;93273.0;3239.0;0.9664394064986738;93273.0
13_levy_on_flood_pois;13;True;pois;19;Azenha;pharmacy;24144.0;23834.0;310.0;0.9871603711066932;23834.0
13_levy_on_flood_pois;13;True;pois;19;Azenha;restaurant;96512.0;93839.0;2673.0;0.9723039622015915;93839.0
13_levy_on_flood_pois;13;True;pois;19;Bom Fim;marketplace;81280.0;81280.0;0.0;1.0;81280.0
13_levy_on_flood_pois;13;True;pois;19;Bom Fim;pharmacy;20320.0;20320.0;0.0;1.0;20320.0
13_levy_on_flood_pois;13;True;pois;19;Bom Fim;restaurant;81280.0;81280.0;0.0;1.0;81280.0
13_levy_on_flood_pois;13;True;pois;19;Centro Histórico;marketplace;244552.0;240681.0;3871.0;0.9841710556446073;240681.0
13_levy_on_flood_pois;13;True;pois;19;Centro Histórico;pharmacy;61128.0;60230.0;898.0;0.9853095144614579;60230.0
13_levy_on_flood_pois;13;True;pois;19;Centro Histórico;restaurant;244552.0;240520.0;4032.0;0.983512708953515;240520.0
13_levy_on_flood_pois;13;True;pois;19;Cidade Baixa;marketplace;104112.0;93991.0;10121.0;0.9027873828185031;93991.0
13_levy_on_flood_pois;13;True;pois;19;Cidade Baixa;pharmacy;26024.0;22988.0;3036.0;0.8833384568090993;22988.0
13_levy_on_flood_pois;13;True;pois;19;Cidade Baixa;restaurant;104112.0;95715.0;8397.0;0.9193464730290456;95715.0
13_levy_on_flood_pois;13;True;pois;19;Farroupilha;marketplace;6192.0;6192.0;0.0;1.0;6192.0
13_levy_on_flood_pois;13;True;pois;19;Farroupilha;pharmacy;1552.0;1552.0;0.0;1.0;1552.0
13_levy_on_flood_pois;13;True;pois;19;Farroupilha;restaurant;6192.0;6192.0;0.0;1.0;6192.0
13_levy_on_flood_pois;13;True;pois;19;Floresta;marketplace;70384.0;59040.0;11344.0;0.8388270061377586;59040.0
13_levy_on_flood_pois;13;True;pois;19;Floresta;pharmacy;17576.0;13949.0;3627.0;0.7936390532544378;13949.0
13_levy_on_flood_pois;13;True;pois;19;Floresta;restaurant;70384.0;54802.0;15582.0;0.7786144578313253;54802.0
13_levy_on_flood_pois;13;True;pois;19;Independência;marketplace;55080.0;55080.0;0.0;1.0;55080.0
13_levy_on_flood_pois;13;True;pois;19;Independência;pharmacy;13752.0;13752.0;0.0;1.0;13752.0
13_levy_on_flood_pois;13;True;pois;19;Independência;restaurant;55080.0;55080.0;0.0;1.0;55080.0
13_levy_on_flood_pois;13;True;pois;19;Moinhos de Vento;marketplace;79960.0;79960.0;0.0;1.0;79960.0
13_levy_on_flood_pois;13;True;pois;19;Moinhos de Vento;pharmacy;20000.0;20000.0;0.0;1.0;20000.0
13_levy_on_flood_pois;13;True;pois;19;Moinhos de Vento;restaurant;79960.0;79960.0;0.0;1.0;79960.0
13_levy_on_flood_pois;13;True;pois;19;Praia de Belas;marketplace;12176.0;5069.0;7107.0;0.4163107752956636;5069.0
13_levy_on_flood_pois;13;True;pois;19;Praia de Belas;pharmacy;3048.0;1278.0;1770.0;0.41929133858267714;1278.0
13_levy_on_flood_pois;13;True;pois;19;Praia de Belas;restaurant;12176.0;4738.0;7438.0;0.38912614980289095;4738.0
13_levy_on_flood_pois;13;True;pois;19;Rio Branco;marketplace;125680.0;125680.0;0.0;1.0;125680.0
13_levy_on_flood_pois;13;True;pois;19;Rio Branco;pharmacy;31408.0;31408.0;0.0;1.0;31408.0
13_levy_on_flood_pois;13;True;pois;19;Rio Branco;restaurant;125680.0;125680.0;0.0;1.0;125680.0
13_levy_on_flood_pois;13;True;pois;19;Santa Cecília;marketplace;37120.0;37120.0;0.0;1.0;37120.0
13_levy_on_flood_pois;13;True;pois;19;Santa Cecília;pharmacy;9288.0;9288.0;0.0;1.0;9288.0
13_levy_on_flood_pois;13;True;pois;19;Santa Cecília;restaurant;37120.0;37120.0;0.0;1.0;37120.0
13_levy_on_flood_pois;13;True;pois;19;Santana;marketplace;142352.0;142352.0;0.0;1.0;142352.0
13_levy_on_flood_pois;13;True;pois;19;Santana;pharmacy;35576.0;35576.0;0.0;1.0;35576.0
13_levy_on_flood_pois;13;True;pois;19;Santana;restaurant;142352.0;142352.0;0.0;1.0;142352.0
13_levy_on_flood_pois;13;True;pois;20;Azenha;marketplace;96512.0;93273.0;3239.0;0.9664394064986738;93273.0
13_levy_on_flood_pois;13;True;pois;20;Azenha;pharmacy;24144.0;23834.0;310.0;0.9871603711066932;23834.0
13_levy_on_flood_pois;13;True;pois;20;Azenha;restaurant;96512.0;93839.0;2673.0;0.9723039622015915;93839.0
13_levy_on_flood_pois;13;True;pois;20;Bom Fim;marketplace;81280.0;81280.0;0.0;1.0;81280.0
13_levy_on_flood_pois;13;True;pois;20;Bom Fim;pharmacy;20320.0;20320.0;0.0;1.0;20320.0
13_levy_on_flood_pois;13;True;pois;20;Bom Fim;restaurant;81280.0;81280.0;0.0;1.0;81280.0
13_levy_on_flood_pois;13;True;pois;20;Centro Histórico;marketplace;244552.0;240681.0;3871.0;0.9841710556446073;240681.0
13_levy_on_flood_pois;13;True;pois;20;Centro Histórico;pharmacy;61128.0;60230.0;898.0;0.9853095144614579;60230.0
13_levy_on_flood_pois;13;True;pois;20;Centro Histórico;restaurant;244552.0;240520.0;4032.0;0.983512708953515;240520.0
13_levy_on_flood_pois;13;True;pois;20;Cidade Baixa;marketplace;104112.0;93991.0;10121.0;0.9027873828185031;93991.0
13_levy_on_flood_pois;13;True;pois;20;Cidade Baixa;pharmacy;26024.0;22988.0;3036.0;0.8833384568090993;22988.0
13_levy_on_flood_pois;13;True;pois;20;Cidade Baixa;restaurant;104112.0;95715.0;8397.0;0.9193464730290456;95715.0
13_levy_on_flood_pois;13;True;pois;20;Farroupilha;marketplace;6192.0;6192.0;0.0;1.0;6192.0
13_levy_on_flood_pois;13;True;pois;20;Farroupilha;pharmacy;1552.0;1552.0;0.0;1.0;1552.0
13_levy_on_flood_pois;13;True;pois;20;Farroupilha;restaurant;6192.0;6192.0;0.0;1.0;6192.0
13_levy_on_flood_pois;13;True;pois;20;Floresta;marketplace;70384.0;59040.0;11344.0;0.8388270061377586;59040.0
13_levy_on_flood_pois;13;True;pois;20;Floresta;pharmacy;17576.0;13949.0;3627.0;0.7936390532544378;13949.0
13_levy_on_flood_pois;13;True;pois;20;Floresta;restaurant;70384.0;54802.0;15582.0;0.7786144578313253;54802.0
13_levy_on_flood_pois;13;True;pois;20;Independência;marketplace;55080.0;55080.0;0.0;1.0;55080.0
13_levy_on_flood_pois;13;True;pois;20;Independência;pharmacy;13752.0;13752.0;0.0;1.0;13752.0
13_levy_on_flood_pois;13;True;pois;20;Independência;restaurant;55080.0;55080.0;0.0;1.0;55080.0
13_levy_on_flood_pois;13;True;pois;20;Moinhos de Vento;marketplace;79960.0;79960.0;0.0;1.0;79960.0
13_levy_on_flood_pois;13;True;pois;20;Moinhos de Vento;pharmacy;20000.0;20000.0;0.0;1.0;20000.0
13_levy_on_flood_pois;13;True;pois;20;Moinhos de Vento;restaurant;79960.0;79960.0;0.0;1.0;79960.0
13_levy_on_flood_pois;13;True;pois;20;Praia de Belas;marketplace;12176.0;5069.0;7107.0;0.4163107752956636;5069.0
13_levy_on_flood_pois;13;True;pois;20;Praia de Belas;pharmacy;3048.0;1278.0;1770.0;0.41929133858267714;1278.0
13_levy_on_flood_pois;13;True;pois;20;Praia de Belas;restaurant;12176.0;4738.0;7438.0;0.38912614980289095;4738.0
13_levy_on_flood_pois;13;True;pois;20;Rio Branco;marketplace;125680.0;125680.0;0.0;1.0;125680.0
13_levy_on_flood_pois;13;True;pois;20;Rio Branco;pharmacy;31408.0;31408.0;0.0;1.0;31408.0
13_levy_on_flood_pois;13;True;pois;20;Rio Branco;restaurant;125680.0;125680.0;0.0;1.0;125680.0
13_levy_on_flood_pois;13;True;pois;20;Santa Cecília;marketplace;37120.0;37120.0;0.0;1.0;37120.0
13_levy_on_flood_pois;13;True;pois;20;Santa Cecília;pharmacy;9288.0;9288.0;0.0;1.0;9288.0
13_levy_on_flood_pois;13;True;pois;20;Santa Cecília;restaurant;37120.0;37120.0;0.0;1.0;37120.0
13_levy_on_flood_pois;13;True;pois;20;Santana;marketplace;142352.0;142352.0;0.0;1.0;142352.0
13_levy_on_flood_pois;13;True;pois;20;Santana;pharmacy;35576.0;35576.0;0.0;1.0;35576.0
13_levy_on_flood_pois;13;True;pois;20;Santana;restaurant;142352.0;142352.0;0.0;1.0;142352.0
13_levy_on_flood_pois;13;True;pois;21;Azenha;marketplace;96512.0;93273.0;3239.0;0.9664394064986738;93273.0
13_levy_on_flood_pois;13;True;pois;21;Azenha;pharmacy;24144.0;23834.0;310.0;0.9871603711066932;23834.0
13_levy_on_flood_pois;13;True;pois;21;Azenha;restaurant;96512.0;93839.0;2673.0;0.9723039622015915;93839.0
13_levy_on_flood_pois;13;True;pois;21;Bom Fim;marketplace;81280.0;81280.0;0.0;1.0;81280.0
13_levy_on_flood_pois;13;True;pois;21;Bom Fim;pharmacy;20320.0;20320.0;0.0;1.0;20320.0
13_levy_on_flood_pois;13;True;pois;21;Bom Fim;restaurant;81280.0;81280.0;0.0;1.0;81280.0
13_levy_on_flood_pois;13;True;pois;21;Centro Histórico;marketplace;244552.0;240681.0;3871.0;0.9841710556446073;240681.0
13_levy_on_flood_pois;13;True;pois;21;Centro Histórico;pharmacy;61128.0;60230.0;898.0;0.9853095144614579;60230.0
13_levy_on_flood_pois;13;True;pois;21;Centro Histórico;restaurant;244552.0;240520.0;4032.0;0.983512708953515;240520.0
13_levy_on_flood_pois;13;True;pois;21;Cidade Baixa;marketplace;104112.0;93991.0;10121.0;0.9027873828185031;93991.0
13_levy_on_flood_pois;13;True;pois;21;Cidade Baixa;pharmacy;26024.0;22988.0;3036.0;0.8833384568090993;22988.0
13_levy_on_flood_pois;13;True;pois;21;Cidade Baixa;restaurant;104112.0;95715.0;8397.0;0.9193464730290456;95715.0
13_levy_on_flood_pois;13;True;pois;21;Farroupilha;marketplace;6192.0;6192.0;0.0;1.0;6192.0
13_levy_on_flood_pois;13;True;pois;21;Farroupilha;pharmacy;1552.0;1552.0;0.0;1.0;1552.0
13_levy_on_flood_pois;13;True;pois;21;Farroupilha;restaurant;6192.0;6192.0;0.0;1.0;6192.0
13_levy_on_flood_pois;13;True;pois;21;Floresta;marketplace;70384.0;59040.0;11344.0;0.8388270061377586;59040.0
13_levy_on_flood_pois;13;True;pois;21;Floresta;pharmacy;17576.0;13949.0;3627.0;0.7936390532544378;13949.0
13_levy_on_flood_pois;13;True;pois;21;Floresta;restaurant;70384.0;54802.0;15582.0;0.7786144578313253;54802.0
13_levy_on_flood_pois;13;True;pois;21;Independência;marketplace;55080.0;55080.0;0.0;1.0;55080.0
13_levy_on_flood_pois;13;True;pois;21;Independência;pharmacy;13752.0;13752.0;0.0;1.0;13752.0
13_levy_on_flood_pois;13;True;pois;21;Independência;restaurant;55080.0;55080.0;0.0;1.0;55080.0
13_levy_on_flood_pois;13;True;pois;21;Moinhos de Vento;marketplace;79960.0;79960.0;0.0;1.0;79960.0
13_levy_on_flood_pois;13;True;pois;21;Moinhos de Vento;pharmacy;20000.0;20000.0;0.0;1.0;20000.0
13_levy_on_flood_pois;13;True;pois;21;Moinhos de Vento;restaurant;79960.0;79960.0;0.0;1.0;79960.0
13_levy_on_flood_pois;13;True;pois;21;Praia de Belas;marketplace;12176.0;5069.0;7107.0;0.4163107752956636;5069.0
13_levy_on_flood_pois;13;True;pois;21;Praia de Belas;pharmacy;3048.0;1278.0;1770.0;0.41929133858267714;1278.0
13_levy_on_flood_pois;13;True;pois;21;Praia de Belas;restaurant;12176.0;4738.0;7438.0;0.38912614980289095;4738.0
13_levy_on_flood_pois;13;True;pois;21;Rio Branco;marketplace;125680.0;125680.0;0.0;1.0;125680.0
13_levy_on_flood_pois;13;True;pois;21;Rio Branco;pharmacy;31408.0;31408.0;0.0;1.0;31408.0
13_levy_on_flood_pois;13;True;pois;21;Rio Branco;restaurant;125680.0;125680.0;0.0;1.0;125680.0
13_levy_on_flood_pois;13;True;pois;21;Santa Cecília;marketplace;37120.0;37120.0;0.0;1.0;37120.0
13_levy_on_flood_pois;13;True;pois;21;Santa Cecília;pharmacy;9288.0;9288.0;0.0;1.0;9288.0
13_levy_on_flood_pois;13;True;pois;21;Santa Cecília;restaurant;37120.0;37120.0;0.0;1.0;37120.0
13_levy_on_flood_pois;13;True;pois;21;Santana;marketplace;142352.0;142352.0;0.0;1.0;142352.0
13_levy_on_flood_pois;13;True;pois;21;Santana;pharmacy;35576.0;35576.0;0.0;1.0;35576.0
13_levy_on_flood_pois;13;True;pois;21;Santana;restaurant;142352.0;142352.0;0.0;1.0;142352.0
13_levy_on_flood_pois;13;True;pois;22;Azenha;marketplace;96512.0;93273.0;3239.0;0.9664394064986738;93273.0
13_levy_on_flood_pois;13;True;pois;22;Azenha;pharmacy;24144.0;23834.0;310.0;0.9871603711066932;23834.0
13_levy_on_flood_pois;13;True;pois;22;Azenha;restaurant;96512.0;93839.0;2673.0;0.9723039622015915;93839.0
13_levy_on_flood_pois;13;True;pois;22;Bom Fim;marketplace;81280.0;81280.0;0.0;1.0;81280.0
13_levy_on_flood_pois;13;True;pois;22;Bom Fim;pharmacy;20320.0;20320.0;0.0;1.0;20320.0
13_levy_on_flood_pois;13;True;pois;22;Bom Fim;restaurant;81280.0;81280.0;0.0;1.0;81280.0
13_levy_on_flood_pois;13;True;pois;22;Centro Histórico;marketplace;244552.0;240681.0;3871.0;0.9841710556446073;240681.0
13_levy_on_flood_pois;13;True;pois;22;Centro Histórico;pharmacy;61128.0;60230.0;898.0;0.9853095144614579;60230.0
13_levy_on_flood_pois;13;True;pois;22;Centro Histórico;restaurant;244552.0;240520.0;4032.0;0.983512708953515;240520.0
13_levy_on_flood_pois;13;True;pois;22;Cidade Baixa;marketplace;104112.0;93991.0;10121.0;0.9027873828185031;93991.0
13_levy_on_flood_pois;13;True;pois;22;Cidade Baixa;pharmacy;26024.0;22988.0;3036.0;0.8833384568090993;22988.0
13_levy_on_flood_pois;13;True;pois;22;Cidade Baixa;restaurant;104112.0;95715.0;8397.0;0.9193464730290456;95715.0
13_levy_on_flood_pois;13;True;pois;22;Farroupilha;marketplace;6192.0;6192.0;0.0;1.0;6192.0
13_levy_on_flood_pois;13;True;pois;22;Farroupilha;pharmacy;1552.0;1552.0;0.0;1.0;1552.0
13_levy_on_flood_pois;13;True;pois;22;Farroupilha;restaurant;6192.0;6192.0;0.0;1.0;6192.0
13_levy_on_flood_pois;13;True;pois;22;Floresta;marketplace;70384.0;59040.0;11344.0;0.8388270061377586;59040.0
13_levy_on_flood_pois;13;True;pois;22;Floresta;pharmacy;17576.0;13949.0;3627.0;0.7936390532544378;13949.0
13_levy_on_flood_pois;13;True;pois;22;Floresta;restaurant;70384.0;54802.0;15582.0;0.7786144578313253;54802.0
13_levy_on_flood_pois;13;True;pois;22;Independência;marketplace;55080.0;55080.0;0.0;1.0;55080.0
13_levy_on_flood_pois;13;True;pois;22;Independência;pharmacy;13752.0;13752.0;0.0;1.0;13752.0
13_levy_on_flood_pois;13;True;pois;22;Independência;restaurant;55080.0;55080.0;0.0;1.0;55080.0
13_levy_on_flood_pois;13;True;pois;22;Moinhos de Vento;marketplace;79960.0;79960.0;0.0;1.0;79960.0
13_levy_on_flood_pois;13;True;pois;22;Moinhos de Vento;pharmacy;20000.0;20000.0;0.0;1.0;20000.0
13_levy_on_flood_pois;13;True;pois;22;Moinhos de Vento;restaurant;79960.0;79960.0;0.0;1.0;79960.0
13_levy_on_flood_pois;13;True;pois;22;Praia de Belas;marketplace;12176.0;5069.0;7107.0;0.4163107752956636;5069.0
13_levy_on_flood_pois;13;True;pois;22;Praia de Belas;pharmacy;3048.0;1278.0;1770.0;0.41929133858267714;1278.0
13_levy_on_flood_pois;13;True;pois;22;Praia de Belas;restaurant;12176.0;4738.0;7438.0;0.38912614980289095;4738.0
13_levy_on_flood_pois;13;True;pois;22;Rio Branco;marketplace;125680.0;125680.0;0.0;1.0;125680.0
13_levy_on_flood_pois;13;True;pois;22;Rio Branco;pharmacy;31408.0;31408.0;0.0;1.0;31408.0
13_levy_on_flood_pois;13;True;pois;22;Rio Branco;restaurant;125680.0;125680.0;0.0;1.0;125680.0
13_levy_on_flood_pois;13;True;pois;22;Santa Cecília;marketplace;37120.0;37120.0;0.0;1.0;37120.0
13_levy_on_flood_pois;13;True;pois;22;Santa Cecília;pharmacy;9288.0;9288.0;0.0;1.0;9288.0
13_levy_on_flood_pois;13;True;pois;22;Santa Cecília;restaurant;37120.0;37120.0;0.0;1.0;37120.0
13_levy_on_flood_pois;13;True;pois;22;Santana;marketplace;142352.0;142352.0;0.0;1.0;142352.0
13_levy_on_flood_pois;13;True;pois;22;Santana;pharmacy;35576.0;35576.0;0.0;1.0;35576.0
13_levy_on_flood_pois;13;True;pois;22;Santana;restaurant;142352.0;142352.0;0.0;1.0;142352.0
13_levy_on_flood_pois;13;True;pois;23;Azenha;marketplace;96512.0;93273.0;3239.0;0.9664394064986738;93273.0
13_levy_on_flood_pois;13;True;pois;23;Azenha;pharmacy;24144.0;23834.0;310.0;0.9871603711066932;23834.0
13_levy_on_flood_pois;13;True;pois;23;Azenha;restaurant;96512.0;93839.0;2673.0;0.9723039622015915;93839.0
13_levy_on_flood_pois;13;True;pois;23;Bom Fim;marketplace;81280.0;81280.0;0.0;1.0;81280.0
13_levy_on_flood_pois;13;True;pois;23;Bom Fim;pharmacy;20320.0;20320.0;0.0;1.0;20320.0
13_levy_on_flood_pois;13;True;pois;23;Bom Fim;restaurant;81280.0;81280.0;0.0;1.0;81280.0
13_levy_on_flood_pois;13;True;pois;23;Centro Histórico;marketplace;244552.0;240681.0;3871.0;0.9841710556446073;240681.0
13_levy_on_flood_pois;13;True;pois;23;Centro Histórico;pharmacy;61128.0;60230.0;898.0;0.9853095144614579;60230.0
13_levy_on_flood_pois;13;True;pois;23;Centro Histórico;restaurant;244552.0;240520.0;4032.0;0.983512708953515;240520.0
13_levy_on_flood_pois;13;True;pois;23;Cidade Baixa;marketplace;104112.0;93991.0;10121.0;0.9027873828185031;93991.0
13_levy_on_flood_pois;13;True;pois;23;Cidade Baixa;pharmacy;26024.0;22988.0;3036.0;0.8833384568090993;22988.0
13_levy_on_flood_pois;13;True;pois;23;Cidade Baixa;restaurant;104112.0;95715.0;8397.0;0.9193464730290456;95715.0
13_levy_on_flood_pois;13;True;pois;23;Farroupilha;marketplace;6192.0;6192.0;0.0;1.0;6192.0
13_levy_on_flood_pois;13;True;pois;23;Farroupilha;pharmacy;1552.0;1552.0;0.0;1.0;1552.0
13_levy_on_flood_pois;13;True;pois;23;Farroupilha;restaurant;6192.0;6192.0;0.0;1.0;6192.0
13_levy_on_flood_pois;13;True;pois;23;Floresta;marketplace;70384.0;59040.0;11344.0;0.8388270061377586;59040.0
13_levy_on_flood_pois;13;True;pois;23;Floresta;pharmacy;17576.0;13949.0;3627.0;0.7936390532544378;13949.0
13_levy_on_flood_pois;13;True;pois;23;Floresta;restaurant;70384.0;54802.0;15582.0;0.7786144578313253;54802.0
13_levy_on_flood_pois;13;True;pois;23;Independência;marketplace;55080.0;55080.0;0.0;1.0;55080.0
13_levy_on_flood_pois;13;True;pois;23;Independência;pharmacy;13752.0;13752.0;0.0;1.0;13752.0
13_levy_on_flood_pois;13;True;pois;23;Independência;restaurant;55080.0;55080.0;0.0;1.0;55080.0
13_levy_on_flood_pois;13;True;pois;23;Moinhos de Vento;marketplace;79960.0;79960.0;0.0;1.0;79960.0
13_levy_on_flood_pois;13;True;pois;23;Moinhos de Vento;pharmacy;20000.0;20000.0;0.0;1.0;20000.0
13_levy_on_flood_pois;13;True;pois;23;Moinhos de Vento;restaurant;79960.0;79960.0;0.0;1.0;79960.0
13_levy_on_flood_pois;13;True;pois;23;Praia de Belas;marketplace;12176.0;5069.0;7107.0;0.4163107752956636;5069.0
13_levy_on_flood_pois;13;True;pois;23;Praia de Belas;pharmacy;3048.0;1278.0;1770.0;0.41929133858267714;1278.0
13_levy_on_flood_pois;13;True;pois;23;Praia de Belas;restaurant;12176.0;4738.0;7438.0;0.38912614980289095;4738.0
13_levy_on_flood_pois;13;True;pois;23;Rio Branco;marketplace;125680.0;125680.0;0.0;1.0;125680.0
13_levy_on_flood_pois;13;True;pois;23;Rio Branco;pharmacy;31408.0;31408.0;0.0;1.0;31408.0
13_levy_on_flood_pois;13;True;pois;23;Rio Branco;restaurant;125680.0;125680.0;0.0;1.0;125680.0
13_levy_on_flood_pois;13;True;pois;23;Santa Cecília;marketplace;37120.0;37120.0;0.0;1.0;37120.0
13_levy_on_flood_pois;13;True;pois;23;Santa Cecília;pharmacy;9288.0;9288.0;0.0;1.0;9288.0
13_levy_on_flood_pois;13;True;pois;23;Santa Cecília;restaurant;37120.0;37120.0;0.0;1.0;37120.0
13_levy_on_flood_pois;13;True;pois;23;Santana;marketplace;142352.0;142352.0;0.0;1.0;142352.0
13_levy_on_flood_pois;13;True;pois;23;Santana;pharmacy;35576.0;35576.0;0.0;1.0;35576.0
13_levy_on_flood_pois;13;True;pois;23;Santana;restaurant;142352.0;142352.0;0.0;1.0;142352.0
13_levy_on_flood_pois;13;True;pois;24;Azenha;marketplace;96512.0;93273.0;3239.0;0.9664394064986738;93273.0
13_levy_on_flood_pois;13;True;pois;24;Azenha;pharmacy;24144.0;23834.0;310.0;0.9871603711066932;23834.0
13_levy_on_flood_pois;13;True;pois;24;Azenha;restaurant;96512.0;93839.0;2673.0;0.9723039622015915;93839.0
13_levy_on_flood_pois;13;True;pois;24;Bom Fim;marketplace;81280.0;81280.0;0.0;1.0;81280.0
13_levy_on_flood_pois;13;True;pois;24;Bom Fim;pharmacy;20320.0;20320.0;0.0;1.0;20320.0
13_levy_on_flood_pois;13;True;pois;24;Bom Fim;restaurant;81280.0;81280.0;0.0;1.0;81280.0
13_levy_on_flood_pois;13;True;pois;24;Centro Histórico;marketplace;244552.0;240681.0;3871.0;0.9841710556446073;240681.0
13_levy_on_flood_pois;13;True;pois;24;Centro Histórico;pharmacy;61128.0;60230.0;898.0;0.9853095144614579;60230.0
13_levy_on_flood_pois;13;True;pois;24;Centro Histórico;restaurant;244552.0;240520.0;4032.0;0.983512708953515;240520.0
13_levy_on_flood_pois;13;True;pois;24;Cidade Baixa;marketplace;104112.0;93991.0;10121.0;0.9027873828185031;93991.0
13_levy_on_flood_pois;13;True;pois;24;Cidade Baixa;pharmacy;26024.0;22988.0;3036.0;0.8833384568090993;22988.0
13_levy_on_flood_pois;13;True;pois;24;Cidade Baixa;restaurant;104112.0;95715.0;8397.0;0.9193464730290456;95715.0
13_levy_on_flood_pois;13;True;pois;24;Farroupilha;marketplace;6192.0;6192.0;0.0;1.0;6192.0
13_levy_on_flood_pois;13;True;pois;24;Farroupilha;pharmacy;1552.0;1552.0;0.0;1.0;1552.0
13_levy_on_flood_pois;13;True;pois;24;Farroupilha;restaurant;6192.0;6192.0;0.0;1.0;6192.0
13_levy_on_flood_pois;13;True;pois;24;Floresta;marketplace;70384.0;59040.0;11344.0;0.8388270061377586;59040.0
13_levy_on_flood_pois;13;True;pois;24;Floresta;pharmacy;17576.0;13949.0;3627.0;0.7936390532544378;13949.0
13_levy_on_flood_pois;13;True;pois;24;Floresta;restaurant;70384.0;54802.0;15582.0;0.7786144578313253;54802.0
13_levy_on_flood_pois;13;True;pois;24;Independência;marketplace;55080.0;55080.0;0.0;1.0;55080.0
13_levy_on_flood_pois;13;True;pois;24;Independência;pharmacy;13752.0;13752.0;0.0;1.0;13752.0
13_levy_on_flood_pois;13;True;pois;24;Independência;restaurant;55080.0;55080.0;0.0;1.0;55080.0
13_levy_on_flood_pois;13;True;pois;24;Moinhos de Vento;marketplace;79960.0;79960.0;0.0;1.0;79960.0
13_levy_on_flood_pois;13;True;pois;24;Moinhos de Vento;pharmacy;20000.0;20000.0;0.0;1.0;20000.0
13_levy_on_flood_pois;13;True;pois;24;Moinhos de Vento;restaurant;79960.0;79960.0;0.0;1.0;79960.0
13_levy_on_flood_pois;13;True;pois;24;Praia de Belas;marketplace;12176.0;5069.0;7107.0;0.4163107752956636;5069.0
13_levy_on_flood_pois;13;True;pois;24;Praia de Belas;pharmacy;3048.0;1278.0;1770.0;0.41929133858267714;1278.0
13_levy_on_flood_pois;13;True;pois;24;Praia de Belas;restaurant;12176.0;4738.0;7438.0;0.38912614980289095;4738.0
13_levy_on_flood_pois;13;True;pois;24;Rio Branco;marketplace;125680.0;125680.0;0.0;1.0;125680.0
13_levy_on_flood_pois;13;True;pois;24;Rio Branco;pharmacy;31408.0;31408.0;0.0;1.0;31408.0
13_levy_on_flood_pois;13;True;pois;24;Rio Branco;restaurant;125680.0;125680.0;0.0;1.0;125680.0
13_levy_on_flood_pois;13;True;pois;24;Santa Cecília;marketplace;37120.0;37120.0;0.0;1.0;37120.0
13_levy_on_flood_pois;13;True;pois;24;Santa Cecília;pharmacy;9288.0;9288.0;0.0;1.0;9288.0
13_levy_on_flood_pois;13;True;pois;24;Santa Cecília;restaurant;37120.0;37120.0;0.0;1.0;37120.0
13_levy_on_flood_pois;13;True;pois;24;Santana;marketplace;142352.0;142352.0;0.0;1.0;142352.0
13_levy_on_flood_pois;13;True;pois;24;Santana;pharmacy;35576.0;35576.0;0.0;1.0;35576.0
13_levy_on_flood_pois;13;True;pois;24;Santana;restaurant;142352.0;142352.0;0.0;1.0;142352.0
13_levy_on_flood_pois;13;True;pois;25;Azenha;marketplace;96512.0;93273.0;3239.0;0.9664394064986738;93273.0
13_levy_on_flood_pois;13;True;pois;25;Azenha;pharmacy;24144.0;23834.0;310.0;0.9871603711066932;23834.0
13_levy_on_flood_pois;13;True;pois;25;Azenha;restaurant;96512.0;93839.0;2673.0;0.9723039622015915;93839.0
13_levy_on_flood_pois;13;True;pois;25;Bom Fim;marketplace;81280.0;81280.0;0.0;1.0;81280.0
13_levy_on_flood_pois;13;True;pois;25;Bom Fim;pharmacy;20320.0;20320.0;0.0;1.0;20320.0
13_levy_on_flood_pois;13;True;pois;25;Bom Fim;restaurant;81280.0;81280.0;0.0;1.0;81280.0
13_levy_on_flood_pois;13;True;pois;25;Centro Histórico;marketplace;244552.0;240681.0;3871.0;0.9841710556446073;240681.0
13_levy_on_flood_pois;13;True;pois;25;Centro Histórico;pharmacy;61128.0;60230.0;898.0;0.9853095144614579;60230.0
13_levy_on_flood_pois;13;True;pois;25;Centro Histórico;restaurant;244552.0;240520.0;4032.0;0.983512708953515;240520.0
13_levy_on_flood_pois;13;True;pois;25;Cidade Baixa;marketplace;104112.0;93991.0;10121.0;0.9027873828185031;93991.0
13_levy_on_flood_pois;13;True;pois;25;Cidade Baixa;pharmacy;26024.0;22988.0;3036.0;0.8833384568090993;22988.0
13_levy_on_flood_pois;13;True;pois;25;Cidade Baixa;restaurant;104112.0;95715.0;8397.0;0.9193464730290456;95715.0
13_levy_on_flood_pois;13;True;pois;25;Farroupilha;marketplace;6192.0;6192.0;0.0;1.0;6192.0
13_levy_on_flood_pois;13;True;pois;25;Farroupilha;pharmacy;1552.0;1552.0;0.0;1.0;1552.0
13_levy_on_flood_pois;13;True;pois;25;Farroupilha;restaurant;6192.0;6192.0;0.0;1.0;6192.0
13_levy_on_flood_pois;13;True;pois;25;Floresta;marketplace;70384.0;59040.0;11344.0;0.8388270061377586;59040.0
13_levy_on_flood_pois;13;True;pois;25;Floresta;pharmacy;17576.0;13949.0;3627.0;0.7936390532544378;13949.0
13_levy_on_flood_pois;13;True;pois;25;Floresta;restaurant;70384.0;54802.0;15582.0;0.7786144578313253;54802.0
13_levy_on_flood_pois;13;True;pois;25;Independência;marketplace;55080.0;55080.0;0.0;1.0;55080.0
13_levy_on_flood_pois;13;True;pois;25;Independência;pharmacy;13752.0;13752.0;0.0;1.0;13752.0
13_levy_on_flood_pois;13;True;pois;25;Independência;restaurant;55080.0;55080.0;0.0;1.0;55080.0
13_levy_on_flood_pois;13;True;pois;25;Moinhos de Vento;marketplace;79960.0;79960.0;0.0;1.0;79960.0
13_levy_on_flood_pois;13;True;pois;25;Moinhos de Vento;pharmacy;20000.0;20000.0;0.0;1.0;20000.0
13_levy_on_flood_pois;13;True;pois;25;Moinhos de Vento;restaurant;79960.0;79960.0;0.0;1.0;79960.0
13_levy_on_flood_pois;13;True;pois;25;Praia de Belas;marketplace;12176.0;5069.0;7107.0;0.4163107752956636;5069.0
13_levy_on_flood_pois;13;True;pois;25;Praia de Belas;pharmacy;3048.0;1278.0;1770.0;0.41929133858267714;1278.0
13_levy_on_flood_pois;13;True;pois;25;Praia de Belas;restaurant;12176.0;4738.0;7438.0;0.38912614980289095;4738.0
13_levy_on_flood_pois;13;True;pois;25;Rio Branco;marketplace;125680.0;125680.0;0.0;1.0;125680.0
13_levy_on_flood_pois;13;True;pois;25;Rio Branco;pharmacy;31408.0;31408.0;0.0;1.0;31408.0
13_levy_on_flood_pois;13;True;pois;25;Rio Branco;restaurant;125680.0;125680.0;0.0;1.0;125680.0
13_levy_on_flood_pois;13;True;pois;25;Santa Cecília;marketplace;37120.0;37120.0;0.0;1.0;37120.0
13_levy_on_flood_pois;13;True;pois;25;Santa Cecília;pharmacy;9288.0;9288.0;0.0;1.0;9288.0
13_levy_on_flood_pois;13;True;pois;25;Santa Cecília;restaurant;37120.0;37120.0;0.0;1.0;37120.0
13_levy_on_flood_pois;13;True;pois;25;Santana;marketplace;142352.0;142352.0;0.0;1.0;142352.0
13_levy_on_flood_pois;13;True;pois;25;Santana;pharmacy;35576.0;35576.0;0.0;1.0;35576.0
13_levy_on_flood_pois;13;True;pois;25;Santana;restaurant;142352.0;142352.0;0.0;1.0;142352.0
13_levy_on_flood_pois;13;True;pois;26;Azenha;marketplace;96512.0;93273.0;3239.0;0.9664394064986738;93273.0
13_levy_on_flood_pois;13;True;pois;26;Azenha;pharmacy;24144.0;23834.0;310.0;0.9871603711066932;23834.0
13_levy_on_flood_pois;13;True;pois;26;Azenha;restaurant;96512.0;93839.0;2673.0;0.9723039622015915;93839.0
13_levy_on_flood_pois;13;True;pois;26;Bom Fim;marketplace;81280.0;81280.0;0.0;1.0;81280.0
13_levy_on_flood_pois;13;True;pois;26;Bom Fim;pharmacy;20320.0;20320.0;0.0;1.0;20320.0
13_levy_on_flood_pois;13;True;pois;26;Bom Fim;restaurant;81280.0;81280.0;0.0;1.0;81280.0
13_levy_on_flood_pois;13;True;pois;26;Centro Histórico;marketplace;244552.0;240681.0;3871.0;0.9841710556446073;240681.0
13_levy_on_flood_pois;13;True;pois;26;Centro Histórico;pharmacy;61128.0;60230.0;898.0;0.9853095144614579;60230.0
13_levy_on_flood_pois;13;True;pois;26;Centro Histórico;restaurant;244552.0;240520.0;4032.0;0.983512708953515;240520.0
13_levy_on_flood_pois;13;True;pois;26;Cidade Baixa;marketplace;104112.0;93991.0;10121.0;0.9027873828185031;93991.0
13_levy_on_flood_pois;13;True;pois;26;Cidade Baixa;pharmacy;26024.0;22988.0;3036.0;0.8833384568090993;22988.0
13_levy_on_flood_pois;13;True;pois;26;Cidade Baixa;restaurant;104112.0;95715.0;8397.0;0.9193464730290456;95715.0
13_levy_on_flood_pois;13;True;pois;26;Farroupilha;marketplace;6192.0;6192.0;0.0;1.0;6192.0
13_levy_on_flood_pois;13;True;pois;26;Farroupilha;pharmacy;1552.0;1552.0;0.0;1.0;1552.0
13_levy_on_flood_pois;13;True;pois;26;Farroupilha;restaurant;6192.0;6192.0;0.0;1.0;6192.0
13_levy_on_flood_pois;13;True;pois;26;Floresta;marketplace;70384.0;59040.0;11344.0;0.8388270061377586;59040.0
13_levy_on_flood_pois;13;True;pois;26;Floresta;pharmacy;17576.0;13949.0;3627.0;0.7936390532544378;13949.0
13_levy_on_flood_pois;13;True;pois;26;Floresta;restaurant;70384.0;54802.0;15582.0;0.7786144578313253;54802.0
13_levy_on_flood_pois;13;True;pois;26;Independência;marketplace;55080.0;55080.0;0.0;1.0;55080.0
13_levy_on_flood_pois;13;True;pois;26;Independência;pharmacy;13752.0;13752.0;0.0;1.0;13752.0
13_levy_on_flood_pois;13;True;pois;26;Independência;restaurant;55080.0;55080.0;0.0;1.0;55080.0
13_levy_on_flood_pois;13;True;pois;26;Moinhos de Vento;marketplace;79960.0;79960.0;0.0;1.0;79960.0
13_levy_on_flood_pois;13;True;pois;26;Moinhos de Vento;pharmacy;20000.0;20000.0;0.0;1.0;20000.0
13_levy_on_flood_pois;13;True;pois;26;Moinhos de Vento;restaurant;79960.0;79960.0;0.0;1.0;79960.0
13_levy_on_flood_pois;13;True;pois;26;Praia de Belas;marketplace;12176.0;5069.0;7107.0;0.4163107752956636;5069.0
13_levy_on_flood_pois;13;True;pois;26;Praia de Belas;pharmacy;3048.0;1278.0;1770.0;0.41929133858267714;1278.0
13_levy_on_flood_pois;13;True;pois;26;Praia de Belas;restaurant;12176.0;4738.0;7438.0;0.38912614980289095;4738.0
13_levy_on_flood_pois;13;True;pois;26;Rio Branco;marketplace;125680.0;125680.0;0.0;1.0;125680.0
13_levy_on_flood_pois;13;True;pois;26;Rio Branco;pharmacy;31408.0;31408.0;0.0;1.0;31408.0
13_levy_on_flood_pois;13;True;pois;26;Rio Branco;restaurant;125680.0;125680.0;0.0;1.0;125680.0
13_levy_on_flood_pois;13;True;pois;26;Santa Cecília;marketplace;37120.0;37120.0;0.0;1.0;37120.0
13_levy_on_flood_pois;13;True;pois;26;Santa Cecília;pharmacy;9288.0;9288.0;0.0;1.0;9288.0
13_levy_on_flood_pois;13;True;pois;26;Santa Cecília;restaurant;37120.0;37120.0;0.0;1.0;37120.0
13_levy_on_flood_pois;13;True;pois;26;Santana;marketplace;142352.0;142352.0;0.0;1.0;142352.0
13_levy_on_flood_pois;13;True;pois;26;Santana;pharmacy;35576.0;35576.0;0.0;1.0;35576.0
13_levy_on_flood_pois;13;True;pois;26;Santana;restaurant;142352.0;142352.0;0.0;1.0;142352.0
13_levy_on_flood_pois;13;True;pois;27;Azenha;marketplace;96512.0;93273.0;3239.0;0.9664394064986738;93273.0
13_levy_on_flood_pois;13;True;pois;27;Azenha;pharmacy;24144.0;23834.0;310.0;0.9871603711066932;23834.0
13_levy_on_flood_pois;13;True;pois;27;Azenha;restaurant;96512.0;93839.0;2673.0;0.9723039622015915;93839.0
13_levy_on_flood_pois;13;True;pois;27;Bom Fim;marketplace;81280.0;81280.0;0.0;1.0;81280.0
13_levy_on_flood_pois;13;True;pois;27;Bom Fim;pharmacy;20320.0;20320.0;0.0;1.0;20320.0
13_levy_on_flood_pois;13;True;pois;27;Bom Fim;restaurant;81280.0;81280.0;0.0;1.0;81280.0
13_levy_on_flood_pois;13;True;pois;27;Centro Histórico;marketplace;244552.0;240681.0;3871.0;0.9841710556446073;240681.0
13_levy_on_flood_pois;13;True;pois;27;Centro Histórico;pharmacy;61128.0;60230.0;898.0;0.9853095144614579;60230.0
13_levy_on_flood_pois;13;True;pois;27;Centro Histórico;restaurant;244552.0;240520.0;4032.0;0.983512708953515;240520.0
13_levy_on_flood_pois;13;True;pois;27;Cidade Baixa;marketplace;104112.0;93991.0;10121.0;0.9027873828185031;93991.0
13_levy_on_flood_pois;13;True;pois;27;Cidade Baixa;pharmacy;26024.0;22988.0;3036.0;0.8833384568090993;22988.0
13_levy_on_flood_pois;13;True;pois;27;Cidade Baixa;restaurant;104112.0;95715.0;8397.0;0.9193464730290456;95715.0
13_levy_on_flood_pois;13;True;pois;27;Farroupilha;marketplace;6192.0;6192.0;0.0;1.0;6192.0
13_levy_on_flood_pois;13;True;pois;27;Farroupilha;pharmacy;1552.0;1552.0;0.0;1.0;1552.0
13_levy_on_flood_pois;13;True;pois;27;Farroupilha;restaurant;6192.0;6192.0;0.0;1.0;6192.0
13_levy_on_flood_pois;13;True;pois;27;Floresta;marketplace;70384.0;59040.0;11344.0;0.8388270061377586;59040.0
13_levy_on_flood_pois;13;True;pois;27;Floresta;pharmacy;17576.0;13949.0;3627.0;0.7936390532544378;13949.0
13_levy_on_flood_pois;13;True;pois;27;Floresta;restaurant;70384.0;54802.0;15582.0;0.7786144578313253;54802.0
13_levy_on_flood_pois;13;True;pois;27;Independência;marketplace;55080.0;55080.0;0.0;1.0;55080.0
13_levy_on_flood_pois;13;True;pois;27;Independência;pharmacy;13752.0;13752.0;0.0;1.0;13752.0
13_levy_on_flood_pois;13;True;pois;27;Independência;restaurant;55080.0;55080.0;0.0;1.0;55080.0
13_levy_on_flood_pois;13;True;pois;27;Moinhos de Vento;marketplace;79960.0;79960.0;0.0;1.0;79960.0
13_levy_on_flood_pois;13;True;pois;27;Moinhos de Vento;pharmacy;20000.0;20000.0;0.0;1.0;20000.0
13_levy_on_flood_pois;13;True;pois;27;Moinhos de Vento;restaurant;79960.0;79960.0;0.0;1.0;79960.0
13_levy_on_flood_pois;13;True;pois;27;Praia de Belas;marketplace;12176.0;5069.0;7107.0;0.4163107752956636;5069.0
13_levy_on_flood_pois;13;True;pois;27;Praia de Belas;pharmacy;3048.0;1278.0;1770.0;0.41929133858267714;1278.0
13_levy_on_flood_pois;13;True;pois;27;Praia de Belas;restaurant;12176.0;4738.0;7438.0;0.38912614980289095;4738.0
13_levy_on_flood_pois;13;True;pois;27;Rio Branco;marketplace;125680.0;125680.0;0.0;1.0;125680.0
13_levy_on_flood_pois;13;True;pois;27;Rio Branco;pharmacy;31408.0;31408.0;0.0;1.0;31408.0
13_levy_on_flood_pois;13;True;pois;27;Rio Branco;restaurant;125680.0;125680.0;0.0;1.0;125680.0
13_levy_on_flood_pois;13;True;pois;27;Santa Cecília;marketplace;37120.0;37120.0;0.0;1.0;37120.0
13_levy_on_flood_pois;13;True;pois;27;Santa Cecília;pharmacy;9288.0;9288.0;0.0;1.0;9288.0
13_levy_on_flood_pois;13;True;pois;27;Santa Cecília;restaurant;37120.0;37120.0;0.0;1.0;37120.0
13_levy_on_flood_pois;13;True;pois;27;Santana;marketplace;142352.0;142352.0;0.0;1.0;142352.0
13_levy_on_flood_pois;13;True;pois;27;Santana;pharmacy;35576.0;35576.0;0.0;1.0;35576.0
13_levy_on_flood_pois;13;True;pois;27;Santana;restaurant;142352.0;142352.0;0.0;1.0;142352.0
13_levy_on_flood_pois;13;True;pois;28;Azenha;marketplace;96512.0;93273.0;3239.0;0.9664394064986738;93273.0
13_levy_on_flood_pois;13;True;pois;28;Azenha;pharmacy;24144.0;23834.0;310.0;0.9871603711066932;23834.0
13_levy_on_flood_pois;13;True;pois;28;Azenha;restaurant;96512.0;93839.0;2673.0;0.9723039622015915;93839.0
13_levy_on_flood_pois;13;True;pois;28;Bom Fim;marketplace;81280.0;81280.0;0.0;1.0;81280.0
13_levy_on_flood_pois;13;True;pois;28;Bom Fim;pharmacy;20320.0;20320.0;0.0;1.0;20320.0
13_levy_on_flood_pois;13;True;pois;28;Bom Fim;restaurant;81280.0;81280.0;0.0;1.0;81280.0
13_levy_on_flood_pois;13;True;pois;28;Centro Histórico;marketplace;244552.0;240681.0;3871.0;0.9841710556446073;240681.0
13_levy_on_flood_pois;13;True;pois;28;Centro Histórico;pharmacy;61128.0;60230.0;898.0;0.9853095144614579;60230.0
13_levy_on_flood_pois;13;True;pois;28;Centro Histórico;restaurant;244552.0;240520.0;4032.0;0.983512708953515;240520.0
13_levy_on_flood_pois;13;True;pois;28;Cidade Baixa;marketplace;104112.0;93991.0;10121.0;0.9027873828185031;93991.0
13_levy_on_flood_pois;13;True;pois;28;Cidade Baixa;pharmacy;26024.0;22988.0;3036.0;0.8833384568090993;22988.0
13_levy_on_flood_pois;13;True;pois;28;Cidade Baixa;restaurant;104112.0;95715.0;8397.0;0.9193464730290456;95715.0
13_levy_on_flood_pois;13;True;pois;28;Farroupilha;marketplace;6192.0;6192.0;0.0;1.0;6192.0
13_levy_on_flood_pois;13;True;pois;28;Farroupilha;pharmacy;1552.0;1552.0;0.0;1.0;1552.0
13_levy_on_flood_pois;13;True;pois;28;Farroupilha;restaurant;6192.0;6192.0;0.0;1.0;6192.0
13_levy_on_flood_pois;13;True;pois;28;Floresta;marketplace;70384.0;59040.0;11344.0;0.8388270061377586;59040.0
13_levy_on_flood_pois;13;True;pois;28;Floresta;pharmacy;17576.0;13949.0;3627.0;0.7936390532544378;13949.0
13_levy_on_flood_pois;13;True;pois;28;Floresta;restaurant;70384.0;54802.0;15582.0;0.7786144578313253;54802.0
13_levy_on_flood_pois;13;True;pois;28;Independência;marketplace;55080.0;55080.0;0.0;1.0;55080.0
13_levy_on_flood_pois;13;True;pois;28;Independência;pharmacy;13752.0;13752.0;0.0;1.0;13752.0
13_levy_on_flood_pois;13;True;pois;28;Independência;restaurant;55080.0;55080.0;0.0;1.0;55080.0
13_levy_on_flood_pois;13;True;pois;28;Moinhos de Vento;marketplace;79960.0;79960.0;0.0;1.0;79960.0
13_levy_on_flood_pois;13;True;pois;28;Moinhos de Vento;pharmacy;20000.0;20000.0;0.0;1.0;20000.0
13_levy_on_flood_pois;13;True;pois;28;Moinhos de Vento;restaurant;79960.0;79960.0;0.0;1.0;79960.0
13_levy_on_flood_pois;13;True;pois;28;Praia de Belas;marketplace;12176.0;5069.0;7107.0;0.4163107752956636;5069.0
13_levy_on_flood_pois;13;True;pois;28;Praia de Belas;pharmacy;3048.0;1278.0;1770.0;0.41929133858267714;1278.0
13_levy_on_flood_pois;13;True;pois;28;Praia de Belas;restaurant;12176.0;4738.0;7438.0;0.38912614980289095;4738.0
13_levy_on_flood_pois;13;True;pois;28;Rio Branco;marketplace;125680.0;125680.0;0.0;1.0;125680.0
13_levy_on_flood_pois;13;True;pois;28;Rio Branco;pharmacy;31408.0;31408.0;0.0;1.0;31408.0
13_levy_on_flood_pois;13;True;pois;28;Rio Branco;restaurant;125680.0;125680.0;0.0;1.0;125680.0
13_levy_on_flood_pois;13;True;pois;28;Santa Cecília;marketplace;37120.0;37120.0;0.0;1.0;37120.0
13_levy_on_flood_pois;13;True;pois;28;Santa Cecília;pharmacy;9288.0;9288.0;0.0;1.0;9288.0
13_levy_on_flood_pois;13;True;pois;28;Santa Cecília;restaurant;37120.0;37120.0;0.0;1.0;37120.0
13_levy_on_flood_pois;13;True;pois;28;Santana;marketplace;142352.0;142352.0;0.0;1.0;142352.0
13_levy_on_flood_pois;13;True;pois;28;Santana;pharmacy;35576.0;35576.0;0.0;1.0;35576.0
13_levy_on_flood_pois;13;True;pois;28;Santana;restaurant;142352.0;142352.0;0.0;1.0;142352.0
13_levy_on_flood_pois;13;True;pois;29;Azenha;marketplace;96512.0;93273.0;3239.0;0.9664394064986738;93273.0
13_levy_on_flood_pois;13;True;pois;29;Azenha;pharmacy;24144.0;23834.0;310.0;0.9871603711066932;23834.0
13_levy_on_flood_pois;13;True;pois;29;Azenha;restaurant;96512.0;93839.0;2673.0;0.9723039622015915;93839.0
13_levy_on_flood_pois;13;True;pois;29;Bom Fim;marketplace;81280.0;81280.0;0.0;1.0;81280.0
13_levy_on_flood_pois;13;True;pois;29;Bom Fim;pharmacy;20320.0;20320.0;0.0;1.0;20320.0
13_levy_on_flood_pois;13;True;pois;29;Bom Fim;restaurant;81280.0;81280.0;0.0;1.0;81280.0
13_levy_on_flood_pois;13;True;pois;29;Centro Histórico;marketplace;244552.0;240681.0;3871.0;0.9841710556446073;240681.0
13_levy_on_flood_pois;13;True;pois;29;Centro Histórico;pharmacy;61128.0;60230.0;898.0;0.9853095144614579;60230.0
13_levy_on_flood_pois;13;True;pois;29;Centro Histórico;restaurant;244552.0;240520.0;4032.0;0.983512708953515;240520.0
13_levy_on_flood_pois;13;True;pois;29;Cidade Baixa;marketplace;104112.0;93991.0;10121.0;0.9027873828185031;93991.0
13_levy_on_flood_pois;13;True;pois;29;Cidade Baixa;pharmacy;26024.0;22988.0;3036.0;0.8833384568090993;22988.0
13_levy_on_flood_pois;13;True;pois;29;Cidade Baixa;restaurant;104112.0;95715.0;8397.0;0.9193464730290456;95715.0
13_levy_on_flood_pois;13;True;pois;29;Farroupilha;marketplace;6192.0;6192.0;0.0;1.0;6192.0
13_levy_on_flood_pois;13;True;pois;29;Farroupilha;pharmacy;1552.0;1552.0;0.0;1.0;1552.0
13_levy_on_flood_pois;13;True;pois;29;Farroupilha;restaurant;6192.0;6192.0;0.0;1.0;6192.0
13_levy_on_flood_pois;13;True;pois;29;Floresta;marketplace;70384.0;59040.0;11344.0;0.8388270061377586;59040.0
13_levy_on_flood_pois;13;True;pois;29;Floresta;pharmacy;17576.0;13949.0;3627.0;0.7936390532544378;13949.0
13_levy_on_flood_pois;13;True;pois;29;Floresta;restaurant;70384.0;54802.0;15582.0;0.7786144578313253;54802.0
13_levy_on_flood_pois;13;True;pois;29;Independência;marketplace;55080.0;55080.0;0.0;1.0;55080.0
13_levy_on_flood_pois;13;True;pois;29;Independência;pharmacy;13752.0;13752.0;0.0;1.0;13752.0
13_levy_on_flood_pois;13;True;pois;29;Independência;restaurant;55080.0;55080.0;0.0;1.0;55080.0
13_levy_on_flood_pois;13;True;pois;29;Moinhos de Vento;marketplace;79960.0;79960.0;0.0;1.0;79960.0
13_levy_on_flood_pois;13;True;pois;29;Moinhos de Vento;pharmacy;20000.0;20000.0;0.0;1.0;20000.0
13_levy_on_flood_pois;13;True;pois;29;Moinhos de Vento;restaurant;79960.0;79960.0;0.0;1.0;79960.0
13_levy_on_flood_pois;13;True;pois;29;Praia de Belas;marketplace;12176.0;5069.0;7107.0;0.4163107752956636;5069.0
13_levy_on_flood_pois;13;True;pois;29;Praia de Belas;pharmacy;3048.0;1278.0;1770.0;0.41929133858267714;1278.0
13_levy_on_flood_pois;13;True;pois;29;Praia de Belas;restaurant;12176.0;4738.0;7438.0;0.38912614980289095;4738.0
13_levy_on_flood_pois;13;True;pois;29;Rio Branco;marketplace;125680.0;125680.0;0.0;1.0;125680.0
13_levy_on_flood_pois;13;True;pois;29;Rio Branco;pharmacy;31408.0;31408.0;0.0;1.0;31408.0
13_levy_on_flood_pois;13;True;pois;29;Rio Branco;restaurant;125680.0;125680.0;0.0;1.0;125680.0
13_levy_on_flood_pois;13;True;pois;29;Santa Cecília;marketplace;37120.0;37120.0;0.0;1.0;37120.0
13_levy_on_flood_pois;13;True;pois;29;Santa Cecília;pharmacy;9288.0;9288.0;0.0;1.0;9288.0
13_levy_on_flood_pois;13;True;pois;29;Santa Cecília;restaurant;37120.0;37120.0;0.0;1.0;37120.0
13_levy_on_flood_pois;13;True;pois;29;Santana;marketplace;142352.0;142352.0;0.0;1.0;142352.0
13_levy_on_flood_pois;13;True;pois;29;Santana;pharmacy;35576.0;35576.0;0.0;1.0;35576.0
13_levy_on_flood_pois;13;True;pois;29;Santana;restaurant;142352.0;142352.0;0.0;1.0;142352.0
13_levy_on_flood_homes;13;True;homes;0;Azenha;marketplace;96512.0;96512.0;0.0;1.0;96512.0
13_levy_on_flood_homes;13;True;homes;0;Azenha;pharmacy;24144.0;24144.0;0.0;1.0;24144.0
13_levy_on_flood_homes;13;True;homes;0;Azenha;restaurant;96512.0;96512.0;0.0;1.0;96512.0
13_levy_on_flood_homes;13;True;homes;0;Bom Fim;marketplace;81280.0;81280.0;0.0;1.0;81280.0
13_levy_on_flood_homes;13;True;homes;0;Bom Fim;pharmacy;20320.0;20320.0;0.0;1.0;20320.0
13_levy_on_flood_homes;13;True;homes;0;Bom Fim;restaurant;81280.0;81280.0;0.0;1.0;81280.0
13_levy_on_flood_homes;13;True;homes;0;Centro Histórico;marketplace;244552.0;244552.0;0.0;1.0;244552.0
13_levy_on_flood_homes;13;True;homes;0;Centro Histórico;pharmacy;61128.0;61128.0;0.0;1.0;61128.0
13_levy_on_flood_homes;13;True;homes;0;Centro Histórico;restaurant;244552.0;244552.0;0.0;1.0;244552.0
13_levy_on_flood_homes;13;True;homes;0;Cidade Baixa;marketplace;104112.0;104112.0;0.0;1.0;104112.0
13_levy_on_flood_homes;13;True;homes;0;Cidade Baixa;pharmacy;26024.0;26024.0;0.0;1.0;26024.0
13_levy_on_flood_homes;13;True;homes;0;Cidade Baixa;restaurant;104112.0;104112.0;0.0;1.0;104112.0
13_levy_on_flood_homes;13;True;homes;0;Farroupilha;marketplace;6192.0;6192.0;0.0;1.0;6192.0
13_levy_on_flood_homes;13;True;homes;0;Farroupilha;pharmacy;1552.0;1552.0;0.0;1.0;1552.0
13_levy_on_flood_homes;13;True;homes;0;Farroupilha;restaurant;6192.0;6192.0;0.0;1.0;6192.0
13_levy_on_flood_homes;13;True;homes;0;Floresta;marketplace;70384.0;70384.0;0.0;1.0;70384.0
13_levy_on_flood_homes;13;True;homes;0;Floresta;pharmacy;17576.0;17576.0;0.0;1.0;17576.0
13_levy_on_flood_homes;13;True;homes;0;Floresta;restaurant;70384.0;70384.0;0.0;1.0;70384.0
13_levy_on_flood_homes;13;True;homes;0;Independência;marketplace;55080.0;55080.0;0.0;1.0;55080.0
13_levy_on_flood_homes;13;True;homes;0;Independência;pharmacy;13752.0;13752.0;0.0;1.0;13752.0
13_levy_on_flood_homes;13;True;homes;0;Independência;restaurant;55080.0;55080.0;0.0;1.0;55080.0
13_levy_on_flood_homes;13;True;homes;0;Moinhos de Vento;marketplace;79960.0;79960.0;0.0;1.0;79960.0
13_levy_on_flood_homes;13;True;homes;0;Moinhos de Vento;pharmacy;20000.0;20000.0;0.0;1.0;20000.0
13_levy_on_flood_homes;13;True;homes;0;Moinhos de Vento;restaurant;79960.0;79960.0;0.0;1.0;79960.0
13_levy_on_flood_homes;13;True;homes;0;Praia de Belas;marketplace;12176.0;12176.0;0.0;1.0;12176.0
13_levy_on_flood_homes;13;True;homes;0;Praia de Belas;pharmacy;3048.0;3048.0;0.0;1.0;3048.0
13_levy_on_flood_homes;13;True;homes;0;Praia de Belas;restaurant;12176.0;12176.0;0.0;1.0;12176.0
13_levy_on_flood_homes;13;True;homes;0;Rio Branco;marketplace;125680.0;125680.0;0.0;1.0;125680.0
13_levy_on_flood_homes;13;True;homes;0;Rio Branco;pharmacy;31408.0;31408.0;0.0;1.0;31408.0
13_levy_on_flood_homes;13;True;homes;0;Rio Branco;restaurant;125680.0;125680.0;0.0;1.0;125680.0
13_levy_on_flood_homes;13;True;homes;0;Santa Cecília;marketplace;37120.0;37120.0;0.0;1.0;37120.0
13_levy_on_flood_homes;13;True;homes;0;Santa Cecília;pharmacy;9288.0;9288.0;0.0;1.0;9288.0
13_levy_on_flood_homes;13;True;homes;0;Santa Cecília;restaurant;37120.0;37120.0;0.0;1.0;37120.0
13_levy_on_flood_homes;13;True;homes;0;Santana;marketplace;142352.0;142352.0;0.0;1.0;142352.0
13_levy_on_flood_homes;13;True;homes;0;Santana;pharmacy;35576.0;35576.0;0.0;1.0;35576.0
13_levy_on_flood_homes;13;True;homes;0;Santana;restaurant;142352.0;142352.0;0.0;1.0;142352.0
13_levy_on_flood_homes;13;True;homes;1;Azenha;marketplace;96512.0;96512.0;0.0;1.0;96512.0
13_levy_on_flood_homes;13;True;homes;1;Azenha;pharmacy;24144.0;24144.0;0.0;1.0;24144.0
13_levy_on_flood_homes;13;True;homes;1;Azenha;restaurant;96512.0;96512.0;0.0;1.0;96512.0
13_levy_on_flood_homes;13;True;homes;1;Bom Fim;marketplace;81280.0;81280.0;0.0;1.0;81280.0
13_levy_on_flood_homes;13;True;homes;1;Bom Fim;pharmacy;20320.0;20320.0;0.0;1.0;20320.0
13_levy_on_flood_homes;13;True;homes;1;Bom Fim;restaurant;81280.0;81280.0;0.0;1.0;81280.0
13_levy_on_flood_homes;13;True;homes;1;Centro Histórico;marketplace;244552.0;244552.0;0.0;1.0;244552.0
13_levy_on_flood_homes;13;True;homes;1;Centro Histórico;pharmacy;61128.0;61128.0;0.0;1.0;61128.0
13_levy_on_flood_homes;13;True;homes;1;Centro Histórico;restaurant;244552.0;244552.0;0.0;1.0;244552.0
13_levy_on_flood_homes;13;True;homes;1;Cidade Baixa;marketplace;104112.0;104112.0;0.0;1.0;104112.0
13_levy_on_flood_homes;13;True;homes;1;Cidade Baixa;pharmacy;26024.0;26024.0;0.0;1.0;26024.0
13_levy_on_flood_homes;13;True;homes;1;Cidade Baixa;restaurant;104112.0;104112.0;0.0;1.0;104112.0
13_levy_on_flood_homes;13;True;homes;1;Farroupilha;marketplace;6192.0;6192.0;0.0;1.0;6192.0
13_levy_on_flood_homes;13;True;homes;1;Farroupilha;pharmacy;1552.0;1552.0;0.0;1.0;1552.0
13_levy_on_flood_homes;13;True;homes;1;Farroupilha;restaurant;6192.0;6192.0;0.0;1.0;6192.0
13_levy_on_flood_homes;13;True;homes;1;Floresta;marketplace;70384.0;70384.0;0.0;1.0;70384.0
13_levy_on_flood_homes;13;True;homes;1;Floresta;pharmacy;17576.0;17576.0;0.0;1.0;17576.0
13_levy_on_flood_homes;13;True;homes;1;Floresta;restaurant;70384.0;70384.0;0.0;1.0;70384.0
13_levy_on_flood_homes;13;True;homes;1;Independência;marketplace;55080.0;55080.0;0.0;1.0;55080.0
13_levy_on_flood_homes;13;True;homes;1;Independência;pharmacy;13752.0;13752.0;0.0;1.0;13752.0
13_levy_on_flood_homes;13;True;homes;1;Independência;restaurant;55080.0;55080.0;0.0;1.0;55080.0
13_levy_on_flood_homes;13;True;homes;1;Moinhos de Vento;marketplace;79960.0;79960.0;0.0;1.0;79960.0
13_levy_on_flood_homes;13;True;homes;1;Moinhos de Vento;pharmacy;20000.0;20000.0;0.0;1.0;20000.0
13_levy_on_flood_homes;13;True;homes;1;Moinhos de Vento;restaurant;79960.0;79960.0;0.0;1.0;79960.0
13_levy_on_flood_homes;13;True;homes;1;Praia de Belas;marketplace;12176.0;12176.0;0.0;1.0;12176.0
13_levy_on_flood_homes;13;True;homes;1;Praia de Belas;pharmacy;3048.0;3048.0;0.0;1.0;3048.0
13_levy_on_flood_homes;13;True;homes;1;Praia de Belas;restaurant;12176.0;12176.0;0.0;1.0;12176.0
13_levy_on_flood_homes;13;True;homes;1;Rio Branco;marketplace;125680.0;125680.0;0.0;1.0;125680.0
13_levy_on_flood_homes;13;True;homes;1;Rio Branco;pharmacy;31408.0;31408.0;0.0;1.0;31408.0
13_levy_on_flood_homes;13;True;homes;1;Rio Branco;restaurant;125680.0;125680.0;0.0;1.0;125680.0
13_levy_on_flood_homes;13;True;homes;1;Santa Cecília;marketplace;37120.0;37120.0;0.0;1.0;37120.0
13_levy_on_flood_homes;13;True;homes;1;Santa Cecília;pharmacy;9288.0;9288.0;0.0;1.0;9288.0
13_levy_on_flood_homes;13;True;homes;1;Santa Cecília;restaurant;37120.0;37120.0;0.0;1.0;37120.0
13_levy_on_flood_homes;13;True;homes;1;Santana;marketplace;142352.0;142352.0;0.0;1.0;142352.0
13_levy_on_flood_homes;13;True;homes;1;Santana;pharmacy;35576.0;35576.0;0.0;1.0;35576.0
13_levy_on_flood_homes;13;True;homes;1;Santana;restaurant;142352.0;142352.0;0.0;1.0;142352.0
13_levy_on_flood_homes;13;True;homes;2;Azenha;marketplace;96512.0;96512.0;0.0;1.0;96512.0
13_levy_on_flood_homes;13;True;homes;2;Azenha;pharmacy;24144.0;24144.0;0.0;1.0;24144.0
13_levy_on_flood_homes;13;True;homes;2;Azenha;restaurant;96512.0;96512.0;0.0;1.0;96512.0
13_levy_on_flood_homes;13;True;homes;2;Bom Fim;marketplace;81280.0;81280.0;0.0;1.0;81280.0
13_levy_on_flood_homes;13;True;homes;2;Bom Fim;pharmacy;20320.0;20320.0;0.0;1.0;20320.0
13_levy_on_flood_homes;13;True;homes;2;Bom Fim;restaurant;81280.0;81280.0;0.0;1.0;81280.0
13_levy_on_flood_homes;13;True;homes;2;Centro Histórico;marketplace;244552.0;244552.0;0.0;1.0;244552.0
13_levy_on_flood_homes;13;True;homes;2;Centro Histórico;pharmacy;61128.0;61128.0;0.0;1.0;61128.0
13_levy_on_flood_homes;13;True;homes;2;Centro Histórico;restaurant;244552.0;244552.0;0.0;1.0;244552.0
13_levy_on_flood_homes;13;True;homes;2;Cidade Baixa;marketplace;104112.0;104112.0;0.0;1.0;104112.0
13_levy_on_flood_homes;13;True;homes;2;Cidade Baixa;pharmacy;26024.0;26024.0;0.0;1.0;26024.0
13_levy_on_flood_homes;13;True;homes;2;Cidade Baixa;restaurant;104112.0;104112.0;0.0;1.0;104112.0
13_levy_on_flood_homes;13;True;homes;2;Farroupilha;marketplace;6192.0;6192.0;0.0;1.0;6192.0
13_levy_on_flood_homes;13;True;homes;2;Farroupilha;pharmacy;1552.0;1552.0;0.0;1.0;1552.0
13_levy_on_flood_homes;13;True;homes;2;Farroupilha;restaurant;6192.0;6192.0;0.0;1.0;6192.0
13_levy_on_flood_homes;13;True;homes;2;Floresta;marketplace;70384.0;70384.0;0.0;1.0;70384.0
13_levy_on_flood_homes;13;True;homes;2;Floresta;pharmacy;17576.0;17576.0;0.0;1.0;17576.0
13_levy_on_flood_homes;13;True;homes;2;Floresta;restaurant;70384.0;70384.0;0.0;1.0;70384.0
13_levy_on_flood_homes;13;True;homes;2;Independência;marketplace;55080.0;55080.0;0.0;1.0;55080.0
13_levy_on_flood_homes;13;True;homes;2;Independência;pharmacy;13752.0;13752.0;0.0;1.0;13752.0
13_levy_on_flood_homes;13;True;homes;2;Independência;restaurant;55080.0;55080.0;0.0;1.0;55080.0
13_levy_on_flood_homes;13;True;homes;2;Moinhos de Vento;marketplace;79960.0;79960.0;0.0;1.0;79960.0
13_levy_on_flood_homes;13;True;homes;2;Moinhos de Vento;pharmacy;20000.0;20000.0;0.0;1.0;20000.0
13_levy_on_flood_homes;13;True;homes;2;Moinhos de Vento;restaurant;79960.0;79960.0;0.0;1.0;79960.0
13_levy_on_flood_homes;13;True;homes;2;Praia de Belas;marketplace;12176.0;12176.0;0.0;1.0;12176.0
13_levy_on_flood_homes;13;True;homes;2;Praia de Belas;pharmacy;3048.0;3048.0;0.0;1.0;3048.0
13_levy_on_flood_homes;13;True;homes;2;Praia de Belas;restaurant;12176.0;12176.0;0.0;1.0;12176.0
13_levy_on_flood_homes;13;True;homes;2;Rio Branco;marketplace;125680.0;125680.0;0.0;1.0;125680.0
13_levy_on_flood_homes;13;True;homes;2;Rio Branco;pharmacy;31408.0;31408.0;0.0;1.0;31408.0
13_levy_on_flood_homes;13;True;homes;2;Rio Branco;restaurant;125680.0;125680.0;0.0;1.0;125680.0
13_levy_on_flood_homes;13;True;homes;2;Santa Cecília;marketplace;37120.0;37120.0;0.0;1.0;37120.0
13_levy_on_flood_homes;13;True;homes;2;Santa Cecília;pharmacy;9288.0;9288.0;0.0;1.0;9288.0
13_levy_on_flood_homes;13;True;homes;2;Santa Cecília;restaurant;37120.0;37120.0;0.0;1.0;37120.0
13_levy_on_flood_homes;13;True;homes;2;Santana;marketplace;142352.0;142352.0;0.0;1.0;142352.0
13_levy_on_flood_homes;13;True;homes;2;Santana;pharmacy;35576.0;35576.0;0.0;1.0;35576.0
13_levy_on_flood_homes;13;True;homes;2;Santana;restaurant;142352.0;142352.0;0.0;1.0;142352.0
13_levy_on_flood_homes;13;True;homes;3;Azenha;marketplace;96512.0;96512.0;0.0;1.0;96512.0
13_levy_on_flood_homes;13;True;homes;3;Azenha;pharmacy;24144.0;24144.0;0.0;1.0;24144.0
13_levy_on_flood_homes;13;True;homes;3;Azenha;restaurant;96512.0;96512.0;0.0;1.0;96512.0
13_levy_on_flood_homes;13;True;homes;3;Bom Fim;marketplace;81280.0;81280.0;0.0;1.0;81280.0
13_levy_on_flood_homes;13;True;homes;3;Bom Fim;pharmacy;20320.0;20320.0;0.0;1.0;20320.0
13_levy_on_flood_homes;13;True;homes;3;Bom Fim;restaurant;81280.0;81280.0;0.0;1.0;81280.0
13_levy_on_flood_homes;13;True;homes;3;Centro Histórico;marketplace;244552.0;244552.0;0.0;1.0;244552.0
13_levy_on_flood_homes;13;True;homes;3;Centro Histórico;pharmacy;61128.0;61128.0;0.0;1.0;61128.0
13_levy_on_flood_homes;13;True;homes;3;Centro Histórico;restaurant;244552.0;244552.0;0.0;1.0;244552.0
13_levy_on_flood_homes;13;True;homes;3;Cidade Baixa;marketplace;104112.0;104112.0;0.0;1.0;104112.0
13_levy_on_flood_homes;13;True;homes;3;Cidade Baixa;pharmacy;26024.0;26024.0;0.0;1.0;26024.0
13_levy_on_flood_homes;13;True;homes;3;Cidade Baixa;restaurant;104112.0;104112.0;0.0;1.0;104112.0
13_levy_on_flood_homes;13;True;homes;3;Farroupilha;marketplace;6192.0;6192.0;0.0;1.0;6192.0
13_levy_on_flood_homes;13;True;homes;3;Farroupilha;pharmacy;1552.0;1552.0;0.0;1.0;1552.0
13_levy_on_flood_homes;13;True;homes;3;Farroupilha;restaurant;6192.0;6192.0;0.0;1.0;6192.0
13_levy_on_flood_homes;13;True;homes;3;Floresta;marketplace;70384.0;70384.0;0.0;1.0;70384.0
13_levy_on_flood_homes;13;True;homes;3;Floresta;pharmacy;17576.0;17576.0;0.0;1.0;17576.0
13_levy_on_flood_homes;13;True;homes;3;Floresta;restaurant;70384.0;70384.0;0.0;1.0;70384.0
13_levy_on_flood_homes;13;True;homes;3;Independência;marketplace;55080.0;55080.0;0.0;1.0;55080.0
13_levy_on_flood_homes;13;True;homes;3;Independência;pharmacy;13752.0;13752.0;0.0;1.0;13752.0
13_levy_on_flood_homes;13;True;homes;3;Independência;restaurant;55080.0;55080.0;0.0;1.0;55080.0
13_levy_on_flood_homes;13;True;homes;3;Moinhos de Vento;marketplace;79960.0;79960.0;0.0;1.0;79960.0
13_levy_on_flood_homes;13;True;homes;3;Moinhos de Vento;pharmacy;20000.0;20000.0;0.0;1.0;20000.0
13_levy_on_flood_homes;13;True;homes;3;Moinhos de Vento;restaurant;79960.0;79960.0;0.0;1.0;79960.0
13_levy_on_flood_homes;13;True;homes;3;Praia de Belas;marketplace;12176.0;12176.0;0.0;1.0;12176.0
13_levy_on_flood_homes;13;True;homes;3;Praia de Belas;pharmacy;3048.0;3048.0;0.0;1.0;3048.0
13_levy_on_flood_homes;13;True;homes;3;Praia de Belas;restaurant;12176.0;12176.0;0.0;1.0;12176.0
13_levy_on_flood_homes;13;True;homes;3;Rio Branco;marketplace;125680.0;125680.0;0.0;1.0;125680.0
13_levy_on_flood_homes;13;True;homes;3;Rio Branco;pharmacy;31408.0;31408.0;0.0;1.0;31408.0
13_levy_on_flood_homes;13;True;homes;3;Rio Branco;restaurant;125680.0;125680.0;0.0;1.0;125680.0
13_levy_on_flood_homes;13;True;homes;3;Santa Cecília;marketplace;37120.0;37120.0;0.0;1.0;37120.0
13_levy_on_flood_homes;13;True;homes;3;Santa Cecília;pharmacy;9288.0;9288.0;0.0;1.0;9288.0
13_levy_on_flood_homes;13;True;homes;3;Santa Cecília;restaurant;37120.0;37120.0;0.0;1.0;37120.0
13_levy_on_flood_homes;13;True;homes;3;Santana;marketplace;142352.0;142352.0;0.0;1.0;142352.0
13_levy_on_flood_homes;13;True;homes;3;Santana;pharmacy;35576.0;35576.0;0.0;1.0;35576.0
13_levy_on_flood_homes;13;True;homes;3;Santana;restaurant;142352.0;142352.0;0.0;1.0;142352.0
13_levy_on_flood_homes;13;True;homes;4;Azenha;marketplace;96512.0;96512.0;0.0;1.0;96512.0
13_levy_on_flood_homes;13;True;homes;4;Azenha;pharmacy;24144.0;24144.0;0.0;1.0;24144.0
13_levy_on_flood_homes;13;True;homes;4;Azenha;restaurant;96512.0;96512.0;0.0;1.0;96512.0
13_levy_on_flood_homes;13;True;homes;4;Bom Fim;marketplace;81280.0;81280.0;0.0;1.0;81280.0
13_levy_on_flood_homes;13;True;homes;4;Bom Fim;pharmacy;20320.0;20320.0;0.0;1.0;20320.0
13_levy_on_flood_homes;13;True;homes;4;Bom Fim;restaurant;81280.0;81280.0;0.0;1.0;81280.0
13_levy_on_flood_homes;13;True;homes;4;Centro Histórico;marketplace;244552.0;244552.0;0.0;1.0;244552.0
13_levy_on_flood_homes;13;True;homes;4;Centro Histórico;pharmacy;61128.0;61128.0;0.0;1.0;61128.0
13_levy_on_flood_homes;13;True;homes;4;Centro Histórico;restaurant;244552.0;244552.0;0.0;1.0;244552.0
13_levy_on_flood_homes;13;True;homes;4;Cidade Baixa;marketplace;104112.0;104112.0;0.0;1.0;104112.0
13_levy_on_flood_homes;13;True;homes;4;Cidade Baixa;pharmacy;26024.0;26024.0;0.0;1.0;26024.0
13_levy_on_flood_homes;13;True;homes;4;Cidade Baixa;restaurant;104112.0;104112.0;0.0;1.0;104112.0
13_levy_on_flood_homes;13;True;homes;4;Farroupilha;marketplace;6192.0;6192.0;0.0;1.0;6192.0
13_levy_on_flood_homes;13;True;homes;4;Farroupilha;pharmacy;1552.0;1552.0;0.0;1.0;1552.0
13_levy_on_flood_homes;13;True;homes;4;Farroupilha;restaurant;6192.0;6192.0;0.0;1.0;6192.0
13_levy_on_flood_homes;13;True;homes;4;Floresta;marketplace;70384.0;70384.0;0.0;1.0;70384.0
13_levy_on_flood_homes;13;True;homes;4;Floresta;pharmacy;17576.0;17576.0;0.0;1.0;17576.0
13_levy_on_flood_homes;13;True;homes;4;Floresta;restaurant;70384.0;70384.0;0.0;1.0;70384.0
13_levy_on_flood_homes;13;True;homes;4;Independência;marketplace;55080.0;55080.0;0.0;1.0;55080.0
13_levy_on_flood_homes;13;True;homes;4;Independência;pharmacy;13752.0;13752.0;0.0;1.0;13752.0
13_levy_on_flood_homes;13;True;homes;4;Independência;restaurant;55080.0;55080.0;0.0;1.0;55080.0
13_levy_on_flood_homes;13;True;homes;4;Moinhos de Vento;marketplace;79960.0;79960.0;0.0;1.0;79960.0
13_levy_on_flood_homes;13;True;homes;4;Moinhos de Vento;pharmacy;20000.0;20000.0;0.0;1.0;20000.0
13_levy_on_flood_homes;13;True;homes;4;Moinhos de Vento;restaurant;79960.0;79960.0;0.0;1.0;79960.0
13_levy_on_flood_homes;13;True;homes;4;Praia de Belas;marketplace;12176.0;12176.0;0.0;1.0;12176.0
13_levy_on_flood_homes;13;True;homes;4;Praia de Belas;pharmacy;3048.0;3048.0;0.0;1.0;3048.0
13_levy_on_flood_homes;13;True;homes;4;Praia de Belas;restaurant;12176.0;12176.0;0.0;1.0;12176.0
13_levy_on_flood_homes;13;True;homes;4;Rio Branco;marketplace;125680.0;125680.0;0.0;1.0;125680.0
13_levy_on_flood_homes;13;True;homes;4;Rio Branco;pharmacy;31408.0;31408.0;0.0;1.0;31408.0
13_levy_on_flood_homes;13;True;homes;4;Rio Branco;restaurant;125680.0;125680.0;0.0;1.0;125680.0
13_levy_on_flood_homes;13;True;homes;4;Santa Cecília;marketplace;37120.0;37120.0;0.0;1.0;37120.0
13_levy_on_flood_homes;13;True;homes;4;Santa Cecília;pharmacy;9288.0;9288.0;0.0;1.0;9288.0
13_levy_on_flood_homes;13;True;homes;4;Santa Cecília;restaurant;37120.0;37120.0;0.0;1.0;37120.0
13_levy_on_flood_homes;13;True;homes;4;Santana;marketplace;142352.0;142352.0;0.0;1.0;142352.0
13_levy_on_flood_homes;13;True;homes;4;Santana;pharmacy;35576.0;35576.0;0.0;1.0;35576.0
13_levy_on_flood_homes;13;True;homes;4;Santana;restaurant;142352.0;142352.0;0.0;1.0;142352.0
13_levy_on_flood_homes;13;True;homes;5;Azenha;marketplace;96512.0;96512.0;0.0;1.0;96512.0
13_levy_on_flood_homes;13;True;homes;5;Azenha;pharmacy;24144.0;24144.0;0.0;1.0;24144.0
13_levy_on_flood_homes;13;True;homes;5;Azenha;restaurant;96512.0;96512.0;0.0;1.0;96512.0
13_levy_on_flood_homes;13;True;homes;5;Bom Fim;marketplace;81280.0;81280.0;0.0;1.0;81280.0
13_levy_on_flood_homes;13;True;homes;5;Bom Fim;pharmacy;20320.0;20320.0;0.0;1.0;20320.0
13_levy_on_flood_homes;13;True;homes;5;Bom Fim;restaurant;81280.0;81280.0;0.0;1.0;81280.0
13_levy_on_flood_homes;13;True;homes;5;Centro Histórico;marketplace;244552.0;244552.0;0.0;1.0;244552.0
13_levy_on_flood_homes;13;True;homes;5;Centro Histórico;pharmacy;61128.0;61128.0;0.0;1.0;61128.0
13_levy_on_flood_homes;13;True;homes;5;Centro Histórico;restaurant;244552.0;244552.0;0.0;1.0;244552.0
13_levy_on_flood_homes;13;True;homes;5;Cidade Baixa;marketplace;104112.0;104112.0;0.0;1.0;104112.0
13_levy_on_flood_homes;13;True;homes;5;Cidade Baixa;pharmacy;26024.0;26024.0;0.0;1.0;26024.0
13_levy_on_flood_homes;13;True;homes;5;Cidade Baixa;restaurant;104112.0;104112.0;0.0;1.0;104112.0
13_levy_on_flood_homes;13;True;homes;5;Farroupilha;marketplace;6192.0;6192.0;0.0;1.0;6192.0
13_levy_on_flood_homes;13;True;homes;5;Farroupilha;pharmacy;1552.0;1552.0;0.0;1.0;1552.0
13_levy_on_flood_homes;13;True;homes;5;Farroupilha;restaurant;6192.0;6192.0;0.0;1.0;6192.0
13_levy_on_flood_homes;13;True;homes;5;Floresta;marketplace;70384.0;70384.0;0.0;1.0;70384.0
13_levy_on_flood_homes;13;True;homes;5;Floresta;pharmacy;17576.0;17576.0;0.0;1.0;17576.0
13_levy_on_flood_homes;13;True;homes;5;Floresta;restaurant;70384.0;70384.0;0.0;1.0;70384.0
13_levy_on_flood_homes;13;True;homes;5;Independência;marketplace;55080.0;55080.0;0.0;1.0;55080.0
13_levy_on_flood_homes;13;True;homes;5;Independência;pharmacy;13752.0;13752.0;0.0;1.0;13752.0
13_levy_on_flood_homes;13;True;homes;5;Independência;restaurant;55080.0;55080.0;0.0;1.0;55080.0
13_levy_on_flood_homes;13;True;homes;5;Moinhos de Vento;marketplace;79960.0;79960.0;0.0;1.0;79960.0
13_levy_on_flood_homes;13;True;homes;5;Moinhos de Vento;pharmacy;20000.0;20000.0;0.0;1.0;20000.0
13_levy_on_flood_homes;13;True;homes;5;Moinhos de Vento;restaurant;79960.0;79960.0;0.0;1.0;79960.0
13_levy_on_flood_homes;13;True;homes;5;Praia de Belas;marketplace;12176.0;12176.0;0.0;1.0;12176.0
13_levy_on_flood_homes;13;True;homes;5;Praia de Belas;pharmacy;3048.0;3048.0;0.0;1.0;3048.0
13_levy_on_flood_homes;13;True;homes;5;Praia de Belas;restaurant;12176.0;12176.0;0.0;1.0;12176.0
13_levy_on_flood_homes;13;True;homes;5;Rio Branco;marketplace;125680.0;125680.0;0.0;1.0;125680.0
13_levy_on_flood_homes;13;True;homes;5;Rio Branco;pharmacy;31408.0;31408.0;0.0;1.0;31408.0
13_levy_on_flood_homes;13;True;homes;5;Rio Branco;restaurant;125680.0;125680.0;0.0;1.0;125680.0
13_levy_on_flood_homes;13;True;homes;5;Santa Cecília;marketplace;37120.0;37120.0;0.0;1.0;37120.0
13_levy_on_flood_homes;13;True;homes;5;Santa Cecília;pharmacy;9288.0;9288.0;0.0;1.0;9288.0
13_levy_on_flood_homes;13;True;homes;5;Santa Cecília;restaurant;37120.0;37120.0;0.0;1.0;37120.0
13_levy_on_flood_homes;13;True;homes;5;Santana;marketplace;142352.0;142352.0;0.0;1.0;142352.0
13_levy_on_flood_homes;13;True;homes;5;Santana;pharmacy;35576.0;35576.0;0.0;1.0;35576.0
13_levy_on_flood_homes;13;True;homes;5;Santana;restaurant;142352.0;142352.0;0.0;1.0;142352.0
13_levy_on_flood_homes;13;True;homes;6;Azenha;marketplace;96512.0;96512.0;0.0;1.0;96512.0
13_levy_on_flood_homes;13;True;homes;6;Azenha;pharmacy;24144.0;24144.0;0.0;1.0;24144.0
13_levy_on_flood_homes;13;True;homes;6;Azenha;restaurant;96512.0;96512.0;0.0;1.0;96512.0
13_levy_on_flood_homes;13;True;homes;6;Bom Fim;marketplace;81280.0;81280.0;0.0;1.0;81280.0
13_levy_on_flood_homes;13;True;homes;6;Bom Fim;pharmacy;20320.0;20320.0;0.0;1.0;20320.0
13_levy_on_flood_homes;13;True;homes;6;Bom Fim;restaurant;81280.0;81280.0;0.0;1.0;81280.0
13_levy_on_flood_homes;13;True;homes;6;Centro Histórico;marketplace;244552.0;244552.0;0.0;1.0;244552.0
13_levy_on_flood_homes;13;True;homes;6;Centro Histórico;pharmacy;61128.0;61128.0;0.0;1.0;61128.0
13_levy_on_flood_homes;13;True;homes;6;Centro Histórico;restaurant;244552.0;244552.0;0.0;1.0;244552.0
13_levy_on_flood_homes;13;True;homes;6;Cidade Baixa;marketplace;104112.0;104112.0;0.0;1.0;104112.0
13_levy_on_flood_homes;13;True;homes;6;Cidade Baixa;pharmacy;26024.0;26024.0;0.0;1.0;26024.0
13_levy_on_flood_homes;13;True;homes;6;Cidade Baixa;restaurant;104112.0;104112.0;0.0;1.0;104112.0
13_levy_on_flood_homes;13;True;homes;6;Farroupilha;marketplace;6192.0;6192.0;0.0;1.0;6192.0
13_levy_on_flood_homes;13;True;homes;6;Farroupilha;pharmacy;1552.0;1552.0;0.0;1.0;1552.0
13_levy_on_flood_homes;13;True;homes;6;Farroupilha;restaurant;6192.0;6192.0;0.0;1.0;6192.0
13_levy_on_flood_homes;13;True;homes;6;Floresta;marketplace;70384.0;70384.0;0.0;1.0;70384.0
13_levy_on_flood_homes;13;True;homes;6;Floresta;pharmacy;17576.0;17576.0;0.0;1.0;17576.0
13_levy_on_flood_homes;13;True;homes;6;Floresta;restaurant;70384.0;70384.0;0.0;1.0;70384.0
13_levy_on_flood_homes;13;True;homes;6;Independência;marketplace;55080.0;55080.0;0.0;1.0;55080.0
13_levy_on_flood_homes;13;True;homes;6;Independência;pharmacy;13752.0;13752.0;0.0;1.0;13752.0
13_levy_on_flood_homes;13;True;homes;6;Independência;restaurant;55080.0;55080.0;0.0;1.0;55080.0
13_levy_on_flood_homes;13;True;homes;6;Moinhos de Vento;marketplace;79960.0;79960.0;0.0;1.0;79960.0
13_levy_on_flood_homes;13;True;homes;6;Moinhos de Vento;pharmacy;20000.0;20000.0;0.0;1.0;20000.0
13_levy_on_flood_homes;13;True;homes;6;Moinhos de Vento;restaurant;79960.0;79960.0;0.0;1.0;79960.0
13_levy_on_flood_homes;13;True;homes;6;Praia de Belas;marketplace;12176.0;12176.0;0.0;1.0;12176.0
13_levy_on_flood_homes;13;True;homes;6;Praia de Belas;pharmacy;3048.0;3048.0;0.0;1.0;3048.0
13_levy_on_flood_homes;13;True;homes;6;Praia de Belas;restaurant;12176.0;12176.0;0.0;1.0;12176.0
13_levy_on_flood_homes;13;True;homes;6;Rio Branco;marketplace;125680.0;125680.0;0.0;1.0;125680.0
13_levy_on_flood_homes;13;True;homes;6;Rio Branco;pharmacy;31408.0;31408.0;0.0;1.0;31408.0
13_levy_on_flood_homes;13;True;homes;6;Rio Branco;restaurant;125680.0;125680.0;0.0;1.0;125680.0
13_levy_on_flood_homes;13;True;homes;6;Santa Cecília;marketplace;37120.0;37120.0;0.0;1.0;37120.0
13_levy_on_flood_homes;13;True;homes;6;Santa Cecília;pharmacy;9288.0;9288.0;0.0;1.0;9288.0
13_levy_on_flood_homes;13;True;homes;6;Santa Cecília;restaurant;37120.0;37120.0;0.0;1.0;37120.0
13_levy_on_flood_homes;13;True;homes;6;Santana;marketplace;142352.0;142352.0;0.0;1.0;142352.0
13_levy_on_flood_homes;13;True;homes;6;Santana;pharmacy;35576.0;35576.0;0.0;1.0;35576.0
13_levy_on_flood_homes;13;True;homes;6;Santana;restaurant;142352.0;142352.0;0.0;1.0;142352.0
13_levy_on_flood_homes;13;True;homes;7;Azenha;marketplace;96512.0;96512.0;0.0;1.0;96512.0
13_levy_on_flood_homes;13;True;homes;7;Azenha;pharmacy;24144.0;24144.0;0.0;1.0;24144.0
13_levy_on_flood_homes;13;True;homes;7;Azenha;restaurant;96512.0;96512.0;0.0;1.0;96512.0
13_levy_on_flood_homes;13;True;homes;7;Bom Fim;marketplace;81280.0;81280.0;0.0;1.0;81280.0
13_levy_on_flood_homes;13;True;homes;7;Bom Fim;pharmacy;20320.0;20320.0;0.0;1.0;20320.0
13_levy_on_flood_homes;13;True;homes;7;Bom Fim;restaurant;81280.0;81280.0;0.0;1.0;81280.0
13_levy_on_flood_homes;13;True;homes;7;Centro Histórico;marketplace;244552.0;244552.0;0.0;1.0;244552.0
13_levy_on_flood_homes;13;True;homes;7;Centro Histórico;pharmacy;61128.0;61128.0;0.0;1.0;61128.0
13_levy_on_flood_homes;13;True;homes;7;Centro Histórico;restaurant;244552.0;244552.0;0.0;1.0;244552.0
13_levy_on_flood_homes;13;True;homes;7;Cidade Baixa;marketplace;104112.0;104112.0;0.0;1.0;104112.0
13_levy_on_flood_homes;13;True;homes;7;Cidade Baixa;pharmacy;26024.0;26024.0;0.0;1.0;26024.0
13_levy_on_flood_homes;13;True;homes;7;Cidade Baixa;restaurant;104112.0;104112.0;0.0;1.0;104112.0
13_levy_on_flood_homes;13;True;homes;7;Farroupilha;marketplace;6192.0;6192.0;0.0;1.0;6192.0
13_levy_on_flood_homes;13;True;homes;7;Farroupilha;pharmacy;1552.0;1552.0;0.0;1.0;1552.0
13_levy_on_flood_homes;13;True;homes;7;Farroupilha;restaurant;6192.0;6192.0;0.0;1.0;6192.0
13_levy_on_flood_homes;13;True;homes;7;Floresta;marketplace;70384.0;70384.0;0.0;1.0;70384.0
13_levy_on_flood_homes;13;True;homes;7;Floresta;pharmacy;17576.0;17576.0;0.0;1.0;17576.0
13_levy_on_flood_homes;13;True;homes;7;Floresta;restaurant;70384.0;70384.0;0.0;1.0;70384.0
13_levy_on_flood_homes;13;True;homes;7;Independência;marketplace;55080.0;55080.0;0.0;1.0;55080.0
13_levy_on_flood_homes;13;True;homes;7;Independência;pharmacy;13752.0;13752.0;0.0;1.0;13752.0
13_levy_on_flood_homes;13;True;homes;7;Independência;restaurant;55080.0;55080.0;0.0;1.0;55080.0
13_levy_on_flood_homes;13;True;homes;7;Moinhos de Vento;marketplace;79960.0;79960.0;0.0;1.0;79960.0
13_levy_on_flood_homes;13;True;homes;7;Moinhos de Vento;pharmacy;20000.0;20000.0;0.0;1.0;20000.0
13_levy_on_flood_homes;13;True;homes;7;Moinhos de Vento;restaurant;79960.0;79960.0;0.0;1.0;79960.0
13_levy_on_flood_homes;13;True;homes;7;Praia de Belas;marketplace;12176.0;12176.0;0.0;1.0;12176.0
13_levy_on_flood_homes;13;True;homes;7;Praia de Belas;pharmacy;3048.0;3048.0;0.0;1.0;3048.0
13_levy_on_flood_homes;13;True;homes;7;Praia de Belas;restaurant;12176.0;12176.0;0.0;1.0;12176.0
13_levy_on_flood_homes;13;True;homes;7;Rio Branco;marketplace;125680.0;125680.0;0.0;1.0;125680.0
13_levy_on_flood_homes;13;True;homes;7;Rio Branco;pharmacy;31408.0;31408.0;0.0;1.0;31408.0
13_levy_on_flood_homes;13;True;homes;7;Rio Branco;restaurant;125680.0;125680.0;0.0;1.0;125680.0
13_levy_on_flood_homes;13;True;homes;7;Santa Cecília;marketplace;37120.0;37120.0;0.0;1.0;37120.0
13_levy_on_flood_homes;13;True;homes;7;Santa Cecília;pharmacy;9288.0;9288.0;0.0;1.0;9288.0
13_levy_on_flood_homes;13;True;homes;7;Santa Cecília;restaurant;37120.0;37120.0;0.0;1.0;37120.0
13_levy_on_flood_homes;13;True;homes;7;Santana;marketplace;142352.0;142352.0;0.0;1.0;142352.0
13_levy_on_flood_homes;13;True;homes;7;Santana;pharmacy;35576.0;35576.0;0.0;1.0;35576.0
13_levy_on_flood_homes;13;True;homes;7;Santana;restaurant;142352.0;142352.0;0.0;1.0;142352.0
13_levy_on_flood_homes;13;True;homes;8;Azenha;marketplace;96512.0;96512.0;0.0;1.0;96512.0
13_levy_on_flood_homes;13;True;homes;8;Azenha;pharmacy;24144.0;24144.0;0.0;1.0;24144.0
13_levy_on_flood_homes;13;True;homes;8;Azenha;restaurant;96512.0;96512.0;0.0;1.0;96512.0
13_levy_on_flood_homes;13;True;homes;8;Bom Fim;marketplace;81280.0;81280.0;0.0;1.0;81280.0
13_levy_on_flood_homes;13;True;homes;8;Bom Fim;pharmacy;20320.0;20320.0;0.0;1.0;20320.0
13_levy_on_flood_homes;13;True;homes;8;Bom Fim;restaurant;81280.0;81280.0;0.0;1.0;81280.0
13_levy_on_flood_homes;13;True;homes;8;Centro Histórico;marketplace;244552.0;244552.0;0.0;1.0;244552.0
13_levy_on_flood_homes;13;True;homes;8;Centro Histórico;pharmacy;61128.0;61128.0;0.0;1.0;61128.0
13_levy_on_flood_homes;13;True;homes;8;Centro Histórico;restaurant;244552.0;244552.0;0.0;1.0;244552.0
13_levy_on_flood_homes;13;True;homes;8;Cidade Baixa;marketplace;104112.0;104112.0;0.0;1.0;104112.0
13_levy_on_flood_homes;13;True;homes;8;Cidade Baixa;pharmacy;26024.0;26024.0;0.0;1.0;26024.0
13_levy_on_flood_homes;13;True;homes;8;Cidade Baixa;restaurant;104112.0;104112.0;0.0;1.0;104112.0
13_levy_on_flood_homes;13;True;homes;8;Farroupilha;marketplace;6192.0;6192.0;0.0;1.0;6192.0
13_levy_on_flood_homes;13;True;homes;8;Farroupilha;pharmacy;1552.0;1552.0;0.0;1.0;1552.0
13_levy_on_flood_homes;13;True;homes;8;Farroupilha;restaurant;6192.0;6192.0;0.0;1.0;6192.0
13_levy_on_flood_homes;13;True;homes;8;Floresta;marketplace;70384.0;70384.0;0.0;1.0;70384.0
13_levy_on_flood_homes;13;True;homes;8;Floresta;pharmacy;17576.0;17576.0;0.0;1.0;17576.0
13_levy_on_flood_homes;13;True;homes;8;Floresta;restaurant;70384.0;70384.0;0.0;1.0;70384.0
13_levy_on_flood_homes;13;True;homes;8;Independência;marketplace;55080.0;55080.0;0.0;1.0;55080.0
13_levy_on_flood_homes;13;True;homes;8;Independência;pharmacy;13752.0;13752.0;0.0;1.0;13752.0
13_levy_on_flood_homes;13;True;homes;8;Independência;restaurant;55080.0;55080.0;0.0;1.0;55080.0
13_levy_on_flood_homes;13;True;homes;8;Moinhos de Vento;marketplace;79960.0;79960.0;0.0;1.0;79960.0
13_levy_on_flood_homes;13;True;homes;8;Moinhos de Vento;pharmacy;20000.0;20000.0;0.0;1.0;20000.0
13_levy_on_flood_homes;13;True;homes;8;Moinhos de Vento;restaurant;79960.0;79960.0;0.0;1.0;79960.0
13_levy_on_flood_homes;13;True;homes;8;Praia de Belas;marketplace;12176.0;12176.0;0.0;1.0;12176.0
13_levy_on_flood_homes;13;True;homes;8;Praia de Belas;pharmacy;3048.0;3048.0;0.0;1.0;3048.0
13_levy_on_flood_homes;13;True;homes;8;Praia de Belas;restaurant;12176.0;12176.0;0.0;1.0;12176.0
13_levy_on_flood_homes;13;True;homes;8;Rio Branco;marketplace;125680.0;125680.0;0.0;1.0;125680.0
13_levy_on_flood_homes;13;True;homes;8;Rio Branco;pharmacy;31408.0;31408.0;0.0;1.0;31408.0
13_levy_on_flood_homes;13;True;homes;8;Rio Branco;restaurant;125680.0;125680.0;0.0;1.0;125680.0
13_levy_on_flood_homes;13;True;homes;8;Santa Cecília;marketplace;37120.0;37120.0;0.0;1.0;37120.0
13_levy_on_flood_homes;13;True;homes;8;Santa Cecília;pharmacy;9288.0;9288.0;0.0;1.0;9288.0
13_levy_on_flood_homes;13;True;homes;8;Santa Cecília;restaurant;37120.0;37120.0;0.0;1.0;37120.0
13_levy_on_flood_homes;13;True;homes;8;Santana;marketplace;142352.0;142352.0;0.0;1.0;142352.0
13_levy_on_flood_homes;13;True;homes;8;Santana;pharmacy;35576.0;35576.0;0.0;1.0;35576.0
13_levy_on_flood_homes;13;True;homes;8;Santana;restaurant;142352.0;142352.0;0.0;1.0;142352.0
13_levy_on_flood_homes;13;True;homes;9;Azenha;marketplace;96512.0;96512.0;0.0;1.0;96512.0
13_levy_on_flood_homes;13;True;homes;9;Azenha;pharmacy;24144.0;24144.0;0.0;1.0;24144.0
13_levy_on_flood_homes;13;True;homes;9;Azenha;restaurant;96512.0;96512.0;0.0;1.0;96512.0
13_levy_on_flood_homes;13;True;homes;9;Bom Fim;marketplace;81280.0;81280.0;0.0;1.0;81280.0
13_levy_on_flood_homes;13;True;homes;9;Bom Fim;pharmacy;20320.0;20320.0;0.0;1.0;20320.0
13_levy_on_flood_homes;13;True;homes;9;Bom Fim;restaurant;81280.0;81280.0;0.0;1.0;81280.0
13_levy_on_flood_homes;13;True;homes;9;Centro Histórico;marketplace;244552.0;244552.0;0.0;1.0;244552.0
13_levy_on_flood_homes;13;True;homes;9;Centro Histórico;pharmacy;61128.0;61128.0;0.0;1.0;61128.0
13_levy_on_flood_homes;13;True;homes;9;Centro Histórico;restaurant;244552.0;244552.0;0.0;1.0;244552.0
13_levy_on_flood_homes;13;True;homes;9;Cidade Baixa;marketplace;104112.0;104112.0;0.0;1.0;104112.0
13_levy_on_flood_homes;13;True;homes;9;Cidade Baixa;pharmacy;26024.0;26024.0;0.0;1.0;26024.0
13_levy_on_flood_homes;13;True;homes;9;Cidade Baixa;restaurant;104112.0;104112.0;0.0;1.0;104112.0
13_levy_on_flood_homes;13;True;homes;9;Farroupilha;marketplace;6192.0;6192.0;0.0;1.0;6192.0
13_levy_on_flood_homes;13;True;homes;9;Farroupilha;pharmacy;1552.0;1552.0;0.0;1.0;1552.0
13_levy_on_flood_homes;13;True;homes;9;Farroupilha;restaurant;6192.0;6192.0;0.0;1.0;6192.0
13_levy_on_flood_homes;13;True;homes;9;Floresta;marketplace;70384.0;70384.0;0.0;1.0;70384.0
13_levy_on_flood_homes;13;True;homes;9;Floresta;pharmacy;17576.0;17576.0;0.0;1.0;17576.0
13_levy_on_flood_homes;13;True;homes;9;Floresta;restaurant;70384.0;70384.0;0.0;1.0;70384.0
13_levy_on_flood_homes;13;True;homes;9;Independência;marketplace;55080.0;55080.0;0.0;1.0;55080.0
13_levy_on_flood_homes;13;True;homes;9;Independência;pharmacy;13752.0;13752.0;0.0;1.0;13752.0
13_levy_on_flood_homes;13;True;homes;9;Independência;restaurant;55080.0;55080.0;0.0;1.0;55080.0
13_levy_on_flood_homes;13;True;homes;9;Moinhos de Vento;marketplace;79960.0;79960.0;0.0;1.0;79960.0
13_levy_on_flood_homes;13;True;homes;9;Moinhos de Vento;pharmacy;20000.0;20000.0;0.0;1.0;20000.0
13_levy_on_flood_homes;13;True;homes;9;Moinhos de Vento;restaurant;79960.0;79960.0;0.0;1.0;79960.0
13_levy_on_flood_homes;13;True;homes;9;Praia de Belas;marketplace;12176.0;12176.0;0.0;1.0;12176.0
13_levy_on_flood_homes;13;True;homes;9;Praia de Belas;pharmacy;3048.0;3048.0;0.0;1.0;3048.0
13_levy_on_flood_homes;13;True;homes;9;Praia de Belas;restaurant;12176.0;12176.0;0.0;1.0;12176.0
13_levy_on_flood_homes;13;True;homes;9;Rio Branco;marketplace;125680.0;125680.0;0.0;1.0;125680.0
13_levy_on_flood_homes;13;True;homes;9;Rio Branco;pharmacy;31408.0;31408.0;0.0;1.0;31408.0
13_levy_on_flood_homes;13;True;homes;9;Rio Branco;restaurant;125680.0;125680.0;0.0;1.0;125680.0
13_levy_on_flood_homes;13;True;homes;9;Santa Cecília;marketplace;37120.0;37120.0;0.0;1.0;37120.0
13_levy_on_flood_homes;13;True;homes;9;Santa Cecília;pharmacy;9288.0;9288.0;0.0;1.0;9288.0
13_levy_on_flood_homes;13;True;homes;9;Santa Cecília;restaurant;37120.0;37120.0;0.0;1.0;37120.0
13_levy_on_flood_homes;13;True;homes;9;Santana;marketplace;142352.0;142352.0;0.0;1.0;142352.0
13_levy_on_flood_homes;13;True;homes;9;Santana;pharmacy;35576.0;35576.0;0.0;1.0;35576.0
13_levy_on_flood_homes;13;True;homes;9;Santana;restaurant;142352.0;142352.0;0.0;1.0;142352.0
13_levy_on_flood_homes;13;True;homes;10;Azenha;marketplace;96512.0;96512.0;0.0;1.0;96512.0
13_levy_on_flood_homes;13;True;homes;10;Azenha;pharmacy;24144.0;24144.0;0.0;1.0;24144.0
13_levy_on_flood_homes;13;True;homes;10;Azenha;restaurant;96512.0;96512.0;0.0;1.0;96512.0
13_levy_on_flood_homes;13;True;homes;10;Bom Fim;marketplace;81280.0;81280.0;0.0;1.0;81280.0
13_levy_on_flood_homes;13;True;homes;10;Bom Fim;pharmacy;20320.0;20320.0;0.0;1.0;20320.0
13_levy_on_flood_homes;13;True;homes;10;Bom Fim;restaurant;81280.0;81280.0;0.0;1.0;81280.0
13_levy_on_flood_homes;13;True;homes;10;Centro Histórico;marketplace;244552.0;244552.0;0.0;1.0;244552.0
13_levy_on_flood_homes;13;True;homes;10;Centro Histórico;pharmacy;61128.0;61128.0;0.0;1.0;61128.0
13_levy_on_flood_homes;13;True;homes;10;Centro Histórico;restaurant;244552.0;244552.0;0.0;1.0;244552.0
13_levy_on_flood_homes;13;True;homes;10;Cidade Baixa;marketplace;104112.0;104112.0;0.0;1.0;104112.0
13_levy_on_flood_homes;13;True;homes;10;Cidade Baixa;pharmacy;26024.0;26024.0;0.0;1.0;26024.0
13_levy_on_flood_homes;13;True;homes;10;Cidade Baixa;restaurant;104112.0;104112.0;0.0;1.0;104112.0
13_levy_on_flood_homes;13;True;homes;10;Farroupilha;marketplace;6192.0;6192.0;0.0;1.0;6192.0
13_levy_on_flood_homes;13;True;homes;10;Farroupilha;pharmacy;1552.0;1552.0;0.0;1.0;1552.0
13_levy_on_flood_homes;13;True;homes;10;Farroupilha;restaurant;6192.0;6192.0;0.0;1.0;6192.0
13_levy_on_flood_homes;13;True;homes;10;Floresta;marketplace;70384.0;70384.0;0.0;1.0;70384.0
13_levy_on_flood_homes;13;True;homes;10;Floresta;pharmacy;17576.0;17576.0;0.0;1.0;17576.0
13_levy_on_flood_homes;13;True;homes;10;Floresta;restaurant;70384.0;70384.0;0.0;1.0;70384.0
13_levy_on_flood_homes;13;True;homes;10;Independência;marketplace;55080.0;55080.0;0.0;1.0;55080.0
13_levy_on_flood_homes;13;True;homes;10;Independência;pharmacy;13752.0;13752.0;0.0;1.0;13752.0
13_levy_on_flood_homes;13;True;homes;10;Independência;restaurant;55080.0;55080.0;0.0;1.0;55080.0
13_levy_on_flood_homes;13;True;homes;10;Moinhos de Vento;marketplace;79960.0;79960.0;0.0;1.0;79960.0
13_levy_on_flood_homes;13;True;homes;10;Moinhos de Vento;pharmacy;20000.0;20000.0;0.0;1.0;20000.0
13_levy_on_flood_homes;13;True;homes;10;Moinhos de Vento;restaurant;79960.0;79960.0;0.0;1.0;79960.0
13_levy_on_flood_homes;13;True;homes;10;Praia de Belas;marketplace;12176.0;12176.0;0.0;1.0;12176.0
13_levy_on_flood_homes;13;True;homes;10;Praia de Belas;pharmacy;3048.0;3048.0;0.0;1.0;3048.0
13_levy_on_flood_homes;13;True;homes;10;Praia de Belas;restaurant;12176.0;12176.0;0.0;1.0;12176.0
13_levy_on_flood_homes;13;True;homes;10;Rio Branco;marketplace;125680.0;125680.0;0.0;1.0;125680.0
13_levy_on_flood_homes;13;True;homes;10;Rio Branco;pharmacy;31408.0;31408.0;0.0;1.0;31408.0
13_levy_on_flood_homes;13;True;homes;10;Rio Branco;restaurant;125680.0;125680.0;0.0;1.0;125680.0
13_levy_on_flood_homes;13;True;homes;10;Santa Cecília;marketplace;37120.0;37120.0;0.0;1.0;37120.0
13_levy_on_flood_homes;13;True;homes;10;Santa Cecília;pharmacy;9288.0;9288.0;0.0;1.0;9288.0
13_levy_on_flood_homes;13;True;homes;10;Santa Cecília;restaurant;37120.0;37120.0;0.0;1.0;37120.0
13_levy_on_flood_homes;13;True;homes;10;Santana;marketplace;142352.0;142352.0;0.0;1.0;142352.0
13_levy_on_flood_homes;13;True;homes;10;Santana;pharmacy;35576.0;35576.0;0.0;1.0;35576.0
13_levy_on_flood_homes;13;True;homes;10;Santana;restaurant;142352.0;142352.0;0.0;1.0;142352.0
13_levy_on_flood_homes;13;True;homes;11;Azenha;marketplace;96512.0;96512.0;0.0;1.0;96512.0
13_levy_on_flood_homes;13;True;homes;11;Azenha;pharmacy;24144.0;24144.0;0.0;1.0;24144.0
13_levy_on_flood_homes;13;True;homes;11;Azenha;restaurant;96512.0;96512.0;0.0;1.0;96512.0
13_levy_on_flood_homes;13;True;homes;11;Bom Fim;marketplace;81280.0;81280.0;0.0;1.0;81280.0
13_levy_on_flood_homes;13;True;homes;11;Bom Fim;pharmacy;20320.0;20320.0;0.0;1.0;20320.0
13_levy_on_flood_homes;13;True;homes;11;Bom Fim;restaurant;81280.0;81280.0;0.0;1.0;81280.0
13_levy_on_flood_homes;13;True;homes;11;Centro Histórico;marketplace;244552.0;244552.0;0.0;1.0;244552.0
13_levy_on_flood_homes;13;True;homes;11;Centro Histórico;pharmacy;61128.0;61128.0;0.0;1.0;61128.0
13_levy_on_flood_homes;13;True;homes;11;Centro Histórico;restaurant;244552.0;244552.0;0.0;1.0;244552.0
13_levy_on_flood_homes;13;True;homes;11;Cidade Baixa;marketplace;104112.0;104112.0;0.0;1.0;104112.0
13_levy_on_flood_homes;13;True;homes;11;Cidade Baixa;pharmacy;26024.0;26024.0;0.0;1.0;26024.0
13_levy_on_flood_homes;13;True;homes;11;Cidade Baixa;restaurant;104112.0;104112.0;0.0;1.0;104112.0
13_levy_on_flood_homes;13;True;homes;11;Farroupilha;marketplace;6192.0;6192.0;0.0;1.0;6192.0
13_levy_on_flood_homes;13;True;homes;11;Farroupilha;pharmacy;1552.0;1552.0;0.0;1.0;1552.0
13_levy_on_flood_homes;13;True;homes;11;Farroupilha;restaurant;6192.0;6192.0;0.0;1.0;6192.0
13_levy_on_flood_homes;13;True;homes;11;Floresta;marketplace;70384.0;70384.0;0.0;1.0;70384.0
13_levy_on_flood_homes;13;True;homes;11;Floresta;pharmacy;17576.0;17576.0;0.0;1.0;17576.0
13_levy_on_flood_homes;13;True;homes;11;Floresta;restaurant;70384.0;70384.0;0.0;1.0;70384.0
13_levy_on_flood_homes;13;True;homes;11;Independência;marketplace;55080.0;55080.0;0.0;1.0;55080.0
13_levy_on_flood_homes;13;True;homes;11;Independência;pharmacy;13752.0;13752.0;0.0;1.0;13752.0
13_levy_on_flood_homes;13;True;homes;11;Independência;restaurant;55080.0;55080.0;0.0;1.0;55080.0
13_levy_on_flood_homes;13;True;homes;11;Moinhos de Vento;marketplace;79960.0;79960.0;0.0;1.0;79960.0
13_levy_on_flood_homes;13;True;homes;11;Moinhos de Vento;pharmacy;20000.0;20000.0;0.0;1.0;20000.0
13_levy_on_flood_homes;13;True;homes;11;Moinhos de Vento;restaurant;79960.0;79960.0;0.0;1.0;79960.0
13_levy_on_flood_homes;13;True;homes;11;Praia de Belas;marketplace;12176.0;12176.0;0.0;1.0;12176.0
13_levy_on_flood_homes;13;True;homes;11;Praia de Belas;pharmacy;3048.0;3048.0;0.0;1.0;3048.0
13_levy_on_flood_homes;13;True;homes;11;Praia de Belas;restaurant;12176.0;12176.0;0.0;1.0;12176.0
13_levy_on_flood_homes;13;True;homes;11;Rio Branco;marketplace;125680.0;125680.0;0.0;1.0;125680.0
13_levy_on_flood_homes;13;True;homes;11;Rio Branco;pharmacy;31408.0;31408.0;0.0;1.0;31408.0
13_levy_on_flood_homes;13;True;homes;11;Rio Branco;restaurant;125680.0;125680.0;0.0;1.0;125680.0
13_levy_on_flood_homes;13;True;homes;11;Santa Cecília;marketplace;37120.0;37120.0;0.0;1.0;37120.0
13_levy_on_flood_homes;13;True;homes;11;Santa Cecília;pharmacy;9288.0;9288.0;0.0;1.0;9288.0
13_levy_on_flood_homes;13;True;homes;11;Santa Cecília;restaurant;37120.0;37120.0;0.0;1.0;37120.0
13_levy_on_flood_homes;13;True;homes;11;Santana;marketplace;142352.0;142352.0;0.0;1.0;142352.0
13_levy_on_flood_homes;13;True;homes;11;Santana;pharmacy;35576.0;35576.0;0.0;1.0;35576.0
13_levy_on_flood_homes;13;True;homes;11;Santana;restaurant;142352.0;142352.0;0.0;1.0;142352.0
13_levy_on_flood_homes;13;True;homes;12;Azenha;marketplace;96512.0;96512.0;0.0;1.0;96512.0
13_levy_on_flood_homes;13;True;homes;12;Azenha;pharmacy;24144.0;24144.0;0.0;1.0;24144.0
13_levy_on_flood_homes;13;True;homes;12;Azenha;restaurant;96512.0;96512.0;0.0;1.0;96512.0
13_levy_on_flood_homes;13;True;homes;12;Bom Fim;marketplace;81280.0;81280.0;0.0;1.0;81280.0
13_levy_on_flood_homes;13;True;homes;12;Bom Fim;pharmacy;20320.0;20320.0;0.0;1.0;20320.0
13_levy_on_flood_homes;13;True;homes;12;Bom Fim;restaurant;81280.0;81280.0;0.0;1.0;81280.0
13_levy_on_flood_homes;13;True;homes;12;Centro Histórico;marketplace;244552.0;244552.0;0.0;1.0;244552.0
13_levy_on_flood_homes;13;True;homes;12;Centro Histórico;pharmacy;61128.0;61128.0;0.0;1.0;61128.0
13_levy_on_flood_homes;13;True;homes;12;Centro Histórico;restaurant;244552.0;244552.0;0.0;1.0;244552.0
13_levy_on_flood_homes;13;True;homes;12;Cidade Baixa;marketplace;104112.0;104112.0;0.0;1.0;104112.0
13_levy_on_flood_homes;13;True;homes;12;Cidade Baixa;pharmacy;26024.0;26024.0;0.0;1.0;26024.0
13_levy_on_flood_homes;13;True;homes;12;Cidade Baixa;restaurant;104112.0;104112.0;0.0;1.0;104112.0
13_levy_on_flood_homes;13;True;homes;12;Farroupilha;marketplace;6192.0;6192.0;0.0;1.0;6192.0
13_levy_on_flood_homes;13;True;homes;12;Farroupilha;pharmacy;1552.0;1552.0;0.0;1.0;1552.0
13_levy_on_flood_homes;13;True;homes;12;Farroupilha;restaurant;6192.0;6192.0;0.0;1.0;6192.0
13_levy_on_flood_homes;13;True;homes;12;Floresta;marketplace;70384.0;70384.0;0.0;1.0;70384.0
13_levy_on_flood_homes;13;True;homes;12;Floresta;pharmacy;17576.0;17576.0;0.0;1.0;17576.0
13_levy_on_flood_homes;13;True;homes;12;Floresta;restaurant;70384.0;70384.0;0.0;1.0;70384.0
13_levy_on_flood_homes;13;True;homes;12;Independência;marketplace;55080.0;55080.0;0.0;1.0;55080.0
13_levy_on_flood_homes;13;True;homes;12;Independência;pharmacy;13752.0;13752.0;0.0;1.0;13752.0
13_levy_on_flood_homes;13;True;homes;12;Independência;restaurant;55080.0;55080.0;0.0;1.0;55080.0
13_levy_on_flood_homes;13;True;homes;12;Moinhos de Vento;marketplace;79960.0;79960.0;0.0;1.0;79960.0
13_levy_on_flood_homes;13;True;homes;12;Moinhos de Vento;pharmacy;20000.0;20000.0;0.0;1.0;20000.0
13_levy_on_flood_homes;13;True;homes;12;Moinhos de Vento;restaurant;79960.0;79960.0;0.0;1.0;79960.0
13_levy_on_flood_homes;13;True;homes;12;Praia de Belas;marketplace;12176.0;12176.0;0.0;1.0;12176.0
13_levy_on_flood_homes;13;True;homes;12;Praia de Belas;pharmacy;3048.0;3048.0;0.0;1.0;3048.0
13_levy_on_flood_homes;13;True;homes;12;Praia de Belas;restaurant;12176.0;12176.0;0.0;1.0;12176.0
13_levy_on_flood_homes;13;True;homes;12;Rio Branco;marketplace;125680.0;125680.0;0.0;1.0;125680.0
13_levy_on_flood_homes;13;True;homes;12;Rio Branco;pharmacy;31408.0;31408.0;0.0;1.0;31408.0
13_levy_on_flood_homes;13;True;homes;12;Rio Branco;restaurant;125680.0;125680.0;0.0;1.0;125680.0
13_levy_on_flood_homes;13;True;homes;12;Santa Cecília;marketplace;37120.0;37120.0;0.0;1.0;37120.0
13_levy_on_flood_homes;13;True;homes;12;Santa Cecília;pharmacy;9288.0;9288.0;0.0;1.0;9288.0
13_levy_on_flood_homes;13;True;homes;12;Santa Cecília;restaurant;37120.0;37120.0;0.0;1.0;37120.0
13_levy_on_flood_homes;13;True;homes;12;Santana;marketplace;142352.0;142352.0;0.0;1.0;142352.0
13_levy_on_flood_homes;13;True;homes;12;Santana;pharmacy;35576.0;35576.0;0.0;1.0;35576.0
13_levy_on_flood_homes;13;True;homes;12;Santana;restaurant;142352.0;142352.0;0.0;1.0;142352.0
13_levy_on_flood_homes;13;True;homes;13;Azenha;marketplace;96512.0;96512.0;0.0;1.0;96512.0
13_levy_on_flood_homes;13;True;homes;13;Azenha;pharmacy;24144.0;24144.0;0.0;1.0;24144.0
13_levy_on_flood_homes;13;True;homes;13;Azenha;restaurant;96512.0;96512.0;0.0;1.0;96512.0
13_levy_on_flood_homes;13;True;homes;13;Bom Fim;marketplace;81280.0;81280.0;0.0;1.0;81280.0
13_levy_on_flood_homes;13;True;homes;13;Bom Fim;pharmacy;20320.0;20320.0;0.0;1.0;20320.0
13_levy_on_flood_homes;13;True;homes;13;Bom Fim;restaurant;81280.0;81280.0;0.0;1.0;81280.0
13_levy_on_flood_homes;13;True;homes;13;Centro Histórico;marketplace;244552.0;244552.0;0.0;1.0;244552.0
13_levy_on_flood_homes;13;True;homes;13;Centro Histórico;pharmacy;61128.0;61128.0;0.0;1.0;61128.0
13_levy_on_flood_homes;13;True;homes;13;Centro Histórico;restaurant;244552.0;244552.0;0.0;1.0;244552.0
13_levy_on_flood_homes;13;True;homes;13;Cidade Baixa;marketplace;104112.0;104112.0;0.0;1.0;104112.0
13_levy_on_flood_homes;13;True;homes;13;Cidade Baixa;pharmacy;26024.0;26024.0;0.0;1.0;26024.0
13_levy_on_flood_homes;13;True;homes;13;Cidade Baixa;restaurant;104112.0;104112.0;0.0;1.0;104112.0
13_levy_on_flood_homes;13;True;homes;13;Farroupilha;marketplace;6192.0;6192.0;0.0;1.0;6192.0
13_levy_on_flood_homes;13;True;homes;13;Farroupilha;pharmacy;1552.0;1552.0;0.0;1.0;1552.0
13_levy_on_flood_homes;13;True;homes;13;Farroupilha;restaurant;6192.0;6192.0;0.0;1.0;6192.0
13_levy_on_flood_homes;13;True;homes;13;Floresta;marketplace;70384.0;70384.0;0.0;1.0;70384.0
13_levy_on_flood_homes;13;True;homes;13;Floresta;pharmacy;17576.0;17576.0;0.0;1.0;17576.0
13_levy_on_flood_homes;13;True;homes;13;Floresta;restaurant;70384.0;70384.0;0.0;1.0;70384.0
13_levy_on_flood_homes;13;True;homes;13;Independência;marketplace;55080.0;55080.0;0.0;1.0;55080.0
13_levy_on_flood_homes;13;True;homes;13;Independência;pharmacy;13752.0;13752.0;0.0;1.0;13752.0
13_levy_on_flood_homes;13;True;homes;13;Independência;restaurant;55080.0;55080.0;0.0;1.0;55080.0
13_levy_on_flood_homes;13;True;homes;13;Moinhos de Vento;marketplace;79960.0;79960.0;0.0;1.0;79960.0
13_levy_on_flood_homes;13;True;homes;13;Moinhos de Vento;pharmacy;20000.0;20000.0;0.0;1.0;20000.0
13_levy_on_flood_homes;13;True;homes;13;Moinhos de Vento;restaurant;79960.0;79960.0;0.0;1.0;79960.0
13_levy_on_flood_homes;13;True;homes;13;Praia de Belas;marketplace;12176.0;12176.0;0.0;1.0;12176.0
13_levy_on_flood_homes;13;True;homes;13;Praia de Belas;pharmacy;3048.0;3048.0;0.0;1.0;3048.0
13_levy_on_flood_homes;13;True;homes;13;Praia de Belas;restaurant;12176.0;12176.0;0.0;1.0;12176.0
13_levy_on_flood_homes;13;True;homes;13;Rio Branco;marketplace;125680.0;125680.0;0.0;1.0;125680.0
13_levy_on_flood_homes;13;True;homes;13;Rio Branco;pharmacy;31408.0;31408.0;0.0;1.0;31408.0
13_levy_on_flood_homes;13;True;homes;13;Rio Branco;restaurant;125680.0;125680.0;0.0;1.0;125680.0
13_levy_on_flood_homes;13;True;homes;13;Santa Cecília;marketplace;37120.0;37120.0;0.0;1.0;37120.0
13_levy_on_flood_homes;13;True;homes;13;Santa Cecília;pharmacy;9288.0;9288.0;0.0;1.0;9288.0
13_levy_on_flood_homes;13;True;homes;13;Santa Cecília;restaurant;37120.0;37120.0;0.0;1.0;37120.0
13_levy_on_flood_homes;13;True;homes;13;Santana;marketplace;142352.0;142352.0;0.0;1.0;142352.0
13_levy_on_flood_homes;13;True;homes;13;Santana;pharmacy;35576.0;35576.0;0.0;1.0;35576.0
13_levy_on_flood_homes;13;True;homes;13;Santana;restaurant;142352.0;142352.0;0.0;1.0;142352.0
13_levy_on_flood_homes;13;True;homes;14;Azenha;marketplace;96512.0;96512.0;0.0;1.0;96512.0
13_levy_on_flood_homes;13;True;homes;14;Azenha;pharmacy;24144.0;24144.0;0.0;1.0;24144.0
13_levy_on_flood_homes;13;True;homes;14;Azenha;restaurant;96512.0;96512.0;0.0;1.0;96512.0
13_levy_on_flood_homes;13;True;homes;14;Bom Fim;marketplace;81280.0;81280.0;0.0;1.0;81280.0
13_levy_on_flood_homes;13;True;homes;14;Bom Fim;pharmacy;20320.0;20320.0;0.0;1.0;20320.0
13_levy_on_flood_homes;13;True;homes;14;Bom Fim;restaurant;81280.0;81280.0;0.0;1.0;81280.0
13_levy_on_flood_homes;13;True;homes;14;Centro Histórico;marketplace;244552.0;244552.0;0.0;1.0;244552.0
13_levy_on_flood_homes;13;True;homes;14;Centro Histórico;pharmacy;61128.0;61128.0;0.0;1.0;61128.0
13_levy_on_flood_homes;13;True;homes;14;Centro Histórico;restaurant;244552.0;244552.0;0.0;1.0;244552.0
13_levy_on_flood_homes;13;True;homes;14;Cidade Baixa;marketplace;104112.0;104112.0;0.0;1.0;104112.0
13_levy_on_flood_homes;13;True;homes;14;Cidade Baixa;pharmacy;26024.0;26024.0;0.0;1.0;26024.0
13_levy_on_flood_homes;13;True;homes;14;Cidade Baixa;restaurant;104112.0;104112.0;0.0;1.0;104112.0
13_levy_on_flood_homes;13;True;homes;14;Farroupilha;marketplace;6192.0;6192.0;0.0;1.0;6192.0
13_levy_on_flood_homes;13;True;homes;14;Farroupilha;pharmacy;1552.0;1552.0;0.0;1.0;1552.0
13_levy_on_flood_homes;13;True;homes;14;Farroupilha;restaurant;6192.0;6192.0;0.0;1.0;6192.0
13_levy_on_flood_homes;13;True;homes;14;Floresta;marketplace;70384.0;70384.0;0.0;1.0;70384.0
13_levy_on_flood_homes;13;True;homes;14;Floresta;pharmacy;17576.0;17576.0;0.0;1.0;17576.0
13_levy_on_flood_homes;13;True;homes;14;Floresta;restaurant;70384.0;70384.0;0.0;1.0;70384.0
13_levy_on_flood_homes;13;True;homes;14;Independência;marketplace;55080.0;55080.0;0.0;1.0;55080.0
13_levy_on_flood_homes;13;True;homes;14;Independência;pharmacy;13752.0;13752.0;0.0;1.0;13752.0
13_levy_on_flood_homes;13;True;homes;14;Independência;restaurant;55080.0;55080.0;0.0;1.0;55080.0
13_levy_on_flood_homes;13;True;homes;14;Moinhos de Vento;marketplace;79960.0;79960.0;0.0;1.0;79960.0
13_levy_on_flood_homes;13;True;homes;14;Moinhos de Vento;pharmacy;20000.0;20000.0;0.0;1.0;20000.0
13_levy_on_flood_homes;13;True;homes;14;Moinhos de Vento;restaurant;79960.0;79960.0;0.0;1.0;79960.0
13_levy_on_flood_homes;13;True;homes;14;Praia de Belas;marketplace;12176.0;12176.0;0.0;1.0;12176.0
13_levy_on_flood_homes;13;True;homes;14;Praia de Belas;pharmacy;3048.0;3048.0;0.0;1.0;3048.0
13_levy_on_flood_homes;13;True;homes;14;Praia de Belas;restaurant;12176.0;12176.0;0.0;1.0;12176.0
13_levy_on_flood_homes;13;True;homes;14;Rio Branco;marketplace;125680.0;125680.0;0.0;1.0;125680.0
13_levy_on_flood_homes;13;True;homes;14;Rio Branco;pharmacy;31408.0;31408.0;0.0;1.0;31408.0
13_levy_on_flood_homes;13;True;homes;14;Rio Branco;restaurant;125680.0;125680.0;0.0;1.0;125680.0
13_levy_on_flood_homes;13;True;homes;14;Santa Cecília;marketplace;37120.0;37120.0;0.0;1.0;37120.0
13_levy_on_flood_homes;13;True;homes;14;Santa Cecília;pharmacy;9288.0;9288.0;0.0;1.0;9288.0
13_levy_on_flood_homes;13;True;homes;14;Santa Cecília;restaurant;37120.0;37120.0;0.0;1.0;37120.0
13_levy_on_flood_homes;13;True;homes;14;Santana;marketplace;142352.0;142352.0;0.0;1.0;142352.0
13_levy_on_flood_homes;13;True;homes;14;Santana;pharmacy;35576.0;35576.0;0.0;1.0;35576.0
13_levy_on_flood_homes;13;True;homes;14;Santana;restaurant;142352.0;142352.0;0.0;1.0;142352.0
13_levy_on_flood_homes;13;True;homes;15;Azenha;marketplace;96512.0;96512.0;0.0;1.0;96512.0
13_levy_on_flood_homes;13;True;homes;15;Azenha;pharmacy;24144.0;24144.0;0.0;1.0;24144.0
13_levy_on_flood_homes;13;True;homes;15;Azenha;restaurant;96512.0;96512.0;0.0;1.0;96512.0
13_levy_on_flood_homes;13;True;homes;15;Bom Fim;marketplace;81280.0;81280.0;0.0;1.0;81280.0
13_levy_on_flood_homes;13;True;homes;15;Bom Fim;pharmacy;20320.0;20320.0;0.0;1.0;20320.0
13_levy_on_flood_homes;13;True;homes;15;Bom Fim;restaurant;81280.0;81280.0;0.0;1.0;81280.0
13_levy_on_flood_homes;13;True;homes;15;Centro Histórico;marketplace;244552.0;244552.0;0.0;1.0;244552.0
13_levy_on_flood_homes;13;True;homes;15;Centro Histórico;pharmacy;61128.0;61128.0;0.0;1.0;61128.0
13_levy_on_flood_homes;13;True;homes;15;Centro Histórico;restaurant;244552.0;244552.0;0.0;1.0;244552.0
13_levy_on_flood_homes;13;True;homes;15;Cidade Baixa;marketplace;104112.0;104112.0;0.0;1.0;104112.0
13_levy_on_flood_homes;13;True;homes;15;Cidade Baixa;pharmacy;26024.0;26024.0;0.0;1.0;26024.0
13_levy_on_flood_homes;13;True;homes;15;Cidade Baixa;restaurant;104112.0;104112.0;0.0;1.0;104112.0
13_levy_on_flood_homes;13;True;homes;15;Farroupilha;marketplace;6192.0;6192.0;0.0;1.0;6192.0
13_levy_on_flood_homes;13;True;homes;15;Farroupilha;pharmacy;1552.0;1552.0;0.0;1.0;1552.0
13_levy_on_flood_homes;13;True;homes;15;Farroupilha;restaurant;6192.0;6192.0;0.0;1.0;6192.0
13_levy_on_flood_homes;13;True;homes;15;Floresta;marketplace;70384.0;70384.0;0.0;1.0;70384.0
13_levy_on_flood_homes;13;True;homes;15;Floresta;pharmacy;17576.0;17576.0;0.0;1.0;17576.0
13_levy_on_flood_homes;13;True;homes;15;Floresta;restaurant;70384.0;70384.0;0.0;1.0;70384.0
13_levy_on_flood_homes;13;True;homes;15;Independência;marketplace;55080.0;55080.0;0.0;1.0;55080.0
13_levy_on_flood_homes;13;True;homes;15;Independência;pharmacy;13752.0;13752.0;0.0;1.0;13752.0
13_levy_on_flood_homes;13;True;homes;15;Independência;restaurant;55080.0;55080.0;0.0;1.0;55080.0
13_levy_on_flood_homes;13;True;homes;15;Moinhos de Vento;marketplace;79960.0;79960.0;0.0;1.0;79960.0
13_levy_on_flood_homes;13;True;homes;15;Moinhos de Vento;pharmacy;20000.0;20000.0;0.0;1.0;20000.0
13_levy_on_flood_homes;13;True;homes;15;Moinhos de Vento;restaurant;79960.0;79960.0;0.0;1.0;79960.0
13_levy_on_flood_homes;13;True;homes;15;Praia de Belas;marketplace;12176.0;12176.0;0.0;1.0;12176.0
13_levy_on_flood_homes;13;True;homes;15;Praia de Belas;pharmacy;3048.0;3048.0;0.0;1.0;3048.0
13_levy_on_flood_homes;13;True;homes;15;Praia de Belas;restaurant;12176.0;12176.0;0.0;1.0;12176.0
13_levy_on_flood_homes;13;True;homes;15;Rio Branco;marketplace;125680.0;125680.0;0.0;1.0;125680.0
13_levy_on_flood_homes;13;True;homes;15;Rio Branco;pharmacy;31408.0;31408.0;0.0;1.0;31408.0
13_levy_on_flood_homes;13;True;homes;15;Rio Branco;restaurant;125680.0;125680.0;0.0;1.0;125680.0
13_levy_on_flood_homes;13;True;homes;15;Santa Cecília;marketplace;37120.0;37120.0;0.0;1.0;37120.0
13_levy_on_flood_homes;13;True;homes;15;Santa Cecília;pharmacy;9288.0;9288.0;0.0;1.0;9288.0
13_levy_on_flood_homes;13;True;homes;15;Santa Cecília;restaurant;37120.0;37120.0;0.0;1.0;37120.0
13_levy_on_flood_homes;13;True;homes;15;Santana;marketplace;142352.0;142352.0;0.0;1.0;142352.0
13_levy_on_flood_homes;13;True;homes;15;Santana;pharmacy;35576.0;35576.0;0.0;1.0;35576.0
13_levy_on_flood_homes;13;True;homes;15;Santana;restaurant;142352.0;142352.0;0.0;1.0;142352.0
13_levy_on_flood_homes;13;True;homes;16;Azenha;marketplace;96512.0;96512.0;0.0;1.0;96512.0
13_levy_on_flood_homes;13;True;homes;16;Azenha;pharmacy;24144.0;24144.0;0.0;1.0;24144.0
13_levy_on_flood_homes;13;True;homes;16;Azenha;restaurant;96512.0;96512.0;0.0;1.0;96512.0
13_levy_on_flood_homes;13;True;homes;16;Bom Fim;marketplace;81280.0;81280.0;0.0;1.0;81280.0
13_levy_on_flood_homes;13;True;homes;16;Bom Fim;pharmacy;20320.0;20320.0;0.0;1.0;20320.0
13_levy_on_flood_homes;13;True;homes;16;Bom Fim;restaurant;81280.0;81280.0;0.0;1.0;81280.0
13_levy_on_flood_homes;13;True;homes;16;Centro Histórico;marketplace;244552.0;244552.0;0.0;1.0;244552.0
13_levy_on_flood_homes;13;True;homes;16;Centro Histórico;pharmacy;61128.0;61128.0;0.0;1.0;61128.0
13_levy_on_flood_homes;13;True;homes;16;Centro Histórico;restaurant;244552.0;244552.0;0.0;1.0;244552.0
13_levy_on_flood_homes;13;True;homes;16;Cidade Baixa;marketplace;104112.0;104112.0;0.0;1.0;104112.0
13_levy_on_flood_homes;13;True;homes;16;Cidade Baixa;pharmacy;26024.0;26024.0;0.0;1.0;26024.0
13_levy_on_flood_homes;13;True;homes;16;Cidade Baixa;restaurant;104112.0;104112.0;0.0;1.0;104112.0
13_levy_on_flood_homes;13;True;homes;16;Farroupilha;marketplace;6192.0;6192.0;0.0;1.0;6192.0
13_levy_on_flood_homes;13;True;homes;16;Farroupilha;pharmacy;1552.0;1552.0;0.0;1.0;1552.0
13_levy_on_flood_homes;13;True;homes;16;Farroupilha;restaurant;6192.0;6192.0;0.0;1.0;6192.0
13_levy_on_flood_homes;13;True;homes;16;Floresta;marketplace;70384.0;70384.0;0.0;1.0;70384.0
13_levy_on_flood_homes;13;True;homes;16;Floresta;pharmacy;17576.0;17576.0;0.0;1.0;17576.0
13_levy_on_flood_homes;13;True;homes;16;Floresta;restaurant;70384.0;70384.0;0.0;1.0;70384.0
13_levy_on_flood_homes;13;True;homes;16;Independência;marketplace;55080.0;55080.0;0.0;1.0;55080.0
13_levy_on_flood_homes;13;True;homes;16;Independência;pharmacy;13752.0;13752.0;0.0;1.0;13752.0
13_levy_on_flood_homes;13;True;homes;16;Independência;restaurant;55080.0;55080.0;0.0;1.0;55080.0
13_levy_on_flood_homes;13;True;homes;16;Moinhos de Vento;marketplace;79960.0;79960.0;0.0;1.0;79960.0
13_levy_on_flood_homes;13;True;homes;16;Moinhos de Vento;pharmacy;20000.0;20000.0;0.0;1.0;20000.0
13_levy_on_flood_homes;13;True;homes;16;Moinhos de Vento;restaurant;79960.0;79960.0;0.0;1.0;79960.0
13_levy_on_flood_homes;13;True;homes;16;Praia de Belas;marketplace;12176.0;12176.0;0.0;1.0;12176.0
13_levy_on_flood_homes;13;True;homes;16;Praia de Belas;pharmacy;3048.0;3048.0;0.0;1.0;3048.0
13_levy_on_flood_homes;13;True;homes;16;Praia de Belas;restaurant;12176.0;12176.0;0.0;1.0;12176.0
13_levy_on_flood_homes;13;True;homes;16;Rio Branco;marketplace;125680.0;125680.0;0.0;1.0;125680.0
13_levy_on_flood_homes;13;True;homes;16;Rio Branco;pharmacy;31408.0;31408.0;0.0;1.0;31408.0
13_levy_on_flood_homes;13;True;homes;16;Rio Branco;restaurant;125680.0;125680.0;0.0;1.0;125680.0
13_levy_on_flood_homes;13;True;homes;16;Santa Cecília;marketplace;37120.0;37120.0;0.0;1.0;37120.0
13_levy_on_flood_homes;13;True;homes;16;Santa Cecília;pharmacy;9288.0;9288.0;0.0;1.0;9288.0
13_levy_on_flood_homes;13;True;homes;16;Santa Cecília;restaurant;37120.0;37120.0;0.0;1.0;37120.0
13_levy_on_flood_homes;13;True;homes;16;Santana;marketplace;142352.0;142352.0;0.0;1.0;142352.0
13_levy_on_flood_homes;13;True;homes;16;Santana;pharmacy;35576.0;35576.0;0.0;1.0;35576.0
13_levy_on_flood_homes;13;True;homes;16;Santana;restaurant;142352.0;142352.0;0.0;1.0;142352.0
13_levy_on_flood_homes;13;True;homes;17;Azenha;marketplace;96512.0;96512.0;0.0;1.0;96512.0
13_levy_on_flood_homes;13;True;homes;17;Azenha;pharmacy;24144.0;24144.0;0.0;1.0;24144.0
13_levy_on_flood_homes;13;True;homes;17;Azenha;restaurant;96512.0;96512.0;0.0;1.0;96512.0
13_levy_on_flood_homes;13;True;homes;17;Bom Fim;marketplace;81280.0;81280.0;0.0;1.0;81280.0
13_levy_on_flood_homes;13;True;homes;17;Bom Fim;pharmacy;20320.0;20320.0;0.0;1.0;20320.0
13_levy_on_flood_homes;13;True;homes;17;Bom Fim;restaurant;81280.0;81280.0;0.0;1.0;81280.0
13_levy_on_flood_homes;13;True;homes;17;Centro Histórico;marketplace;244552.0;244552.0;0.0;1.0;244552.0
13_levy_on_flood_homes;13;True;homes;17;Centro Histórico;pharmacy;61128.0;61128.0;0.0;1.0;61128.0
13_levy_on_flood_homes;13;True;homes;17;Centro Histórico;restaurant;244552.0;244552.0;0.0;1.0;244552.0
13_levy_on_flood_homes;13;True;homes;17;Cidade Baixa;marketplace;104112.0;104112.0;0.0;1.0;104112.0
13_levy_on_flood_homes;13;True;homes;17;Cidade Baixa;pharmacy;26024.0;26024.0;0.0;1.0;26024.0
13_levy_on_flood_homes;13;True;homes;17;Cidade Baixa;restaurant;104112.0;104112.0;0.0;1.0;104112.0
13_levy_on_flood_homes;13;True;homes;17;Farroupilha;marketplace;6192.0;6192.0;0.0;1.0;6192.0
13_levy_on_flood_homes;13;True;homes;17;Farroupilha;pharmacy;1552.0;1552.0;0.0;1.0;1552.0
13_levy_on_flood_homes;13;True;homes;17;Farroupilha;restaurant;6192.0;6192.0;0.0;1.0;6192.0
13_levy_on_flood_homes;13;True;homes;17;Floresta;marketplace;70384.0;70384.0;0.0;1.0;70384.0
13_levy_on_flood_homes;13;True;homes;17;Floresta;pharmacy;17576.0;17576.0;0.0;1.0;17576.0
13_levy_on_flood_homes;13;True;homes;17;Floresta;restaurant;70384.0;70384.0;0.0;1.0;70384.0
13_levy_on_flood_homes;13;True;homes;17;Independência;marketplace;55080.0;55080.0;0.0;1.0;55080.0
13_levy_on_flood_homes;13;True;homes;17;Independência;pharmacy;13752.0;13752.0;0.0;1.0;13752.0
13_levy_on_flood_homes;13;True;homes;17;Independência;restaurant;55080.0;55080.0;0.0;1.0;55080.0
13_levy_on_flood_homes;13;True;homes;17;Moinhos de Vento;marketplace;79960.0;79960.0;0.0;1.0;79960.0
13_levy_on_flood_homes;13;True;homes;17;Moinhos de Vento;pharmacy;20000.0;20000.0;0.0;1.0;20000.0
13_levy_on_flood_homes;13;True;homes;17;Moinhos de Vento;restaurant;79960.0;79960.0;0.0;1.0;79960.0
13_levy_on_flood_homes;13;True;homes;17;Praia de Belas;marketplace;12176.0;12176.0;0.0;1.0;12176.0
13_levy_on_flood_homes;13;True;homes;17;Praia de Belas;pharmacy;3048.0;3048.0;0.0;1.0;3048.0
13_levy_on_flood_homes;13;True;homes;17;Praia de Belas;restaurant;12176.0;12176.0;0.0;1.0;12176.0
13_levy_on_flood_homes;13;True;homes;17;Rio Branco;marketplace;125680.0;125680.0;0.0;1.0;125680.0
13_levy_on_flood_homes;13;True;homes;17;Rio Branco;pharmacy;31408.0;31408.0;0.0;1.0;31408.0
13_levy_on_flood_homes;13;True;homes;17;Rio Branco;restaurant;125680.0;125680.0;0.0;1.0;125680.0
13_levy_on_flood_homes;13;True;homes;17;Santa Cecília;marketplace;37120.0;37120.0;0.0;1.0;37120.0
13_levy_on_flood_homes;13;True;homes;17;Santa Cecília;pharmacy;9288.0;9288.0;0.0;1.0;9288.0
13_levy_on_flood_homes;13;True;homes;17;Santa Cecília;restaurant;37120.0;37120.0;0.0;1.0;37120.0
13_levy_on_flood_homes;13;True;homes;17;Santana;marketplace;142352.0;142352.0;0.0;1.0;142352.0
13_levy_on_flood_homes;13;True;homes;17;Santana;pharmacy;35576.0;35576.0;0.0;1.0;35576.0
13_levy_on_flood_homes;13;True;homes;17;Santana;restaurant;142352.0;142352.0;0.0;1.0;142352.0
13_levy_on_flood_homes;13;True;homes;18;Azenha;marketplace;96512.0;96512.0;0.0;1.0;96512.0
13_levy_on_flood_homes;13;True;homes;18;Azenha;pharmacy;24144.0;24144.0;0.0;1.0;24144.0
13_levy_on_flood_homes;13;True;homes;18;Azenha;restaurant;96512.0;96512.0;0.0;1.0;96512.0
13_levy_on_flood_homes;13;True;homes;18;Bom Fim;marketplace;81280.0;81280.0;0.0;1.0;81280.0
13_levy_on_flood_homes;13;True;homes;18;Bom Fim;pharmacy;20320.0;20320.0;0.0;1.0;20320.0
13_levy_on_flood_homes;13;True;homes;18;Bom Fim;restaurant;81280.0;81280.0;0.0;1.0;81280.0
13_levy_on_flood_homes;13;True;homes;18;Centro Histórico;marketplace;244552.0;244552.0;0.0;1.0;244552.0
13_levy_on_flood_homes;13;True;homes;18;Centro Histórico;pharmacy;61128.0;61128.0;0.0;1.0;61128.0
13_levy_on_flood_homes;13;True;homes;18;Centro Histórico;restaurant;244552.0;244552.0;0.0;1.0;244552.0
13_levy_on_flood_homes;13;True;homes;18;Cidade Baixa;marketplace;104112.0;104112.0;0.0;1.0;104112.0
13_levy_on_flood_homes;13;True;homes;18;Cidade Baixa;pharmacy;26024.0;26024.0;0.0;1.0;26024.0
13_levy_on_flood_homes;13;True;homes;18;Cidade Baixa;restaurant;104112.0;104112.0;0.0;1.0;104112.0
13_levy_on_flood_homes;13;True;homes;18;Farroupilha;marketplace;6192.0;6192.0;0.0;1.0;6192.0
13_levy_on_flood_homes;13;True;homes;18;Farroupilha;pharmacy;1552.0;1552.0;0.0;1.0;1552.0
13_levy_on_flood_homes;13;True;homes;18;Farroupilha;restaurant;6192.0;6192.0;0.0;1.0;6192.0
13_levy_on_flood_homes;13;True;homes;18;Floresta;marketplace;70384.0;70384.0;0.0;1.0;70384.0
13_levy_on_flood_homes;13;True;homes;18;Floresta;pharmacy;17576.0;17576.0;0.0;1.0;17576.0
13_levy_on_flood_homes;13;True;homes;18;Floresta;restaurant;70384.0;70384.0;0.0;1.0;70384.0
13_levy_on_flood_homes;13;True;homes;18;Independência;marketplace;55080.0;55080.0;0.0;1.0;55080.0
13_levy_on_flood_homes;13;True;homes;18;Independência;pharmacy;13752.0;13752.0;0.0;1.0;13752.0
13_levy_on_flood_homes;13;True;homes;18;Independência;restaurant;55080.0;55080.0;0.0;1.0;55080.0
13_levy_on_flood_homes;13;True;homes;18;Moinhos de Vento;marketplace;79960.0;79960.0;0.0;1.0;79960.0
13_levy_on_flood_homes;13;True;homes;18;Moinhos de Vento;pharmacy;20000.0;20000.0;0.0;1.0;20000.0
13_levy_on_flood_homes;13;True;homes;18;Moinhos de Vento;restaurant;79960.0;79960.0;0.0;1.0;79960.0
13_levy_on_flood_homes;13;True;homes;18;Praia de Belas;marketplace;12176.0;12176.0;0.0;1.0;12176.0
13_levy_on_flood_homes;13;True;homes;18;Praia de Belas;pharmacy;3048.0;3048.0;0.0;1.0;3048.0
13_levy_on_flood_homes;13;True;homes;18;Praia de Belas;restaurant;12176.0;12176.0;0.0;1.0;12176.0
13_levy_on_flood_homes;13;True;homes;18;Rio Branco;marketplace;125680.0;125680.0;0.0;1.0;125680.0
13_levy_on_flood_homes;13;True;homes;18;Rio Branco;pharmacy;31408.0;31408.0;0.0;1.0;31408.0
13_levy_on_flood_homes;13;True;homes;18;Rio Branco;restaurant;125680.0;125680.0;0.0;1.0;125680.0
13_levy_on_flood_homes;13;True;homes;18;Santa Cecília;marketplace;37120.0;37120.0;0.0;1.0;37120.0
13_levy_on_flood_homes;13;True;homes;18;Santa Cecília;pharmacy;9288.0;9288.0;0.0;1.0;9288.0
13_levy_on_flood_homes;13;True;homes;18;Santa Cecília;restaurant;37120.0;37120.0;0.0;1.0;37120.0
13_levy_on_flood_homes;13;True;homes;18;Santana;marketplace;142352.0;142352.0;0.0;1.0;142352.0
13_levy_on_flood_homes;13;True;homes;18;Santana;pharmacy;35576.0;35576.0;0.0;1.0;35576.0
13_levy_on_flood_homes;13;True;homes;18;Santana;restaurant;142352.0;142352.0;0.0;1.0;142352.0
13_levy_on_flood_homes;13;True;homes;19;Azenha;marketplace;96512.0;96512.0;0.0;1.0;96512.0
13_levy_on_flood_homes;13;True;homes;19;Azenha;pharmacy;24144.0;24144.0;0.0;1.0;24144.0
13_levy_on_flood_homes;13;True;homes;19;Azenha;restaurant;96512.0;96512.0;0.0;1.0;96512.0
13_levy_on_flood_homes;13;True;homes;19;Bom Fim;marketplace;81280.0;81280.0;0.0;1.0;81280.0
13_levy_on_flood_homes;13;True;homes;19;Bom Fim;pharmacy;20320.0;20320.0;0.0;1.0;20320.0
13_levy_on_flood_homes;13;True;homes;19;Bom Fim;restaurant;81280.0;81280.0;0.0;1.0;81280.0
13_levy_on_flood_homes;13;True;homes;19;Centro Histórico;marketplace;244552.0;244552.0;0.0;1.0;244552.0
13_levy_on_flood_homes;13;True;homes;19;Centro Histórico;pharmacy;61128.0;61128.0;0.0;1.0;61128.0
13_levy_on_flood_homes;13;True;homes;19;Centro Histórico;restaurant;244552.0;244552.0;0.0;1.0;244552.0
13_levy_on_flood_homes;13;True;homes;19;Cidade Baixa;marketplace;104112.0;104112.0;0.0;1.0;104112.0
13_levy_on_flood_homes;13;True;homes;19;Cidade Baixa;pharmacy;26024.0;26024.0;0.0;1.0;26024.0
13_levy_on_flood_homes;13;True;homes;19;Cidade Baixa;restaurant;104112.0;104112.0;0.0;1.0;104112.0
13_levy_on_flood_homes;13;True;homes;19;Farroupilha;marketplace;6192.0;6192.0;0.0;1.0;6192.0
13_levy_on_flood_homes;13;True;homes;19;Farroupilha;pharmacy;1552.0;1552.0;0.0;1.0;1552.0
13_levy_on_flood_homes;13;True;homes;19;Farroupilha;restaurant;6192.0;6192.0;0.0;1.0;6192.0
13_levy_on_flood_homes;13;True;homes;19;Floresta;marketplace;70384.0;70384.0;0.0;1.0;70384.0
13_levy_on_flood_homes;13;True;homes;19;Floresta;pharmacy;17576.0;17576.0;0.0;1.0;17576.0
13_levy_on_flood_homes;13;True;homes;19;Floresta;restaurant;70384.0;70384.0;0.0;1.0;70384.0
13_levy_on_flood_homes;13;True;homes;19;Independência;marketplace;55080.0;55080.0;0.0;1.0;55080.0
13_levy_on_flood_homes;13;True;homes;19;Independência;pharmacy;13752.0;13752.0;0.0;1.0;13752.0
13_levy_on_flood_homes;13;True;homes;19;Independência;restaurant;55080.0;55080.0;0.0;1.0;55080.0
13_levy_on_flood_homes;13;True;homes;19;Moinhos de Vento;marketplace;79960.0;79960.0;0.0;1.0;79960.0
13_levy_on_flood_homes;13;True;homes;19;Moinhos de Vento;pharmacy;20000.0;20000.0;0.0;1.0;20000.0
13_levy_on_flood_homes;13;True;homes;19;Moinhos de Vento;restaurant;79960.0;79960.0;0.0;1.0;79960.0
13_levy_on_flood_homes;13;True;homes;19;Praia de Belas;marketplace;12176.0;12176.0;0.0;1.0;12176.0
13_levy_on_flood_homes;13;True;homes;19;Praia de Belas;pharmacy;3048.0;3048.0;0.0;1.0;3048.0
13_levy_on_flood_homes;13;True;homes;19;Praia de Belas;restaurant;12176.0;12176.0;0.0;1.0;12176.0
13_levy_on_flood_homes;13;True;homes;19;Rio Branco;marketplace;125680.0;125680.0;0.0;1.0;125680.0
13_levy_on_flood_homes;13;True;homes;19;Rio Branco;pharmacy;31408.0;31408.0;0.0;1.0;31408.0
13_levy_on_flood_homes;13;True;homes;19;Rio Branco;restaurant;125680.0;125680.0;0.0;1.0;125680.0
13_levy_on_flood_homes;13;True;homes;19;Santa Cecília;marketplace;37120.0;37120.0;0.0;1.0;37120.0
13_levy_on_flood_homes;13;True;homes;19;Santa Cecília;pharmacy;9288.0;9288.0;0.0;1.0;9288.0
13_levy_on_flood_homes;13;True;homes;19;Santa Cecília;restaurant;37120.0;37120.0;0.0;1.0;37120.0
13_levy_on_flood_homes;13;True;homes;19;Santana;marketplace;142352.0;142352.0;0.0;1.0;142352.0
13_levy_on_flood_homes;13;True;homes;19;Santana;pharmacy;35576.0;35576.0;0.0;1.0;35576.0
13_levy_on_flood_homes;13;True;homes;19;Santana;restaurant;142352.0;142352.0;0.0;1.0;142352.0
13_levy_on_flood_homes;13;True;homes;20;Azenha;marketplace;96512.0;96512.0;0.0;1.0;96512.0
13_levy_on_flood_homes;13;True;homes;20;Azenha;pharmacy;24144.0;24144.0;0.0;1.0;24144.0
13_levy_on_flood_homes;13;True;homes;20;Azenha;restaurant;96512.0;96512.0;0.0;1.0;96512.0
13_levy_on_flood_homes;13;True;homes;20;Bom Fim;marketplace;81280.0;81280.0;0.0;1.0;81280.0
13_levy_on_flood_homes;13;True;homes;20;Bom Fim;pharmacy;20320.0;20320.0;0.0;1.0;20320.0
13_levy_on_flood_homes;13;True;homes;20;Bom Fim;restaurant;81280.0;81280.0;0.0;1.0;81280.0
13_levy_on_flood_homes;13;True;homes;20;Centro Histórico;marketplace;244552.0;244552.0;0.0;1.0;244552.0
13_levy_on_flood_homes;13;True;homes;20;Centro Histórico;pharmacy;61128.0;61128.0;0.0;1.0;61128.0
13_levy_on_flood_homes;13;True;homes;20;Centro Histórico;restaurant;244552.0;244552.0;0.0;1.0;244552.0
13_levy_on_flood_homes;13;True;homes;20;Cidade Baixa;marketplace;104112.0;104112.0;0.0;1.0;104112.0
13_levy_on_flood_homes;13;True;homes;20;Cidade Baixa;pharmacy;26024.0;26024.0;0.0;1.0;26024.0
13_levy_on_flood_homes;13;True;homes;20;Cidade Baixa;restaurant;104112.0;104112.0;0.0;1.0;104112.0
13_levy_on_flood_homes;13;True;homes;20;Farroupilha;marketplace;6192.0;6192.0;0.0;1.0;6192.0
13_levy_on_flood_homes;13;True;homes;20;Farroupilha;pharmacy;1552.0;1552.0;0.0;1.0;1552.0
13_levy_on_flood_homes;13;True;homes;20;Farroupilha;restaurant;6192.0;6192.0;0.0;1.0;6192.0
13_levy_on_flood_homes;13;True;homes;20;Floresta;marketplace;70384.0;70384.0;0.0;1.0;70384.0
13_levy_on_flood_homes;13;True;homes;20;Floresta;pharmacy;17576.0;17576.0;0.0;1.0;17576.0
13_levy_on_flood_homes;13;True;homes;20;Floresta;restaurant;70384.0;70384.0;0.0;1.0;70384.0
13_levy_on_flood_homes;13;True;homes;20;Independência;marketplace;55080.0;55080.0;0.0;1.0;55080.0
13_levy_on_flood_homes;13;True;homes;20;Independência;pharmacy;13752.0;13752.0;0.0;1.0;13752.0
13_levy_on_flood_homes;13;True;homes;20;Independência;restaurant;55080.0;55080.0;0.0;1.0;55080.0
13_levy_on_flood_homes;13;True;homes;20;Moinhos de Vento;marketplace;79960.0;79960.0;0.0;1.0;79960.0
13_levy_on_flood_homes;13;True;homes;20;Moinhos de Vento;pharmacy;20000.0;20000.0;0.0;1.0;20000.0
13_levy_on_flood_homes;13;True;homes;20;Moinhos de Vento;restaurant;79960.0;79960.0;0.0;1.0;79960.0
13_levy_on_flood_homes;13;True;homes;20;Praia de Belas;marketplace;12176.0;12176.0;0.0;1.0;12176.0
13_levy_on_flood_homes;13;True;homes;20;Praia de Belas;pharmacy;3048.0;3048.0;0.0;1.0;3048.0
13_levy_on_flood_homes;13;True;homes;20;Praia de Belas;restaurant;12176.0;12176.0;0.0;1.0;12176.0
13_levy_on_flood_homes;13;True;homes;20;Rio Branco;marketplace;125680.0;125680.0;0.0;1.0;125680.0
13_levy_on_flood_homes;13;True;homes;20;Rio Branco;pharmacy;31408.0;31408.0;0.0;1.0;31408.0
13_levy_on_flood_homes;13;True;homes;20;Rio Branco;restaurant;125680.0;125680.0;0.0;1.0;125680.0
13_levy_on_flood_homes;13;True;homes;20;Santa Cecília;marketplace;37120.0;37120.0;0.0;1.0;37120.0
13_levy_on_flood_homes;13;True;homes;20;Santa Cecília;pharmacy;9288.0;9288.0;0.0;1.0;9288.0
13_levy_on_flood_homes;13;True;homes;20;Santa Cecília;restaurant;37120.0;37120.0;0.0;1.0;37120.0
13_levy_on_flood_homes;13;True;homes;20;Santana;marketplace;142352.0;142352.0;0.0;1.0;142352.0
13_levy_on_flood_homes;13;True;homes;20;Santana;pharmacy;35576.0;35576.0;0.0;1.0;35576.0
13_levy_on_flood_homes;13;True;homes;20;Santana;restaurant;142352.0;142352.0;0.0;1.0;142352.0
13_levy_on_flood_homes;13;True;homes;21;Azenha;marketplace;96512.0;96512.0;0.0;1.0;96512.0
13_levy_on_flood_homes;13;True;homes;21;Azenha;pharmacy;24144.0;24144.0;0.0;1.0;24144.0
13_levy_on_flood_homes;13;True;homes;21;Azenha;restaurant;96512.0;96512.0;0.0;1.0;96512.0
13_levy_on_flood_homes;13;True;homes;21;Bom Fim;marketplace;81280.0;81280.0;0.0;1.0;81280.0
13_levy_on_flood_homes;13;True;homes;21;Bom Fim;pharmacy;20320.0;20320.0;0.0;1.0;20320.0
13_levy_on_flood_homes;13;True;homes;21;Bom Fim;restaurant;81280.0;81280.0;0.0;1.0;81280.0
13_levy_on_flood_homes;13;True;homes;21;Centro Histórico;marketplace;244552.0;244552.0;0.0;1.0;244552.0
13_levy_on_flood_homes;13;True;homes;21;Centro Histórico;pharmacy;61128.0;61128.0;0.0;1.0;61128.0
13_levy_on_flood_homes;13;True;homes;21;Centro Histórico;restaurant;244552.0;244552.0;0.0;1.0;244552.0
13_levy_on_flood_homes;13;True;homes;21;Cidade Baixa;marketplace;104112.0;104112.0;0.0;1.0;104112.0
13_levy_on_flood_homes;13;True;homes;21;Cidade Baixa;pharmacy;26024.0;26024.0;0.0;1.0;26024.0
13_levy_on_flood_homes;13;True;homes;21;Cidade Baixa;restaurant;104112.0;104112.0;0.0;1.0;104112.0
13_levy_on_flood_homes;13;True;homes;21;Farroupilha;marketplace;6192.0;6192.0;0.0;1.0;6192.0
13_levy_on_flood_homes;13;True;homes;21;Farroupilha;pharmacy;1552.0;1552.0;0.0;1.0;1552.0
13_levy_on_flood_homes;13;True;homes;21;Farroupilha;restaurant;6192.0;6192.0;0.0;1.0;6192.0
13_levy_on_flood_homes;13;True;homes;21;Floresta;marketplace;70384.0;70384.0;0.0;1.0;70384.0
13_levy_on_flood_homes;13;True;homes;21;Floresta;pharmacy;17576.0;17576.0;0.0;1.0;17576.0
13_levy_on_flood_homes;13;True;homes;21;Floresta;restaurant;70384.0;70384.0;0.0;1.0;70384.0
13_levy_on_flood_homes;13;True;homes;21;Independência;marketplace;55080.0;55080.0;0.0;1.0;55080.0
13_levy_on_flood_homes;13;True;homes;21;Independência;pharmacy;13752.0;13752.0;0.0;1.0;13752.0
13_levy_on_flood_homes;13;True;homes;21;Independência;restaurant;55080.0;55080.0;0.0;1.0;55080.0
13_levy_on_flood_homes;13;True;homes;21;Moinhos de Vento;marketplace;79960.0;79960.0;0.0;1.0;79960.0
13_levy_on_flood_homes;13;True;homes;21;Moinhos de Vento;pharmacy;20000.0;20000.0;0.0;1.0;20000.0
13_levy_on_flood_homes;13;True;homes;21;Moinhos de Vento;restaurant;79960.0;79960.0;0.0;1.0;79960.0
13_levy_on_flood_homes;13;True;homes;21;Praia de Belas;marketplace;12176.0;12176.0;0.0;1.0;12176.0
13_levy_on_flood_homes;13;True;homes;21;Praia de Belas;pharmacy;3048.0;3048.0;0.0;1.0;3048.0
13_levy_on_flood_homes;13;True;homes;21;Praia de Belas;restaurant;12176.0;12176.0;0.0;1.0;12176.0
13_levy_on_flood_homes;13;True;homes;21;Rio Branco;marketplace;125680.0;125680.0;0.0;1.0;125680.0
13_levy_on_flood_homes;13;True;homes;21;Rio Branco;pharmacy;31408.0;31408.0;0.0;1.0;31408.0
13_levy_on_flood_homes;13;True;homes;21;Rio Branco;restaurant;125680.0;125680.0;0.0;1.0;125680.0
13_levy_on_flood_homes;13;True;homes;21;Santa Cecília;marketplace;37120.0;37120.0;0.0;1.0;37120.0
13_levy_on_flood_homes;13;True;homes;21;Santa Cecília;pharmacy;9288.0;9288.0;0.0;1.0;9288.0
13_levy_on_flood_homes;13;True;homes;21;Santa Cecília;restaurant;37120.0;37120.0;0.0;1.0;37120.0
13_levy_on_flood_homes;13;True;homes;21;Santana;marketplace;142352.0;142352.0;0.0;1.0;142352.0
13_levy_on_flood_homes;13;True;homes;21;Santana;pharmacy;35576.0;35576.0;0.0;1.0;35576.0
13_levy_on_flood_homes;13;True;homes;21;Santana;restaurant;142352.0;142352.0;0.0;1.0;142352.0
13_levy_on_flood_homes;13;True;homes;22;Azenha;marketplace;96512.0;96512.0;0.0;1.0;96512.0
13_levy_on_flood_homes;13;True;homes;22;Azenha;pharmacy;24144.0;24144.0;0.0;1.0;24144.0
13_levy_on_flood_homes;13;True;homes;22;Azenha;restaurant;96512.0;96512.0;0.0;1.0;96512.0
13_levy_on_flood_homes;13;True;homes;22;Bom Fim;marketplace;81280.0;81280.0;0.0;1.0;81280.0
13_levy_on_flood_homes;13;True;homes;22;Bom Fim;pharmacy;20320.0;20320.0;0.0;1.0;20320.0
13_levy_on_flood_homes;13;True;homes;22;Bom Fim;restaurant;81280.0;81280.0;0.0;1.0;81280.0
13_levy_on_flood_homes;13;True;homes;22;Centro Histórico;marketplace;244552.0;244552.0;0.0;1.0;244552.0
13_levy_on_flood_homes;13;True;homes;22;Centro Histórico;pharmacy;61128.0;61128.0;0.0;1.0;61128.0
13_levy_on_flood_homes;13;True;homes;22;Centro Histórico;restaurant;244552.0;244552.0;0.0;1.0;244552.0
13_levy_on_flood_homes;13;True;homes;22;Cidade Baixa;marketplace;104112.0;104112.0;0.0;1.0;104112.0
13_levy_on_flood_homes;13;True;homes;22;Cidade Baixa;pharmacy;26024.0;26024.0;0.0;1.0;26024.0
13_levy_on_flood_homes;13;True;homes;22;Cidade Baixa;restaurant;104112.0;104112.0;0.0;1.0;104112.0
13_levy_on_flood_homes;13;True;homes;22;Farroupilha;marketplace;6192.0;6192.0;0.0;1.0;6192.0
13_levy_on_flood_homes;13;True;homes;22;Farroupilha;pharmacy;1552.0;1552.0;0.0;1.0;1552.0
13_levy_on_flood_homes;13;True;homes;22;Farroupilha;restaurant;6192.0;6192.0;0.0;1.0;6192.0
13_levy_on_flood_homes;13;True;homes;22;Floresta;marketplace;70384.0;70384.0;0.0;1.0;70384.0
13_levy_on_flood_homes;13;True;homes;22;Floresta;pharmacy;17576.0;17576.0;0.0;1.0;17576.0
13_levy_on_flood_homes;13;True;homes;22;Floresta;restaurant;70384.0;70384.0;0.0;1.0;70384.0
13_levy_on_flood_homes;13;True;homes;22;Independência;marketplace;55080.0;55080.0;0.0;1.0;55080.0
13_levy_on_flood_homes;13;True;homes;22;Independência;pharmacy;13752.0;13752.0;0.0;1.0;13752.0
13_levy_on_flood_homes;13;True;homes;22;Independência;restaurant;55080.0;55080.0;0.0;1.0;55080.0
13_levy_on_flood_homes;13;True;homes;22;Moinhos de Vento;marketplace;79960.0;79960.0;0.0;1.0;79960.0
13_levy_on_flood_homes;13;True;homes;22;Moinhos de Vento;pharmacy;20000.0;20000.0;0.0;1.0;20000.0
13_levy_on_flood_homes;13;True;homes;22;Moinhos de Vento;restaurant;79960.0;79960.0;0.0;1.0;79960.0
13_levy_on_flood_homes;13;True;homes;22;Praia de Belas;marketplace;12176.0;12176.0;0.0;1.0;12176.0
13_levy_on_flood_homes;13;True;homes;22;Praia de Belas;pharmacy;3048.0;3048.0;0.0;1.0;3048.0
13_levy_on_flood_homes;13;True;homes;22;Praia de Belas;restaurant;12176.0;12176.0;0.0;1.0;12176.0
13_levy_on_flood_homes;13;True;homes;22;Rio Branco;marketplace;125680.0;125680.0;0.0;1.0;125680.0
13_levy_on_flood_homes;13;True;homes;22;Rio Branco;pharmacy;31408.0;31408.0;0.0;1.0;31408.0
13_levy_on_flood_homes;13;True;homes;22;Rio Branco;restaurant;125680.0;125680.0;0.0;1.0;125680.0
13_levy_on_flood_homes;13;True;homes;22;Santa Cecília;marketplace;37120.0;37120.0;0.0;1.0;37120.0
13_levy_on_flood_homes;13;True;homes;22;Santa Cecília;pharmacy;9288.0;9288.0;0.0;1.0;9288.0
13_levy_on_flood_homes;13;True;homes;22;Santa Cecília;restaurant;37120.0;37120.0;0.0;1.0;37120.0
13_levy_on_flood_homes;13;True;homes;22;Santana;marketplace;142352.0;142352.0;0.0;1.0;142352.0
13_levy_on_flood_homes;13;True;homes;22;Santana;pharmacy;35576.0;35576.0;0.0;1.0;35576.0
13_levy_on_flood_homes;13;True;homes;22;Santana;restaurant;142352.0;142352.0;0.0;1.0;142352.0
13_levy_on_flood_homes;13;True;homes;23;Azenha;marketplace;96512.0;96512.0;0.0;1.0;96512.0
13_levy_on_flood_homes;13;True;homes;23;Azenha;pharmacy;24144.0;24144.0;0.0;1.0;24144.0
13_levy_on_flood_homes;13;True;homes;23;Azenha;restaurant;96512.0;96512.0;0.0;1.0;96512.0
13_levy_on_flood_homes;13;True;homes;23;Bom Fim;marketplace;81280.0;81280.0;0.0;1.0;81280.0
13_levy_on_flood_homes;13;True;homes;23;Bom Fim;pharmacy;20320.0;20320.0;0.0;1.0;20320.0
13_levy_on_flood_homes;13;True;homes;23;Bom Fim;restaurant;81280.0;81280.0;0.0;1.0;81280.0
13_levy_on_flood_homes;13;True;homes;23;Centro Histórico;marketplace;244552.0;244552.0;0.0;1.0;244552.0
13_levy_on_flood_homes;13;True;homes;23;Centro Histórico;pharmacy;61128.0;61128.0;0.0;1.0;61128.0
13_levy_on_flood_homes;13;True;homes;23;Centro Histórico;restaurant;244552.0;244552.0;0.0;1.0;244552.0
13_levy_on_flood_homes;13;True;homes;23;Cidade Baixa;marketplace;104112.0;104112.0;0.0;1.0;104112.0
13_levy_on_flood_homes;13;True;homes;23;Cidade Baixa;pharmacy;26024.0;26024.0;0.0;1.0;26024.0
13_levy_on_flood_homes;13;True;homes;23;Cidade Baixa;restaurant;104112.0;104112.0;0.0;1.0;104112.0
13_levy_on_flood_homes;13;True;homes;23;Farroupilha;marketplace;6192.0;6192.0;0.0;1.0;6192.0
13_levy_on_flood_homes;13;True;homes;23;Farroupilha;pharmacy;1552.0;1552.0;0.0;1.0;1552.0
13_levy_on_flood_homes;13;True;homes;23;Farroupilha;restaurant;6192.0;6192.0;0.0;1.0;6192.0
13_levy_on_flood_homes;13;True;homes;23;Floresta;marketplace;70384.0;70384.0;0.0;1.0;70384.0
13_levy_on_flood_homes;13;True;homes;23;Floresta;pharmacy;17576.0;17576.0;0.0;1.0;17576.0
13_levy_on_flood_homes;13;True;homes;23;Floresta;restaurant;70384.0;70384.0;0.0;1.0;70384.0
13_levy_on_flood_homes;13;True;homes;23;Independência;marketplace;55080.0;55080.0;0.0;1.0;55080.0
13_levy_on_flood_homes;13;True;homes;23;Independência;pharmacy;13752.0;13752.0;0.0;1.0;13752.0
13_levy_on_flood_homes;13;True;homes;23;Independência;restaurant;55080.0;55080.0;0.0;1.0;55080.0
13_levy_on_flood_homes;13;True;homes;23;Moinhos de Vento;marketplace;79960.0;79960.0;0.0;1.0;79960.0
13_levy_on_flood_homes;13;True;homes;23;Moinhos de Vento;pharmacy;20000.0;20000.0;0.0;1.0;20000.0
13_levy_on_flood_homes;13;True;homes;23;Moinhos de Vento;restaurant;79960.0;79960.0;0.0;1.0;79960.0
13_levy_on_flood_homes;13;True;homes;23;Praia de Belas;marketplace;12176.0;12176.0;0.0;1.0;12176.0
13_levy_on_flood_homes;13;True;homes;23;Praia de Belas;pharmacy;3048.0;3048.0;0.0;1.0;3048.0
13_levy_on_flood_homes;13;True;homes;23;Praia de Belas;restaurant;12176.0;12176.0;0.0;1.0;12176.0
13_levy_on_flood_homes;13;True;homes;23;Rio Branco;marketplace;125680.0;125680.0;0.0;1.0;125680.0
13_levy_on_flood_homes;13;True;homes;23;Rio Branco;pharmacy;31408.0;31408.0;0.0;1.0;31408.0
13_levy_on_flood_homes;13;True;homes;23;Rio Branco;restaurant;125680.0;125680.0;0.0;1.0;125680.0
13_levy_on_flood_homes;13;True;homes;23;Santa Cecília;marketplace;37120.0;37120.0;0.0;1.0;37120.0
13_levy_on_flood_homes;13;True;homes;23;Santa Cecília;pharmacy;9288.0;9288.0;0.0;1.0;9288.0
13_levy_on_flood_homes;13;True;homes;23;Santa Cecília;restaurant;37120.0;37120.0;0.0;1.0;37120.0
13_levy_on_flood_homes;13;True;homes;23;Santana;marketplace;142352.0;142352.0;0.0;1.0;142352.0
13_levy_on_flood_homes;13;True;homes;23;Santana;pharmacy;35576.0;35576.0;0.0;1.0;35576.0
13_levy_on_flood_homes;13;True;homes;23;Santana;restaurant;142352.0;142352.0;0.0;1.0;142352.0
13_levy_on_flood_homes;13;True;homes;24;Azenha;marketplace;96512.0;96512.0;0.0;1.0;96512.0
13_levy_on_flood_homes;13;True;homes;24;Azenha;pharmacy;24144.0;24144.0;0.0;1.0;24144.0
13_levy_on_flood_homes;13;True;homes;24;Azenha;restaurant;96512.0;96512.0;0.0;1.0;96512.0
13_levy_on_flood_homes;13;True;homes;24;Bom Fim;marketplace;81280.0;81280.0;0.0;1.0;81280.0
13_levy_on_flood_homes;13;True;homes;24;Bom Fim;pharmacy;20320.0;20320.0;0.0;1.0;20320.0
13_levy_on_flood_homes;13;True;homes;24;Bom Fim;restaurant;81280.0;81280.0;0.0;1.0;81280.0
13_levy_on_flood_homes;13;True;homes;24;Centro Histórico;marketplace;244552.0;244552.0;0.0;1.0;244552.0
13_levy_on_flood_homes;13;True;homes;24;Centro Histórico;pharmacy;61128.0;61128.0;0.0;1.0;61128.0
13_levy_on_flood_homes;13;True;homes;24;Centro Histórico;restaurant;244552.0;244552.0;0.0;1.0;244552.0
13_levy_on_flood_homes;13;True;homes;24;Cidade Baixa;marketplace;104112.0;104112.0;0.0;1.0;104112.0
13_levy_on_flood_homes;13;True;homes;24;Cidade Baixa;pharmacy;26024.0;26024.0;0.0;1.0;26024.0
13_levy_on_flood_homes;13;True;homes;24;Cidade Baixa;restaurant;104112.0;104112.0;0.0;1.0;104112.0
13_levy_on_flood_homes;13;True;homes;24;Farroupilha;marketplace;6192.0;6192.0;0.0;1.0;6192.0
13_levy_on_flood_homes;13;True;homes;24;Farroupilha;pharmacy;1552.0;1552.0;0.0;1.0;1552.0
13_levy_on_flood_homes;13;True;homes;24;Farroupilha;restaurant;6192.0;6192.0;0.0;1.0;6192.0
13_levy_on_flood_homes;13;True;homes;24;Floresta;marketplace;70384.0;70384.0;0.0;1.0;70384.0
13_levy_on_flood_homes;13;True;homes;24;Floresta;pharmacy;17576.0;17576.0;0.0;1.0;17576.0
13_levy_on_flood_homes;13;True;homes;24;Floresta;restaurant;70384.0;70384.0;0.0;1.0;70384.0
13_levy_on_flood_homes;13;True;homes;24;Independência;marketplace;55080.0;55080.0;0.0;1.0;55080.0
13_levy_on_flood_homes;13;True;homes;24;Independência;pharmacy;13752.0;13752.0;0.0;1.0;13752.0
13_levy_on_flood_homes;13;True;homes;24;Independência;restaurant;55080.0;55080.0;0.0;1.0;55080.0
13_levy_on_flood_homes;13;True;homes;24;Moinhos de Vento;marketplace;79960.0;79960.0;0.0;1.0;79960.0
13_levy_on_flood_homes;13;True;homes;24;Moinhos de Vento;pharmacy;20000.0;20000.0;0.0;1.0;20000.0
13_levy_on_flood_homes;13;True;homes;24;Moinhos de Vento;restaurant;79960.0;79960.0;0.0;1.0;79960.0
13_levy_on_flood_homes;13;True;homes;24;Praia de Belas;marketplace;12176.0;12176.0;0.0;1.0;12176.0
13_levy_on_flood_homes;13;True;homes;24;Praia de Belas;pharmacy;3048.0;3048.0;0.0;1.0;3048.0
13_levy_on_flood_homes;13;True;homes;24;Praia de Belas;restaurant;12176.0;12176.0;0.0;1.0;12176.0
13_levy_on_flood_homes;13;True;homes;24;Rio Branco;marketplace;125680.0;125680.0;0.0;1.0;125680.0
13_levy_on_flood_homes;13;True;homes;24;Rio Branco;pharmacy;31408.0;31408.0;0.0;1.0;31408.0
13_levy_on_flood_homes;13;True;homes;24;Rio Branco;restaurant;125680.0;125680.0;0.0;1.0;125680.0
13_levy_on_flood_homes;13;True;homes;24;Santa Cecília;marketplace;37120.0;37120.0;0.0;1.0;37120.0
13_levy_on_flood_homes;13;True;homes;24;Santa Cecília;pharmacy;9288.0;9288.0;0.0;1.0;9288.0
13_levy_on_flood_homes;13;True;homes;24;Santa Cecília;restaurant;37120.0;37120.0;0.0;1.0;37120.0
13_levy_on_flood_homes;13;True;homes;24;Santana;marketplace;142352.0;142352.0;0.0;1.0;142352.0
13_levy_on_flood_homes;13;True;homes;24;Santana;pharmacy;35576.0;35576.0;0.0;1.0;35576.0
13_levy_on_flood_homes;13;True;homes;24;Santana;restaurant;142352.0;142352.0;0.0;1.0;142352.0
13_levy_on_flood_homes;13;True;homes;25;Azenha;marketplace;96512.0;96512.0;0.0;1.0;96512.0
13_levy_on_flood_homes;13;True;homes;25;Azenha;pharmacy;24144.0;24144.0;0.0;1.0;24144.0
13_levy_on_flood_homes;13;True;homes;25;Azenha;restaurant;96512.0;96512.0;0.0;1.0;96512.0
13_levy_on_flood_homes;13;True;homes;25;Bom Fim;marketplace;81280.0;81280.0;0.0;1.0;81280.0
13_levy_on_flood_homes;13;True;homes;25;Bom Fim;pharmacy;20320.0;20320.0;0.0;1.0;20320.0
13_levy_on_flood_homes;13;True;homes;25;Bom Fim;restaurant;81280.0;81280.0;0.0;1.0;81280.0
13_levy_on_flood_homes;13;True;homes;25;Centro Histórico;marketplace;244552.0;244552.0;0.0;1.0;244552.0
13_levy_on_flood_homes;13;True;homes;25;Centro Histórico;pharmacy;61128.0;61128.0;0.0;1.0;61128.0
13_levy_on_flood_homes;13;True;homes;25;Centro Histórico;restaurant;244552.0;244552.0;0.0;1.0;244552.0
13_levy_on_flood_homes;13;True;homes;25;Cidade Baixa;marketplace;104112.0;104112.0;0.0;1.0;104112.0
13_levy_on_flood_homes;13;True;homes;25;Cidade Baixa;pharmacy;26024.0;26024.0;0.0;1.0;26024.0
13_levy_on_flood_homes;13;True;homes;25;Cidade Baixa;restaurant;104112.0;104112.0;0.0;1.0;104112.0
13_levy_on_flood_homes;13;True;homes;25;Farroupilha;marketplace;6192.0;6192.0;0.0;1.0;6192.0
13_levy_on_flood_homes;13;True;homes;25;Farroupilha;pharmacy;1552.0;1552.0;0.0;1.0;1552.0
13_levy_on_flood_homes;13;True;homes;25;Farroupilha;restaurant;6192.0;6192.0;0.0;1.0;6192.0
13_levy_on_flood_homes;13;True;homes;25;Floresta;marketplace;70384.0;70384.0;0.0;1.0;70384.0
13_levy_on_flood_homes;13;True;homes;25;Floresta;pharmacy;17576.0;17576.0;0.0;1.0;17576.0
13_levy_on_flood_homes;13;True;homes;25;Floresta;restaurant;70384.0;70384.0;0.0;1.0;70384.0
13_levy_on_flood_homes;13;True;homes;25;Independência;marketplace;55080.0;55080.0;0.0;1.0;55080.0
13_levy_on_flood_homes;13;True;homes;25;Independência;pharmacy;13752.0;13752.0;0.0;1.0;13752.0
13_levy_on_flood_homes;13;True;homes;25;Independência;restaurant;55080.0;55080.0;0.0;1.0;55080.0
13_levy_on_flood_homes;13;True;homes;25;Moinhos de Vento;marketplace;79960.0;79960.0;0.0;1.0;79960.0
13_levy_on_flood_homes;13;True;homes;25;Moinhos de Vento;pharmacy;20000.0;20000.0;0.0;1.0;20000.0
13_levy_on_flood_homes;13;True;homes;25;Moinhos de Vento;restaurant;79960.0;79960.0;0.0;1.0;79960.0
13_levy_on_flood_homes;13;True;homes;25;Praia de Belas;marketplace;12176.0;12176.0;0.0;1.0;12176.0
13_levy_on_flood_homes;13;True;homes;25;Praia de Belas;pharmacy;3048.0;3048.0;0.0;1.0;3048.0
13_levy_on_flood_homes;13;True;homes;25;Praia de Belas;restaurant;12176.0;12176.0;0.0;1.0;12176.0
13_levy_on_flood_homes;13;True;homes;25;Rio Branco;marketplace;125680.0;125680.0;0.0;1.0;125680.0
13_levy_on_flood_homes;13;True;homes;25;Rio Branco;pharmacy;31408.0;31408.0;0.0;1.0;31408.0
13_levy_on_flood_homes;13;True;homes;25;Rio Branco;restaurant;125680.0;125680.0;0.0;1.0;125680.0
13_levy_on_flood_homes;13;True;homes;25;Santa Cecília;marketplace;37120.0;37120.0;0.0;1.0;37120.0
13_levy_on_flood_homes;13;True;homes;25;Santa Cecília;pharmacy;9288.0;9288.0;0.0;1.0;9288.0
13_levy_on_flood_homes;13;True;homes;25;Santa Cecília;restaurant;37120.0;37120.0;0.0;1.0;37120.0
13_levy_on_flood_homes;13;True;homes;25;Santana;marketplace;142352.0;142352.0;0.0;1.0;142352.0
13_levy_on_flood_homes;13;True;homes;25;Santana;pharmacy;35576.0;35576.0;0.0;1.0;35576.0
13_levy_on_flood_homes;13;True;homes;25;Santana;restaurant;142352.0;142352.0;0.0;1.0;142352.0
13_levy_on_flood_homes;13;True;homes;26;Azenha;marketplace;96512.0;96512.0;0.0;1.0;96512.0
13_levy_on_flood_homes;13;True;homes;26;Azenha;pharmacy;24144.0;24144.0;0.0;1.0;24144.0
13_levy_on_flood_homes;13;True;homes;26;Azenha;restaurant;96512.0;96512.0;0.0;1.0;96512.0
13_levy_on_flood_homes;13;True;homes;26;Bom Fim;marketplace;81280.0;81280.0;0.0;1.0;81280.0
13_levy_on_flood_homes;13;True;homes;26;Bom Fim;pharmacy;20320.0;20320.0;0.0;1.0;20320.0
13_levy_on_flood_homes;13;True;homes;26;Bom Fim;restaurant;81280.0;81280.0;0.0;1.0;81280.0
13_levy_on_flood_homes;13;True;homes;26;Centro Histórico;marketplace;244552.0;244552.0;0.0;1.0;244552.0
13_levy_on_flood_homes;13;True;homes;26;Centro Histórico;pharmacy;61128.0;61128.0;0.0;1.0;61128.0
13_levy_on_flood_homes;13;True;homes;26;Centro Histórico;restaurant;244552.0;244552.0;0.0;1.0;244552.0
13_levy_on_flood_homes;13;True;homes;26;Cidade Baixa;marketplace;104112.0;104112.0;0.0;1.0;104112.0
13_levy_on_flood_homes;13;True;homes;26;Cidade Baixa;pharmacy;26024.0;26024.0;0.0;1.0;26024.0
13_levy_on_flood_homes;13;True;homes;26;Cidade Baixa;restaurant;104112.0;104112.0;0.0;1.0;104112.0
13_levy_on_flood_homes;13;True;homes;26;Farroupilha;marketplace;6192.0;6192.0;0.0;1.0;6192.0
13_levy_on_flood_homes;13;True;homes;26;Farroupilha;pharmacy;1552.0;1552.0;0.0;1.0;1552.0
13_levy_on_flood_homes;13;True;homes;26;Farroupilha;restaurant;6192.0;6192.0;0.0;1.0;6192.0
13_levy_on_flood_homes;13;True;homes;26;Floresta;marketplace;70384.0;70384.0;0.0;1.0;70384.0
13_levy_on_flood_homes;13;True;homes;26;Floresta;pharmacy;17576.0;17576.0;0.0;1.0;17576.0
13_levy_on_flood_homes;13;True;homes;26;Floresta;restaurant;70384.0;70384.0;0.0;1.0;70384.0
13_levy_on_flood_homes;13;True;homes;26;Independência;marketplace;55080.0;55080.0;0.0;1.0;55080.0
13_levy_on_flood_homes;13;True;homes;26;Independência;pharmacy;13752.0;13752.0;0.0;1.0;13752.0
13_levy_on_flood_homes;13;True;homes;26;Independência;restaurant;55080.0;55080.0;0.0;1.0;55080.0
13_levy_on_flood_homes;13;True;homes;26;Moinhos de Vento;marketplace;79960.0;79960.0;0.0;1.0;79960.0
13_levy_on_flood_homes;13;True;homes;26;Moinhos de Vento;pharmacy;20000.0;20000.0;0.0;1.0;20000.0
13_levy_on_flood_homes;13;True;homes;26;Moinhos de Vento;restaurant;79960.0;79960.0;0.0;1.0;79960.0
13_levy_on_flood_homes;13;True;homes;26;Praia de Belas;marketplace;12176.0;12176.0;0.0;1.0;12176.0
13_levy_on_flood_homes;13;True;homes;26;Praia de Belas;pharmacy;3048.0;3048.0;0.0;1.0;3048.0
13_levy_on_flood_homes;13;True;homes;26;Praia de Belas;restaurant;12176.0;12176.0;0.0;1.0;12176.0
13_levy_on_flood_homes;13;True;homes;26;Rio Branco;marketplace;125680.0;125680.0;0.0;1.0;125680.0
13_levy_on_flood_homes;13;True;homes;26;Rio Branco;pharmacy;31408.0;31408.0;0.0;1.0;31408.0
13_levy_on_flood_homes;13;True;homes;26;Rio Branco;restaurant;125680.0;125680.0;0.0;1.0;125680.0
13_levy_on_flood_homes;13;True;homes;26;Santa Cecília;marketplace;37120.0;37120.0;0.0;1.0;37120.0
13_levy_on_flood_homes;13;True;homes;26;Santa Cecília;pharmacy;9288.0;9288.0;0.0;1.0;9288.0
13_levy_on_flood_homes;13;True;homes;26;Santa Cecília;restaurant;37120.0;37120.0;0.0;1.0;37120.0
13_levy_on_flood_homes;13;True;homes;26;Santana;marketplace;142352.0;142352.0;0.0;1.0;142352.0
13_levy_on_flood_homes;13;True;homes;26;Santana;pharmacy;35576.0;35576.0;0.0;1.0;35576.0
13_levy_on_flood_homes;13;True;homes;26;Santana;restaurant;142352.0;142352.0;0.0;1.0;142352.0
13_levy_on_flood_homes;13;True;homes;27;Azenha;marketplace;96512.0;96512.0;0.0;1.0;96512.0
13_levy_on_flood_homes;13;True;homes;27;Azenha;pharmacy;24144.0;24144.0;0.0;1.0;24144.0
13_levy_on_flood_homes;13;True;homes;27;Azenha;restaurant;96512.0;96512.0;0.0;1.0;96512.0
13_levy_on_flood_homes;13;True;homes;27;Bom Fim;marketplace;81280.0;81280.0;0.0;1.0;81280.0
13_levy_on_flood_homes;13;True;homes;27;Bom Fim;pharmacy;20320.0;20320.0;0.0;1.0;20320.0
13_levy_on_flood_homes;13;True;homes;27;Bom Fim;restaurant;81280.0;81280.0;0.0;1.0;81280.0
13_levy_on_flood_homes;13;True;homes;27;Centro Histórico;marketplace;244552.0;244552.0;0.0;1.0;244552.0
13_levy_on_flood_homes;13;True;homes;27;Centro Histórico;pharmacy;61128.0;61128.0;0.0;1.0;61128.0
13_levy_on_flood_homes;13;True;homes;27;Centro Histórico;restaurant;244552.0;244552.0;0.0;1.0;244552.0
13_levy_on_flood_homes;13;True;homes;27;Cidade Baixa;marketplace;104112.0;104112.0;0.0;1.0;104112.0
13_levy_on_flood_homes;13;True;homes;27;Cidade Baixa;pharmacy;26024.0;26024.0;0.0;1.0;26024.0
13_levy_on_flood_homes;13;True;homes;27;Cidade Baixa;restaurant;104112.0;104112.0;0.0;1.0;104112.0
13_levy_on_flood_homes;13;True;homes;27;Farroupilha;marketplace;6192.0;6192.0;0.0;1.0;6192.0
13_levy_on_flood_homes;13;True;homes;27;Farroupilha;pharmacy;1552.0;1552.0;0.0;1.0;1552.0
13_levy_on_flood_homes;13;True;homes;27;Farroupilha;restaurant;6192.0;6192.0;0.0;1.0;6192.0
13_levy_on_flood_homes;13;True;homes;27;Floresta;marketplace;70384.0;70384.0;0.0;1.0;70384.0
13_levy_on_flood_homes;13;True;homes;27;Floresta;pharmacy;17576.0;17576.0;0.0;1.0;17576.0
13_levy_on_flood_homes;13;True;homes;27;Floresta;restaurant;70384.0;70384.0;0.0;1.0;70384.0
13_levy_on_flood_homes;13;True;homes;27;Independência;marketplace;55080.0;55080.0;0.0;1.0;55080.0
13_levy_on_flood_homes;13;True;homes;27;Independência;pharmacy;13752.0;13752.0;0.0;1.0;13752.0
13_levy_on_flood_homes;13;True;homes;27;Independência;restaurant;55080.0;55080.0;0.0;1.0;55080.0
13_levy_on_flood_homes;13;True;homes;27;Moinhos de Vento;marketplace;79960.0;79960.0;0.0;1.0;79960.0
13_levy_on_flood_homes;13;True;homes;27;Moinhos de Vento;pharmacy;20000.0;20000.0;0.0;1.0;20000.0
13_levy_on_flood_homes;13;True;homes;27;Moinhos de Vento;restaurant;79960.0;79960.0;0.0;1.0;79960.0
13_levy_on_flood_homes;13;True;homes;27;Praia de Belas;marketplace;12176.0;12176.0;0.0;1.0;12176.0
13_levy_on_flood_homes;13;True;homes;27;Praia de Belas;pharmacy;3048.0;3048.0;0.0;1.0;3048.0
13_levy_on_flood_homes;13;True;homes;27;Praia de Belas;restaurant;12176.0;12176.0;0.0;1.0;12176.0
13_levy_on_flood_homes;13;True;homes;27;Rio Branco;marketplace;125680.0;125680.0;0.0;1.0;125680.0
13_levy_on_flood_homes;13;True;homes;27;Rio Branco;pharmacy;31408.0;31408.0;0.0;1.0;31408.0
13_levy_on_flood_homes;13;True;homes;27;Rio Branco;restaurant;125680.0;125680.0;0.0;1.0;125680.0
13_levy_on_flood_homes;13;True;homes;27;Santa Cecília;marketplace;37120.0;37120.0;0.0;1.0;37120.0
13_levy_on_flood_homes;13;True;homes;27;Santa Cecília;pharmacy;9288.0;9288.0;0.0;1.0;9288.0
13_levy_on_flood_homes;13;True;homes;27;Santa Cecília;restaurant;37120.0;37120.0;0.0;1.0;37120.0
13_levy_on_flood_homes;13;True;homes;27;Santana;marketplace;142352.0;142352.0;0.0;1.0;142352.0
13_levy_on_flood_homes;13;True;homes;27;Santana;pharmacy;35576.0;35576.0;0.0;1.0;35576.0
13_levy_on_flood_homes;13;True;homes;27;Santana;restaurant;142352.0;142352.0;0.0;1.0;142352.0
13_levy_on_flood_homes;13;True;homes;28;Azenha;marketplace;96512.0;96512.0;0.0;1.0;96512.0
13_levy_on_flood_homes;13;True;homes;28;Azenha;pharmacy;24144.0;24144.0;0.0;1.0;24144.0
13_levy_on_flood_homes;13;True;homes;28;Azenha;restaurant;96512.0;96512.0;0.0;1.0;96512.0
13_levy_on_flood_homes;13;True;homes;28;Bom Fim;marketplace;81280.0;81280.0;0.0;1.0;81280.0
13_levy_on_flood_homes;13;True;homes;28;Bom Fim;pharmacy;20320.0;20320.0;0.0;1.0;20320.0
13_levy_on_flood_homes;13;True;homes;28;Bom Fim;restaurant;81280.0;81280.0;0.0;1.0;81280.0
13_levy_on_flood_homes;13;True;homes;28;Centro Histórico;marketplace;244552.0;244552.0;0.0;1.0;244552.0
13_levy_on_flood_homes;13;True;homes;28;Centro Histórico;pharmacy;61128.0;61128.0;0.0;1.0;61128.0
13_levy_on_flood_homes;13;True;homes;28;Centro Histórico;restaurant;244552.0;244552.0;0.0;1.0;244552.0
13_levy_on_flood_homes;13;True;homes;28;Cidade Baixa;marketplace;104112.0;104112.0;0.0;1.0;104112.0
13_levy_on_flood_homes;13;True;homes;28;Cidade Baixa;pharmacy;26024.0;26024.0;0.0;1.0;26024.0
13_levy_on_flood_homes;13;True;homes;28;Cidade Baixa;restaurant;104112.0;104112.0;0.0;1.0;104112.0
13_levy_on_flood_homes;13;True;homes;28;Farroupilha;marketplace;6192.0;6192.0;0.0;1.0;6192.0
13_levy_on_flood_homes;13;True;homes;28;Farroupilha;pharmacy;1552.0;1552.0;0.0;1.0;1552.0
13_levy_on_flood_homes;13;True;homes;28;Farroupilha;restaurant;6192.0;6192.0;0.0;1.0;6192.0
13_levy_on_flood_homes;13;True;homes;28;Floresta;marketplace;70384.0;70384.0;0.0;1.0;70384.0
13_levy_on_flood_homes;13;True;homes;28;Floresta;pharmacy;17576.0;17576.0;0.0;1.0;17576.0
13_levy_on_flood_homes;13;True;homes;28;Floresta;restaurant;70384.0;70384.0;0.0;1.0;70384.0
13_levy_on_flood_homes;13;True;homes;28;Independência;marketplace;55080.0;55080.0;0.0;1.0;55080.0
13_levy_on_flood_homes;13;True;homes;28;Independência;pharmacy;13752.0;13752.0;0.0;1.0;13752.0
13_levy_on_flood_homes;13;True;homes;28;Independência;restaurant;55080.0;55080.0;0.0;1.0;55080.0
13_levy_on_flood_homes;13;True;homes;28;Moinhos de Vento;marketplace;79960.0;79960.0;0.0;1.0;79960.0
13_levy_on_flood_homes;13;True;homes;28;Moinhos de Vento;pharmacy;20000.0;20000.0;0.0;1.0;20000.0
13_levy_on_flood_homes;13;True;homes;28;Moinhos de Vento;restaurant;79960.0;79960.0;0.0;1.0;79960.0
13_levy_on_flood_homes;13;True;homes;28;Praia de Belas;marketplace;12176.0;12176.0;0.0;1.0;12176.0
13_levy_on_flood_homes;13;True;homes;28;Praia de Belas;pharmacy;3048.0;3048.0;0.0;1.0;3048.0
13_levy_on_flood_homes;13;True;homes;28;Praia de Belas;restaurant;12176.0;12176.0;0.0;1.0;12176.0
13_levy_on_flood_homes;13;True;homes;28;Rio Branco;marketplace;125680.0;125680.0;0.0;1.0;125680.0
13_levy_on_flood_homes;13;True;homes;28;Rio Branco;pharmacy;31408.0;31408.0;0.0;1.0;31408.0
13_levy_on_flood_homes;13;True;homes;28;Rio Branco;restaurant;125680.0;125680.0;0.0;1.0;125680.0
13_levy_on_flood_homes;13;True;homes;28;Santa Cecília;marketplace;37120.0;37120.0;0.0;1.0;37120.0
13_levy_on_flood_homes;13;True;homes;28;Santa Cecília;pharmacy;9288.0;9288.0;0.0;1.0;9288.0
13_levy_on_flood_homes;13;True;homes;28;Santa Cecília;restaurant;37120.0;37120.0;0.0;1.0;37120.0
13_levy_on_flood_homes;13;True;homes;28;Santana;marketplace;142352.0;142352.0;0.0;1.0;142352.0
13_levy_on_flood_homes;13;True;homes;28;Santana;pharmacy;35576.0;35576.0;0.0;1.0;35576.0
13_levy_on_flood_homes;13;True;homes;28;Santana;restaurant;142352.0;142352.0;0.0;1.0;142352.0
13_levy_on_flood_homes;13;True;homes;29;Azenha;marketplace;96512.0;96512.0;0.0;1.0;96512.0
13_levy_on_flood_homes;13;True;homes;29;Azenha;pharmacy;24144.0;24144.0;0.0;1.0;24144.0
13_levy_on_flood_homes;13;True;homes;29;Azenha;restaurant;96512.0;96512.0;0.0;1.0;96512.0
13_levy_on_flood_homes;13;True;homes;29;Bom Fim;marketplace;81280.0;81280.0;0.0;1.0;81280.0
13_levy_on_flood_homes;13;True;homes;29;Bom Fim;pharmacy;20320.0;20320.0;0.0;1.0;20320.0
13_levy_on_flood_homes;13;True;homes;29;Bom Fim;restaurant;81280.0;81280.0;0.0;1.0;81280.0
13_levy_on_flood_homes;13;True;homes;29;Centro Histórico;marketplace;244552.0;244552.0;0.0;1.0;244552.0
13_levy_on_flood_homes;13;True;homes;29;Centro Histórico;pharmacy;61128.0;61128.0;0.0;1.0;61128.0
13_levy_on_flood_homes;13;True;homes;29;Centro Histórico;restaurant;244552.0;244552.0;0.0;1.0;244552.0
13_levy_on_flood_homes;13;True;homes;29;Cidade Baixa;marketplace;104112.0;104112.0;0.0;1.0;104112.0
13_levy_on_flood_homes;13;True;homes;29;Cidade Baixa;pharmacy;26024.0;26024.0;0.0;1.0;26024.0
13_levy_on_flood_homes;13;True;homes;29;Cidade Baixa;restaurant;104112.0;104112.0;0.0;1.0;104112.0
13_levy_on_flood_homes;13;True;homes;29;Farroupilha;marketplace;6192.0;6192.0;0.0;1.0;6192.0
13_levy_on_flood_homes;13;True;homes;29;Farroupilha;pharmacy;1552.0;1552.0;0.0;1.0;1552.0
13_levy_on_flood_homes;13;True;homes;29;Farroupilha;restaurant;6192.0;6192.0;0.0;1.0;6192.0
13_levy_on_flood_homes;13;True;homes;29;Floresta;marketplace;70384.0;70384.0;0.0;1.0;70384.0
13_levy_on_flood_homes;13;True;homes;29;Floresta;pharmacy;17576.0;17576.0;0.0;1.0;17576.0
13_levy_on_flood_homes;13;True;homes;29;Floresta;restaurant;70384.0;70384.0;0.0;1.0;70384.0
13_levy_on_flood_homes;13;True;homes;29;Independência;marketplace;55080.0;55080.0;0.0;1.0;55080.0
13_levy_on_flood_homes;13;True;homes;29;Independência;pharmacy;13752.0;13752.0;0.0;1.0;13752.0
13_levy_on_flood_homes;13;True;homes;29;Independência;restaurant;55080.0;55080.0;0.0;1.0;55080.0
13_levy_on_flood_homes;13;True;homes;29;Moinhos de Vento;marketplace;79960.0;79960.0;0.0;1.0;79960.0
13_levy_on_flood_homes;13;True;homes;29;Moinhos de Vento;pharmacy;20000.0;20000.0;0.0;1.0;20000.0
13_levy_on_flood_homes;13;True;homes;29;Moinhos de Vento;restaurant;79960.0;79960.0;0.0;1.0;79960.0
13_levy_on_flood_homes;13;True;homes;29;Praia de Belas;marketplace;12176.0;12176.0;0.0;1.0;12176.0
13_levy_on_flood_homes;13;True;homes;29;Praia de Belas;pharmacy;3048.0;3048.0;0.0;1.0;3048.0
13_levy_on_flood_homes;13;True;homes;29;Praia de Belas;restaurant;12176.0;12176.0;0.0;1.0;12176.0
13_levy_on_flood_homes;13;True;homes;29;Rio Branco;marketplace;125680.0;125680.0;0.0;1.0;125680.0
13_levy_on_flood_homes;13;True;homes;29;Rio Branco;pharmacy;31408.0;31408.0;0.0;1.0;31408.0
13_levy_on_flood_homes;13;True;homes;29;Rio Branco;restaurant;125680.0;125680.0;0.0;1.0;125680.0
13_levy_on_flood_homes;13;True;homes;29;Santa Cecília;marketplace;37120.0;37120.0;0.0;1.0;37120.0
13_levy_on_flood_homes;13;True;homes;29;Santa Cecília;pharmacy;9288.0;9288.0;0.0;1.0;9288.0
13_levy_on_flood_homes;13;True;homes;29;Santa Cecília;restaurant;37120.0;37120.0;0.0;1.0;37120.0
13_levy_on_flood_homes;13;True;homes;29;Santana;marketplace;142352.0;142352.0;0.0;1.0;142352.0
13_levy_on_flood_homes;13;True;homes;29;Santana;pharmacy;35576.0;35576.0;0.0;1.0;35576.0
13_levy_on_flood_homes;13;True;homes;29;Santana;restaurant;142352.0;142352.0;0.0;1.0;142352.0
13_levy_on_flood_both;13;True;both;0;Azenha;marketplace;96512.0;93273.0;3239.0;0.9664394064986738;93273.0
13_levy_on_flood_both;13;True;both;0;Azenha;pharmacy;24144.0;23834.0;310.0;0.9871603711066932;23834.0
13_levy_on_flood_both;13;True;both;0;Azenha;restaurant;96512.0;93839.0;2673.0;0.9723039622015915;93839.0
13_levy_on_flood_both;13;True;both;0;Bom Fim;marketplace;81280.0;81280.0;0.0;1.0;81280.0
13_levy_on_flood_both;13;True;both;0;Bom Fim;pharmacy;20320.0;20320.0;0.0;1.0;20320.0
13_levy_on_flood_both;13;True;both;0;Bom Fim;restaurant;81280.0;81280.0;0.0;1.0;81280.0
13_levy_on_flood_both;13;True;both;0;Centro Histórico;marketplace;244552.0;240681.0;3871.0;0.9841710556446073;240681.0
13_levy_on_flood_both;13;True;both;0;Centro Histórico;pharmacy;61128.0;60230.0;898.0;0.9853095144614579;60230.0
13_levy_on_flood_both;13;True;both;0;Centro Histórico;restaurant;244552.0;240520.0;4032.0;0.983512708953515;240520.0
13_levy_on_flood_both;13;True;both;0;Cidade Baixa;marketplace;104112.0;93991.0;10121.0;0.9027873828185031;93991.0
13_levy_on_flood_both;13;True;both;0;Cidade Baixa;pharmacy;26024.0;22988.0;3036.0;0.8833384568090993;22988.0
13_levy_on_flood_both;13;True;both;0;Cidade Baixa;restaurant;104112.0;95715.0;8397.0;0.9193464730290456;95715.0
13_levy_on_flood_both;13;True;both;0;Farroupilha;marketplace;6192.0;6192.0;0.0;1.0;6192.0
13_levy_on_flood_both;13;True;both;0;Farroupilha;pharmacy;1552.0;1552.0;0.0;1.0;1552.0
13_levy_on_flood_both;13;True;both;0;Farroupilha;restaurant;6192.0;6192.0;0.0;1.0;6192.0
13_levy_on_flood_both;13;True;both;0;Floresta;marketplace;70384.0;59040.0;11344.0;0.8388270061377586;59040.0
13_levy_on_flood_both;13;True;both;0;Floresta;pharmacy;17576.0;13949.0;3627.0;0.7936390532544378;13949.0
13_levy_on_flood_both;13;True;both;0;Floresta;restaurant;70384.0;54802.0;15582.0;0.7786144578313253;54802.0
13_levy_on_flood_both;13;True;both;0;Independência;marketplace;55080.0;55080.0;0.0;1.0;55080.0
13_levy_on_flood_both;13;True;both;0;Independência;pharmacy;13752.0;13752.0;0.0;1.0;13752.0
13_levy_on_flood_both;13;True;both;0;Independência;restaurant;55080.0;55080.0;0.0;1.0;55080.0
13_levy_on_flood_both;13;True;both;0;Moinhos de Vento;marketplace;79960.0;79960.0;0.0;1.0;79960.0
13_levy_on_flood_both;13;True;both;0;Moinhos de Vento;pharmacy;20000.0;20000.0;0.0;1.0;20000.0
13_levy_on_flood_both;13;True;both;0;Moinhos de Vento;restaurant;79960.0;79960.0;0.0;1.0;79960.0
13_levy_on_flood_both;13;True;both;0;Praia de Belas;marketplace;12176.0;5069.0;7107.0;0.4163107752956636;5069.0
13_levy_on_flood_both;13;True;both;0;Praia de Belas;pharmacy;3048.0;1278.0;1770.0;0.41929133858267714;1278.0
13_levy_on_flood_both;13;True;both;0;Praia de Belas;restaurant;12176.0;4738.0;7438.0;0.38912614980289095;4738.0
13_levy_on_flood_both;13;True;both;0;Rio Branco;marketplace;125680.0;125680.0;0.0;1.0;125680.0
13_levy_on_flood_both;13;True;both;0;Rio Branco;pharmacy;31408.0;31408.0;0.0;1.0;31408.0
13_levy_on_flood_both;13;True;both;0;Rio Branco;restaurant;125680.0;125680.0;0.0;1.0;125680.0
13_levy_on_flood_both;13;True;both;0;Santa Cecília;marketplace;37120.0;37120.0;0.0;1.0;37120.0
13_levy_on_flood_both;13;True;both;0;Santa Cecília;pharmacy;9288.0;9288.0;0.0;1.0;9288.0
13_levy_on_flood_both;13;True;both;0;Santa Cecília;restaurant;37120.0;37120.0;0.0;1.0;37120.0
13_levy_on_flood_both;13;True;both;0;Santana;marketplace;142352.0;142352.0;0.0;1.0;142352.0
13_levy_on_flood_both;13;True;both;0;Santana;pharmacy;35576.0;35576.0;0.0;1.0;35576.0
13_levy_on_flood_both;13;True;both;0;Santana;restaurant;142352.0;142352.0;0.0;1.0;142352.0
13_levy_on_flood_both;13;True;both;1;Azenha;marketplace;96512.0;93273.0;3239.0;0.9664394064986738;93273.0
13_levy_on_flood_both;13;True;both;1;Azenha;pharmacy;24144.0;23834.0;310.0;0.9871603711066932;23834.0
13_levy_on_flood_both;13;True;both;1;Azenha;restaurant;96512.0;93839.0;2673.0;0.9723039622015915;93839.0
13_levy_on_flood_both;13;True;both;1;Bom Fim;marketplace;81280.0;81280.0;0.0;1.0;81280.0
13_levy_on_flood_both;13;True;both;1;Bom Fim;pharmacy;20320.0;20320.0;0.0;1.0;20320.0
13_levy_on_flood_both;13;True;both;1;Bom Fim;restaurant;81280.0;81280.0;0.0;1.0;81280.0
13_levy_on_flood_both;13;True;both;1;Centro Histórico;marketplace;244552.0;240681.0;3871.0;0.9841710556446073;240681.0
13_levy_on_flood_both;13;True;both;1;Centro Histórico;pharmacy;61128.0;60230.0;898.0;0.9853095144614579;60230.0
13_levy_on_flood_both;13;True;both;1;Centro Histórico;restaurant;244552.0;240520.0;4032.0;0.983512708953515;240520.0
13_levy_on_flood_both;13;True;both;1;Cidade Baixa;marketplace;104112.0;93991.0;10121.0;0.9027873828185031;93991.0
13_levy_on_flood_both;13;True;both;1;Cidade Baixa;pharmacy;26024.0;22988.0;3036.0;0.8833384568090993;22988.0
13_levy_on_flood_both;13;True;both;1;Cidade Baixa;restaurant;104112.0;95715.0;8397.0;0.9193464730290456;95715.0
13_levy_on_flood_both;13;True;both;1;Farroupilha;marketplace;6192.0;6192.0;0.0;1.0;6192.0
13_levy_on_flood_both;13;True;both;1;Farroupilha;pharmacy;1552.0;1552.0;0.0;1.0;1552.0
13_levy_on_flood_both;13;True;both;1;Farroupilha;restaurant;6192.0;6192.0;0.0;1.0;6192.0
13_levy_on_flood_both;13;True;both;1;Floresta;marketplace;70384.0;59040.0;11344.0;0.8388270061377586;59040.0
13_levy_on_flood_both;13;True;both;1;Floresta;pharmacy;17576.0;13949.0;3627.0;0.7936390532544378;13949.0
13_levy_on_flood_both;13;True;both;1;Floresta;restaurant;70384.0;54802.0;15582.0;0.7786144578313253;54802.0
13_levy_on_flood_both;13;True;both;1;Independência;marketplace;55080.0;55080.0;0.0;1.0;55080.0
13_levy_on_flood_both;13;True;both;1;Independência;pharmacy;13752.0;13752.0;0.0;1.0;13752.0
13_levy_on_flood_both;13;True;both;1;Independência;restaurant;55080.0;55080.0;0.0;1.0;55080.0
13_levy_on_flood_both;13;True;both;1;Moinhos de Vento;marketplace;79960.0;79960.0;0.0;1.0;79960.0
13_levy_on_flood_both;13;True;both;1;Moinhos de Vento;pharmacy;20000.0;20000.0;0.0;1.0;20000.0
13_levy_on_flood_both;13;True;both;1;Moinhos de Vento;restaurant;79960.0;79960.0;0.0;1.0;79960.0
13_levy_on_flood_both;13;True;both;1;Praia de Belas;marketplace;12176.0;5069.0;7107.0;0.4163107752956636;5069.0
13_levy_on_flood_both;13;True;both;1;Praia de Belas;pharmacy;3048.0;1278.0;1770.0;0.41929133858267714;1278.0
13_levy_on_flood_both;13;True;both;1;Praia de Belas;restaurant;12176.0;4738.0;7438.0;0.38912614980289095;4738.0
13_levy_on_flood_both;13;True;both;1;Rio Branco;marketplace;125680.0;125680.0;0.0;1.0;125680.0
13_levy_on_flood_both;13;True;both;1;Rio Branco;pharmacy;31408.0;31408.0;0.0;1.0;31408.0
13_levy_on_flood_both;13;True;both;1;Rio Branco;restaurant;125680.0;125680.0;0.0;1.0;125680.0
13_levy_on_flood_both;13;True;both;1;Santa Cecília;marketplace;37120.0;37120.0;0.0;1.0;37120.0
13_levy_on_flood_both;13;True;both;1;Santa Cecília;pharmacy;9288.0;9288.0;0.0;1.0;9288.0
13_levy_on_flood_both;13;True;both;1;Santa Cecília;restaurant;37120.0;37120.0;0.0;1.0;37120.0
13_levy_on_flood_both;13;True;both;1;Santana;marketplace;142352.0;142352.0;0.0;1.0;142352.0
13_levy_on_flood_both;13;True;both;1;Santana;pharmacy;35576.0;35576.0;0.0;1.0;35576.0
13_levy_on_flood_both;13;True;both;1;Santana;restaurant;142352.0;142352.0;0.0;1.0;142352.0
13_levy_on_flood_both;13;True;both;2;Azenha;marketplace;96512.0;93273.0;3239.0;0.9664394064986738;93273.0
13_levy_on_flood_both;13;True;both;2;Azenha;pharmacy;24144.0;23834.0;310.0;0.9871603711066932;23834.0
13_levy_on_flood_both;13;True;both;2;Azenha;restaurant;96512.0;93839.0;2673.0;0.9723039622015915;93839.0
13_levy_on_flood_both;13;True;both;2;Bom Fim;marketplace;81280.0;81280.0;0.0;1.0;81280.0
13_levy_on_flood_both;13;True;both;2;Bom Fim;pharmacy;20320.0;20320.0;0.0;1.0;20320.0
13_levy_on_flood_both;13;True;both;2;Bom Fim;restaurant;81280.0;81280.0;0.0;1.0;81280.0
13_levy_on_flood_both;13;True;both;2;Centro Histórico;marketplace;244552.0;240681.0;3871.0;0.9841710556446073;240681.0
13_levy_on_flood_both;13;True;both;2;Centro Histórico;pharmacy;61128.0;60230.0;898.0;0.9853095144614579;60230.0
13_levy_on_flood_both;13;True;both;2;Centro Histórico;restaurant;244552.0;240520.0;4032.0;0.983512708953515;240520.0
13_levy_on_flood_both;13;True;both;2;Cidade Baixa;marketplace;104112.0;93991.0;10121.0;0.9027873828185031;93991.0
13_levy_on_flood_both;13;True;both;2;Cidade Baixa;pharmacy;26024.0;22988.0;3036.0;0.8833384568090993;22988.0
13_levy_on_flood_both;13;True;both;2;Cidade Baixa;restaurant;104112.0;95715.0;8397.0;0.9193464730290456;95715.0
13_levy_on_flood_both;13;True;both;2;Farroupilha;marketplace;6192.0;6192.0;0.0;1.0;6192.0
13_levy_on_flood_both;13;True;both;2;Farroupilha;pharmacy;1552.0;1552.0;0.0;1.0;1552.0
13_levy_on_flood_both;13;True;both;2;Farroupilha;restaurant;6192.0;6192.0;0.0;1.0;6192.0
13_levy_on_flood_both;13;True;both;2;Floresta;marketplace;70384.0;59040.0;11344.0;0.8388270061377586;59040.0
13_levy_on_flood_both;13;True;both;2;Floresta;pharmacy;17576.0;13949.0;3627.0;0.7936390532544378;13949.0
13_levy_on_flood_both;13;True;both;2;Floresta;restaurant;70384.0;54802.0;15582.0;0.7786144578313253;54802.0
13_levy_on_flood_both;13;True;both;2;Independência;marketplace;55080.0;55080.0;0.0;1.0;55080.0
13_levy_on_flood_both;13;True;both;2;Independência;pharmacy;13752.0;13752.0;0.0;1.0;13752.0
13_levy_on_flood_both;13;True;both;2;Independência;restaurant;55080.0;55080.0;0.0;1.0;55080.0
13_levy_on_flood_both;13;True;both;2;Moinhos de Vento;marketplace;79960.0;79960.0;0.0;1.0;79960.0
13_levy_on_flood_both;13;True;both;2;Moinhos de Vento;pharmacy;20000.0;20000.0;0.0;1.0;20000.0
13_levy_on_flood_both;13;True;both;2;Moinhos de Vento;restaurant;79960.0;79960.0;0.0;1.0;79960.0
13_levy_on_flood_both;13;True;both;2;Praia de Belas;marketplace;12176.0;5069.0;7107.0;0.4163107752956636;5069.0
13_levy_on_flood_both;13;True;both;2;Praia de Belas;pharmacy;3048.0;1278.0;1770.0;0.41929133858267714;1278.0
13_levy_on_flood_both;13;True;both;2;Praia de Belas;restaurant;12176.0;4738.0;7438.0;0.38912614980289095;4738.0
13_levy_on_flood_both;13;True;both;2;Rio Branco;marketplace;125680.0;125680.0;0.0;1.0;125680.0
13_levy_on_flood_both;13;True;both;2;Rio Branco;pharmacy;31408.0;31408.0;0.0;1.0;31408.0
13_levy_on_flood_both;13;True;both;2;Rio Branco;restaurant;125680.0;125680.0;0.0;1.0;125680.0
13_levy_on_flood_both;13;True;both;2;Santa Cecília;marketplace;37120.0;37120.0;0.0;1.0;37120.0
13_levy_on_flood_both;13;True;both;2;Santa Cecília;pharmacy;9288.0;9288.0;0.0;1.0;9288.0
13_levy_on_flood_both;13;True;both;2;Santa Cecília;restaurant;37120.0;37120.0;0.0;1.0;37120.0
13_levy_on_flood_both;13;True;both;2;Santana;marketplace;142352.0;142352.0;0.0;1.0;142352.0
13_levy_on_flood_both;13;True;both;2;Santana;pharmacy;35576.0;35576.0;0.0;1.0;35576.0
13_levy_on_flood_both;13;True;both;2;Santana;restaurant;142352.0;142352.0;0.0;1.0;142352.0
13_levy_on_flood_both;13;True;both;3;Azenha;marketplace;96512.0;93273.0;3239.0;0.9664394064986738;93273.0
13_levy_on_flood_both;13;True;both;3;Azenha;pharmacy;24144.0;23834.0;310.0;0.9871603711066932;23834.0
13_levy_on_flood_both;13;True;both;3;Azenha;restaurant;96512.0;93839.0;2673.0;0.9723039622015915;93839.0
13_levy_on_flood_both;13;True;both;3;Bom Fim;marketplace;81280.0;81280.0;0.0;1.0;81280.0
13_levy_on_flood_both;13;True;both;3;Bom Fim;pharmacy;20320.0;20320.0;0.0;1.0;20320.0
13_levy_on_flood_both;13;True;both;3;Bom Fim;restaurant;81280.0;81280.0;0.0;1.0;81280.0
13_levy_on_flood_both;13;True;both;3;Centro Histórico;marketplace;244552.0;240681.0;3871.0;0.9841710556446073;240681.0
13_levy_on_flood_both;13;True;both;3;Centro Histórico;pharmacy;61128.0;60230.0;898.0;0.9853095144614579;60230.0
13_levy_on_flood_both;13;True;both;3;Centro Histórico;restaurant;244552.0;240520.0;4032.0;0.983512708953515;240520.0
13_levy_on_flood_both;13;True;both;3;Cidade Baixa;marketplace;104112.0;93991.0;10121.0;0.9027873828185031;93991.0
13_levy_on_flood_both;13;True;both;3;Cidade Baixa;pharmacy;26024.0;22988.0;3036.0;0.8833384568090993;22988.0
13_levy_on_flood_both;13;True;both;3;Cidade Baixa;restaurant;104112.0;95715.0;8397.0;0.9193464730290456;95715.0
13_levy_on_flood_both;13;True;both;3;Farroupilha;marketplace;6192.0;6192.0;0.0;1.0;6192.0
13_levy_on_flood_both;13;True;both;3;Farroupilha;pharmacy;1552.0;1552.0;0.0;1.0;1552.0
13_levy_on_flood_both;13;True;both;3;Farroupilha;restaurant;6192.0;6192.0;0.0;1.0;6192.0
13_levy_on_flood_both;13;True;both;3;Floresta;marketplace;70384.0;59040.0;11344.0;0.8388270061377586;59040.0
13_levy_on_flood_both;13;True;both;3;Floresta;pharmacy;17576.0;13949.0;3627.0;0.7936390532544378;13949.0
13_levy_on_flood_both;13;True;both;3;Floresta;restaurant;70384.0;54802.0;15582.0;0.7786144578313253;54802.0
13_levy_on_flood_both;13;True;both;3;Independência;marketplace;55080.0;55080.0;0.0;1.0;55080.0
13_levy_on_flood_both;13;True;both;3;Independência;pharmacy;13752.0;13752.0;0.0;1.0;13752.0
13_levy_on_flood_both;13;True;both;3;Independência;restaurant;55080.0;55080.0;0.0;1.0;55080.0
13_levy_on_flood_both;13;True;both;3;Moinhos de Vento;marketplace;79960.0;79960.0;0.0;1.0;79960.0
13_levy_on_flood_both;13;True;both;3;Moinhos de Vento;pharmacy;20000.0;20000.0;0.0;1.0;20000.0
13_levy_on_flood_both;13;True;both;3;Moinhos de Vento;restaurant;79960.0;79960.0;0.0;1.0;79960.0
13_levy_on_flood_both;13;True;both;3;Praia de Belas;marketplace;12176.0;5069.0;7107.0;0.4163107752956636;5069.0
13_levy_on_flood_both;13;True;both;3;Praia de Belas;pharmacy;3048.0;1278.0;1770.0;0.41929133858267714;1278.0
13_levy_on_flood_both;13;True;both;3;Praia de Belas;restaurant;12176.0;4738.0;7438.0;0.38912614980289095;4738.0
13_levy_on_flood_both;13;True;both;3;Rio Branco;marketplace;125680.0;125680.0;0.0;1.0;125680.0
13_levy_on_flood_both;13;True;both;3;Rio Branco;pharmacy;31408.0;31408.0;0.0;1.0;31408.0
13_levy_on_flood_both;13;True;both;3;Rio Branco;restaurant;125680.0;125680.0;0.0;1.0;125680.0
13_levy_on_flood_both;13;True;both;3;Santa Cecília;marketplace;37120.0;37120.0;0.0;1.0;37120.0
13_levy_on_flood_both;13;True;both;3;Santa Cecília;pharmacy;9288.0;9288.0;0.0;1.0;9288.0
13_levy_on_flood_both;13;True;both;3;Santa Cecília;restaurant;37120.0;37120.0;0.0;1.0;37120.0
13_levy_on_flood_both;13;True;both;3;Santana;marketplace;142352.0;142352.0;0.0;1.0;142352.0
13_levy_on_flood_both;13;True;both;3;Santana;pharmacy;35576.0;35576.0;0.0;1.0;35576.0
13_levy_on_flood_both;13;True;both;3;Santana;restaurant;142352.0;142352.0;0.0;1.0;142352.0
13_levy_on_flood_both;13;True;both;4;Azenha;marketplace;96512.0;93273.0;3239.0;0.9664394064986738;93273.0
13_levy_on_flood_both;13;True;both;4;Azenha;pharmacy;24144.0;23834.0;310.0;0.9871603711066932;23834.0
13_levy_on_flood_both;13;True;both;4;Azenha;restaurant;96512.0;93839.0;2673.0;0.9723039622015915;93839.0
13_levy_on_flood_both;13;True;both;4;Bom Fim;marketplace;81280.0;81280.0;0.0;1.0;81280.0
13_levy_on_flood_both;13;True;both;4;Bom Fim;pharmacy;20320.0;20320.0;0.0;1.0;20320.0
13_levy_on_flood_both;13;True;both;4;Bom Fim;restaurant;81280.0;81280.0;0.0;1.0;81280.0
13_levy_on_flood_both;13;True;both;4;Centro Histórico;marketplace;244552.0;240681.0;3871.0;0.9841710556446073;240681.0
13_levy_on_flood_both;13;True;both;4;Centro Histórico;pharmacy;61128.0;60230.0;898.0;0.9853095144614579;60230.0
13_levy_on_flood_both;13;True;both;4;Centro Histórico;restaurant;244552.0;240520.0;4032.0;0.983512708953515;240520.0
13_levy_on_flood_both;13;True;both;4;Cidade Baixa;marketplace;104112.0;93991.0;10121.0;0.9027873828185031;93991.0
13_levy_on_flood_both;13;True;both;4;Cidade Baixa;pharmacy;26024.0;22988.0;3036.0;0.8833384568090993;22988.0
13_levy_on_flood_both;13;True;both;4;Cidade Baixa;restaurant;104112.0;95715.0;8397.0;0.9193464730290456;95715.0
13_levy_on_flood_both;13;True;both;4;Farroupilha;marketplace;6192.0;6192.0;0.0;1.0;6192.0
13_levy_on_flood_both;13;True;both;4;Farroupilha;pharmacy;1552.0;1552.0;0.0;1.0;1552.0
13_levy_on_flood_both;13;True;both;4;Farroupilha;restaurant;6192.0;6192.0;0.0;1.0;6192.0
13_levy_on_flood_both;13;True;both;4;Floresta;marketplace;70384.0;59040.0;11344.0;0.8388270061377586;59040.0
13_levy_on_flood_both;13;True;both;4;Floresta;pharmacy;17576.0;13949.0;3627.0;0.7936390532544378;13949.0
13_levy_on_flood_both;13;True;both;4;Floresta;restaurant;70384.0;54802.0;15582.0;0.7786144578313253;54802.0
13_levy_on_flood_both;13;True;both;4;Independência;marketplace;55080.0;55080.0;0.0;1.0;55080.0
13_levy_on_flood_both;13;True;both;4;Independência;pharmacy;13752.0;13752.0;0.0;1.0;13752.0
13_levy_on_flood_both;13;True;both;4;Independência;restaurant;55080.0;55080.0;0.0;1.0;55080.0
13_levy_on_flood_both;13;True;both;4;Moinhos de Vento;marketplace;79960.0;79960.0;0.0;1.0;79960.0
13_levy_on_flood_both;13;True;both;4;Moinhos de Vento;pharmacy;20000.0;20000.0;0.0;1.0;20000.0
13_levy_on_flood_both;13;True;both;4;Moinhos de Vento;restaurant;79960.0;79960.0;0.0;1.0;79960.0
13_levy_on_flood_both;13;True;both;4;Praia de Belas;marketplace;12176.0;5069.0;7107.0;0.4163107752956636;5069.0
13_levy_on_flood_both;13;True;both;4;Praia de Belas;pharmacy;3048.0;1278.0;1770.0;0.41929133858267714;1278.0
13_levy_on_flood_both;13;True;both;4;Praia de Belas;restaurant;12176.0;4738.0;7438.0;0.38912614980289095;4738.0
13_levy_on_flood_both;13;True;both;4;Rio Branco;marketplace;125680.0;125680.0;0.0;1.0;125680.0
13_levy_on_flood_both;13;True;both;4;Rio Branco;pharmacy;31408.0;31408.0;0.0;1.0;31408.0
13_levy_on_flood_both;13;True;both;4;Rio Branco;restaurant;125680.0;125680.0;0.0;1.0;125680.0
13_levy_on_flood_both;13;True;both;4;Santa Cecília;marketplace;37120.0;37120.0;0.0;1.0;37120.0
13_levy_on_flood_both;13;True;both;4;Santa Cecília;pharmacy;9288.0;9288.0;0.0;1.0;9288.0
13_levy_on_flood_both;13;True;both;4;Santa Cecília;restaurant;37120.0;37120.0;0.0;1.0;37120.0
13_levy_on_flood_both;13;True;both;4;Santana;marketplace;142352.0;142352.0;0.0;1.0;142352.0
13_levy_on_flood_both;13;True;both;4;Santana;pharmacy;35576.0;35576.0;0.0;1.0;35576.0
13_levy_on_flood_both;13;True;both;4;Santana;restaurant;142352.0;142352.0;0.0;1.0;142352.0
13_levy_on_flood_both;13;True;both;5;Azenha;marketplace;96512.0;93273.0;3239.0;0.9664394064986738;93273.0
13_levy_on_flood_both;13;True;both;5;Azenha;pharmacy;24144.0;23834.0;310.0;0.9871603711066932;23834.0
13_levy_on_flood_both;13;True;both;5;Azenha;restaurant;96512.0;93839.0;2673.0;0.9723039622015915;93839.0
13_levy_on_flood_both;13;True;both;5;Bom Fim;marketplace;81280.0;81280.0;0.0;1.0;81280.0
13_levy_on_flood_both;13;True;both;5;Bom Fim;pharmacy;20320.0;20320.0;0.0;1.0;20320.0
13_levy_on_flood_both;13;True;both;5;Bom Fim;restaurant;81280.0;81280.0;0.0;1.0;81280.0
13_levy_on_flood_both;13;True;both;5;Centro Histórico;marketplace;244552.0;240681.0;3871.0;0.9841710556446073;240681.0
13_levy_on_flood_both;13;True;both;5;Centro Histórico;pharmacy;61128.0;60230.0;898.0;0.9853095144614579;60230.0
13_levy_on_flood_both;13;True;both;5;Centro Histórico;restaurant;244552.0;240520.0;4032.0;0.983512708953515;240520.0
13_levy_on_flood_both;13;True;both;5;Cidade Baixa;marketplace;104112.0;93991.0;10121.0;0.9027873828185031;93991.0
13_levy_on_flood_both;13;True;both;5;Cidade Baixa;pharmacy;26024.0;22988.0;3036.0;0.8833384568090993;22988.0
13_levy_on_flood_both;13;True;both;5;Cidade Baixa;restaurant;104112.0;95715.0;8397.0;0.9193464730290456;95715.0
13_levy_on_flood_both;13;True;both;5;Farroupilha;marketplace;6192.0;6192.0;0.0;1.0;6192.0
13_levy_on_flood_both;13;True;both;5;Farroupilha;pharmacy;1552.0;1552.0;0.0;1.0;1552.0
13_levy_on_flood_both;13;True;both;5;Farroupilha;restaurant;6192.0;6192.0;0.0;1.0;6192.0
13_levy_on_flood_both;13;True;both;5;Floresta;marketplace;70384.0;59040.0;11344.0;0.8388270061377586;59040.0
13_levy_on_flood_both;13;True;both;5;Floresta;pharmacy;17576.0;13949.0;3627.0;0.7936390532544378;13949.0
13_levy_on_flood_both;13;True;both;5;Floresta;restaurant;70384.0;54802.0;15582.0;0.7786144578313253;54802.0
13_levy_on_flood_both;13;True;both;5;Independência;marketplace;55080.0;55080.0;0.0;1.0;55080.0
13_levy_on_flood_both;13;True;both;5;Independência;pharmacy;13752.0;13752.0;0.0;1.0;13752.0
13_levy_on_flood_both;13;True;both;5;Independência;restaurant;55080.0;55080.0;0.0;1.0;55080.0
13_levy_on_flood_both;13;True;both;5;Moinhos de Vento;marketplace;79960.0;79960.0;0.0;1.0;79960.0
13_levy_on_flood_both;13;True;both;5;Moinhos de Vento;pharmacy;20000.0;20000.0;0.0;1.0;20000.0
13_levy_on_flood_both;13;True;both;5;Moinhos de Vento;restaurant;79960.0;79960.0;0.0;1.0;79960.0
13_levy_on_flood_both;13;True;both;5;Praia de Belas;marketplace;12176.0;5069.0;7107.0;0.4163107752956636;5069.0
13_levy_on_flood_both;13;True;both;5;Praia de Belas;pharmacy;3048.0;1278.0;1770.0;0.41929133858267714;1278.0
13_levy_on_flood_both;13;True;both;5;Praia de Belas;restaurant;12176.0;4738.0;7438.0;0.38912614980289095;4738.0
13_levy_on_flood_both;13;True;both;5;Rio Branco;marketplace;125680.0;125680.0;0.0;1.0;125680.0
13_levy_on_flood_both;13;True;both;5;Rio Branco;pharmacy;31408.0;31408.0;0.0;1.0;31408.0
13_levy_on_flood_both;13;True;both;5;Rio Branco;restaurant;125680.0;125680.0;0.0;1.0;125680.0
13_levy_on_flood_both;13;True;both;5;Santa Cecília;marketplace;37120.0;37120.0;0.0;1.0;37120.0
13_levy_on_flood_both;13;True;both;5;Santa Cecília;pharmacy;9288.0;9288.0;0.0;1.0;9288.0
13_levy_on_flood_both;13;True;both;5;Santa Cecília;restaurant;37120.0;37120.0;0.0;1.0;37120.0
13_levy_on_flood_both;13;True;both;5;Santana;marketplace;142352.0;142352.0;0.0;1.0;142352.0
13_levy_on_flood_both;13;True;both;5;Santana;pharmacy;35576.0;35576.0;0.0;1.0;35576.0
13_levy_on_flood_both;13;True;both;5;Santana;restaurant;142352.0;142352.0;0.0;1.0;142352.0
13_levy_on_flood_both;13;True;both;6;Azenha;marketplace;96512.0;93273.0;3239.0;0.9664394064986738;93273.0
13_levy_on_flood_both;13;True;both;6;Azenha;pharmacy;24144.0;23834.0;310.0;0.9871603711066932;23834.0
13_levy_on_flood_both;13;True;both;6;Azenha;restaurant;96512.0;93839.0;2673.0;0.9723039622015915;93839.0
13_levy_on_flood_both;13;True;both;6;Bom Fim;marketplace;81280.0;81280.0;0.0;1.0;81280.0
13_levy_on_flood_both;13;True;both;6;Bom Fim;pharmacy;20320.0;20320.0;0.0;1.0;20320.0
13_levy_on_flood_both;13;True;both;6;Bom Fim;restaurant;81280.0;81280.0;0.0;1.0;81280.0
13_levy_on_flood_both;13;True;both;6;Centro Histórico;marketplace;244552.0;240681.0;3871.0;0.9841710556446073;240681.0
13_levy_on_flood_both;13;True;both;6;Centro Histórico;pharmacy;61128.0;60230.0;898.0;0.9853095144614579;60230.0
13_levy_on_flood_both;13;True;both;6;Centro Histórico;restaurant;244552.0;240520.0;4032.0;0.983512708953515;240520.0
13_levy_on_flood_both;13;True;both;6;Cidade Baixa;marketplace;104112.0;93991.0;10121.0;0.9027873828185031;93991.0
13_levy_on_flood_both;13;True;both;6;Cidade Baixa;pharmacy;26024.0;22988.0;3036.0;0.8833384568090993;22988.0
13_levy_on_flood_both;13;True;both;6;Cidade Baixa;restaurant;104112.0;95715.0;8397.0;0.9193464730290456;95715.0
13_levy_on_flood_both;13;True;both;6;Farroupilha;marketplace;6192.0;6192.0;0.0;1.0;6192.0
13_levy_on_flood_both;13;True;both;6;Farroupilha;pharmacy;1552.0;1552.0;0.0;1.0;1552.0
13_levy_on_flood_both;13;True;both;6;Farroupilha;restaurant;6192.0;6192.0;0.0;1.0;6192.0
13_levy_on_flood_both;13;True;both;6;Floresta;marketplace;70384.0;59040.0;11344.0;0.8388270061377586;59040.0
13_levy_on_flood_both;13;True;both;6;Floresta;pharmacy;17576.0;13949.0;3627.0;0.7936390532544378;13949.0
13_levy_on_flood_both;13;True;both;6;Floresta;restaurant;70384.0;54802.0;15582.0;0.7786144578313253;54802.0
13_levy_on_flood_both;13;True;both;6;Independência;marketplace;55080.0;55080.0;0.0;1.0;55080.0
13_levy_on_flood_both;13;True;both;6;Independência;pharmacy;13752.0;13752.0;0.0;1.0;13752.0
13_levy_on_flood_both;13;True;both;6;Independência;restaurant;55080.0;55080.0;0.0;1.0;55080.0
13_levy_on_flood_both;13;True;both;6;Moinhos de Vento;marketplace;79960.0;79960.0;0.0;1.0;79960.0
13_levy_on_flood_both;13;True;both;6;Moinhos de Vento;pharmacy;20000.0;20000.0;0.0;1.0;20000.0
13_levy_on_flood_both;13;True;both;6;Moinhos de Vento;restaurant;79960.0;79960.0;0.0;1.0;79960.0
13_levy_on_flood_both;13;True;both;6;Praia de Belas;marketplace;12176.0;5069.0;7107.0;0.4163107752956636;5069.0
13_levy_on_flood_both;13;True;both;6;Praia de Belas;pharmacy;3048.0;1278.0;1770.0;0.41929133858267714;1278.0
13_levy_on_flood_both;13;True;both;6;Praia de Belas;restaurant;12176.0;4738.0;7438.0;0.38912614980289095;4738.0
13_levy_on_flood_both;13;True;both;6;Rio Branco;marketplace;125680.0;125680.0;0.0;1.0;125680.0
13_levy_on_flood_both;13;True;both;6;Rio Branco;pharmacy;31408.0;31408.0;0.0;1.0;31408.0
13_levy_on_flood_both;13;True;both;6;Rio Branco;restaurant;125680.0;125680.0;0.0;1.0;125680.0
13_levy_on_flood_both;13;True;both;6;Santa Cecília;marketplace;37120.0;37120.0;0.0;1.0;37120.0
13_levy_on_flood_both;13;True;both;6;Santa Cecília;pharmacy;9288.0;9288.0;0.0;1.0;9288.0
13_levy_on_flood_both;13;True;both;6;Santa Cecília;restaurant;37120.0;37120.0;0.0;1.0;37120.0
13_levy_on_flood_both;13;True;both;6;Santana;marketplace;142352.0;142352.0;0.0;1.0;142352.0
13_levy_on_flood_both;13;True;both;6;Santana;pharmacy;35576.0;35576.0;0.0;1.0;35576.0
13_levy_on_flood_both;13;True;both;6;Santana;restaurant;142352.0;142352.0;0.0;1.0;142352.0
13_levy_on_flood_both;13;True;both;7;Azenha;marketplace;96512.0;93273.0;3239.0;0.9664394064986738;93273.0
13_levy_on_flood_both;13;True;both;7;Azenha;pharmacy;24144.0;23834.0;310.0;0.9871603711066932;23834.0
13_levy_on_flood_both;13;True;both;7;Azenha;restaurant;96512.0;93839.0;2673.0;0.9723039622015915;93839.0
13_levy_on_flood_both;13;True;both;7;Bom Fim;marketplace;81280.0;81280.0;0.0;1.0;81280.0
13_levy_on_flood_both;13;True;both;7;Bom Fim;pharmacy;20320.0;20320.0;0.0;1.0;20320.0
13_levy_on_flood_both;13;True;both;7;Bom Fim;restaurant;81280.0;81280.0;0.0;1.0;81280.0
13_levy_on_flood_both;13;True;both;7;Centro Histórico;marketplace;244552.0;240681.0;3871.0;0.9841710556446073;240681.0
13_levy_on_flood_both;13;True;both;7;Centro Histórico;pharmacy;61128.0;60230.0;898.0;0.9853095144614579;60230.0
13_levy_on_flood_both;13;True;both;7;Centro Histórico;restaurant;244552.0;240520.0;4032.0;0.983512708953515;240520.0
13_levy_on_flood_both;13;True;both;7;Cidade Baixa;marketplace;104112.0;93991.0;10121.0;0.9027873828185031;93991.0
13_levy_on_flood_both;13;True;both;7;Cidade Baixa;pharmacy;26024.0;22988.0;3036.0;0.8833384568090993;22988.0
13_levy_on_flood_both;13;True;both;7;Cidade Baixa;restaurant;104112.0;95715.0;8397.0;0.9193464730290456;95715.0
13_levy_on_flood_both;13;True;both;7;Farroupilha;marketplace;6192.0;6192.0;0.0;1.0;6192.0
13_levy_on_flood_both;13;True;both;7;Farroupilha;pharmacy;1552.0;1552.0;0.0;1.0;1552.0
13_levy_on_flood_both;13;True;both;7;Farroupilha;restaurant;6192.0;6192.0;0.0;1.0;6192.0
13_levy_on_flood_both;13;True;both;7;Floresta;marketplace;70384.0;59040.0;11344.0;0.8388270061377586;59040.0
13_levy_on_flood_both;13;True;both;7;Floresta;pharmacy;17576.0;13949.0;3627.0;0.7936390532544378;13949.0
13_levy_on_flood_both;13;True;both;7;Floresta;restaurant;70384.0;54802.0;15582.0;0.7786144578313253;54802.0
13_levy_on_flood_both;13;True;both;7;Independência;marketplace;55080.0;55080.0;0.0;1.0;55080.0
13_levy_on_flood_both;13;True;both;7;Independência;pharmacy;13752.0;13752.0;0.0;1.0;13752.0
13_levy_on_flood_both;13;True;both;7;Independência;restaurant;55080.0;55080.0;0.0;1.0;55080.0
13_levy_on_flood_both;13;True;both;7;Moinhos de Vento;marketplace;79960.0;79960.0;0.0;1.0;79960.0
13_levy_on_flood_both;13;True;both;7;Moinhos de Vento;pharmacy;20000.0;20000.0;0.0;1.0;20000.0
13_levy_on_flood_both;13;True;both;7;Moinhos de Vento;restaurant;79960.0;79960.0;0.0;1.0;79960.0
13_levy_on_flood_both;13;True;both;7;Praia de Belas;marketplace;12176.0;5069.0;7107.0;0.4163107752956636;5069.0
13_levy_on_flood_both;13;True;both;7;Praia de Belas;pharmacy;3048.0;1278.0;1770.0;0.41929133858267714;1278.0
13_levy_on_flood_both;13;True;both;7;Praia de Belas;restaurant;12176.0;4738.0;7438.0;0.38912614980289095;4738.0
13_levy_on_flood_both;13;True;both;7;Rio Branco;marketplace;125680.0;125680.0;0.0;1.0;125680.0
13_levy_on_flood_both;13;True;both;7;Rio Branco;pharmacy;31408.0;31408.0;0.0;1.0;31408.0
13_levy_on_flood_both;13;True;both;7;Rio Branco;restaurant;125680.0;125680.0;0.0;1.0;125680.0
13_levy_on_flood_both;13;True;both;7;Santa Cecília;marketplace;37120.0;37120.0;0.0;1.0;37120.0
13_levy_on_flood_both;13;True;both;7;Santa Cecília;pharmacy;9288.0;9288.0;0.0;1.0;9288.0
13_levy_on_flood_both;13;True;both;7;Santa Cecília;restaurant;37120.0;37120.0;0.0;1.0;37120.0
13_levy_on_flood_both;13;True;both;7;Santana;marketplace;142352.0;142352.0;0.0;1.0;142352.0
13_levy_on_flood_both;13;True;both;7;Santana;pharmacy;35576.0;35576.0;0.0;1.0;35576.0
13_levy_on_flood_both;13;True;both;7;Santana;restaurant;142352.0;142352.0;0.0;1.0;142352.0
13_levy_on_flood_both;13;True;both;8;Azenha;marketplace;96512.0;93273.0;3239.0;0.9664394064986738;93273.0
13_levy_on_flood_both;13;True;both;8;Azenha;pharmacy;24144.0;23834.0;310.0;0.9871603711066932;23834.0
13_levy_on_flood_both;13;True;both;8;Azenha;restaurant;96512.0;93839.0;2673.0;0.9723039622015915;93839.0
13_levy_on_flood_both;13;True;both;8;Bom Fim;marketplace;81280.0;81280.0;0.0;1.0;81280.0
13_levy_on_flood_both;13;True;both;8;Bom Fim;pharmacy;20320.0;20320.0;0.0;1.0;20320.0
13_levy_on_flood_both;13;True;both;8;Bom Fim;restaurant;81280.0;81280.0;0.0;1.0;81280.0
13_levy_on_flood_both;13;True;both;8;Centro Histórico;marketplace;244552.0;240681.0;3871.0;0.9841710556446073;240681.0
13_levy_on_flood_both;13;True;both;8;Centro Histórico;pharmacy;61128.0;60230.0;898.0;0.9853095144614579;60230.0
13_levy_on_flood_both;13;True;both;8;Centro Histórico;restaurant;244552.0;240520.0;4032.0;0.983512708953515;240520.0
13_levy_on_flood_both;13;True;both;8;Cidade Baixa;marketplace;104112.0;93991.0;10121.0;0.9027873828185031;93991.0
13_levy_on_flood_both;13;True;both;8;Cidade Baixa;pharmacy;26024.0;22988.0;3036.0;0.8833384568090993;22988.0
13_levy_on_flood_both;13;True;both;8;Cidade Baixa;restaurant;104112.0;95715.0;8397.0;0.9193464730290456;95715.0
13_levy_on_flood_both;13;True;both;8;Farroupilha;marketplace;6192.0;6192.0;0.0;1.0;6192.0
13_levy_on_flood_both;13;True;both;8;Farroupilha;pharmacy;1552.0;1552.0;0.0;1.0;1552.0
13_levy_on_flood_both;13;True;both;8;Farroupilha;restaurant;6192.0;6192.0;0.0;1.0;6192.0
13_levy_on_flood_both;13;True;both;8;Floresta;marketplace;70384.0;59040.0;11344.0;0.8388270061377586;59040.0
13_levy_on_flood_both;13;True;both;8;Floresta;pharmacy;17576.0;13949.0;3627.0;0.7936390532544378;13949.0
13_levy_on_flood_both;13;True;both;8;Floresta;restaurant;70384.0;54802.0;15582.0;0.7786144578313253;54802.0
13_levy_on_flood_both;13;True;both;8;Independência;marketplace;55080.0;55080.0;0.0;1.0;55080.0
13_levy_on_flood_both;13;True;both;8;Independência;pharmacy;13752.0;13752.0;0.0;1.0;13752.0
13_levy_on_flood_both;13;True;both;8;Independência;restaurant;55080.0;55080.0;0.0;1.0;55080.0
13_levy_on_flood_both;13;True;both;8;Moinhos de Vento;marketplace;79960.0;79960.0;0.0;1.0;79960.0
13_levy_on_flood_both;13;True;both;8;Moinhos de Vento;pharmacy;20000.0;20000.0;0.0;1.0;20000.0
13_levy_on_flood_both;13;True;both;8;Moinhos de Vento;restaurant;79960.0;79960.0;0.0;1.0;79960.0
13_levy_on_flood_both;13;True;both;8;Praia de Belas;marketplace;12176.0;5069.0;7107.0;0.4163107752956636;5069.0
13_levy_on_flood_both;13;True;both;8;Praia de Belas;pharmacy;3048.0;1278.0;1770.0;0.41929133858267714;1278.0
13_levy_on_flood_both;13;True;both;8;Praia de Belas;restaurant;12176.0;4738.0;7438.0;0.38912614980289095;4738.0
13_levy_on_flood_both;13;True;both;8;Rio Branco;marketplace;125680.0;125680.0;0.0;1.0;125680.0
13_levy_on_flood_both;13;True;both;8;Rio Branco;pharmacy;31408.0;31408.0;0.0;1.0;31408.0
13_levy_on_flood_both;13;True;both;8;Rio Branco;restaurant;125680.0;125680.0;0.0;1.0;125680.0
13_levy_on_flood_both;13;True;both;8;Santa Cecília;marketplace;37120.0;37120.0;0.0;1.0;37120.0
13_levy_on_flood_both;13;True;both;8;Santa Cecília;pharmacy;9288.0;9288.0;0.0;1.0;9288.0
13_levy_on_flood_both;13;True;both;8;Santa Cecília;restaurant;37120.0;37120.0;0.0;1.0;37120.0
13_levy_on_flood_both;13;True;both;8;Santana;marketplace;142352.0;142352.0;0.0;1.0;142352.0
13_levy_on_flood_both;13;True;both;8;Santana;pharmacy;35576.0;35576.0;0.0;1.0;35576.0
13_levy_on_flood_both;13;True;both;8;Santana;restaurant;142352.0;142352.0;0.0;1.0;142352.0
13_levy_on_flood_both;13;True;both;9;Azenha;marketplace;96512.0;93273.0;3239.0;0.9664394064986738;93273.0
13_levy_on_flood_both;13;True;both;9;Azenha;pharmacy;24144.0;23834.0;310.0;0.9871603711066932;23834.0
13_levy_on_flood_both;13;True;both;9;Azenha;restaurant;96512.0;93839.0;2673.0;0.9723039622015915;93839.0
13_levy_on_flood_both;13;True;both;9;Bom Fim;marketplace;81280.0;81280.0;0.0;1.0;81280.0
13_levy_on_flood_both;13;True;both;9;Bom Fim;pharmacy;20320.0;20320.0;0.0;1.0;20320.0
13_levy_on_flood_both;13;True;both;9;Bom Fim;restaurant;81280.0;81280.0;0.0;1.0;81280.0
13_levy_on_flood_both;13;True;both;9;Centro Histórico;marketplace;244552.0;240681.0;3871.0;0.9841710556446073;240681.0
13_levy_on_flood_both;13;True;both;9;Centro Histórico;pharmacy;61128.0;60230.0;898.0;0.9853095144614579;60230.0
13_levy_on_flood_both;13;True;both;9;Centro Histórico;restaurant;244552.0;240520.0;4032.0;0.983512708953515;240520.0
13_levy_on_flood_both;13;True;both;9;Cidade Baixa;marketplace;104112.0;93991.0;10121.0;0.9027873828185031;93991.0
13_levy_on_flood_both;13;True;both;9;Cidade Baixa;pharmacy;26024.0;22988.0;3036.0;0.8833384568090993;22988.0
13_levy_on_flood_both;13;True;both;9;Cidade Baixa;restaurant;104112.0;95715.0;8397.0;0.9193464730290456;95715.0
13_levy_on_flood_both;13;True;both;9;Farroupilha;marketplace;6192.0;6192.0;0.0;1.0;6192.0
13_levy_on_flood_both;13;True;both;9;Farroupilha;pharmacy;1552.0;1552.0;0.0;1.0;1552.0
13_levy_on_flood_both;13;True;both;9;Farroupilha;restaurant;6192.0;6192.0;0.0;1.0;6192.0
13_levy_on_flood_both;13;True;both;9;Floresta;marketplace;70384.0;59040.0;11344.0;0.8388270061377586;59040.0
13_levy_on_flood_both;13;True;both;9;Floresta;pharmacy;17576.0;13949.0;3627.0;0.7936390532544378;13949.0
13_levy_on_flood_both;13;True;both;9;Floresta;restaurant;70384.0;54802.0;15582.0;0.7786144578313253;54802.0
13_levy_on_flood_both;13;True;both;9;Independência;marketplace;55080.0;55080.0;0.0;1.0;55080.0
13_levy_on_flood_both;13;True;both;9;Independência;pharmacy;13752.0;13752.0;0.0;1.0;13752.0
13_levy_on_flood_both;13;True;both;9;Independência;restaurant;55080.0;55080.0;0.0;1.0;55080.0
13_levy_on_flood_both;13;True;both;9;Moinhos de Vento;marketplace;79960.0;79960.0;0.0;1.0;79960.0
13_levy_on_flood_both;13;True;both;9;Moinhos de Vento;pharmacy;20000.0;20000.0;0.0;1.0;20000.0
13_levy_on_flood_both;13;True;both;9;Moinhos de Vento;restaurant;79960.0;79960.0;0.0;1.0;79960.0
13_levy_on_flood_both;13;True;both;9;Praia de Belas;marketplace;12176.0;5069.0;7107.0;0.4163107752956636;5069.0
13_levy_on_flood_both;13;True;both;9;Praia de Belas;pharmacy;3048.0;1278.0;1770.0;0.41929133858267714;1278.0
13_levy_on_flood_both;13;True;both;9;Praia de Belas;restaurant;12176.0;4738.0;7438.0;0.38912614980289095;4738.0
13_levy_on_flood_both;13;True;both;9;Rio Branco;marketplace;125680.0;125680.0;0.0;1.0;125680.0
13_levy_on_flood_both;13;True;both;9;Rio Branco;pharmacy;31408.0;31408.0;0.0;1.0;31408.0
13_levy_on_flood_both;13;True;both;9;Rio Branco;restaurant;125680.0;125680.0;0.0;1.0;125680.0
13_levy_on_flood_both;13;True;both;9;Santa Cecília;marketplace;37120.0;37120.0;0.0;1.0;37120.0
13_levy_on_flood_both;13;True;both;9;Santa Cecília;pharmacy;9288.0;9288.0;0.0;1.0;9288.0
13_levy_on_flood_both;13;True;both;9;Santa Cecília;restaurant;37120.0;37120.0;0.0;1.0;37120.0
13_levy_on_flood_both;13;True;both;9;Santana;marketplace;142352.0;142352.0;0.0;1.0;142352.0
13_levy_on_flood_both;13;True;both;9;Santana;pharmacy;35576.0;35576.0;0.0;1.0;35576.0
13_levy_on_flood_both;13;True;both;9;Santana;restaurant;142352.0;142352.0;0.0;1.0;142352.0
13_levy_on_flood_both;13;True;both;10;Azenha;marketplace;96512.0;93273.0;3239.0;0.9664394064986738;93273.0
13_levy_on_flood_both;13;True;both;10;Azenha;pharmacy;24144.0;23834.0;310.0;0.9871603711066932;23834.0
13_levy_on_flood_both;13;True;both;10;Azenha;restaurant;96512.0;93839.0;2673.0;0.9723039622015915;93839.0
13_levy_on_flood_both;13;True;both;10;Bom Fim;marketplace;81280.0;81280.0;0.0;1.0;81280.0
13_levy_on_flood_both;13;True;both;10;Bom Fim;pharmacy;20320.0;20320.0;0.0;1.0;20320.0
13_levy_on_flood_both;13;True;both;10;Bom Fim;restaurant;81280.0;81280.0;0.0;1.0;81280.0
13_levy_on_flood_both;13;True;both;10;Centro Histórico;marketplace;244552.0;240681.0;3871.0;0.9841710556446073;240681.0
13_levy_on_flood_both;13;True;both;10;Centro Histórico;pharmacy;61128.0;60230.0;898.0;0.9853095144614579;60230.0
13_levy_on_flood_both;13;True;both;10;Centro Histórico;restaurant;244552.0;240520.0;4032.0;0.983512708953515;240520.0
13_levy_on_flood_both;13;True;both;10;Cidade Baixa;marketplace;104112.0;93991.0;10121.0;0.9027873828185031;93991.0
13_levy_on_flood_both;13;True;both;10;Cidade Baixa;pharmacy;26024.0;22988.0;3036.0;0.8833384568090993;22988.0
13_levy_on_flood_both;13;True;both;10;Cidade Baixa;restaurant;104112.0;95715.0;8397.0;0.9193464730290456;95715.0
13_levy_on_flood_both;13;True;both;10;Farroupilha;marketplace;6192.0;6192.0;0.0;1.0;6192.0
13_levy_on_flood_both;13;True;both;10;Farroupilha;pharmacy;1552.0;1552.0;0.0;1.0;1552.0
13_levy_on_flood_both;13;True;both;10;Farroupilha;restaurant;6192.0;6192.0;0.0;1.0;6192.0
13_levy_on_flood_both;13;True;both;10;Floresta;marketplace;70384.0;59040.0;11344.0;0.8388270061377586;59040.0
13_levy_on_flood_both;13;True;both;10;Floresta;pharmacy;17576.0;13949.0;3627.0;0.7936390532544378;13949.0
13_levy_on_flood_both;13;True;both;10;Floresta;restaurant;70384.0;54802.0;15582.0;0.7786144578313253;54802.0
13_levy_on_flood_both;13;True;both;10;Independência;marketplace;55080.0;55080.0;0.0;1.0;55080.0
13_levy_on_flood_both;13;True;both;10;Independência;pharmacy;13752.0;13752.0;0.0;1.0;13752.0
13_levy_on_flood_both;13;True;both;10;Independência;restaurant;55080.0;55080.0;0.0;1.0;55080.0
13_levy_on_flood_both;13;True;both;10;Moinhos de Vento;marketplace;79960.0;79960.0;0.0;1.0;79960.0
13_levy_on_flood_both;13;True;both;10;Moinhos de Vento;pharmacy;20000.0;20000.0;0.0;1.0;20000.0
13_levy_on_flood_both;13;True;both;10;Moinhos de Vento;restaurant;79960.0;79960.0;0.0;1.0;79960.0
13_levy_on_flood_both;13;True;both;10;Praia de Belas;marketplace;12176.0;5069.0;7107.0;0.4163107752956636;5069.0
13_levy_on_flood_both;13;True;both;10;Praia de Belas;pharmacy;3048.0;1278.0;1770.0;0.41929133858267714;1278.0
13_levy_on_flood_both;13;True;both;10;Praia de Belas;restaurant;12176.0;4738.0;7438.0;0.38912614980289095;4738.0
13_levy_on_flood_both;13;True;both;10;Rio Branco;marketplace;125680.0;125680.0;0.0;1.0;125680.0
13_levy_on_flood_both;13;True;both;10;Rio Branco;pharmacy;31408.0;31408.0;0.0;1.0;31408.0
13_levy_on_flood_both;13;True;both;10;Rio Branco;restaurant;125680.0;125680.0;0.0;1.0;125680.0
13_levy_on_flood_both;13;True;both;10;Santa Cecília;marketplace;37120.0;37120.0;0.0;1.0;37120.0
13_levy_on_flood_both;13;True;both;10;Santa Cecília;pharmacy;9288.0;9288.0;0.0;1.0;9288.0
13_levy_on_flood_both;13;True;both;10;Santa Cecília;restaurant;37120.0;37120.0;0.0;1.0;37120.0
13_levy_on_flood_both;13;True;both;10;Santana;marketplace;142352.0;142352.0;0.0;1.0;142352.0
13_levy_on_flood_both;13;True;both;10;Santana;pharmacy;35576.0;35576.0;0.0;1.0;35576.0
13_levy_on_flood_both;13;True;both;10;Santana;restaurant;142352.0;142352.0;0.0;1.0;142352.0
13_levy_on_flood_both;13;True;both;11;Azenha;marketplace;96512.0;93273.0;3239.0;0.9664394064986738;93273.0
13_levy_on_flood_both;13;True;both;11;Azenha;pharmacy;24144.0;23834.0;310.0;0.9871603711066932;23834.0
13_levy_on_flood_both;13;True;both;11;Azenha;restaurant;96512.0;93839.0;2673.0;0.9723039622015915;93839.0
13_levy_on_flood_both;13;True;both;11;Bom Fim;marketplace;81280.0;81280.0;0.0;1.0;81280.0
13_levy_on_flood_both;13;True;both;11;Bom Fim;pharmacy;20320.0;20320.0;0.0;1.0;20320.0
13_levy_on_flood_both;13;True;both;11;Bom Fim;restaurant;81280.0;81280.0;0.0;1.0;81280.0
13_levy_on_flood_both;13;True;both;11;Centro Histórico;marketplace;244552.0;240681.0;3871.0;0.9841710556446073;240681.0
13_levy_on_flood_both;13;True;both;11;Centro Histórico;pharmacy;61128.0;60230.0;898.0;0.9853095144614579;60230.0
13_levy_on_flood_both;13;True;both;11;Centro Histórico;restaurant;244552.0;240520.0;4032.0;0.983512708953515;240520.0
13_levy_on_flood_both;13;True;both;11;Cidade Baixa;marketplace;104112.0;93991.0;10121.0;0.9027873828185031;93991.0
13_levy_on_flood_both;13;True;both;11;Cidade Baixa;pharmacy;26024.0;22988.0;3036.0;0.8833384568090993;22988.0
13_levy_on_flood_both;13;True;both;11;Cidade Baixa;restaurant;104112.0;95715.0;8397.0;0.9193464730290456;95715.0
13_levy_on_flood_both;13;True;both;11;Farroupilha;marketplace;6192.0;6192.0;0.0;1.0;6192.0
13_levy_on_flood_both;13;True;both;11;Farroupilha;pharmacy;1552.0;1552.0;0.0;1.0;1552.0
13_levy_on_flood_both;13;True;both;11;Farroupilha;restaurant;6192.0;6192.0;0.0;1.0;6192.0
13_levy_on_flood_both;13;True;both;11;Floresta;marketplace;70384.0;59040.0;11344.0;0.8388270061377586;59040.0
13_levy_on_flood_both;13;True;both;11;Floresta;pharmacy;17576.0;13949.0;3627.0;0.7936390532544378;13949.0
13_levy_on_flood_both;13;True;both;11;Floresta;restaurant;70384.0;54802.0;15582.0;0.7786144578313253;54802.0
13_levy_on_flood_both;13;True;both;11;Independência;marketplace;55080.0;55080.0;0.0;1.0;55080.0
13_levy_on_flood_both;13;True;both;11;Independência;pharmacy;13752.0;13752.0;0.0;1.0;13752.0
13_levy_on_flood_both;13;True;both;11;Independência;restaurant;55080.0;55080.0;0.0;1.0;55080.0
13_levy_on_flood_both;13;True;both;11;Moinhos de Vento;marketplace;79960.0;79960.0;0.0;1.0;79960.0
13_levy_on_flood_both;13;True;both;11;Moinhos de Vento;pharmacy;20000.0;20000.0;0.0;1.0;20000.0
13_levy_on_flood_both;13;True;both;11;Moinhos de Vento;restaurant;79960.0;79960.0;0.0;1.0;79960.0
13_levy_on_flood_both;13;True;both;11;Praia de Belas;marketplace;12176.0;5069.0;7107.0;0.4163107752956636;5069.0
13_levy_on_flood_both;13;True;both;11;Praia de Belas;pharmacy;3048.0;1278.0;1770.0;0.41929133858267714;1278.0
13_levy_on_flood_both;13;True;both;11;Praia de Belas;restaurant;12176.0;4738.0;7438.0;0.38912614980289095;4738.0
13_levy_on_flood_both;13;True;both;11;Rio Branco;marketplace;125680.0;125680.0;0.0;1.0;125680.0
13_levy_on_flood_both;13;True;both;11;Rio Branco;pharmacy;31408.0;31408.0;0.0;1.0;31408.0
13_levy_on_flood_both;13;True;both;11;Rio Branco;restaurant;125680.0;125680.0;0.0;1.0;125680.0
13_levy_on_flood_both;13;True;both;11;Santa Cecília;marketplace;37120.0;37120.0;0.0;1.0;37120.0
13_levy_on_flood_both;13;True;both;11;Santa Cecília;pharmacy;9288.0;9288.0;0.0;1.0;9288.0
13_levy_on_flood_both;13;True;both;11;Santa Cecília;restaurant;37120.0;37120.0;0.0;1.0;37120.0
13_levy_on_flood_both;13;True;both;11;Santana;marketplace;142352.0;142352.0;0.0;1.0;142352.0
13_levy_on_flood_both;13;True;both;11;Santana;pharmacy;35576.0;35576.0;0.0;1.0;35576.0
13_levy_on_flood_both;13;True;both;11;Santana;restaurant;142352.0;142352.0;0.0;1.0;142352.0
13_levy_on_flood_both;13;True;both;12;Azenha;marketplace;96512.0;93273.0;3239.0;0.9664394064986738;93273.0
13_levy_on_flood_both;13;True;both;12;Azenha;pharmacy;24144.0;23834.0;310.0;0.9871603711066932;23834.0
13_levy_on_flood_both;13;True;both;12;Azenha;restaurant;96512.0;93839.0;2673.0;0.9723039622015915;93839.0
13_levy_on_flood_both;13;True;both;12;Bom Fim;marketplace;81280.0;81280.0;0.0;1.0;81280.0
13_levy_on_flood_both;13;True;both;12;Bom Fim;pharmacy;20320.0;20320.0;0.0;1.0;20320.0
13_levy_on_flood_both;13;True;both;12;Bom Fim;restaurant;81280.0;81280.0;0.0;1.0;81280.0
13_levy_on_flood_both;13;True;both;12;Centro Histórico;marketplace;244552.0;240681.0;3871.0;0.9841710556446073;240681.0
13_levy_on_flood_both;13;True;both;12;Centro Histórico;pharmacy;61128.0;60230.0;898.0;0.9853095144614579;60230.0
13_levy_on_flood_both;13;True;both;12;Centro Histórico;restaurant;244552.0;240520.0;4032.0;0.983512708953515;240520.0
13_levy_on_flood_both;13;True;both;12;Cidade Baixa;marketplace;104112.0;93991.0;10121.0;0.9027873828185031;93991.0
13_levy_on_flood_both;13;True;both;12;Cidade Baixa;pharmacy;26024.0;22988.0;3036.0;0.8833384568090993;22988.0
13_levy_on_flood_both;13;True;both;12;Cidade Baixa;restaurant;104112.0;95715.0;8397.0;0.9193464730290456;95715.0
13_levy_on_flood_both;13;True;both;12;Farroupilha;marketplace;6192.0;6192.0;0.0;1.0;6192.0
13_levy_on_flood_both;13;True;both;12;Farroupilha;pharmacy;1552.0;1552.0;0.0;1.0;1552.0
13_levy_on_flood_both;13;True;both;12;Farroupilha;restaurant;6192.0;6192.0;0.0;1.0;6192.0
13_levy_on_flood_both;13;True;both;12;Floresta;marketplace;70384.0;59040.0;11344.0;0.8388270061377586;59040.0
13_levy_on_flood_both;13;True;both;12;Floresta;pharmacy;17576.0;13949.0;3627.0;0.7936390532544378;13949.0
13_levy_on_flood_both;13;True;both;12;Floresta;restaurant;70384.0;54802.0;15582.0;0.7786144578313253;54802.0
13_levy_on_flood_both;13;True;both;12;Independência;marketplace;55080.0;55080.0;0.0;1.0;55080.0
13_levy_on_flood_both;13;True;both;12;Independência;pharmacy;13752.0;13752.0;0.0;1.0;13752.0
13_levy_on_flood_both;13;True;both;12;Independência;restaurant;55080.0;55080.0;0.0;1.0;55080.0
13_levy_on_flood_both;13;True;both;12;Moinhos de Vento;marketplace;79960.0;79960.0;0.0;1.0;79960.0
13_levy_on_flood_both;13;True;both;12;Moinhos de Vento;pharmacy;20000.0;20000.0;0.0;1.0;20000.0
13_levy_on_flood_both;13;True;both;12;Moinhos de Vento;restaurant;79960.0;79960.0;0.0;1.0;79960.0
13_levy_on_flood_both;13;True;both;12;Praia de Belas;marketplace;12176.0;5069.0;7107.0;0.4163107752956636;5069.0
13_levy_on_flood_both;13;True;both;12;Praia de Belas;pharmacy;3048.0;1278.0;1770.0;0.41929133858267714;1278.0
13_levy_on_flood_both;13;True;both;12;Praia de Belas;restaurant;12176.0;4738.0;7438.0;0.38912614980289095;4738.0
13_levy_on_flood_both;13;True;both;12;Rio Branco;marketplace;125680.0;125680.0;0.0;1.0;125680.0
13_levy_on_flood_both;13;True;both;12;Rio Branco;pharmacy;31408.0;31408.0;0.0;1.0;31408.0
13_levy_on_flood_both;13;True;both;12;Rio Branco;restaurant;125680.0;125680.0;0.0;1.0;125680.0
13_levy_on_flood_both;13;True;both;12;Santa Cecília;marketplace;37120.0;37120.0;0.0;1.0;37120.0
13_levy_on_flood_both;13;True;both;12;Santa Cecília;pharmacy;9288.0;9288.0;0.0;1.0;9288.0
13_levy_on_flood_both;13;True;both;12;Santa Cecília;restaurant;37120.0;37120.0;0.0;1.0;37120.0
13_levy_on_flood_both;13;True;both;12;Santana;marketplace;142352.0;142352.0;0.0;1.0;142352.0
13_levy_on_flood_both;13;True;both;12;Santana;pharmacy;35576.0;35576.0;0.0;1.0;35576.0
13_levy_on_flood_both;13;True;both;12;Santana;restaurant;142352.0;142352.0;0.0;1.0;142352.0
13_levy_on_flood_both;13;True;both;13;Azenha;marketplace;96512.0;93273.0;3239.0;0.9664394064986738;93273.0
13_levy_on_flood_both;13;True;both;13;Azenha;pharmacy;24144.0;23834.0;310.0;0.9871603711066932;23834.0
13_levy_on_flood_both;13;True;both;13;Azenha;restaurant;96512.0;93839.0;2673.0;0.9723039622015915;93839.0
13_levy_on_flood_both;13;True;both;13;Bom Fim;marketplace;81280.0;81280.0;0.0;1.0;81280.0
13_levy_on_flood_both;13;True;both;13;Bom Fim;pharmacy;20320.0;20320.0;0.0;1.0;20320.0
13_levy_on_flood_both;13;True;both;13;Bom Fim;restaurant;81280.0;81280.0;0.0;1.0;81280.0
13_levy_on_flood_both;13;True;both;13;Centro Histórico;marketplace;244552.0;240681.0;3871.0;0.9841710556446073;240681.0
13_levy_on_flood_both;13;True;both;13;Centro Histórico;pharmacy;61128.0;60230.0;898.0;0.9853095144614579;60230.0
13_levy_on_flood_both;13;True;both;13;Centro Histórico;restaurant;244552.0;240520.0;4032.0;0.983512708953515;240520.0
13_levy_on_flood_both;13;True;both;13;Cidade Baixa;marketplace;104112.0;93991.0;10121.0;0.9027873828185031;93991.0
13_levy_on_flood_both;13;True;both;13;Cidade Baixa;pharmacy;26024.0;22988.0;3036.0;0.8833384568090993;22988.0
13_levy_on_flood_both;13;True;both;13;Cidade Baixa;restaurant;104112.0;95715.0;8397.0;0.9193464730290456;95715.0
13_levy_on_flood_both;13;True;both;13;Farroupilha;marketplace;6192.0;6192.0;0.0;1.0;6192.0
13_levy_on_flood_both;13;True;both;13;Farroupilha;pharmacy;1552.0;1552.0;0.0;1.0;1552.0
13_levy_on_flood_both;13;True;both;13;Farroupilha;restaurant;6192.0;6192.0;0.0;1.0;6192.0
13_levy_on_flood_both;13;True;both;13;Floresta;marketplace;70384.0;59040.0;11344.0;0.8388270061377586;59040.0
13_levy_on_flood_both;13;True;both;13;Floresta;pharmacy;17576.0;13949.0;3627.0;0.7936390532544378;13949.0
13_levy_on_flood_both;13;True;both;13;Floresta;restaurant;70384.0;54802.0;15582.0;0.7786144578313253;54802.0
13_levy_on_flood_both;13;True;both;13;Independência;marketplace;55080.0;55080.0;0.0;1.0;55080.0
13_levy_on_flood_both;13;True;both;13;Independência;pharmacy;13752.0;13752.0;0.0;1.0;13752.0
13_levy_on_flood_both;13;True;both;13;Independência;restaurant;55080.0;55080.0;0.0;1.0;55080.0
13_levy_on_flood_both;13;True;both;13;Moinhos de Vento;marketplace;79960.0;79960.0;0.0;1.0;79960.0
13_levy_on_flood_both;13;True;both;13;Moinhos de Vento;pharmacy;20000.0;20000.0;0.0;1.0;20000.0
13_levy_on_flood_both;13;True;both;13;Moinhos de Vento;restaurant;79960.0;79960.0;0.0;1.0;79960.0
13_levy_on_flood_both;13;True;both;13;Praia de Belas;marketplace;12176.0;5069.0;7107.0;0.4163107752956636;5069.0
13_levy_on_flood_both;13;True;both;13;Praia de Belas;pharmacy;3048.0;1278.0;1770.0;0.41929133858267714;1278.0
13_levy_on_flood_both;13;True;both;13;Praia de Belas;restaurant;12176.0;4738.0;7438.0;0.38912614980289095;4738.0
13_levy_on_flood_both;13;True;both;13;Rio Branco;marketplace;125680.0;125680.0;0.0;1.0;125680.0
13_levy_on_flood_both;13;True;both;13;Rio Branco;pharmacy;31408.0;31408.0;0.0;1.0;31408.0
13_levy_on_flood_both;13;True;both;13;Rio Branco;restaurant;125680.0;125680.0;0.0;1.0;125680.0
13_levy_on_flood_both;13;True;both;13;Santa Cecília;marketplace;37120.0;37120.0;0.0;1.0;37120.0
13_levy_on_flood_both;13;True;both;13;Santa Cecília;pharmacy;9288.0;9288.0;0.0;1.0;9288.0
13_levy_on_flood_both;13;True;both;13;Santa Cecília;restaurant;37120.0;37120.0;0.0;1.0;37120.0
13_levy_on_flood_both;13;True;both;13;Santana;marketplace;142352.0;142352.0;0.0;1.0;142352.0
13_levy_on_flood_both;13;True;both;13;Santana;pharmacy;35576.0;35576.0;0.0;1.0;35576.0
13_levy_on_flood_both;13;True;both;13;Santana;restaurant;142352.0;142352.0;0.0;1.0;142352.0
13_levy_on_flood_both;13;True;both;14;Azenha;marketplace;96512.0;93273.0;3239.0;0.9664394064986738;93273.0
13_levy_on_flood_both;13;True;both;14;Azenha;pharmacy;24144.0;23834.0;310.0;0.9871603711066932;23834.0
13_levy_on_flood_both;13;True;both;14;Azenha;restaurant;96512.0;93839.0;2673.0;0.9723039622015915;93839.0
13_levy_on_flood_both;13;True;both;14;Bom Fim;marketplace;81280.0;81280.0;0.0;1.0;81280.0
13_levy_on_flood_both;13;True;both;14;Bom Fim;pharmacy;20320.0;20320.0;0.0;1.0;20320.0
13_levy_on_flood_both;13;True;both;14;Bom Fim;restaurant;81280.0;81280.0;0.0;1.0;81280.0
13_levy_on_flood_both;13;True;both;14;Centro Histórico;marketplace;244552.0;240681.0;3871.0;0.9841710556446073;240681.0
13_levy_on_flood_both;13;True;both;14;Centro Histórico;pharmacy;61128.0;60230.0;898.0;0.9853095144614579;60230.0
13_levy_on_flood_both;13;True;both;14;Centro Histórico;restaurant;244552.0;240520.0;4032.0;0.983512708953515;240520.0
13_levy_on_flood_both;13;True;both;14;Cidade Baixa;marketplace;104112.0;93991.0;10121.0;0.9027873828185031;93991.0
13_levy_on_flood_both;13;True;both;14;Cidade Baixa;pharmacy;26024.0;22988.0;3036.0;0.8833384568090993;22988.0
13_levy_on_flood_both;13;True;both;14;Cidade Baixa;restaurant;104112.0;95715.0;8397.0;0.9193464730290456;95715.0
13_levy_on_flood_both;13;True;both;14;Farroupilha;marketplace;6192.0;6192.0;0.0;1.0;6192.0
13_levy_on_flood_both;13;True;both;14;Farroupilha;pharmacy;1552.0;1552.0;0.0;1.0;1552.0
13_levy_on_flood_both;13;True;both;14;Farroupilha;restaurant;6192.0;6192.0;0.0;1.0;6192.0
13_levy_on_flood_both;13;True;both;14;Floresta;marketplace;70384.0;59040.0;11344.0;0.8388270061377586;59040.0
13_levy_on_flood_both;13;True;both;14;Floresta;pharmacy;17576.0;13949.0;3627.0;0.7936390532544378;13949.0
13_levy_on_flood_both;13;True;both;14;Floresta;restaurant;70384.0;54802.0;15582.0;0.7786144578313253;54802.0
13_levy_on_flood_both;13;True;both;14;Independência;marketplace;55080.0;55080.0;0.0;1.0;55080.0
13_levy_on_flood_both;13;True;both;14;Independência;pharmacy;13752.0;13752.0;0.0;1.0;13752.0
13_levy_on_flood_both;13;True;both;14;Independência;restaurant;55080.0;55080.0;0.0;1.0;55080.0
13_levy_on_flood_both;13;True;both;14;Moinhos de Vento;marketplace;79960.0;79960.0;0.0;1.0;79960.0
13_levy_on_flood_both;13;True;both;14;Moinhos de Vento;pharmacy;20000.0;20000.0;0.0;1.0;20000.0
13_levy_on_flood_both;13;True;both;14;Moinhos de Vento;restaurant;79960.0;79960.0;0.0;1.0;79960.0
13_levy_on_flood_both;13;True;both;14;Praia de Belas;marketplace;12176.0;5069.0;7107.0;0.4163107752956636;5069.0
13_levy_on_flood_both;13;True;both;14;Praia de Belas;pharmacy;3048.0;1278.0;1770.0;0.41929133858267714;1278.0
13_levy_on_flood_both;13;True;both;14;Praia de Belas;restaurant;12176.0;4738.0;7438.0;0.38912614980289095;4738.0
13_levy_on_flood_both;13;True;both;14;Rio Branco;marketplace;125680.0;125680.0;0.0;1.0;125680.0
13_levy_on_flood_both;13;True;both;14;Rio Branco;pharmacy;31408.0;31408.0;0.0;1.0;31408.0
13_levy_on_flood_both;13;True;both;14;Rio Branco;restaurant;125680.0;125680.0;0.0;1.0;125680.0
13_levy_on_flood_both;13;True;both;14;Santa Cecília;marketplace;37120.0;37120.0;0.0;1.0;37120.0
13_levy_on_flood_both;13;True;both;14;Santa Cecília;pharmacy;9288.0;9288.0;0.0;1.0;9288.0
13_levy_on_flood_both;13;True;both;14;Santa Cecília;restaurant;37120.0;37120.0;0.0;1.0;37120.0
13_levy_on_flood_both;13;True;both;14;Santana;marketplace;142352.0;142352.0;0.0;1.0;142352.0
13_levy_on_flood_both;13;True;both;14;Santana;pharmacy;35576.0;35576.0;0.0;1.0;35576.0
13_levy_on_flood_both;13;True;both;14;Santana;restaurant;142352.0;142352.0;0.0;1.0;142352.0
13_levy_on_flood_both;13;True;both;15;Azenha;marketplace;96512.0;93273.0;3239.0;0.9664394064986738;93273.0
13_levy_on_flood_both;13;True;both;15;Azenha;pharmacy;24144.0;23834.0;310.0;0.9871603711066932;23834.0
13_levy_on_flood_both;13;True;both;15;Azenha;restaurant;96512.0;93839.0;2673.0;0.9723039622015915;93839.0
13_levy_on_flood_both;13;True;both;15;Bom Fim;marketplace;81280.0;81280.0;0.0;1.0;81280.0
13_levy_on_flood_both;13;True;both;15;Bom Fim;pharmacy;20320.0;20320.0;0.0;1.0;20320.0
13_levy_on_flood_both;13;True;both;15;Bom Fim;restaurant;81280.0;81280.0;0.0;1.0;81280.0
13_levy_on_flood_both;13;True;both;15;Centro Histórico;marketplace;244552.0;240681.0;3871.0;0.9841710556446073;240681.0
13_levy_on_flood_both;13;True;both;15;Centro Histórico;pharmacy;61128.0;60230.0;898.0;0.9853095144614579;60230.0
13_levy_on_flood_both;13;True;both;15;Centro Histórico;restaurant;244552.0;240520.0;4032.0;0.983512708953515;240520.0
13_levy_on_flood_both;13;True;both;15;Cidade Baixa;marketplace;104112.0;93991.0;10121.0;0.9027873828185031;93991.0
13_levy_on_flood_both;13;True;both;15;Cidade Baixa;pharmacy;26024.0;22988.0;3036.0;0.8833384568090993;22988.0
13_levy_on_flood_both;13;True;both;15;Cidade Baixa;restaurant;104112.0;95715.0;8397.0;0.9193464730290456;95715.0
13_levy_on_flood_both;13;True;both;15;Farroupilha;marketplace;6192.0;6192.0;0.0;1.0;6192.0
13_levy_on_flood_both;13;True;both;15;Farroupilha;pharmacy;1552.0;1552.0;0.0;1.0;1552.0
13_levy_on_flood_both;13;True;both;15;Farroupilha;restaurant;6192.0;6192.0;0.0;1.0;6192.0
13_levy_on_flood_both;13;True;both;15;Floresta;marketplace;70384.0;59040.0;11344.0;0.8388270061377586;59040.0
13_levy_on_flood_both;13;True;both;15;Floresta;pharmacy;17576.0;13949.0;3627.0;0.7936390532544378;13949.0
13_levy_on_flood_both;13;True;both;15;Floresta;restaurant;70384.0;54802.0;15582.0;0.7786144578313253;54802.0
13_levy_on_flood_both;13;True;both;15;Independência;marketplace;55080.0;55080.0;0.0;1.0;55080.0
13_levy_on_flood_both;13;True;both;15;Independência;pharmacy;13752.0;13752.0;0.0;1.0;13752.0
13_levy_on_flood_both;13;True;both;15;Independência;restaurant;55080.0;55080.0;0.0;1.0;55080.0
13_levy_on_flood_both;13;True;both;15;Moinhos de Vento;marketplace;79960.0;79960.0;0.0;1.0;79960.0
13_levy_on_flood_both;13;True;both;15;Moinhos de Vento;pharmacy;20000.0;20000.0;0.0;1.0;20000.0
13_levy_on_flood_both;13;True;both;15;Moinhos de Vento;restaurant;79960.0;79960.0;0.0;1.0;79960.0
13_levy_on_flood_both;13;True;both;15;Praia de Belas;marketplace;12176.0;5069.0;7107.0;0.4163107752956636;5069.0
13_levy_on_flood_both;13;True;both;15;Praia de Belas;pharmacy;3048.0;1278.0;1770.0;0.41929133858267714;1278.0
13_levy_on_flood_both;13;True;both;15;Praia de Belas;restaurant;12176.0;4738.0;7438.0;0.38912614980289095;4738.0
13_levy_on_flood_both;13;True;both;15;Rio Branco;marketplace;125680.0;125680.0;0.0;1.0;125680.0
13_levy_on_flood_both;13;True;both;15;Rio Branco;pharmacy;31408.0;31408.0;0.0;1.0;31408.0
13_levy_on_flood_both;13;True;both;15;Rio Branco;restaurant;125680.0;125680.0;0.0;1.0;125680.0
13_levy_on_flood_both;13;True;both;15;Santa Cecília;marketplace;37120.0;37120.0;0.0;1.0;37120.0
13_levy_on_flood_both;13;True;both;15;Santa Cecília;pharmacy;9288.0;9288.0;0.0;1.0;9288.0
13_levy_on_flood_both;13;True;both;15;Santa Cecília;restaurant;37120.0;37120.0;0.0;1.0;37120.0
13_levy_on_flood_both;13;True;both;15;Santana;marketplace;142352.0;142352.0;0.0;1.0;142352.0
13_levy_on_flood_both;13;True;both;15;Santana;pharmacy;35576.0;35576.0;0.0;1.0;35576.0
13_levy_on_flood_both;13;True;both;15;Santana;restaurant;142352.0;142352.0;0.0;1.0;142352.0
13_levy_on_flood_both;13;True;both;16;Azenha;marketplace;96512.0;93273.0;3239.0;0.9664394064986738;93273.0
13_levy_on_flood_both;13;True;both;16;Azenha;pharmacy;24144.0;23834.0;310.0;0.9871603711066932;23834.0
13_levy_on_flood_both;13;True;both;16;Azenha;restaurant;96512.0;93839.0;2673.0;0.9723039622015915;93839.0
13_levy_on_flood_both;13;True;both;16;Bom Fim;marketplace;81280.0;81280.0;0.0;1.0;81280.0
13_levy_on_flood_both;13;True;both;16;Bom Fim;pharmacy;20320.0;20320.0;0.0;1.0;20320.0
13_levy_on_flood_both;13;True;both;16;Bom Fim;restaurant;81280.0;81280.0;0.0;1.0;81280.0
13_levy_on_flood_both;13;True;both;16;Centro Histórico;marketplace;244552.0;240681.0;3871.0;0.9841710556446073;240681.0
13_levy_on_flood_both;13;True;both;16;Centro Histórico;pharmacy;61128.0;60230.0;898.0;0.9853095144614579;60230.0
13_levy_on_flood_both;13;True;both;16;Centro Histórico;restaurant;244552.0;240520.0;4032.0;0.983512708953515;240520.0
13_levy_on_flood_both;13;True;both;16;Cidade Baixa;marketplace;104112.0;93991.0;10121.0;0.9027873828185031;93991.0
13_levy_on_flood_both;13;True;both;16;Cidade Baixa;pharmacy;26024.0;22988.0;3036.0;0.8833384568090993;22988.0
13_levy_on_flood_both;13;True;both;16;Cidade Baixa;restaurant;104112.0;95715.0;8397.0;0.9193464730290456;95715.0
13_levy_on_flood_both;13;True;both;16;Farroupilha;marketplace;6192.0;6192.0;0.0;1.0;6192.0
13_levy_on_flood_both;13;True;both;16;Farroupilha;pharmacy;1552.0;1552.0;0.0;1.0;1552.0
13_levy_on_flood_both;13;True;both;16;Farroupilha;restaurant;6192.0;6192.0;0.0;1.0;6192.0
13_levy_on_flood_both;13;True;both;16;Floresta;marketplace;70384.0;59040.0;11344.0;0.8388270061377586;59040.0
13_levy_on_flood_both;13;True;both;16;Floresta;pharmacy;17576.0;13949.0;3627.0;0.7936390532544378;13949.0
13_levy_on_flood_both;13;True;both;16;Floresta;restaurant;70384.0;54802.0;15582.0;0.7786144578313253;54802.0
13_levy_on_flood_both;13;True;both;16;Independência;marketplace;55080.0;55080.0;0.0;1.0;55080.0
13_levy_on_flood_both;13;True;both;16;Independência;pharmacy;13752.0;13752.0;0.0;1.0;13752.0
13_levy_on_flood_both;13;True;both;16;Independência;restaurant;55080.0;55080.0;0.0;1.0;55080.0
13_levy_on_flood_both;13;True;both;16;Moinhos de Vento;marketplace;79960.0;79960.0;0.0;1.0;79960.0
13_levy_on_flood_both;13;True;both;16;Moinhos de Vento;pharmacy;20000.0;20000.0;0.0;1.0;20000.0
13_levy_on_flood_both;13;True;both;16;Moinhos de Vento;restaurant;79960.0;79960.0;0.0;1.0;79960.0
13_levy_on_flood_both;13;True;both;16;Praia de Belas;marketplace;12176.0;5069.0;7107.0;0.4163107752956636;5069.0
13_levy_on_flood_both;13;True;both;16;Praia de Belas;pharmacy;3048.0;1278.0;1770.0;0.41929133858267714;1278.0
13_levy_on_flood_both;13;True;both;16;Praia de Belas;restaurant;12176.0;4738.0;7438.0;0.38912614980289095;4738.0
13_levy_on_flood_both;13;True;both;16;Rio Branco;marketplace;125680.0;125680.0;0.0;1.0;125680.0
13_levy_on_flood_both;13;True;both;16;Rio Branco;pharmacy;31408.0;31408.0;0.0;1.0;31408.0
13_levy_on_flood_both;13;True;both;16;Rio Branco;restaurant;125680.0;125680.0;0.0;1.0;125680.0
13_levy_on_flood_both;13;True;both;16;Santa Cecília;marketplace;37120.0;37120.0;0.0;1.0;37120.0
13_levy_on_flood_both;13;True;both;16;Santa Cecília;pharmacy;9288.0;9288.0;0.0;1.0;9288.0
13_levy_on_flood_both;13;True;both;16;Santa Cecília;restaurant;37120.0;37120.0;0.0;1.0;37120.0
13_levy_on_flood_both;13;True;both;16;Santana;marketplace;142352.0;142352.0;0.0;1.0;142352.0
13_levy_on_flood_both;13;True;both;16;Santana;pharmacy;35576.0;35576.0;0.0;1.0;35576.0
13_levy_on_flood_both;13;True;both;16;Santana;restaurant;142352.0;142352.0;0.0;1.0;142352.0
13_levy_on_flood_both;13;True;both;17;Azenha;marketplace;96512.0;93273.0;3239.0;0.9664394064986738;93273.0
13_levy_on_flood_both;13;True;both;17;Azenha;pharmacy;24144.0;23834.0;310.0;0.9871603711066932;23834.0
13_levy_on_flood_both;13;True;both;17;Azenha;restaurant;96512.0;93839.0;2673.0;0.9723039622015915;93839.0
13_levy_on_flood_both;13;True;both;17;Bom Fim;marketplace;81280.0;81280.0;0.0;1.0;81280.0
13_levy_on_flood_both;13;True;both;17;Bom Fim;pharmacy;20320.0;20320.0;0.0;1.0;20320.0
13_levy_on_flood_both;13;True;both;17;Bom Fim;restaurant;81280.0;81280.0;0.0;1.0;81280.0
13_levy_on_flood_both;13;True;both;17;Centro Histórico;marketplace;244552.0;240681.0;3871.0;0.9841710556446073;240681.0
13_levy_on_flood_both;13;True;both;17;Centro Histórico;pharmacy;61128.0;60230.0;898.0;0.9853095144614579;60230.0
13_levy_on_flood_both;13;True;both;17;Centro Histórico;restaurant;244552.0;240520.0;4032.0;0.983512708953515;240520.0
13_levy_on_flood_both;13;True;both;17;Cidade Baixa;marketplace;104112.0;93991.0;10121.0;0.9027873828185031;93991.0
13_levy_on_flood_both;13;True;both;17;Cidade Baixa;pharmacy;26024.0;22988.0;3036.0;0.8833384568090993;22988.0
13_levy_on_flood_both;13;True;both;17;Cidade Baixa;restaurant;104112.0;95715.0;8397.0;0.9193464730290456;95715.0
13_levy_on_flood_both;13;True;both;17;Farroupilha;marketplace;6192.0;6192.0;0.0;1.0;6192.0
13_levy_on_flood_both;13;True;both;17;Farroupilha;pharmacy;1552.0;1552.0;0.0;1.0;1552.0
13_levy_on_flood_both;13;True;both;17;Farroupilha;restaurant;6192.0;6192.0;0.0;1.0;6192.0
13_levy_on_flood_both;13;True;both;17;Floresta;marketplace;70384.0;59040.0;11344.0;0.8388270061377586;59040.0
13_levy_on_flood_both;13;True;both;17;Floresta;pharmacy;17576.0;13949.0;3627.0;0.7936390532544378;13949.0
13_levy_on_flood_both;13;True;both;17;Floresta;restaurant;70384.0;54802.0;15582.0;0.7786144578313253;54802.0
13_levy_on_flood_both;13;True;both;17;Independência;marketplace;55080.0;55080.0;0.0;1.0;55080.0
13_levy_on_flood_both;13;True;both;17;Independência;pharmacy;13752.0;13752.0;0.0;1.0;13752.0
13_levy_on_flood_both;13;True;both;17;Independência;restaurant;55080.0;55080.0;0.0;1.0;55080.0
13_levy_on_flood_both;13;True;both;17;Moinhos de Vento;marketplace;79960.0;79960.0;0.0;1.0;79960.0
13_levy_on_flood_both;13;True;both;17;Moinhos de Vento;pharmacy;20000.0;20000.0;0.0;1.0;20000.0
13_levy_on_flood_both;13;True;both;17;Moinhos de Vento;restaurant;79960.0;79960.0;0.0;1.0;79960.0
13_levy_on_flood_both;13;True;both;17;Praia de Belas;marketplace;12176.0;5069.0;7107.0;0.4163107752956636;5069.0
13_levy_on_flood_both;13;True;both;17;Praia de Belas;pharmacy;3048.0;1278.0;1770.0;0.41929133858267714;1278.0
13_levy_on_flood_both;13;True;both;17;Praia de Belas;restaurant;12176.0;4738.0;7438.0;0.38912614980289095;4738.0
13_levy_on_flood_both;13;True;both;17;Rio Branco;marketplace;125680.0;125680.0;0.0;1.0;125680.0
13_levy_on_flood_both;13;True;both;17;Rio Branco;pharmacy;31408.0;31408.0;0.0;1.0;31408.0
13_levy_on_flood_both;13;True;both;17;Rio Branco;restaurant;125680.0;125680.0;0.0;1.0;125680.0
13_levy_on_flood_both;13;True;both;17;Santa Cecília;marketplace;37120.0;37120.0;0.0;1.0;37120.0
13_levy_on_flood_both;13;True;both;17;Santa Cecília;pharmacy;9288.0;9288.0;0.0;1.0;9288.0
13_levy_on_flood_both;13;True;both;17;Santa Cecília;restaurant;37120.0;37120.0;0.0;1.0;37120.0
13_levy_on_flood_both;13;True;both;17;Santana;marketplace;142352.0;142352.0;0.0;1.0;142352.0
13_levy_on_flood_both;13;True;both;17;Santana;pharmacy;35576.0;35576.0;0.0;1.0;35576.0
13_levy_on_flood_both;13;True;both;17;Santana;restaurant;142352.0;142352.0;0.0;1.0;142352.0
13_levy_on_flood_both;13;True;both;18;Azenha;marketplace;96512.0;93273.0;3239.0;0.9664394064986738;93273.0
13_levy_on_flood_both;13;True;both;18;Azenha;pharmacy;24144.0;23834.0;310.0;0.9871603711066932;23834.0
13_levy_on_flood_both;13;True;both;18;Azenha;restaurant;96512.0;93839.0;2673.0;0.9723039622015915;93839.0
13_levy_on_flood_both;13;True;both;18;Bom Fim;marketplace;81280.0;81280.0;0.0;1.0;81280.0
13_levy_on_flood_both;13;True;both;18;Bom Fim;pharmacy;20320.0;20320.0;0.0;1.0;20320.0
13_levy_on_flood_both;13;True;both;18;Bom Fim;restaurant;81280.0;81280.0;0.0;1.0;81280.0
13_levy_on_flood_both;13;True;both;18;Centro Histórico;marketplace;244552.0;240681.0;3871.0;0.9841710556446073;240681.0
13_levy_on_flood_both;13;True;both;18;Centro Histórico;pharmacy;61128.0;60230.0;898.0;0.9853095144614579;60230.0
13_levy_on_flood_both;13;True;both;18;Centro Histórico;restaurant;244552.0;240520.0;4032.0;0.983512708953515;240520.0
13_levy_on_flood_both;13;True;both;18;Cidade Baixa;marketplace;104112.0;93991.0;10121.0;0.9027873828185031;93991.0
13_levy_on_flood_both;13;True;both;18;Cidade Baixa;pharmacy;26024.0;22988.0;3036.0;0.8833384568090993;22988.0
13_levy_on_flood_both;13;True;both;18;Cidade Baixa;restaurant;104112.0;95715.0;8397.0;0.9193464730290456;95715.0
13_levy_on_flood_both;13;True;both;18;Farroupilha;marketplace;6192.0;6192.0;0.0;1.0;6192.0
13_levy_on_flood_both;13;True;both;18;Farroupilha;pharmacy;1552.0;1552.0;0.0;1.0;1552.0
13_levy_on_flood_both;13;True;both;18;Farroupilha;restaurant;6192.0;6192.0;0.0;1.0;6192.0
13_levy_on_flood_both;13;True;both;18;Floresta;marketplace;70384.0;59040.0;11344.0;0.8388270061377586;59040.0
13_levy_on_flood_both;13;True;both;18;Floresta;pharmacy;17576.0;13949.0;3627.0;0.7936390532544378;13949.0
13_levy_on_flood_both;13;True;both;18;Floresta;restaurant;70384.0;54802.0;15582.0;0.7786144578313253;54802.0
13_levy_on_flood_both;13;True;both;18;Independência;marketplace;55080.0;55080.0;0.0;1.0;55080.0
13_levy_on_flood_both;13;True;both;18;Independência;pharmacy;13752.0;13752.0;0.0;1.0;13752.0
13_levy_on_flood_both;13;True;both;18;Independência;restaurant;55080.0;55080.0;0.0;1.0;55080.0
13_levy_on_flood_both;13;True;both;18;Moinhos de Vento;marketplace;79960.0;79960.0;0.0;1.0;79960.0
13_levy_on_flood_both;13;True;both;18;Moinhos de Vento;pharmacy;20000.0;20000.0;0.0;1.0;20000.0
13_levy_on_flood_both;13;True;both;18;Moinhos de Vento;restaurant;79960.0;79960.0;0.0;1.0;79960.0
13_levy_on_flood_both;13;True;both;18;Praia de Belas;marketplace;12176.0;5069.0;7107.0;0.4163107752956636;5069.0
13_levy_on_flood_both;13;True;both;18;Praia de Belas;pharmacy;3048.0;1278.0;1770.0;0.41929133858267714;1278.0
13_levy_on_flood_both;13;True;both;18;Praia de Belas;restaurant;12176.0;4738.0;7438.0;0.38912614980289095;4738.0
13_levy_on_flood_both;13;True;both;18;Rio Branco;marketplace;125680.0;125680.0;0.0;1.0;125680.0
13_levy_on_flood_both;13;True;both;18;Rio Branco;pharmacy;31408.0;31408.0;0.0;1.0;31408.0
13_levy_on_flood_both;13;True;both;18;Rio Branco;restaurant;125680.0;125680.0;0.0;1.0;125680.0
13_levy_on_flood_both;13;True;both;18;Santa Cecília;marketplace;37120.0;37120.0;0.0;1.0;37120.0
13_levy_on_flood_both;13;True;both;18;Santa Cecília;pharmacy;9288.0;9288.0;0.0;1.0;9288.0
13_levy_on_flood_both;13;True;both;18;Santa Cecília;restaurant;37120.0;37120.0;0.0;1.0;37120.0
13_levy_on_flood_both;13;True;both;18;Santana;marketplace;142352.0;142352.0;0.0;1.0;142352.0
13_levy_on_flood_both;13;True;both;18;Santana;pharmacy;35576.0;35576.0;0.0;1.0;35576.0
13_levy_on_flood_both;13;True;both;18;Santana;restaurant;142352.0;142352.0;0.0;1.0;142352.0
13_levy_on_flood_both;13;True;both;19;Azenha;marketplace;96512.0;93273.0;3239.0;0.9664394064986738;93273.0
13_levy_on_flood_both;13;True;both;19;Azenha;pharmacy;24144.0;23834.0;310.0;0.9871603711066932;23834.0
13_levy_on_flood_both;13;True;both;19;Azenha;restaurant;96512.0;93839.0;2673.0;0.9723039622015915;93839.0
13_levy_on_flood_both;13;True;both;19;Bom Fim;marketplace;81280.0;81280.0;0.0;1.0;81280.0
13_levy_on_flood_both;13;True;both;19;Bom Fim;pharmacy;20320.0;20320.0;0.0;1.0;20320.0
13_levy_on_flood_both;13;True;both;19;Bom Fim;restaurant;81280.0;81280.0;0.0;1.0;81280.0
13_levy_on_flood_both;13;True;both;19;Centro Histórico;marketplace;244552.0;240681.0;3871.0;0.9841710556446073;240681.0
13_levy_on_flood_both;13;True;both;19;Centro Histórico;pharmacy;61128.0;60230.0;898.0;0.9853095144614579;60230.0
13_levy_on_flood_both;13;True;both;19;Centro Histórico;restaurant;244552.0;240520.0;4032.0;0.983512708953515;240520.0
13_levy_on_flood_both;13;True;both;19;Cidade Baixa;marketplace;104112.0;93991.0;10121.0;0.9027873828185031;93991.0
13_levy_on_flood_both;13;True;both;19;Cidade Baixa;pharmacy;26024.0;22988.0;3036.0;0.8833384568090993;22988.0
13_levy_on_flood_both;13;True;both;19;Cidade Baixa;restaurant;104112.0;95715.0;8397.0;0.9193464730290456;95715.0
13_levy_on_flood_both;13;True;both;19;Farroupilha;marketplace;6192.0;6192.0;0.0;1.0;6192.0
13_levy_on_flood_both;13;True;both;19;Farroupilha;pharmacy;1552.0;1552.0;0.0;1.0;1552.0
13_levy_on_flood_both;13;True;both;19;Farroupilha;restaurant;6192.0;6192.0;0.0;1.0;6192.0
13_levy_on_flood_both;13;True;both;19;Floresta;marketplace;70384.0;59040.0;11344.0;0.8388270061377586;59040.0
13_levy_on_flood_both;13;True;both;19;Floresta;pharmacy;17576.0;13949.0;3627.0;0.7936390532544378;13949.0
13_levy_on_flood_both;13;True;both;19;Floresta;restaurant;70384.0;54802.0;15582.0;0.7786144578313253;54802.0
13_levy_on_flood_both;13;True;both;19;Independência;marketplace;55080.0;55080.0;0.0;1.0;55080.0
13_levy_on_flood_both;13;True;both;19;Independência;pharmacy;13752.0;13752.0;0.0;1.0;13752.0
13_levy_on_flood_both;13;True;both;19;Independência;restaurant;55080.0;55080.0;0.0;1.0;55080.0
13_levy_on_flood_both;13;True;both;19;Moinhos de Vento;marketplace;79960.0;79960.0;0.0;1.0;79960.0
13_levy_on_flood_both;13;True;both;19;Moinhos de Vento;pharmacy;20000.0;20000.0;0.0;1.0;20000.0
13_levy_on_flood_both;13;True;both;19;Moinhos de Vento;restaurant;79960.0;79960.0;0.0;1.0;79960.0
13_levy_on_flood_both;13;True;both;19;Praia de Belas;marketplace;12176.0;5069.0;7107.0;0.4163107752956636;5069.0
13_levy_on_flood_both;13;True;both;19;Praia de Belas;pharmacy;3048.0;1278.0;1770.0;0.41929133858267714;1278.0
13_levy_on_flood_both;13;True;both;19;Praia de Belas;restaurant;12176.0;4738.0;7438.0;0.38912614980289095;4738.0
13_levy_on_flood_both;13;True;both;19;Rio Branco;marketplace;125680.0;125680.0;0.0;1.0;125680.0
13_levy_on_flood_both;13;True;both;19;Rio Branco;pharmacy;31408.0;31408.0;0.0;1.0;31408.0
13_levy_on_flood_both;13;True;both;19;Rio Branco;restaurant;125680.0;125680.0;0.0;1.0;125680.0
13_levy_on_flood_both;13;True;both;19;Santa Cecília;marketplace;37120.0;37120.0;0.0;1.0;37120.0
13_levy_on_flood_both;13;True;both;19;Santa Cecília;pharmacy;9288.0;9288.0;0.0;1.0;9288.0
13_levy_on_flood_both;13;True;both;19;Santa Cecília;restaurant;37120.0;37120.0;0.0;1.0;37120.0
13_levy_on_flood_both;13;True;both;19;Santana;marketplace;142352.0;142352.0;0.0;1.0;142352.0
13_levy_on_flood_both;13;True;both;19;Santana;pharmacy;35576.0;35576.0;0.0;1.0;35576.0
13_levy_on_flood_both;13;True;both;19;Santana;restaurant;142352.0;142352.0;0.0;1.0;142352.0
13_levy_on_flood_both;13;True;both;20;Azenha;marketplace;96512.0;93273.0;3239.0;0.9664394064986738;93273.0
13_levy_on_flood_both;13;True;both;20;Azenha;pharmacy;24144.0;23834.0;310.0;0.9871603711066932;23834.0
13_levy_on_flood_both;13;True;both;20;Azenha;restaurant;96512.0;93839.0;2673.0;0.9723039622015915;93839.0
13_levy_on_flood_both;13;True;both;20;Bom Fim;marketplace;81280.0;81280.0;0.0;1.0;81280.0
13_levy_on_flood_both;13;True;both;20;Bom Fim;pharmacy;20320.0;20320.0;0.0;1.0;20320.0
13_levy_on_flood_both;13;True;both;20;Bom Fim;restaurant;81280.0;81280.0;0.0;1.0;81280.0
13_levy_on_flood_both;13;True;both;20;Centro Histórico;marketplace;244552.0;240681.0;3871.0;0.9841710556446073;240681.0
13_levy_on_flood_both;13;True;both;20;Centro Histórico;pharmacy;61128.0;60230.0;898.0;0.9853095144614579;60230.0
13_levy_on_flood_both;13;True;both;20;Centro Histórico;restaurant;244552.0;240520.0;4032.0;0.983512708953515;240520.0
13_levy_on_flood_both;13;True;both;20;Cidade Baixa;marketplace;104112.0;93991.0;10121.0;0.9027873828185031;93991.0
13_levy_on_flood_both;13;True;both;20;Cidade Baixa;pharmacy;26024.0;22988.0;3036.0;0.8833384568090993;22988.0
13_levy_on_flood_both;13;True;both;20;Cidade Baixa;restaurant;104112.0;95715.0;8397.0;0.9193464730290456;95715.0
13_levy_on_flood_both;13;True;both;20;Farroupilha;marketplace;6192.0;6192.0;0.0;1.0;6192.0
13_levy_on_flood_both;13;True;both;20;Farroupilha;pharmacy;1552.0;1552.0;0.0;1.0;1552.0
13_levy_on_flood_both;13;True;both;20;Farroupilha;restaurant;6192.0;6192.0;0.0;1.0;6192.0
13_levy_on_flood_both;13;True;both;20;Floresta;marketplace;70384.0;59040.0;11344.0;0.8388270061377586;59040.0
13_levy_on_flood_both;13;True;both;20;Floresta;pharmacy;17576.0;13949.0;3627.0;0.7936390532544378;13949.0
13_levy_on_flood_both;13;True;both;20;Floresta;restaurant;70384.0;54802.0;15582.0;0.7786144578313253;54802.0
13_levy_on_flood_both;13;True;both;20;Independência;marketplace;55080.0;55080.0;0.0;1.0;55080.0
13_levy_on_flood_both;13;True;both;20;Independência;pharmacy;13752.0;13752.0;0.0;1.0;13752.0
13_levy_on_flood_both;13;True;both;20;Independência;restaurant;55080.0;55080.0;0.0;1.0;55080.0
13_levy_on_flood_both;13;True;both;20;Moinhos de Vento;marketplace;79960.0;79960.0;0.0;1.0;79960.0
13_levy_on_flood_both;13;True;both;20;Moinhos de Vento;pharmacy;20000.0;20000.0;0.0;1.0;20000.0
13_levy_on_flood_both;13;True;both;20;Moinhos de Vento;restaurant;79960.0;79960.0;0.0;1.0;79960.0
13_levy_on_flood_both;13;True;both;20;Praia de Belas;marketplace;12176.0;5069.0;7107.0;0.4163107752956636;5069.0
13_levy_on_flood_both;13;True;both;20;Praia de Belas;pharmacy;3048.0;1278.0;1770.0;0.41929133858267714;1278.0
13_levy_on_flood_both;13;True;both;20;Praia de Belas;restaurant;12176.0;4738.0;7438.0;0.38912614980289095;4738.0
13_levy_on_flood_both;13;True;both;20;Rio Branco;marketplace;125680.0;125680.0;0.0;1.0;125680.0
13_levy_on_flood_both;13;True;both;20;Rio Branco;pharmacy;31408.0;31408.0;0.0;1.0;31408.0
13_levy_on_flood_both;13;True;both;20;Rio Branco;restaurant;125680.0;125680.0;0.0;1.0;125680.0
13_levy_on_flood_both;13;True;both;20;Santa Cecília;marketplace;37120.0;37120.0;0.0;1.0;37120.0
13_levy_on_flood_both;13;True;both;20;Santa Cecília;pharmacy;9288.0;9288.0;0.0;1.0;9288.0
13_levy_on_flood_both;13;True;both;20;Santa Cecília;restaurant;37120.0;37120.0;0.0;1.0;37120.0
13_levy_on_flood_both;13;True;both;20;Santana;marketplace;142352.0;142352.0;0.0;1.0;142352.0
13_levy_on_flood_both;13;True;both;20;Santana;pharmacy;35576.0;35576.0;0.0;1.0;35576.0
13_levy_on_flood_both;13;True;both;20;Santana;restaurant;142352.0;142352.0;0.0;1.0;142352.0
13_levy_on_flood_both;13;True;both;21;Azenha;marketplace;96512.0;93273.0;3239.0;0.9664394064986738;93273.0
13_levy_on_flood_both;13;True;both;21;Azenha;pharmacy;24144.0;23834.0;310.0;0.9871603711066932;23834.0
13_levy_on_flood_both;13;True;both;21;Azenha;restaurant;96512.0;93839.0;2673.0;0.9723039622015915;93839.0
13_levy_on_flood_both;13;True;both;21;Bom Fim;marketplace;81280.0;81280.0;0.0;1.0;81280.0
13_levy_on_flood_both;13;True;both;21;Bom Fim;pharmacy;20320.0;20320.0;0.0;1.0;20320.0
13_levy_on_flood_both;13;True;both;21;Bom Fim;restaurant;81280.0;81280.0;0.0;1.0;81280.0
13_levy_on_flood_both;13;True;both;21;Centro Histórico;marketplace;244552.0;240681.0;3871.0;0.9841710556446073;240681.0
13_levy_on_flood_both;13;True;both;21;Centro Histórico;pharmacy;61128.0;60230.0;898.0;0.9853095144614579;60230.0
13_levy_on_flood_both;13;True;both;21;Centro Histórico;restaurant;244552.0;240520.0;4032.0;0.983512708953515;240520.0
13_levy_on_flood_both;13;True;both;21;Cidade Baixa;marketplace;104112.0;93991.0;10121.0;0.9027873828185031;93991.0
13_levy_on_flood_both;13;True;both;21;Cidade Baixa;pharmacy;26024.0;22988.0;3036.0;0.8833384568090993;22988.0
13_levy_on_flood_both;13;True;both;21;Cidade Baixa;restaurant;104112.0;95715.0;8397.0;0.9193464730290456;95715.0
13_levy_on_flood_both;13;True;both;21;Farroupilha;marketplace;6192.0;6192.0;0.0;1.0;6192.0
13_levy_on_flood_both;13;True;both;21;Farroupilha;pharmacy;1552.0;1552.0;0.0;1.0;1552.0
13_levy_on_flood_both;13;True;both;21;Farroupilha;restaurant;6192.0;6192.0;0.0;1.0;6192.0
13_levy_on_flood_both;13;True;both;21;Floresta;marketplace;70384.0;59040.0;11344.0;0.8388270061377586;59040.0
13_levy_on_flood_both;13;True;both;21;Floresta;pharmacy;17576.0;13949.0;3627.0;0.7936390532544378;13949.0
13_levy_on_flood_both;13;True;both;21;Floresta;restaurant;70384.0;54802.0;15582.0;0.7786144578313253;54802.0
13_levy_on_flood_both;13;True;both;21;Independência;marketplace;55080.0;55080.0;0.0;1.0;55080.0
13_levy_on_flood_both;13;True;both;21;Independência;pharmacy;13752.0;13752.0;0.0;1.0;13752.0
13_levy_on_flood_both;13;True;both;21;Independência;restaurant;55080.0;55080.0;0.0;1.0;55080.0
13_levy_on_flood_both;13;True;both;21;Moinhos de Vento;marketplace;79960.0;79960.0;0.0;1.0;79960.0
13_levy_on_flood_both;13;True;both;21;Moinhos de Vento;pharmacy;20000.0;20000.0;0.0;1.0;20000.0
13_levy_on_flood_both;13;True;both;21;Moinhos de Vento;restaurant;79960.0;79960.0;0.0;1.0;79960.0
13_levy_on_flood_both;13;True;both;21;Praia de Belas;marketplace;12176.0;5069.0;7107.0;0.4163107752956636;5069.0
13_levy_on_flood_both;13;True;both;21;Praia de Belas;pharmacy;3048.0;1278.0;1770.0;0.41929133858267714;1278.0
13_levy_on_flood_both;13;True;both;21;Praia de Belas;restaurant;12176.0;4738.0;7438.0;0.38912614980289095;4738.0
13_levy_on_flood_both;13;True;both;21;Rio Branco;marketplace;125680.0;125680.0;0.0;1.0;125680.0
13_levy_on_flood_both;13;True;both;21;Rio Branco;pharmacy;31408.0;31408.0;0.0;1.0;31408.0
13_levy_on_flood_both;13;True;both;21;Rio Branco;restaurant;125680.0;125680.0;0.0;1.0;125680.0
13_levy_on_flood_both;13;True;both;21;Santa Cecília;marketplace;37120.0;37120.0;0.0;1.0;37120.0
13_levy_on_flood_both;13;True;both;21;Santa Cecília;pharmacy;9288.0;9288.0;0.0;1.0;9288.0
13_levy_on_flood_both;13;True;both;21;Santa Cecília;restaurant;37120.0;37120.0;0.0;1.0;37120.0
13_levy_on_flood_both;13;True;both;21;Santana;marketplace;142352.0;142352.0;0.0;1.0;142352.0
13_levy_on_flood_both;13;True;both;21;Santana;pharmacy;35576.0;35576.0;0.0;1.0;35576.0
13_levy_on_flood_both;13;True;both;21;Santana;restaurant;142352.0;142352.0;0.0;1.0;142352.0
13_levy_on_flood_both;13;True;both;22;Azenha;marketplace;96512.0;93273.0;3239.0;0.9664394064986738;93273.0
13_levy_on_flood_both;13;True;both;22;Azenha;pharmacy;24144.0;23834.0;310.0;0.9871603711066932;23834.0
13_levy_on_flood_both;13;True;both;22;Azenha;restaurant;96512.0;93839.0;2673.0;0.9723039622015915;93839.0
13_levy_on_flood_both;13;True;both;22;Bom Fim;marketplace;81280.0;81280.0;0.0;1.0;81280.0
13_levy_on_flood_both;13;True;both;22;Bom Fim;pharmacy;20320.0;20320.0;0.0;1.0;20320.0
13_levy_on_flood_both;13;True;both;22;Bom Fim;restaurant;81280.0;81280.0;0.0;1.0;81280.0
13_levy_on_flood_both;13;True;both;22;Centro Histórico;marketplace;244552.0;240681.0;3871.0;0.9841710556446073;240681.0
13_levy_on_flood_both;13;True;both;22;Centro Histórico;pharmacy;61128.0;60230.0;898.0;0.9853095144614579;60230.0
13_levy_on_flood_both;13;True;both;22;Centro Histórico;restaurant;244552.0;240520.0;4032.0;0.983512708953515;240520.0
13_levy_on_flood_both;13;True;both;22;Cidade Baixa;marketplace;104112.0;93991.0;10121.0;0.9027873828185031;93991.0
13_levy_on_flood_both;13;True;both;22;Cidade Baixa;pharmacy;26024.0;22988.0;3036.0;0.8833384568090993;22988.0
13_levy_on_flood_both;13;True;both;22;Cidade Baixa;restaurant;104112.0;95715.0;8397.0;0.9193464730290456;95715.0
13_levy_on_flood_both;13;True;both;22;Farroupilha;marketplace;6192.0;6192.0;0.0;1.0;6192.0
13_levy_on_flood_both;13;True;both;22;Farroupilha;pharmacy;1552.0;1552.0;0.0;1.0;1552.0
13_levy_on_flood_both;13;True;both;22;Farroupilha;restaurant;6192.0;6192.0;0.0;1.0;6192.0
13_levy_on_flood_both;13;True;both;22;Floresta;marketplace;70384.0;59040.0;11344.0;0.8388270061377586;59040.0
13_levy_on_flood_both;13;True;both;22;Floresta;pharmacy;17576.0;13949.0;3627.0;0.7936390532544378;13949.0
13_levy_on_flood_both;13;True;both;22;Floresta;restaurant;70384.0;54802.0;15582.0;0.7786144578313253;54802.0
13_levy_on_flood_both;13;True;both;22;Independência;marketplace;55080.0;55080.0;0.0;1.0;55080.0
13_levy_on_flood_both;13;True;both;22;Independência;pharmacy;13752.0;13752.0;0.0;1.0;13752.0
13_levy_on_flood_both;13;True;both;22;Independência;restaurant;55080.0;55080.0;0.0;1.0;55080.0
13_levy_on_flood_both;13;True;both;22;Moinhos de Vento;marketplace;79960.0;79960.0;0.0;1.0;79960.0
13_levy_on_flood_both;13;True;both;22;Moinhos de Vento;pharmacy;20000.0;20000.0;0.0;1.0;20000.0
13_levy_on_flood_both;13;True;both;22;Moinhos de Vento;restaurant;79960.0;79960.0;0.0;1.0;79960.0
13_levy_on_flood_both;13;True;both;22;Praia de Belas;marketplace;12176.0;5069.0;7107.0;0.4163107752956636;5069.0
13_levy_on_flood_both;13;True;both;22;Praia de Belas;pharmacy;3048.0;1278.0;1770.0;0.41929133858267714;1278.0
13_levy_on_flood_both;13;True;both;22;Praia de Belas;restaurant;12176.0;4738.0;7438.0;0.38912614980289095;4738.0
13_levy_on_flood_both;13;True;both;22;Rio Branco;marketplace;125680.0;125680.0;0.0;1.0;125680.0
13_levy_on_flood_both;13;True;both;22;Rio Branco;pharmacy;31408.0;31408.0;0.0;1.0;31408.0
13_levy_on_flood_both;13;True;both;22;Rio Branco;restaurant;125680.0;125680.0;0.0;1.0;125680.0
13_levy_on_flood_both;13;True;both;22;Santa Cecília;marketplace;37120.0;37120.0;0.0;1.0;37120.0
13_levy_on_flood_both;13;True;both;22;Santa Cecília;pharmacy;9288.0;9288.0;0.0;1.0;9288.0
13_levy_on_flood_both;13;True;both;22;Santa Cecília;restaurant;37120.0;37120.0;0.0;1.0;37120.0
13_levy_on_flood_both;13;True;both;22;Santana;marketplace;142352.0;142352.0;0.0;1.0;142352.0
13_levy_on_flood_both;13;True;both;22;Santana;pharmacy;35576.0;35576.0;0.0;1.0;35576.0
13_levy_on_flood_both;13;True;both;22;Santana;restaurant;142352.0;142352.0;0.0;1.0;142352.0
13_levy_on_flood_both;13;True;both;23;Azenha;marketplace;96512.0;93273.0;3239.0;0.9664394064986738;93273.0
13_levy_on_flood_both;13;True;both;23;Azenha;pharmacy;24144.0;23834.0;310.0;0.9871603711066932;23834.0
13_levy_on_flood_both;13;True;both;23;Azenha;restaurant;96512.0;93839.0;2673.0;0.9723039622015915;93839.0
13_levy_on_flood_both;13;True;both;23;Bom Fim;marketplace;81280.0;81280.0;0.0;1.0;81280.0
13_levy_on_flood_both;13;True;both;23;Bom Fim;pharmacy;20320.0;20320.0;0.0;1.0;20320.0
13_levy_on_flood_both;13;True;both;23;Bom Fim;restaurant;81280.0;81280.0;0.0;1.0;81280.0
13_levy_on_flood_both;13;True;both;23;Centro Histórico;marketplace;244552.0;240681.0;3871.0;0.9841710556446073;240681.0
13_levy_on_flood_both;13;True;both;23;Centro Histórico;pharmacy;61128.0;60230.0;898.0;0.9853095144614579;60230.0
13_levy_on_flood_both;13;True;both;23;Centro Histórico;restaurant;244552.0;240520.0;4032.0;0.983512708953515;240520.0
13_levy_on_flood_both;13;True;both;23;Cidade Baixa;marketplace;104112.0;93991.0;10121.0;0.9027873828185031;93991.0
13_levy_on_flood_both;13;True;both;23;Cidade Baixa;pharmacy;26024.0;22988.0;3036.0;0.8833384568090993;22988.0
13_levy_on_flood_both;13;True;both;23;Cidade Baixa;restaurant;104112.0;95715.0;8397.0;0.9193464730290456;95715.0
13_levy_on_flood_both;13;True;both;23;Farroupilha;marketplace;6192.0;6192.0;0.0;1.0;6192.0
13_levy_on_flood_both;13;True;both;23;Farroupilha;pharmacy;1552.0;1552.0;0.0;1.0;1552.0
13_levy_on_flood_both;13;True;both;23;Farroupilha;restaurant;6192.0;6192.0;0.0;1.0;6192.0
13_levy_on_flood_both;13;True;both;23;Floresta;marketplace;70384.0;59040.0;11344.0;0.8388270061377586;59040.0
13_levy_on_flood_both;13;True;both;23;Floresta;pharmacy;17576.0;13949.0;3627.0;0.7936390532544378;13949.0
13_levy_on_flood_both;13;True;both;23;Floresta;restaurant;70384.0;54802.0;15582.0;0.7786144578313253;54802.0
13_levy_on_flood_both;13;True;both;23;Independência;marketplace;55080.0;55080.0;0.0;1.0;55080.0
13_levy_on_flood_both;13;True;both;23;Independência;pharmacy;13752.0;13752.0;0.0;1.0;13752.0
13_levy_on_flood_both;13;True;both;23;Independência;restaurant;55080.0;55080.0;0.0;1.0;55080.0
13_levy_on_flood_both;13;True;both;23;Moinhos de Vento;marketplace;79960.0;79960.0;0.0;1.0;79960.0
13_levy_on_flood_both;13;True;both;23;Moinhos de Vento;pharmacy;20000.0;20000.0;0.0;1.0;20000.0
13_levy_on_flood_both;13;True;both;23;Moinhos de Vento;restaurant;79960.0;79960.0;0.0;1.0;79960.0
13_levy_on_flood_both;13;True;both;23;Praia de Belas;marketplace;12176.0;5069.0;7107.0;0.4163107752956636;5069.0
13_levy_on_flood_both;13;True;both;23;Praia de Belas;pharmacy;3048.0;1278.0;1770.0;0.41929133858267714;1278.0
13_levy_on_flood_both;13;True;both;23;Praia de Belas;restaurant;12176.0;4738.0;7438.0;0.38912614980289095;4738.0
13_levy_on_flood_both;13;True;both;23;Rio Branco;marketplace;125680.0;125680.0;0.0;1.0;125680.0
13_levy_on_flood_both;13;True;both;23;Rio Branco;pharmacy;31408.0;31408.0;0.0;1.0;31408.0
13_levy_on_flood_both;13;True;both;23;Rio Branco;restaurant;125680.0;125680.0;0.0;1.0;125680.0
13_levy_on_flood_both;13;True;both;23;Santa Cecília;marketplace;37120.0;37120.0;0.0;1.0;37120.0
13_levy_on_flood_both;13;True;both;23;Santa Cecília;pharmacy;9288.0;9288.0;0.0;1.0;9288.0
13_levy_on_flood_both;13;True;both;23;Santa Cecília;restaurant;37120.0;37120.0;0.0;1.0;37120.0
13_levy_on_flood_both;13;True;both;23;Santana;marketplace;142352.0;142352.0;0.0;1.0;142352.0
13_levy_on_flood_both;13;True;both;23;Santana;pharmacy;35576.0;35576.0;0.0;1.0;35576.0
13_levy_on_flood_both;13;True;both;23;Santana;restaurant;142352.0;142352.0;0.0;1.0;142352.0
13_levy_on_flood_both;13;True;both;24;Azenha;marketplace;96512.0;93273.0;3239.0;0.9664394064986738;93273.0
13_levy_on_flood_both;13;True;both;24;Azenha;pharmacy;24144.0;23834.0;310.0;0.9871603711066932;23834.0
13_levy_on_flood_both;13;True;both;24;Azenha;restaurant;96512.0;93839.0;2673.0;0.9723039622015915;93839.0
13_levy_on_flood_both;13;True;both;24;Bom Fim;marketplace;81280.0;81280.0;0.0;1.0;81280.0
13_levy_on_flood_both;13;True;both;24;Bom Fim;pharmacy;20320.0;20320.0;0.0;1.0;20320.0
13_levy_on_flood_both;13;True;both;24;Bom Fim;restaurant;81280.0;81280.0;0.0;1.0;81280.0
13_levy_on_flood_both;13;True;both;24;Centro Histórico;marketplace;244552.0;240681.0;3871.0;0.9841710556446073;240681.0
13_levy_on_flood_both;13;True;both;24;Centro Histórico;pharmacy;61128.0;60230.0;898.0;0.9853095144614579;60230.0
13_levy_on_flood_both;13;True;both;24;Centro Histórico;restaurant;244552.0;240520.0;4032.0;0.983512708953515;240520.0
13_levy_on_flood_both;13;True;both;24;Cidade Baixa;marketplace;104112.0;93991.0;10121.0;0.9027873828185031;93991.0
13_levy_on_flood_both;13;True;both;24;Cidade Baixa;pharmacy;26024.0;22988.0;3036.0;0.8833384568090993;22988.0
13_levy_on_flood_both;13;True;both;24;Cidade Baixa;restaurant;104112.0;95715.0;8397.0;0.9193464730290456;95715.0
13_levy_on_flood_both;13;True;both;24;Farroupilha;marketplace;6192.0;6192.0;0.0;1.0;6192.0
13_levy_on_flood_both;13;True;both;24;Farroupilha;pharmacy;1552.0;1552.0;0.0;1.0;1552.0
13_levy_on_flood_both;13;True;both;24;Farroupilha;restaurant;6192.0;6192.0;0.0;1.0;6192.0
13_levy_on_flood_both;13;True;both;24;Floresta;marketplace;70384.0;59040.0;11344.0;0.8388270061377586;59040.0
13_levy_on_flood_both;13;True;both;24;Floresta;pharmacy;17576.0;13949.0;3627.0;0.7936390532544378;13949.0
13_levy_on_flood_both;13;True;both;24;Floresta;restaurant;70384.0;54802.0;15582.0;0.7786144578313253;54802.0
13_levy_on_flood_both;13;True;both;24;Independência;marketplace;55080.0;55080.0;0.0;1.0;55080.0
13_levy_on_flood_both;13;True;both;24;Independência;pharmacy;13752.0;13752.0;0.0;1.0;13752.0
13_levy_on_flood_both;13;True;both;24;Independência;restaurant;55080.0;55080.0;0.0;1.0;55080.0
13_levy_on_flood_both;13;True;both;24;Moinhos de Vento;marketplace;79960.0;79960.0;0.0;1.0;79960.0
13_levy_on_flood_both;13;True;both;24;Moinhos de Vento;pharmacy;20000.0;20000.0;0.0;1.0;20000.0
13_levy_on_flood_both;13;True;both;24;Moinhos de Vento;restaurant;79960.0;79960.0;0.0;1.0;79960.0
13_levy_on_flood_both;13;True;both;24;Praia de Belas;marketplace;12176.0;5069.0;7107.0;0.4163107752956636;5069.0
13_levy_on_flood_both;13;True;both;24;Praia de Belas;pharmacy;3048.0;1278.0;1770.0;0.41929133858267714;1278.0
13_levy_on_flood_both;13;True;both;24;Praia de Belas;restaurant;12176.0;4738.0;7438.0;0.38912614980289095;4738.0
13_levy_on_flood_both;13;True;both;24;Rio Branco;marketplace;125680.0;125680.0;0.0;1.0;125680.0
13_levy_on_flood_both;13;True;both;24;Rio Branco;pharmacy;31408.0;31408.0;0.0;1.0;31408.0
13_levy_on_flood_both;13;True;both;24;Rio Branco;restaurant;125680.0;125680.0;0.0;1.0;125680.0
13_levy_on_flood_both;13;True;both;24;Santa Cecília;marketplace;37120.0;37120.0;0.0;1.0;37120.0
13_levy_on_flood_both;13;True;both;24;Santa Cecília;pharmacy;9288.0;9288.0;0.0;1.0;9288.0
13_levy_on_flood_both;13;True;both;24;Santa Cecília;restaurant;37120.0;37120.0;0.0;1.0;37120.0
13_levy_on_flood_both;13;True;both;24;Santana;marketplace;142352.0;142352.0;0.0;1.0;142352.0
13_levy_on_flood_both;13;True;both;24;Santana;pharmacy;35576.0;35576.0;0.0;1.0;35576.0
13_levy_on_flood_both;13;True;both;24;Santana;restaurant;142352.0;142352.0;0.0;1.0;142352.0
13_levy_on_flood_both;13;True;both;25;Azenha;marketplace;96512.0;93273.0;3239.0;0.9664394064986738;93273.0
13_levy_on_flood_both;13;True;both;25;Azenha;pharmacy;24144.0;23834.0;310.0;0.9871603711066932;23834.0
13_levy_on_flood_both;13;True;both;25;Azenha;restaurant;96512.0;93839.0;2673.0;0.9723039622015915;93839.0
13_levy_on_flood_both;13;True;both;25;Bom Fim;marketplace;81280.0;81280.0;0.0;1.0;81280.0
13_levy_on_flood_both;13;True;both;25;Bom Fim;pharmacy;20320.0;20320.0;0.0;1.0;20320.0
13_levy_on_flood_both;13;True;both;25;Bom Fim;restaurant;81280.0;81280.0;0.0;1.0;81280.0
13_levy_on_flood_both;13;True;both;25;Centro Histórico;marketplace;244552.0;240681.0;3871.0;0.9841710556446073;240681.0
13_levy_on_flood_both;13;True;both;25;Centro Histórico;pharmacy;61128.0;60230.0;898.0;0.9853095144614579;60230.0
13_levy_on_flood_both;13;True;both;25;Centro Histórico;restaurant;244552.0;240520.0;4032.0;0.983512708953515;240520.0
13_levy_on_flood_both;13;True;both;25;Cidade Baixa;marketplace;104112.0;93991.0;10121.0;0.9027873828185031;93991.0
13_levy_on_flood_both;13;True;both;25;Cidade Baixa;pharmacy;26024.0;22988.0;3036.0;0.8833384568090993;22988.0
13_levy_on_flood_both;13;True;both;25;Cidade Baixa;restaurant;104112.0;95715.0;8397.0;0.9193464730290456;95715.0
13_levy_on_flood_both;13;True;both;25;Farroupilha;marketplace;6192.0;6192.0;0.0;1.0;6192.0
13_levy_on_flood_both;13;True;both;25;Farroupilha;pharmacy;1552.0;1552.0;0.0;1.0;1552.0
13_levy_on_flood_both;13;True;both;25;Farroupilha;restaurant;6192.0;6192.0;0.0;1.0;6192.0
13_levy_on_flood_both;13;True;both;25;Floresta;marketplace;70384.0;59040.0;11344.0;0.8388270061377586;59040.0
13_levy_on_flood_both;13;True;both;25;Floresta;pharmacy;17576.0;13949.0;3627.0;0.7936390532544378;13949.0
13_levy_on_flood_both;13;True;both;25;Floresta;restaurant;70384.0;54802.0;15582.0;0.7786144578313253;54802.0
13_levy_on_flood_both;13;True;both;25;Independência;marketplace;55080.0;55080.0;0.0;1.0;55080.0
13_levy_on_flood_both;13;True;both;25;Independência;pharmacy;13752.0;13752.0;0.0;1.0;13752.0
13_levy_on_flood_both;13;True;both;25;Independência;restaurant;55080.0;55080.0;0.0;1.0;55080.0
13_levy_on_flood_both;13;True;both;25;Moinhos de Vento;marketplace;79960.0;79960.0;0.0;1.0;79960.0
13_levy_on_flood_both;13;True;both;25;Moinhos de Vento;pharmacy;20000.0;20000.0;0.0;1.0;20000.0
13_levy_on_flood_both;13;True;both;25;Moinhos de Vento;restaurant;79960.0;79960.0;0.0;1.0;79960.0
13_levy_on_flood_both;13;True;both;25;Praia de Belas;marketplace;12176.0;5069.0;7107.0;0.4163107752956636;5069.0
13_levy_on_flood_both;13;True;both;25;Praia de Belas;pharmacy;3048.0;1278.0;1770.0;0.41929133858267714;1278.0
13_levy_on_flood_both;13;True;both;25;Praia de Belas;restaurant;12176.0;4738.0;7438.0;0.38912614980289095;4738.0
13_levy_on_flood_both;13;True;both;25;Rio Branco;marketplace;125680.0;125680.0;0.0;1.0;125680.0
13_levy_on_flood_both;13;True;both;25;Rio Branco;pharmacy;31408.0;31408.0;0.0;1.0;31408.0
13_levy_on_flood_both;13;True;both;25;Rio Branco;restaurant;125680.0;125680.0;0.0;1.0;125680.0
13_levy_on_flood_both;13;True;both;25;Santa Cecília;marketplace;37120.0;37120.0;0.0;1.0;37120.0
13_levy_on_flood_both;13;True;both;25;Santa Cecília;pharmacy;9288.0;9288.0;0.0;1.0;9288.0
13_levy_on_flood_both;13;True;both;25;Santa Cecília;restaurant;37120.0;37120.0;0.0;1.0;37120.0
13_levy_on_flood_both;13;True;both;25;Santana;marketplace;142352.0;142352.0;0.0;1.0;142352.0
13_levy_on_flood_both;13;True;both;25;Santana;pharmacy;35576.0;35576.0;0.0;1.0;35576.0
13_levy_on_flood_both;13;True;both;25;Santana;restaurant;142352.0;142352.0;0.0;1.0;142352.0
13_levy_on_flood_both;13;True;both;26;Azenha;marketplace;96512.0;93273.0;3239.0;0.9664394064986738;93273.0
13_levy_on_flood_both;13;True;both;26;Azenha;pharmacy;24144.0;23834.0;310.0;0.9871603711066932;23834.0
13_levy_on_flood_both;13;True;both;26;Azenha;restaurant;96512.0;93839.0;2673.0;0.9723039622015915;93839.0
13_levy_on_flood_both;13;True;both;26;Bom Fim;marketplace;81280.0;81280.0;0.0;1.0;81280.0
13_levy_on_flood_both;13;True;both;26;Bom Fim;pharmacy;20320.0;20320.0;0.0;1.0;20320.0
13_levy_on_flood_both;13;True;both;26;Bom Fim;restaurant;81280.0;81280.0;0.0;1.0;81280.0
13_levy_on_flood_both;13;True;both;26;Centro Histórico;marketplace;244552.0;240681.0;3871.0;0.9841710556446073;240681.0
13_levy_on_flood_both;13;True;both;26;Centro Histórico;pharmacy;61128.0;60230.0;898.0;0.9853095144614579;60230.0
13_levy_on_flood_both;13;True;both;26;Centro Histórico;restaurant;244552.0;240520.0;4032.0;0.983512708953515;240520.0
13_levy_on_flood_both;13;True;both;26;Cidade Baixa;marketplace;104112.0;93991.0;10121.0;0.9027873828185031;93991.0
13_levy_on_flood_both;13;True;both;26;Cidade Baixa;pharmacy;26024.0;22988.0;3036.0;0.8833384568090993;22988.0
13_levy_on_flood_both;13;True;both;26;Cidade Baixa;restaurant;104112.0;95715.0;8397.0;0.9193464730290456;95715.0
13_levy_on_flood_both;13;True;both;26;Farroupilha;marketplace;6192.0;6192.0;0.0;1.0;6192.0
13_levy_on_flood_both;13;True;both;26;Farroupilha;pharmacy;1552.0;1552.0;0.0;1.0;1552.0
13_levy_on_flood_both;13;True;both;26;Farroupilha;restaurant;6192.0;6192.0;0.0;1.0;6192.0
13_levy_on_flood_both;13;True;both;26;Floresta;marketplace;70384.0;59040.0;11344.0;0.8388270061377586;59040.0
13_levy_on_flood_both;13;True;both;26;Floresta;pharmacy;17576.0;13949.0;3627.0;0.7936390532544378;13949.0
13_levy_on_flood_both;13;True;both;26;Floresta;restaurant;70384.0;54802.0;15582.0;0.7786144578313253;54802.0
13_levy_on_flood_both;13;True;both;26;Independência;marketplace;55080.0;55080.0;0.0;1.0;55080.0
13_levy_on_flood_both;13;True;both;26;Independência;pharmacy;13752.0;13752.0;0.0;1.0;13752.0
13_levy_on_flood_both;13;True;both;26;Independência;restaurant;55080.0;55080.0;0.0;1.0;55080.0
13_levy_on_flood_both;13;True;both;26;Moinhos de Vento;marketplace;79960.0;79960.0;0.0;1.0;79960.0
13_levy_on_flood_both;13;True;both;26;Moinhos de Vento;pharmacy;20000.0;20000.0;0.0;1.0;20000.0
13_levy_on_flood_both;13;True;both;26;Moinhos de Vento;restaurant;79960.0;79960.0;0.0;1.0;79960.0
13_levy_on_flood_both;13;True;both;26;Praia de Belas;marketplace;12176.0;5069.0;7107.0;0.4163107752956636;5069.0
13_levy_on_flood_both;13;True;both;26;Praia de Belas;pharmacy;3048.0;1278.0;1770.0;0.41929133858267714;1278.0
13_levy_on_flood_both;13;True;both;26;Praia de Belas;restaurant;12176.0;4738.0;7438.0;0.38912614980289095;4738.0
13_levy_on_flood_both;13;True;both;26;Rio Branco;marketplace;125680.0;125680.0;0.0;1.0;125680.0
13_levy_on_flood_both;13;True;both;26;Rio Branco;pharmacy;31408.0;31408.0;0.0;1.0;31408.0
13_levy_on_flood_both;13;True;both;26;Rio Branco;restaurant;125680.0;125680.0;0.0;1.0;125680.0
13_levy_on_flood_both;13;True;both;26;Santa Cecília;marketplace;37120.0;37120.0;0.0;1.0;37120.0
13_levy_on_flood_both;13;True;both;26;Santa Cecília;pharmacy;9288.0;9288.0;0.0;1.0;9288.0
13_levy_on_flood_both;13;True;both;26;Santa Cecília;restaurant;37120.0;37120.0;0.0;1.0;37120.0
13_levy_on_flood_both;13;True;both;26;Santana;marketplace;142352.0;142352.0;0.0;1.0;142352.0
13_levy_on_flood_both;13;True;both;26;Santana;pharmacy;35576.0;35576.0;0.0;1.0;35576.0
13_levy_on_flood_both;13;True;both;26;Santana;restaurant;142352.0;142352.0;0.0;1.0;142352.0
13_levy_on_flood_both;13;True;both;27;Azenha;marketplace;96512.0;93273.0;3239.0;0.9664394064986738;93273.0
13_levy_on_flood_both;13;True;both;27;Azenha;pharmacy;24144.0;23834.0;310.0;0.9871603711066932;23834.0
13_levy_on_flood_both;13;True;both;27;Azenha;restaurant;96512.0;93839.0;2673.0;0.9723039622015915;93839.0
13_levy_on_flood_both;13;True;both;27;Bom Fim;marketplace;81280.0;81280.0;0.0;1.0;81280.0
13_levy_on_flood_both;13;True;both;27;Bom Fim;pharmacy;20320.0;20320.0;0.0;1.0;20320.0
13_levy_on_flood_both;13;True;both;27;Bom Fim;restaurant;81280.0;81280.0;0.0;1.0;81280.0
13_levy_on_flood_both;13;True;both;27;Centro Histórico;marketplace;244552.0;240681.0;3871.0;0.9841710556446073;240681.0
13_levy_on_flood_both;13;True;both;27;Centro Histórico;pharmacy;61128.0;60230.0;898.0;0.9853095144614579;60230.0
13_levy_on_flood_both;13;True;both;27;Centro Histórico;restaurant;244552.0;240520.0;4032.0;0.983512708953515;240520.0
13_levy_on_flood_both;13;True;both;27;Cidade Baixa;marketplace;104112.0;93991.0;10121.0;0.9027873828185031;93991.0
13_levy_on_flood_both;13;True;both;27;Cidade Baixa;pharmacy;26024.0;22988.0;3036.0;0.8833384568090993;22988.0
13_levy_on_flood_both;13;True;both;27;Cidade Baixa;restaurant;104112.0;95715.0;8397.0;0.9193464730290456;95715.0
13_levy_on_flood_both;13;True;both;27;Farroupilha;marketplace;6192.0;6192.0;0.0;1.0;6192.0
13_levy_on_flood_both;13;True;both;27;Farroupilha;pharmacy;1552.0;1552.0;0.0;1.0;1552.0
13_levy_on_flood_both;13;True;both;27;Farroupilha;restaurant;6192.0;6192.0;0.0;1.0;6192.0
13_levy_on_flood_both;13;True;both;27;Floresta;marketplace;70384.0;59040.0;11344.0;0.8388270061377586;59040.0
13_levy_on_flood_both;13;True;both;27;Floresta;pharmacy;17576.0;13949.0;3627.0;0.7936390532544378;13949.0
13_levy_on_flood_both;13;True;both;27;Floresta;restaurant;70384.0;54802.0;15582.0;0.7786144578313253;54802.0
13_levy_on_flood_both;13;True;both;27;Independência;marketplace;55080.0;55080.0;0.0;1.0;55080.0
13_levy_on_flood_both;13;True;both;27;Independência;pharmacy;13752.0;13752.0;0.0;1.0;13752.0
13_levy_on_flood_both;13;True;both;27;Independência;restaurant;55080.0;55080.0;0.0;1.0;55080.0
13_levy_on_flood_both;13;True;both;27;Moinhos de Vento;marketplace;79960.0;79960.0;0.0;1.0;79960.0
13_levy_on_flood_both;13;True;both;27;Moinhos de Vento;pharmacy;20000.0;20000.0;0.0;1.0;20000.0
13_levy_on_flood_both;13;True;both;27;Moinhos de Vento;restaurant;79960.0;79960.0;0.0;1.0;79960.0
13_levy_on_flood_both;13;True;both;27;Praia de Belas;marketplace;12176.0;5069.0;7107.0;0.4163107752956636;5069.0
13_levy_on_flood_both;13;True;both;27;Praia de Belas;pharmacy;3048.0;1278.0;1770.0;0.41929133858267714;1278.0
13_levy_on_flood_both;13;True;both;27;Praia de Belas;restaurant;12176.0;4738.0;7438.0;0.38912614980289095;4738.0
13_levy_on_flood_both;13;True;both;27;Rio Branco;marketplace;125680.0;125680.0;0.0;1.0;125680.0
13_levy_on_flood_both;13;True;both;27;Rio Branco;pharmacy;31408.0;31408.0;0.0;1.0;31408.0
13_levy_on_flood_both;13;True;both;27;Rio Branco;restaurant;125680.0;125680.0;0.0;1.0;125680.0
13_levy_on_flood_both;13;True;both;27;Santa Cecília;marketplace;37120.0;37120.0;0.0;1.0;37120.0
13_levy_on_flood_both;13;True;both;27;Santa Cecília;pharmacy;9288.0;9288.0;0.0;1.0;9288.0
13_levy_on_flood_both;13;True;both;27;Santa Cecília;restaurant;37120.0;37120.0;0.0;1.0;37120.0
13_levy_on_flood_both;13;True;both;27;Santana;marketplace;142352.0;142352.0;0.0;1.0;142352.0
13_levy_on_flood_both;13;True;both;27;Santana;pharmacy;35576.0;35576.0;0.0;1.0;35576.0
13_levy_on_flood_both;13;True;both;27;Santana;restaurant;142352.0;142352.0;0.0;1.0;142352.0
13_levy_on_flood_both;13;True;both;28;Azenha;marketplace;96512.0;93273.0;3239.0;0.9664394064986738;93273.0
13_levy_on_flood_both;13;True;both;28;Azenha;pharmacy;24144.0;23834.0;310.0;0.9871603711066932;23834.0
13_levy_on_flood_both;13;True;both;28;Azenha;restaurant;96512.0;93839.0;2673.0;0.9723039622015915;93839.0
13_levy_on_flood_both;13;True;both;28;Bom Fim;marketplace;81280.0;81280.0;0.0;1.0;81280.0
13_levy_on_flood_both;13;True;both;28;Bom Fim;pharmacy;20320.0;20320.0;0.0;1.0;20320.0
13_levy_on_flood_both;13;True;both;28;Bom Fim;restaurant;81280.0;81280.0;0.0;1.0;81280.0
13_levy_on_flood_both;13;True;both;28;Centro Histórico;marketplace;244552.0;240681.0;3871.0;0.9841710556446073;240681.0
13_levy_on_flood_both;13;True;both;28;Centro Histórico;pharmacy;61128.0;60230.0;898.0;0.9853095144614579;60230.0
13_levy_on_flood_both;13;True;both;28;Centro Histórico;restaurant;244552.0;240520.0;4032.0;0.983512708953515;240520.0
13_levy_on_flood_both;13;True;both;28;Cidade Baixa;marketplace;104112.0;93991.0;10121.0;0.9027873828185031;93991.0
13_levy_on_flood_both;13;True;both;28;Cidade Baixa;pharmacy;26024.0;22988.0;3036.0;0.8833384568090993;22988.0
13_levy_on_flood_both;13;True;both;28;Cidade Baixa;restaurant;104112.0;95715.0;8397.0;0.9193464730290456;95715.0
13_levy_on_flood_both;13;True;both;28;Farroupilha;marketplace;6192.0;6192.0;0.0;1.0;6192.0
13_levy_on_flood_both;13;True;both;28;Farroupilha;pharmacy;1552.0;1552.0;0.0;1.0;1552.0
13_levy_on_flood_both;13;True;both;28;Farroupilha;restaurant;6192.0;6192.0;0.0;1.0;6192.0
13_levy_on_flood_both;13;True;both;28;Floresta;marketplace;70384.0;59040.0;11344.0;0.8388270061377586;59040.0
13_levy_on_flood_both;13;True;both;28;Floresta;pharmacy;17576.0;13949.0;3627.0;0.7936390532544378;13949.0
13_levy_on_flood_both;13;True;both;28;Floresta;restaurant;70384.0;54802.0;15582.0;0.7786144578313253;54802.0
13_levy_on_flood_both;13;True;both;28;Independência;marketplace;55080.0;55080.0;0.0;1.0;55080.0
13_levy_on_flood_both;13;True;both;28;Independência;pharmacy;13752.0;13752.0;0.0;1.0;13752.0
13_levy_on_flood_both;13;True;both;28;Independência;restaurant;55080.0;55080.0;0.0;1.0;55080.0
13_levy_on_flood_both;13;True;both;28;Moinhos de Vento;marketplace;79960.0;79960.0;0.0;1.0;79960.0
13_levy_on_flood_both;13;True;both;28;Moinhos de Vento;pharmacy;20000.0;20000.0;0.0;1.0;20000.0
13_levy_on_flood_both;13;True;both;28;Moinhos de Vento;restaurant;79960.0;79960.0;0.0;1.0;79960.0
13_levy_on_flood_both;13;True;both;28;Praia de Belas;marketplace;12176.0;5069.0;7107.0;0.4163107752956636;5069.0
13_levy_on_flood_both;13;True;both;28;Praia de Belas;pharmacy;3048.0;1278.0;1770.0;0.41929133858267714;1278.0
13_levy_on_flood_both;13;True;both;28;Praia de Belas;restaurant;12176.0;4738.0;7438.0;0.38912614980289095;4738.0
13_levy_on_flood_both;13;True;both;28;Rio Branco;marketplace;125680.0;125680.0;0.0;1.0;125680.0
13_levy_on_flood_both;13;True;both;28;Rio Branco;pharmacy;31408.0;31408.0;0.0;1.0;31408.0
13_levy_on_flood_both;13;True;both;28;Rio Branco;restaurant;125680.0;125680.0;0.0;1.0;125680.0
13_levy_on_flood_both;13;True;both;28;Santa Cecília;marketplace;37120.0;37120.0;0.0;1.0;37120.0
13_levy_on_flood_both;13;True;both;28;Santa Cecília;pharmacy;9288.0;9288.0;0.0;1.0;9288.0
13_levy_on_flood_both;13;True;both;28;Santa Cecília;restaurant;37120.0;37120.0;0.0;1.0;37120.0
13_levy_on_flood_both;13;True;both;28;Santana;marketplace;142352.0;142352.0;0.0;1.0;142352.0
13_levy_on_flood_both;13;True;both;28;Santana;pharmacy;35576.0;35576.0;0.0;1.0;35576.0
13_levy_on_flood_both;13;True;both;28;Santana;restaurant;142352.0;142352.0;0.0;1.0;142352.0
13_levy_on_flood_both;13;True;both;29;Azenha;marketplace;96512.0;93273.0;3239.0;0.9664394064986738;93273.0
13_levy_on_flood_both;13;True;both;29;Azenha;pharmacy;24144.0;23834.0;310.0;0.9871603711066932;23834.0
13_levy_on_flood_both;13;True;both;29;Azenha;restaurant;96512.0;93839.0;2673.0;0.9723039622015915;93839.0
13_levy_on_flood_both;13;True;both;29;Bom Fim;marketplace;81280.0;81280.0;0.0;1.0;81280.0
13_levy_on_flood_both;13;True;both;29;Bom Fim;pharmacy;20320.0;20320.0;0.0;1.0;20320.0
13_levy_on_flood_both;13;True;both;29;Bom Fim;restaurant;81280.0;81280.0;0.0;1.0;81280.0
13_levy_on_flood_both;13;True;both;29;Centro Histórico;marketplace;244552.0;240681.0;3871.0;0.9841710556446073;240681.0
13_levy_on_flood_both;13;True;both;29;Centro Histórico;pharmacy;61128.0;60230.0;898.0;0.9853095144614579;60230.0
13_levy_on_flood_both;13;True;both;29;Centro Histórico;restaurant;244552.0;240520.0;4032.0;0.983512708953515;240520.0
13_levy_on_flood_both;13;True;both;29;Cidade Baixa;marketplace;104112.0;93991.0;10121.0;0.9027873828185031;93991.0
13_levy_on_flood_both;13;True;both;29;Cidade Baixa;pharmacy;26024.0;22988.0;3036.0;0.8833384568090993;22988.0
13_levy_on_flood_both;13;True;both;29;Cidade Baixa;restaurant;104112.0;95715.0;8397.0;0.9193464730290456;95715.0
13_levy_on_flood_both;13;True;both;29;Farroupilha;marketplace;6192.0;6192.0;0.0;1.0;6192.0
13_levy_on_flood_both;13;True;both;29;Farroupilha;pharmacy;1552.0;1552.0;0.0;1.0;1552.0
13_levy_on_flood_both;13;True;both;29;Farroupilha;restaurant;6192.0;6192.0;0.0;1.0;6192.0
13_levy_on_flood_both;13;True;both;29;Floresta;marketplace;70384.0;59040.0;11344.0;0.8388270061377586;59040.0
13_levy_on_flood_both;13;True;both;29;Floresta;pharmacy;17576.0;13949.0;3627.0;0.7936390532544378;13949.0
13_levy_on_flood_both;13;True;both;29;Floresta;restaurant;70384.0;54802.0;15582.0;0.7786144578313253;54802.0
13_levy_on_flood_both;13;True;both;29;Independência;marketplace;55080.0;55080.0;0.0;1.0;55080.0
13_levy_on_flood_both;13;True;both;29;Independência;pharmacy;13752.0;13752.0;0.0;1.0;13752.0
13_levy_on_flood_both;13;True;both;29;Independência;restaurant;55080.0;55080.0;0.0;1.0;55080.0
13_levy_on_flood_both;13;True;both;29;Moinhos de Vento;marketplace;79960.0;79960.0;0.0;1.0;79960.0
13_levy_on_flood_both;13;True;both;29;Moinhos de Vento;pharmacy;20000.0;20000.0;0.0;1.0;20000.0
13_levy_on_flood_both;13;True;both;29;Moinhos de Vento;restaurant;79960.0;79960.0;0.0;1.0;79960.0
13_levy_on_flood_both;13;True;both;29;Praia de Belas;marketplace;12176.0;5069.0;7107.0;0.4163107752956636;5069.0
13_levy_on_flood_both;13;True;both;29;Praia de Belas;pharmacy;3048.0;1278.0;1770.0;0.41929133858267714;1278.0
13_levy_on_flood_both;13;True;both;29;Praia de Belas;restaurant;12176.0;4738.0;7438.0;0.38912614980289095;4738.0
13_levy_on_flood_both;13;True;both;29;Rio Branco;marketplace;125680.0;125680.0;0.0;1.0;125680.0
13_levy_on_flood_both;13;True;both;29;Rio Branco;pharmacy;31408.0;31408.0;0.0;1.0;31408.0
13_levy_on_flood_both;13;True;both;29;Rio Branco;restaurant;125680.0;125680.0;0.0;1.0;125680.0
13_levy_on_flood_both;13;True;both;29;Santa Cecília;marketplace;37120.0;37120.0;0.0;1.0;37120.0
13_levy_on_flood_both;13;True;both;29;Santa Cecília;pharmacy;9288.0;9288.0;0.0;1.0;9288.0
13_levy_on_flood_both;13;True;both;29;Santa Cecília;restaurant;37120.0;37120.0;0.0;1.0;37120.0
13_levy_on_flood_both;13;True;both;29;Santana;marketplace;142352.0;142352.0;0.0;1.0;142352.0
13_levy_on_flood_both;13;True;both;29;Santana;pharmacy;35576.0;35576.0;0.0;1.0;35576.0
13_levy_on_flood_both;13;True;both;29;Santana;restaurant;142352.0;142352.0;0.0;1.0;142352.0
94_levy_off_flood_none;94;False;none;0;Aberta dos Morros;marketplace;78832.0;78832.0;0.0;1.0;78832.0
94_levy_off_flood_none;94;False;none;0;Aberta dos Morros;pharmacy;19704.0;19704.0;0.0;1.0;19704.0
94_levy_off_flood_none;94;False;none;0;Aberta dos Morros;restaurant;78832.0;78832.0;0.0;1.0;78832.0
94_levy_off_flood_none;94;False;none;0;Agronomia;marketplace;21416.0;21416.0;0.0;1.0;21416.0
94_levy_off_flood_none;94;False;none;0;Agronomia;pharmacy;5360.0;5360.0;0.0;1.0;5360.0
94_levy_off_flood_none;94;False;none;0;Agronomia;restaurant;21416.0;21416.0;0.0;1.0;21416.0
94_levy_off_flood_none;94;False;none;0;Anchieta;marketplace;6328.0;6328.0;0.0;1.0;6328.0
94_levy_off_flood_none;94;False;none;0;Anchieta;pharmacy;1568.0;1568.0;0.0;1.0;1568.0
94_levy_off_flood_none;94;False;none;0;Anchieta;restaurant;6328.0;6328.0;0.0;1.0;6328.0
94_levy_off_flood_none;94;False;none;0;Arquipélago;marketplace;51288.0;51288.0;0.0;1.0;51288.0
94_levy_off_flood_none;94;False;none;0;Arquipélago;pharmacy;12816.0;12816.0;0.0;1.0;12816.0
94_levy_off_flood_none;94;False;none;0;Arquipélago;restaurant;51288.0;51288.0;0.0;1.0;51288.0
94_levy_off_flood_none;94;False;none;0;Auxiliadora;marketplace;71272.0;71272.0;0.0;1.0;71272.0
94_levy_off_flood_none;94;False;none;0;Auxiliadora;pharmacy;17824.0;17824.0;0.0;1.0;17824.0
94_levy_off_flood_none;94;False;none;0;Auxiliadora;restaurant;71272.0;71272.0;0.0;1.0;71272.0
94_levy_off_flood_none;94;False;none;0;Azenha;marketplace;96512.0;96512.0;0.0;1.0;96512.0
94_levy_off_flood_none;94;False;none;0;Azenha;pharmacy;24144.0;24144.0;0.0;1.0;24144.0
94_levy_off_flood_none;94;False;none;0;Azenha;restaurant;96512.0;96512.0;0.0;1.0;96512.0
94_levy_off_flood_none;94;False;none;0;Bela Vista;marketplace;94552.0;94552.0;0.0;1.0;94552.0
94_levy_off_flood_none;94;False;none;0;Bela Vista;pharmacy;23624.0;23624.0;0.0;1.0;23624.0
94_levy_off_flood_none;94;False;none;0;Bela Vista;restaurant;94552.0;94552.0;0.0;1.0;94552.0
94_levy_off_flood_none;94;False;none;0;Belém Novo;marketplace;78808.0;78808.0;0.0;1.0;78808.0
94_levy_off_flood_none;94;False;none;0;Belém Novo;pharmacy;19696.0;19696.0;0.0;1.0;19696.0
94_levy_off_flood_none;94;False;none;0;Belém Novo;restaurant;78808.0;78808.0;0.0;1.0;78808.0
94_levy_off_flood_none;94;False;none;0;Belém Velho;marketplace;87144.0;87144.0;0.0;1.0;87144.0
94_levy_off_flood_none;94;False;none;0;Belém Velho;pharmacy;21776.0;21776.0;0.0;1.0;21776.0
94_levy_off_flood_none;94;False;none;0;Belém Velho;restaurant;87144.0;87144.0;0.0;1.0;87144.0
94_levy_off_flood_none;94;False;none;0;Boa Vista;marketplace;74032.0;74032.0;0.0;1.0;74032.0
94_levy_off_flood_none;94;False;none;0;Boa Vista;pharmacy;18504.0;18504.0;0.0;1.0;18504.0
94_levy_off_flood_none;94;False;none;0;Boa Vista;restaurant;74032.0;74032.0;0.0;1.0;74032.0
94_levy_off_flood_none;94;False;none;0;Boa Vista do Sul;marketplace;21624.0;21624.0;0.0;1.0;21624.0
94_levy_off_flood_none;94;False;none;0;Boa Vista do Sul;pharmacy;5416.0;5416.0;0.0;1.0;5416.0
94_levy_off_flood_none;94;False;none;0;Boa Vista do Sul;restaurant;21624.0;21624.0;0.0;1.0;21624.0
94_levy_off_flood_none;94;False;none;0;Bom Fim;marketplace;81280.0;81280.0;0.0;1.0;81280.0
94_levy_off_flood_none;94;False;none;0;Bom Fim;pharmacy;20320.0;20320.0;0.0;1.0;20320.0
94_levy_off_flood_none;94;False;none;0;Bom Fim;restaurant;81280.0;81280.0;0.0;1.0;81280.0
94_levy_off_flood_none;94;False;none;0;Bom Jesus;marketplace;196712.0;196712.0;0.0;1.0;196712.0
94_levy_off_flood_none;94;False;none;0;Bom Jesus;pharmacy;49184.0;49184.0;0.0;1.0;49184.0
94_levy_off_flood_none;94;False;none;0;Bom Jesus;restaurant;196712.0;196712.0;0.0;1.0;196712.0
94_levy_off_flood_none;94;False;none;0;Camaquã;marketplace;143480.0;143480.0;0.0;1.0;143480.0
94_levy_off_flood_none;94;False;none;0;Camaquã;pharmacy;35872.0;35872.0;0.0;1.0;35872.0
94_levy_off_flood_none;94;False;none;0;Camaquã;restaurant;143480.0;143480.0;0.0;1.0;143480.0
94_levy_off_flood_none;94;False;none;0;Campo Novo;marketplace;69944.0;69944.0;0.0;1.0;69944.0
94_levy_off_flood_none;94;False;none;0;Campo Novo;pharmacy;17488.0;17488.0;0.0;1.0;17488.0
94_levy_off_flood_none;94;False;none;0;Campo Novo;restaurant;69944.0;69944.0;0.0;1.0;69944.0
94_levy_off_flood_none;94;False;none;0;Cascata;marketplace;73872.0;73872.0;0.0;1.0;73872.0
94_levy_off_flood_none;94;False;none;0;Cascata;pharmacy;18496.0;18496.0;0.0;1.0;18496.0
94_levy_off_flood_none;94;False;none;0;Cascata;restaurant;73872.0;73872.0;0.0;1.0;73872.0
94_levy_off_flood_none;94;False;none;0;Cavalhada;marketplace;201672.0;201672.0;0.0;1.0;201672.0
94_levy_off_flood_none;94;False;none;0;Cavalhada;pharmacy;50384.0;50384.0;0.0;1.0;50384.0
94_levy_off_flood_none;94;False;none;0;Cavalhada;restaurant;201672.0;201672.0;0.0;1.0;201672.0
94_levy_off_flood_none;94;False;none;0;Centro Histórico;marketplace;244552.0;244552.0;0.0;1.0;244552.0
94_levy_off_flood_none;94;False;none;0;Centro Histórico;pharmacy;61128.0;61128.0;0.0;1.0;61128.0
94_levy_off_flood_none;94;False;none;0;Centro Histórico;restaurant;244552.0;244552.0;0.0;1.0;244552.0
94_levy_off_flood_none;94;False;none;0;Chapéu do Sol;marketplace;36192.0;36192.0;0.0;1.0;36192.0
94_levy_off_flood_none;94;False;none;0;Chapéu do Sol;pharmacy;9048.0;9048.0;0.0;1.0;9048.0
94_levy_off_flood_none;94;False;none;0;Chapéu do Sol;restaurant;36192.0;36192.0;0.0;1.0;36192.0
94_levy_off_flood_none;94;False;none;0;Chácara das Pedras;marketplace;45112.0;45112.0;0.0;1.0;45112.0
94_levy_off_flood_none;94;False;none;0;Chácara das Pedras;pharmacy;11280.0;11280.0;0.0;1.0;11280.0
94_levy_off_flood_none;94;False;none;0;Chácara das Pedras;restaurant;45112.0;45112.0;0.0;1.0;45112.0
94_levy_off_flood_none;94;False;none;0;Cidade Baixa;marketplace;104112.0;104112.0;0.0;1.0;104112.0
94_levy_off_flood_none;94;False;none;0;Cidade Baixa;pharmacy;26024.0;26024.0;0.0;1.0;26024.0
94_levy_off_flood_none;94;False;none;0;Cidade Baixa;restaurant;104112.0;104112.0;0.0;1.0;104112.0
94_levy_off_flood_none;94;False;none;0;Coronel Aparício Borges;marketplace;151728.0;151728.0;0.0;1.0;151728.0
94_levy_off_flood_none;94;False;none;0;Coronel Aparício Borges;pharmacy;37944.0;37944.0;0.0;1.0;37944.0
94_levy_off_flood_none;94;False;none;0;Coronel Aparício Borges;restaurant;151728.0;151728.0;0.0;1.0;151728.0
94_levy_off_flood_none;94;False;none;0;Costa e Silva;marketplace;108680.0;108680.0;0.0;1.0;108680.0
94_levy_off_flood_none;94;False;none;0;Costa e Silva;pharmacy;27168.0;27168.0;0.0;1.0;27168.0
94_levy_off_flood_none;94;False;none;0;Costa e Silva;restaurant;108680.0;108680.0;0.0;1.0;108680.0
94_levy_off_flood_none;94;False;none;0;Cristal;marketplace;198808.0;198808.0;0.0;1.0;198808.0
94_levy_off_flood_none;94;False;none;0;Cristal;pharmacy;49680.0;49680.0;0.0;1.0;49680.0
94_levy_off_flood_none;94;False;none;0;Cristal;restaurant;198808.0;198808.0;0.0;1.0;198808.0
94_levy_off_flood_none;94;False;none;0;Cristo Redentor;marketplace;121152.0;121152.0;0.0;1.0;121152.0
94_levy_off_flood_none;94;False;none;0;Cristo Redentor;pharmacy;30280.0;30280.0;0.0;1.0;30280.0
94_levy_off_flood_none;94;False;none;0;Cristo Redentor;restaurant;121152.0;121152.0;0.0;1.0;121152.0
94_levy_off_flood_none;94;False;none;0;Espírito Santo;marketplace;39624.0;39624.0;0.0;1.0;39624.0
94_levy_off_flood_none;94;False;none;0;Espírito Santo;pharmacy;9904.0;9904.0;0.0;1.0;9904.0
94_levy_off_flood_none;94;False;none;0;Espírito Santo;restaurant;39624.0;39624.0;0.0;1.0;39624.0
94_levy_off_flood_none;94;False;none;0;Extrema;marketplace;18880.0;18880.0;0.0;1.0;18880.0
94_levy_off_flood_none;94;False;none;0;Extrema;pharmacy;4728.0;4728.0;0.0;1.0;4728.0
94_levy_off_flood_none;94;False;none;0;Extrema;restaurant;18880.0;18880.0;0.0;1.0;18880.0
94_levy_off_flood_none;94;False;none;0;Farrapos;marketplace;140728.0;140728.0;0.0;1.0;140728.0
94_levy_off_flood_none;94;False;none;0;Farrapos;pharmacy;35176.0;35176.0;0.0;1.0;35176.0
94_levy_off_flood_none;94;False;none;0;Farrapos;restaurant;140728.0;140728.0;0.0;1.0;140728.0
94_levy_off_flood_none;94;False;none;0;Farroupilha;marketplace;6192.0;6192.0;0.0;1.0;6192.0
94_levy_off_flood_none;94;False;none;0;Farroupilha;pharmacy;1552.0;1552.0;0.0;1.0;1552.0
94_levy_off_flood_none;94;False;none;0;Farroupilha;restaurant;6192.0;6192.0;0.0;1.0;6192.0
94_levy_off_flood_none;94;False;none;0;Floresta;marketplace;70384.0;70384.0;0.0;1.0;70384.0
94_levy_off_flood_none;94;False;none;0;Floresta;pharmacy;17576.0;17576.0;0.0;1.0;17576.0
94_levy_off_flood_none;94;False;none;0;Floresta;restaurant;70384.0;70384.0;0.0;1.0;70384.0
94_levy_off_flood_none;94;False;none;0;Glória;marketplace;121984.0;121984.0;0.0;1.0;121984.0
94_levy_off_flood_none;94;False;none;0;Glória;pharmacy;30512.0;30512.0;0.0;1.0;30512.0
94_levy_off_flood_none;94;False;none;0;Glória;restaurant;121984.0;121984.0;0.0;1.0;121984.0
94_levy_off_flood_none;94;False;none;0;Guarujá;marketplace;49160.0;49160.0;0.0;1.0;49160.0
94_levy_off_flood_none;94;False;none;0;Guarujá;pharmacy;12288.0;12288.0;0.0;1.0;12288.0
94_levy_off_flood_none;94;False;none;0;Guarujá;restaurant;49160.0;49160.0;0.0;1.0;49160.0
94_levy_off_flood_none;94;False;none;0;Higienópolis;marketplace;82272.0;82272.0;0.0;1.0;82272.0
94_levy_off_flood_none;94;False;none;0;Higienópolis;pharmacy;20584.0;20584.0;0.0;1.0;20584.0
94_levy_off_flood_none;94;False;none;0;Higienópolis;restaurant;82272.0;82272.0;0.0;1.0;82272.0
94_levy_off_flood_none;94;False;none;0;Humaitá;marketplace;101952.0;101952.0;0.0;1.0;101952.0
94_levy_off_flood_none;94;False;none;0;Humaitá;pharmacy;25488.0;25488.0;0.0;1.0;25488.0
94_levy_off_flood_none;94;False;none;0;Humaitá;restaurant;101952.0;101952.0;0.0;1.0;101952.0
94_levy_off_flood_none;94;False;none;0;Hípica;marketplace;225880.0;225880.0;0.0;1.0;225880.0
94_levy_off_flood_none;94;False;none;0;Hípica;pharmacy;56504.0;56504.0;0.0;1.0;56504.0
94_levy_off_flood_none;94;False;none;0;Hípica;restaurant;225880.0;225880.0;0.0;1.0;225880.0
94_levy_off_flood_none;94;False;none;0;Independência;marketplace;55080.0;55080.0;0.0;1.0;55080.0
94_levy_off_flood_none;94;False;none;0;Independência;pharmacy;13752.0;13752.0;0.0;1.0;13752.0
94_levy_off_flood_none;94;False;none;0;Independência;restaurant;55080.0;55080.0;0.0;1.0;55080.0
94_levy_off_flood_none;94;False;none;0;Ipanema;marketplace;107224.0;107224.0;0.0;1.0;107224.0
94_levy_off_flood_none;94;False;none;0;Ipanema;pharmacy;26816.0;26816.0;0.0;1.0;26816.0
94_levy_off_flood_none;94;False;none;0;Ipanema;restaurant;107224.0;107224.0;0.0;1.0;107224.0
94_levy_off_flood_none;94;False;none;0;Jardim Botânico;marketplace;90792.0;90792.0;0.0;1.0;90792.0
94_levy_off_flood_none;94;False;none;0;Jardim Botânico;pharmacy;22704.0;22704.0;0.0;1.0;22704.0
94_levy_off_flood_none;94;False;none;0;Jardim Botânico;restaurant;90792.0;90792.0;0.0;1.0;90792.0
94_levy_off_flood_none;94;False;none;0;Jardim Carvalho;marketplace;187240.0;187240.0;0.0;1.0;187240.0
94_levy_off_flood_none;94;False;none;0;Jardim Carvalho;pharmacy;46808.0;46808.0;0.0;1.0;46808.0
94_levy_off_flood_none;94;False;none;0;Jardim Carvalho;restaurant;187240.0;187240.0;0.0;1.0;187240.0
94_levy_off_flood_none;94;False;none;0;Jardim Europa;marketplace;34976.0;34976.0;0.0;1.0;34976.0
94_levy_off_flood_none;94;False;none;0;Jardim Europa;pharmacy;8744.0;8744.0;0.0;1.0;8744.0
94_levy_off_flood_none;94;False;none;0;Jardim Europa;restaurant;34976.0;34976.0;0.0;1.0;34976.0
94_levy_off_flood_none;94;False;none;0;Jardim Floresta;marketplace;17824.0;17824.0;0.0;1.0;17824.0
94_levy_off_flood_none;94;False;none;0;Jardim Floresta;pharmacy;4456.0;4456.0;0.0;1.0;4456.0
94_levy_off_flood_none;94;False;none;0;Jardim Floresta;restaurant;17824.0;17824.0;0.0;1.0;17824.0
94_levy_off_flood_none;94;False;none;0;Jardim Isabel;marketplace;20736.0;20736.0;0.0;1.0;20736.0
94_levy_off_flood_none;94;False;none;0;Jardim Isabel;pharmacy;5192.0;5192.0;0.0;1.0;5192.0
94_levy_off_flood_none;94;False;none;0;Jardim Isabel;restaurant;20736.0;20736.0;0.0;1.0;20736.0
94_levy_off_flood_none;94;False;none;0;Jardim Itu;marketplace;140520.0;140520.0;0.0;1.0;140520.0
94_levy_off_flood_none;94;False;none;0;Jardim Itu;pharmacy;35128.0;35128.0;0.0;1.0;35128.0
94_levy_off_flood_none;94;False;none;0;Jardim Itu;restaurant;140520.0;140520.0;0.0;1.0;140520.0
94_levy_off_flood_none;94;False;none;0;Jardim Leopoldina;marketplace;129208.0;129208.0;0.0;1.0;129208.0
94_levy_off_flood_none;94;False;none;0;Jardim Leopoldina;pharmacy;32320.0;32320.0;0.0;1.0;32320.0
94_levy_off_flood_none;94;False;none;0;Jardim Leopoldina;restaurant;129208.0;129208.0;0.0;1.0;129208.0
94_levy_off_flood_none;94;False;none;0;Jardim Lindóia;marketplace;60696.0;60696.0;0.0;1.0;60696.0
94_levy_off_flood_none;94;False;none;0;Jardim Lindóia;pharmacy;15168.0;15168.0;0.0;1.0;15168.0
94_levy_off_flood_none;94;False;none;0;Jardim Lindóia;restaurant;60696.0;60696.0;0.0;1.0;60696.0
94_levy_off_flood_none;94;False;none;0;Jardim Sabará;marketplace;90160.0;90160.0;0.0;1.0;90160.0
94_levy_off_flood_none;94;False;none;0;Jardim Sabará;pharmacy;22536.0;22536.0;0.0;1.0;22536.0
94_levy_off_flood_none;94;False;none;0;Jardim Sabará;restaurant;90160.0;90160.0;0.0;1.0;90160.0
94_levy_off_flood_none;94;False;none;0;Jardim São Pedro;marketplace;26560.0;26560.0;0.0;1.0;26560.0
94_levy_off_flood_none;94;False;none;0;Jardim São Pedro;pharmacy;6632.0;6632.0;0.0;1.0;6632.0
94_levy_off_flood_none;94;False;none;0;Jardim São Pedro;restaurant;26560.0;26560.0;0.0;1.0;26560.0
94_levy_off_flood_none;94;False;none;0;Jardim do Salso;marketplace;52608.0;52608.0;0.0;1.0;52608.0
94_levy_off_flood_none;94;False;none;0;Jardim do Salso;pharmacy;13144.0;13144.0;0.0;1.0;13144.0
94_levy_off_flood_none;94;False;none;0;Jardim do Salso;restaurant;52608.0;52608.0;0.0;1.0;52608.0
94_levy_off_flood_none;94;False;none;0;Lageado;marketplace;45408.0;45408.0;0.0;1.0;45408.0
94_levy_off_flood_none;94;False;none;0;Lageado;pharmacy;11360.0;11360.0;0.0;1.0;11360.0
94_levy_off_flood_none;94;False;none;0;Lageado;restaurant;45408.0;45408.0;0.0;1.0;45408.0
94_levy_off_flood_none;94;False;none;0;Lami;marketplace;53416.0;53416.0;0.0;1.0;53416.0
94_levy_off_flood_none;94;False;none;0;Lami;pharmacy;13344.0;13344.0;0.0;1.0;13344.0
94_levy_off_flood_none;94;False;none;0;Lami;restaurant;53416.0;53416.0;0.0;1.0;53416.0
94_levy_off_flood_none;94;False;none;0;Lomba do Pinheiro;marketplace;473600.0;473600.0;0.0;1.0;473600.0
94_levy_off_flood_none;94;False;none;0;Lomba do Pinheiro;pharmacy;118400.0;118400.0;0.0;1.0;118400.0
94_levy_off_flood_none;94;False;none;0;Lomba do Pinheiro;restaurant;473600.0;473600.0;0.0;1.0;473600.0
94_levy_off_flood_none;94;False;none;0;Medianeira;marketplace;69992.0;69992.0;0.0;1.0;69992.0
94_levy_off_flood_none;94;False;none;0;Medianeira;pharmacy;17488.0;17488.0;0.0;1.0;17488.0
94_levy_off_flood_none;94;False;none;0;Medianeira;restaurant;69992.0;69992.0;0.0;1.0;69992.0
94_levy_off_flood_none;94;False;none;0;Menino-Deus;marketplace;223688.0;223688.0;0.0;1.0;223688.0
94_levy_off_flood_none;94;False;none;0;Menino-Deus;pharmacy;55896.0;55896.0;0.0;1.0;55896.0
94_levy_off_flood_none;94;False;none;0;Menino-Deus;restaurant;223688.0;223688.0;0.0;1.0;223688.0
94_levy_off_flood_none;94;False;none;0;Moinhos de Vento;marketplace;79960.0;79960.0;0.0;1.0;79960.0
94_levy_off_flood_none;94;False;none;0;Moinhos de Vento;pharmacy;20000.0;20000.0;0.0;1.0;20000.0
94_levy_off_flood_none;94;False;none;0;Moinhos de Vento;restaurant;79960.0;79960.0;0.0;1.0;79960.0
94_levy_off_flood_none;94;False;none;0;Mont’Serrat;marketplace;82856.0;82856.0;0.0;1.0;82856.0
94_levy_off_flood_none;94;False;none;0;Mont’Serrat;pharmacy;20712.0;20712.0;0.0;1.0;20712.0
94_levy_off_flood_none;94;False;none;0;Mont’Serrat;restaurant;82856.0;82856.0;0.0;1.0;82856.0
94_levy_off_flood_none;94;False;none;0;Morro Santana;marketplace;173120.0;173120.0;0.0;1.0;173120.0
94_levy_off_flood_none;94;False;none;0;Morro Santana;pharmacy;43256.0;43256.0;0.0;1.0;43256.0
94_levy_off_flood_none;94;False;none;0;Morro Santana;restaurant;173120.0;173120.0;0.0;1.0;173120.0
94_levy_off_flood_none;94;False;none;0;Mário Quintana;marketplace;352544.0;352544.0;0.0;1.0;352544.0
94_levy_off_flood_none;94;False;none;0;Mário Quintana;pharmacy;88112.0;88112.0;0.0;1.0;88112.0
94_levy_off_flood_none;94;False;none;0;Mário Quintana;restaurant;352544.0;352544.0;0.0;1.0;352544.0
94_levy_off_flood_none;94;False;none;0;Navegantes;marketplace;26520.0;26520.0;0.0;1.0;26520.0
94_levy_off_flood_none;94;False;none;0;Navegantes;pharmacy;6624.0;6624.0;0.0;1.0;6624.0
94_levy_off_flood_none;94;False;none;0;Navegantes;restaurant;26520.0;26520.0;0.0;1.0;26520.0
94_levy_off_flood_none;94;False;none;0;Nonoai;marketplace;166208.0;166208.0;0.0;1.0;166208.0
94_levy_off_flood_none;94;False;none;0;Nonoai;pharmacy;41560.0;41560.0;0.0;1.0;41560.0
94_levy_off_flood_none;94;False;none;0;Nonoai;restaurant;166208.0;166208.0;0.0;1.0;166208.0
94_levy_off_flood_none;94;False;none;0;Parque Santa Fé;marketplace;53384.0;53384.0;0.0;1.0;53384.0
94_levy_off_flood_none;94;False;none;0;Parque Santa Fé;pharmacy;13352.0;13352.0;0.0;1.0;13352.0
94_levy_off_flood_none;94;False;none;0;Parque Santa Fé;restaurant;53384.0;53384.0;0.0;1.0;53384.0
94_levy_off_flood_none;94;False;none;0;Partenon;marketplace;348696.0;348696.0;0.0;1.0;348696.0
94_levy_off_flood_none;94;False;none;0;Partenon;pharmacy;87224.0;87224.0;0.0;1.0;87224.0
94_levy_off_flood_none;94;False;none;0;Partenon;restaurant;348696.0;348696.0;0.0;1.0;348696.0
94_levy_off_flood_none;94;False;none;0;Passo da Areia;marketplace;180240.0;180240.0;0.0;1.0;180240.0
94_levy_off_flood_none;94;False;none;0;Passo da Areia;pharmacy;45064.0;45064.0;0.0;1.0;45064.0
94_levy_off_flood_none;94;False;none;0;Passo da Areia;restaurant;180240.0;180240.0;0.0;1.0;180240.0
94_levy_off_flood_none;94;False;none;0;Passo das Pedras;marketplace;115480.0;115480.0;0.0;1.0;115480.0
94_levy_off_flood_none;94;False;none;0;Passo das Pedras;pharmacy;28856.0;28856.0;0.0;1.0;28856.0
94_levy_off_flood_none;94;False;none;0;Passo das Pedras;restaurant;115480.0;115480.0;0.0;1.0;115480.0
94_levy_off_flood_none;94;False;none;0;Pedra Redonda;marketplace;4560.0;4560.0;0.0;1.0;4560.0
94_levy_off_flood_none;94;False;none;0;Pedra Redonda;pharmacy;1144.0;1144.0;0.0;1.0;1144.0
94_levy_off_flood_none;94;False;none;0;Pedra Redonda;restaurant;4560.0;4560.0;0.0;1.0;4560.0
94_levy_off_flood_none;94;False;none;0;Petrópolis;marketplace;300904.0;300904.0;0.0;1.0;300904.0
94_levy_off_flood_none;94;False;none;0;Petrópolis;pharmacy;75256.0;75256.0;0.0;1.0;75256.0
94_levy_off_flood_none;94;False;none;0;Petrópolis;restaurant;300904.0;300904.0;0.0;1.0;300904.0
94_levy_off_flood_none;94;False;none;0;Pitinga;marketplace;56096.0;56096.0;0.0;1.0;56096.0
94_levy_off_flood_none;94;False;none;0;Pitinga;pharmacy;14024.0;14024.0;0.0;1.0;14024.0
94_levy_off_flood_none;94;False;none;0;Pitinga;restaurant;56096.0;56096.0;0.0;1.0;56096.0
94_levy_off_flood_none;94;False;none;0;Ponta Grossa;marketplace;71512.0;71512.0;0.0;1.0;71512.0
94_levy_off_flood_none;94;False;none;0;Ponta Grossa;pharmacy;17880.0;17880.0;0.0;1.0;17880.0
94_levy_off_flood_none;94;False;none;0;Ponta Grossa;restaurant;71512.0;71512.0;0.0;1.0;71512.0
94_levy_off_flood_none;94;False;none;0;Praia de Belas;marketplace;12176.0;12176.0;0.0;1.0;12176.0
94_levy_off_flood_none;94;False;none;0;Praia de Belas;pharmacy;3048.0;3048.0;0.0;1.0;3048.0
94_levy_off_flood_none;94;False;none;0;Praia de Belas;restaurant;12176.0;12176.0;0.0;1.0;12176.0
94_levy_off_flood_none;94;False;none;0;Restinga;marketplace;499584.0;499584.0;0.0;1.0;499584.0
94_levy_off_flood_none;94;False;none;0;Restinga;pharmacy;124840.0;124840.0;0.0;1.0;124840.0
94_levy_off_flood_none;94;False;none;0;Restinga;restaurant;499584.0;499584.0;0.0;1.0;499584.0
94_levy_off_flood_none;94;False;none;0;Rio Branco;marketplace;125680.0;125680.0;0.0;1.0;125680.0
94_levy_off_flood_none;94;False;none;0;Rio Branco;pharmacy;31408.0;31408.0;0.0;1.0;31408.0
94_levy_off_flood_none;94;False;none;0;Rio Branco;restaurant;125680.0;125680.0;0.0;1.0;125680.0
94_levy_off_flood_none;94;False;none;0;Rubem Berta;marketplace;223440.0;223440.0;0.0;1.0;223440.0
94_levy_off_flood_none;94;False;none;0;Rubem Berta;pharmacy;55848.0;55848.0;0.0;1.0;55848.0
94_levy_off_flood_none;94;False;none;0;Rubem Berta;restaurant;223440.0;223440.0;0.0;1.0;223440.0
94_levy_off_flood_none;94;False;none;0;Santa Cecília;marketplace;37120.0;37120.0;0.0;1.0;37120.0
94_levy_off_flood_none;94;False;none;0;Santa Cecília;pharmacy;9288.0;9288.0;0.0;1.0;9288.0
94_levy_off_flood_none;94;False;none;0;Santa Cecília;restaurant;37120.0;37120.0;0.0;1.0;37120.0
94_levy_off_flood_none;94;False;none;0;Santa Maria Goretti;marketplace;24280.0;24280.0;0.0;1.0;24280.0
94_levy_off_flood_none;94;False;none;0;Santa Maria Goretti;pharmacy;6080.0;6080.0;0.0;1.0;6080.0
94_levy_off_flood_none;94;False;none;0;Santa Maria Goretti;restaurant;24280.0;24280.0;0.0;1.0;24280.0
94_levy_off_flood_none;94;False;none;0;Santa Rosa de Lima;marketplace;277016.0;277016.0;0.0;1.0;277016.0
94_levy_off_flood_none;94;False;none;0;Santa Rosa de Lima;pharmacy;69280.0;69280.0;0.0;1.0;69280.0
94_levy_off_flood_none;94;False;none;0;Santa Rosa de Lima;restaurant;277016.0;277016.0;0.0;1.0;277016.0
94_levy_off_flood_none;94;False;none;0;Santa Tereza;marketplace;250864.0;250864.0;0.0;1.0;250864.0
94_levy_off_flood_none;94;False;none;0;Santa Tereza;pharmacy;62736.0;62736.0;0.0;1.0;62736.0
94_levy_off_flood_none;94;False;none;0;Santa Tereza;restaurant;250864.0;250864.0;0.0;1.0;250864.0
94_levy_off_flood_none;94;False;none;0;Santana;marketplace;142352.0;142352.0;0.0;1.0;142352.0
94_levy_off_flood_none;94;False;none;0;Santana;pharmacy;35576.0;35576.0;0.0;1.0;35576.0
94_levy_off_flood_none;94;False;none;0;Santana;restaurant;142352.0;142352.0;0.0;1.0;142352.0
94_levy_off_flood_none;94;False;none;0;Santo Antônio;marketplace;104840.0;104840.0;0.0;1.0;104840.0
94_levy_off_flood_none;94;False;none;0;Santo Antônio;pharmacy;26192.0;26192.0;0.0;1.0;26192.0
94_levy_off_flood_none;94;False;none;0;Santo Antônio;restaurant;104840.0;104840.0;0.0;1.0;104840.0
94_levy_off_flood_none;94;False;none;0;Sarandi;marketplace;412312.0;412312.0;0.0;1.0;412312.0
94_levy_off_flood_none;94;False;none;0;Sarandi;pharmacy;103032.0;103032.0;0.0;1.0;103032.0
94_levy_off_flood_none;94;False;none;0;Sarandi;restaurant;412312.0;412312.0;0.0;1.0;412312.0
94_levy_off_flood_none;94;False;none;0;Serraria;marketplace;35080.0;35080.0;0.0;1.0;35080.0
94_levy_off_flood_none;94;False;none;0;Serraria;pharmacy;8768.0;8768.0;0.0;1.0;8768.0
94_levy_off_flood_none;94;False;none;0;Serraria;restaurant;35080.0;35080.0;0.0;1.0;35080.0
94_levy_off_flood_none;94;False;none;0;São Caetano;marketplace;5864.0;5864.0;0.0;1.0;5864.0
94_levy_off_flood_none;94;False;none;0;São Caetano;pharmacy;1472.0;1472.0;0.0;1.0;1472.0
94_levy_off_flood_none;94;False;none;0;São Caetano;restaurant;5864.0;5864.0;0.0;1.0;5864.0
94_levy_off_flood_none;94;False;none;0;São Geraldo;marketplace;55584.0;55584.0;0.0;1.0;55584.0
94_levy_off_flood_none;94;False;none;0;São Geraldo;pharmacy;13896.0;13896.0;0.0;1.0;13896.0
94_levy_off_flood_none;94;False;none;0;São Geraldo;restaurant;55584.0;55584.0;0.0;1.0;55584.0
94_levy_off_flood_none;94;False;none;0;São João;marketplace;84968.0;84968.0;0.0;1.0;84968.0
94_levy_off_flood_none;94;False;none;0;São João;pharmacy;21232.0;21232.0;0.0;1.0;21232.0
94_levy_off_flood_none;94;False;none;0;São João;restaurant;84968.0;84968.0;0.0;1.0;84968.0
94_levy_off_flood_none;94;False;none;0;São Sebastião;marketplace;60112.0;60112.0;0.0;1.0;60112.0
94_levy_off_flood_none;94;False;none;0;São Sebastião;pharmacy;15040.0;15040.0;0.0;1.0;15040.0
94_levy_off_flood_none;94;False;none;0;São Sebastião;restaurant;60112.0;60112.0;0.0;1.0;60112.0
94_levy_off_flood_none;94;False;none;0;Sétimo Céu;marketplace;9328.0;9328.0;0.0;1.0;9328.0
94_levy_off_flood_none;94;False;none;0;Sétimo Céu;pharmacy;2328.0;2328.0;0.0;1.0;2328.0
94_levy_off_flood_none;94;False;none;0;Sétimo Céu;restaurant;9328.0;9328.0;0.0;1.0;9328.0
94_levy_off_flood_none;94;False;none;0;Teresópolis;marketplace;104576.0;104576.0;0.0;1.0;104576.0
94_levy_off_flood_none;94;False;none;0;Teresópolis;pharmacy;26160.0;26160.0;0.0;1.0;26160.0
94_levy_off_flood_none;94;False;none;0;Teresópolis;restaurant;104576.0;104576.0;0.0;1.0;104576.0
94_levy_off_flood_none;94;False;none;0;Tristeza;marketplace;137608.0;137608.0;0.0;1.0;137608.0
94_levy_off_flood_none;94;False;none;0;Tristeza;pharmacy;34384.0;34384.0;0.0;1.0;34384.0
94_levy_off_flood_none;94;False;none;0;Tristeza;restaurant;137608.0;137608.0;0.0;1.0;137608.0
94_levy_off_flood_none;94;False;none;0;Três Figueiras;marketplace;32128.0;32128.0;0.0;1.0;32128.0
94_levy_off_flood_none;94;False;none;0;Três Figueiras;pharmacy;8032.0;8032.0;0.0;1.0;8032.0
94_levy_off_flood_none;94;False;none;0;Três Figueiras;restaurant;32128.0;32128.0;0.0;1.0;32128.0
94_levy_off_flood_none;94;False;none;0;Vila Assunção;marketplace;31792.0;31792.0;0.0;1.0;31792.0
94_levy_off_flood_none;94;False;none;0;Vila Assunção;pharmacy;7936.0;7936.0;0.0;1.0;7936.0
94_levy_off_flood_none;94;False;none;0;Vila Assunção;restaurant;31792.0;31792.0;0.0;1.0;31792.0
94_levy_off_flood_none;94;False;none;0;Vila Conceição;marketplace;7752.0;7752.0;0.0;1.0;7752.0
94_levy_off_flood_none;94;False;none;0;Vila Conceição;pharmacy;1944.0;1944.0;0.0;1.0;1944.0
94_levy_off_flood_none;94;False;none;0;Vila Conceição;restaurant;7752.0;7752.0;0.0;1.0;7752.0
94_levy_off_flood_none;94;False;none;0;Vila Ipiranga;marketplace;144328.0;144328.0;0.0;1.0;144328.0
94_levy_off_flood_none;94;False;none;0;Vila Ipiranga;pharmacy;36088.0;36088.0;0.0;1.0;36088.0
94_levy_off_flood_none;94;False;none;0;Vila Ipiranga;restaurant;144328.0;144328.0;0.0;1.0;144328.0
94_levy_off_flood_none;94;False;none;0;Vila Jardim;marketplace;91288.0;91288.0;0.0;1.0;91288.0
94_levy_off_flood_none;94;False;none;0;Vila Jardim;pharmacy;22816.0;22816.0;0.0;1.0;22816.0
94_levy_off_flood_none;94;False;none;0;Vila Jardim;restaurant;91288.0;91288.0;0.0;1.0;91288.0
94_levy_off_flood_none;94;False;none;0;Vila João Pessoa;marketplace;83448.0;83448.0;0.0;1.0;83448.0
94_levy_off_flood_none;94;False;none;0;Vila João Pessoa;pharmacy;20856.0;20856.0;0.0;1.0;20856.0
94_levy_off_flood_none;94;False;none;0;Vila João Pessoa;restaurant;83448.0;83448.0;0.0;1.0;83448.0
94_levy_off_flood_none;94;False;none;0;Vila Nova;marketplace;257736.0;257736.0;0.0;1.0;257736.0
94_levy_off_flood_none;94;False;none;0;Vila Nova;pharmacy;64480.0;64480.0;0.0;1.0;64480.0
94_levy_off_flood_none;94;False;none;0;Vila Nova;restaurant;257736.0;257736.0;0.0;1.0;257736.0
94_levy_off_flood_none;94;False;none;0;Vila São José;marketplace;192088.0;192088.0;0.0;1.0;192088.0
94_levy_off_flood_none;94;False;none;0;Vila São José;pharmacy;48040.0;48040.0;0.0;1.0;48040.0
94_levy_off_flood_none;94;False;none;0;Vila São José;restaurant;192088.0;192088.0;0.0;1.0;192088.0
94_levy_on_flood_none;94;True;none;0;Aberta dos Morros;marketplace;78832.0;78832.0;0.0;1.0;78832.0
94_levy_on_flood_none;94;True;none;0;Aberta dos Morros;pharmacy;19704.0;19704.0;0.0;1.0;19704.0
94_levy_on_flood_none;94;True;none;0;Aberta dos Morros;restaurant;78832.0;78832.0;0.0;1.0;78832.0
94_levy_on_flood_none;94;True;none;0;Agronomia;marketplace;21416.0;21416.0;0.0;1.0;21416.0
94_levy_on_flood_none;94;True;none;0;Agronomia;pharmacy;5360.0;5360.0;0.0;1.0;5360.0
94_levy_on_flood_none;94;True;none;0;Agronomia;restaurant;21416.0;21416.0;0.0;1.0;21416.0
94_levy_on_flood_none;94;True;none;0;Anchieta;marketplace;6328.0;6328.0;0.0;1.0;6328.0
94_levy_on_flood_none;94;True;none;0;Anchieta;pharmacy;1568.0;1568.0;0.0;1.0;1568.0
94_levy_on_flood_none;94;True;none;0;Anchieta;restaurant;6328.0;6328.0;0.0;1.0;6328.0
94_levy_on_flood_none;94;True;none;0;Arquipélago;marketplace;51288.0;51288.0;0.0;1.0;51288.0
94_levy_on_flood_none;94;True;none;0;Arquipélago;pharmacy;12816.0;12816.0;0.0;1.0;12816.0
94_levy_on_flood_none;94;True;none;0;Arquipélago;restaurant;51288.0;51288.0;0.0;1.0;51288.0
94_levy_on_flood_none;94;True;none;0;Auxiliadora;marketplace;71272.0;71272.0;0.0;1.0;71272.0
94_levy_on_flood_none;94;True;none;0;Auxiliadora;pharmacy;17824.0;17824.0;0.0;1.0;17824.0
94_levy_on_flood_none;94;True;none;0;Auxiliadora;restaurant;71272.0;71272.0;0.0;1.0;71272.0
94_levy_on_flood_none;94;True;none;0;Azenha;marketplace;96512.0;96512.0;0.0;1.0;96512.0
94_levy_on_flood_none;94;True;none;0;Azenha;pharmacy;24144.0;24144.0;0.0;1.0;24144.0
94_levy_on_flood_none;94;True;none;0;Azenha;restaurant;96512.0;96512.0;0.0;1.0;96512.0
94_levy_on_flood_none;94;True;none;0;Bela Vista;marketplace;94552.0;94552.0;0.0;1.0;94552.0
94_levy_on_flood_none;94;True;none;0;Bela Vista;pharmacy;23624.0;23624.0;0.0;1.0;23624.0
94_levy_on_flood_none;94;True;none;0;Bela Vista;restaurant;94552.0;94552.0;0.0;1.0;94552.0
94_levy_on_flood_none;94;True;none;0;Belém Novo;marketplace;78808.0;78808.0;0.0;1.0;78808.0
94_levy_on_flood_none;94;True;none;0;Belém Novo;pharmacy;19696.0;19696.0;0.0;1.0;19696.0
94_levy_on_flood_none;94;True;none;0;Belém Novo;restaurant;78808.0;78808.0;0.0;1.0;78808.0
94_levy_on_flood_none;94;True;none;0;Belém Velho;marketplace;87144.0;87144.0;0.0;1.0;87144.0
94_levy_on_flood_none;94;True;none;0;Belém Velho;pharmacy;21776.0;21776.0;0.0;1.0;21776.0
94_levy_on_flood_none;94;True;none;0;Belém Velho;restaurant;87144.0;87144.0;0.0;1.0;87144.0
94_levy_on_flood_none;94;True;none;0;Boa Vista;marketplace;74032.0;74032.0;0.0;1.0;74032.0
94_levy_on_flood_none;94;True;none;0;Boa Vista;pharmacy;18504.0;18504.0;0.0;1.0;18504.0
94_levy_on_flood_none;94;True;none;0;Boa Vista;restaurant;74032.0;74032.0;0.0;1.0;74032.0
94_levy_on_flood_none;94;True;none;0;Boa Vista do Sul;marketplace;21624.0;21624.0;0.0;1.0;21624.0
94_levy_on_flood_none;94;True;none;0;Boa Vista do Sul;pharmacy;5416.0;5416.0;0.0;1.0;5416.0
94_levy_on_flood_none;94;True;none;0;Boa Vista do Sul;restaurant;21624.0;21624.0;0.0;1.0;21624.0
94_levy_on_flood_none;94;True;none;0;Bom Fim;marketplace;81280.0;81280.0;0.0;1.0;81280.0
94_levy_on_flood_none;94;True;none;0;Bom Fim;pharmacy;20320.0;20320.0;0.0;1.0;20320.0
94_levy_on_flood_none;94;True;none;0;Bom Fim;restaurant;81280.0;81280.0;0.0;1.0;81280.0
94_levy_on_flood_none;94;True;none;0;Bom Jesus;marketplace;196712.0;196712.0;0.0;1.0;196712.0
94_levy_on_flood_none;94;True;none;0;Bom Jesus;pharmacy;49184.0;49184.0;0.0;1.0;49184.0
94_levy_on_flood_none;94;True;none;0;Bom Jesus;restaurant;196712.0;196712.0;0.0;1.0;196712.0
94_levy_on_flood_none;94;True;none;0;Camaquã;marketplace;143480.0;143480.0;0.0;1.0;143480.0
94_levy_on_flood_none;94;True;none;0;Camaquã;pharmacy;35872.0;35872.0;0.0;1.0;35872.0
94_levy_on_flood_none;94;True;none;0;Camaquã;restaurant;143480.0;143480.0;0.0;1.0;143480.0
94_levy_on_flood_none;94;True;none;0;Campo Novo;marketplace;69944.0;69944.0;0.0;1.0;69944.0
94_levy_on_flood_none;94;True;none;0;Campo Novo;pharmacy;17488.0;17488.0;0.0;1.0;17488.0
94_levy_on_flood_none;94;True;none;0;Campo Novo;restaurant;69944.0;69944.0;0.0;1.0;69944.0
94_levy_on_flood_none;94;True;none;0;Cascata;marketplace;73872.0;73872.0;0.0;1.0;73872.0
94_levy_on_flood_none;94;True;none;0;Cascata;pharmacy;18496.0;18496.0;0.0;1.0;18496.0
94_levy_on_flood_none;94;True;none;0;Cascata;restaurant;73872.0;73872.0;0.0;1.0;73872.0
94_levy_on_flood_none;94;True;none;0;Cavalhada;marketplace;201672.0;201672.0;0.0;1.0;201672.0
94_levy_on_flood_none;94;True;none;0;Cavalhada;pharmacy;50384.0;50384.0;0.0;1.0;50384.0
94_levy_on_flood_none;94;True;none;0;Cavalhada;restaurant;201672.0;201672.0;0.0;1.0;201672.0
94_levy_on_flood_none;94;True;none;0;Centro Histórico;marketplace;244552.0;244552.0;0.0;1.0;244552.0
94_levy_on_flood_none;94;True;none;0;Centro Histórico;pharmacy;61128.0;61128.0;0.0;1.0;61128.0
94_levy_on_flood_none;94;True;none;0;Centro Histórico;restaurant;244552.0;244552.0;0.0;1.0;244552.0
94_levy_on_flood_none;94;True;none;0;Chapéu do Sol;marketplace;36192.0;36192.0;0.0;1.0;36192.0
94_levy_on_flood_none;94;True;none;0;Chapéu do Sol;pharmacy;9048.0;9048.0;0.0;1.0;9048.0
94_levy_on_flood_none;94;True;none;0;Chapéu do Sol;restaurant;36192.0;36192.0;0.0;1.0;36192.0
94_levy_on_flood_none;94;True;none;0;Chácara das Pedras;marketplace;45112.0;45112.0;0.0;1.0;45112.0
94_levy_on_flood_none;94;True;none;0;Chácara das Pedras;pharmacy;11280.0;11280.0;0.0;1.0;11280.0
94_levy_on_flood_none;94;True;none;0;Chácara das Pedras;restaurant;45112.0;45112.0;0.0;1.0;45112.0
94_levy_on_flood_none;94;True;none;0;Cidade Baixa;marketplace;104112.0;104112.0;0.0;1.0;104112.0
94_levy_on_flood_none;94;True;none;0;Cidade Baixa;pharmacy;26024.0;26024.0;0.0;1.0;26024.0
94_levy_on_flood_none;94;True;none;0;Cidade Baixa;restaurant;104112.0;104112.0;0.0;1.0;104112.0
94_levy_on_flood_none;94;True;none;0;Coronel Aparício Borges;marketplace;151728.0;151728.0;0.0;1.0;151728.0
94_levy_on_flood_none;94;True;none;0;Coronel Aparício Borges;pharmacy;37944.0;37944.0;0.0;1.0;37944.0
94_levy_on_flood_none;94;True;none;0;Coronel Aparício Borges;restaurant;151728.0;151728.0;0.0;1.0;151728.0
94_levy_on_flood_none;94;True;none;0;Costa e Silva;marketplace;108680.0;108680.0;0.0;1.0;108680.0
94_levy_on_flood_none;94;True;none;0;Costa e Silva;pharmacy;27168.0;27168.0;0.0;1.0;27168.0
94_levy_on_flood_none;94;True;none;0;Costa e Silva;restaurant;108680.0;108680.0;0.0;1.0;108680.0
94_levy_on_flood_none;94;True;none;0;Cristal;marketplace;198808.0;198808.0;0.0;1.0;198808.0
94_levy_on_flood_none;94;True;none;0;Cristal;pharmacy;49680.0;49680.0;0.0;1.0;49680.0
94_levy_on_flood_none;94;True;none;0;Cristal;restaurant;198808.0;198808.0;0.0;1.0;198808.0
94_levy_on_flood_none;94;True;none;0;Cristo Redentor;marketplace;121152.0;121152.0;0.0;1.0;121152.0
94_levy_on_flood_none;94;True;none;0;Cristo Redentor;pharmacy;30280.0;30280.0;0.0;1.0;30280.0
94_levy_on_flood_none;94;True;none;0;Cristo Redentor;restaurant;121152.0;121152.0;0.0;1.0;121152.0
94_levy_on_flood_none;94;True;none;0;Espírito Santo;marketplace;39624.0;39624.0;0.0;1.0;39624.0
94_levy_on_flood_none;94;True;none;0;Espírito Santo;pharmacy;9904.0;9904.0;0.0;1.0;9904.0
94_levy_on_flood_none;94;True;none;0;Espírito Santo;restaurant;39624.0;39624.0;0.0;1.0;39624.0
94_levy_on_flood_none;94;True;none;0;Extrema;marketplace;18880.0;18880.0;0.0;1.0;18880.0
94_levy_on_flood_none;94;True;none;0;Extrema;pharmacy;4728.0;4728.0;0.0;1.0;4728.0
94_levy_on_flood_none;94;True;none;0;Extrema;restaurant;18880.0;18880.0;0.0;1.0;18880.0
94_levy_on_flood_none;94;True;none;0;Farrapos;marketplace;140728.0;140728.0;0.0;1.0;140728.0
94_levy_on_flood_none;94;True;none;0;Farrapos;pharmacy;35176.0;35176.0;0.0;1.0;35176.0
94_levy_on_flood_none;94;True;none;0;Farrapos;restaurant;140728.0;140728.0;0.0;1.0;140728.0
94_levy_on_flood_none;94;True;none;0;Farroupilha;marketplace;6192.0;6192.0;0.0;1.0;6192.0
94_levy_on_flood_none;94;True;none;0;Farroupilha;pharmacy;1552.0;1552.0;0.0;1.0;1552.0
94_levy_on_flood_none;94;True;none;0;Farroupilha;restaurant;6192.0;6192.0;0.0;1.0;6192.0
94_levy_on_flood_none;94;True;none;0;Floresta;marketplace;70384.0;70384.0;0.0;1.0;70384.0
94_levy_on_flood_none;94;True;none;0;Floresta;pharmacy;17576.0;17576.0;0.0;1.0;17576.0
94_levy_on_flood_none;94;True;none;0;Floresta;restaurant;70384.0;70384.0;0.0;1.0;70384.0
94_levy_on_flood_none;94;True;none;0;Glória;marketplace;121984.0;121984.0;0.0;1.0;121984.0
94_levy_on_flood_none;94;True;none;0;Glória;pharmacy;30512.0;30512.0;0.0;1.0;30512.0
94_levy_on_flood_none;94;True;none;0;Glória;restaurant;121984.0;121984.0;0.0;1.0;121984.0
94_levy_on_flood_none;94;True;none;0;Guarujá;marketplace;49160.0;49160.0;0.0;1.0;49160.0
94_levy_on_flood_none;94;True;none;0;Guarujá;pharmacy;12288.0;12288.0;0.0;1.0;12288.0
94_levy_on_flood_none;94;True;none;0;Guarujá;restaurant;49160.0;49160.0;0.0;1.0;49160.0
94_levy_on_flood_none;94;True;none;0;Higienópolis;marketplace;82272.0;82272.0;0.0;1.0;82272.0
94_levy_on_flood_none;94;True;none;0;Higienópolis;pharmacy;20584.0;20584.0;0.0;1.0;20584.0
94_levy_on_flood_none;94;True;none;0;Higienópolis;restaurant;82272.0;82272.0;0.0;1.0;82272.0
94_levy_on_flood_none;94;True;none;0;Humaitá;marketplace;101952.0;101952.0;0.0;1.0;101952.0
94_levy_on_flood_none;94;True;none;0;Humaitá;pharmacy;25488.0;25488.0;0.0;1.0;25488.0
94_levy_on_flood_none;94;True;none;0;Humaitá;restaurant;101952.0;101952.0;0.0;1.0;101952.0
94_levy_on_flood_none;94;True;none;0;Hípica;marketplace;225880.0;225880.0;0.0;1.0;225880.0
94_levy_on_flood_none;94;True;none;0;Hípica;pharmacy;56504.0;56504.0;0.0;1.0;56504.0
94_levy_on_flood_none;94;True;none;0;Hípica;restaurant;225880.0;225880.0;0.0;1.0;225880.0
94_levy_on_flood_none;94;True;none;0;Independência;marketplace;55080.0;55080.0;0.0;1.0;55080.0
94_levy_on_flood_none;94;True;none;0;Independência;pharmacy;13752.0;13752.0;0.0;1.0;13752.0
94_levy_on_flood_none;94;True;none;0;Independência;restaurant;55080.0;55080.0;0.0;1.0;55080.0
94_levy_on_flood_none;94;True;none;0;Ipanema;marketplace;107224.0;107224.0;0.0;1.0;107224.0
94_levy_on_flood_none;94;True;none;0;Ipanema;pharmacy;26816.0;26816.0;0.0;1.0;26816.0
94_levy_on_flood_none;94;True;none;0;Ipanema;restaurant;107224.0;107224.0;0.0;1.0;107224.0
94_levy_on_flood_none;94;True;none;0;Jardim Botânico;marketplace;90792.0;90792.0;0.0;1.0;90792.0
94_levy_on_flood_none;94;True;none;0;Jardim Botânico;pharmacy;22704.0;22704.0;0.0;1.0;22704.0
94_levy_on_flood_none;94;True;none;0;Jardim Botânico;restaurant;90792.0;90792.0;0.0;1.0;90792.0
94_levy_on_flood_none;94;True;none;0;Jardim Carvalho;marketplace;187240.0;187240.0;0.0;1.0;187240.0
94_levy_on_flood_none;94;True;none;0;Jardim Carvalho;pharmacy;46808.0;46808.0;0.0;1.0;46808.0
94_levy_on_flood_none;94;True;none;0;Jardim Carvalho;restaurant;187240.0;187240.0;0.0;1.0;187240.0
94_levy_on_flood_none;94;True;none;0;Jardim Europa;marketplace;34976.0;34976.0;0.0;1.0;34976.0
94_levy_on_flood_none;94;True;none;0;Jardim Europa;pharmacy;8744.0;8744.0;0.0;1.0;8744.0
94_levy_on_flood_none;94;True;none;0;Jardim Europa;restaurant;34976.0;34976.0;0.0;1.0;34976.0
94_levy_on_flood_none;94;True;none;0;Jardim Floresta;marketplace;17824.0;17824.0;0.0;1.0;17824.0
94_levy_on_flood_none;94;True;none;0;Jardim Floresta;pharmacy;4456.0;4456.0;0.0;1.0;4456.0
94_levy_on_flood_none;94;True;none;0;Jardim Floresta;restaurant;17824.0;17824.0;0.0;1.0;17824.0
94_levy_on_flood_none;94;True;none;0;Jardim Isabel;marketplace;20736.0;20736.0;0.0;1.0;20736.0
94_levy_on_flood_none;94;True;none;0;Jardim Isabel;pharmacy;5192.0;5192.0;0.0;1.0;5192.0
94_levy_on_flood_none;94;True;none;0;Jardim Isabel;restaurant;20736.0;20736.0;0.0;1.0;20736.0
94_levy_on_flood_none;94;True;none;0;Jardim Itu;marketplace;140520.0;140520.0;0.0;1.0;140520.0
94_levy_on_flood_none;94;True;none;0;Jardim Itu;pharmacy;35128.0;35128.0;0.0;1.0;35128.0
94_levy_on_flood_none;94;True;none;0;Jardim Itu;restaurant;140520.0;140520.0;0.0;1.0;140520.0
94_levy_on_flood_none;94;True;none;0;Jardim Leopoldina;marketplace;129208.0;129208.0;0.0;1.0;129208.0
94_levy_on_flood_none;94;True;none;0;Jardim Leopoldina;pharmacy;32320.0;32320.0;0.0;1.0;32320.0
94_levy_on_flood_none;94;True;none;0;Jardim Leopoldina;restaurant;129208.0;129208.0;0.0;1.0;129208.0
94_levy_on_flood_none;94;True;none;0;Jardim Lindóia;marketplace;60696.0;60696.0;0.0;1.0;60696.0
94_levy_on_flood_none;94;True;none;0;Jardim Lindóia;pharmacy;15168.0;15168.0;0.0;1.0;15168.0
94_levy_on_flood_none;94;True;none;0;Jardim Lindóia;restaurant;60696.0;60696.0;0.0;1.0;60696.0
94_levy_on_flood_none;94;True;none;0;Jardim Sabará;marketplace;90160.0;90160.0;0.0;1.0;90160.0
94_levy_on_flood_none;94;True;none;0;Jardim Sabará;pharmacy;22536.0;22536.0;0.0;1.0;22536.0
94_levy_on_flood_none;94;True;none;0;Jardim Sabará;restaurant;90160.0;90160.0;0.0;1.0;90160.0
94_levy_on_flood_none;94;True;none;0;Jardim São Pedro;marketplace;26560.0;26560.0;0.0;1.0;26560.0
94_levy_on_flood_none;94;True;none;0;Jardim São Pedro;pharmacy;6632.0;6632.0;0.0;1.0;6632.0
94_levy_on_flood_none;94;True;none;0;Jardim São Pedro;restaurant;26560.0;26560.0;0.0;1.0;26560.0
94_levy_on_flood_none;94;True;none;0;Jardim do Salso;marketplace;52608.0;52608.0;0.0;1.0;52608.0
94_levy_on_flood_none;94;True;none;0;Jardim do Salso;pharmacy;13144.0;13144.0;0.0;1.0;13144.0
94_levy_on_flood_none;94;True;none;0;Jardim do Salso;restaurant;52608.0;52608.0;0.0;1.0;52608.0
94_levy_on_flood_none;94;True;none;0;Lageado;marketplace;45408.0;45408.0;0.0;1.0;45408.0
94_levy_on_flood_none;94;True;none;0;Lageado;pharmacy;11360.0;11360.0;0.0;1.0;11360.0
94_levy_on_flood_none;94;True;none;0;Lageado;restaurant;45408.0;45408.0;0.0;1.0;45408.0
94_levy_on_flood_none;94;True;none;0;Lami;marketplace;53416.0;53416.0;0.0;1.0;53416.0
94_levy_on_flood_none;94;True;none;0;Lami;pharmacy;13344.0;13344.0;0.0;1.0;13344.0
94_levy_on_flood_none;94;True;none;0;Lami;restaurant;53416.0;53416.0;0.0;1.0;53416.0
94_levy_on_flood_none;94;True;none;0;Lomba do Pinheiro;marketplace;473600.0;473600.0;0.0;1.0;473600.0
94_levy_on_flood_none;94;True;none;0;Lomba do Pinheiro;pharmacy;118400.0;118400.0;0.0;1.0;118400.0
94_levy_on_flood_none;94;True;none;0;Lomba do Pinheiro;restaurant;473600.0;473600.0;0.0;1.0;473600.0
94_levy_on_flood_none;94;True;none;0;Medianeira;marketplace;69992.0;69992.0;0.0;1.0;69992.0
94_levy_on_flood_none;94;True;none;0;Medianeira;pharmacy;17488.0;17488.0;0.0;1.0;17488.0
94_levy_on_flood_none;94;True;none;0;Medianeira;restaurant;69992.0;69992.0;0.0;1.0;69992.0
94_levy_on_flood_none;94;True;none;0;Menino-Deus;marketplace;223688.0;223688.0;0.0;1.0;223688.0
94_levy_on_flood_none;94;True;none;0;Menino-Deus;pharmacy;55896.0;55896.0;0.0;1.0;55896.0
94_levy_on_flood_none;94;True;none;0;Menino-Deus;restaurant;223688.0;223688.0;0.0;1.0;223688.0
94_levy_on_flood_none;94;True;none;0;Moinhos de Vento;marketplace;79960.0;79960.0;0.0;1.0;79960.0
94_levy_on_flood_none;94;True;none;0;Moinhos de Vento;pharmacy;20000.0;20000.0;0.0;1.0;20000.0
94_levy_on_flood_none;94;True;none;0;Moinhos de Vento;restaurant;79960.0;79960.0;0.0;1.0;79960.0
94_levy_on_flood_none;94;True;none;0;Mont’Serrat;marketplace;82856.0;82856.0;0.0;1.0;82856.0
94_levy_on_flood_none;94;True;none;0;Mont’Serrat;pharmacy;20712.0;20712.0;0.0;1.0;20712.0
94_levy_on_flood_none;94;True;none;0;Mont’Serrat;restaurant;82856.0;82856.0;0.0;1.0;82856.0
94_levy_on_flood_none;94;True;none;0;Morro Santana;marketplace;173120.0;173120.0;0.0;1.0;173120.0
94_levy_on_flood_none;94;True;none;0;Morro Santana;pharmacy;43256.0;43256.0;0.0;1.0;43256.0
94_levy_on_flood_none;94;True;none;0;Morro Santana;restaurant;173120.0;173120.0;0.0;1.0;173120.0
94_levy_on_flood_none;94;True;none;0;Mário Quintana;marketplace;352544.0;352544.0;0.0;1.0;352544.0
94_levy_on_flood_none;94;True;none;0;Mário Quintana;pharmacy;88112.0;88112.0;0.0;1.0;88112.0
94_levy_on_flood_none;94;True;none;0;Mário Quintana;restaurant;352544.0;352544.0;0.0;1.0;352544.0
94_levy_on_flood_none;94;True;none;0;Navegantes;marketplace;26520.0;26520.0;0.0;1.0;26520.0
94_levy_on_flood_none;94;True;none;0;Navegantes;pharmacy;6624.0;6624.0;0.0;1.0;6624.0
94_levy_on_flood_none;94;True;none;0;Navegantes;restaurant;26520.0;26520.0;0.0;1.0;26520.0
94_levy_on_flood_none;94;True;none;0;Nonoai;marketplace;166208.0;166208.0;0.0;1.0;166208.0
94_levy_on_flood_none;94;True;none;0;Nonoai;pharmacy;41560.0;41560.0;0.0;1.0;41560.0
94_levy_on_flood_none;94;True;none;0;Nonoai;restaurant;166208.0;166208.0;0.0;1.0;166208.0
94_levy_on_flood_none;94;True;none;0;Parque Santa Fé;marketplace;53384.0;53384.0;0.0;1.0;53384.0
94_levy_on_flood_none;94;True;none;0;Parque Santa Fé;pharmacy;13352.0;13352.0;0.0;1.0;13352.0
94_levy_on_flood_none;94;True;none;0;Parque Santa Fé;restaurant;53384.0;53384.0;0.0;1.0;53384.0
94_levy_on_flood_none;94;True;none;0;Partenon;marketplace;348696.0;348696.0;0.0;1.0;348696.0
94_levy_on_flood_none;94;True;none;0;Partenon;pharmacy;87224.0;87224.0;0.0;1.0;87224.0
94_levy_on_flood_none;94;True;none;0;Partenon;restaurant;348696.0;348696.0;0.0;1.0;348696.0
94_levy_on_flood_none;94;True;none;0;Passo da Areia;marketplace;180240.0;180240.0;0.0;1.0;180240.0
94_levy_on_flood_none;94;True;none;0;Passo da Areia;pharmacy;45064.0;45064.0;0.0;1.0;45064.0
94_levy_on_flood_none;94;True;none;0;Passo da Areia;restaurant;180240.0;180240.0;0.0;1.0;180240.0
94_levy_on_flood_none;94;True;none;0;Passo das Pedras;marketplace;115480.0;115480.0;0.0;1.0;115480.0
94_levy_on_flood_none;94;True;none;0;Passo das Pedras;pharmacy;28856.0;28856.0;0.0;1.0;28856.0
94_levy_on_flood_none;94;True;none;0;Passo das Pedras;restaurant;115480.0;115480.0;0.0;1.0;115480.0
94_levy_on_flood_none;94;True;none;0;Pedra Redonda;marketplace;4560.0;4560.0;0.0;1.0;4560.0
94_levy_on_flood_none;94;True;none;0;Pedra Redonda;pharmacy;1144.0;1144.0;0.0;1.0;1144.0
94_levy_on_flood_none;94;True;none;0;Pedra Redonda;restaurant;4560.0;4560.0;0.0;1.0;4560.0
94_levy_on_flood_none;94;True;none;0;Petrópolis;marketplace;300904.0;300904.0;0.0;1.0;300904.0
94_levy_on_flood_none;94;True;none;0;Petrópolis;pharmacy;75256.0;75256.0;0.0;1.0;75256.0
94_levy_on_flood_none;94;True;none;0;Petrópolis;restaurant;300904.0;300904.0;0.0;1.0;300904.0
94_levy_on_flood_none;94;True;none;0;Pitinga;marketplace;56096.0;56096.0;0.0;1.0;56096.0
94_levy_on_flood_none;94;True;none;0;Pitinga;pharmacy;14024.0;14024.0;0.0;1.0;14024.0
94_levy_on_flood_none;94;True;none;0;Pitinga;restaurant;56096.0;56096.0;0.0;1.0;56096.0
94_levy_on_flood_none;94;True;none;0;Ponta Grossa;marketplace;71512.0;71512.0;0.0;1.0;71512.0
94_levy_on_flood_none;94;True;none;0;Ponta Grossa;pharmacy;17880.0;17880.0;0.0;1.0;17880.0
94_levy_on_flood_none;94;True;none;0;Ponta Grossa;restaurant;71512.0;71512.0;0.0;1.0;71512.0
94_levy_on_flood_none;94;True;none;0;Praia de Belas;marketplace;12176.0;12176.0;0.0;1.0;12176.0
94_levy_on_flood_none;94;True;none;0;Praia de Belas;pharmacy;3048.0;3048.0;0.0;1.0;3048.0
94_levy_on_flood_none;94;True;none;0;Praia de Belas;restaurant;12176.0;12176.0;0.0;1.0;12176.0
94_levy_on_flood_none;94;True;none;0;Restinga;marketplace;499584.0;499584.0;0.0;1.0;499584.0
94_levy_on_flood_none;94;True;none;0;Restinga;pharmacy;124840.0;124840.0;0.0;1.0;124840.0
94_levy_on_flood_none;94;True;none;0;Restinga;restaurant;499584.0;499584.0;0.0;1.0;499584.0
94_levy_on_flood_none;94;True;none;0;Rio Branco;marketplace;125680.0;125680.0;0.0;1.0;125680.0
94_levy_on_flood_none;94;True;none;0;Rio Branco;pharmacy;31408.0;31408.0;0.0;1.0;31408.0
94_levy_on_flood_none;94;True;none;0;Rio Branco;restaurant;125680.0;125680.0;0.0;1.0;125680.0
94_levy_on_flood_none;94;True;none;0;Rubem Berta;marketplace;223440.0;223440.0;0.0;1.0;223440.0
94_levy_on_flood_none;94;True;none;0;Rubem Berta;pharmacy;55848.0;55848.0;0.0;1.0;55848.0
94_levy_on_flood_none;94;True;none;0;Rubem Berta;restaurant;223440.0;223440.0;0.0;1.0;223440.0
94_levy_on_flood_none;94;True;none;0;Santa Cecília;marketplace;37120.0;37120.0;0.0;1.0;37120.0
94_levy_on_flood_none;94;True;none;0;Santa Cecília;pharmacy;9288.0;9288.0;0.0;1.0;9288.0
94_levy_on_flood_none;94;True;none;0;Santa Cecília;restaurant;37120.0;37120.0;0.0;1.0;37120.0
94_levy_on_flood_none;94;True;none;0;Santa Maria Goretti;marketplace;24280.0;24280.0;0.0;1.0;24280.0
94_levy_on_flood_none;94;True;none;0;Santa Maria Goretti;pharmacy;6080.0;6080.0;0.0;1.0;6080.0
94_levy_on_flood_none;94;True;none;0;Santa Maria Goretti;restaurant;24280.0;24280.0;0.0;1.0;24280.0
94_levy_on_flood_none;94;True;none;0;Santa Rosa de Lima;marketplace;277016.0;277016.0;0.0;1.0;277016.0
94_levy_on_flood_none;94;True;none;0;Santa Rosa de Lima;pharmacy;69280.0;69280.0;0.0;1.0;69280.0
94_levy_on_flood_none;94;True;none;0;Santa Rosa de Lima;restaurant;277016.0;277016.0;0.0;1.0;277016.0
94_levy_on_flood_none;94;True;none;0;Santa Tereza;marketplace;250864.0;250864.0;0.0;1.0;250864.0
94_levy_on_flood_none;94;True;none;0;Santa Tereza;pharmacy;62736.0;62736.0;0.0;1.0;62736.0
94_levy_on_flood_none;94;True;none;0;Santa Tereza;restaurant;250864.0;250864.0;0.0;1.0;250864.0
94_levy_on_flood_none;94;True;none;0;Santana;marketplace;142352.0;142352.0;0.0;1.0;142352.0
94_levy_on_flood_none;94;True;none;0;Santana;pharmacy;35576.0;35576.0;0.0;1.0;35576.0
94_levy_on_flood_none;94;True;none;0;Santana;restaurant;142352.0;142352.0;0.0;1.0;142352.0
94_levy_on_flood_none;94;True;none;0;Santo Antônio;marketplace;104840.0;104840.0;0.0;1.0;104840.0
94_levy_on_flood_none;94;True;none;0;Santo Antônio;pharmacy;26192.0;26192.0;0.0;1.0;26192.0
94_levy_on_flood_none;94;True;none;0;Santo Antônio;restaurant;104840.0;104840.0;0.0;1.0;104840.0
94_levy_on_flood_none;94;True;none;0;Sarandi;marketplace;412312.0;412312.0;0.0;1.0;412312.0
94_levy_on_flood_none;94;True;none;0;Sarandi;pharmacy;103032.0;103032.0;0.0;1.0;103032.0
94_levy_on_flood_none;94;True;none;0;Sarandi;restaurant;412312.0;412312.0;0.0;1.0;412312.0
94_levy_on_flood_none;94;True;none;0;Serraria;marketplace;35080.0;35080.0;0.0;1.0;35080.0
94_levy_on_flood_none;94;True;none;0;Serraria;pharmacy;8768.0;8768.0;0.0;1.0;8768.0
94_levy_on_flood_none;94;True;none;0;Serraria;restaurant;35080.0;35080.0;0.0;1.0;35080.0
94_levy_on_flood_none;94;True;none;0;São Caetano;marketplace;5864.0;5864.0;0.0;1.0;5864.0
94_levy_on_flood_none;94;True;none;0;São Caetano;pharmacy;1472.0;1472.0;0.0;1.0;1472.0
94_levy_on_flood_none;94;True;none;0;São Caetano;restaurant;5864.0;5864.0;0.0;1.0;5864.0
94_levy_on_flood_none;94;True;none;0;São Geraldo;marketplace;55584.0;55584.0;0.0;1.0;55584.0
94_levy_on_flood_none;94;True;none;0;São Geraldo;pharmacy;13896.0;13896.0;0.0;1.0;13896.0
94_levy_on_flood_none;94;True;none;0;São Geraldo;restaurant;55584.0;55584.0;0.0;1.0;55584.0
94_levy_on_flood_none;94;True;none;0;São João;marketplace;84968.0;84968.0;0.0;1.0;84968.0
94_levy_on_flood_none;94;True;none;0;São João;pharmacy;21232.0;21232.0;0.0;1.0;21232.0
94_levy_on_flood_none;94;True;none;0;São João;restaurant;84968.0;84968.0;0.0;1.0;84968.0
94_levy_on_flood_none;94;True;none;0;São Sebastião;marketplace;60112.0;60112.0;0.0;1.0;60112.0
94_levy_on_flood_none;94;True;none;0;São Sebastião;pharmacy;15040.0;15040.0;0.0;1.0;15040.0
94_levy_on_flood_none;94;True;none;0;São Sebastião;restaurant;60112.0;60112.0;0.0;1.0;60112.0
94_levy_on_flood_none;94;True;none;0;Sétimo Céu;marketplace;9328.0;9328.0;0.0;1.0;9328.0
94_levy_on_flood_none;94;True;none;0;Sétimo Céu;pharmacy;2328.0;2328.0;0.0;1.0;2328.0
94_levy_on_flood_none;94;True;none;0;Sétimo Céu;restaurant;9328.0;9328.0;0.0;1.0;9328.0
94_levy_on_flood_none;94;True;none;0;Teresópolis;marketplace;104576.0;104576.0;0.0;1.0;104576.0
94_levy_on_flood_none;94;True;none;0;Teresópolis;pharmacy;26160.0;26160.0;0.0;1.0;26160.0
94_levy_on_flood_none;94;True;none;0;Teresópolis;restaurant;104576.0;104576.0;0.0;1.0;104576.0
94_levy_on_flood_none;94;True;none;0;Tristeza;marketplace;137608.0;137608.0;0.0;1.0;137608.0
94_levy_on_flood_none;94;True;none;0;Tristeza;pharmacy;34384.0;34384.0;0.0;1.0;34384.0
94_levy_on_flood_none;94;True;none;0;Tristeza;restaurant;137608.0;137608.0;0.0;1.0;137608.0
94_levy_on_flood_none;94;True;none;0;Três Figueiras;marketplace;32128.0;32128.0;0.0;1.0;32128.0
94_levy_on_flood_none;94;True;none;0;Três Figueiras;pharmacy;8032.0;8032.0;0.0;1.0;8032.0
94_levy_on_flood_none;94;True;none;0;Três Figueiras;restaurant;32128.0;32128.0;0.0;1.0;32128.0
94_levy_on_flood_none;94;True;none;0;Vila Assunção;marketplace;31792.0;31792.0;0.0;1.0;31792.0
94_levy_on_flood_none;94;True;none;0;Vila Assunção;pharmacy;7936.0;7936.0;0.0;1.0;7936.0
94_levy_on_flood_none;94;True;none;0;Vila Assunção;restaurant;31792.0;31792.0;0.0;1.0;31792.0
94_levy_on_flood_none;94;True;none;0;Vila Conceição;marketplace;7752.0;7752.0;0.0;1.0;7752.0
94_levy_on_flood_none;94;True;none;0;Vila Conceição;pharmacy;1944.0;1944.0;0.0;1.0;1944.0
94_levy_on_flood_none;94;True;none;0;Vila Conceição;restaurant;7752.0;7752.0;0.0;1.0;7752.0
94_levy_on_flood_none;94;True;none;0;Vila Ipiranga;marketplace;144328.0;144328.0;0.0;1.0;144328.0
94_levy_on_flood_none;94;True;none;0;Vila Ipiranga;pharmacy;36088.0;36088.0;0.0;1.0;36088.0
94_levy_on_flood_none;94;True;none;0;Vila Ipiranga;restaurant;144328.0;144328.0;0.0;1.0;144328.0
94_levy_on_flood_none;94;True;none;0;Vila Jardim;marketplace;91288.0;91288.0;0.0;1.0;91288.0
94_levy_on_flood_none;94;True;none;0;Vila Jardim;pharmacy;22816.0;22816.0;0.0;1.0;22816.0
94_levy_on_flood_none;94;True;none;0;Vila Jardim;restaurant;91288.0;91288.0;0.0;1.0;91288.0
94_levy_on_flood_none;94;True;none;0;Vila João Pessoa;marketplace;83448.0;83448.0;0.0;1.0;83448.0
94_levy_on_flood_none;94;True;none;0;Vila João Pessoa;pharmacy;20856.0;20856.0;0.0;1.0;20856.0
94_levy_on_flood_none;94;True;none;0;Vila João Pessoa;restaurant;83448.0;83448.0;0.0;1.0;83448.0
94_levy_on_flood_none;94;True;none;0;Vila Nova;marketplace;257736.0;257736.0;0.0;1.0;257736.0
94_levy_on_flood_none;94;True;none;0;Vila Nova;pharmacy;64480.0;64480.0;0.0;1.0;64480.0
94_levy_on_flood_none;94;True;none;0;Vila Nova;restaurant;257736.0;257736.0;0.0;1.0;257736.0
94_levy_on_flood_none;94;True;none;0;Vila São José;marketplace;192088.0;192088.0;0.0;1.0;192088.0
94_levy_on_flood_none;94;True;none;0;Vila São José;pharmacy;48040.0;48040.0;0.0;1.0;48040.0
94_levy_on_flood_none;94;True;none;0;Vila São José;restaurant;192088.0;192088.0;0.0;1.0;192088.0
94_levy_on_flood_none;94;True;none;1;Aberta dos Morros;marketplace;78832.0;78832.0;0.0;1.0;78832.0
94_levy_on_flood_none;94;True;none;1;Aberta dos Morros;pharmacy;19704.0;19704.0;0.0;1.0;19704.0
94_levy_on_flood_none;94;True;none;1;Aberta dos Morros;restaurant;78832.0;78832.0;0.0;1.0;78832.0
94_levy_on_flood_none;94;True;none;1;Agronomia;marketplace;21416.0;21416.0;0.0;1.0;21416.0
94_levy_on_flood_none;94;True;none;1;Agronomia;pharmacy;5360.0;5360.0;0.0;1.0;5360.0
94_levy_on_flood_none;94;True;none;1;Agronomia;restaurant;21416.0;21416.0;0.0;1.0;21416.0
94_levy_on_flood_none;94;True;none;1;Anchieta;marketplace;6328.0;6328.0;0.0;1.0;6328.0
94_levy_on_flood_none;94;True;none;1;Anchieta;pharmacy;1568.0;1568.0;0.0;1.0;1568.0
94_levy_on_flood_none;94;True;none;1;Anchieta;restaurant;6328.0;6328.0;0.0;1.0;6328.0
94_levy_on_flood_none;94;True;none;1;Arquipélago;marketplace;51288.0;51288.0;0.0;1.0;51288.0
94_levy_on_flood_none;94;True;none;1;Arquipélago;pharmacy;12816.0;12816.0;0.0;1.0;12816.0
94_levy_on_flood_none;94;True;none;1;Arquipélago;restaurant;51288.0;51288.0;0.0;1.0;51288.0
94_levy_on_flood_none;94;True;none;1;Auxiliadora;marketplace;71272.0;71272.0;0.0;1.0;71272.0
94_levy_on_flood_none;94;True;none;1;Auxiliadora;pharmacy;17824.0;17824.0;0.0;1.0;17824.0
94_levy_on_flood_none;94;True;none;1;Auxiliadora;restaurant;71272.0;71272.0;0.0;1.0;71272.0
94_levy_on_flood_none;94;True;none;1;Azenha;marketplace;96512.0;96512.0;0.0;1.0;96512.0
94_levy_on_flood_none;94;True;none;1;Azenha;pharmacy;24144.0;24144.0;0.0;1.0;24144.0
94_levy_on_flood_none;94;True;none;1;Azenha;restaurant;96512.0;96512.0;0.0;1.0;96512.0
94_levy_on_flood_none;94;True;none;1;Bela Vista;marketplace;94552.0;94552.0;0.0;1.0;94552.0
94_levy_on_flood_none;94;True;none;1;Bela Vista;pharmacy;23624.0;23624.0;0.0;1.0;23624.0
94_levy_on_flood_none;94;True;none;1;Bela Vista;restaurant;94552.0;94552.0;0.0;1.0;94552.0
94_levy_on_flood_none;94;True;none;1;Belém Novo;marketplace;78808.0;78808.0;0.0;1.0;78808.0
94_levy_on_flood_none;94;True;none;1;Belém Novo;pharmacy;19696.0;19696.0;0.0;1.0;19696.0
94_levy_on_flood_none;94;True;none;1;Belém Novo;restaurant;78808.0;78808.0;0.0;1.0;78808.0
94_levy_on_flood_none;94;True;none;1;Belém Velho;marketplace;87144.0;87144.0;0.0;1.0;87144.0
94_levy_on_flood_none;94;True;none;1;Belém Velho;pharmacy;21776.0;21776.0;0.0;1.0;21776.0
94_levy_on_flood_none;94;True;none;1;Belém Velho;restaurant;87144.0;87144.0;0.0;1.0;87144.0
94_levy_on_flood_none;94;True;none;1;Boa Vista;marketplace;74032.0;74032.0;0.0;1.0;74032.0
94_levy_on_flood_none;94;True;none;1;Boa Vista;pharmacy;18504.0;18504.0;0.0;1.0;18504.0
94_levy_on_flood_none;94;True;none;1;Boa Vista;restaurant;74032.0;74032.0;0.0;1.0;74032.0
94_levy_on_flood_none;94;True;none;1;Boa Vista do Sul;marketplace;21624.0;21624.0;0.0;1.0;21624.0
94_levy_on_flood_none;94;True;none;1;Boa Vista do Sul;pharmacy;5416.0;5416.0;0.0;1.0;5416.0
94_levy_on_flood_none;94;True;none;1;Boa Vista do Sul;restaurant;21624.0;21624.0;0.0;1.0;21624.0
94_levy_on_flood_none;94;True;none;1;Bom Fim;marketplace;81280.0;81280.0;0.0;1.0;81280.0
94_levy_on_flood_none;94;True;none;1;Bom Fim;pharmacy;20320.0;20320.0;0.0;1.0;20320.0
94_levy_on_flood_none;94;True;none;1;Bom Fim;restaurant;81280.0;81280.0;0.0;1.0;81280.0
94_levy_on_flood_none;94;True;none;1;Bom Jesus;marketplace;196712.0;196712.0;0.0;1.0;196712.0
94_levy_on_flood_none;94;True;none;1;Bom Jesus;pharmacy;49184.0;49184.0;0.0;1.0;49184.0
94_levy_on_flood_none;94;True;none;1;Bom Jesus;restaurant;196712.0;196712.0;0.0;1.0;196712.0
94_levy_on_flood_none;94;True;none;1;Camaquã;marketplace;143480.0;143480.0;0.0;1.0;143480.0
94_levy_on_flood_none;94;True;none;1;Camaquã;pharmacy;35872.0;35872.0;0.0;1.0;35872.0
94_levy_on_flood_none;94;True;none;1;Camaquã;restaurant;143480.0;143480.0;0.0;1.0;143480.0
94_levy_on_flood_none;94;True;none;1;Campo Novo;marketplace;69944.0;69944.0;0.0;1.0;69944.0
94_levy_on_flood_none;94;True;none;1;Campo Novo;pharmacy;17488.0;17488.0;0.0;1.0;17488.0
94_levy_on_flood_none;94;True;none;1;Campo Novo;restaurant;69944.0;69944.0;0.0;1.0;69944.0
94_levy_on_flood_none;94;True;none;1;Cascata;marketplace;73872.0;73872.0;0.0;1.0;73872.0
94_levy_on_flood_none;94;True;none;1;Cascata;pharmacy;18496.0;18496.0;0.0;1.0;18496.0
94_levy_on_flood_none;94;True;none;1;Cascata;restaurant;73872.0;73872.0;0.0;1.0;73872.0
94_levy_on_flood_none;94;True;none;1;Cavalhada;marketplace;201672.0;201672.0;0.0;1.0;201672.0
94_levy_on_flood_none;94;True;none;1;Cavalhada;pharmacy;50384.0;50384.0;0.0;1.0;50384.0
94_levy_on_flood_none;94;True;none;1;Cavalhada;restaurant;201672.0;201672.0;0.0;1.0;201672.0
94_levy_on_flood_none;94;True;none;1;Centro Histórico;marketplace;244552.0;244552.0;0.0;1.0;244552.0
94_levy_on_flood_none;94;True;none;1;Centro Histórico;pharmacy;61128.0;61128.0;0.0;1.0;61128.0
94_levy_on_flood_none;94;True;none;1;Centro Histórico;restaurant;244552.0;244552.0;0.0;1.0;244552.0
94_levy_on_flood_none;94;True;none;1;Chapéu do Sol;marketplace;36192.0;36192.0;0.0;1.0;36192.0
94_levy_on_flood_none;94;True;none;1;Chapéu do Sol;pharmacy;9048.0;9048.0;0.0;1.0;9048.0
94_levy_on_flood_none;94;True;none;1;Chapéu do Sol;restaurant;36192.0;36192.0;0.0;1.0;36192.0
94_levy_on_flood_none;94;True;none;1;Chácara das Pedras;marketplace;45112.0;45112.0;0.0;1.0;45112.0
94_levy_on_flood_none;94;True;none;1;Chácara das Pedras;pharmacy;11280.0;11280.0;0.0;1.0;11280.0
94_levy_on_flood_none;94;True;none;1;Chácara das Pedras;restaurant;45112.0;45112.0;0.0;1.0;45112.0
94_levy_on_flood_none;94;True;none;1;Cidade Baixa;marketplace;104112.0;104112.0;0.0;1.0;104112.0
94_levy_on_flood_none;94;True;none;1;Cidade Baixa;pharmacy;26024.0;26024.0;0.0;1.0;26024.0
94_levy_on_flood_none;94;True;none;1;Cidade Baixa;restaurant;104112.0;104112.0;0.0;1.0;104112.0
94_levy_on_flood_none;94;True;none;1;Coronel Aparício Borges;marketplace;151728.0;151728.0;0.0;1.0;151728.0
94_levy_on_flood_none;94;True;none;1;Coronel Aparício Borges;pharmacy;37944.0;37944.0;0.0;1.0;37944.0
94_levy_on_flood_none;94;True;none;1;Coronel Aparício Borges;restaurant;151728.0;151728.0;0.0;1.0;151728.0
94_levy_on_flood_none;94;True;none;1;Costa e Silva;marketplace;108680.0;108680.0;0.0;1.0;108680.0
94_levy_on_flood_none;94;True;none;1;Costa e Silva;pharmacy;27168.0;27168.0;0.0;1.0;27168.0
94_levy_on_flood_none;94;True;none;1;Costa e Silva;restaurant;108680.0;108680.0;0.0;1.0;108680.0
94_levy_on_flood_none;94;True;none;1;Cristal;marketplace;198808.0;198808.0;0.0;1.0;198808.0
94_levy_on_flood_none;94;True;none;1;Cristal;pharmacy;49680.0;49680.0;0.0;1.0;49680.0
94_levy_on_flood_none;94;True;none;1;Cristal;restaurant;198808.0;198808.0;0.0;1.0;198808.0
94_levy_on_flood_none;94;True;none;1;Cristo Redentor;marketplace;121152.0;121152.0;0.0;1.0;121152.0
94_levy_on_flood_none;94;True;none;1;Cristo Redentor;pharmacy;30280.0;30280.0;0.0;1.0;30280.0
94_levy_on_flood_none;94;True;none;1;Cristo Redentor;restaurant;121152.0;121152.0;0.0;1.0;121152.0
94_levy_on_flood_none;94;True;none;1;Espírito Santo;marketplace;39624.0;39624.0;0.0;1.0;39624.0
94_levy_on_flood_none;94;True;none;1;Espírito Santo;pharmacy;9904.0;9904.0;0.0;1.0;9904.0
94_levy_on_flood_none;94;True;none;1;Espírito Santo;restaurant;39624.0;39624.0;0.0;1.0;39624.0
94_levy_on_flood_none;94;True;none;1;Extrema;marketplace;18880.0;18880.0;0.0;1.0;18880.0
94_levy_on_flood_none;94;True;none;1;Extrema;pharmacy;4728.0;4728.0;0.0;1.0;4728.0
94_levy_on_flood_none;94;True;none;1;Extrema;restaurant;18880.0;18880.0;0.0;1.0;18880.0
94_levy_on_flood_none;94;True;none;1;Farrapos;marketplace;140728.0;140728.0;0.0;1.0;140728.0
94_levy_on_flood_none;94;True;none;1;Farrapos;pharmacy;35176.0;35176.0;0.0;1.0;35176.0
94_levy_on_flood_none;94;True;none;1;Farrapos;restaurant;140728.0;140728.0;0.0;1.0;140728.0
94_levy_on_flood_none;94;True;none;1;Farroupilha;marketplace;6192.0;6192.0;0.0;1.0;6192.0
94_levy_on_flood_none;94;True;none;1;Farroupilha;pharmacy;1552.0;1552.0;0.0;1.0;1552.0
94_levy_on_flood_none;94;True;none;1;Farroupilha;restaurant;6192.0;6192.0;0.0;1.0;6192.0
94_levy_on_flood_none;94;True;none;1;Floresta;marketplace;70384.0;70384.0;0.0;1.0;70384.0
94_levy_on_flood_none;94;True;none;1;Floresta;pharmacy;17576.0;17576.0;0.0;1.0;17576.0
94_levy_on_flood_none;94;True;none;1;Floresta;restaurant;70384.0;70384.0;0.0;1.0;70384.0
94_levy_on_flood_none;94;True;none;1;Glória;marketplace;121984.0;121984.0;0.0;1.0;121984.0
94_levy_on_flood_none;94;True;none;1;Glória;pharmacy;30512.0;30512.0;0.0;1.0;30512.0
94_levy_on_flood_none;94;True;none;1;Glória;restaurant;121984.0;121984.0;0.0;1.0;121984.0
94_levy_on_flood_none;94;True;none;1;Guarujá;marketplace;49160.0;49160.0;0.0;1.0;49160.0
94_levy_on_flood_none;94;True;none;1;Guarujá;pharmacy;12288.0;12288.0;0.0;1.0;12288.0
94_levy_on_flood_none;94;True;none;1;Guarujá;restaurant;49160.0;49160.0;0.0;1.0;49160.0
94_levy_on_flood_none;94;True;none;1;Higienópolis;marketplace;82272.0;82272.0;0.0;1.0;82272.0
94_levy_on_flood_none;94;True;none;1;Higienópolis;pharmacy;20584.0;20584.0;0.0;1.0;20584.0
94_levy_on_flood_none;94;True;none;1;Higienópolis;restaurant;82272.0;82272.0;0.0;1.0;82272.0
94_levy_on_flood_none;94;True;none;1;Humaitá;marketplace;101952.0;101952.0;0.0;1.0;101952.0
94_levy_on_flood_none;94;True;none;1;Humaitá;pharmacy;25488.0;25488.0;0.0;1.0;25488.0
94_levy_on_flood_none;94;True;none;1;Humaitá;restaurant;101952.0;101952.0;0.0;1.0;101952.0
94_levy_on_flood_none;94;True;none;1;Hípica;marketplace;225880.0;225880.0;0.0;1.0;225880.0
94_levy_on_flood_none;94;True;none;1;Hípica;pharmacy;56504.0;56504.0;0.0;1.0;56504.0
94_levy_on_flood_none;94;True;none;1;Hípica;restaurant;225880.0;225880.0;0.0;1.0;225880.0
94_levy_on_flood_none;94;True;none;1;Independência;marketplace;55080.0;55080.0;0.0;1.0;55080.0
94_levy_on_flood_none;94;True;none;1;Independência;pharmacy;13752.0;13752.0;0.0;1.0;13752.0
94_levy_on_flood_none;94;True;none;1;Independência;restaurant;55080.0;55080.0;0.0;1.0;55080.0
94_levy_on_flood_none;94;True;none;1;Ipanema;marketplace;107224.0;107224.0;0.0;1.0;107224.0
94_levy_on_flood_none;94;True;none;1;Ipanema;pharmacy;26816.0;26816.0;0.0;1.0;26816.0
94_levy_on_flood_none;94;True;none;1;Ipanema;restaurant;107224.0;107224.0;0.0;1.0;107224.0
94_levy_on_flood_none;94;True;none;1;Jardim Botânico;marketplace;90792.0;90792.0;0.0;1.0;90792.0
94_levy_on_flood_none;94;True;none;1;Jardim Botânico;pharmacy;22704.0;22704.0;0.0;1.0;22704.0
94_levy_on_flood_none;94;True;none;1;Jardim Botânico;restaurant;90792.0;90792.0;0.0;1.0;90792.0
94_levy_on_flood_none;94;True;none;1;Jardim Carvalho;marketplace;187240.0;187240.0;0.0;1.0;187240.0
94_levy_on_flood_none;94;True;none;1;Jardim Carvalho;pharmacy;46808.0;46808.0;0.0;1.0;46808.0
94_levy_on_flood_none;94;True;none;1;Jardim Carvalho;restaurant;187240.0;187240.0;0.0;1.0;187240.0
94_levy_on_flood_none;94;True;none;1;Jardim Europa;marketplace;34976.0;34976.0;0.0;1.0;34976.0
94_levy_on_flood_none;94;True;none;1;Jardim Europa;pharmacy;8744.0;8744.0;0.0;1.0;8744.0
94_levy_on_flood_none;94;True;none;1;Jardim Europa;restaurant;34976.0;34976.0;0.0;1.0;34976.0
94_levy_on_flood_none;94;True;none;1;Jardim Floresta;marketplace;17824.0;17824.0;0.0;1.0;17824.0
94_levy_on_flood_none;94;True;none;1;Jardim Floresta;pharmacy;4456.0;4456.0;0.0;1.0;4456.0
94_levy_on_flood_none;94;True;none;1;Jardim Floresta;restaurant;17824.0;17824.0;0.0;1.0;17824.0
94_levy_on_flood_none;94;True;none;1;Jardim Isabel;marketplace;20736.0;20736.0;0.0;1.0;20736.0
94_levy_on_flood_none;94;True;none;1;Jardim Isabel;pharmacy;5192.0;5192.0;0.0;1.0;5192.0
94_levy_on_flood_none;94;True;none;1;Jardim Isabel;restaurant;20736.0;20736.0;0.0;1.0;20736.0
94_levy_on_flood_none;94;True;none;1;Jardim Itu;marketplace;140520.0;140520.0;0.0;1.0;140520.0
94_levy_on_flood_none;94;True;none;1;Jardim Itu;pharmacy;35128.0;35128.0;0.0;1.0;35128.0
94_levy_on_flood_none;94;True;none;1;Jardim Itu;restaurant;140520.0;140520.0;0.0;1.0;140520.0
94_levy_on_flood_none;94;True;none;1;Jardim Leopoldina;marketplace;129208.0;129208.0;0.0;1.0;129208.0
94_levy_on_flood_none;94;True;none;1;Jardim Leopoldina;pharmacy;32320.0;32320.0;0.0;1.0;32320.0
94_levy_on_flood_none;94;True;none;1;Jardim Leopoldina;restaurant;129208.0;129208.0;0.0;1.0;129208.0
94_levy_on_flood_none;94;True;none;1;Jardim Lindóia;marketplace;60696.0;60696.0;0.0;1.0;60696.0
94_levy_on_flood_none;94;True;none;1;Jardim Lindóia;pharmacy;15168.0;15168.0;0.0;1.0;15168.0
94_levy_on_flood_none;94;True;none;1;Jardim Lindóia;restaurant;60696.0;60696.0;0.0;1.0;60696.0
94_levy_on_flood_none;94;True;none;1;Jardim Sabará;marketplace;90160.0;90160.0;0.0;1.0;90160.0
94_levy_on_flood_none;94;True;none;1;Jardim Sabará;pharmacy;22536.0;22536.0;0.0;1.0;22536.0
94_levy_on_flood_none;94;True;none;1;Jardim Sabará;restaurant;90160.0;90160.0;0.0;1.0;90160.0
94_levy_on_flood_none;94;True;none;1;Jardim São Pedro;marketplace;26560.0;26560.0;0.0;1.0;26560.0
94_levy_on_flood_none;94;True;none;1;Jardim São Pedro;pharmacy;6632.0;6632.0;0.0;1.0;6632.0
94_levy_on_flood_none;94;True;none;1;Jardim São Pedro;restaurant;26560.0;26560.0;0.0;1.0;26560.0
94_levy_on_flood_none;94;True;none;1;Jardim do Salso;marketplace;52608.0;52608.0;0.0;1.0;52608.0
94_levy_on_flood_none;94;True;none;1;Jardim do Salso;pharmacy;13144.0;13144.0;0.0;1.0;13144.0
94_levy_on_flood_none;94;True;none;1;Jardim do Salso;restaurant;52608.0;52608.0;0.0;1.0;52608.0
94_levy_on_flood_none;94;True;none;1;Lageado;marketplace;45408.0;45408.0;0.0;1.0;45408.0
94_levy_on_flood_none;94;True;none;1;Lageado;pharmacy;11360.0;11360.0;0.0;1.0;11360.0
94_levy_on_flood_none;94;True;none;1;Lageado;restaurant;45408.0;45408.0;0.0;1.0;45408.0
94_levy_on_flood_none;94;True;none;1;Lami;marketplace;53416.0;53416.0;0.0;1.0;53416.0
94_levy_on_flood_none;94;True;none;1;Lami;pharmacy;13344.0;13344.0;0.0;1.0;13344.0
94_levy_on_flood_none;94;True;none;1;Lami;restaurant;53416.0;53416.0;0.0;1.0;53416.0
94_levy_on_flood_none;94;True;none;1;Lomba do Pinheiro;marketplace;473600.0;473600.0;0.0;1.0;473600.0
94_levy_on_flood_none;94;True;none;1;Lomba do Pinheiro;pharmacy;118400.0;118400.0;0.0;1.0;118400.0
94_levy_on_flood_none;94;True;none;1;Lomba do Pinheiro;restaurant;473600.0;473600.0;0.0;1.0;473600.0
94_levy_on_flood_none;94;True;none;1;Medianeira;marketplace;69992.0;69992.0;0.0;1.0;69992.0
94_levy_on_flood_none;94;True;none;1;Medianeira;pharmacy;17488.0;17488.0;0.0;1.0;17488.0
94_levy_on_flood_none;94;True;none;1;Medianeira;restaurant;69992.0;69992.0;0.0;1.0;69992.0
94_levy_on_flood_none;94;True;none;1;Menino-Deus;marketplace;223688.0;223688.0;0.0;1.0;223688.0
94_levy_on_flood_none;94;True;none;1;Menino-Deus;pharmacy;55896.0;55896.0;0.0;1.0;55896.0
94_levy_on_flood_none;94;True;none;1;Menino-Deus;restaurant;223688.0;223688.0;0.0;1.0;223688.0
94_levy_on_flood_none;94;True;none;1;Moinhos de Vento;marketplace;79960.0;79960.0;0.0;1.0;79960.0
94_levy_on_flood_none;94;True;none;1;Moinhos de Vento;pharmacy;20000.0;20000.0;0.0;1.0;20000.0
94_levy_on_flood_none;94;True;none;1;Moinhos de Vento;restaurant;79960.0;79960.0;0.0;1.0;79960.0
94_levy_on_flood_none;94;True;none;1;Mont’Serrat;marketplace;82856.0;82856.0;0.0;1.0;82856.0
94_levy_on_flood_none;94;True;none;1;Mont’Serrat;pharmacy;20712.0;20712.0;0.0;1.0;20712.0
94_levy_on_flood_none;94;True;none;1;Mont’Serrat;restaurant;82856.0;82856.0;0.0;1.0;82856.0
94_levy_on_flood_none;94;True;none;1;Morro Santana;marketplace;173120.0;173120.0;0.0;1.0;173120.0
94_levy_on_flood_none;94;True;none;1;Morro Santana;pharmacy;43256.0;43256.0;0.0;1.0;43256.0
94_levy_on_flood_none;94;True;none;1;Morro Santana;restaurant;173120.0;173120.0;0.0;1.0;173120.0
94_levy_on_flood_none;94;True;none;1;Mário Quintana;marketplace;352544.0;352544.0;0.0;1.0;352544.0
94_levy_on_flood_none;94;True;none;1;Mário Quintana;pharmacy;88112.0;88112.0;0.0;1.0;88112.0
94_levy_on_flood_none;94;True;none;1;Mário Quintana;restaurant;352544.0;352544.0;0.0;1.0;352544.0
94_levy_on_flood_none;94;True;none;1;Navegantes;marketplace;26520.0;26520.0;0.0;1.0;26520.0
94_levy_on_flood_none;94;True;none;1;Navegantes;pharmacy;6624.0;6624.0;0.0;1.0;6624.0
94_levy_on_flood_none;94;True;none;1;Navegantes;restaurant;26520.0;26520.0;0.0;1.0;26520.0
94_levy_on_flood_none;94;True;none;1;Nonoai;marketplace;166208.0;166208.0;0.0;1.0;166208.0
94_levy_on_flood_none;94;True;none;1;Nonoai;pharmacy;41560.0;41560.0;0.0;1.0;41560.0
94_levy_on_flood_none;94;True;none;1;Nonoai;restaurant;166208.0;166208.0;0.0;1.0;166208.0
94_levy_on_flood_none;94;True;none;1;Parque Santa Fé;marketplace;53384.0;53384.0;0.0;1.0;53384.0
94_levy_on_flood_none;94;True;none;1;Parque Santa Fé;pharmacy;13352.0;13352.0;0.0;1.0;13352.0
94_levy_on_flood_none;94;True;none;1;Parque Santa Fé;restaurant;53384.0;53384.0;0.0;1.0;53384.0
94_levy_on_flood_none;94;True;none;1;Partenon;marketplace;348696.0;348696.0;0.0;1.0;348696.0
94_levy_on_flood_none;94;True;none;1;Partenon;pharmacy;87224.0;87224.0;0.0;1.0;87224.0
94_levy_on_flood_none;94;True;none;1;Partenon;restaurant;348696.0;348696.0;0.0;1.0;348696.0
94_levy_on_flood_none;94;True;none;1;Passo da Areia;marketplace;180240.0;180240.0;0.0;1.0;180240.0
94_levy_on_flood_none;94;True;none;1;Passo da Areia;pharmacy;45064.0;45064.0;0.0;1.0;45064.0
94_levy_on_flood_none;94;True;none;1;Passo da Areia;restaurant;180240.0;180240.0;0.0;1.0;180240.0
94_levy_on_flood_none;94;True;none;1;Passo das Pedras;marketplace;115480.0;115480.0;0.0;1.0;115480.0
94_levy_on_flood_none;94;True;none;1;Passo das Pedras;pharmacy;28856.0;28856.0;0.0;1.0;28856.0
94_levy_on_flood_none;94;True;none;1;Passo das Pedras;restaurant;115480.0;115480.0;0.0;1.0;115480.0
94_levy_on_flood_none;94;True;none;1;Pedra Redonda;marketplace;4560.0;4560.0;0.0;1.0;4560.0
94_levy_on_flood_none;94;True;none;1;Pedra Redonda;pharmacy;1144.0;1144.0;0.0;1.0;1144.0
94_levy_on_flood_none;94;True;none;1;Pedra Redonda;restaurant;4560.0;4560.0;0.0;1.0;4560.0
94_levy_on_flood_none;94;True;none;1;Petrópolis;marketplace;300904.0;300904.0;0.0;1.0;300904.0
94_levy_on_flood_none;94;True;none;1;Petrópolis;pharmacy;75256.0;75256.0;0.0;1.0;75256.0
94_levy_on_flood_none;94;True;none;1;Petrópolis;restaurant;300904.0;300904.0;0.0;1.0;300904.0
94_levy_on_flood_none;94;True;none;1;Pitinga;marketplace;56096.0;56096.0;0.0;1.0;56096.0
94_levy_on_flood_none;94;True;none;1;Pitinga;pharmacy;14024.0;14024.0;0.0;1.0;14024.0
94_levy_on_flood_none;94;True;none;1;Pitinga;restaurant;56096.0;56096.0;0.0;1.0;56096.0
94_levy_on_flood_none;94;True;none;1;Ponta Grossa;marketplace;71512.0;71512.0;0.0;1.0;71512.0
94_levy_on_flood_none;94;True;none;1;Ponta Grossa;pharmacy;17880.0;17880.0;0.0;1.0;17880.0
94_levy_on_flood_none;94;True;none;1;Ponta Grossa;restaurant;71512.0;71512.0;0.0;1.0;71512.0
94_levy_on_flood_none;94;True;none;1;Praia de Belas;marketplace;12176.0;12176.0;0.0;1.0;12176.0
94_levy_on_flood_none;94;True;none;1;Praia de Belas;pharmacy;3048.0;3048.0;0.0;1.0;3048.0
94_levy_on_flood_none;94;True;none;1;Praia de Belas;restaurant;12176.0;12176.0;0.0;1.0;12176.0
94_levy_on_flood_none;94;True;none;1;Restinga;marketplace;499584.0;499584.0;0.0;1.0;499584.0
94_levy_on_flood_none;94;True;none;1;Restinga;pharmacy;124840.0;124840.0;0.0;1.0;124840.0
94_levy_on_flood_none;94;True;none;1;Restinga;restaurant;499584.0;499584.0;0.0;1.0;499584.0
94_levy_on_flood_none;94;True;none;1;Rio Branco;marketplace;125680.0;125680.0;0.0;1.0;125680.0
94_levy_on_flood_none;94;True;none;1;Rio Branco;pharmacy;31408.0;31408.0;0.0;1.0;31408.0
94_levy_on_flood_none;94;True;none;1;Rio Branco;restaurant;125680.0;125680.0;0.0;1.0;125680.0
94_levy_on_flood_none;94;True;none;1;Rubem Berta;marketplace;223440.0;223440.0;0.0;1.0;223440.0
94_levy_on_flood_none;94;True;none;1;Rubem Berta;pharmacy;55848.0;55848.0;0.0;1.0;55848.0
94_levy_on_flood_none;94;True;none;1;Rubem Berta;restaurant;223440.0;223440.0;0.0;1.0;223440.0
94_levy_on_flood_none;94;True;none;1;Santa Cecília;marketplace;37120.0;37120.0;0.0;1.0;37120.0
94_levy_on_flood_none;94;True;none;1;Santa Cecília;pharmacy;9288.0;9288.0;0.0;1.0;9288.0
94_levy_on_flood_none;94;True;none;1;Santa Cecília;restaurant;37120.0;37120.0;0.0;1.0;37120.0
94_levy_on_flood_none;94;True;none;1;Santa Maria Goretti;marketplace;24280.0;24280.0;0.0;1.0;24280.0
94_levy_on_flood_none;94;True;none;1;Santa Maria Goretti;pharmacy;6080.0;6080.0;0.0;1.0;6080.0
94_levy_on_flood_none;94;True;none;1;Santa Maria Goretti;restaurant;24280.0;24280.0;0.0;1.0;24280.0
94_levy_on_flood_none;94;True;none;1;Santa Rosa de Lima;marketplace;277016.0;277016.0;0.0;1.0;277016.0
94_levy_on_flood_none;94;True;none;1;Santa Rosa de Lima;pharmacy;69280.0;69280.0;0.0;1.0;69280.0
94_levy_on_flood_none;94;True;none;1;Santa Rosa de Lima;restaurant;277016.0;277016.0;0.0;1.0;277016.0
94_levy_on_flood_none;94;True;none;1;Santa Tereza;marketplace;250864.0;250864.0;0.0;1.0;250864.0
94_levy_on_flood_none;94;True;none;1;Santa Tereza;pharmacy;62736.0;62736.0;0.0;1.0;62736.0
94_levy_on_flood_none;94;True;none;1;Santa Tereza;restaurant;250864.0;250864.0;0.0;1.0;250864.0
94_levy_on_flood_none;94;True;none;1;Santana;marketplace;142352.0;142352.0;0.0;1.0;142352.0
94_levy_on_flood_none;94;True;none;1;Santana;pharmacy;35576.0;35576.0;0.0;1.0;35576.0
94_levy_on_flood_none;94;True;none;1;Santana;restaurant;142352.0;142352.0;0.0;1.0;142352.0
94_levy_on_flood_none;94;True;none;1;Santo Antônio;marketplace;104840.0;104840.0;0.0;1.0;104840.0
94_levy_on_flood_none;94;True;none;1;Santo Antônio;pharmacy;26192.0;26192.0;0.0;1.0;26192.0
94_levy_on_flood_none;94;True;none;1;Santo Antônio;restaurant;104840.0;104840.0;0.0;1.0;104840.0
94_levy_on_flood_none;94;True;none;1;Sarandi;marketplace;412312.0;412312.0;0.0;1.0;412312.0
94_levy_on_flood_none;94;True;none;1;Sarandi;pharmacy;103032.0;103032.0;0.0;1.0;103032.0
94_levy_on_flood_none;94;True;none;1;Sarandi;restaurant;412312.0;412312.0;0.0;1.0;412312.0
94_levy_on_flood_none;94;True;none;1;Serraria;marketplace;35080.0;35080.0;0.0;1.0;35080.0
94_levy_on_flood_none;94;True;none;1;Serraria;pharmacy;8768.0;8768.0;0.0;1.0;8768.0
94_levy_on_flood_none;94;True;none;1;Serraria;restaurant;35080.0;35080.0;0.0;1.0;35080.0
94_levy_on_flood_none;94;True;none;1;São Caetano;marketplace;5864.0;5864.0;0.0;1.0;5864.0
94_levy_on_flood_none;94;True;none;1;São Caetano;pharmacy;1472.0;1472.0;0.0;1.0;1472.0
94_levy_on_flood_none;94;True;none;1;São Caetano;restaurant;5864.0;5864.0;0.0;1.0;5864.0
94_levy_on_flood_none;94;True;none;1;São Geraldo;marketplace;55584.0;55584.0;0.0;1.0;55584.0
94_levy_on_flood_none;94;True;none;1;São Geraldo;pharmacy;13896.0;13896.0;0.0;1.0;13896.0
94_levy_on_flood_none;94;True;none;1;São Geraldo;restaurant;55584.0;55584.0;0.0;1.0;55584.0
94_levy_on_flood_none;94;True;none;1;São João;marketplace;84968.0;84968.0;0.0;1.0;84968.0
94_levy_on_flood_none;94;True;none;1;São João;pharmacy;21232.0;21232.0;0.0;1.0;21232.0
94_levy_on_flood_none;94;True;none;1;São João;restaurant;84968.0;84968.0;0.0;1.0;84968.0
94_levy_on_flood_none;94;True;none;1;São Sebastião;marketplace;60112.0;60112.0;0.0;1.0;60112.0
94_levy_on_flood_none;94;True;none;1;São Sebastião;pharmacy;15040.0;15040.0;0.0;1.0;15040.0
94_levy_on_flood_none;94;True;none;1;São Sebastião;restaurant;60112.0;60112.0;0.0;1.0;60112.0
94_levy_on_flood_none;94;True;none;1;Sétimo Céu;marketplace;9328.0;9328.0;0.0;1.0;9328.0
94_levy_on_flood_none;94;True;none;1;Sétimo Céu;pharmacy;2328.0;2328.0;0.0;1.0;2328.0
94_levy_on_flood_none;94;True;none;1;Sétimo Céu;restaurant;9328.0;9328.0;0.0;1.0;9328.0
94_levy_on_flood_none;94;True;none;1;Teresópolis;marketplace;104576.0;104576.0;0.0;1.0;104576.0
94_levy_on_flood_none;94;True;none;1;Teresópolis;pharmacy;26160.0;26160.0;0.0;1.0;26160.0
94_levy_on_flood_none;94;True;none;1;Teresópolis;restaurant;104576.0;104576.0;0.0;1.0;104576.0
94_levy_on_flood_none;94;True;none;1;Tristeza;marketplace;137608.0;137608.0;0.0;1.0;137608.0
94_levy_on_flood_none;94;True;none;1;Tristeza;pharmacy;34384.0;34384.0;0.0;1.0;34384.0
94_levy_on_flood_none;94;True;none;1;Tristeza;restaurant;137608.0;137608.0;0.0;1.0;137608.0
94_levy_on_flood_none;94;True;none;1;Três Figueiras;marketplace;32128.0;32128.0;0.0;1.0;32128.0
94_levy_on_flood_none;94;True;none;1;Três Figueiras;pharmacy;8032.0;8032.0;0.0;1.0;8032.0
94_levy_on_flood_none;94;True;none;1;Três Figueiras;restaurant;32128.0;32128.0;0.0;1.0;32128.0
94_levy_on_flood_none;94;True;none;1;Vila Assunção;marketplace;31792.0;31792.0;0.0;1.0;31792.0
94_levy_on_flood_none;94;True;none;1;Vila Assunção;pharmacy;7936.0;7936.0;0.0;1.0;7936.0
94_levy_on_flood_none;94;True;none;1;Vila Assunção;restaurant;31792.0;31792.0;0.0;1.0;31792.0
94_levy_on_flood_none;94;True;none;1;Vila Conceição;marketplace;7752.0;7752.0;0.0;1.0;7752.0
94_levy_on_flood_none;94;True;none;1;Vila Conceição;pharmacy;1944.0;1944.0;0.0;1.0;1944.0
94_levy_on_flood_none;94;True;none;1;Vila Conceição;restaurant;7752.0;7752.0;0.0;1.0;7752.0
94_levy_on_flood_none;94;True;none;1;Vila Ipiranga;marketplace;144328.0;144328.0;0.0;1.0;144328.0
94_levy_on_flood_none;94;True;none;1;Vila Ipiranga;pharmacy;36088.0;36088.0;0.0;1.0;36088.0
94_levy_on_flood_none;94;True;none;1;Vila Ipiranga;restaurant;144328.0;144328.0;0.0;1.0;144328.0
94_levy_on_flood_none;94;True;none;1;Vila Jardim;marketplace;91288.0;91288.0;0.0;1.0;91288.0
94_levy_on_flood_none;94;True;none;1;Vila Jardim;pharmacy;22816.0;22816.0;0.0;1.0;22816.0
94_levy_on_flood_none;94;True;none;1;Vila Jardim;restaurant;91288.0;91288.0;0.0;1.0;91288.0
94_levy_on_flood_none;94;True;none;1;Vila João Pessoa;marketplace;83448.0;83448.0;0.0;1.0;83448.0
94_levy_on_flood_none;94;True;none;1;Vila João Pessoa;pharmacy;20856.0;20856.0;0.0;1.0;20856.0
94_levy_on_flood_none;94;True;none;1;Vila João Pessoa;restaurant;83448.0;83448.0;0.0;1.0;83448.0
94_levy_on_flood_none;94;True;none;1;Vila Nova;marketplace;257736.0;257736.0;0.0;1.0;257736.0
94_levy_on_flood_none;94;True;none;1;Vila Nova;pharmacy;64480.0;64480.0;0.0;1.0;64480.0
94_levy_on_flood_none;94;True;none;1;Vila Nova;restaurant;257736.0;257736.0;0.0;1.0;257736.0
94_levy_on_flood_none;94;True;none;1;Vila São José;marketplace;192088.0;192088.0;0.0;1.0;192088.0
94_levy_on_flood_none;94;True;none;1;Vila São José;pharmacy;48040.0;48040.0;0.0;1.0;48040.0
94_levy_on_flood_none;94;True;none;1;Vila São José;restaurant;192088.0;192088.0;0.0;1.0;192088.0
94_levy_on_flood_none;94;True;none;2;Aberta dos Morros;marketplace;78832.0;78832.0;0.0;1.0;78832.0
94_levy_on_flood_none;94;True;none;2;Aberta dos Morros;pharmacy;19704.0;19704.0;0.0;1.0;19704.0
94_levy_on_flood_none;94;True;none;2;Aberta dos Morros;restaurant;78832.0;78832.0;0.0;1.0;78832.0
94_levy_on_flood_none;94;True;none;2;Agronomia;marketplace;21416.0;21416.0;0.0;1.0;21416.0
94_levy_on_flood_none;94;True;none;2;Agronomia;pharmacy;5360.0;5360.0;0.0;1.0;5360.0
94_levy_on_flood_none;94;True;none;2;Agronomia;restaurant;21416.0;21416.0;0.0;1.0;21416.0
94_levy_on_flood_none;94;True;none;2;Anchieta;marketplace;6328.0;6328.0;0.0;1.0;6328.0
94_levy_on_flood_none;94;True;none;2;Anchieta;pharmacy;1568.0;1568.0;0.0;1.0;1568.0
94_levy_on_flood_none;94;True;none;2;Anchieta;restaurant;6328.0;6328.0;0.0;1.0;6328.0
94_levy_on_flood_none;94;True;none;2;Arquipélago;marketplace;51288.0;51288.0;0.0;1.0;51288.0
94_levy_on_flood_none;94;True;none;2;Arquipélago;pharmacy;12816.0;12816.0;0.0;1.0;12816.0
94_levy_on_flood_none;94;True;none;2;Arquipélago;restaurant;51288.0;51288.0;0.0;1.0;51288.0
94_levy_on_flood_none;94;True;none;2;Auxiliadora;marketplace;71272.0;71272.0;0.0;1.0;71272.0
94_levy_on_flood_none;94;True;none;2;Auxiliadora;pharmacy;17824.0;17824.0;0.0;1.0;17824.0
94_levy_on_flood_none;94;True;none;2;Auxiliadora;restaurant;71272.0;71272.0;0.0;1.0;71272.0
94_levy_on_flood_none;94;True;none;2;Azenha;marketplace;96512.0;96512.0;0.0;1.0;96512.0
94_levy_on_flood_none;94;True;none;2;Azenha;pharmacy;24144.0;24144.0;0.0;1.0;24144.0
94_levy_on_flood_none;94;True;none;2;Azenha;restaurant;96512.0;96512.0;0.0;1.0;96512.0
94_levy_on_flood_none;94;True;none;2;Bela Vista;marketplace;94552.0;94552.0;0.0;1.0;94552.0
94_levy_on_flood_none;94;True;none;2;Bela Vista;pharmacy;23624.0;23624.0;0.0;1.0;23624.0
94_levy_on_flood_none;94;True;none;2;Bela Vista;restaurant;94552.0;94552.0;0.0;1.0;94552.0
94_levy_on_flood_none;94;True;none;2;Belém Novo;marketplace;78808.0;78808.0;0.0;1.0;78808.0
94_levy_on_flood_none;94;True;none;2;Belém Novo;pharmacy;19696.0;19696.0;0.0;1.0;19696.0
94_levy_on_flood_none;94;True;none;2;Belém Novo;restaurant;78808.0;78808.0;0.0;1.0;78808.0
94_levy_on_flood_none;94;True;none;2;Belém Velho;marketplace;87144.0;87144.0;0.0;1.0;87144.0
94_levy_on_flood_none;94;True;none;2;Belém Velho;pharmacy;21776.0;21776.0;0.0;1.0;21776.0
94_levy_on_flood_none;94;True;none;2;Belém Velho;restaurant;87144.0;87144.0;0.0;1.0;87144.0
94_levy_on_flood_none;94;True;none;2;Boa Vista;marketplace;74032.0;74032.0;0.0;1.0;74032.0
94_levy_on_flood_none;94;True;none;2;Boa Vista;pharmacy;18504.0;18504.0;0.0;1.0;18504.0
94_levy_on_flood_none;94;True;none;2;Boa Vista;restaurant;74032.0;74032.0;0.0;1.0;74032.0
94_levy_on_flood_none;94;True;none;2;Boa Vista do Sul;marketplace;21624.0;21624.0;0.0;1.0;21624.0
94_levy_on_flood_none;94;True;none;2;Boa Vista do Sul;pharmacy;5416.0;5416.0;0.0;1.0;5416.0
94_levy_on_flood_none;94;True;none;2;Boa Vista do Sul;restaurant;21624.0;21624.0;0.0;1.0;21624.0
94_levy_on_flood_none;94;True;none;2;Bom Fim;marketplace;81280.0;81280.0;0.0;1.0;81280.0
94_levy_on_flood_none;94;True;none;2;Bom Fim;pharmacy;20320.0;20320.0;0.0;1.0;20320.0
94_levy_on_flood_none;94;True;none;2;Bom Fim;restaurant;81280.0;81280.0;0.0;1.0;81280.0
94_levy_on_flood_none;94;True;none;2;Bom Jesus;marketplace;196712.0;196712.0;0.0;1.0;196712.0
94_levy_on_flood_none;94;True;none;2;Bom Jesus;pharmacy;49184.0;49184.0;0.0;1.0;49184.0
94_levy_on_flood_none;94;True;none;2;Bom Jesus;restaurant;196712.0;196712.0;0.0;1.0;196712.0
94_levy_on_flood_none;94;True;none;2;Camaquã;marketplace;143480.0;143480.0;0.0;1.0;143480.0
94_levy_on_flood_none;94;True;none;2;Camaquã;pharmacy;35872.0;35872.0;0.0;1.0;35872.0
94_levy_on_flood_none;94;True;none;2;Camaquã;restaurant;143480.0;143480.0;0.0;1.0;143480.0
94_levy_on_flood_none;94;True;none;2;Campo Novo;marketplace;69944.0;69944.0;0.0;1.0;69944.0
94_levy_on_flood_none;94;True;none;2;Campo Novo;pharmacy;17488.0;17488.0;0.0;1.0;17488.0
94_levy_on_flood_none;94;True;none;2;Campo Novo;restaurant;69944.0;69944.0;0.0;1.0;69944.0
94_levy_on_flood_none;94;True;none;2;Cascata;marketplace;73872.0;73872.0;0.0;1.0;73872.0
94_levy_on_flood_none;94;True;none;2;Cascata;pharmacy;18496.0;18496.0;0.0;1.0;18496.0
94_levy_on_flood_none;94;True;none;2;Cascata;restaurant;73872.0;73872.0;0.0;1.0;73872.0
94_levy_on_flood_none;94;True;none;2;Cavalhada;marketplace;201672.0;201672.0;0.0;1.0;201672.0
94_levy_on_flood_none;94;True;none;2;Cavalhada;pharmacy;50384.0;50384.0;0.0;1.0;50384.0
94_levy_on_flood_none;94;True;none;2;Cavalhada;restaurant;201672.0;201672.0;0.0;1.0;201672.0
94_levy_on_flood_none;94;True;none;2;Centro Histórico;marketplace;244552.0;244552.0;0.0;1.0;244552.0
94_levy_on_flood_none;94;True;none;2;Centro Histórico;pharmacy;61128.0;61128.0;0.0;1.0;61128.0
94_levy_on_flood_none;94;True;none;2;Centro Histórico;restaurant;244552.0;244552.0;0.0;1.0;244552.0
94_levy_on_flood_none;94;True;none;2;Chapéu do Sol;marketplace;36192.0;36192.0;0.0;1.0;36192.0
94_levy_on_flood_none;94;True;none;2;Chapéu do Sol;pharmacy;9048.0;9048.0;0.0;1.0;9048.0
94_levy_on_flood_none;94;True;none;2;Chapéu do Sol;restaurant;36192.0;36192.0;0.0;1.0;36192.0
94_levy_on_flood_none;94;True;none;2;Chácara das Pedras;marketplace;45112.0;45112.0;0.0;1.0;45112.0
94_levy_on_flood_none;94;True;none;2;Chácara das Pedras;pharmacy;11280.0;11280.0;0.0;1.0;11280.0
94_levy_on_flood_none;94;True;none;2;Chácara das Pedras;restaurant;45112.0;45112.0;0.0;1.0;45112.0
94_levy_on_flood_none;94;True;none;2;Cidade Baixa;marketplace;104112.0;104112.0;0.0;1.0;104112.0
94_levy_on_flood_none;94;True;none;2;Cidade Baixa;pharmacy;26024.0;26024.0;0.0;1.0;26024.0
94_levy_on_flood_none;94;True;none;2;Cidade Baixa;restaurant;104112.0;104112.0;0.0;1.0;104112.0
94_levy_on_flood_none;94;True;none;2;Coronel Aparício Borges;marketplace;151728.0;151728.0;0.0;1.0;151728.0
94_levy_on_flood_none;94;True;none;2;Coronel Aparício Borges;pharmacy;37944.0;37944.0;0.0;1.0;37944.0
94_levy_on_flood_none;94;True;none;2;Coronel Aparício Borges;restaurant;151728.0;151728.0;0.0;1.0;151728.0
94_levy_on_flood_none;94;True;none;2;Costa e Silva;marketplace;108680.0;108680.0;0.0;1.0;108680.0
94_levy_on_flood_none;94;True;none;2;Costa e Silva;pharmacy;27168.0;27168.0;0.0;1.0;27168.0
94_levy_on_flood_none;94;True;none;2;Costa e Silva;restaurant;108680.0;108680.0;0.0;1.0;108680.0
94_levy_on_flood_none;94;True;none;2;Cristal;marketplace;198808.0;198808.0;0.0;1.0;198808.0
94_levy_on_flood_none;94;True;none;2;Cristal;pharmacy;49680.0;49680.0;0.0;1.0;49680.0
94_levy_on_flood_none;94;True;none;2;Cristal;restaurant;198808.0;198808.0;0.0;1.0;198808.0
94_levy_on_flood_none;94;True;none;2;Cristo Redentor;marketplace;121152.0;121152.0;0.0;1.0;121152.0
94_levy_on_flood_none;94;True;none;2;Cristo Redentor;pharmacy;30280.0;30280.0;0.0;1.0;30280.0
94_levy_on_flood_none;94;True;none;2;Cristo Redentor;restaurant;121152.0;121152.0;0.0;1.0;121152.0
94_levy_on_flood_none;94;True;none;2;Espírito Santo;marketplace;39624.0;39624.0;0.0;1.0;39624.0
94_levy_on_flood_none;94;True;none;2;Espírito Santo;pharmacy;9904.0;9904.0;0.0;1.0;9904.0
94_levy_on_flood_none;94;True;none;2;Espírito Santo;restaurant;39624.0;39624.0;0.0;1.0;39624.0
94_levy_on_flood_none;94;True;none;2;Extrema;marketplace;18880.0;18880.0;0.0;1.0;18880.0
94_levy_on_flood_none;94;True;none;2;Extrema;pharmacy;4728.0;4728.0;0.0;1.0;4728.0
94_levy_on_flood_none;94;True;none;2;Extrema;restaurant;18880.0;18880.0;0.0;1.0;18880.0
94_levy_on_flood_none;94;True;none;2;Farrapos;marketplace;140728.0;140728.0;0.0;1.0;140728.0
94_levy_on_flood_none;94;True;none;2;Farrapos;pharmacy;35176.0;35176.0;0.0;1.0;35176.0
94_levy_on_flood_none;94;True;none;2;Farrapos;restaurant;140728.0;140728.0;0.0;1.0;140728.0
94_levy_on_flood_none;94;True;none;2;Farroupilha;marketplace;6192.0;6192.0;0.0;1.0;6192.0
94_levy_on_flood_none;94;True;none;2;Farroupilha;pharmacy;1552.0;1552.0;0.0;1.0;1552.0
94_levy_on_flood_none;94;True;none;2;Farroupilha;restaurant;6192.0;6192.0;0.0;1.0;6192.0
94_levy_on_flood_none;94;True;none;2;Floresta;marketplace;70384.0;70384.0;0.0;1.0;70384.0
94_levy_on_flood_none;94;True;none;2;Floresta;pharmacy;17576.0;17576.0;0.0;1.0;17576.0
94_levy_on_flood_none;94;True;none;2;Floresta;restaurant;70384.0;70384.0;0.0;1.0;70384.0
94_levy_on_flood_none;94;True;none;2;Glória;marketplace;121984.0;121984.0;0.0;1.0;121984.0
94_levy_on_flood_none;94;True;none;2;Glória;pharmacy;30512.0;30512.0;0.0;1.0;30512.0
94_levy_on_flood_none;94;True;none;2;Glória;restaurant;121984.0;121984.0;0.0;1.0;121984.0
94_levy_on_flood_none;94;True;none;2;Guarujá;marketplace;49160.0;49160.0;0.0;1.0;49160.0
94_levy_on_flood_none;94;True;none;2;Guarujá;pharmacy;12288.0;12288.0;0.0;1.0;12288.0
94_levy_on_flood_none;94;True;none;2;Guarujá;restaurant;49160.0;49160.0;0.0;1.0;49160.0
94_levy_on_flood_none;94;True;none;2;Higienópolis;marketplace;82272.0;82272.0;0.0;1.0;82272.0
94_levy_on_flood_none;94;True;none;2;Higienópolis;pharmacy;20584.0;20584.0;0.0;1.0;20584.0
94_levy_on_flood_none;94;True;none;2;Higienópolis;restaurant;82272.0;82272.0;0.0;1.0;82272.0
94_levy_on_flood_none;94;True;none;2;Humaitá;marketplace;101952.0;101952.0;0.0;1.0;101952.0
94_levy_on_flood_none;94;True;none;2;Humaitá;pharmacy;25488.0;25488.0;0.0;1.0;25488.0
94_levy_on_flood_none;94;True;none;2;Humaitá;restaurant;101952.0;101952.0;0.0;1.0;101952.0
94_levy_on_flood_none;94;True;none;2;Hípica;marketplace;225880.0;225880.0;0.0;1.0;225880.0
94_levy_on_flood_none;94;True;none;2;Hípica;pharmacy;56504.0;56504.0;0.0;1.0;56504.0
94_levy_on_flood_none;94;True;none;2;Hípica;restaurant;225880.0;225880.0;0.0;1.0;225880.0
94_levy_on_flood_none;94;True;none;2;Independência;marketplace;55080.0;55080.0;0.0;1.0;55080.0
94_levy_on_flood_none;94;True;none;2;Independência;pharmacy;13752.0;13752.0;0.0;1.0;13752.0
94_levy_on_flood_none;94;True;none;2;Independência;restaurant;55080.0;55080.0;0.0;1.0;55080.0
94_levy_on_flood_none;94;True;none;2;Ipanema;marketplace;107224.0;107224.0;0.0;1.0;107224.0
94_levy_on_flood_none;94;True;none;2;Ipanema;pharmacy;26816.0;26816.0;0.0;1.0;26816.0
94_levy_on_flood_none;94;True;none;2;Ipanema;restaurant;107224.0;107224.0;0.0;1.0;107224.0
94_levy_on_flood_none;94;True;none;2;Jardim Botânico;marketplace;90792.0;90792.0;0.0;1.0;90792.0
94_levy_on_flood_none;94;True;none;2;Jardim Botânico;pharmacy;22704.0;22704.0;0.0;1.0;22704.0
94_levy_on_flood_none;94;True;none;2;Jardim Botânico;restaurant;90792.0;90792.0;0.0;1.0;90792.0
94_levy_on_flood_none;94;True;none;2;Jardim Carvalho;marketplace;187240.0;187240.0;0.0;1.0;187240.0
94_levy_on_flood_none;94;True;none;2;Jardim Carvalho;pharmacy;46808.0;46808.0;0.0;1.0;46808.0
94_levy_on_flood_none;94;True;none;2;Jardim Carvalho;restaurant;187240.0;187240.0;0.0;1.0;187240.0
94_levy_on_flood_none;94;True;none;2;Jardim Europa;marketplace;34976.0;34976.0;0.0;1.0;34976.0
94_levy_on_flood_none;94;True;none;2;Jardim Europa;pharmacy;8744.0;8744.0;0.0;1.0;8744.0
94_levy_on_flood_none;94;True;none;2;Jardim Europa;restaurant;34976.0;34976.0;0.0;1.0;34976.0
94_levy_on_flood_none;94;True;none;2;Jardim Floresta;marketplace;17824.0;17824.0;0.0;1.0;17824.0
94_levy_on_flood_none;94;True;none;2;Jardim Floresta;pharmacy;4456.0;4456.0;0.0;1.0;4456.0
94_levy_on_flood_none;94;True;none;2;Jardim Floresta;restaurant;17824.0;17824.0;0.0;1.0;17824.0
94_levy_on_flood_none;94;True;none;2;Jardim Isabel;marketplace;20736.0;20736.0;0.0;1.0;20736.0
94_levy_on_flood_none;94;True;none;2;Jardim Isabel;pharmacy;5192.0;5192.0;0.0;1.0;5192.0
94_levy_on_flood_none;94;True;none;2;Jardim Isabel;restaurant;20736.0;20736.0;0.0;1.0;20736.0
94_levy_on_flood_none;94;True;none;2;Jardim Itu;marketplace;140520.0;140520.0;0.0;1.0;140520.0
94_levy_on_flood_none;94;True;none;2;Jardim Itu;pharmacy;35128.0;35128.0;0.0;1.0;35128.0
94_levy_on_flood_none;94;True;none;2;Jardim Itu;restaurant;140520.0;140520.0;0.0;1.0;140520.0
94_levy_on_flood_none;94;True;none;2;Jardim Leopoldina;marketplace;129208.0;129208.0;0.0;1.0;129208.0
94_levy_on_flood_none;94;True;none;2;Jardim Leopoldina;pharmacy;32320.0;32320.0;0.0;1.0;32320.0
94_levy_on_flood_none;94;True;none;2;Jardim Leopoldina;restaurant;129208.0;129208.0;0.0;1.0;129208.0
94_levy_on_flood_none;94;True;none;2;Jardim Lindóia;marketplace;60696.0;60696.0;0.0;1.0;60696.0
94_levy_on_flood_none;94;True;none;2;Jardim Lindóia;pharmacy;15168.0;15168.0;0.0;1.0;15168.0
94_levy_on_flood_none;94;True;none;2;Jardim Lindóia;restaurant;60696.0;60696.0;0.0;1.0;60696.0
94_levy_on_flood_none;94;True;none;2;Jardim Sabará;marketplace;90160.0;90160.0;0.0;1.0;90160.0
94_levy_on_flood_none;94;True;none;2;Jardim Sabará;pharmacy;22536.0;22536.0;0.0;1.0;22536.0
94_levy_on_flood_none;94;True;none;2;Jardim Sabará;restaurant;90160.0;90160.0;0.0;1.0;90160.0
94_levy_on_flood_none;94;True;none;2;Jardim São Pedro;marketplace;26560.0;26560.0;0.0;1.0;26560.0
94_levy_on_flood_none;94;True;none;2;Jardim São Pedro;pharmacy;6632.0;6632.0;0.0;1.0;6632.0
94_levy_on_flood_none;94;True;none;2;Jardim São Pedro;restaurant;26560.0;26560.0;0.0;1.0;26560.0
94_levy_on_flood_none;94;True;none;2;Jardim do Salso;marketplace;52608.0;52608.0;0.0;1.0;52608.0
94_levy_on_flood_none;94;True;none;2;Jardim do Salso;pharmacy;13144.0;13144.0;0.0;1.0;13144.0
94_levy_on_flood_none;94;True;none;2;Jardim do Salso;restaurant;52608.0;52608.0;0.0;1.0;52608.0
94_levy_on_flood_none;94;True;none;2;Lageado;marketplace;45408.0;45408.0;0.0;1.0;45408.0
94_levy_on_flood_none;94;True;none;2;Lageado;pharmacy;11360.0;11360.0;0.0;1.0;11360.0
94_levy_on_flood_none;94;True;none;2;Lageado;restaurant;45408.0;45408.0;0.0;1.0;45408.0
94_levy_on_flood_none;94;True;none;2;Lami;marketplace;53416.0;53416.0;0.0;1.0;53416.0
94_levy_on_flood_none;94;True;none;2;Lami;pharmacy;13344.0;13344.0;0.0;1.0;13344.0
94_levy_on_flood_none;94;True;none;2;Lami;restaurant;53416.0;53416.0;0.0;1.0;53416.0
94_levy_on_flood_none;94;True;none;2;Lomba do Pinheiro;marketplace;473600.0;473600.0;0.0;1.0;473600.0
94_levy_on_flood_none;94;True;none;2;Lomba do Pinheiro;pharmacy;118400.0;118400.0;0.0;1.0;118400.0
94_levy_on_flood_none;94;True;none;2;Lomba do Pinheiro;restaurant;473600.0;473600.0;0.0;1.0;473600.0
94_levy_on_flood_none;94;True;none;2;Medianeira;marketplace;69992.0;69992.0;0.0;1.0;69992.0
94_levy_on_flood_none;94;True;none;2;Medianeira;pharmacy;17488.0;17488.0;0.0;1.0;17488.0
94_levy_on_flood_none;94;True;none;2;Medianeira;restaurant;69992.0;69992.0;0.0;1.0;69992.0
94_levy_on_flood_none;94;True;none;2;Menino-Deus;marketplace;223688.0;223688.0;0.0;1.0;223688.0
94_levy_on_flood_none;94;True;none;2;Menino-Deus;pharmacy;55896.0;55896.0;0.0;1.0;55896.0
94_levy_on_flood_none;94;True;none;2;Menino-Deus;restaurant;223688.0;223688.0;0.0;1.0;223688.0
94_levy_on_flood_none;94;True;none;2;Moinhos de Vento;marketplace;79960.0;79960.0;0.0;1.0;79960.0
94_levy_on_flood_none;94;True;none;2;Moinhos de Vento;pharmacy;20000.0;20000.0;0.0;1.0;20000.0
94_levy_on_flood_none;94;True;none;2;Moinhos de Vento;restaurant;79960.0;79960.0;0.0;1.0;79960.0
94_levy_on_flood_none;94;True;none;2;Mont’Serrat;marketplace;82856.0;82856.0;0.0;1.0;82856.0
94_levy_on_flood_none;94;True;none;2;Mont’Serrat;pharmacy;20712.0;20712.0;0.0;1.0;20712.0
94_levy_on_flood_none;94;True;none;2;Mont’Serrat;restaurant;82856.0;82856.0;0.0;1.0;82856.0
94_levy_on_flood_none;94;True;none;2;Morro Santana;marketplace;173120.0;173120.0;0.0;1.0;173120.0
94_levy_on_flood_none;94;True;none;2;Morro Santana;pharmacy;43256.0;43256.0;0.0;1.0;43256.0
94_levy_on_flood_none;94;True;none;2;Morro Santana;restaurant;173120.0;173120.0;0.0;1.0;173120.0
94_levy_on_flood_none;94;True;none;2;Mário Quintana;marketplace;352544.0;352544.0;0.0;1.0;352544.0
94_levy_on_flood_none;94;True;none;2;Mário Quintana;pharmacy;88112.0;88112.0;0.0;1.0;88112.0
94_levy_on_flood_none;94;True;none;2;Mário Quintana;restaurant;352544.0;352544.0;0.0;1.0;352544.0
94_levy_on_flood_none;94;True;none;2;Navegantes;marketplace;26520.0;26520.0;0.0;1.0;26520.0
94_levy_on_flood_none;94;True;none;2;Navegantes;pharmacy;6624.0;6624.0;0.0;1.0;6624.0
94_levy_on_flood_none;94;True;none;2;Navegantes;restaurant;26520.0;26520.0;0.0;1.0;26520.0
94_levy_on_flood_none;94;True;none;2;Nonoai;marketplace;166208.0;166208.0;0.0;1.0;166208.0
94_levy_on_flood_none;94;True;none;2;Nonoai;pharmacy;41560.0;41560.0;0.0;1.0;41560.0
94_levy_on_flood_none;94;True;none;2;Nonoai;restaurant;166208.0;166208.0;0.0;1.0;166208.0
94_levy_on_flood_none;94;True;none;2;Parque Santa Fé;marketplace;53384.0;53384.0;0.0;1.0;53384.0
94_levy_on_flood_none;94;True;none;2;Parque Santa Fé;pharmacy;13352.0;13352.0;0.0;1.0;13352.0
94_levy_on_flood_none;94;True;none;2;Parque Santa Fé;restaurant;53384.0;53384.0;0.0;1.0;53384.0
94_levy_on_flood_none;94;True;none;2;Partenon;marketplace;348696.0;348696.0;0.0;1.0;348696.0
94_levy_on_flood_none;94;True;none;2;Partenon;pharmacy;87224.0;87224.0;0.0;1.0;87224.0
94_levy_on_flood_none;94;True;none;2;Partenon;restaurant;348696.0;348696.0;0.0;1.0;348696.0
94_levy_on_flood_none;94;True;none;2;Passo da Areia;marketplace;180240.0;180240.0;0.0;1.0;180240.0
94_levy_on_flood_none;94;True;none;2;Passo da Areia;pharmacy;45064.0;45064.0;0.0;1.0;45064.0
94_levy_on_flood_none;94;True;none;2;Passo da Areia;restaurant;180240.0;180240.0;0.0;1.0;180240.0
94_levy_on_flood_none;94;True;none;2;Passo das Pedras;marketplace;115480.0;115480.0;0.0;1.0;115480.0
94_levy_on_flood_none;94;True;none;2;Passo das Pedras;pharmacy;28856.0;28856.0;0.0;1.0;28856.0
94_levy_on_flood_none;94;True;none;2;Passo das Pedras;restaurant;115480.0;115480.0;0.0;1.0;115480.0
94_levy_on_flood_none;94;True;none;2;Pedra Redonda;marketplace;4560.0;4560.0;0.0;1.0;4560.0
94_levy_on_flood_none;94;True;none;2;Pedra Redonda;pharmacy;1144.0;1144.0;0.0;1.0;1144.0
94_levy_on_flood_none;94;True;none;2;Pedra Redonda;restaurant;4560.0;4560.0;0.0;1.0;4560.0
94_levy_on_flood_none;94;True;none;2;Petrópolis;marketplace;300904.0;300904.0;0.0;1.0;300904.0
94_levy_on_flood_none;94;True;none;2;Petrópolis;pharmacy;75256.0;75256.0;0.0;1.0;75256.0
94_levy_on_flood_none;94;True;none;2;Petrópolis;restaurant;300904.0;300904.0;0.0;1.0;300904.0
94_levy_on_flood_none;94;True;none;2;Pitinga;marketplace;56096.0;56096.0;0.0;1.0;56096.0
94_levy_on_flood_none;94;True;none;2;Pitinga;pharmacy;14024.0;14024.0;0.0;1.0;14024.0
94_levy_on_flood_none;94;True;none;2;Pitinga;restaurant;56096.0;56096.0;0.0;1.0;56096.0
94_levy_on_flood_none;94;True;none;2;Ponta Grossa;marketplace;71512.0;71512.0;0.0;1.0;71512.0
94_levy_on_flood_none;94;True;none;2;Ponta Grossa;pharmacy;17880.0;17880.0;0.0;1.0;17880.0
94_levy_on_flood_none;94;True;none;2;Ponta Grossa;restaurant;71512.0;71512.0;0.0;1.0;71512.0
94_levy_on_flood_none;94;True;none;2;Praia de Belas;marketplace;12176.0;12176.0;0.0;1.0;12176.0
94_levy_on_flood_none;94;True;none;2;Praia de Belas;pharmacy;3048.0;3048.0;0.0;1.0;3048.0
94_levy_on_flood_none;94;True;none;2;Praia de Belas;restaurant;12176.0;12176.0;0.0;1.0;12176.0
94_levy_on_flood_none;94;True;none;2;Restinga;marketplace;499584.0;499584.0;0.0;1.0;499584.0
94_levy_on_flood_none;94;True;none;2;Restinga;pharmacy;124840.0;124840.0;0.0;1.0;124840.0
94_levy_on_flood_none;94;True;none;2;Restinga;restaurant;499584.0;499584.0;0.0;1.0;499584.0
94_levy_on_flood_none;94;True;none;2;Rio Branco;marketplace;125680.0;125680.0;0.0;1.0;125680.0
94_levy_on_flood_none;94;True;none;2;Rio Branco;pharmacy;31408.0;31408.0;0.0;1.0;31408.0
94_levy_on_flood_none;94;True;none;2;Rio Branco;restaurant;125680.0;125680.0;0.0;1.0;125680.0
94_levy_on_flood_none;94;True;none;2;Rubem Berta;marketplace;223440.0;223440.0;0.0;1.0;223440.0
94_levy_on_flood_none;94;True;none;2;Rubem Berta;pharmacy;55848.0;55848.0;0.0;1.0;55848.0
94_levy_on_flood_none;94;True;none;2;Rubem Berta;restaurant;223440.0;223440.0;0.0;1.0;223440.0
94_levy_on_flood_none;94;True;none;2;Santa Cecília;marketplace;37120.0;37120.0;0.0;1.0;37120.0
94_levy_on_flood_none;94;True;none;2;Santa Cecília;pharmacy;9288.0;9288.0;0.0;1.0;9288.0
94_levy_on_flood_none;94;True;none;2;Santa Cecília;restaurant;37120.0;37120.0;0.0;1.0;37120.0
94_levy_on_flood_none;94;True;none;2;Santa Maria Goretti;marketplace;24280.0;24280.0;0.0;1.0;24280.0
94_levy_on_flood_none;94;True;none;2;Santa Maria Goretti;pharmacy;6080.0;6080.0;0.0;1.0;6080.0
94_levy_on_flood_none;94;True;none;2;Santa Maria Goretti;restaurant;24280.0;24280.0;0.0;1.0;24280.0
94_levy_on_flood_none;94;True;none;2;Santa Rosa de Lima;marketplace;277016.0;277016.0;0.0;1.0;277016.0
94_levy_on_flood_none;94;True;none;2;Santa Rosa de Lima;pharmacy;69280.0;69280.0;0.0;1.0;69280.0
94_levy_on_flood_none;94;True;none;2;Santa Rosa de Lima;restaurant;277016.0;277016.0;0.0;1.0;277016.0
94_levy_on_flood_none;94;True;none;2;Santa Tereza;marketplace;250864.0;250864.0;0.0;1.0;250864.0
94_levy_on_flood_none;94;True;none;2;Santa Tereza;pharmacy;62736.0;62736.0;0.0;1.0;62736.0
94_levy_on_flood_none;94;True;none;2;Santa Tereza;restaurant;250864.0;250864.0;0.0;1.0;250864.0
94_levy_on_flood_none;94;True;none;2;Santana;marketplace;142352.0;142352.0;0.0;1.0;142352.0
94_levy_on_flood_none;94;True;none;2;Santana;pharmacy;35576.0;35576.0;0.0;1.0;35576.0
94_levy_on_flood_none;94;True;none;2;Santana;restaurant;142352.0;142352.0;0.0;1.0;142352.0
94_levy_on_flood_none;94;True;none;2;Santo Antônio;marketplace;104840.0;104840.0;0.0;1.0;104840.0
94_levy_on_flood_none;94;True;none;2;Santo Antônio;pharmacy;26192.0;26192.0;0.0;1.0;26192.0
94_levy_on_flood_none;94;True;none;2;Santo Antônio;restaurant;104840.0;104840.0;0.0;1.0;104840.0
94_levy_on_flood_none;94;True;none;2;Sarandi;marketplace;412312.0;412312.0;0.0;1.0;412312.0
94_levy_on_flood_none;94;True;none;2;Sarandi;pharmacy;103032.0;103032.0;0.0;1.0;103032.0
94_levy_on_flood_none;94;True;none;2;Sarandi;restaurant;412312.0;412312.0;0.0;1.0;412312.0
94_levy_on_flood_none;94;True;none;2;Serraria;marketplace;35080.0;35080.0;0.0;1.0;35080.0
94_levy_on_flood_none;94;True;none;2;Serraria;pharmacy;8768.0;8768.0;0.0;1.0;8768.0
94_levy_on_flood_none;94;True;none;2;Serraria;restaurant;35080.0;35080.0;0.0;1.0;35080.0
94_levy_on_flood_none;94;True;none;2;São Caetano;marketplace;5864.0;5864.0;0.0;1.0;5864.0
94_levy_on_flood_none;94;True;none;2;São Caetano;pharmacy;1472.0;1472.0;0.0;1.0;1472.0
94_levy_on_flood_none;94;True;none;2;São Caetano;restaurant;5864.0;5864.0;0.0;1.0;5864.0
94_levy_on_flood_none;94;True;none;2;São Geraldo;marketplace;55584.0;55584.0;0.0;1.0;55584.0
94_levy_on_flood_none;94;True;none;2;São Geraldo;pharmacy;13896.0;13896.0;0.0;1.0;13896.0
94_levy_on_flood_none;94;True;none;2;São Geraldo;restaurant;55584.0;55584.0;0.0;1.0;55584.0
94_levy_on_flood_none;94;True;none;2;São João;marketplace;84968.0;84968.0;0.0;1.0;84968.0
94_levy_on_flood_none;94;True;none;2;São João;pharmacy;21232.0;21232.0;0.0;1.0;21232.0
94_levy_on_flood_none;94;True;none;2;São João;restaurant;84968.0;84968.0;0.0;1.0;84968.0
94_levy_on_flood_none;94;True;none;2;São Sebastião;marketplace;60112.0;60112.0;0.0;1.0;60112.0
94_levy_on_flood_none;94;True;none;2;São Sebastião;pharmacy;15040.0;15040.0;0.0;1.0;15040.0
94_levy_on_flood_none;94;True;none;2;São Sebastião;restaurant;60112.0;60112.0;0.0;1.0;60112.0
94_levy_on_flood_none;94;True;none;2;Sétimo Céu;marketplace;9328.0;9328.0;0.0;1.0;9328.0
94_levy_on_flood_none;94;True;none;2;Sétimo Céu;pharmacy;2328.0;2328.0;0.0;1.0;2328.0
94_levy_on_flood_none;94;True;none;2;Sétimo Céu;restaurant;9328.0;9328.0;0.0;1.0;9328.0
94_levy_on_flood_none;94;True;none;2;Teresópolis;marketplace;104576.0;104576.0;0.0;1.0;104576.0
94_levy_on_flood_none;94;True;none;2;Teresópolis;pharmacy;26160.0;26160.0;0.0;1.0;26160.0
94_levy_on_flood_none;94;True;none;2;Teresópolis;restaurant;104576.0;104576.0;0.0;1.0;104576.0
94_levy_on_flood_none;94;True;none;2;Tristeza;marketplace;137608.0;137608.0;0.0;1.0;137608.0
94_levy_on_flood_none;94;True;none;2;Tristeza;pharmacy;34384.0;34384.0;0.0;1.0;34384.0
94_levy_on_flood_none;94;True;none;2;Tristeza;restaurant;137608.0;137608.0;0.0;1.0;137608.0
94_levy_on_flood_none;94;True;none;2;Três Figueiras;marketplace;32128.0;32128.0;0.0;1.0;32128.0
94_levy_on_flood_none;94;True;none;2;Três Figueiras;pharmacy;8032.0;8032.0;0.0;1.0;8032.0
94_levy_on_flood_none;94;True;none;2;Três Figueiras;restaurant;32128.0;32128.0;0.0;1.0;32128.0
94_levy_on_flood_none;94;True;none;2;Vila Assunção;marketplace;31792.0;31792.0;0.0;1.0;31792.0
94_levy_on_flood_none;94;True;none;2;Vila Assunção;pharmacy;7936.0;7936.0;0.0;1.0;7936.0
94_levy_on_flood_none;94;True;none;2;Vila Assunção;restaurant;31792.0;31792.0;0.0;1.0;31792.0
94_levy_on_flood_none;94;True;none;2;Vila Conceição;marketplace;7752.0;7752.0;0.0;1.0;7752.0
94_levy_on_flood_none;94;True;none;2;Vila Conceição;pharmacy;1944.0;1944.0;0.0;1.0;1944.0
94_levy_on_flood_none;94;True;none;2;Vila Conceição;restaurant;7752.0;7752.0;0.0;1.0;7752.0
94_levy_on_flood_none;94;True;none;2;Vila Ipiranga;marketplace;144328.0;144328.0;0.0;1.0;144328.0
94_levy_on_flood_none;94;True;none;2;Vila Ipiranga;pharmacy;36088.0;36088.0;0.0;1.0;36088.0
94_levy_on_flood_none;94;True;none;2;Vila Ipiranga;restaurant;144328.0;144328.0;0.0;1.0;144328.0
94_levy_on_flood_none;94;True;none;2;Vila Jardim;marketplace;91288.0;91288.0;0.0;1.0;91288.0
94_levy_on_flood_none;94;True;none;2;Vila Jardim;pharmacy;22816.0;22816.0;0.0;1.0;22816.0
94_levy_on_flood_none;94;True;none;2;Vila Jardim;restaurant;91288.0;91288.0;0.0;1.0;91288.0
94_levy_on_flood_none;94;True;none;2;Vila João Pessoa;marketplace;83448.0;83448.0;0.0;1.0;83448.0
94_levy_on_flood_none;94;True;none;2;Vila João Pessoa;pharmacy;20856.0;20856.0;0.0;1.0;20856.0
94_levy_on_flood_none;94;True;none;2;Vila João Pessoa;restaurant;83448.0;83448.0;0.0;1.0;83448.0
94_levy_on_flood_none;94;True;none;2;Vila Nova;marketplace;257736.0;257736.0;0.0;1.0;257736.0
94_levy_on_flood_none;94;True;none;2;Vila Nova;pharmacy;64480.0;64480.0;0.0;1.0;64480.0
94_levy_on_flood_none;94;True;none;2;Vila Nova;restaurant;257736.0;257736.0;0.0;1.0;257736.0
94_levy_on_flood_none;94;True;none;2;Vila São José;marketplace;192088.0;192088.0;0.0;1.0;192088.0
94_levy_on_flood_none;94;True;none;2;Vila São José;pharmacy;48040.0;48040.0;0.0;1.0;48040.0
94_levy_on_flood_none;94;True;none;2;Vila São José;restaurant;192088.0;192088.0;0.0;1.0;192088.0
94_levy_on_flood_none;94;True;none;3;Aberta dos Morros;marketplace;78832.0;78832.0;0.0;1.0;78832.0
94_levy_on_flood_none;94;True;none;3;Aberta dos Morros;pharmacy;19704.0;19704.0;0.0;1.0;19704.0
94_levy_on_flood_none;94;True;none;3;Aberta dos Morros;restaurant;78832.0;78832.0;0.0;1.0;78832.0
94_levy_on_flood_none;94;True;none;3;Agronomia;marketplace;21416.0;21416.0;0.0;1.0;21416.0
94_levy_on_flood_none;94;True;none;3;Agronomia;pharmacy;5360.0;5360.0;0.0;1.0;5360.0
94_levy_on_flood_none;94;True;none;3;Agronomia;restaurant;21416.0;21416.0;0.0;1.0;21416.0
94_levy_on_flood_none;94;True;none;3;Anchieta;marketplace;6328.0;6328.0;0.0;1.0;6328.0
94_levy_on_flood_none;94;True;none;3;Anchieta;pharmacy;1568.0;1568.0;0.0;1.0;1568.0
94_levy_on_flood_none;94;True;none;3;Anchieta;restaurant;6328.0;6328.0;0.0;1.0;6328.0
94_levy_on_flood_none;94;True;none;3;Arquipélago;marketplace;51288.0;51288.0;0.0;1.0;51288.0
94_levy_on_flood_none;94;True;none;3;Arquipélago;pharmacy;12816.0;12816.0;0.0;1.0;12816.0
94_levy_on_flood_none;94;True;none;3;Arquipélago;restaurant;51288.0;51288.0;0.0;1.0;51288.0
94_levy_on_flood_none;94;True;none;3;Auxiliadora;marketplace;71272.0;71272.0;0.0;1.0;71272.0
94_levy_on_flood_none;94;True;none;3;Auxiliadora;pharmacy;17824.0;17824.0;0.0;1.0;17824.0
94_levy_on_flood_none;94;True;none;3;Auxiliadora;restaurant;71272.0;71272.0;0.0;1.0;71272.0
94_levy_on_flood_none;94;True;none;3;Azenha;marketplace;96512.0;96512.0;0.0;1.0;96512.0
94_levy_on_flood_none;94;True;none;3;Azenha;pharmacy;24144.0;24144.0;0.0;1.0;24144.0
94_levy_on_flood_none;94;True;none;3;Azenha;restaurant;96512.0;96512.0;0.0;1.0;96512.0
94_levy_on_flood_none;94;True;none;3;Bela Vista;marketplace;94552.0;94552.0;0.0;1.0;94552.0
94_levy_on_flood_none;94;True;none;3;Bela Vista;pharmacy;23624.0;23624.0;0.0;1.0;23624.0
94_levy_on_flood_none;94;True;none;3;Bela Vista;restaurant;94552.0;94552.0;0.0;1.0;94552.0
94_levy_on_flood_none;94;True;none;3;Belém Novo;marketplace;78808.0;78808.0;0.0;1.0;78808.0
94_levy_on_flood_none;94;True;none;3;Belém Novo;pharmacy;19696.0;19696.0;0.0;1.0;19696.0
94_levy_on_flood_none;94;True;none;3;Belém Novo;restaurant;78808.0;78808.0;0.0;1.0;78808.0
94_levy_on_flood_none;94;True;none;3;Belém Velho;marketplace;87144.0;87144.0;0.0;1.0;87144.0
94_levy_on_flood_none;94;True;none;3;Belém Velho;pharmacy;21776.0;21776.0;0.0;1.0;21776.0
94_levy_on_flood_none;94;True;none;3;Belém Velho;restaurant;87144.0;87144.0;0.0;1.0;87144.0
94_levy_on_flood_none;94;True;none;3;Boa Vista;marketplace;74032.0;74032.0;0.0;1.0;74032.0
94_levy_on_flood_none;94;True;none;3;Boa Vista;pharmacy;18504.0;18504.0;0.0;1.0;18504.0
94_levy_on_flood_none;94;True;none;3;Boa Vista;restaurant;74032.0;74032.0;0.0;1.0;74032.0
94_levy_on_flood_none;94;True;none;3;Boa Vista do Sul;marketplace;21624.0;21624.0;0.0;1.0;21624.0
94_levy_on_flood_none;94;True;none;3;Boa Vista do Sul;pharmacy;5416.0;5416.0;0.0;1.0;5416.0
94_levy_on_flood_none;94;True;none;3;Boa Vista do Sul;restaurant;21624.0;21624.0;0.0;1.0;21624.0
94_levy_on_flood_none;94;True;none;3;Bom Fim;marketplace;81280.0;81280.0;0.0;1.0;81280.0
94_levy_on_flood_none;94;True;none;3;Bom Fim;pharmacy;20320.0;20320.0;0.0;1.0;20320.0
94_levy_on_flood_none;94;True;none;3;Bom Fim;restaurant;81280.0;81280.0;0.0;1.0;81280.0
94_levy_on_flood_none;94;True;none;3;Bom Jesus;marketplace;196712.0;196712.0;0.0;1.0;196712.0
94_levy_on_flood_none;94;True;none;3;Bom Jesus;pharmacy;49184.0;49184.0;0.0;1.0;49184.0
94_levy_on_flood_none;94;True;none;3;Bom Jesus;restaurant;196712.0;196712.0;0.0;1.0;196712.0
94_levy_on_flood_none;94;True;none;3;Camaquã;marketplace;143480.0;143480.0;0.0;1.0;143480.0
94_levy_on_flood_none;94;True;none;3;Camaquã;pharmacy;35872.0;35872.0;0.0;1.0;35872.0
94_levy_on_flood_none;94;True;none;3;Camaquã;restaurant;143480.0;143480.0;0.0;1.0;143480.0
94_levy_on_flood_none;94;True;none;3;Campo Novo;marketplace;69944.0;69944.0;0.0;1.0;69944.0
94_levy_on_flood_none;94;True;none;3;Campo Novo;pharmacy;17488.0;17488.0;0.0;1.0;17488.0
94_levy_on_flood_none;94;True;none;3;Campo Novo;restaurant;69944.0;69944.0;0.0;1.0;69944.0
94_levy_on_flood_none;94;True;none;3;Cascata;marketplace;73872.0;73872.0;0.0;1.0;73872.0
94_levy_on_flood_none;94;True;none;3;Cascata;pharmacy;18496.0;18496.0;0.0;1.0;18496.0
94_levy_on_flood_none;94;True;none;3;Cascata;restaurant;73872.0;73872.0;0.0;1.0;73872.0
94_levy_on_flood_none;94;True;none;3;Cavalhada;marketplace;201672.0;201672.0;0.0;1.0;201672.0
94_levy_on_flood_none;94;True;none;3;Cavalhada;pharmacy;50384.0;50384.0;0.0;1.0;50384.0
94_levy_on_flood_none;94;True;none;3;Cavalhada;restaurant;201672.0;201672.0;0.0;1.0;201672.0
94_levy_on_flood_none;94;True;none;3;Centro Histórico;marketplace;244552.0;244552.0;0.0;1.0;244552.0
94_levy_on_flood_none;94;True;none;3;Centro Histórico;pharmacy;61128.0;61128.0;0.0;1.0;61128.0
94_levy_on_flood_none;94;True;none;3;Centro Histórico;restaurant;244552.0;244552.0;0.0;1.0;244552.0
94_levy_on_flood_none;94;True;none;3;Chapéu do Sol;marketplace;36192.0;36192.0;0.0;1.0;36192.0
94_levy_on_flood_none;94;True;none;3;Chapéu do Sol;pharmacy;9048.0;9048.0;0.0;1.0;9048.0
94_levy_on_flood_none;94;True;none;3;Chapéu do Sol;restaurant;36192.0;36192.0;0.0;1.0;36192.0
94_levy_on_flood_none;94;True;none;3;Chácara das Pedras;marketplace;45112.0;45112.0;0.0;1.0;45112.0
94_levy_on_flood_none;94;True;none;3;Chácara das Pedras;pharmacy;11280.0;11280.0;0.0;1.0;11280.0
94_levy_on_flood_none;94;True;none;3;Chácara das Pedras;restaurant;45112.0;45112.0;0.0;1.0;45112.0
94_levy_on_flood_none;94;True;none;3;Cidade Baixa;marketplace;104112.0;104112.0;0.0;1.0;104112.0
94_levy_on_flood_none;94;True;none;3;Cidade Baixa;pharmacy;26024.0;26024.0;0.0;1.0;26024.0
94_levy_on_flood_none;94;True;none;3;Cidade Baixa;restaurant;104112.0;104112.0;0.0;1.0;104112.0
94_levy_on_flood_none;94;True;none;3;Coronel Aparício Borges;marketplace;151728.0;151728.0;0.0;1.0;151728.0
94_levy_on_flood_none;94;True;none;3;Coronel Aparício Borges;pharmacy;37944.0;37944.0;0.0;1.0;37944.0
94_levy_on_flood_none;94;True;none;3;Coronel Aparício Borges;restaurant;151728.0;151728.0;0.0;1.0;151728.0
94_levy_on_flood_none;94;True;none;3;Costa e Silva;marketplace;108680.0;108680.0;0.0;1.0;108680.0
94_levy_on_flood_none;94;True;none;3;Costa e Silva;pharmacy;27168.0;27168.0;0.0;1.0;27168.0
94_levy_on_flood_none;94;True;none;3;Costa e Silva;restaurant;108680.0;108680.0;0.0;1.0;108680.0
94_levy_on_flood_none;94;True;none;3;Cristal;marketplace;198808.0;198808.0;0.0;1.0;198808.0
94_levy_on_flood_none;94;True;none;3;Cristal;pharmacy;49680.0;49680.0;0.0;1.0;49680.0
94_levy_on_flood_none;94;True;none;3;Cristal;restaurant;198808.0;198808.0;0.0;1.0;198808.0
94_levy_on_flood_none;94;True;none;3;Cristo Redentor;marketplace;121152.0;121152.0;0.0;1.0;121152.0
94_levy_on_flood_none;94;True;none;3;Cristo Redentor;pharmacy;30280.0;30280.0;0.0;1.0;30280.0
94_levy_on_flood_none;94;True;none;3;Cristo Redentor;restaurant;121152.0;121152.0;0.0;1.0;121152.0
94_levy_on_flood_none;94;True;none;3;Espírito Santo;marketplace;39624.0;39624.0;0.0;1.0;39624.0
94_levy_on_flood_none;94;True;none;3;Espírito Santo;pharmacy;9904.0;9904.0;0.0;1.0;9904.0
94_levy_on_flood_none;94;True;none;3;Espírito Santo;restaurant;39624.0;39624.0;0.0;1.0;39624.0
94_levy_on_flood_none;94;True;none;3;Extrema;marketplace;18880.0;18880.0;0.0;1.0;18880.0
94_levy_on_flood_none;94;True;none;3;Extrema;pharmacy;4728.0;4728.0;0.0;1.0;4728.0
94_levy_on_flood_none;94;True;none;3;Extrema;restaurant;18880.0;18880.0;0.0;1.0;18880.0
94_levy_on_flood_none;94;True;none;3;Farrapos;marketplace;140728.0;140728.0;0.0;1.0;140728.0
94_levy_on_flood_none;94;True;none;3;Farrapos;pharmacy;35176.0;35176.0;0.0;1.0;35176.0
94_levy_on_flood_none;94;True;none;3;Farrapos;restaurant;140728.0;140728.0;0.0;1.0;140728.0
94_levy_on_flood_none;94;True;none;3;Farroupilha;marketplace;6192.0;6192.0;0.0;1.0;6192.0
94_levy_on_flood_none;94;True;none;3;Farroupilha;pharmacy;1552.0;1552.0;0.0;1.0;1552.0
94_levy_on_flood_none;94;True;none;3;Farroupilha;restaurant;6192.0;6192.0;0.0;1.0;6192.0
94_levy_on_flood_none;94;True;none;3;Floresta;marketplace;70384.0;70384.0;0.0;1.0;70384.0
94_levy_on_flood_none;94;True;none;3;Floresta;pharmacy;17576.0;17576.0;0.0;1.0;17576.0
94_levy_on_flood_none;94;True;none;3;Floresta;restaurant;70384.0;70384.0;0.0;1.0;70384.0
94_levy_on_flood_none;94;True;none;3;Glória;marketplace;121984.0;121984.0;0.0;1.0;121984.0
94_levy_on_flood_none;94;True;none;3;Glória;pharmacy;30512.0;30512.0;0.0;1.0;30512.0
94_levy_on_flood_none;94;True;none;3;Glória;restaurant;121984.0;121984.0;0.0;1.0;121984.0
94_levy_on_flood_none;94;True;none;3;Guarujá;marketplace;49160.0;49160.0;0.0;1.0;49160.0
94_levy_on_flood_none;94;True;none;3;Guarujá;pharmacy;12288.0;12288.0;0.0;1.0;12288.0
94_levy_on_flood_none;94;True;none;3;Guarujá;restaurant;49160.0;49160.0;0.0;1.0;49160.0
94_levy_on_flood_none;94;True;none;3;Higienópolis;marketplace;82272.0;82272.0;0.0;1.0;82272.0
94_levy_on_flood_none;94;True;none;3;Higienópolis;pharmacy;20584.0;20584.0;0.0;1.0;20584.0
94_levy_on_flood_none;94;True;none;3;Higienópolis;restaurant;82272.0;82272.0;0.0;1.0;82272.0
94_levy_on_flood_none;94;True;none;3;Humaitá;marketplace;101952.0;101952.0;0.0;1.0;101952.0
94_levy_on_flood_none;94;True;none;3;Humaitá;pharmacy;25488.0;25488.0;0.0;1.0;25488.0
94_levy_on_flood_none;94;True;none;3;Humaitá;restaurant;101952.0;101952.0;0.0;1.0;101952.0
94_levy_on_flood_none;94;True;none;3;Hípica;marketplace;225880.0;225880.0;0.0;1.0;225880.0
94_levy_on_flood_none;94;True;none;3;Hípica;pharmacy;56504.0;56504.0;0.0;1.0;56504.0
94_levy_on_flood_none;94;True;none;3;Hípica;restaurant;225880.0;225880.0;0.0;1.0;225880.0
94_levy_on_flood_none;94;True;none;3;Independência;marketplace;55080.0;55080.0;0.0;1.0;55080.0
94_levy_on_flood_none;94;True;none;3;Independência;pharmacy;13752.0;13752.0;0.0;1.0;13752.0
94_levy_on_flood_none;94;True;none;3;Independência;restaurant;55080.0;55080.0;0.0;1.0;55080.0
94_levy_on_flood_none;94;True;none;3;Ipanema;marketplace;107224.0;107224.0;0.0;1.0;107224.0
94_levy_on_flood_none;94;True;none;3;Ipanema;pharmacy;26816.0;26816.0;0.0;1.0;26816.0
94_levy_on_flood_none;94;True;none;3;Ipanema;restaurant;107224.0;107224.0;0.0;1.0;107224.0
94_levy_on_flood_none;94;True;none;3;Jardim Botânico;marketplace;90792.0;90792.0;0.0;1.0;90792.0
94_levy_on_flood_none;94;True;none;3;Jardim Botânico;pharmacy;22704.0;22704.0;0.0;1.0;22704.0
94_levy_on_flood_none;94;True;none;3;Jardim Botânico;restaurant;90792.0;90792.0;0.0;1.0;90792.0
94_levy_on_flood_none;94;True;none;3;Jardim Carvalho;marketplace;187240.0;187240.0;0.0;1.0;187240.0
94_levy_on_flood_none;94;True;none;3;Jardim Carvalho;pharmacy;46808.0;46808.0;0.0;1.0;46808.0
94_levy_on_flood_none;94;True;none;3;Jardim Carvalho;restaurant;187240.0;187240.0;0.0;1.0;187240.0
94_levy_on_flood_none;94;True;none;3;Jardim Europa;marketplace;34976.0;34976.0;0.0;1.0;34976.0
94_levy_on_flood_none;94;True;none;3;Jardim Europa;pharmacy;8744.0;8744.0;0.0;1.0;8744.0
94_levy_on_flood_none;94;True;none;3;Jardim Europa;restaurant;34976.0;34976.0;0.0;1.0;34976.0
94_levy_on_flood_none;94;True;none;3;Jardim Floresta;marketplace;17824.0;17824.0;0.0;1.0;17824.0
94_levy_on_flood_none;94;True;none;3;Jardim Floresta;pharmacy;4456.0;4456.0;0.0;1.0;4456.0
94_levy_on_flood_none;94;True;none;3;Jardim Floresta;restaurant;17824.0;17824.0;0.0;1.0;17824.0
94_levy_on_flood_none;94;True;none;3;Jardim Isabel;marketplace;20736.0;20736.0;0.0;1.0;20736.0
94_levy_on_flood_none;94;True;none;3;Jardim Isabel;pharmacy;5192.0;5192.0;0.0;1.0;5192.0
94_levy_on_flood_none;94;True;none;3;Jardim Isabel;restaurant;20736.0;20736.0;0.0;1.0;20736.0
94_levy_on_flood_none;94;True;none;3;Jardim Itu;marketplace;140520.0;140520.0;0.0;1.0;140520.0
94_levy_on_flood_none;94;True;none;3;Jardim Itu;pharmacy;35128.0;35128.0;0.0;1.0;35128.0
94_levy_on_flood_none;94;True;none;3;Jardim Itu;restaurant;140520.0;140520.0;0.0;1.0;140520.0
94_levy_on_flood_none;94;True;none;3;Jardim Leopoldina;marketplace;129208.0;129208.0;0.0;1.0;129208.0
94_levy_on_flood_none;94;True;none;3;Jardim Leopoldina;pharmacy;32320.0;32320.0;0.0;1.0;32320.0
94_levy_on_flood_none;94;True;none;3;Jardim Leopoldina;restaurant;129208.0;129208.0;0.0;1.0;129208.0
94_levy_on_flood_none;94;True;none;3;Jardim Lindóia;marketplace;60696.0;60696.0;0.0;1.0;60696.0
94_levy_on_flood_none;94;True;none;3;Jardim Lindóia;pharmacy;15168.0;15168.0;0.0;1.0;15168.0
94_levy_on_flood_none;94;True;none;3;Jardim Lindóia;restaurant;60696.0;60696.0;0.0;1.0;60696.0
94_levy_on_flood_none;94;True;none;3;Jardim Sabará;marketplace;90160.0;90160.0;0.0;1.0;90160.0
94_levy_on_flood_none;94;True;none;3;Jardim Sabará;pharmacy;22536.0;22536.0;0.0;1.0;22536.0
94_levy_on_flood_none;94;True;none;3;Jardim Sabará;restaurant;90160.0;90160.0;0.0;1.0;90160.0
94_levy_on_flood_none;94;True;none;3;Jardim São Pedro;marketplace;26560.0;26560.0;0.0;1.0;26560.0
94_levy_on_flood_none;94;True;none;3;Jardim São Pedro;pharmacy;6632.0;6632.0;0.0;1.0;6632.0
94_levy_on_flood_none;94;True;none;3;Jardim São Pedro;restaurant;26560.0;26560.0;0.0;1.0;26560.0
94_levy_on_flood_none;94;True;none;3;Jardim do Salso;marketplace;52608.0;52608.0;0.0;1.0;52608.0
94_levy_on_flood_none;94;True;none;3;Jardim do Salso;pharmacy;13144.0;13144.0;0.0;1.0;13144.0
94_levy_on_flood_none;94;True;none;3;Jardim do Salso;restaurant;52608.0;52608.0;0.0;1.0;52608.0
94_levy_on_flood_none;94;True;none;3;Lageado;marketplace;45408.0;45408.0;0.0;1.0;45408.0
94_levy_on_flood_none;94;True;none;3;Lageado;pharmacy;11360.0;11360.0;0.0;1.0;11360.0
94_levy_on_flood_none;94;True;none;3;Lageado;restaurant;45408.0;45408.0;0.0;1.0;45408.0
94_levy_on_flood_none;94;True;none;3;Lami;marketplace;53416.0;53416.0;0.0;1.0;53416.0
94_levy_on_flood_none;94;True;none;3;Lami;pharmacy;13344.0;13344.0;0.0;1.0;13344.0
94_levy_on_flood_none;94;True;none;3;Lami;restaurant;53416.0;53416.0;0.0;1.0;53416.0
94_levy_on_flood_none;94;True;none;3;Lomba do Pinheiro;marketplace;473600.0;473600.0;0.0;1.0;473600.0
94_levy_on_flood_none;94;True;none;3;Lomba do Pinheiro;pharmacy;118400.0;118400.0;0.0;1.0;118400.0
94_levy_on_flood_none;94;True;none;3;Lomba do Pinheiro;restaurant;473600.0;473600.0;0.0;1.0;473600.0
94_levy_on_flood_none;94;True;none;3;Medianeira;marketplace;69992.0;69992.0;0.0;1.0;69992.0
94_levy_on_flood_none;94;True;none;3;Medianeira;pharmacy;17488.0;17488.0;0.0;1.0;17488.0
94_levy_on_flood_none;94;True;none;3;Medianeira;restaurant;69992.0;69992.0;0.0;1.0;69992.0
94_levy_on_flood_none;94;True;none;3;Menino-Deus;marketplace;223688.0;223688.0;0.0;1.0;223688.0
94_levy_on_flood_none;94;True;none;3;Menino-Deus;pharmacy;55896.0;55896.0;0.0;1.0;55896.0
94_levy_on_flood_none;94;True;none;3;Menino-Deus;restaurant;223688.0;223688.0;0.0;1.0;223688.0
94_levy_on_flood_none;94;True;none;3;Moinhos de Vento;marketplace;79960.0;79960.0;0.0;1.0;79960.0
94_levy_on_flood_none;94;True;none;3;Moinhos de Vento;pharmacy;20000.0;20000.0;0.0;1.0;20000.0
94_levy_on_flood_none;94;True;none;3;Moinhos de Vento;restaurant;79960.0;79960.0;0.0;1.0;79960.0
94_levy_on_flood_none;94;True;none;3;Mont’Serrat;marketplace;82856.0;82856.0;0.0;1.0;82856.0
94_levy_on_flood_none;94;True;none;3;Mont’Serrat;pharmacy;20712.0;20712.0;0.0;1.0;20712.0
94_levy_on_flood_none;94;True;none;3;Mont’Serrat;restaurant;82856.0;82856.0;0.0;1.0;82856.0
94_levy_on_flood_none;94;True;none;3;Morro Santana;marketplace;173120.0;173120.0;0.0;1.0;173120.0
94_levy_on_flood_none;94;True;none;3;Morro Santana;pharmacy;43256.0;43256.0;0.0;1.0;43256.0
94_levy_on_flood_none;94;True;none;3;Morro Santana;restaurant;173120.0;173120.0;0.0;1.0;173120.0
94_levy_on_flood_none;94;True;none;3;Mário Quintana;marketplace;352544.0;352544.0;0.0;1.0;352544.0
94_levy_on_flood_none;94;True;none;3;Mário Quintana;pharmacy;88112.0;88112.0;0.0;1.0;88112.0
94_levy_on_flood_none;94;True;none;3;Mário Quintana;restaurant;352544.0;352544.0;0.0;1.0;352544.0
94_levy_on_flood_none;94;True;none;3;Navegantes;marketplace;26520.0;26520.0;0.0;1.0;26520.0
94_levy_on_flood_none;94;True;none;3;Navegantes;pharmacy;6624.0;6624.0;0.0;1.0;6624.0
94_levy_on_flood_none;94;True;none;3;Navegantes;restaurant;26520.0;26520.0;0.0;1.0;26520.0
94_levy_on_flood_none;94;True;none;3;Nonoai;marketplace;166208.0;166208.0;0.0;1.0;166208.0
94_levy_on_flood_none;94;True;none;3;Nonoai;pharmacy;41560.0;41560.0;0.0;1.0;41560.0
94_levy_on_flood_none;94;True;none;3;Nonoai;restaurant;166208.0;166208.0;0.0;1.0;166208.0
94_levy_on_flood_none;94;True;none;3;Parque Santa Fé;marketplace;53384.0;53384.0;0.0;1.0;53384.0
94_levy_on_flood_none;94;True;none;3;Parque Santa Fé;pharmacy;13352.0;13352.0;0.0;1.0;13352.0
94_levy_on_flood_none;94;True;none;3;Parque Santa Fé;restaurant;53384.0;53384.0;0.0;1.0;53384.0
94_levy_on_flood_none;94;True;none;3;Partenon;marketplace;348696.0;348696.0;0.0;1.0;348696.0
94_levy_on_flood_none;94;True;none;3;Partenon;pharmacy;87224.0;87224.0;0.0;1.0;87224.0
94_levy_on_flood_none;94;True;none;3;Partenon;restaurant;348696.0;348696.0;0.0;1.0;348696.0
94_levy_on_flood_none;94;True;none;3;Passo da Areia;marketplace;180240.0;180240.0;0.0;1.0;180240.0
94_levy_on_flood_none;94;True;none;3;Passo da Areia;pharmacy;45064.0;45064.0;0.0;1.0;45064.0
94_levy_on_flood_none;94;True;none;3;Passo da Areia;restaurant;180240.0;180240.0;0.0;1.0;180240.0
94_levy_on_flood_none;94;True;none;3;Passo das Pedras;marketplace;115480.0;115480.0;0.0;1.0;115480.0
94_levy_on_flood_none;94;True;none;3;Passo das Pedras;pharmacy;28856.0;28856.0;0.0;1.0;28856.0
94_levy_on_flood_none;94;True;none;3;Passo das Pedras;restaurant;115480.0;115480.0;0.0;1.0;115480.0
94_levy_on_flood_none;94;True;none;3;Pedra Redonda;marketplace;4560.0;4560.0;0.0;1.0;4560.0
94_levy_on_flood_none;94;True;none;3;Pedra Redonda;pharmacy;1144.0;1144.0;0.0;1.0;1144.0
94_levy_on_flood_none;94;True;none;3;Pedra Redonda;restaurant;4560.0;4560.0;0.0;1.0;4560.0
94_levy_on_flood_none;94;True;none;3;Petrópolis;marketplace;300904.0;300904.0;0.0;1.0;300904.0
94_levy_on_flood_none;94;True;none;3;Petrópolis;pharmacy;75256.0;75256.0;0.0;1.0;75256.0
94_levy_on_flood_none;94;True;none;3;Petrópolis;restaurant;300904.0;300904.0;0.0;1.0;300904.0
94_levy_on_flood_none;94;True;none;3;Pitinga;marketplace;56096.0;56096.0;0.0;1.0;56096.0
94_levy_on_flood_none;94;True;none;3;Pitinga;pharmacy;14024.0;14024.0;0.0;1.0;14024.0
94_levy_on_flood_none;94;True;none;3;Pitinga;restaurant;56096.0;56096.0;0.0;1.0;56096.0
94_levy_on_flood_none;94;True;none;3;Ponta Grossa;marketplace;71512.0;71512.0;0.0;1.0;71512.0
94_levy_on_flood_none;94;True;none;3;Ponta Grossa;pharmacy;17880.0;17880.0;0.0;1.0;17880.0
94_levy_on_flood_none;94;True;none;3;Ponta Grossa;restaurant;71512.0;71512.0;0.0;1.0;71512.0
94_levy_on_flood_none;94;True;none;3;Praia de Belas;marketplace;12176.0;12176.0;0.0;1.0;12176.0
94_levy_on_flood_none;94;True;none;3;Praia de Belas;pharmacy;3048.0;3048.0;0.0;1.0;3048.0
94_levy_on_flood_none;94;True;none;3;Praia de Belas;restaurant;12176.0;12176.0;0.0;1.0;12176.0
94_levy_on_flood_none;94;True;none;3;Restinga;marketplace;499584.0;499584.0;0.0;1.0;499584.0
94_levy_on_flood_none;94;True;none;3;Restinga;pharmacy;124840.0;124840.0;0.0;1.0;124840.0
94_levy_on_flood_none;94;True;none;3;Restinga;restaurant;499584.0;499584.0;0.0;1.0;499584.0
94_levy_on_flood_none;94;True;none;3;Rio Branco;marketplace;125680.0;125680.0;0.0;1.0;125680.0
94_levy_on_flood_none;94;True;none;3;Rio Branco;pharmacy;31408.0;31408.0;0.0;1.0;31408.0
94_levy_on_flood_none;94;True;none;3;Rio Branco;restaurant;125680.0;125680.0;0.0;1.0;125680.0
94_levy_on_flood_none;94;True;none;3;Rubem Berta;marketplace;223440.0;223440.0;0.0;1.0;223440.0
94_levy_on_flood_none;94;True;none;3;Rubem Berta;pharmacy;55848.0;55848.0;0.0;1.0;55848.0
94_levy_on_flood_none;94;True;none;3;Rubem Berta;restaurant;223440.0;223440.0;0.0;1.0;223440.0
94_levy_on_flood_none;94;True;none;3;Santa Cecília;marketplace;37120.0;37120.0;0.0;1.0;37120.0
94_levy_on_flood_none;94;True;none;3;Santa Cecília;pharmacy;9288.0;9288.0;0.0;1.0;9288.0
94_levy_on_flood_none;94;True;none;3;Santa Cecília;restaurant;37120.0;37120.0;0.0;1.0;37120.0
94_levy_on_flood_none;94;True;none;3;Santa Maria Goretti;marketplace;24280.0;24280.0;0.0;1.0;24280.0
94_levy_on_flood_none;94;True;none;3;Santa Maria Goretti;pharmacy;6080.0;6080.0;0.0;1.0;6080.0
94_levy_on_flood_none;94;True;none;3;Santa Maria Goretti;restaurant;24280.0;24280.0;0.0;1.0;24280.0
94_levy_on_flood_none;94;True;none;3;Santa Rosa de Lima;marketplace;277016.0;277016.0;0.0;1.0;277016.0
94_levy_on_flood_none;94;True;none;3;Santa Rosa de Lima;pharmacy;69280.0;69280.0;0.0;1.0;69280.0
94_levy_on_flood_none;94;True;none;3;Santa Rosa de Lima;restaurant;277016.0;277016.0;0.0;1.0;277016.0
94_levy_on_flood_none;94;True;none;3;Santa Tereza;marketplace;250864.0;250864.0;0.0;1.0;250864.0
94_levy_on_flood_none;94;True;none;3;Santa Tereza;pharmacy;62736.0;62736.0;0.0;1.0;62736.0
94_levy_on_flood_none;94;True;none;3;Santa Tereza;restaurant;250864.0;250864.0;0.0;1.0;250864.0
94_levy_on_flood_none;94;True;none;3;Santana;marketplace;142352.0;142352.0;0.0;1.0;142352.0
94_levy_on_flood_none;94;True;none;3;Santana;pharmacy;35576.0;35576.0;0.0;1.0;35576.0
94_levy_on_flood_none;94;True;none;3;Santana;restaurant;142352.0;142352.0;0.0;1.0;142352.0
94_levy_on_flood_none;94;True;none;3;Santo Antônio;marketplace;104840.0;104840.0;0.0;1.0;104840.0
94_levy_on_flood_none;94;True;none;3;Santo Antônio;pharmacy;26192.0;26192.0;0.0;1.0;26192.0
94_levy_on_flood_none;94;True;none;3;Santo Antônio;restaurant;104840.0;104840.0;0.0;1.0;104840.0
94_levy_on_flood_none;94;True;none;3;Sarandi;marketplace;412312.0;412312.0;0.0;1.0;412312.0
94_levy_on_flood_none;94;True;none;3;Sarandi;pharmacy;103032.0;103032.0;0.0;1.0;103032.0
94_levy_on_flood_none;94;True;none;3;Sarandi;restaurant;412312.0;412312.0;0.0;1.0;412312.0
94_levy_on_flood_none;94;True;none;3;Serraria;marketplace;35080.0;35080.0;0.0;1.0;35080.0
94_levy_on_flood_none;94;True;none;3;Serraria;pharmacy;8768.0;8768.0;0.0;1.0;8768.0
94_levy_on_flood_none;94;True;none;3;Serraria;restaurant;35080.0;35080.0;0.0;1.0;35080.0
94_levy_on_flood_none;94;True;none;3;São Caetano;marketplace;5864.0;5864.0;0.0;1.0;5864.0
94_levy_on_flood_none;94;True;none;3;São Caetano;pharmacy;1472.0;1472.0;0.0;1.0;1472.0
94_levy_on_flood_none;94;True;none;3;São Caetano;restaurant;5864.0;5864.0;0.0;1.0;5864.0
94_levy_on_flood_none;94;True;none;3;São Geraldo;marketplace;55584.0;55584.0;0.0;1.0;55584.0
94_levy_on_flood_none;94;True;none;3;São Geraldo;pharmacy;13896.0;13896.0;0.0;1.0;13896.0
94_levy_on_flood_none;94;True;none;3;São Geraldo;restaurant;55584.0;55584.0;0.0;1.0;55584.0
94_levy_on_flood_none;94;True;none;3;São João;marketplace;84968.0;84968.0;0.0;1.0;84968.0
94_levy_on_flood_none;94;True;none;3;São João;pharmacy;21232.0;21232.0;0.0;1.0;21232.0
94_levy_on_flood_none;94;True;none;3;São João;restaurant;84968.0;84968.0;0.0;1.0;84968.0
94_levy_on_flood_none;94;True;none;3;São Sebastião;marketplace;60112.0;60112.0;0.0;1.0;60112.0
94_levy_on_flood_none;94;True;none;3;São Sebastião;pharmacy;15040.0;15040.0;0.0;1.0;15040.0
94_levy_on_flood_none;94;True;none;3;São Sebastião;restaurant;60112.0;60112.0;0.0;1.0;60112.0
94_levy_on_flood_none;94;True;none;3;Sétimo Céu;marketplace;9328.0;9328.0;0.0;1.0;9328.0
94_levy_on_flood_none;94;True;none;3;Sétimo Céu;pharmacy;2328.0;2328.0;0.0;1.0;2328.0
94_levy_on_flood_none;94;True;none;3;Sétimo Céu;restaurant;9328.0;9328.0;0.0;1.0;9328.0
94_levy_on_flood_none;94;True;none;3;Teresópolis;marketplace;104576.0;104576.0;0.0;1.0;104576.0
94_levy_on_flood_none;94;True;none;3;Teresópolis;pharmacy;26160.0;26160.0;0.0;1.0;26160.0
94_levy_on_flood_none;94;True;none;3;Teresópolis;restaurant;104576.0;104576.0;0.0;1.0;104576.0
94_levy_on_flood_none;94;True;none;3;Tristeza;marketplace;137608.0;137608.0;0.0;1.0;137608.0
94_levy_on_flood_none;94;True;none;3;Tristeza;pharmacy;34384.0;34384.0;0.0;1.0;34384.0
94_levy_on_flood_none;94;True;none;3;Tristeza;restaurant;137608.0;137608.0;0.0;1.0;137608.0
94_levy_on_flood_none;94;True;none;3;Três Figueiras;marketplace;32128.0;32128.0;0.0;1.0;32128.0
94_levy_on_flood_none;94;True;none;3;Três Figueiras;pharmacy;8032.0;8032.0;0.0;1.0;8032.0
94_levy_on_flood_none;94;True;none;3;Três Figueiras;restaurant;32128.0;32128.0;0.0;1.0;32128.0
94_levy_on_flood_none;94;True;none;3;Vila Assunção;marketplace;31792.0;31792.0;0.0;1.0;31792.0
94_levy_on_flood_none;94;True;none;3;Vila Assunção;pharmacy;7936.0;7936.0;0.0;1.0;7936.0
94_levy_on_flood_none;94;True;none;3;Vila Assunção;restaurant;31792.0;31792.0;0.0;1.0;31792.0
94_levy_on_flood_none;94;True;none;3;Vila Conceição;marketplace;7752.0;7752.0;0.0;1.0;7752.0
94_levy_on_flood_none;94;True;none;3;Vila Conceição;pharmacy;1944.0;1944.0;0.0;1.0;1944.0
94_levy_on_flood_none;94;True;none;3;Vila Conceição;restaurant;7752.0;7752.0;0.0;1.0;7752.0
94_levy_on_flood_none;94;True;none;3;Vila Ipiranga;marketplace;144328.0;144328.0;0.0;1.0;144328.0
94_levy_on_flood_none;94;True;none;3;Vila Ipiranga;pharmacy;36088.0;36088.0;0.0;1.0;36088.0
94_levy_on_flood_none;94;True;none;3;Vila Ipiranga;restaurant;144328.0;144328.0;0.0;1.0;144328.0
94_levy_on_flood_none;94;True;none;3;Vila Jardim;marketplace;91288.0;91288.0;0.0;1.0;91288.0
94_levy_on_flood_none;94;True;none;3;Vila Jardim;pharmacy;22816.0;22816.0;0.0;1.0;22816.0
94_levy_on_flood_none;94;True;none;3;Vila Jardim;restaurant;91288.0;91288.0;0.0;1.0;91288.0
94_levy_on_flood_none;94;True;none;3;Vila João Pessoa;marketplace;83448.0;83448.0;0.0;1.0;83448.0
94_levy_on_flood_none;94;True;none;3;Vila João Pessoa;pharmacy;20856.0;20856.0;0.0;1.0;20856.0
94_levy_on_flood_none;94;True;none;3;Vila João Pessoa;restaurant;83448.0;83448.0;0.0;1.0;83448.0
94_levy_on_flood_none;94;True;none;3;Vila Nova;marketplace;257736.0;257736.0;0.0;1.0;257736.0
94_levy_on_flood_none;94;True;none;3;Vila Nova;pharmacy;64480.0;64480.0;0.0;1.0;64480.0
94_levy_on_flood_none;94;True;none;3;Vila Nova;restaurant;257736.0;257736.0;0.0;1.0;257736.0
94_levy_on_flood_none;94;True;none;3;Vila São José;marketplace;192088.0;192088.0;0.0;1.0;192088.0
94_levy_on_flood_none;94;True;none;3;Vila São José;pharmacy;48040.0;48040.0;0.0;1.0;48040.0
94_levy_on_flood_none;94;True;none;3;Vila São José;restaurant;192088.0;192088.0;0.0;1.0;192088.0
94_levy_on_flood_none;94;True;none;4;Aberta dos Morros;marketplace;78832.0;78832.0;0.0;1.0;78832.0
94_levy_on_flood_none;94;True;none;4;Aberta dos Morros;pharmacy;19704.0;19704.0;0.0;1.0;19704.0
94_levy_on_flood_none;94;True;none;4;Aberta dos Morros;restaurant;78832.0;78832.0;0.0;1.0;78832.0
94_levy_on_flood_none;94;True;none;4;Agronomia;marketplace;21416.0;21416.0;0.0;1.0;21416.0
94_levy_on_flood_none;94;True;none;4;Agronomia;pharmacy;5360.0;5360.0;0.0;1.0;5360.0
94_levy_on_flood_none;94;True;none;4;Agronomia;restaurant;21416.0;21416.0;0.0;1.0;21416.0
94_levy_on_flood_none;94;True;none;4;Anchieta;marketplace;6328.0;6328.0;0.0;1.0;6328.0
94_levy_on_flood_none;94;True;none;4;Anchieta;pharmacy;1568.0;1568.0;0.0;1.0;1568.0
94_levy_on_flood_none;94;True;none;4;Anchieta;restaurant;6328.0;6328.0;0.0;1.0;6328.0
94_levy_on_flood_none;94;True;none;4;Arquipélago;marketplace;51288.0;51288.0;0.0;1.0;51288.0
94_levy_on_flood_none;94;True;none;4;Arquipélago;pharmacy;12816.0;12816.0;0.0;1.0;12816.0
94_levy_on_flood_none;94;True;none;4;Arquipélago;restaurant;51288.0;51288.0;0.0;1.0;51288.0
94_levy_on_flood_none;94;True;none;4;Auxiliadora;marketplace;71272.0;71272.0;0.0;1.0;71272.0
94_levy_on_flood_none;94;True;none;4;Auxiliadora;pharmacy;17824.0;17824.0;0.0;1.0;17824.0
94_levy_on_flood_none;94;True;none;4;Auxiliadora;restaurant;71272.0;71272.0;0.0;1.0;71272.0
94_levy_on_flood_none;94;True;none;4;Azenha;marketplace;96512.0;96512.0;0.0;1.0;96512.0
94_levy_on_flood_none;94;True;none;4;Azenha;pharmacy;24144.0;24144.0;0.0;1.0;24144.0
94_levy_on_flood_none;94;True;none;4;Azenha;restaurant;96512.0;96512.0;0.0;1.0;96512.0
94_levy_on_flood_none;94;True;none;4;Bela Vista;marketplace;94552.0;94552.0;0.0;1.0;94552.0
94_levy_on_flood_none;94;True;none;4;Bela Vista;pharmacy;23624.0;23624.0;0.0;1.0;23624.0
94_levy_on_flood_none;94;True;none;4;Bela Vista;restaurant;94552.0;94552.0;0.0;1.0;94552.0
94_levy_on_flood_none;94;True;none;4;Belém Novo;marketplace;78808.0;78808.0;0.0;1.0;78808.0
94_levy_on_flood_none;94;True;none;4;Belém Novo;pharmacy;19696.0;19696.0;0.0;1.0;19696.0
94_levy_on_flood_none;94;True;none;4;Belém Novo;restaurant;78808.0;78808.0;0.0;1.0;78808.0
94_levy_on_flood_none;94;True;none;4;Belém Velho;marketplace;87144.0;87144.0;0.0;1.0;87144.0
94_levy_on_flood_none;94;True;none;4;Belém Velho;pharmacy;21776.0;21776.0;0.0;1.0;21776.0
94_levy_on_flood_none;94;True;none;4;Belém Velho;restaurant;87144.0;87144.0;0.0;1.0;87144.0
94_levy_on_flood_none;94;True;none;4;Boa Vista;marketplace;74032.0;74032.0;0.0;1.0;74032.0
94_levy_on_flood_none;94;True;none;4;Boa Vista;pharmacy;18504.0;18504.0;0.0;1.0;18504.0
94_levy_on_flood_none;94;True;none;4;Boa Vista;restaurant;74032.0;74032.0;0.0;1.0;74032.0
94_levy_on_flood_none;94;True;none;4;Boa Vista do Sul;marketplace;21624.0;21624.0;0.0;1.0;21624.0
94_levy_on_flood_none;94;True;none;4;Boa Vista do Sul;pharmacy;5416.0;5416.0;0.0;1.0;5416.0
94_levy_on_flood_none;94;True;none;4;Boa Vista do Sul;restaurant;21624.0;21624.0;0.0;1.0;21624.0
94_levy_on_flood_none;94;True;none;4;Bom Fim;marketplace;81280.0;81280.0;0.0;1.0;81280.0
94_levy_on_flood_none;94;True;none;4;Bom Fim;pharmacy;20320.0;20320.0;0.0;1.0;20320.0
94_levy_on_flood_none;94;True;none;4;Bom Fim;restaurant;81280.0;81280.0;0.0;1.0;81280.0
94_levy_on_flood_none;94;True;none;4;Bom Jesus;marketplace;196712.0;196712.0;0.0;1.0;196712.0
94_levy_on_flood_none;94;True;none;4;Bom Jesus;pharmacy;49184.0;49184.0;0.0;1.0;49184.0
94_levy_on_flood_none;94;True;none;4;Bom Jesus;restaurant;196712.0;196712.0;0.0;1.0;196712.0
94_levy_on_flood_none;94;True;none;4;Camaquã;marketplace;143480.0;143480.0;0.0;1.0;143480.0
94_levy_on_flood_none;94;True;none;4;Camaquã;pharmacy;35872.0;35872.0;0.0;1.0;35872.0
94_levy_on_flood_none;94;True;none;4;Camaquã;restaurant;143480.0;143480.0;0.0;1.0;143480.0
94_levy_on_flood_none;94;True;none;4;Campo Novo;marketplace;69944.0;69944.0;0.0;1.0;69944.0
94_levy_on_flood_none;94;True;none;4;Campo Novo;pharmacy;17488.0;17488.0;0.0;1.0;17488.0
94_levy_on_flood_none;94;True;none;4;Campo Novo;restaurant;69944.0;69944.0;0.0;1.0;69944.0
94_levy_on_flood_none;94;True;none;4;Cascata;marketplace;73872.0;73872.0;0.0;1.0;73872.0
94_levy_on_flood_none;94;True;none;4;Cascata;pharmacy;18496.0;18496.0;0.0;1.0;18496.0
94_levy_on_flood_none;94;True;none;4;Cascata;restaurant;73872.0;73872.0;0.0;1.0;73872.0
94_levy_on_flood_none;94;True;none;4;Cavalhada;marketplace;201672.0;201672.0;0.0;1.0;201672.0
94_levy_on_flood_none;94;True;none;4;Cavalhada;pharmacy;50384.0;50384.0;0.0;1.0;50384.0
94_levy_on_flood_none;94;True;none;4;Cavalhada;restaurant;201672.0;201672.0;0.0;1.0;201672.0
94_levy_on_flood_none;94;True;none;4;Centro Histórico;marketplace;244552.0;244552.0;0.0;1.0;244552.0
94_levy_on_flood_none;94;True;none;4;Centro Histórico;pharmacy;61128.0;61128.0;0.0;1.0;61128.0
94_levy_on_flood_none;94;True;none;4;Centro Histórico;restaurant;244552.0;244552.0;0.0;1.0;244552.0
94_levy_on_flood_none;94;True;none;4;Chapéu do Sol;marketplace;36192.0;36192.0;0.0;1.0;36192.0
94_levy_on_flood_none;94;True;none;4;Chapéu do Sol;pharmacy;9048.0;9048.0;0.0;1.0;9048.0
94_levy_on_flood_none;94;True;none;4;Chapéu do Sol;restaurant;36192.0;36192.0;0.0;1.0;36192.0
94_levy_on_flood_none;94;True;none;4;Chácara das Pedras;marketplace;45112.0;45112.0;0.0;1.0;45112.0
94_levy_on_flood_none;94;True;none;4;Chácara das Pedras;pharmacy;11280.0;11280.0;0.0;1.0;11280.0
94_levy_on_flood_none;94;True;none;4;Chácara das Pedras;restaurant;45112.0;45112.0;0.0;1.0;45112.0
94_levy_on_flood_none;94;True;none;4;Cidade Baixa;marketplace;104112.0;104112.0;0.0;1.0;104112.0
94_levy_on_flood_none;94;True;none;4;Cidade Baixa;pharmacy;26024.0;26024.0;0.0;1.0;26024.0
94_levy_on_flood_none;94;True;none;4;Cidade Baixa;restaurant;104112.0;104112.0;0.0;1.0;104112.0
94_levy_on_flood_none;94;True;none;4;Coronel Aparício Borges;marketplace;151728.0;151728.0;0.0;1.0;151728.0
94_levy_on_flood_none;94;True;none;4;Coronel Aparício Borges;pharmacy;37944.0;37944.0;0.0;1.0;37944.0
94_levy_on_flood_none;94;True;none;4;Coronel Aparício Borges;restaurant;151728.0;151728.0;0.0;1.0;151728.0
94_levy_on_flood_none;94;True;none;4;Costa e Silva;marketplace;108680.0;108680.0;0.0;1.0;108680.0
94_levy_on_flood_none;94;True;none;4;Costa e Silva;pharmacy;27168.0;27168.0;0.0;1.0;27168.0
94_levy_on_flood_none;94;True;none;4;Costa e Silva;restaurant;108680.0;108680.0;0.0;1.0;108680.0
94_levy_on_flood_none;94;True;none;4;Cristal;marketplace;198808.0;198808.0;0.0;1.0;198808.0
94_levy_on_flood_none;94;True;none;4;Cristal;pharmacy;49680.0;49680.0;0.0;1.0;49680.0
94_levy_on_flood_none;94;True;none;4;Cristal;restaurant;198808.0;198808.0;0.0;1.0;198808.0
94_levy_on_flood_none;94;True;none;4;Cristo Redentor;marketplace;121152.0;121152.0;0.0;1.0;121152.0
94_levy_on_flood_none;94;True;none;4;Cristo Redentor;pharmacy;30280.0;30280.0;0.0;1.0;30280.0
94_levy_on_flood_none;94;True;none;4;Cristo Redentor;restaurant;121152.0;121152.0;0.0;1.0;121152.0
94_levy_on_flood_none;94;True;none;4;Espírito Santo;marketplace;39624.0;39624.0;0.0;1.0;39624.0
94_levy_on_flood_none;94;True;none;4;Espírito Santo;pharmacy;9904.0;9904.0;0.0;1.0;9904.0
94_levy_on_flood_none;94;True;none;4;Espírito Santo;restaurant;39624.0;39624.0;0.0;1.0;39624.0
94_levy_on_flood_none;94;True;none;4;Extrema;marketplace;18880.0;18880.0;0.0;1.0;18880.0
94_levy_on_flood_none;94;True;none;4;Extrema;pharmacy;4728.0;4728.0;0.0;1.0;4728.0
94_levy_on_flood_none;94;True;none;4;Extrema;restaurant;18880.0;18880.0;0.0;1.0;18880.0
94_levy_on_flood_none;94;True;none;4;Farrapos;marketplace;140728.0;140728.0;0.0;1.0;140728.0
94_levy_on_flood_none;94;True;none;4;Farrapos;pharmacy;35176.0;35176.0;0.0;1.0;35176.0
94_levy_on_flood_none;94;True;none;4;Farrapos;restaurant;140728.0;140728.0;0.0;1.0;140728.0
94_levy_on_flood_none;94;True;none;4;Farroupilha;marketplace;6192.0;6192.0;0.0;1.0;6192.0
94_levy_on_flood_none;94;True;none;4;Farroupilha;pharmacy;1552.0;1552.0;0.0;1.0;1552.0
94_levy_on_flood_none;94;True;none;4;Farroupilha;restaurant;6192.0;6192.0;0.0;1.0;6192.0
94_levy_on_flood_none;94;True;none;4;Floresta;marketplace;70384.0;70384.0;0.0;1.0;70384.0
94_levy_on_flood_none;94;True;none;4;Floresta;pharmacy;17576.0;17576.0;0.0;1.0;17576.0
94_levy_on_flood_none;94;True;none;4;Floresta;restaurant;70384.0;70384.0;0.0;1.0;70384.0
94_levy_on_flood_none;94;True;none;4;Glória;marketplace;121984.0;121984.0;0.0;1.0;121984.0
94_levy_on_flood_none;94;True;none;4;Glória;pharmacy;30512.0;30512.0;0.0;1.0;30512.0
94_levy_on_flood_none;94;True;none;4;Glória;restaurant;121984.0;121984.0;0.0;1.0;121984.0
94_levy_on_flood_none;94;True;none;4;Guarujá;marketplace;49160.0;49160.0;0.0;1.0;49160.0
94_levy_on_flood_none;94;True;none;4;Guarujá;pharmacy;12288.0;12288.0;0.0;1.0;12288.0
94_levy_on_flood_none;94;True;none;4;Guarujá;restaurant;49160.0;49160.0;0.0;1.0;49160.0
94_levy_on_flood_none;94;True;none;4;Higienópolis;marketplace;82272.0;82272.0;0.0;1.0;82272.0
94_levy_on_flood_none;94;True;none;4;Higienópolis;pharmacy;20584.0;20584.0;0.0;1.0;20584.0
94_levy_on_flood_none;94;True;none;4;Higienópolis;restaurant;82272.0;82272.0;0.0;1.0;82272.0
94_levy_on_flood_none;94;True;none;4;Humaitá;marketplace;101952.0;101952.0;0.0;1.0;101952.0
94_levy_on_flood_none;94;True;none;4;Humaitá;pharmacy;25488.0;25488.0;0.0;1.0;25488.0
94_levy_on_flood_none;94;True;none;4;Humaitá;restaurant;101952.0;101952.0;0.0;1.0;101952.0
94_levy_on_flood_none;94;True;none;4;Hípica;marketplace;225880.0;225880.0;0.0;1.0;225880.0
94_levy_on_flood_none;94;True;none;4;Hípica;pharmacy;56504.0;56504.0;0.0;1.0;56504.0
94_levy_on_flood_none;94;True;none;4;Hípica;restaurant;225880.0;225880.0;0.0;1.0;225880.0
94_levy_on_flood_none;94;True;none;4;Independência;marketplace;55080.0;55080.0;0.0;1.0;55080.0
94_levy_on_flood_none;94;True;none;4;Independência;pharmacy;13752.0;13752.0;0.0;1.0;13752.0
94_levy_on_flood_none;94;True;none;4;Independência;restaurant;55080.0;55080.0;0.0;1.0;55080.0
94_levy_on_flood_none;94;True;none;4;Ipanema;marketplace;107224.0;107224.0;0.0;1.0;107224.0
94_levy_on_flood_none;94;True;none;4;Ipanema;pharmacy;26816.0;26816.0;0.0;1.0;26816.0
94_levy_on_flood_none;94;True;none;4;Ipanema;restaurant;107224.0;107224.0;0.0;1.0;107224.0
94_levy_on_flood_none;94;True;none;4;Jardim Botânico;marketplace;90792.0;90792.0;0.0;1.0;90792.0
94_levy_on_flood_none;94;True;none;4;Jardim Botânico;pharmacy;22704.0;22704.0;0.0;1.0;22704.0
94_levy_on_flood_none;94;True;none;4;Jardim Botânico;restaurant;90792.0;90792.0;0.0;1.0;90792.0
94_levy_on_flood_none;94;True;none;4;Jardim Carvalho;marketplace;187240.0;187240.0;0.0;1.0;187240.0
94_levy_on_flood_none;94;True;none;4;Jardim Carvalho;pharmacy;46808.0;46808.0;0.0;1.0;46808.0
94_levy_on_flood_none;94;True;none;4;Jardim Carvalho;restaurant;187240.0;187240.0;0.0;1.0;187240.0
94_levy_on_flood_none;94;True;none;4;Jardim Europa;marketplace;34976.0;34976.0;0.0;1.0;34976.0
94_levy_on_flood_none;94;True;none;4;Jardim Europa;pharmacy;8744.0;8744.0;0.0;1.0;8744.0
94_levy_on_flood_none;94;True;none;4;Jardim Europa;restaurant;34976.0;34976.0;0.0;1.0;34976.0
94_levy_on_flood_none;94;True;none;4;Jardim Floresta;marketplace;17824.0;17824.0;0.0;1.0;17824.0
94_levy_on_flood_none;94;True;none;4;Jardim Floresta;pharmacy;4456.0;4456.0;0.0;1.0;4456.0
94_levy_on_flood_none;94;True;none;4;Jardim Floresta;restaurant;17824.0;17824.0;0.0;1.0;17824.0
94_levy_on_flood_none;94;True;none;4;Jardim Isabel;marketplace;20736.0;20736.0;0.0;1.0;20736.0
94_levy_on_flood_none;94;True;none;4;Jardim Isabel;pharmacy;5192.0;5192.0;0.0;1.0;5192.0
94_levy_on_flood_none;94;True;none;4;Jardim Isabel;restaurant;20736.0;20736.0;0.0;1.0;20736.0
94_levy_on_flood_none;94;True;none;4;Jardim Itu;marketplace;140520.0;140520.0;0.0;1.0;140520.0
94_levy_on_flood_none;94;True;none;4;Jardim Itu;pharmacy;35128.0;35128.0;0.0;1.0;35128.0
94_levy_on_flood_none;94;True;none;4;Jardim Itu;restaurant;140520.0;140520.0;0.0;1.0;140520.0
94_levy_on_flood_none;94;True;none;4;Jardim Leopoldina;marketplace;129208.0;129208.0;0.0;1.0;129208.0
94_levy_on_flood_none;94;True;none;4;Jardim Leopoldina;pharmacy;32320.0;32320.0;0.0;1.0;32320.0
94_levy_on_flood_none;94;True;none;4;Jardim Leopoldina;restaurant;129208.0;129208.0;0.0;1.0;129208.0
94_levy_on_flood_none;94;True;none;4;Jardim Lindóia;marketplace;60696.0;60696.0;0.0;1.0;60696.0
94_levy_on_flood_none;94;True;none;4;Jardim Lindóia;pharmacy;15168.0;15168.0;0.0;1.0;15168.0
94_levy_on_flood_none;94;True;none;4;Jardim Lindóia;restaurant;60696.0;60696.0;0.0;1.0;60696.0
94_levy_on_flood_none;94;True;none;4;Jardim Sabará;marketplace;90160.0;90160.0;0.0;1.0;90160.0
94_levy_on_flood_none;94;True;none;4;Jardim Sabará;pharmacy;22536.0;22536.0;0.0;1.0;22536.0
94_levy_on_flood_none;94;True;none;4;Jardim Sabará;restaurant;90160.0;90160.0;0.0;1.0;90160.0
94_levy_on_flood_none;94;True;none;4;Jardim São Pedro;marketplace;26560.0;26560.0;0.0;1.0;26560.0
94_levy_on_flood_none;94;True;none;4;Jardim São Pedro;pharmacy;6632.0;6632.0;0.0;1.0;6632.0
94_levy_on_flood_none;94;True;none;4;Jardim São Pedro;restaurant;26560.0;26560.0;0.0;1.0;26560.0
94_levy_on_flood_none;94;True;none;4;Jardim do Salso;marketplace;52608.0;52608.0;0.0;1.0;52608.0
94_levy_on_flood_none;94;True;none;4;Jardim do Salso;pharmacy;13144.0;13144.0;0.0;1.0;13144.0
94_levy_on_flood_none;94;True;none;4;Jardim do Salso;restaurant;52608.0;52608.0;0.0;1.0;52608.0
94_levy_on_flood_none;94;True;none;4;Lageado;marketplace;45408.0;45408.0;0.0;1.0;45408.0
94_levy_on_flood_none;94;True;none;4;Lageado;pharmacy;11360.0;11360.0;0.0;1.0;11360.0
94_levy_on_flood_none;94;True;none;4;Lageado;restaurant;45408.0;45408.0;0.0;1.0;45408.0
94_levy_on_flood_none;94;True;none;4;Lami;marketplace;53416.0;53416.0;0.0;1.0;53416.0
94_levy_on_flood_none;94;True;none;4;Lami;pharmacy;13344.0;13344.0;0.0;1.0;13344.0
94_levy_on_flood_none;94;True;none;4;Lami;restaurant;53416.0;53416.0;0.0;1.0;53416.0
94_levy_on_flood_none;94;True;none;4;Lomba do Pinheiro;marketplace;473600.0;473600.0;0.0;1.0;473600.0
94_levy_on_flood_none;94;True;none;4;Lomba do Pinheiro;pharmacy;118400.0;118400.0;0.0;1.0;118400.0
94_levy_on_flood_none;94;True;none;4;Lomba do Pinheiro;restaurant;473600.0;473600.0;0.0;1.0;473600.0
94_levy_on_flood_none;94;True;none;4;Medianeira;marketplace;69992.0;69992.0;0.0;1.0;69992.0
94_levy_on_flood_none;94;True;none;4;Medianeira;pharmacy;17488.0;17488.0;0.0;1.0;17488.0
94_levy_on_flood_none;94;True;none;4;Medianeira;restaurant;69992.0;69992.0;0.0;1.0;69992.0
94_levy_on_flood_none;94;True;none;4;Menino-Deus;marketplace;223688.0;223688.0;0.0;1.0;223688.0
94_levy_on_flood_none;94;True;none;4;Menino-Deus;pharmacy;55896.0;55896.0;0.0;1.0;55896.0
94_levy_on_flood_none;94;True;none;4;Menino-Deus;restaurant;223688.0;223688.0;0.0;1.0;223688.0
94_levy_on_flood_none;94;True;none;4;Moinhos de Vento;marketplace;79960.0;79960.0;0.0;1.0;79960.0
94_levy_on_flood_none;94;True;none;4;Moinhos de Vento;pharmacy;20000.0;20000.0;0.0;1.0;20000.0
94_levy_on_flood_none;94;True;none;4;Moinhos de Vento;restaurant;79960.0;79960.0;0.0;1.0;79960.0
94_levy_on_flood_none;94;True;none;4;Mont’Serrat;marketplace;82856.0;82856.0;0.0;1.0;82856.0
94_levy_on_flood_none;94;True;none;4;Mont’Serrat;pharmacy;20712.0;20712.0;0.0;1.0;20712.0
94_levy_on_flood_none;94;True;none;4;Mont’Serrat;restaurant;82856.0;82856.0;0.0;1.0;82856.0
94_levy_on_flood_none;94;True;none;4;Morro Santana;marketplace;173120.0;173120.0;0.0;1.0;173120.0
94_levy_on_flood_none;94;True;none;4;Morro Santana;pharmacy;43256.0;43256.0;0.0;1.0;43256.0
94_levy_on_flood_none;94;True;none;4;Morro Santana;restaurant;173120.0;173120.0;0.0;1.0;173120.0
94_levy_on_flood_none;94;True;none;4;Mário Quintana;marketplace;352544.0;352544.0;0.0;1.0;352544.0
94_levy_on_flood_none;94;True;none;4;Mário Quintana;pharmacy;88112.0;88112.0;0.0;1.0;88112.0
94_levy_on_flood_none;94;True;none;4;Mário Quintana;restaurant;352544.0;352544.0;0.0;1.0;352544.0
94_levy_on_flood_none;94;True;none;4;Navegantes;marketplace;26520.0;26520.0;0.0;1.0;26520.0
94_levy_on_flood_none;94;True;none;4;Navegantes;pharmacy;6624.0;6624.0;0.0;1.0;6624.0
94_levy_on_flood_none;94;True;none;4;Navegantes;restaurant;26520.0;26520.0;0.0;1.0;26520.0
94_levy_on_flood_none;94;True;none;4;Nonoai;marketplace;166208.0;166208.0;0.0;1.0;166208.0
94_levy_on_flood_none;94;True;none;4;Nonoai;pharmacy;41560.0;41560.0;0.0;1.0;41560.0
94_levy_on_flood_none;94;True;none;4;Nonoai;restaurant;166208.0;166208.0;0.0;1.0;166208.0
94_levy_on_flood_none;94;True;none;4;Parque Santa Fé;marketplace;53384.0;53384.0;0.0;1.0;53384.0
94_levy_on_flood_none;94;True;none;4;Parque Santa Fé;pharmacy;13352.0;13352.0;0.0;1.0;13352.0
94_levy_on_flood_none;94;True;none;4;Parque Santa Fé;restaurant;53384.0;53384.0;0.0;1.0;53384.0
94_levy_on_flood_none;94;True;none;4;Partenon;marketplace;348696.0;348696.0;0.0;1.0;348696.0
94_levy_on_flood_none;94;True;none;4;Partenon;pharmacy;87224.0;87224.0;0.0;1.0;87224.0
94_levy_on_flood_none;94;True;none;4;Partenon;restaurant;348696.0;348696.0;0.0;1.0;348696.0
94_levy_on_flood_none;94;True;none;4;Passo da Areia;marketplace;180240.0;180240.0;0.0;1.0;180240.0
94_levy_on_flood_none;94;True;none;4;Passo da Areia;pharmacy;45064.0;45064.0;0.0;1.0;45064.0
94_levy_on_flood_none;94;True;none;4;Passo da Areia;restaurant;180240.0;180240.0;0.0;1.0;180240.0
94_levy_on_flood_none;94;True;none;4;Passo das Pedras;marketplace;115480.0;115480.0;0.0;1.0;115480.0
94_levy_on_flood_none;94;True;none;4;Passo das Pedras;pharmacy;28856.0;28856.0;0.0;1.0;28856.0
94_levy_on_flood_none;94;True;none;4;Passo das Pedras;restaurant;115480.0;115480.0;0.0;1.0;115480.0
94_levy_on_flood_none;94;True;none;4;Pedra Redonda;marketplace;4560.0;4560.0;0.0;1.0;4560.0
94_levy_on_flood_none;94;True;none;4;Pedra Redonda;pharmacy;1144.0;1144.0;0.0;1.0;1144.0
94_levy_on_flood_none;94;True;none;4;Pedra Redonda;restaurant;4560.0;4560.0;0.0;1.0;4560.0
94_levy_on_flood_none;94;True;none;4;Petrópolis;marketplace;300904.0;300904.0;0.0;1.0;300904.0
94_levy_on_flood_none;94;True;none;4;Petrópolis;pharmacy;75256.0;75256.0;0.0;1.0;75256.0
94_levy_on_flood_none;94;True;none;4;Petrópolis;restaurant;300904.0;300904.0;0.0;1.0;300904.0
94_levy_on_flood_none;94;True;none;4;Pitinga;marketplace;56096.0;56096.0;0.0;1.0;56096.0
94_levy_on_flood_none;94;True;none;4;Pitinga;pharmacy;14024.0;14024.0;0.0;1.0;14024.0
94_levy_on_flood_none;94;True;none;4;Pitinga;restaurant;56096.0;56096.0;0.0;1.0;56096.0
94_levy_on_flood_none;94;True;none;4;Ponta Grossa;marketplace;71512.0;71512.0;0.0;1.0;71512.0
94_levy_on_flood_none;94;True;none;4;Ponta Grossa;pharmacy;17880.0;17880.0;0.0;1.0;17880.0
94_levy_on_flood_none;94;True;none;4;Ponta Grossa;restaurant;71512.0;71512.0;0.0;1.0;71512.0
94_levy_on_flood_none;94;True;none;4;Praia de Belas;marketplace;12176.0;12176.0;0.0;1.0;12176.0
94_levy_on_flood_none;94;True;none;4;Praia de Belas;pharmacy;3048.0;3048.0;0.0;1.0;3048.0
94_levy_on_flood_none;94;True;none;4;Praia de Belas;restaurant;12176.0;12176.0;0.0;1.0;12176.0
94_levy_on_flood_none;94;True;none;4;Restinga;marketplace;499584.0;499584.0;0.0;1.0;499584.0
94_levy_on_flood_none;94;True;none;4;Restinga;pharmacy;124840.0;124840.0;0.0;1.0;124840.0
94_levy_on_flood_none;94;True;none;4;Restinga;restaurant;499584.0;499584.0;0.0;1.0;499584.0
94_levy_on_flood_none;94;True;none;4;Rio Branco;marketplace;125680.0;125680.0;0.0;1.0;125680.0
94_levy_on_flood_none;94;True;none;4;Rio Branco;pharmacy;31408.0;31408.0;0.0;1.0;31408.0
94_levy_on_flood_none;94;True;none;4;Rio Branco;restaurant;125680.0;125680.0;0.0;1.0;125680.0
94_levy_on_flood_none;94;True;none;4;Rubem Berta;marketplace;223440.0;223440.0;0.0;1.0;223440.0
94_levy_on_flood_none;94;True;none;4;Rubem Berta;pharmacy;55848.0;55848.0;0.0;1.0;55848.0
94_levy_on_flood_none;94;True;none;4;Rubem Berta;restaurant;223440.0;223440.0;0.0;1.0;223440.0
94_levy_on_flood_none;94;True;none;4;Santa Cecília;marketplace;37120.0;37120.0;0.0;1.0;37120.0
94_levy_on_flood_none;94;True;none;4;Santa Cecília;pharmacy;9288.0;9288.0;0.0;1.0;9288.0
94_levy_on_flood_none;94;True;none;4;Santa Cecília;restaurant;37120.0;37120.0;0.0;1.0;37120.0
94_levy_on_flood_none;94;True;none;4;Santa Maria Goretti;marketplace;24280.0;24280.0;0.0;1.0;24280.0
94_levy_on_flood_none;94;True;none;4;Santa Maria Goretti;pharmacy;6080.0;6080.0;0.0;1.0;6080.0
94_levy_on_flood_none;94;True;none;4;Santa Maria Goretti;restaurant;24280.0;24280.0;0.0;1.0;24280.0
94_levy_on_flood_none;94;True;none;4;Santa Rosa de Lima;marketplace;277016.0;277016.0;0.0;1.0;277016.0
94_levy_on_flood_none;94;True;none;4;Santa Rosa de Lima;pharmacy;69280.0;69280.0;0.0;1.0;69280.0
94_levy_on_flood_none;94;True;none;4;Santa Rosa de Lima;restaurant;277016.0;277016.0;0.0;1.0;277016.0
94_levy_on_flood_none;94;True;none;4;Santa Tereza;marketplace;250864.0;250864.0;0.0;1.0;250864.0
94_levy_on_flood_none;94;True;none;4;Santa Tereza;pharmacy;62736.0;62736.0;0.0;1.0;62736.0
94_levy_on_flood_none;94;True;none;4;Santa Tereza;restaurant;250864.0;250864.0;0.0;1.0;250864.0
94_levy_on_flood_none;94;True;none;4;Santana;marketplace;142352.0;142352.0;0.0;1.0;142352.0
94_levy_on_flood_none;94;True;none;4;Santana;pharmacy;35576.0;35576.0;0.0;1.0;35576.0
94_levy_on_flood_none;94;True;none;4;Santana;restaurant;142352.0;142352.0;0.0;1.0;142352.0
94_levy_on_flood_none;94;True;none;4;Santo Antônio;marketplace;104840.0;104840.0;0.0;1.0;104840.0
94_levy_on_flood_none;94;True;none;4;Santo Antônio;pharmacy;26192.0;26192.0;0.0;1.0;26192.0
94_levy_on_flood_none;94;True;none;4;Santo Antônio;restaurant;104840.0;104840.0;0.0;1.0;104840.0
94_levy_on_flood_none;94;True;none;4;Sarandi;marketplace;412312.0;412312.0;0.0;1.0;412312.0
94_levy_on_flood_none;94;True;none;4;Sarandi;pharmacy;103032.0;103032.0;0.0;1.0;103032.0
94_levy_on_flood_none;94;True;none;4;Sarandi;restaurant;412312.0;412312.0;0.0;1.0;412312.0
94_levy_on_flood_none;94;True;none;4;Serraria;marketplace;35080.0;35080.0;0.0;1.0;35080.0
94_levy_on_flood_none;94;True;none;4;Serraria;pharmacy;8768.0;8768.0;0.0;1.0;8768.0
94_levy_on_flood_none;94;True;none;4;Serraria;restaurant;35080.0;35080.0;0.0;1.0;35080.0
94_levy_on_flood_none;94;True;none;4;São Caetano;marketplace;5864.0;5864.0;0.0;1.0;5864.0
94_levy_on_flood_none;94;True;none;4;São Caetano;pharmacy;1472.0;1472.0;0.0;1.0;1472.0
94_levy_on_flood_none;94;True;none;4;São Caetano;restaurant;5864.0;5864.0;0.0;1.0;5864.0
94_levy_on_flood_none;94;True;none;4;São Geraldo;marketplace;55584.0;55584.0;0.0;1.0;55584.0
94_levy_on_flood_none;94;True;none;4;São Geraldo;pharmacy;13896.0;13896.0;0.0;1.0;13896.0
94_levy_on_flood_none;94;True;none;4;São Geraldo;restaurant;55584.0;55584.0;0.0;1.0;55584.0
94_levy_on_flood_none;94;True;none;4;São João;marketplace;84968.0;84968.0;0.0;1.0;84968.0
94_levy_on_flood_none;94;True;none;4;São João;pharmacy;21232.0;21232.0;0.0;1.0;21232.0
94_levy_on_flood_none;94;True;none;4;São João;restaurant;84968.0;84968.0;0.0;1.0;84968.0
94_levy_on_flood_none;94;True;none;4;São Sebastião;marketplace;60112.0;60112.0;0.0;1.0;60112.0
94_levy_on_flood_none;94;True;none;4;São Sebastião;pharmacy;15040.0;15040.0;0.0;1.0;15040.0
94_levy_on_flood_none;94;True;none;4;São Sebastião;restaurant;60112.0;60112.0;0.0;1.0;60112.0
94_levy_on_flood_none;94;True;none;4;Sétimo Céu;marketplace;9328.0;9328.0;0.0;1.0;9328.0
94_levy_on_flood_none;94;True;none;4;Sétimo Céu;pharmacy;2328.0;2328.0;0.0;1.0;2328.0
94_levy_on_flood_none;94;True;none;4;Sétimo Céu;restaurant;9328.0;9328.0;0.0;1.0;9328.0
94_levy_on_flood_none;94;True;none;4;Teresópolis;marketplace;104576.0;104576.0;0.0;1.0;104576.0
94_levy_on_flood_none;94;True;none;4;Teresópolis;pharmacy;26160.0;26160.0;0.0;1.0;26160.0
94_levy_on_flood_none;94;True;none;4;Teresópolis;restaurant;104576.0;104576.0;0.0;1.0;104576.0
94_levy_on_flood_none;94;True;none;4;Tristeza;marketplace;137608.0;137608.0;0.0;1.0;137608.0
94_levy_on_flood_none;94;True;none;4;Tristeza;pharmacy;34384.0;34384.0;0.0;1.0;34384.0
94_levy_on_flood_none;94;True;none;4;Tristeza;restaurant;137608.0;137608.0;0.0;1.0;137608.0
94_levy_on_flood_none;94;True;none;4;Três Figueiras;marketplace;32128.0;32128.0;0.0;1.0;32128.0
94_levy_on_flood_none;94;True;none;4;Três Figueiras;pharmacy;8032.0;8032.0;0.0;1.0;8032.0
94_levy_on_flood_none;94;True;none;4;Três Figueiras;restaurant;32128.0;32128.0;0.0;1.0;32128.0
94_levy_on_flood_none;94;True;none;4;Vila Assunção;marketplace;31792.0;31792.0;0.0;1.0;31792.0
94_levy_on_flood_none;94;True;none;4;Vila Assunção;pharmacy;7936.0;7936.0;0.0;1.0;7936.0
94_levy_on_flood_none;94;True;none;4;Vila Assunção;restaurant;31792.0;31792.0;0.0;1.0;31792.0
94_levy_on_flood_none;94;True;none;4;Vila Conceição;marketplace;7752.0;7752.0;0.0;1.0;7752.0
94_levy_on_flood_none;94;True;none;4;Vila Conceição;pharmacy;1944.0;1944.0;0.0;1.0;1944.0
94_levy_on_flood_none;94;True;none;4;Vila Conceição;restaurant;7752.0;7752.0;0.0;1.0;7752.0
94_levy_on_flood_none;94;True;none;4;Vila Ipiranga;marketplace;144328.0;144328.0;0.0;1.0;144328.0
94_levy_on_flood_none;94;True;none;4;Vila Ipiranga;pharmacy;36088.0;36088.0;0.0;1.0;36088.0
94_levy_on_flood_none;94;True;none;4;Vila Ipiranga;restaurant;144328.0;144328.0;0.0;1.0;144328.0
94_levy_on_flood_none;94;True;none;4;Vila Jardim;marketplace;91288.0;91288.0;0.0;1.0;91288.0
94_levy_on_flood_none;94;True;none;4;Vila Jardim;pharmacy;22816.0;22816.0;0.0;1.0;22816.0
94_levy_on_flood_none;94;True;none;4;Vila Jardim;restaurant;91288.0;91288.0;0.0;1.0;91288.0
94_levy_on_flood_none;94;True;none;4;Vila João Pessoa;marketplace;83448.0;83448.0;0.0;1.0;83448.0
94_levy_on_flood_none;94;True;none;4;Vila João Pessoa;pharmacy;20856.0;20856.0;0.0;1.0;20856.0
94_levy_on_flood_none;94;True;none;4;Vila João Pessoa;restaurant;83448.0;83448.0;0.0;1.0;83448.0
94_levy_on_flood_none;94;True;none;4;Vila Nova;marketplace;257736.0;257736.0;0.0;1.0;257736.0
94_levy_on_flood_none;94;True;none;4;Vila Nova;pharmacy;64480.0;64480.0;0.0;1.0;64480.0
94_levy_on_flood_none;94;True;none;4;Vila Nova;restaurant;257736.0;257736.0;0.0;1.0;257736.0
94_levy_on_flood_none;94;True;none;4;Vila São José;marketplace;192088.0;192088.0;0.0;1.0;192088.0
94_levy_on_flood_none;94;True;none;4;Vila São José;pharmacy;48040.0;48040.0;0.0;1.0;48040.0
94_levy_on_flood_none;94;True;none;4;Vila São José;restaurant;192088.0;192088.0;0.0;1.0;192088.0
