30/06/2024 16:30,0.00,333.00,,14.30,13.30
30/06/2024 16:15,0.00,333.00,,14.30,13.40
30/06/2024 16:00,0.00,333.00,,14.30,13.40
30/06/2024 15:45,0.00,334.00,,14.30,13.40
30/06/2024 15:30,0.00,334.00,,14.30,13.40
30/06/2024 15:15,0.00,334.00,,14.40,13.00
30/06/2024 15:00,0.00,335.00,,14.40,13.00
30/06/2024 14:45,0.00,335.00,,14.40,13.00
30/06/2024 14:30,0.00,336.00,,14.40,13.00
30/06/2024 14:15,0.00,336.00,,14.60,12.20
30/06/2024 14:00,0.00,336.00,,14.60,12.20
30/06/2024 13:45,0.00,336.00,,14.60,12.20
30/06/2024 13:30,0.00,336.00,,14.60,12.20
30/06/2024 13:15,0.00,337.00,,14.60,11.70
30/06/2024 13:00,0.00,337.00,,14.60,11.70
30/06/2024 12:45,0.00,338.00,,14.60,11.70
30/06/2024 12:30,0.00,338.00,,14.60,11.70
30/06/2024 12:15,0.00,339.00,,14.60,10.90
30/06/2024 12:00,0.00,339.00,,14.60,10.90
30/06/2024 11:45,0.00,339.00,,14.60,10.90
30/06/2024 11:30,0.00,340.00,,14.60,10.90
30/06/2024 11:15,0.00,340.00,,14.60,9.60
30/06/2024 11:00,0.00,340.00,,14.60,9.60
30/06/2024 10:45,0.00,341.00,,14.60,9.60
30/06/2024 10:30,0.00,341.00,,14.60,9.60
30/06/2024 10:15,0.00,341.00,,14.60,8.30
30/06/2024 10:00,0.00,342.00,,14.60,8.30
30/06/2024 09:45,0.00,342.00,,14.60,8.30
30/06/2024 09:30,0.00,342.00,,14.60,8.30
30/06/2024 09:15,0.00,343.00,,14.10,7.30
30/06/2024 09:00,0.00,343.00,,14.10,7.30
30/06/2024 08:45,0.00,343.00,,14.10,7.30
30/06/2024 08:30,0.00,343.00,,14.10,7.30
30/06/2024 08:15,0.00,344.00,,12.90,6.60
30/06/2024 08:00,0.00,344.00,,12.90,6.60
30/06/2024 07:45,0.00,344.00,,12.90,6.60
30/06/2024 07:30,0.00,344.00,,12.90,6.60
30/06/2024 07:15,0.00,345.00,,12.90,6.80
30/06/2024 07:00,0.00,345.00,,12.90,6.80
30/06/2024 06:45,0.00,345.00,,12.90,6.80
30/06/2024 06:30,0.00,345.00,,12.90,6.80
30/06/2024 06:15,0.00,345.00,,12.90,7.20
30/06/2024 06:00,0.00,345.00,,12.90,7.20
30/06/2024 05:45,0.00,345.00,,12.90,7.20
30/06/2024 05:30,0.00,345.00,,12.90,7.20
30/06/2024 05:15,0.00,345.00,,12.90,7.40
30/06/2024 05:00,0.00,345.00,,12.90,7.40
30/06/2024 04:45,0.00,346.00,,12.90,7.40
30/06/2024 04:30,0.00,345.00,,12.90,7.40
30/06/2024 04:15,0.00,346.00,,13.00,7.30
30/06/2024 04:00,0.00,345.00,,13.00,7.30
30/06/2024 03:45,0.00,345.00,,13.00,7.30
30/06/2024 03:30,0.00,345.00,,13.00,7.30
30/06/2024 03:15,0.00,345.00,,13.00,7.30
30/06/2024 03:00,0.00,345.00,,13.00,7.30
30/06/2024 02:45,0.00,345.00,,13.00,7.30
30/06/2024 02:30,0.00,345.00,,13.00,7.30
30/06/2024 02:15,0.00,344.00,,13.00,7.60
30/06/2024 02:00,0.00,344.00,,13.00,7.60
30/06/2024 01:45,0.00,344.00,,13.00,7.60
30/06/2024 01:30,0.00,344.00,,13.00,7.60
30/06/2024 01:15,0.00,344.00,,13.00,8.00
30/06/2024 01:00,0.00,344.00,,13.00,8.00
30/06/2024 00:45,0.00,344.00,,13.00,8.00
30/06/2024 00:30,0.00,344.00,,13.00,8.00
30/06/2024 00:15,0.00,344.00,,13.00,8.40
30/06/2024 00:00,0.00,344.00,,13.00,8.40
29/06/2024 23:45,0.00,344.00,,13.00,8.40
29/06/2024 23:30,0.00,344.00,,13.00,8.40
29/06/2024 23:15,0.00,344.00,,13.10,8.90
29/06/2024 23:00,0.00,344.00,,13.10,8.90
29/06/2024 22:45,0.00,344.00,,13.10,8.90
29/06/2024 22:30,0.00,344.00,,13.10,8.90
29/06/2024 22:15,0.00,344.00,,13.10,9.40
29/06/2024 22:00,0.00,345.00,,13.10,9.40
29/06/2024 21:45,0.00,344.00,,13.10,9.40
29/06/2024 21:30,0.00,345.00,,13.10,9.40
29/06/2024 21:15,0.00,345.00,,13.10,10.10
29/06/2024 21:00,0.00,345.00,,13.10,10.10
29/06/2024 20:45,0.00,345.00,,13.10,10.10
29/06/2024 20:30,0.00,345.00,,13.10,10.10
29/06/2024 20:15,0.00,345.00,,13.10,10.90
29/06/2024 20:00,0.00,346.00,,13.10,10.90
29/06/2024 19:45,0.00,346.00,,13.10,10.90
29/06/2024 19:30,0.00,346.00,,13.10,10.90
29/06/2024 19:15,0.00,346.00,,13.30,11.60
29/06/2024 19:00,0.00,346.00,,13.30,11.60
29/06/2024 18:45,0.00,346.00,,13.30,11.60
29/06/2024 18:30,0.00,346.00,,13.30,11.60
29/06/2024 18:15,0.00,346.00,,14.00,12.40
29/06/2024 18:00,0.00,346.00,,14.00,12.40
29/06/2024 17:45,0.00,346.00,,14.00,12.40
29/06/2024 17:30,0.00,346.00,,14.00,12.40
29/06/2024 17:15,0.00,346.00,,14.30,13.40
29/06/2024 17:00,0.00,346.00,,14.30,13.40
29/06/2024 16:45,0.00,347.00,,14.30,13.40
29/06/2024 16:30,0.00,346.00,,14.30,13.40
29/06/2024 16:15,0.00,347.00,,14.30,13.60
29/06/2024 16:00,0.00,347.00,,14.30,13.60
29/06/2024 15:45,0.00,346.00,,14.30,13.60
29/06/2024 15:30,0.00,347.00,,14.30,13.60
29/06/2024 15:15,0.00,346.00,,14.40,13.30
29/06/2024 15:00,0.00,347.00,,14.40,13.30
29/06/2024 14:45,0.00,347.00,,14.40,13.30
29/06/2024 14:30,0.00,347.00,,14.40,13.30
29/06/2024 14:15,0.00,347.00,,14.60,13.00
29/06/2024 14:00,0.00,347.00,,14.60,13.00
29/06/2024 13:45,0.00,347.00,,14.60,13.00
29/06/2024 13:30,0.00,347.00,,14.60,13.00
29/06/2024 13:15,0.00,348.00,,14.60,12.70
29/06/2024 13:00,0.00,348.00,,14.60,12.70
29/06/2024 12:45,0.00,348.00,,14.60,12.70
29/06/2024 12:30,0.00,347.00,,14.60,12.70
29/06/2024 12:15,0.00,347.00,,14.60,12.40
29/06/2024 12:00,0.00,347.00,,14.60,12.40
29/06/2024 11:45,0.00,347.00,,14.60,12.40
29/06/2024 11:30,0.00,347.00,,14.60,12.40
29/06/2024 11:15,0.00,348.00,,14.60,11.90
29/06/2024 11:00,0.00,347.00,,14.60,11.90
29/06/2024 10:45,0.00,348.00,,14.60,11.90
29/06/2024 10:30,0.00,347.00,,14.60,11.90
29/06/2024 10:15,0.00,348.00,,14.60,11.20
29/06/2024 10:00,0.00,348.00,,14.60,11.20
29/06/2024 09:45,0.00,349.00,,14.60,11.20
29/06/2024 09:30,0.00,348.00,,14.60,11.20
29/06/2024 09:15,0.00,349.00,,14.00,10.50
29/06/2024 09:00,0.00,348.00,,14.00,10.50
29/06/2024 08:45,0.00,349.00,,14.00,10.50
29/06/2024 08:30,0.00,348.00,,14.00,10.50
29/06/2024 08:15,0.00,349.00,,12.90,9.60
29/06/2024 08:00,0.00,349.00,,12.90,9.60
29/06/2024 07:45,0.00,349.00,,12.90,9.60
29/06/2024 07:30,0.00,349.00,,12.90,9.60
29/06/2024 07:15,0.00,349.00,,12.90,9.50
29/06/2024 07:00,0.00,349.00,,12.90,9.50
29/06/2024 06:45,0.00,349.00,,12.90,9.50
29/06/2024 06:30,0.00,349.00,,12.90,9.50
29/06/2024 06:15,0.00,349.00,,12.90,9.50
29/06/2024 06:00,0.00,349.00,,12.90,9.50
29/06/2024 05:45,0.00,350.00,,12.90,9.50
29/06/2024 05:30,0.00,349.00,,12.90,9.50
29/06/2024 05:15,0.00,349.00,,13.00,9.70
29/06/2024 05:00,0.00,350.00,,13.00,9.70
29/06/2024 04:45,0.00,349.00,,13.00,9.70
29/06/2024 04:30,0.00,350.00,,13.00,9.70
29/06/2024 04:15,0.00,350.00,,13.00,10.10
29/06/2024 04:00,0.00,350.00,,13.00,10.10
29/06/2024 03:45,0.00,351.00,,13.00,10.10
29/06/2024 03:30,0.00,351.00,,13.00,10.10
29/06/2024 03:15,0.00,352.00,,13.00,10.30
29/06/2024 03:00,0.00,351.00,,13.00,10.30
29/06/2024 02:45,0.00,352.00,,13.00,10.30
29/06/2024 02:30,0.00,352.00,,13.00,10.30
29/06/2024 02:15,0.00,352.00,,13.00,10.90
29/06/2024 02:00,0.00,353.00,,13.00,10.90
29/06/2024 01:45,0.00,354.00,,13.00,10.90
29/06/2024 01:30,0.00,354.00,,13.00,10.90
29/06/2024 01:15,0.00,354.00,,13.00,11.70
29/06/2024 01:00,0.00,354.00,,13.00,11.70
29/06/2024 00:45,0.00,355.00,,13.00,11.70
29/06/2024 00:30,0.00,355.00,,13.00,11.70
29/06/2024 00:15,0.00,355.00,,13.10,13.00
29/06/2024 00:00,0.00,355.00,,13.10,13.00
28/06/2024 23:45,0.00,356.00,,13.10,13.00
28/06/2024 23:30,0.00,355.00,,13.10,13.00
28/06/2024 23:15,0.00,355.00,,13.10,14.00
28/06/2024 23:00,0.00,355.00,,13.10,14.00
28/06/2024 22:45,0.00,355.00,,13.10,14.00
28/06/2024 22:30,0.00,355.00,,13.10,14.00
28/06/2024 22:15,0.00,355.00,,13.10,14.70
28/06/2024 22:00,0.00,355.00,,13.10,14.70
28/06/2024 21:45,0.00,355.00,,13.10,14.70
28/06/2024 21:30,0.00,355.00,,13.10,14.70
28/06/2024 21:15,0.00,354.00,,13.10,15.00
28/06/2024 21:00,0.00,353.00,,13.10,15.00
28/06/2024 20:45,0.00,352.00,,13.10,15.00
28/06/2024 20:30,0.00,350.00,,13.10,15.00
28/06/2024 20:15,0.00,348.00,,13.10,15.80
28/06/2024 20:00,0.00,346.00,,13.10,15.80
28/06/2024 19:45,0.00,345.00,,13.10,15.80
28/06/2024 19:30,0.00,343.00,,13.10,15.80
28/06/2024 19:15,0.00,341.00,,13.20,16.90
28/06/2024 19:00,0.00,339.00,,13.20,16.90
28/06/2024 18:45,0.00,339.00,,13.20,16.90
28/06/2024 18:30,0.00,338.00,,13.20,16.90
28/06/2024 18:15,0.00,338.00,,13.70,17.90
28/06/2024 18:00,0.00,337.00,,13.70,17.90
28/06/2024 17:45,0.00,337.00,,13.70,17.90
28/06/2024 17:30,0.00,337.00,,13.70,17.90
28/06/2024 17:15,0.00,337.00,,14.10,19.30
28/06/2024 17:00,0.00,336.00,,14.10,19.30
28/06/2024 16:45,0.00,336.00,,14.10,19.30
28/06/2024 16:30,0.00,336.00,,14.10,19.30
28/06/2024 16:15,0.00,336.00,,14.20,19.70
28/06/2024 16:00,0.00,335.00,,14.20,19.70
28/06/2024 15:45,0.00,335.00,,14.20,19.70
28/06/2024 15:30,0.00,335.00,,14.20,19.70
28/06/2024 15:15,0.00,334.00,,14.40,19.50
28/06/2024 15:00,0.00,334.00,,14.40,19.50
28/06/2024 14:45,0.00,334.00,,14.40,19.50
28/06/2024 14:30,0.00,333.00,,14.40,19.50
28/06/2024 14:15,0.00,333.00,,14.40,18.50
28/06/2024 14:00,0.00,333.00,,14.40,18.50
28/06/2024 13:45,0.00,333.00,,14.40,18.50
28/06/2024 13:30,0.00,333.00,,14.40,18.50
28/06/2024 13:15,0.00,333.00,,14.50,17.70
28/06/2024 13:00,0.00,332.00,,14.50,17.70
28/06/2024 12:45,0.00,332.00,,14.50,17.70
28/06/2024 12:30,0.00,332.00,,14.50,17.70
28/06/2024 12:15,0.00,332.00,,14.50,17.20
28/06/2024 12:00,0.00,332.00,,14.50,17.20
28/06/2024 11:45,0.00,331.00,,14.50,17.20
28/06/2024 11:30,0.00,332.00,,14.50,17.20
28/06/2024 11:15,0.00,332.00,,14.50,16.10
28/06/2024 11:00,0.00,332.00,,14.50,16.10
28/06/2024 10:45,0.00,332.00,,14.50,16.10
28/06/2024 10:30,0.00,331.00,,14.50,16.10
28/06/2024 10:15,0.00,332.00,,14.40,14.80
28/06/2024 10:00,0.00,331.00,,14.40,14.80
28/06/2024 09:45,0.00,332.00,,14.40,14.80
28/06/2024 09:30,0.00,332.00,,14.40,14.80
28/06/2024 09:15,0.00,331.00,,13.60,14.10
28/06/2024 09:00,0.00,332.00,,13.60,14.10
28/06/2024 08:45,0.00,332.00,,13.60,14.10
28/06/2024 08:30,0.00,332.00,,13.60,14.10
28/06/2024 08:15,0.00,332.00,,12.90,13.10
28/06/2024 08:00,0.00,332.00,,12.90,13.10
28/06/2024 07:45,0.00,332.00,,12.90,13.10
28/06/2024 07:30,0.00,332.00,,12.90,13.10
28/06/2024 07:15,0.00,332.00,,12.90,12.70
28/06/2024 07:00,0.00,332.00,,12.90,12.70
28/06/2024 06:45,0.00,332.00,,12.90,12.70
28/06/2024 06:30,0.00,332.00,,12.90,12.70
28/06/2024 06:15,0.00,332.00,,13.00,12.90
28/06/2024 06:00,0.00,332.00,,13.00,12.90
28/06/2024 05:45,0.00,331.00,,13.00,12.90
28/06/2024 05:30,0.00,332.00,,13.00,12.90
28/06/2024 05:15,0.00,332.00,,13.00,12.80
28/06/2024 05:00,0.00,331.00,,13.00,12.80
28/06/2024 04:45,0.00,331.00,,13.00,12.80
28/06/2024 04:30,0.00,331.00,,13.00,12.80
28/06/2024 04:15,0.00,331.00,,13.00,12.60
28/06/2024 04:00,0.00,331.00,,13.00,12.60
28/06/2024 03:45,0.00,331.00,,13.00,12.60
28/06/2024 03:30,0.00,331.00,,13.00,12.60
28/06/2024 03:15,0.00,331.00,,13.00,12.30
28/06/2024 03:00,0.00,331.00,,13.00,12.30
28/06/2024 02:45,0.00,331.00,,13.00,12.30
28/06/2024 02:30,0.00,331.00,,13.00,12.30
28/06/2024 02:15,0.00,331.00,,13.00,12.60
28/06/2024 02:00,0.00,331.00,,13.00,12.60
28/06/2024 01:45,0.00,331.00,,13.00,12.60
28/06/2024 01:30,0.00,331.00,,13.00,12.60
28/06/2024 01:15,0.00,332.00,,13.10,13.00
28/06/2024 01:00,0.00,331.00,,13.10,13.00
28/06/2024 00:45,0.00,331.00,,13.10,13.00
28/06/2024 00:30,0.00,331.00,,13.10,13.00
28/06/2024 00:15,0.00,331.00,,13.10,13.60
28/06/2024 00:00,0.00,331.00,,13.10,13.60
27/06/2024 23:45,0.00,331.00,,13.10,13.60
27/06/2024 23:30,0.00,331.00,,13.10,13.60
27/06/2024 23:15,0.00,331.00,,13.10,14.00
27/06/2024 23:00,0.00,331.00,,13.10,14.00
27/06/2024 22:45,0.00,331.00,,13.10,14.00
27/06/2024 22:30,0.00,330.00,,13.10,14.00
27/06/2024 22:15,0.00,331.00,,13.10,14.40
27/06/2024 22:00,0.00,330.00,,13.10,14.40
27/06/2024 21:45,0.00,330.00,,13.10,14.40
27/06/2024 21:30,0.00,330.00,,13.10,14.40
27/06/2024 21:15,0.00,330.00,,13.10,14.50
27/06/2024 21:00,0.00,329.00,,13.10,14.50
27/06/2024 20:45,0.00,329.00,,13.10,14.50
27/06/2024 20:30,0.00,329.00,,13.10,14.50
27/06/2024 20:15,0.00,329.00,,13.10,14.70
27/06/2024 20:00,0.00,329.00,,13.10,14.70
27/06/2024 19:45,0.00,329.00,,13.10,14.70
27/06/2024 19:30,0.00,328.00,,13.10,14.70
27/06/2024 19:15,0.00,328.00,,13.20,15.30
27/06/2024 19:00,0.00,328.00,,13.20,15.30
27/06/2024 18:45,0.00,327.00,,13.20,15.30
27/06/2024 18:30,0.00,327.00,,13.20,15.30
27/06/2024 18:15,0.00,327.00,,13.70,16.70
27/06/2024 18:00,0.00,326.00,,13.70,16.70
27/06/2024 17:45,0.00,326.00,,13.70,16.70
27/06/2024 17:30,0.00,326.00,,13.70,16.70
27/06/2024 17:15,0.00,326.00,,14.10,18.20
27/06/2024 17:00,0.00,326.00,,14.10,18.20
27/06/2024 16:45,0.00,326.00,,14.10,18.20
27/06/2024 16:30,0.00,326.00,,14.10,18.20
27/06/2024 16:15,0.00,327.00,,14.10,18.00
27/06/2024 16:00,0.00,326.00,,14.10,18.00
27/06/2024 15:45,0.00,326.00,,14.10,18.00
27/06/2024 15:30,0.00,326.00,,14.10,18.00
27/06/2024 15:15,0.00,327.00,,14.30,17.70
27/06/2024 15:00,0.00,326.00,,14.30,17.70
27/06/2024 14:45,0.00,327.00,,14.30,17.70
27/06/2024 14:30,0.00,327.00,,14.30,17.70
27/06/2024 14:15,0.00,327.00,,14.50,17.10
27/06/2024 14:00,0.00,327.00,,14.50,17.10
27/06/2024 13:45,0.00,327.00,,14.50,17.10
27/06/2024 13:30,0.00,328.00,,14.50,17.10
27/06/2024 13:15,0.00,328.00,,14.50,16.50
27/06/2024 13:00,0.00,328.00,,14.50,16.50
27/06/2024 12:45,0.00,328.00,,14.50,16.50
27/06/2024 12:30,0.00,328.00,,14.50,16.50
27/06/2024 12:15,0.00,329.00,,14.60,15.60
27/06/2024 12:00,0.00,329.00,,14.60,15.60
27/06/2024 11:45,0.00,329.00,,14.60,15.60
27/06/2024 11:30,0.00,329.00,,14.60,15.60
27/06/2024 11:15,0.00,329.00,,14.60,14.70
27/06/2024 11:00,0.00,330.00,,14.60,14.70
27/06/2024 10:45,0.00,330.00,,14.60,14.70
27/06/2024 10:30,0.00,330.00,,14.60,14.70
27/06/2024 10:15,0.00,331.00,,14.60,14.00
27/06/2024 10:00,0.00,331.00,,14.60,14.00
27/06/2024 09:45,0.00,331.00,,14.60,14.00
27/06/2024 09:30,0.00,331.00,,14.60,14.00
27/06/2024 09:15,0.00,331.00,,14.10,12.60
27/06/2024 09:00,0.00,332.00,,14.10,12.60
27/06/2024 08:45,0.00,332.00,,14.10,12.60
27/06/2024 08:30,0.00,332.00,,14.10,12.60
27/06/2024 08:15,0.00,332.00,,12.90,11.30
27/06/2024 08:00,0.00,333.00,,12.90,11.30
27/06/2024 07:45,0.00,333.00,,12.90,11.30
27/06/2024 07:30,0.00,333.00,,12.90,11.30
27/06/2024 07:15,0.00,334.00,,12.90,11.30
27/06/2024 07:00,0.00,334.00,,12.90,11.30
27/06/2024 06:45,0.00,334.00,,12.90,11.30
27/06/2024 06:30,0.00,335.00,,12.90,11.30
27/06/2024 06:15,0.00,335.00,,12.90,11.60
27/06/2024 06:00,0.00,335.00,,12.90,11.60
27/06/2024 05:45,0.00,335.00,,12.90,11.60
27/06/2024 05:30,0.00,336.00,,12.90,11.60
27/06/2024 05:15,0.00,336.00,,12.90,11.90
27/06/2024 05:00,0.00,336.00,,12.90,11.90
27/06/2024 04:45,0.00,336.00,,12.90,11.90
27/06/2024 04:30,0.00,337.00,,12.90,11.90
27/06/2024 04:15,0.00,337.00,,13.00,12.00
27/06/2024 04:00,0.00,338.00,,13.00,12.00
27/06/2024 03:45,0.00,338.00,,13.00,12.00
27/06/2024 03:30,0.00,339.00,,13.00,12.00
27/06/2024 03:15,0.00,339.00,,13.00,12.20
27/06/2024 03:00,0.00,340.00,,13.00,12.20
27/06/2024 02:45,0.20,339.00,,13.00,12.20
27/06/2024 02:30,0.00,340.00,,13.00,12.20
27/06/2024 02:15,0.00,340.00,,13.00,12.40
27/06/2024 02:00,0.00,341.00,,13.00,12.40
27/06/2024 01:45,0.00,341.00,,13.00,12.40
27/06/2024 01:30,0.00,341.00,,13.00,12.40
27/06/2024 01:15,0.00,342.00,,13.00,12.30
27/06/2024 01:00,0.00,342.00,,13.00,12.30
27/06/2024 00:45,0.00,343.00,,13.00,12.30
27/06/2024 00:30,0.00,343.00,,13.00,12.30
27/06/2024 00:15,0.00,344.00,,13.10,12.80
27/06/2024 00:00,0.00,344.00,,13.10,12.80
26/06/2024 23:45,0.00,344.00,,13.10,12.80
26/06/2024 23:30,0.00,345.00,,13.10,12.80
26/06/2024 23:15,0.00,345.00,,13.10,13.30
26/06/2024 23:00,0.00,346.00,,13.10,13.30
26/06/2024 22:45,0.00,346.00,,13.10,13.30
26/06/2024 22:30,0.00,346.00,,13.10,13.30
26/06/2024 22:15,0.00,347.00,,13.10,13.40
26/06/2024 22:00,0.00,347.00,,13.10,13.40
26/06/2024 21:45,0.00,347.00,,13.10,13.40
26/06/2024 21:30,0.00,347.00,,13.10,13.40
26/06/2024 21:15,0.00,347.00,,13.10,13.30
26/06/2024 21:00,0.00,347.00,,13.10,13.30
26/06/2024 20:45,0.00,347.00,,13.10,13.30
26/06/2024 20:30,0.00,348.00,,13.10,13.30
26/06/2024 20:15,0.00,348.00,,13.10,13.00
26/06/2024 20:00,0.00,348.00,,13.10,13.00
26/06/2024 19:45,0.00,348.00,,13.10,13.00
26/06/2024 19:30,0.00,348.00,,13.10,13.00
26/06/2024 19:15,0.00,348.00,,13.20,12.90
26/06/2024 19:00,0.00,348.00,,13.20,12.90
26/06/2024 18:45,1.00,348.00,,13.20,12.90
26/06/2024 18:30,0.00,347.00,,13.20,12.90
26/06/2024 18:15,0.00,347.00,,13.40,13.40
26/06/2024 18:00,0.20,346.00,,13.40,13.40
26/06/2024 17:45,0.00,345.00,,13.40,13.40
26/06/2024 17:30,0.00,346.00,,13.40,13.40
26/06/2024 17:15,0.00,345.00,,14.20,14.00
26/06/2024 17:00,0.00,344.00,,14.20,14.00
26/06/2024 16:45,0.00,344.00,,14.20,14.00
26/06/2024 16:30,0.00,343.00,,14.20,14.00
26/06/2024 16:15,0.00,342.00,,14.50,14.40
26/06/2024 16:00,0.00,342.00,,14.50,14.40
26/06/2024 15:45,0.00,340.00,,14.50,14.40
26/06/2024 15:30,0.00,339.00,,14.50,14.40
26/06/2024 15:15,0.00,338.00,,14.50,14.90
26/06/2024 15:00,0.00,335.00,,14.50,14.90
26/06/2024 14:45,0.00,333.00,,14.50,14.90
26/06/2024 14:30,0.00,332.00,,14.50,14.90
26/06/2024 14:15,0.00,331.00,,14.50,15.00
26/06/2024 14:00,0.00,329.00,,14.50,15.00
26/06/2024 13:45,0.00,329.00,,14.50,15.00
26/06/2024 13:30,0.00,329.00,,14.50,15.00
26/06/2024 13:15,0.00,328.00,,14.50,15.20
26/06/2024 13:00,0.00,328.00,,14.50,15.20
26/06/2024 12:45,0.00,328.00,,14.50,15.20
26/06/2024 12:30,0.00,328.00,,14.50,15.20
26/06/2024 12:15,0.00,328.00,,14.30,14.50
26/06/2024 12:00,0.00,328.00,,14.30,14.50
26/06/2024 11:45,0.20,328.00,,14.30,14.50
26/06/2024 11:30,0.20,328.00,,14.30,14.50
26/06/2024 11:15,0.00,328.00,,13.90,14.50
26/06/2024 11:00,0.00,328.00,,13.90,14.50
26/06/2024 10:45,0.00,328.00,,13.90,14.50
26/06/2024 10:30,0.00,328.00,,13.90,14.50
26/06/2024 10:15,0.00,328.00,,13.50,14.20
26/06/2024 10:00,0.00,328.00,,13.50,14.20
26/06/2024 09:45,0.00,328.00,,13.50,14.20
26/06/2024 09:30,0.00,328.00,,13.50,14.20
26/06/2024 09:15,0.00,329.00,,13.20,14.10
26/06/2024 09:00,0.00,329.00,,13.20,14.10
26/06/2024 08:45,0.00,329.00,,13.20,14.10
26/06/2024 08:30,0.00,330.00,,13.20,14.10
26/06/2024 08:15,0.00,329.00,,12.90,13.60
26/06/2024 08:00,0.00,330.00,,12.90,13.60
26/06/2024 07:45,0.00,329.00,,12.90,13.60
26/06/2024 07:30,0.00,330.00,,12.90,13.60
26/06/2024 07:15,0.00,330.00,,12.90,13.30
26/06/2024 07:00,0.00,330.00,,12.90,13.30
26/06/2024 06:45,0.20,330.00,,12.90,13.30
26/06/2024 06:30,0.80,330.00,,12.90,13.30
26/06/2024 06:15,0.40,330.00,,12.90,13.20
26/06/2024 06:00,1.00,330.00,,12.90,13.20
26/06/2024 05:45,0.60,331.00,,12.90,13.20
26/06/2024 05:30,2.00,330.00,,12.90,13.20
26/06/2024 05:15,0.40,330.00,,13.00,13.30
26/06/2024 05:00,1.00,330.00,,13.00,13.30
26/06/2024 04:45,0.80,330.00,,13.00,13.30
26/06/2024 04:30,0.00,329.00,,13.00,13.30
26/06/2024 04:15,0.40,330.00,,13.00,13.40
26/06/2024 04:00,0.20,330.00,,13.00,13.40
26/06/2024 03:45,0.20,329.00,,13.00,13.40
26/06/2024 03:30,0.40,330.00,,13.00,13.40
26/06/2024 03:15,0.60,330.00,,13.00,13.70
26/06/2024 03:00,0.40,329.00,,13.00,13.70
26/06/2024 02:45,0.40,329.00,,13.00,13.70
26/06/2024 02:30,0.00,330.00,,13.00,13.70
26/06/2024 02:15,0.00,329.00,,13.00,13.90
26/06/2024 02:00,0.00,329.00,,13.00,13.90
26/06/2024 01:45,0.00,329.00,,13.00,13.90
26/06/2024 01:30,0.00,329.00,,13.00,13.90
26/06/2024 01:15,0.00,330.00,,13.00,13.50
26/06/2024 01:00,0.00,329.00,,13.00,13.50
26/06/2024 00:45,0.00,330.00,,13.00,13.50
26/06/2024 00:30,0.00,329.00,,13.00,13.50
26/06/2024 00:15,0.00,330.00,,13.10,13.40
26/06/2024 00:00,0.00,329.00,,13.10,13.40
25/06/2024 23:45,0.00,329.00,,13.10,13.40
25/06/2024 23:30,0.00,329.00,,13.10,13.40
25/06/2024 23:15,0.20,329.00,,13.10,13.30
25/06/2024 23:00,0.40,329.00,,13.10,13.30
25/06/2024 22:45,0.20,329.00,,13.10,13.30
25/06/2024 22:30,0.80,329.00,,13.10,13.30
25/06/2024 22:15,0.00,329.00,,13.10,13.50
25/06/2024 22:00,0.00,329.00,,13.10,13.50
25/06/2024 21:45,0.00,329.00,,13.10,13.50
25/06/2024 21:30,0.00,328.00,,13.10,13.50
25/06/2024 21:15,0.00,329.00,,13.10,13.40
25/06/2024 21:00,0.00,328.00,,13.10,13.40
25/06/2024 20:45,0.00,329.00,,13.10,13.40
25/06/2024 20:30,0.00,329.00,,13.10,13.40
25/06/2024 20:15,0.00,329.00,,13.10,14.10
25/06/2024 20:00,0.00,329.00,,13.10,14.10
25/06/2024 19:45,0.00,330.00,,13.10,14.10
25/06/2024 19:30,0.00,330.00,,13.10,14.10
25/06/2024 19:15,0.00,330.00,,13.20,14.30
25/06/2024 19:00,0.00,330.00,,13.20,14.30
25/06/2024 18:45,0.00,330.00,,13.20,14.30
25/06/2024 18:30,0.00,331.00,,13.20,14.30
25/06/2024 18:15,0.00,331.00,,13.40,14.60
25/06/2024 18:00,0.00,331.00,,13.40,14.60
25/06/2024 17:45,0.00,331.00,,13.40,14.60
25/06/2024 17:30,0.00,332.00,,13.40,14.60
25/06/2024 17:15,0.00,332.00,,14.10,15.60
25/06/2024 17:00,0.00,332.00,,14.10,15.60
25/06/2024 16:45,0.00,332.00,,14.10,15.60
25/06/2024 16:30,0.00,332.00,,14.10,15.60
25/06/2024 16:15,0.00,332.00,,14.20,17.00
25/06/2024 16:00,0.00,333.00,,14.20,17.00
25/06/2024 15:45,0.00,333.00,,14.20,17.00
25/06/2024 15:30,0.00,333.00,,14.20,17.00
25/06/2024 15:15,0.00,334.00,,14.30,17.40
25/06/2024 15:00,0.00,334.00,,14.30,17.40
25/06/2024 14:45,0.00,334.00,,14.30,17.40
25/06/2024 14:30,0.00,334.00,,14.30,17.40
25/06/2024 14:15,0.00,334.00,,14.50,16.80
25/06/2024 14:00,0.00,334.00,,14.50,16.80
25/06/2024 13:45,0.00,334.00,,14.50,16.80
25/06/2024 13:30,0.00,335.00,,14.50,16.80
25/06/2024 13:15,0.00,335.00,,14.50,17.40
25/06/2024 13:00,0.00,335.00,,14.50,17.40
25/06/2024 12:45,0.00,335.00,,14.50,17.40
25/06/2024 12:30,0.00,335.00,,14.50,17.40
25/06/2024 12:15,0.00,335.00,,14.50,17.10
25/06/2024 12:00,0.00,335.00,,14.50,17.10
25/06/2024 11:45,0.00,335.00,,14.50,17.10
25/06/2024 11:30,0.00,335.00,,14.50,17.10
25/06/2024 11:15,0.00,335.00,,14.50,16.00
25/06/2024 11:00,0.00,335.00,,14.50,16.00
25/06/2024 10:45,0.00,335.00,,14.50,16.00
25/06/2024 10:30,0.00,335.00,,14.50,16.00
25/06/2024 10:15,0.00,335.00,,14.60,14.90
25/06/2024 10:00,0.00,335.00,,14.60,14.90
25/06/2024 09:45,0.00,335.00,,14.60,14.90
25/06/2024 09:30,0.00,335.00,,14.60,14.90
25/06/2024 09:15,0.00,335.00,,14.20,14.00
25/06/2024 09:00,0.00,336.00,,14.20,14.00
25/06/2024 08:45,0.00,336.00,,14.20,14.00
25/06/2024 08:30,0.00,336.00,,14.20,14.00
25/06/2024 08:15,0.00,336.00,,12.90,12.50
25/06/2024 08:00,0.00,335.00,,12.90,12.50
25/06/2024 07:45,0.00,336.00,,12.90,12.50
25/06/2024 07:30,0.00,336.00,,12.90,12.50
25/06/2024 07:15,0.00,336.00,,12.90,12.10
25/06/2024 07:00,0.00,336.00,,12.90,12.10
25/06/2024 06:45,0.00,336.00,,12.90,12.10
25/06/2024 06:30,0.00,336.00,,12.90,12.10
25/06/2024 06:15,0.00,336.00,,12.90,12.40
25/06/2024 06:00,0.00,336.00,,12.90,12.40
25/06/2024 05:45,0.00,336.00,,12.90,12.40
25/06/2024 05:30,0.00,337.00,,12.90,12.40
25/06/2024 05:15,0.00,337.00,,12.90,13.10
25/06/2024 05:00,0.00,337.00,,12.90,13.10
25/06/2024 04:45,0.00,337.00,,12.90,13.10
25/06/2024 04:30,0.00,336.00,,12.90,13.10
25/06/2024 04:15,0.00,337.00,,12.90,13.20
25/06/2024 04:00,0.00,336.00,,12.90,13.20
25/06/2024 03:45,0.00,336.00,,12.90,13.20
25/06/2024 03:30,0.00,337.00,,12.90,13.20
25/06/2024 03:15,0.00,336.00,,13.00,13.30
25/06/2024 03:00,0.00,336.00,,13.00,13.30
25/06/2024 02:45,0.00,336.00,,13.00,13.30
25/06/2024 02:30,0.00,336.00,,13.00,13.30
25/06/2024 02:15,0.00,336.00,,13.00,13.40
25/06/2024 02:00,0.00,336.00,,13.00,13.40
25/06/2024 01:45,0.00,335.00,,13.00,13.40
25/06/2024 01:30,0.00,336.00,,13.00,13.40
25/06/2024 01:15,0.00,335.00,,13.00,13.30
25/06/2024 01:00,0.00,335.00,,13.00,13.30
25/06/2024 00:45,0.00,334.00,,13.00,13.30
25/06/2024 00:30,0.00,334.00,,13.00,13.30
25/06/2024 00:15,0.00,334.00,,13.10,13.70
25/06/2024 00:00,0.00,333.00,,13.10,13.70
24/06/2024 23:45,0.00,333.00,,13.10,13.70
24/06/2024 23:30,0.00,333.00,,13.10,13.70
24/06/2024 23:15,0.00,333.00,,13.10,14.20
24/06/2024 23:00,0.00,333.00,,13.10,14.20
24/06/2024 22:45,0.00,333.00,,13.10,14.20
24/06/2024 22:30,0.00,334.00,,13.10,14.20
24/06/2024 22:15,0.00,333.00,,13.10,14.60
24/06/2024 22:00,0.00,333.00,,13.10,14.60
24/06/2024 21:45,0.00,333.00,,13.10,14.60
24/06/2024 21:30,0.00,333.00,,13.10,14.60
24/06/2024 21:15,0.00,333.00,,13.10,14.90
24/06/2024 21:00,0.00,333.00,,13.10,14.90
24/06/2024 20:45,0.00,333.00,,13.10,14.90
24/06/2024 20:30,0.00,333.00,,13.10,14.90
24/06/2024 20:15,0.00,333.00,,13.10,15.30
24/06/2024 20:00,0.00,332.00,,13.10,15.30
24/06/2024 19:45,0.00,332.00,,13.10,15.30
24/06/2024 19:30,0.00,333.00,,13.10,15.30
24/06/2024 19:15,0.00,331.00,,13.20,15.10
24/06/2024 19:00,0.00,332.00,,13.20,15.10
24/06/2024 18:45,0.00,331.00,,13.20,15.10
24/06/2024 18:30,0.00,331.00,,13.20,15.10
24/06/2024 18:15,0.00,331.00,,13.90,15.80
24/06/2024 18:00,0.00,331.00,,13.90,15.80
24/06/2024 17:45,0.00,331.00,,13.90,15.80
24/06/2024 17:30,0.00,330.00,,13.90,15.80
24/06/2024 17:15,0.00,331.00,,14.40,16.60
24/06/2024 17:00,0.00,331.00,,14.40,16.60
24/06/2024 16:45,0.00,331.00,,14.40,16.60
24/06/2024 16:30,0.00,331.00,,14.40,16.60
24/06/2024 16:15,0.00,331.00,,14.50,16.80
24/06/2024 16:00,0.00,331.00,,14.50,16.80
24/06/2024 15:45,0.00,331.00,,14.50,16.80
24/06/2024 15:30,0.00,331.00,,14.50,16.80
24/06/2024 15:15,0.00,332.00,,14.50,16.60
24/06/2024 15:00,0.00,332.00,,14.50,16.60
24/06/2024 14:45,0.00,332.00,,14.50,16.60
24/06/2024 14:30,0.00,332.00,,14.50,16.60
24/06/2024 14:15,0.00,332.00,,14.40,16.20
24/06/2024 14:00,0.00,333.00,,14.40,16.20
24/06/2024 13:45,0.00,333.00,,14.40,16.20
24/06/2024 13:30,0.00,334.00,,14.40,16.20
24/06/2024 13:15,0.00,334.00,,14.10,15.60
24/06/2024 13:00,0.20,334.00,,14.10,15.60
24/06/2024 12:45,0.00,335.00,,14.10,15.60
24/06/2024 12:30,0.20,335.00,,14.10,15.60
24/06/2024 12:15,0.00,335.00,,13.80,15.00
24/06/2024 12:00,0.00,335.00,,13.80,15.00
24/06/2024 11:45,0.00,335.00,,13.80,15.00
24/06/2024 11:30,0.00,336.00,,13.80,15.00
24/06/2024 11:15,0.00,335.00,,13.40,14.50
24/06/2024 11:00,0.00,335.00,,13.40,14.50
24/06/2024 10:45,0.00,335.00,,13.40,14.50
24/06/2024 10:30,0.00,337.00,,13.40,14.50
24/06/2024 10:15,0.00,337.00,,13.30,14.40
24/06/2024 10:00,0.00,338.00,,13.30,14.40
24/06/2024 09:45,0.00,338.00,,13.30,14.40
24/06/2024 09:30,0.00,338.00,,13.30,14.40
24/06/2024 09:15,0.20,339.00,,12.90,14.60
24/06/2024 09:00,0.20,339.00,,12.90,14.60
24/06/2024 08:45,0.40,339.00,,12.90,14.60
24/06/2024 08:30,0.00,339.00,,12.90,14.60
24/06/2024 08:15,0.00,339.00,,12.90,15.00
24/06/2024 08:00,0.20,339.00,,12.90,15.00
24/06/2024 07:45,0.20,340.00,,12.90,15.00
24/06/2024 07:30,0.20,340.00,,12.90,15.00
24/06/2024 07:15,0.00,340.00,,12.90,15.40
24/06/2024 07:00,0.20,340.00,,12.90,15.40
24/06/2024 06:45,0.00,340.00,,12.90,15.40
24/06/2024 06:30,0.00,341.00,,12.90,15.40
24/06/2024 06:15,0.00,341.00,,12.90,15.80
24/06/2024 06:00,0.00,341.00,,12.90,15.80
24/06/2024 05:45,0.00,342.00,,12.90,15.80
24/06/2024 05:30,0.00,341.00,,12.90,15.80
24/06/2024 05:15,0.00,341.00,,12.90,15.80
24/06/2024 05:00,0.00,341.00,,12.90,15.80
24/06/2024 04:45,0.00,341.00,,12.90,15.80
24/06/2024 04:30,0.00,340.00,,12.90,15.80
24/06/2024 04:15,0.00,341.00,,13.00,16.00
24/06/2024 04:00,0.00,340.00,,13.00,16.00
24/06/2024 03:45,0.00,340.00,,13.00,16.00
24/06/2024 03:30,0.00,341.00,,13.00,16.00
24/06/2024 03:15,0.00,341.00,,13.00,16.40
24/06/2024 03:00,0.00,341.00,,13.00,16.40
24/06/2024 02:45,0.00,341.00,,13.00,16.40
24/06/2024 02:30,0.00,340.00,,13.00,16.40
24/06/2024 02:15,0.00,340.00,,13.00,16.60
24/06/2024 02:00,0.00,339.00,,13.00,16.60
24/06/2024 01:45,0.00,339.00,,13.00,16.60
24/06/2024 01:30,0.00,339.00,,13.00,16.60
24/06/2024 01:15,0.00,338.00,,13.00,17.30
24/06/2024 01:00,0.00,338.00,,13.00,17.30
24/06/2024 00:45,0.00,338.00,,13.00,17.30
24/06/2024 00:30,0.00,337.00,,13.00,17.30
24/06/2024 00:15,0.00,337.00,,13.00,17.70
24/06/2024 00:00,0.00,337.00,,13.00,17.70
23/06/2024 23:45,0.20,336.00,,13.00,17.70
23/06/2024 23:30,0.00,335.00,,13.00,17.70
23/06/2024 23:15,0.00,335.00,,13.10,18.10
23/06/2024 23:00,0.00,335.00,,13.10,18.10
23/06/2024 22:45,0.00,334.00,,13.10,18.10
23/06/2024 22:30,0.00,334.00,,13.10,18.10
23/06/2024 22:15,0.00,333.00,,13.10,18.60
23/06/2024 22:00,0.00,333.00,,13.10,18.60
23/06/2024 21:45,0.00,332.00,,13.10,18.60
23/06/2024 21:30,0.00,330.00,,13.10,18.60
23/06/2024 21:15,0.00,329.00,,13.10,19.30
23/06/2024 21:00,0.00,329.00,,13.10,19.30
23/06/2024 20:45,0.00,328.00,,13.10,19.30
23/06/2024 20:30,0.00,327.00,,13.10,19.30
23/06/2024 20:15,0.00,325.00,,13.10,20.50
23/06/2024 20:00,0.00,322.00,,13.10,20.50
23/06/2024 19:45,0.00,323.00,,13.10,20.50
23/06/2024 19:30,0.00,322.00,,13.10,20.50
23/06/2024 19:15,0.00,321.00,,13.20,22.30
23/06/2024 19:00,0.00,320.00,,13.20,22.30
23/06/2024 18:45,0.00,320.00,,13.20,22.30
23/06/2024 18:30,0.00,318.00,,13.20,22.30
23/06/2024 18:15,0.00,318.00,,13.20,24.50
23/06/2024 18:00,0.00,318.00,,13.20,24.50
23/06/2024 17:45,0.00,318.00,,13.20,24.50
23/06/2024 17:30,0.00,318.00,,13.20,24.50
23/06/2024 17:15,0.00,318.00,,13.70,25.80
23/06/2024 17:00,0.00,319.00,,13.70,25.80
23/06/2024 16:45,0.00,318.00,,13.70,25.80
23/06/2024 16:30,0.00,318.00,,13.70,25.80
23/06/2024 16:15,0.00,319.00,,14.00,26.50
23/06/2024 16:00,0.00,319.00,,14.00,26.50
23/06/2024 15:45,0.00,319.00,,14.00,26.50
23/06/2024 15:30,0.00,319.00,,14.00,26.50
23/06/2024 15:15,0.00,320.00,,14.10,26.90
23/06/2024 15:00,0.00,320.00,,14.10,26.90
23/06/2024 14:45,0.00,320.00,,14.10,26.90
23/06/2024 14:30,0.00,321.00,,14.10,26.90
23/06/2024 14:15,0.00,321.00,,14.20,26.80
23/06/2024 14:00,0.00,321.00,,14.20,26.80
23/06/2024 13:45,0.00,322.00,,14.20,26.80
23/06/2024 13:30,0.00,321.00,,14.20,26.80
23/06/2024 13:15,0.00,321.00,,14.20,25.30
23/06/2024 13:00,0.00,322.00,,14.20,25.30
23/06/2024 12:45,0.00,322.00,,14.20,25.30
23/06/2024 12:30,0.00,322.00,,14.20,25.30
23/06/2024 12:15,0.00,322.00,,14.30,23.70
23/06/2024 12:00,0.00,322.00,,14.30,23.70
23/06/2024 11:45,0.00,322.00,,14.30,23.70
23/06/2024 11:30,0.00,322.00,,14.30,23.70
23/06/2024 11:15,0.00,322.00,,14.30,21.90
23/06/2024 11:00,0.00,322.00,,14.30,21.90
23/06/2024 10:45,0.00,322.00,,14.30,21.90
23/06/2024 10:30,0.00,321.00,,14.30,21.90
23/06/2024 10:15,0.00,322.00,,13.90,20.80
23/06/2024 10:00,0.00,321.00,,13.90,20.80
23/06/2024 09:45,0.00,321.00,,13.90,20.80
23/06/2024 09:30,0.00,321.00,,13.90,20.80
23/06/2024 09:15,0.00,321.00,,13.30,20.70
23/06/2024 09:00,0.00,320.00,,13.30,20.70
23/06/2024 08:45,0.00,321.00,,13.30,20.70
23/06/2024 08:30,0.00,321.00,,13.30,20.70
23/06/2024 08:15,0.00,321.00,,13.00,20.10
23/06/2024 08:00,0.00,321.00,,13.00,20.10
23/06/2024 07:45,0.00,320.00,,13.00,20.10
23/06/2024 07:30,0.00,320.00,,13.00,20.10
23/06/2024 07:15,0.00,320.00,,13.00,19.80
23/06/2024 07:00,0.60,320.00,,13.00,19.80
23/06/2024 06:45,0.20,321.00,,13.00,19.80
23/06/2024 06:30,2.80,321.00,,13.00,19.80
23/06/2024 06:15,0.00,320.00,,13.00,20.30
23/06/2024 06:00,0.00,320.00,,13.00,20.30
23/06/2024 05:45,0.60,322.00,,13.00,20.30
23/06/2024 05:30,5.20,322.00,,13.00,20.30
23/06/2024 05:15,0.60,323.00,,13.00,21.60
23/06/2024 05:00,0.60,322.00,,13.00,21.60
23/06/2024 04:45,0.40,322.00,,13.00,21.60
23/06/2024 04:30,0.00,321.00,,13.00,21.60
23/06/2024 04:15,1.20,321.00,,13.00,21.90
23/06/2024 04:00,0.20,321.00,,13.00,21.90
23/06/2024 03:45,0.00,320.00,,13.00,21.90
23/06/2024 03:30,2.60,320.00,,13.00,21.90
23/06/2024 03:15,1.20,320.00,,13.10,24.10
23/06/2024 03:00,0.00,321.00,,13.10,24.10
23/06/2024 02:45,0.00,320.00,,13.10,24.10
23/06/2024 02:30,0.00,319.00,,13.10,24.10
23/06/2024 02:15,0.00,319.00,,13.10,24.90
23/06/2024 02:00,0.00,320.00,,13.10,24.90
23/06/2024 01:45,0.00,319.00,,13.10,24.90
23/06/2024 01:30,0.00,319.00,,13.10,24.90
23/06/2024 01:15,0.00,320.00,,13.10,25.10
23/06/2024 01:00,0.00,319.00,,13.10,25.10
23/06/2024 00:45,0.00,320.00,,13.10,25.10
23/06/2024 00:30,0.00,320.00,,13.10,25.10
23/06/2024 00:15,0.00,320.00,,13.10,25.80
23/06/2024 00:00,0.00,320.00,,13.10,25.80
22/06/2024 23:45,0.00,320.00,,13.10,25.80
22/06/2024 23:30,0.00,320.00,,13.10,25.80
22/06/2024 23:15,0.00,320.00,,13.10,26.40
22/06/2024 23:00,0.00,320.00,,13.10,26.40
22/06/2024 22:45,0.00,320.00,,13.10,26.40
22/06/2024 22:30,0.00,320.00,,13.10,26.40
22/06/2024 22:15,0.00,320.00,,13.10,26.70
22/06/2024 22:00,0.00,320.00,,13.10,26.70
22/06/2024 21:45,0.00,320.00,,13.10,26.70
22/06/2024 21:30,0.00,320.00,,13.10,26.70
22/06/2024 21:15,0.00,320.00,,13.10,26.60
22/06/2024 21:00,0.00,319.00,,13.10,26.60
22/06/2024 20:45,0.00,320.00,,13.10,26.60
22/06/2024 20:30,0.00,319.00,,13.10,26.60
22/06/2024 20:15,0.00,320.00,,13.20,26.40
22/06/2024 20:00,0.00,320.00,,13.20,26.40
22/06/2024 19:45,0.00,320.00,,13.20,26.40
22/06/2024 19:30,0.00,320.00,,13.20,26.40
22/06/2024 19:15,0.00,320.00,,13.20,26.10
22/06/2024 19:00,0.00,319.00,,13.20,26.10
22/06/2024 18:45,0.00,320.00,,13.20,26.10
22/06/2024 18:30,0.00,320.00,,13.20,26.10
22/06/2024 18:15,0.00,320.00,,13.50,26.80
22/06/2024 18:00,0.00,320.00,,13.50,26.80
22/06/2024 17:45,0.00,320.00,,13.50,26.80
22/06/2024 17:30,0.00,319.00,,13.50,26.80
22/06/2024 17:15,0.00,320.00,,13.80,29.20
22/06/2024 17:00,0.00,320.00,,13.80,29.20
22/06/2024 16:45,0.00,320.00,,13.80,29.20
22/06/2024 16:30,0.00,320.00,,13.80,29.20
22/06/2024 16:15,0.00,320.00,,13.80,28.60
22/06/2024 16:00,0.00,320.00,,13.80,28.60
22/06/2024 15:45,0.00,320.00,,13.80,28.60
22/06/2024 15:30,0.00,320.00,,13.80,28.60
22/06/2024 15:15,0.00,320.00,,14.00,28.20
22/06/2024 15:00,0.00,320.00,,14.00,28.20
22/06/2024 14:45,0.00,320.00,,14.00,28.20
22/06/2024 14:30,0.00,320.00,,14.00,28.20
22/06/2024 14:15,0.00,320.00,,14.10,28.30
22/06/2024 14:00,0.00,321.00,,14.10,28.30
22/06/2024 13:45,0.00,320.00,,14.10,28.30
22/06/2024 13:30,0.00,321.00,,14.10,28.30
22/06/2024 13:15,0.00,321.00,,14.10,28.60
22/06/2024 13:00,0.00,321.00,,14.10,28.60
22/06/2024 12:45,0.00,321.00,,14.10,28.60
22/06/2024 12:30,0.00,321.00,,14.10,28.60
22/06/2024 12:15,0.00,321.00,,14.20,27.00
22/06/2024 12:00,0.00,321.00,,14.20,27.00
22/06/2024 11:45,0.00,321.00,,14.20,27.00
22/06/2024 11:30,0.00,321.00,,14.20,27.00
22/06/2024 11:15,0.00,321.00,,14.30,24.50
22/06/2024 11:00,0.00,321.00,,14.30,24.50
22/06/2024 10:45,0.00,321.00,,14.30,24.50
22/06/2024 10:30,0.00,321.00,,14.30,24.50
22/06/2024 10:15,0.00,321.00,,14.40,20.70
22/06/2024 10:00,0.00,321.00,,14.40,20.70
22/06/2024 09:45,0.00,321.00,,14.40,20.70
22/06/2024 09:30,0.00,321.00,,14.40,20.70
22/06/2024 09:15,0.00,321.00,,14.00,18.10
22/06/2024 09:00,0.00,321.00,,14.00,18.10
22/06/2024 08:45,0.00,321.00,,14.00,18.10
22/06/2024 08:30,0.00,321.00,,14.00,18.10
22/06/2024 08:15,0.00,321.00,,12.90,17.10
22/06/2024 08:00,0.00,321.00,,12.90,17.10
22/06/2024 07:45,0.00,321.00,,12.90,17.10
22/06/2024 07:30,0.00,321.00,,12.90,17.10
22/06/2024 07:15,0.00,321.00,,12.90,16.70
22/06/2024 07:00,0.00,321.00,,12.90,16.70
22/06/2024 06:45,0.00,321.00,,12.90,16.70
22/06/2024 06:30,0.00,321.00,,12.90,16.70
22/06/2024 06:15,0.00,321.00,,12.90,16.80
22/06/2024 06:00,0.00,320.00,,12.90,16.80
22/06/2024 05:45,0.00,320.00,,12.90,16.80
22/06/2024 05:30,0.00,320.00,,12.90,16.80
22/06/2024 05:15,0.00,320.00,,12.90,17.20
22/06/2024 05:00,0.00,319.00,,12.90,17.20
22/06/2024 04:45,0.00,319.00,,12.90,17.20
22/06/2024 04:30,0.00,320.00,,12.90,17.20
22/06/2024 04:15,0.00,320.00,,13.00,17.50
22/06/2024 04:00,0.00,320.00,,13.00,17.50
22/06/2024 03:45,0.00,319.00,,13.00,17.50
22/06/2024 03:30,0.00,319.00,,13.00,17.50
22/06/2024 03:15,0.00,319.00,,13.00,17.70
22/06/2024 03:00,0.00,319.00,,13.00,17.70
22/06/2024 02:45,0.00,318.00,,13.00,17.70
22/06/2024 02:30,0.00,318.00,,13.00,17.70
22/06/2024 02:15,0.00,317.00,,13.00,17.80
22/06/2024 02:00,0.00,317.00,,13.00,17.80
22/06/2024 01:45,0.00,316.00,,13.00,17.80
22/06/2024 01:30,0.00,317.00,,13.00,17.80
22/06/2024 01:15,0.00,317.00,,13.00,18.20
22/06/2024 01:00,0.00,317.00,,13.00,18.20
22/06/2024 00:45,0.00,317.00,,13.00,18.20
22/06/2024 00:30,0.00,318.00,,13.00,18.20
22/06/2024 00:15,0.00,317.00,,13.10,18.40
22/06/2024 00:00,0.00,317.00,,13.10,18.40
21/06/2024 23:45,0.00,317.00,,13.10,18.40
21/06/2024 23:30,0.00,317.00,,13.10,18.40
21/06/2024 23:15,0.00,317.00,,13.10,19.30
21/06/2024 23:00,0.00,318.00,,13.10,19.30
21/06/2024 22:45,0.00,317.00,,13.10,19.30
21/06/2024 22:30,0.00,317.00,,13.10,19.30
21/06/2024 22:15,0.00,317.00,,13.10,20.00
21/06/2024 22:00,0.00,316.00,,13.10,20.00
21/06/2024 21:45,0.00,316.00,,13.10,20.00
21/06/2024 21:30,0.00,317.00,,13.10,20.00
21/06/2024 21:15,0.00,316.00,,13.10,19.80
21/06/2024 21:00,0.00,317.00,,13.10,19.80
21/06/2024 20:45,0.00,316.00,,13.10,19.80
21/06/2024 20:30,0.00,317.00,,13.10,19.80
21/06/2024 20:15,0.00,316.00,,13.20,19.60
21/06/2024 20:00,0.00,316.00,,13.20,19.60
21/06/2024 19:45,0.00,316.00,,13.20,19.60
21/06/2024 19:30,0.00,317.00,,13.20,19.60
21/06/2024 19:15,0.00,315.00,,13.20,19.70
21/06/2024 19:00,0.00,317.00,,13.20,19.70
21/06/2024 18:45,0.00,316.00,,13.20,19.70
21/06/2024 18:30,0.00,317.00,,13.20,19.70
21/06/2024 18:15,0.00,316.00,,13.60,19.80
21/06/2024 18:00,0.00,317.00,,13.60,19.80
21/06/2024 17:45,0.00,317.00,,13.60,19.80
21/06/2024 17:30,0.00,317.00,,13.60,19.80
21/06/2024 17:15,0.00,316.00,,14.10,19.80
21/06/2024 17:00,0.00,317.00,,14.10,19.80
21/06/2024 16:45,0.00,317.00,,14.10,19.80
21/06/2024 16:30,0.00,316.00,,14.10,19.80
21/06/2024 16:15,0.00,315.00,,14.20,19.60
21/06/2024 16:00,0.00,317.00,,14.20,19.60
21/06/2024 15:45,0.00,318.00,,14.20,19.60
21/06/2024 15:30,0.00,318.00,,14.20,19.60
21/06/2024 15:15,0.00,318.00,,14.30,19.30
21/06/2024 15:00,0.00,318.00,,14.30,19.30
21/06/2024 14:45,0.00,318.00,,14.30,19.30
21/06/2024 14:30,0.00,318.00,,14.30,19.30
21/06/2024 14:15,0.20,319.00,,13.80,18.70
21/06/2024 14:00,0.00,320.00,,13.80,18.70
21/06/2024 13:45,0.20,320.00,,13.80,18.70
21/06/2024 13:30,0.20,320.00,,13.80,18.70
21/06/2024 13:15,0.60,320.00,,13.50,18.60
21/06/2024 13:00,0.20,320.00,,13.50,18.60
21/06/2024 12:45,0.20,321.00,,13.50,18.60
21/06/2024 12:30,0.20,321.00,,13.50,18.60
21/06/2024 12:15,0.00,322.00,,13.20,18.50
21/06/2024 12:00,0.20,321.00,,13.20,18.50
21/06/2024 11:45,1.80,322.00,,13.20,18.50
21/06/2024 11:30,2.00,321.00,,13.20,18.50
21/06/2024 11:15,1.20,322.00,,13.20,18.60
21/06/2024 11:00,0.00,322.00,,13.20,18.60
21/06/2024 10:45,0.20,322.00,,13.20,18.60
21/06/2024 10:30,0.20,321.00,,13.20,18.60
21/06/2024 10:15,0.20,322.00,,13.00,18.40
21/06/2024 10:00,0.20,322.00,,13.00,18.40
21/06/2024 09:45,0.60,321.00,,13.00,18.40
21/06/2024 09:30,1.60,322.00,,13.00,18.40
21/06/2024 09:15,1.40,323.00,,12.90,18.40
21/06/2024 09:00,1.00,322.00,,12.90,18.40
21/06/2024 08:45,0.80,322.00,,12.90,18.40
21/06/2024 08:30,1.20,322.00,,12.90,18.40
21/06/2024 08:15,0.80,323.00,,12.90,18.50
21/06/2024 08:00,0.60,322.00,,12.90,18.50
21/06/2024 07:45,0.80,323.00,,12.90,18.50
21/06/2024 07:30,1.40,323.00,,12.90,18.50
21/06/2024 07:15,1.40,323.00,,12.90,18.60
21/06/2024 07:00,1.00,322.00,,12.90,18.60
21/06/2024 06:45,0.20,323.00,,12.90,18.60
21/06/2024 06:30,0.00,323.00,,12.90,18.60
21/06/2024 06:15,0.00,323.00,,13.00,18.70
21/06/2024 06:00,0.00,324.00,,13.00,18.70
21/06/2024 05:45,0.00,324.00,,13.00,18.70
21/06/2024 05:30,0.00,324.00,,13.00,18.70
21/06/2024 05:15,0.00,324.00,,13.00,19.00
21/06/2024 05:00,0.00,324.00,,13.00,19.00
21/06/2024 04:45,0.00,325.00,,13.00,19.00
21/06/2024 04:30,0.00,325.00,,13.00,19.00
21/06/2024 04:15,0.00,324.00,,13.00,19.20
21/06/2024 04:00,0.00,325.00,,13.00,19.20
21/06/2024 03:45,0.00,324.00,,13.00,19.20
21/06/2024 03:30,0.00,325.00,,13.00,19.20
21/06/2024 03:15,0.00,325.00,,13.00,19.00
21/06/2024 03:00,0.00,326.00,,13.00,19.00
21/06/2024 02:45,0.00,325.00,,13.00,19.00
21/06/2024 02:30,0.00,326.00,,13.00,19.00
21/06/2024 02:15,0.00,325.00,,13.00,19.00
21/06/2024 02:00,0.00,325.00,,13.00,19.00
21/06/2024 01:45,0.00,325.00,,13.00,19.00
21/06/2024 01:30,0.00,325.00,,13.00,19.00
21/06/2024 01:15,0.00,325.00,,13.10,19.20
21/06/2024 01:00,0.00,325.00,,13.10,19.20
21/06/2024 00:45,0.00,325.00,,13.10,19.20
21/06/2024 00:30,0.00,325.00,,13.10,19.20
21/06/2024 00:15,0.00,325.00,,13.10,19.60
21/06/2024 00:00,0.00,325.00,,13.10,19.60
20/06/2024 23:45,0.00,325.00,,13.10,19.60
20/06/2024 23:30,0.00,325.00,,13.10,19.60
20/06/2024 23:15,0.00,325.00,,13.10,19.60
20/06/2024 23:00,0.00,325.00,,13.10,19.60
20/06/2024 22:45,0.00,326.00,,13.10,19.60
20/06/2024 22:30,0.00,325.00,,13.10,19.60
20/06/2024 22:15,0.00,326.00,,13.10,19.60
20/06/2024 22:00,0.00,326.00,,13.10,19.60
20/06/2024 21:45,0.00,326.00,,13.10,19.60
20/06/2024 21:30,0.00,326.00,,13.10,19.60
20/06/2024 21:15,0.00,326.00,,13.10,19.60
20/06/2024 21:00,0.00,326.00,,13.10,19.60
20/06/2024 20:45,0.00,327.00,,13.10,19.60
20/06/2024 20:30,0.00,327.00,,13.10,19.60
20/06/2024 20:15,0.00,327.00,,13.10,19.50
20/06/2024 20:00,0.00,326.00,,13.10,19.50
20/06/2024 19:45,0.00,326.00,,13.10,19.50
20/06/2024 19:30,0.00,327.00,,13.10,19.50
20/06/2024 19:15,0.00,327.00,,13.20,19.20
20/06/2024 19:00,0.00,327.00,,13.20,19.20
20/06/2024 18:45,0.00,327.00,,13.20,19.20
20/06/2024 18:30,0.00,327.00,,13.20,19.20
20/06/2024 18:15,0.00,327.00,,13.30,19.40
20/06/2024 18:00,0.00,327.00,,13.30,19.40
20/06/2024 17:45,0.00,327.00,,13.30,19.40
20/06/2024 17:30,0.00,328.00,,13.30,19.40
20/06/2024 17:15,0.00,327.00,,13.70,19.50
20/06/2024 17:00,0.00,327.00,,13.70,19.50
20/06/2024 16:45,0.00,327.00,,13.70,19.50
20/06/2024 16:30,0.00,327.00,,13.70,19.50
20/06/2024 16:15,0.00,327.00,,14.10,19.80
20/06/2024 16:00,0.00,328.00,,14.10,19.80
20/06/2024 15:45,0.00,327.00,,14.10,19.80
20/06/2024 15:30,0.00,328.00,,14.10,19.80
20/06/2024 15:15,0.00,328.00,,14.30,19.90
20/06/2024 15:00,0.00,328.00,,14.30,19.90
20/06/2024 14:45,0.00,327.00,,14.30,19.90
20/06/2024 14:30,0.00,328.00,,14.30,19.90
20/06/2024 14:15,0.00,327.00,,14.20,20.70
20/06/2024 14:00,0.00,327.00,,14.20,20.70
20/06/2024 13:45,0.00,327.00,,14.20,20.70
20/06/2024 13:30,0.00,326.00,,14.20,20.70
20/06/2024 13:15,0.00,326.00,,14.30,21.00
20/06/2024 13:00,0.00,326.00,,14.30,21.00
20/06/2024 12:45,0.00,326.00,,14.30,21.00
20/06/2024 12:30,0.00,326.00,,14.30,21.00
20/06/2024 12:15,0.00,326.00,,14.00,20.50
20/06/2024 12:00,0.00,326.00,,14.00,20.50
20/06/2024 11:45,0.00,327.00,,14.00,20.50
20/06/2024 11:30,0.00,327.00,,14.00,20.50
20/06/2024 11:15,0.00,327.00,,13.50,19.00
20/06/2024 11:00,0.00,327.00,,13.50,19.00
20/06/2024 10:45,0.00,326.00,,13.50,19.00
20/06/2024 10:30,0.00,326.00,,13.50,19.00
20/06/2024 10:15,0.00,326.00,,13.40,18.80
20/06/2024 10:00,0.00,326.00,,13.40,18.80
20/06/2024 09:45,0.00,326.00,,13.40,18.80
20/06/2024 09:30,0.00,325.00,,13.40,18.80
20/06/2024 09:15,0.00,325.00,,13.00,18.70
20/06/2024 09:00,0.00,324.00,,13.00,18.70
20/06/2024 08:45,0.00,324.00,,13.00,18.70
20/06/2024 08:30,0.00,325.00,,13.00,18.70
20/06/2024 08:15,0.00,325.00,,12.90,18.70
20/06/2024 08:00,0.00,323.00,,12.90,18.70
20/06/2024 07:45,0.00,324.00,,12.90,18.70
20/06/2024 07:30,0.00,324.00,,12.90,18.70
20/06/2024 07:15,0.00,324.00,,13.00,18.80
20/06/2024 07:00,0.00,324.00,,13.00,18.80
20/06/2024 06:45,0.00,324.00,,13.00,18.80
20/06/2024 06:30,0.00,324.00,,13.00,18.80
20/06/2024 06:15,0.00,324.00,,13.00,18.70
20/06/2024 06:00,0.00,325.00,,13.00,18.70
20/06/2024 05:45,0.00,324.00,,13.00,18.70
20/06/2024 05:30,0.00,324.00,,13.00,18.70
20/06/2024 05:15,0.00,325.00,,13.00,18.90
20/06/2024 05:00,0.00,325.00,,13.00,18.90
20/06/2024 04:45,0.00,324.00,,13.00,18.90
20/06/2024 04:30,0.00,324.00,,13.00,18.90
20/06/2024 04:15,0.00,323.00,,13.00,19.00
20/06/2024 04:00,0.00,323.00,,13.00,19.00
20/06/2024 03:45,0.00,323.00,,13.00,19.00
20/06/2024 03:30,0.00,323.00,,13.00,19.00
20/06/2024 03:15,0.00,322.00,,13.00,19.10
20/06/2024 03:00,0.00,323.00,,13.00,19.10
20/06/2024 02:45,0.00,322.00,,13.00,19.10
20/06/2024 02:30,0.00,322.00,,13.00,19.10
20/06/2024 02:15,0.00,321.00,,13.00,18.80
20/06/2024 02:00,0.00,322.00,,13.00,18.80
20/06/2024 01:45,0.00,321.00,,13.00,18.80
20/06/2024 01:30,0.00,321.00,,13.00,18.80
20/06/2024 01:15,0.00,320.00,,13.00,18.60
20/06/2024 01:00,0.00,319.00,,13.00,18.60
20/06/2024 00:45,0.00,319.00,,13.00,18.60
20/06/2024 00:30,0.00,319.00,,13.00,18.60
20/06/2024 00:15,0.00,318.00,,13.00,18.70
20/06/2024 00:00,0.00,318.00,,13.00,18.70
19/06/2024 23:45,0.00,317.00,,13.00,18.70
19/06/2024 23:30,0.00,318.00,,13.00,18.70
19/06/2024 23:15,0.00,317.00,,13.10,19.30
19/06/2024 23:00,0.00,317.00,,13.10,19.30
19/06/2024 22:45,0.00,316.00,,13.10,19.30
19/06/2024 22:30,0.00,316.00,,13.10,19.30
19/06/2024 22:15,0.20,315.00,,13.10,19.70
19/06/2024 22:00,0.00,315.00,,13.10,19.70
19/06/2024 21:45,0.00,314.00,,13.10,19.70
19/06/2024 21:30,0.00,314.00,,13.10,19.70
19/06/2024 21:15,0.00,312.00,,13.10,20.00
19/06/2024 21:00,0.00,313.00,,13.10,20.00
19/06/2024 20:45,0.00,312.00,,13.10,20.00
19/06/2024 20:30,0.00,311.00,,13.10,20.00
19/06/2024 20:15,0.00,311.00,,13.10,19.90
19/06/2024 20:00,0.00,311.00,,13.10,19.90
19/06/2024 19:45,0.00,311.00,,13.10,19.90
19/06/2024 19:30,0.00,311.00,,13.10,19.90
19/06/2024 19:15,0.00,310.00,,13.20,19.60
19/06/2024 19:00,0.00,311.00,,13.20,19.60
19/06/2024 18:45,0.00,310.00,,13.20,19.60
19/06/2024 18:30,0.00,310.00,,13.20,19.60
19/06/2024 18:15,0.00,310.00,,13.20,20.10
19/06/2024 18:00,0.00,310.00,,13.20,20.10
19/06/2024 17:45,0.00,309.00,,13.20,20.10
19/06/2024 17:30,0.00,310.00,,13.20,20.10
19/06/2024 17:15,0.00,309.00,,13.90,20.80
19/06/2024 17:00,0.00,310.00,,13.90,20.80
19/06/2024 16:45,0.00,309.00,,13.90,20.80
19/06/2024 16:30,0.00,309.00,,13.90,20.80
19/06/2024 16:15,0.00,310.00,,14.40,21.40
19/06/2024 16:00,0.00,309.00,,14.40,21.40
19/06/2024 15:45,0.00,309.00,,14.40,21.40
19/06/2024 15:30,0.00,309.00,,14.40,21.40
19/06/2024 15:15,0.00,309.00,,14.30,19.40
19/06/2024 15:00,0.00,309.00,,14.30,19.40
19/06/2024 14:45,0.00,309.00,,14.30,19.40
19/06/2024 14:30,0.00,309.00,,14.30,19.40
19/06/2024 14:15,0.20,309.00,,13.70,18.80
19/06/2024 14:00,1.40,309.00,,13.70,18.80
19/06/2024 13:45,3.20,310.00,,13.70,18.80
19/06/2024 13:30,0.20,310.00,,13.70,18.80
19/06/2024 13:15,0.00,310.00,,13.70,19.50
19/06/2024 13:00,0.00,311.00,,13.70,19.50
19/06/2024 12:45,0.00,310.00,,13.70,19.50
19/06/2024 12:30,0.00,311.00,,13.70,19.50
19/06/2024 12:15,0.00,311.00,,13.60,19.50
19/06/2024 12:00,0.00,311.00,,13.60,19.50
19/06/2024 11:45,0.20,311.00,,13.60,19.50
19/06/2024 11:30,0.00,311.00,,13.60,19.50
19/06/2024 11:15,0.00,312.00,,13.20,19.00
19/06/2024 11:00,0.00,312.00,,13.20,19.00
19/06/2024 10:45,0.00,312.00,,13.20,19.00
19/06/2024 10:30,0.00,311.00,,13.20,19.00
19/06/2024 10:15,0.00,312.00,,13.10,18.60
19/06/2024 10:00,0.20,312.00,,13.10,18.60
19/06/2024 09:45,0.00,311.00,,13.10,18.60
19/06/2024 09:30,0.20,312.00,,13.10,18.60
19/06/2024 09:15,2.20,312.00,,13.00,18.60
19/06/2024 09:00,1.00,312.00,,13.00,18.60
19/06/2024 08:45,0.80,312.00,,13.00,18.60
19/06/2024 08:30,0.80,311.00,,13.00,18.60
19/06/2024 08:15,1.40,312.00,,13.00,18.70
19/06/2024 08:00,0.80,311.00,,13.00,18.70
19/06/2024 07:45,0.60,311.00,,13.00,18.70
19/06/2024 07:30,0.40,312.00,,13.00,18.70
19/06/2024 07:15,1.20,312.00,,13.00,18.80
19/06/2024 07:00,1.40,312.00,,13.00,18.80
19/06/2024 06:45,1.00,312.00,,13.00,18.80
19/06/2024 06:30,1.60,312.00,,13.00,18.80
19/06/2024 06:15,2.20,311.00,,13.00,18.90
19/06/2024 06:00,2.20,311.00,,13.00,18.90
19/06/2024 05:45,2.20,310.00,,13.00,18.90
19/06/2024 05:30,1.40,309.00,,13.00,18.90
19/06/2024 05:15,3.40,309.00,,13.00,19.00
19/06/2024 05:00,4.60,309.00,,13.00,19.00
19/06/2024 04:45,2.60,308.00,,13.00,19.00
19/06/2024 04:30,4.40,307.00,,13.00,19.00
19/06/2024 04:15,3.00,307.00,,13.00,19.00
19/06/2024 04:00,1.40,306.00,,13.00,19.00
19/06/2024 03:45,0.80,306.00,,13.00,19.00
19/06/2024 03:30,1.60,305.00,,13.00,19.00
19/06/2024 03:15,1.60,306.00,,13.10,19.10
19/06/2024 03:00,1.80,305.00,,13.10,19.10
19/06/2024 02:45,3.00,304.00,,13.10,19.10
19/06/2024 02:30,6.40,305.00,,13.10,19.10
19/06/2024 02:15,4.00,303.00,,13.10,19.40
19/06/2024 02:00,1.60,302.00,,13.10,19.40
19/06/2024 01:45,3.80,301.00,,13.10,19.40
19/06/2024 01:30,2.60,300.00,,13.10,19.40
19/06/2024 01:15,4.00,300.00,,13.10,19.70
19/06/2024 01:00,0.40,299.00,,13.10,19.70
19/06/2024 00:45,0.00,298.00,,13.10,19.70
19/06/2024 00:30,0.00,297.00,,13.10,19.70
19/06/2024 00:15,0.00,297.00,,13.10,20.30
19/06/2024 00:00,0.00,298.00,,13.10,20.30
18/06/2024 23:45,0.00,297.00,,13.10,20.30
18/06/2024 23:30,0.00,296.00,,13.10,20.30
18/06/2024 23:15,0.00,297.00,,13.10,20.70
18/06/2024 23:00,0.00,297.00,,13.10,20.70
18/06/2024 22:45,0.00,297.00,,13.10,20.70
18/06/2024 22:30,0.00,296.00,,13.10,20.70
18/06/2024 22:15,0.00,296.00,,13.10,20.50
18/06/2024 22:00,0.00,296.00,,13.10,20.50
18/06/2024 21:45,0.00,296.00,,13.10,20.50
18/06/2024 21:30,0.00,295.00,,13.10,20.50
18/06/2024 21:15,0.00,296.00,,13.10,19.80
18/06/2024 21:00,0.00,295.00,,13.10,19.80
18/06/2024 20:45,0.00,295.00,,13.10,19.80
18/06/2024 20:30,0.00,295.00,,13.10,19.80
18/06/2024 20:15,0.00,295.00,,13.10,20.10
18/06/2024 20:00,0.00,295.00,,13.10,20.10
18/06/2024 19:45,0.00,294.00,,13.10,20.10
18/06/2024 19:30,0.00,294.00,,13.10,20.10
18/06/2024 19:15,0.00,294.00,,13.20,21.20
18/06/2024 19:00,0.00,294.00,,13.20,21.20
18/06/2024 18:45,0.00,294.00,,13.20,21.20
18/06/2024 18:30,0.00,294.00,,13.20,21.20
18/06/2024 18:15,0.00,294.00,,13.30,22.50
18/06/2024 18:00,0.00,293.00,,13.30,22.50
18/06/2024 17:45,0.00,294.00,,13.30,22.50
18/06/2024 17:30,0.00,293.00,,13.30,22.50
18/06/2024 17:15,0.00,293.00,,13.90,23.40
18/06/2024 17:00,0.00,293.00,,13.90,23.40
18/06/2024 16:45,0.00,293.00,,13.90,23.40
18/06/2024 16:30,0.00,293.00,,13.90,23.40
18/06/2024 16:15,0.00,293.00,,14.00,23.50
18/06/2024 16:00,0.00,292.00,,14.00,23.50
18/06/2024 15:45,0.00,292.00,,14.00,23.50
18/06/2024 15:30,0.00,292.00,,14.00,23.50
18/06/2024 15:15,0.00,292.00,,14.30,23.50
18/06/2024 15:00,0.00,292.00,,14.30,23.50
18/06/2024 14:45,0.00,292.00,,14.30,23.50
18/06/2024 14:30,0.00,292.00,,14.30,23.50
18/06/2024 14:15,0.00,292.00,,14.30,22.50
18/06/2024 14:00,0.00,291.00,,14.30,22.50
18/06/2024 13:45,0.00,291.00,,14.30,22.50
18/06/2024 13:30,0.00,291.00,,14.30,22.50
18/06/2024 13:15,0.00,291.00,,14.30,24.20
18/06/2024 13:00,0.00,291.00,,14.30,24.20
18/06/2024 12:45,0.00,290.00,,14.30,24.20
18/06/2024 12:30,0.00,290.00,,14.30,24.20
18/06/2024 12:15,0.00,290.00,,14.30,23.60
18/06/2024 12:00,0.00,289.00,,14.30,23.60
18/06/2024 11:45,0.00,290.00,,14.30,23.60
18/06/2024 11:30,0.00,289.00,,14.30,23.60
18/06/2024 11:15,0.00,289.00,,14.50,20.60
18/06/2024 11:00,0.00,289.00,,14.50,20.60
18/06/2024 10:45,0.00,289.00,,14.50,20.60
18/06/2024 10:30,0.00,289.00,,14.50,20.60
18/06/2024 10:15,0.00,289.00,,14.50,19.30
18/06/2024 10:00,0.00,289.00,,14.50,19.30
18/06/2024 09:45,0.00,289.00,,14.50,19.30
18/06/2024 09:30,0.00,288.00,,14.50,19.30
18/06/2024 09:15,0.00,288.00,,13.60,18.30
18/06/2024 09:00,0.00,288.00,,13.60,18.30
18/06/2024 08:45,0.00,288.00,,13.60,18.30
18/06/2024 08:30,0.00,287.00,,13.60,18.30
18/06/2024 08:15,0.00,287.00,,13.00,17.80
18/06/2024 08:00,0.00,287.00,,13.00,17.80
18/06/2024 07:45,0.00,287.00,,13.00,17.80
18/06/2024 07:30,0.00,287.00,,13.00,17.80
18/06/2024 07:15,0.00,287.00,,13.00,18.10
18/06/2024 07:00,0.00,287.00,,13.00,18.10
18/06/2024 06:45,0.00,287.00,,13.00,18.10
18/06/2024 06:30,0.00,286.00,,13.00,18.10
18/06/2024 06:15,0.00,287.00,,13.00,18.20
18/06/2024 06:00,0.00,286.00,,13.00,18.20
18/06/2024 05:45,0.00,286.00,,13.00,18.20
18/06/2024 05:30,0.00,286.00,,13.00,18.20
18/06/2024 05:15,0.00,286.00,,13.10,18.30
18/06/2024 05:00,0.00,285.00,,13.10,18.30
18/06/2024 04:45,0.00,285.00,,13.10,18.30
18/06/2024 04:30,0.00,285.00,,13.10,18.30
18/06/2024 04:15,0.00,285.00,,13.10,18.40
18/06/2024 04:00,0.00,285.00,,13.10,18.40
18/06/2024 03:45,0.00,285.00,,13.10,18.40
18/06/2024 03:30,0.00,285.00,,13.10,18.40
18/06/2024 03:15,0.00,284.00,,13.10,18.80
18/06/2024 03:00,0.00,284.00,,13.10,18.80
18/06/2024 02:45,0.00,284.00,,13.10,18.80
18/06/2024 02:30,0.00,284.00,,13.10,18.80
18/06/2024 02:15,0.00,284.00,,13.10,19.10
18/06/2024 02:00,0.00,284.00,,13.10,19.10
18/06/2024 01:45,0.00,284.00,,13.10,19.10
18/06/2024 01:30,0.00,283.00,,13.10,19.10
18/06/2024 01:15,0.00,283.00,,13.10,19.30
18/06/2024 01:00,0.00,284.00,,13.10,19.30
18/06/2024 00:45,0.00,284.00,,13.10,19.30
18/06/2024 00:30,0.00,284.00,,13.10,19.30
18/06/2024 00:15,0.00,283.00,,13.10,19.50
18/06/2024 00:00,0.00,284.00,,13.10,19.50
17/06/2024 23:45,0.00,284.00,,13.10,19.50
17/06/2024 23:30,0.00,283.00,,13.10,19.50
17/06/2024 23:15,0.00,284.00,,13.10,19.50
17/06/2024 23:00,0.00,283.00,,13.10,19.50
17/06/2024 22:45,0.00,283.00,,13.10,19.50
17/06/2024 22:30,0.00,284.00,,13.10,19.50
17/06/2024 22:15,0.00,283.00,,13.10,19.50
17/06/2024 22:00,0.00,284.00,,13.10,19.50
17/06/2024 21:45,0.00,284.00,,13.10,19.50
17/06/2024 21:30,0.00,284.00,,13.10,19.50
17/06/2024 21:15,0.00,284.00,,13.10,19.30
17/06/2024 21:00,0.00,284.00,,13.10,19.30
17/06/2024 20:45,0.00,284.00,,13.10,19.30
17/06/2024 20:30,0.00,284.00,,13.10,19.30
17/06/2024 20:15,0.00,284.00,,13.20,19.30
17/06/2024 20:00,0.00,284.00,,13.20,19.30
17/06/2024 19:45,0.00,284.00,,13.20,19.30
17/06/2024 19:30,0.00,284.00,,13.20,19.30
17/06/2024 19:15,0.00,284.00,,13.20,19.40
17/06/2024 19:00,0.00,284.00,,13.20,19.40
17/06/2024 18:45,0.00,284.00,,13.20,19.40
17/06/2024 18:30,0.00,284.00,,13.20,19.40
17/06/2024 18:15,0.00,284.00,,13.30,19.60
17/06/2024 18:00,0.00,284.00,,13.30,19.60
17/06/2024 17:45,0.00,285.00,,13.30,19.60
17/06/2024 17:30,0.00,285.00,,13.30,19.60
17/06/2024 17:15,0.00,285.00,,13.70,19.70
17/06/2024 17:00,0.00,285.00,,13.70,19.70
17/06/2024 16:45,0.00,284.00,,13.70,19.70
17/06/2024 16:30,0.00,284.00,,13.70,19.70
17/06/2024 16:15,0.00,285.00,,14.10,19.50
17/06/2024 16:00,0.00,284.00,,14.10,19.50
17/06/2024 15:45,0.00,284.00,,14.10,19.50
17/06/2024 15:30,0.00,283.00,,14.10,19.50
17/06/2024 15:15,0.00,283.00,,14.40,19.30
17/06/2024 15:00,0.00,283.00,,14.40,19.30
17/06/2024 14:45,0.00,283.00,,14.40,19.30
17/06/2024 14:30,0.00,283.00,,14.40,19.30
17/06/2024 14:15,0.00,282.00,,14.30,19.20
17/06/2024 14:00,0.00,282.00,,14.30,19.20
17/06/2024 13:45,0.00,281.00,,14.30,19.20
17/06/2024 13:30,0.00,280.00,,14.30,19.20
17/06/2024 13:15,0.00,280.00,,14.40,19.10
17/06/2024 13:00,0.00,279.00,,14.40,19.10
17/06/2024 12:45,0.00,279.00,,14.40,19.10
17/06/2024 12:30,0.00,278.00,,14.40,19.10
17/06/2024 12:15,0.00,276.00,,13.70,18.80
17/06/2024 12:00,0.00,276.00,,13.70,18.80
17/06/2024 11:45,0.00,276.00,,13.70,18.80
17/06/2024 11:30,0.20,276.00,,13.70,18.80
17/06/2024 11:15,0.00,274.00,,13.60,19.30
17/06/2024 11:00,0.00,274.00,,13.60,19.30
17/06/2024 10:45,0.00,273.00,,13.60,19.30
17/06/2024 10:30,0.00,272.00,,13.60,19.30
17/06/2024 10:15,0.00,272.00,,13.20,18.90
17/06/2024 10:00,0.00,271.00,,13.20,18.90
17/06/2024 09:45,0.00,271.00,,13.20,18.90
17/06/2024 09:30,0.00,270.00,,13.20,18.90
17/06/2024 09:15,0.00,270.00,,13.00,18.60
17/06/2024 09:00,0.00,270.00,,13.00,18.60
17/06/2024 08:45,0.00,270.00,,13.00,18.60
17/06/2024 08:30,0.00,270.00,,13.00,18.60
17/06/2024 08:15,0.00,269.00,,12.90,18.50
17/06/2024 08:00,0.00,269.00,,12.90,18.50
17/06/2024 07:45,0.00,269.00,,12.90,18.50
17/06/2024 07:30,0.00,269.00,,12.90,18.50
17/06/2024 07:15,0.00,269.00,,12.90,18.60
17/06/2024 07:00,0.00,269.00,,12.90,18.60
17/06/2024 06:45,0.00,269.00,,12.90,18.60
17/06/2024 06:30,0.00,268.00,,12.90,18.60
17/06/2024 06:15,0.00,268.00,,12.90,18.60
17/06/2024 06:00,0.00,268.00,,12.90,18.60
17/06/2024 05:45,0.00,268.00,,12.90,18.60
17/06/2024 05:30,0.00,268.00,,12.90,18.60
17/06/2024 05:15,0.00,268.00,,12.90,18.60
17/06/2024 05:00,0.00,268.00,,12.90,18.60
17/06/2024 04:45,0.00,268.00,,12.90,18.60
17/06/2024 04:30,0.00,268.00,,12.90,18.60
17/06/2024 04:15,0.00,268.00,,12.90,18.60
17/06/2024 04:00,0.00,268.00,,12.90,18.60
17/06/2024 03:45,0.00,268.00,,12.90,18.60
17/06/2024 03:30,0.00,268.00,,12.90,18.60
17/06/2024 03:15,0.00,268.00,,12.90,18.60
17/06/2024 03:00,0.00,267.00,,12.90,18.60
17/06/2024 02:45,0.00,267.00,,12.90,18.60
17/06/2024 02:30,0.00,267.00,,12.90,18.60
17/06/2024 02:15,0.00,266.00,,12.90,18.60
17/06/2024 02:00,0.00,266.00,,12.90,18.60
17/06/2024 01:45,0.00,265.00,,12.90,18.60
17/06/2024 01:30,0.00,265.00,,12.90,18.60
17/06/2024 01:15,0.00,265.00,,12.90,18.60
17/06/2024 01:00,0.00,265.00,,12.90,18.60
17/06/2024 00:45,0.00,264.00,,12.90,18.60
17/06/2024 00:30,0.00,263.00,,12.90,18.60
17/06/2024 00:15,0.00,263.00,,12.90,18.60
17/06/2024 00:00,0.00,263.00,,12.90,18.60
16/06/2024 23:45,0.00,263.00,,12.90,18.60
16/06/2024 23:30,0.00,262.00,,12.90,18.60
16/06/2024 23:15,0.00,261.00,,12.90,18.60
16/06/2024 23:00,0.00,260.00,,12.90,18.60
16/06/2024 22:45,0.00,259.00,,12.90,18.60
16/06/2024 22:30,0.00,259.00,,12.90,18.60
16/06/2024 22:15,0.00,259.00,,12.90,18.40
16/06/2024 22:00,0.00,258.00,,12.90,18.40
16/06/2024 21:45,0.00,257.00,,12.90,18.40
16/06/2024 21:30,0.00,255.00,,12.90,18.40
16/06/2024 21:15,0.20,255.00,,12.90,18.50
16/06/2024 21:00,0.20,255.00,,12.90,18.50
16/06/2024 20:45,0.00,255.00,,12.90,18.50
16/06/2024 20:30,0.00,255.00,,12.90,18.50
16/06/2024 20:15,0.00,255.00,,12.90,18.60
16/06/2024 20:00,0.00,253.00,,12.90,18.60
16/06/2024 19:45,0.00,254.00,,12.90,18.60
16/06/2024 19:30,0.00,255.00,,12.90,18.60
16/06/2024 19:15,0.20,254.00,,12.90,18.70
16/06/2024 19:00,0.00,255.00,,12.90,18.70
16/06/2024 18:45,0.00,255.00,,12.90,18.70
16/06/2024 18:30,0.00,255.00,,12.90,18.70
16/06/2024 18:15,0.20,255.00,,12.90,18.80
16/06/2024 18:00,0.60,255.00,,12.90,18.80
16/06/2024 17:45,0.60,256.00,,12.90,18.80
16/06/2024 17:30,1.00,256.00,,12.90,18.80
16/06/2024 17:15,0.40,256.00,,13.00,18.80
16/06/2024 17:00,0.20,257.00,,13.00,18.80
16/06/2024 16:45,0.40,257.00,,13.00,18.80
16/06/2024 16:30,0.40,256.00,,13.00,18.80
16/06/2024 16:15,0.80,257.00,,13.10,18.80
16/06/2024 16:00,0.80,256.00,,13.10,18.80
16/06/2024 15:45,1.60,257.00,,13.10,18.80
16/06/2024 15:30,1.20,257.00,,13.10,18.80
16/06/2024 15:15,0.80,257.00,,13.20,18.80
16/06/2024 15:00,1.00,257.00,,13.20,18.80
16/06/2024 14:45,1.60,258.00,,13.20,18.80
16/06/2024 14:30,1.80,258.00,,13.20,18.80
16/06/2024 14:15,2.60,259.00,,13.20,18.80
16/06/2024 14:00,1.80,259.00,,13.20,18.80
16/06/2024 13:45,2.20,259.00,,13.20,18.80
16/06/2024 13:30,1.80,260.00,,13.20,18.80
16/06/2024 13:15,0.40,260.00,,13.40,18.90
16/06/2024 13:00,1.40,259.00,,13.40,18.90
16/06/2024 12:45,1.20,258.00,,13.40,18.90
16/06/2024 12:30,0.60,257.00,,13.40,18.90
16/06/2024 12:15,0.20,256.00,,13.50,19.00
16/06/2024 12:00,0.20,256.00,,13.50,19.00
16/06/2024 11:45,0.00,257.00,,13.50,19.00
16/06/2024 11:30,0.20,257.00,,13.50,19.00
16/06/2024 11:15,0.60,258.00,,13.30,18.80
16/06/2024 11:00,0.20,258.00,,13.30,18.80
16/06/2024 10:45,0.20,257.00,,13.30,18.80
16/06/2024 10:30,0.60,258.00,,13.30,18.80
16/06/2024 10:15,0.20,257.00,,13.00,18.60
16/06/2024 10:00,0.40,257.00,,13.00,18.60
16/06/2024 09:45,0.40,258.00,,13.00,18.60
16/06/2024 09:30,0.40,257.00,,13.00,18.60
16/06/2024 09:15,0.60,257.00,,12.90,18.50
16/06/2024 09:00,0.60,257.00,,12.90,18.50
16/06/2024 08:45,0.60,257.00,,12.90,18.50
16/06/2024 08:30,0.40,258.00,,12.90,18.50
16/06/2024 08:15,0.80,258.00,,12.90,18.50
16/06/2024 08:00,1.00,258.00,,12.90,18.50
16/06/2024 07:45,1.60,258.00,,12.90,18.50
16/06/2024 07:30,2.40,258.00,,12.90,18.50
16/06/2024 07:15,0.80,259.00,,12.90,18.70
16/06/2024 07:00,0.60,259.00,,12.90,18.70
16/06/2024 06:45,1.00,259.00,,12.90,18.70
16/06/2024 06:30,0.00,259.00,,12.90,18.70
16/06/2024 06:15,0.00,259.00,,12.90,18.70
16/06/2024 06:00,0.00,259.00,,12.90,18.70
16/06/2024 05:45,0.00,259.00,,12.90,18.70
16/06/2024 05:30,0.00,259.00,,12.90,18.70
16/06/2024 05:15,0.40,259.00,,12.90,18.60
16/06/2024 05:00,1.20,260.00,,12.90,18.60
16/06/2024 04:45,1.20,260.00,,12.90,18.60
16/06/2024 04:30,1.20,260.00,,12.90,18.60
16/06/2024 04:15,1.40,260.00,,12.90,19.00
16/06/2024 04:00,1.60,260.00,,12.90,19.00
16/06/2024 03:45,0.00,260.00,,12.90,19.00
16/06/2024 03:30,0.00,261.00,,12.90,19.00
16/06/2024 03:15,0.00,260.00,,12.90,19.10
16/06/2024 03:00,0.00,261.00,,12.90,19.10
16/06/2024 02:45,0.00,260.00,,12.90,19.10
16/06/2024 02:30,0.00,260.00,,12.90,19.10
16/06/2024 02:15,0.00,259.00,,12.90,19.00
16/06/2024 02:00,0.00,259.00,,12.90,19.00
16/06/2024 01:45,0.00,259.00,,12.90,19.00
16/06/2024 01:30,0.00,259.00,,12.90,19.00
16/06/2024 01:15,0.00,260.00,,12.90,18.90
16/06/2024 01:00,0.00,261.00,,12.90,18.90
16/06/2024 00:45,0.00,262.00,,12.90,18.90
16/06/2024 00:30,0.00,262.00,,12.90,18.90
16/06/2024 00:15,0.00,261.00,,12.90,19.00
16/06/2024 00:00,0.00,262.00,,12.90,19.00
15/06/2024 23:45,0.00,262.00,,12.90,19.00
15/06/2024 23:30,0.20,261.00,,12.90,19.00
15/06/2024 23:15,0.00,261.00,,12.90,19.00
15/06/2024 23:00,0.00,260.00,,12.90,19.00
15/06/2024 22:45,0.00,259.00,,12.90,19.00
15/06/2024 22:30,0.00,259.00,,12.90,19.00
15/06/2024 22:15,0.00,259.00,,12.90,19.00
15/06/2024 22:00,0.00,259.00,,12.90,19.00
15/06/2024 21:45,0.00,258.00,,12.90,19.00
15/06/2024 21:30,1.20,258.00,,12.90,19.00
15/06/2024 21:15,1.00,258.00,,13.00,19.10
15/06/2024 21:00,1.20,258.00,,13.00,19.10
15/06/2024 20:45,0.40,258.00,,13.00,19.10
15/06/2024 20:30,0.00,258.00,,13.00,19.10
15/06/2024 20:15,0.20,258.00,,13.00,19.20
15/06/2024 20:00,1.00,257.00,,13.00,19.20
15/06/2024 19:45,1.40,256.00,,13.00,19.20
15/06/2024 19:30,0.00,256.00,,13.00,19.20
15/06/2024 19:15,0.00,256.00,,13.10,19.90
15/06/2024 19:00,0.40,256.00,,13.10,19.90
15/06/2024 18:45,1.00,256.00,,13.10,19.90
15/06/2024 18:30,2.20,256.00,,13.10,19.90
15/06/2024 18:15,2.60,257.00,,13.10,20.90
15/06/2024 18:00,0.60,256.00,,13.10,20.90
15/06/2024 17:45,1.40,257.00,,13.10,20.90
15/06/2024 17:30,0.00,258.00,,13.10,20.90
15/06/2024 17:15,0.40,259.00,,13.20,21.50
15/06/2024 17:00,0.40,259.00,,13.20,21.50
15/06/2024 16:45,0.20,260.00,,13.20,21.50
15/06/2024 16:30,0.00,261.00,,13.20,21.50
15/06/2024 16:15,0.00,261.00,,13.30,22.10
15/06/2024 16:00,0.00,262.00,,13.30,22.10
15/06/2024 15:45,0.00,262.00,,13.30,22.10
15/06/2024 15:30,0.00,262.00,,13.30,22.10
15/06/2024 15:15,0.00,262.00,,13.60,22.20
15/06/2024 15:00,0.00,263.00,,13.60,22.20
15/06/2024 14:45,0.00,263.00,,13.60,22.20
15/06/2024 14:30,0.00,264.00,,13.60,22.20
15/06/2024 14:15,0.00,265.00,,13.70,22.00
15/06/2024 14:00,0.00,265.00,,13.70,22.00
15/06/2024 13:45,0.00,267.00,,13.70,22.00
15/06/2024 13:30,0.00,268.00,,13.70,22.00
15/06/2024 13:15,0.00,269.00,,13.70,21.80
15/06/2024 13:00,0.00,270.00,,13.70,21.80
15/06/2024 12:45,0.00,270.00,,13.70,21.80
15/06/2024 12:30,0.00,270.00,,13.70,21.80
15/06/2024 12:15,0.00,270.00,,13.60,21.40
15/06/2024 12:00,0.00,270.00,,13.60,21.40
15/06/2024 11:45,0.00,270.00,,13.60,21.40
15/06/2024 11:30,0.00,270.00,,13.60,21.40
15/06/2024 11:15,0.00,270.00,,13.40,21.30
15/06/2024 11:00,0.00,270.00,,13.40,21.30
15/06/2024 10:45,0.00,269.00,,13.40,21.30
15/06/2024 10:30,0.00,269.00,,13.40,21.30
15/06/2024 10:15,0.00,268.00,,13.10,21.00
15/06/2024 10:00,0.00,267.00,,13.10,21.00
15/06/2024 09:45,0.00,267.00,,13.10,21.00
15/06/2024 09:30,0.00,266.00,,13.10,21.00
15/06/2024 09:15,0.00,265.00,,13.00,21.10
15/06/2024 09:00,0.00,264.00,,13.00,21.10
15/06/2024 08:45,0.00,262.00,,13.00,21.10
15/06/2024 08:30,0.00,261.00,,13.00,21.10
15/06/2024 08:15,0.00,261.00,,13.00,22.00
15/06/2024 08:00,0.00,259.00,,13.00,22.00
15/06/2024 07:45,0.00,258.00,,13.00,22.00
15/06/2024 07:30,0.00,256.00,,13.00,22.00
15/06/2024 07:15,0.00,254.00,,13.00,23.80
15/06/2024 07:00,0.00,254.00,,13.00,23.80
15/06/2024 06:45,0.00,253.00,,13.00,23.80
15/06/2024 06:30,0.00,252.00,,13.00,23.80
15/06/2024 06:15,0.00,251.00,,13.00,26.10
15/06/2024 06:00,0.00,252.00,,13.00,26.10
15/06/2024 05:45,0.00,252.00,,13.00,26.10
15/06/2024 05:30,0.00,252.00,,13.00,26.10
15/06/2024 05:15,0.00,252.00,,13.00,26.50
15/06/2024 05:00,0.00,253.00,,13.00,26.50
15/06/2024 04:45,0.00,253.00,,13.00,26.50
15/06/2024 04:30,0.00,253.00,,13.00,26.50
15/06/2024 04:15,0.00,253.00,,13.00,26.10
15/06/2024 04:00,0.00,254.00,,13.00,26.10
15/06/2024 03:45,0.00,254.00,,13.00,26.10
15/06/2024 03:30,0.00,254.00,,13.00,26.10
15/06/2024 03:15,0.00,254.00,,13.00,26.30
15/06/2024 03:00,0.00,255.00,,13.00,26.30
15/06/2024 02:45,0.00,255.00,,13.00,26.30
15/06/2024 02:30,0.00,255.00,,13.00,26.30
15/06/2024 02:15,0.00,255.00,,13.00,26.30
15/06/2024 02:00,0.00,255.00,,13.00,26.30
15/06/2024 01:45,0.00,255.00,,13.00,26.30
15/06/2024 01:30,0.00,256.00,,13.00,26.30
15/06/2024 01:15,0.00,256.00,,13.10,26.40
15/06/2024 01:00,0.00,256.00,,13.10,26.40
15/06/2024 00:45,0.00,256.00,,13.10,26.40
15/06/2024 00:30,0.00,256.00,,13.10,26.40
15/06/2024 00:15,0.00,257.00,,13.10,25.70
15/06/2024 00:00,0.00,257.00,,13.10,25.70
14/06/2024 23:45,0.00,257.00,,13.10,25.70
14/06/2024 23:30,0.00,258.00,,13.10,25.70
14/06/2024 23:15,0.00,258.00,,13.10,26.10
14/06/2024 23:00,0.00,258.00,,13.10,26.10
14/06/2024 22:45,0.00,258.00,,13.10,26.10
14/06/2024 22:30,0.00,258.00,,13.10,26.10
14/06/2024 22:15,0.00,258.00,,13.10,28.00
14/06/2024 22:00,0.00,258.00,,13.10,28.00
14/06/2024 21:45,0.00,258.00,,13.10,28.00
14/06/2024 21:30,0.00,258.00,,13.10,28.00
14/06/2024 21:15,0.00,257.00,,13.10,28.80
14/06/2024 21:00,0.00,257.00,,13.10,28.80
14/06/2024 20:45,0.00,256.00,,13.10,28.80
14/06/2024 20:30,0.00,256.00,,13.10,28.80
14/06/2024 20:15,0.00,256.00,,13.10,29.50
14/06/2024 20:00,0.00,255.00,,13.10,29.50
14/06/2024 19:45,0.00,255.00,,13.10,29.50
14/06/2024 19:30,0.00,254.00,,13.10,29.50
14/06/2024 19:15,0.00,254.00,,13.20,29.70
14/06/2024 19:00,0.00,253.00,,13.20,29.70
14/06/2024 18:45,0.00,253.00,,13.20,29.70
14/06/2024 18:30,0.00,252.00,,13.20,29.70
14/06/2024 18:15,0.00,252.00,,13.50,30.30
14/06/2024 18:00,0.00,251.00,,13.50,30.30
14/06/2024 17:45,0.00,251.00,,13.50,30.30
14/06/2024 17:30,0.00,250.00,,13.50,30.30
14/06/2024 17:15,0.00,250.00,,13.70,31.70
14/06/2024 17:00,0.00,249.00,,13.70,31.70
14/06/2024 16:45,0.00,249.00,,13.70,31.70
14/06/2024 16:30,0.00,249.00,,13.70,31.70
14/06/2024 16:15,0.00,249.00,,13.70,33.00
14/06/2024 16:00,0.00,248.00,,13.70,33.00
14/06/2024 15:45,0.00,248.00,,13.70,33.00
14/06/2024 15:30,0.00,248.00,,13.70,33.00
14/06/2024 15:15,0.00,248.00,,13.90,31.80
14/06/2024 15:00,0.00,248.00,,13.90,31.80
14/06/2024 14:45,0.00,248.00,,13.90,31.80
14/06/2024 14:30,0.00,248.00,,13.90,31.80
14/06/2024 14:15,0.00,248.00,,14.00,31.20
14/06/2024 14:00,0.00,248.00,,14.00,31.20
14/06/2024 13:45,0.00,249.00,,14.00,31.20
14/06/2024 13:30,0.00,249.00,,14.00,31.20
14/06/2024 13:15,0.00,249.00,,14.00,31.30
14/06/2024 13:00,0.00,249.00,,14.00,31.30
14/06/2024 12:45,0.00,249.00,,14.00,31.30
14/06/2024 12:30,0.00,249.00,,14.00,31.30
14/06/2024 12:15,0.00,249.00,,14.10,29.90
14/06/2024 12:00,0.00,249.00,,14.10,29.90
14/06/2024 11:45,0.00,249.00,,14.10,29.90
14/06/2024 11:30,0.00,249.00,,14.10,29.90
14/06/2024 11:15,0.00,249.00,,14.20,27.90
14/06/2024 11:00,0.00,249.00,,14.20,27.90
14/06/2024 10:45,0.00,250.00,,14.20,27.90
14/06/2024 10:30,0.00,250.00,,14.20,27.90
14/06/2024 10:15,0.00,250.00,,14.20,25.80
14/06/2024 10:00,0.00,251.00,,14.20,25.80
14/06/2024 09:45,0.00,251.00,,14.20,25.80
14/06/2024 09:30,0.00,251.00,,14.20,25.80
14/06/2024 09:15,0.00,251.00,,13.90,24.70
14/06/2024 09:00,0.00,252.00,,13.90,24.70
14/06/2024 08:45,0.00,252.00,,13.90,24.70
14/06/2024 08:30,0.00,252.00,,13.90,24.70
14/06/2024 08:15,0.00,252.00,,13.00,23.90
14/06/2024 08:00,0.00,252.00,,13.00,23.90
14/06/2024 07:45,0.00,252.00,,13.00,23.90
14/06/2024 07:30,0.00,252.00,,13.00,23.90
14/06/2024 07:15,0.00,252.00,,13.00,23.80
14/06/2024 07:00,0.00,253.00,,13.00,23.80
14/06/2024 06:45,0.00,253.00,,13.00,23.80
14/06/2024 06:30,0.00,253.00,,13.00,23.80
14/06/2024 06:15,0.00,253.00,,13.00,23.80
14/06/2024 06:00,0.00,253.00,,13.00,23.80
14/06/2024 05:45,0.00,253.00,,13.00,23.80
14/06/2024 05:30,0.00,253.00,,13.00,23.80
14/06/2024 05:15,0.00,253.00,,13.00,24.50
14/06/2024 05:00,0.00,254.00,,13.00,24.50
14/06/2024 04:45,0.00,254.00,,13.00,24.50
14/06/2024 04:30,0.00,254.00,,13.00,24.50
14/06/2024 04:15,0.00,254.00,,13.00,25.10
14/06/2024 04:00,0.00,254.00,,13.00,25.10
14/06/2024 03:45,0.00,254.00,,13.00,25.10
14/06/2024 03:30,0.00,254.00,,13.00,25.10
14/06/2024 03:15,0.00,255.00,,13.00,25.30
14/06/2024 03:00,0.00,255.00,,13.00,25.30
14/06/2024 02:45,0.00,255.00,,13.00,25.30
14/06/2024 02:30,0.00,256.00,,13.00,25.30
14/06/2024 02:15,0.00,256.00,,13.00,25.40
14/06/2024 02:00,0.00,256.00,,13.00,25.40
14/06/2024 01:45,0.00,256.00,,13.00,25.40
14/06/2024 01:30,0.00,257.00,,13.00,25.40
14/06/2024 01:15,0.00,257.00,,13.10,25.30
14/06/2024 01:00,0.00,257.00,,13.10,25.30
14/06/2024 00:45,0.00,257.00,,13.10,25.30
14/06/2024 00:30,0.00,257.00,,13.10,25.30
14/06/2024 00:15,0.00,258.00,,13.10,25.40
14/06/2024 00:00,0.00,258.00,,13.10,25.40
13/06/2024 23:45,0.00,259.00,,13.10,25.40
13/06/2024 23:30,0.00,259.00,,13.10,25.40
13/06/2024 23:15,0.00,259.00,,13.10,25.80
13/06/2024 23:00,0.00,259.00,,13.10,25.80
13/06/2024 22:45,0.00,260.00,,13.10,25.80
13/06/2024 22:30,0.00,260.00,,13.10,25.80
13/06/2024 22:15,0.00,260.00,,13.10,26.00
13/06/2024 22:00,0.00,260.00,,13.10,26.00
13/06/2024 21:45,0.00,260.00,,13.10,26.00
13/06/2024 21:30,0.00,260.00,,13.10,26.00
13/06/2024 21:15,0.00,260.00,,13.10,27.00
13/06/2024 21:00,0.00,260.00,,13.10,27.00
13/06/2024 20:45,0.00,260.00,,13.10,27.00
13/06/2024 20:30,0.00,260.00,,13.10,27.00
13/06/2024 20:15,0.00,260.00,,13.10,27.80
13/06/2024 20:00,0.00,260.00,,13.10,27.80
13/06/2024 19:45,0.00,260.00,,13.10,27.80
13/06/2024 19:30,0.00,260.00,,13.10,27.80
13/06/2024 19:15,0.00,261.00,,13.20,27.70
13/06/2024 19:00,0.00,261.00,,13.20,27.70
13/06/2024 18:45,0.00,261.00,,13.20,27.70
13/06/2024 18:30,0.00,261.00,,13.20,27.70
13/06/2024 18:15,0.00,261.00,,13.40,28.10
13/06/2024 18:00,0.00,261.00,,13.40,28.10
13/06/2024 17:45,0.00,261.00,,13.40,28.10
13/06/2024 17:30,0.00,261.00,,13.40,28.10
13/06/2024 17:15,0.00,261.00,,13.80,29.00
13/06/2024 17:00,0.00,260.00,,13.80,29.00
13/06/2024 16:45,0.00,261.00,,13.80,29.00
13/06/2024 16:30,0.00,261.00,,13.80,29.00
13/06/2024 16:15,0.00,261.00,,13.80,29.40
13/06/2024 16:00,0.00,261.00,,13.80,29.40
13/06/2024 15:45,0.00,261.00,,13.80,29.40
13/06/2024 15:30,0.00,261.00,,13.80,29.40
13/06/2024 15:15,0.00,262.00,,13.90,29.90
13/06/2024 15:00,0.00,262.00,,13.90,29.90
13/06/2024 14:45,0.00,262.00,,13.90,29.90
13/06/2024 14:30,0.00,262.00,,13.90,29.90
13/06/2024 14:15,0.00,262.00,,14.10,29.90
13/06/2024 14:00,0.00,263.00,,14.10,29.90
13/06/2024 13:45,0.00,263.00,,14.10,29.90
13/06/2024 13:30,0.00,263.00,,14.10,29.90
13/06/2024 13:15,0.00,263.00,,14.10,29.40
13/06/2024 13:00,0.00,263.00,,14.10,29.40
13/06/2024 12:45,0.00,263.00,,14.10,29.40
13/06/2024 12:30,0.00,263.00,,14.10,29.40
13/06/2024 12:15,0.00,263.00,,14.20,27.20
13/06/2024 12:00,0.00,263.00,,14.20,27.20
13/06/2024 11:45,0.00,263.00,,14.20,27.20
13/06/2024 11:30,0.00,263.00,,14.20,27.20
13/06/2024 11:15,0.00,263.00,,14.30,24.80
13/06/2024 11:00,0.00,263.00,,14.30,24.80
13/06/2024 10:45,0.00,263.00,,14.30,24.80
13/06/2024 10:30,0.00,263.00,,14.30,24.80
13/06/2024 10:15,0.00,264.00,,14.30,22.60
13/06/2024 10:00,0.00,264.00,,14.30,22.60
13/06/2024 09:45,0.00,264.00,,14.30,22.60
13/06/2024 09:30,0.00,264.00,,14.30,22.60
13/06/2024 09:15,0.00,264.00,,13.90,20.60
13/06/2024 09:00,0.00,264.00,,13.90,20.60
13/06/2024 08:45,0.00,264.00,,13.90,20.60
13/06/2024 08:30,0.00,264.00,,13.90,20.60
13/06/2024 08:15,0.00,264.00,,13.00,19.30
13/06/2024 08:00,0.00,265.00,,13.00,19.30
13/06/2024 07:45,0.00,265.00,,13.00,19.30
13/06/2024 07:30,0.00,265.00,,13.00,19.30
13/06/2024 07:15,0.00,265.00,,12.90,19.60
13/06/2024 07:00,0.00,266.00,,12.90,19.60
13/06/2024 06:45,0.00,266.00,,12.90,19.60
13/06/2024 06:30,0.00,266.00,,12.90,19.60
13/06/2024 06:15,0.00,266.00,,13.00,18.60
13/06/2024 06:00,0.00,266.00,,13.00,18.60
13/06/2024 05:45,0.00,266.00,,13.00,18.60
13/06/2024 05:30,0.00,267.00,,13.00,18.60
13/06/2024 05:15,0.00,267.00,,13.00,19.10
13/06/2024 05:00,0.00,267.00,,13.00,19.10
13/06/2024 04:45,0.00,267.00,,13.00,19.10
13/06/2024 04:30,0.00,267.00,,13.00,19.10
13/06/2024 04:15,0.00,268.00,,13.00,18.80
13/06/2024 04:00,0.00,268.00,,13.00,18.80
13/06/2024 03:45,0.00,268.00,,13.00,18.80
13/06/2024 03:30,0.00,268.00,,13.00,18.80
13/06/2024 03:15,0.00,268.00,,13.00,19.30
13/06/2024 03:00,0.00,269.00,,13.00,19.30
13/06/2024 02:45,0.00,269.00,,13.00,19.30
13/06/2024 02:30,0.00,269.00,,13.00,19.30
13/06/2024 02:15,0.00,269.00,,13.00,20.10
13/06/2024 02:00,0.00,270.00,,13.00,20.10
13/06/2024 01:45,0.00,270.00,,13.00,20.10
13/06/2024 01:30,0.00,270.00,,13.00,20.10
13/06/2024 01:15,0.00,270.00,,13.10,20.80
13/06/2024 01:00,0.00,271.00,,13.10,20.80
13/06/2024 00:45,0.00,271.00,,13.10,20.80
13/06/2024 00:30,0.00,271.00,,13.10,20.80
13/06/2024 00:15,0.00,271.00,,13.10,21.90
13/06/2024 00:00,0.00,271.00,,13.10,21.90
12/06/2024 23:45,0.00,271.00,,13.10,21.90
12/06/2024 23:30,0.00,271.00,,13.10,21.90
12/06/2024 23:15,0.00,271.00,,13.10,22.20
12/06/2024 23:00,0.00,271.00,,13.10,22.20
12/06/2024 22:45,0.00,271.00,,13.10,22.20
12/06/2024 22:30,0.00,271.00,,13.10,22.20
12/06/2024 22:15,0.00,270.00,,13.10,23.30
12/06/2024 22:00,0.00,270.00,,13.10,23.30
12/06/2024 21:45,0.00,270.00,,13.10,23.30
12/06/2024 21:30,0.00,269.00,,13.10,23.30
12/06/2024 21:15,0.00,269.00,,13.10,25.40
12/06/2024 21:00,0.00,269.00,,13.10,25.40
12/06/2024 20:45,0.00,269.00,,13.10,25.40
12/06/2024 20:30,0.00,268.00,,13.10,25.40
12/06/2024 20:15,0.00,268.00,,13.20,25.60
12/06/2024 20:00,0.00,268.00,,13.20,25.60
12/06/2024 19:45,0.00,268.00,,13.20,25.60
12/06/2024 19:30,0.00,268.00,,13.20,25.60
12/06/2024 19:15,0.00,267.00,,13.20,25.40
12/06/2024 19:00,0.00,267.00,,13.20,25.40
12/06/2024 18:45,0.00,267.00,,13.20,25.40
12/06/2024 18:30,0.00,267.00,,13.20,25.40
12/06/2024 18:15,0.00,268.00,,13.50,27.40
12/06/2024 18:00,0.00,267.00,,13.50,27.40
12/06/2024 17:45,0.00,268.00,,13.50,27.40
12/06/2024 17:30,0.00,268.00,,13.50,27.40
12/06/2024 17:15,0.00,268.00,,13.70,30.30
12/06/2024 17:00,0.00,268.00,,13.70,30.30
12/06/2024 16:45,0.00,268.00,,13.70,30.30
12/06/2024 16:30,0.00,268.00,,13.70,30.30
12/06/2024 16:15,0.00,268.00,,14.00,30.90
12/06/2024 16:00,0.00,268.00,,14.00,30.90
12/06/2024 15:45,0.00,268.00,,14.00,30.90
12/06/2024 15:30,0.00,268.00,,14.00,30.90
12/06/2024 15:15,0.00,268.00,,14.10,29.10
12/06/2024 15:00,0.00,268.00,,14.10,29.10
12/06/2024 14:45,0.00,268.00,,14.10,29.10
12/06/2024 14:30,0.00,268.00,,14.10,29.10
12/06/2024 14:15,0.00,268.00,,14.20,26.80
12/06/2024 14:00,0.00,268.00,,14.20,26.80
12/06/2024 13:45,0.00,268.00,,14.20,26.80
12/06/2024 13:30,0.00,268.00,,14.20,26.80
12/06/2024 13:15,0.00,268.00,,14.20,25.10
12/06/2024 13:00,0.00,268.00,,14.20,25.10
12/06/2024 12:45,0.00,268.00,,14.20,25.10
12/06/2024 12:30,0.00,269.00,,14.20,25.10
12/06/2024 12:15,0.00,269.00,,14.30,24.30
12/06/2024 12:00,0.00,269.00,,14.30,24.30
12/06/2024 11:45,0.00,269.00,,14.30,24.30
12/06/2024 11:30,0.00,269.00,,14.30,24.30
12/06/2024 11:15,0.00,269.00,,14.40,22.20
12/06/2024 11:00,0.00,270.00,,14.40,22.20
12/06/2024 10:45,0.00,270.00,,14.40,22.20
12/06/2024 10:30,0.00,270.00,,14.40,22.20
12/06/2024 10:15,0.00,270.00,,14.20,19.10
12/06/2024 10:00,0.00,271.00,,14.20,19.10
12/06/2024 09:45,0.00,271.00,,14.20,19.10
12/06/2024 09:30,0.00,271.00,,14.20,19.10
12/06/2024 09:15,0.00,271.00,,13.30,18.50
12/06/2024 09:00,0.00,272.00,,13.30,18.50
12/06/2024 08:45,0.00,272.00,,13.30,18.50
12/06/2024 08:30,0.00,272.00,,13.30,18.50
12/06/2024 08:15,0.00,272.00,,12.90,18.30
12/06/2024 08:00,0.00,273.00,,12.90,18.30
12/06/2024 07:45,0.00,273.00,,12.90,18.30
12/06/2024 07:30,0.00,273.00,,12.90,18.30
12/06/2024 07:15,0.00,273.00,,12.90,18.50
12/06/2024 07:00,0.00,273.00,,12.90,18.50
12/06/2024 06:45,0.00,273.00,,12.90,18.50
12/06/2024 06:30,0.00,273.00,,12.90,18.50
12/06/2024 06:15,0.00,274.00,,12.90,18.60
12/06/2024 06:00,0.00,274.00,,12.90,18.60
12/06/2024 05:45,0.00,274.00,,12.90,18.60
12/06/2024 05:30,0.00,274.00,,12.90,18.60
12/06/2024 05:15,0.00,274.00,,12.90,18.50
12/06/2024 05:00,0.00,274.00,,12.90,18.50
12/06/2024 04:45,0.00,274.00,,12.90,18.50
12/06/2024 04:30,0.00,274.00,,12.90,18.50
12/06/2024 04:15,0.00,274.00,,13.00,18.50
12/06/2024 04:00,0.00,274.00,,13.00,18.50
12/06/2024 03:45,0.00,274.00,,13.00,18.50
12/06/2024 03:30,0.00,274.00,,13.00,18.50
12/06/2024 03:15,0.00,274.00,,13.00,18.50
12/06/2024 03:00,0.00,274.00,,13.00,18.50
12/06/2024 02:45,0.00,274.00,,13.00,18.50
12/06/2024 02:30,0.00,274.00,,13.00,18.50
12/06/2024 02:15,0.00,275.00,,13.00,18.50
12/06/2024 02:00,0.00,275.00,,13.00,18.50
12/06/2024 01:45,0.00,275.00,,13.00,18.50
12/06/2024 01:30,0.00,275.00,,13.00,18.50
12/06/2024 01:15,0.00,276.00,,13.00,18.70
12/06/2024 01:00,0.00,276.00,,13.00,18.70
12/06/2024 00:45,0.00,276.00,,13.00,18.70
12/06/2024 00:30,0.00,276.00,,13.00,18.70
12/06/2024 00:15,0.00,277.00,,13.10,18.80
12/06/2024 00:00,0.00,277.00,,13.10,18.80
11/06/2024 23:45,0.00,277.00,,13.10,18.80
11/06/2024 23:30,0.00,277.00,,13.10,18.80
11/06/2024 23:15,0.00,278.00,,13.10,19.20
11/06/2024 23:00,0.00,278.00,,13.10,19.20
11/06/2024 22:45,0.00,278.00,,13.10,19.20
11/06/2024 22:30,0.00,279.00,,13.10,19.20
11/06/2024 22:15,0.00,279.00,,13.10,19.50
11/06/2024 22:00,0.00,279.00,,13.10,19.50
11/06/2024 21:45,0.00,279.00,,13.10,19.50
11/06/2024 21:30,0.00,280.00,,13.10,19.50
11/06/2024 21:15,0.00,280.00,,13.10,20.10
11/06/2024 21:00,0.00,280.00,,13.10,20.10
11/06/2024 20:45,0.00,280.00,,13.10,20.10
11/06/2024 20:30,0.00,280.00,,13.10,20.10
11/06/2024 20:15,0.00,281.00,,13.10,20.60
11/06/2024 20:00,0.00,281.00,,13.10,20.60
11/06/2024 19:45,0.00,281.00,,13.10,20.60
11/06/2024 19:30,0.00,281.00,,13.10,20.60
11/06/2024 19:15,0.00,281.00,,13.20,21.10
11/06/2024 19:00,0.00,281.00,,13.20,21.10
11/06/2024 18:45,0.00,281.00,,13.20,21.10
11/06/2024 18:30,0.00,281.00,,13.20,21.10
11/06/2024 18:15,0.00,281.00,,13.30,21.20
11/06/2024 18:00,0.00,282.00,,13.30,21.20
11/06/2024 17:45,0.00,281.00,,13.30,21.20
11/06/2024 17:30,0.00,282.00,,13.30,21.20
11/06/2024 17:15,0.00,281.00,,13.90,21.30
11/06/2024 17:00,0.00,282.00,,13.90,21.30
11/06/2024 16:45,0.00,282.00,,13.90,21.30
11/06/2024 16:30,0.00,282.00,,13.90,21.30
11/06/2024 16:15,0.00,282.00,,14.30,21.70
11/06/2024 16:00,0.00,282.00,,14.30,21.70
11/06/2024 15:45,0.00,282.00,,14.30,21.70
11/06/2024 15:30,0.00,282.00,,14.30,21.70
11/06/2024 15:15,0.00,282.00,,14.30,21.10
11/06/2024 15:00,0.00,283.00,,14.30,21.10
11/06/2024 14:45,0.00,283.00,,14.30,21.10
11/06/2024 14:30,0.00,283.00,,14.30,21.10
11/06/2024 14:15,0.00,283.00,,14.40,20.20
11/06/2024 14:00,0.00,283.00,,14.40,20.20
11/06/2024 13:45,0.00,284.00,,14.40,20.20
11/06/2024 13:30,0.00,284.00,,14.40,20.20
11/06/2024 13:15,0.00,285.00,,14.40,19.20
11/06/2024 13:00,0.00,285.00,,14.40,19.20
11/06/2024 12:45,0.00,285.00,,14.40,19.20
11/06/2024 12:30,0.00,285.00,,14.40,19.20
11/06/2024 12:15,0.00,285.00,,14.10,19.40
11/06/2024 12:00,0.00,285.00,,14.10,19.40
11/06/2024 11:45,0.00,284.00,,14.10,19.40
11/06/2024 11:30,0.00,285.00,,14.10,19.40
11/06/2024 11:15,0.00,284.00,,14.10,20.00
11/06/2024 11:00,0.00,284.00,,14.10,20.00
11/06/2024 10:45,0.00,284.00,,14.10,20.00
11/06/2024 10:30,0.00,284.00,,14.10,20.00
11/06/2024 10:15,0.00,284.00,,13.90,19.40
11/06/2024 10:00,0.00,284.00,,13.90,19.40
11/06/2024 09:45,0.00,284.00,,13.90,19.40
11/06/2024 09:30,0.00,284.00,,13.90,19.40
11/06/2024 09:15,0.00,284.00,,13.10,18.40
11/06/2024 09:00,0.00,284.00,,13.10,18.40
11/06/2024 08:45,0.00,284.00,,13.10,18.40
11/06/2024 08:30,0.00,284.00,,13.10,18.40
11/06/2024 08:15,0.00,284.00,,12.90,17.90
11/06/2024 08:00,0.00,284.00,,12.90,17.90
11/06/2024 07:45,0.00,284.00,,12.90,17.90
11/06/2024 07:30,0.00,284.00,,12.90,17.90
11/06/2024 07:15,0.00,285.00,,12.90,17.80
11/06/2024 07:00,0.00,285.00,,12.90,17.80
11/06/2024 06:45,0.00,285.00,,12.90,17.80
11/06/2024 06:30,0.00,285.00,,12.90,17.80
11/06/2024 06:15,0.00,285.00,,12.90,17.80
11/06/2024 06:00,0.00,285.00,,12.90,17.80
11/06/2024 05:45,0.00,285.00,,12.90,17.80
11/06/2024 05:30,0.00,285.00,,12.90,17.80
11/06/2024 05:15,0.00,285.00,,13.00,17.70
11/06/2024 05:00,0.00,286.00,,13.00,17.70
11/06/2024 04:45,0.00,286.00,,13.00,17.70
11/06/2024 04:30,0.00,286.00,,13.00,17.70
11/06/2024 04:15,0.00,286.00,,13.00,17.80
11/06/2024 04:00,0.00,286.00,,13.00,17.80
11/06/2024 03:45,0.00,286.00,,13.00,17.80
11/06/2024 03:30,0.00,287.00,,13.00,17.80
11/06/2024 03:15,0.00,287.00,,13.00,17.80
11/06/2024 03:00,0.00,288.00,,13.00,17.80
11/06/2024 02:45,0.00,288.00,,13.00,17.80
11/06/2024 02:30,0.00,288.00,,13.00,17.80
11/06/2024 02:15,0.00,288.00,,13.00,17.80
11/06/2024 02:00,0.00,289.00,,13.00,17.80
11/06/2024 01:45,0.00,289.00,,13.00,17.80
11/06/2024 01:30,0.00,289.00,,13.00,17.80
11/06/2024 01:15,0.00,289.00,,13.00,18.10
11/06/2024 01:00,0.00,289.00,,13.00,18.10
11/06/2024 00:45,0.00,289.00,,13.00,18.10
11/06/2024 00:30,0.00,289.00,,13.00,18.10
11/06/2024 00:15,0.00,289.00,,13.10,18.40
11/06/2024 00:00,0.00,289.00,,13.10,18.40
10/06/2024 23:45,0.00,290.00,,13.10,18.40
10/06/2024 23:30,0.00,290.00,,13.10,18.40
10/06/2024 23:15,0.00,290.00,,13.10,18.40
10/06/2024 23:00,0.00,291.00,,13.10,18.40
10/06/2024 22:45,0.00,291.00,,13.10,18.40
10/06/2024 22:30,0.00,291.00,,13.10,18.40
10/06/2024 22:15,0.00,291.00,,13.10,18.80
10/06/2024 22:00,0.00,291.00,,13.10,18.80
10/06/2024 21:45,0.00,291.00,,13.10,18.80
10/06/2024 21:30,0.00,291.00,,13.10,18.80
10/06/2024 21:15,0.00,291.00,,13.10,19.80
10/06/2024 21:00,0.00,291.00,,13.10,19.80
10/06/2024 20:45,0.00,291.00,,13.10,19.80
10/06/2024 20:30,0.00,291.00,,13.10,19.80
10/06/2024 20:15,0.00,290.00,,13.10,20.80
10/06/2024 20:00,0.00,290.00,,13.10,20.80
10/06/2024 19:45,0.00,291.00,,13.10,20.80
10/06/2024 19:30,0.00,291.00,,13.10,20.80
10/06/2024 19:15,0.00,292.00,,13.20,21.40
10/06/2024 19:00,0.00,292.00,,13.20,21.40
10/06/2024 18:45,0.00,293.00,,13.20,21.40
10/06/2024 18:30,0.00,293.00,,13.20,21.40
10/06/2024 18:15,0.00,293.00,,13.60,22.00
10/06/2024 18:00,0.00,294.00,,13.60,22.00
10/06/2024 17:45,0.00,294.00,,13.60,22.00
10/06/2024 17:30,0.00,294.00,,13.60,22.00
10/06/2024 17:15,0.00,295.00,,14.00,23.50
10/06/2024 17:00,0.00,295.00,,14.00,23.50
10/06/2024 16:45,0.00,295.00,,14.00,23.50
10/06/2024 16:30,0.00,296.00,,14.00,23.50
10/06/2024 16:15,0.00,296.00,,13.90,24.10
10/06/2024 16:00,0.00,297.00,,13.90,24.10
10/06/2024 15:45,0.00,297.00,,13.90,24.10
10/06/2024 15:30,0.00,297.00,,13.90,24.10
10/06/2024 15:15,0.00,297.00,,14.10,23.90
10/06/2024 15:00,0.00,296.00,,14.10,23.90
10/06/2024 14:45,0.00,296.00,,14.10,23.90
10/06/2024 14:30,0.00,295.00,,14.10,23.90
10/06/2024 14:15,0.00,293.00,,14.20,24.80
10/06/2024 14:00,0.00,292.00,,14.20,24.80
10/06/2024 13:45,0.00,292.00,,14.20,24.80
10/06/2024 13:30,0.00,290.00,,14.20,24.80
10/06/2024 13:15,0.00,289.00,,14.10,27.70
10/06/2024 13:00,0.00,289.00,,14.10,27.70
10/06/2024 12:45,0.00,289.00,,14.10,27.70
10/06/2024 12:30,0.00,289.00,,14.10,27.70
10/06/2024 12:15,0.00,289.00,,14.20,26.40
10/06/2024 12:00,0.00,289.00,,14.20,26.40
10/06/2024 11:45,0.00,289.00,,14.20,26.40
10/06/2024 11:30,0.00,289.00,,14.20,26.40
10/06/2024 11:15,0.00,289.00,,14.30,23.90
10/06/2024 11:00,0.00,289.00,,14.30,23.90
10/06/2024 10:45,0.00,288.00,,14.30,23.90
10/06/2024 10:30,0.00,288.00,,14.30,23.90
10/06/2024 10:15,0.00,288.00,,14.30,22.60
10/06/2024 10:00,0.00,288.00,,14.30,22.60
10/06/2024 09:45,0.00,287.00,,14.30,22.60
10/06/2024 09:30,0.00,287.00,,14.30,22.60
10/06/2024 09:15,0.00,287.00,,13.90,21.40
10/06/2024 09:00,0.00,286.00,,13.90,21.40
10/06/2024 08:45,0.00,286.00,,13.90,21.40
10/06/2024 08:30,0.00,286.00,,13.90,21.40
10/06/2024 08:15,0.00,286.00,,13.00,20.10
10/06/2024 08:00,0.00,285.00,,13.00,20.10
10/06/2024 07:45,0.00,285.00,,13.00,20.10
10/06/2024 07:30,0.00,285.00,,13.00,20.10
10/06/2024 07:15,0.00,285.00,,13.00,19.90
10/06/2024 07:00,0.00,285.00,,13.00,19.90
10/06/2024 06:45,0.00,285.00,,13.00,19.90
10/06/2024 06:30,0.00,284.00,,13.00,19.90
10/06/2024 06:15,0.00,284.00,,13.00,21.90
10/06/2024 06:00,0.00,284.00,,13.00,21.90
10/06/2024 05:45,0.00,284.00,,13.00,21.90
10/06/2024 05:30,0.00,283.00,,13.00,21.90
10/06/2024 05:15,0.00,284.00,,13.00,22.30
10/06/2024 05:00,0.00,284.00,,13.00,22.30
10/06/2024 04:45,0.00,284.00,,13.00,22.30
10/06/2024 04:30,0.00,284.00,,13.00,22.30
10/06/2024 04:15,0.00,284.00,,13.00,22.40
10/06/2024 04:00,0.00,284.00,,13.00,22.40
10/06/2024 03:45,0.00,284.00,,13.00,22.40
10/06/2024 03:30,0.00,285.00,,13.00,22.40
10/06/2024 03:15,0.00,285.00,,13.00,22.40
10/06/2024 03:00,0.00,285.00,,13.00,22.40
10/06/2024 02:45,0.00,285.00,,13.00,22.40
10/06/2024 02:30,0.00,285.00,,13.00,22.40
10/06/2024 02:15,0.00,285.00,,13.00,22.80
10/06/2024 02:00,0.00,285.00,,13.00,22.80
10/06/2024 01:45,0.00,285.00,,13.00,22.80
10/06/2024 01:30,0.00,286.00,,13.00,22.80
10/06/2024 01:15,0.00,286.00,,13.10,23.20
10/06/2024 01:00,0.00,286.00,,13.10,23.20
10/06/2024 00:45,0.00,286.00,,13.10,23.20
10/06/2024 00:30,0.00,286.00,,13.10,23.20
10/06/2024 00:15,0.00,287.00,,13.10,23.80
10/06/2024 00:00,0.00,287.00,,13.10,23.80
09/06/2024 23:45,0.00,287.00,,13.10,23.80
09/06/2024 23:30,0.00,287.00,,13.10,23.80
09/06/2024 23:15,0.00,288.00,,13.10,24.30
09/06/2024 23:00,0.00,288.00,,13.10,24.30
09/06/2024 22:45,0.00,288.00,,13.10,24.30
09/06/2024 22:30,0.00,289.00,,13.10,24.30
09/06/2024 22:15,0.00,289.00,,13.10,25.60
09/06/2024 22:00,0.00,289.00,,13.10,25.60
09/06/2024 21:45,0.00,290.00,,13.10,25.60
09/06/2024 21:30,0.00,290.00,,13.10,25.60
09/06/2024 21:15,0.00,291.00,,13.10,26.30
09/06/2024 21:00,0.00,291.00,,13.10,26.30
09/06/2024 20:45,0.00,291.00,,13.10,26.30
09/06/2024 20:30,0.00,291.00,,13.10,26.30
09/06/2024 20:15,0.00,291.00,,13.20,26.90
09/06/2024 20:00,0.00,291.00,,13.20,26.90
09/06/2024 19:45,0.00,291.00,,13.20,26.90
09/06/2024 19:30,0.00,291.00,,13.20,26.90
09/06/2024 19:15,0.00,291.00,,13.20,26.80
09/06/2024 19:00,0.00,290.00,,13.20,26.80
09/06/2024 18:45,0.00,290.00,,13.20,26.80
09/06/2024 18:30,0.00,290.00,,13.20,26.80
09/06/2024 18:15,0.00,290.00,,13.50,28.40
09/06/2024 18:00,0.00,289.00,,13.50,28.40
09/06/2024 17:45,0.00,289.00,,13.50,28.40
09/06/2024 17:30,0.00,290.00,,13.50,28.40
09/06/2024 17:15,0.00,290.00,,13.70,29.70
09/06/2024 17:00,0.00,290.00,,13.70,29.70
09/06/2024 16:45,0.00,290.00,,13.70,29.70
09/06/2024 16:30,0.00,290.00,,13.70,29.70
09/06/2024 16:15,0.00,290.00,,13.70,31.60
09/06/2024 16:00,0.00,290.00,,13.70,31.60
09/06/2024 15:45,0.00,290.00,,13.70,31.60
09/06/2024 15:30,0.00,290.00,,13.70,31.60
09/06/2024 15:15,0.00,289.00,,14.00,31.30
09/06/2024 15:00,0.00,289.00,,14.00,31.30
09/06/2024 14:45,0.00,289.00,,14.00,31.30
09/06/2024 14:30,0.00,289.00,,14.00,31.30
09/06/2024 14:15,0.00,289.00,,14.10,29.80
09/06/2024 14:00,0.00,289.00,,14.10,29.80
09/06/2024 13:45,0.00,289.00,,14.10,29.80
09/06/2024 13:30,0.00,289.00,,14.10,29.80
09/06/2024 13:15,0.00,289.00,,14.10,27.80
09/06/2024 13:00,0.00,289.00,,14.10,27.80
09/06/2024 12:45,0.00,289.00,,14.10,27.80
09/06/2024 12:30,0.00,290.00,,14.10,27.80
09/06/2024 12:15,0.00,289.00,,14.20,26.90
09/06/2024 12:00,0.00,289.00,,14.20,26.90
09/06/2024 11:45,0.00,289.00,,14.20,26.90
09/06/2024 11:30,0.00,290.00,,14.20,26.90
09/06/2024 11:15,0.00,290.00,,14.30,23.90
09/06/2024 11:00,0.00,290.00,,14.30,23.90
09/06/2024 10:45,0.00,290.00,,14.30,23.90
09/06/2024 10:30,0.00,290.00,,14.30,23.90
09/06/2024 10:15,0.00,290.00,,14.40,21.00
09/06/2024 10:00,0.00,291.00,,14.40,21.00
09/06/2024 09:45,0.00,291.00,,14.40,21.00
09/06/2024 09:30,0.00,291.00,,14.40,21.00
09/06/2024 09:15,0.00,291.00,,14.00,18.60
09/06/2024 09:00,0.00,291.00,,14.00,18.60
09/06/2024 08:45,0.00,292.00,,14.00,18.60
09/06/2024 08:30,0.00,292.00,,14.00,18.60
09/06/2024 08:15,0.00,292.00,,13.00,17.00
09/06/2024 08:00,0.00,292.00,,13.00,17.00
09/06/2024 07:45,0.00,292.00,,13.00,17.00
09/06/2024 07:30,0.00,293.00,,13.00,17.00
09/06/2024 07:15,0.00,293.00,,12.90,16.80
09/06/2024 07:00,0.00,293.00,,12.90,16.80
09/06/2024 06:45,0.00,293.00,,12.90,16.80
09/06/2024 06:30,0.00,293.00,,12.90,16.80
09/06/2024 06:15,0.00,293.00,,12.90,16.80
09/06/2024 06:00,0.00,294.00,,12.90,16.80
09/06/2024 05:45,0.00,294.00,,12.90,16.80
09/06/2024 05:30,0.00,294.00,,12.90,16.80
09/06/2024 05:15,0.00,294.00,,12.90,17.00
09/06/2024 05:00,0.00,294.00,,12.90,17.00
09/06/2024 04:45,0.00,294.00,,12.90,17.00
09/06/2024 04:30,0.00,295.00,,12.90,17.00
09/06/2024 04:15,0.00,295.00,,13.00,17.20
09/06/2024 04:00,0.00,295.00,,13.00,17.20
09/06/2024 03:45,0.00,295.00,,13.00,17.20
09/06/2024 03:30,0.00,295.00,,13.00,17.20
09/06/2024 03:15,0.00,296.00,,13.00,17.50
09/06/2024 03:00,0.00,296.00,,13.00,17.50
09/06/2024 02:45,0.00,296.00,,13.00,17.50
09/06/2024 02:30,0.00,296.00,,13.00,17.50
09/06/2024 02:15,0.00,296.00,,13.00,17.50
09/06/2024 02:00,0.00,297.00,,13.00,17.50
09/06/2024 01:45,0.00,297.00,,13.00,17.50
09/06/2024 01:30,0.00,297.00,,13.00,17.50
09/06/2024 01:15,0.00,297.00,,13.00,17.70
09/06/2024 01:00,0.00,297.00,,13.00,17.70
09/06/2024 00:45,0.00,298.00,,13.00,17.70
09/06/2024 00:30,0.00,298.00,,13.00,17.70
09/06/2024 00:15,0.00,298.00,,13.10,17.80
09/06/2024 00:00,0.00,298.00,,13.10,17.80
08/06/2024 23:45,0.00,298.00,,13.10,17.80
08/06/2024 23:30,0.00,298.00,,13.10,17.80
08/06/2024 23:15,0.00,299.00,,13.10,18.00
08/06/2024 23:00,0.00,299.00,,13.10,18.00
08/06/2024 22:45,0.00,299.00,,13.10,18.00
08/06/2024 22:30,0.00,299.00,,13.10,18.00
08/06/2024 22:15,0.00,299.00,,13.10,18.00
08/06/2024 22:00,0.00,300.00,,13.10,18.00
08/06/2024 21:45,0.00,300.00,,13.10,18.00
08/06/2024 21:30,0.00,300.00,,13.10,18.00
08/06/2024 21:15,0.00,301.00,,13.10,18.50
08/06/2024 21:00,0.00,301.00,,13.10,18.50
08/06/2024 20:45,0.00,301.00,,13.10,18.50
08/06/2024 20:30,0.00,301.00,,13.10,18.50
08/06/2024 20:15,0.00,301.00,,13.10,18.60
08/06/2024 20:00,0.00,301.00,,13.10,18.60
08/06/2024 19:45,0.00,301.00,,13.10,18.60
08/06/2024 19:30,0.00,302.00,,13.10,18.60
08/06/2024 19:15,0.00,301.00,,13.20,18.90
08/06/2024 19:00,0.00,302.00,,13.20,18.90
08/06/2024 18:45,0.00,302.00,,13.20,18.90
08/06/2024 18:30,0.00,302.00,,13.20,18.90
08/06/2024 18:15,0.00,302.00,,13.50,20.00
08/06/2024 18:00,0.00,302.00,,13.50,20.00
08/06/2024 17:45,0.00,302.00,,13.50,20.00
08/06/2024 17:30,0.00,302.00,,13.50,20.00
08/06/2024 17:15,0.00,302.00,,14.00,21.50
08/06/2024 17:00,0.00,302.00,,14.00,21.50
08/06/2024 16:45,0.00,302.00,,14.00,21.50
08/06/2024 16:30,0.00,302.00,,14.00,21.50
08/06/2024 16:15,0.00,302.00,,14.10,21.90
08/06/2024 16:00,0.00,302.00,,14.10,21.90
08/06/2024 15:45,0.00,302.00,,14.10,21.90
08/06/2024 15:30,0.00,303.00,,14.10,21.90
08/06/2024 15:15,0.00,303.00,,14.30,22.00
08/06/2024 15:00,0.00,303.00,,14.30,22.00
08/06/2024 14:45,0.00,303.00,,14.30,22.00
08/06/2024 14:30,0.00,303.00,,14.30,22.00
08/06/2024 14:15,0.00,303.00,,14.30,21.60
08/06/2024 14:00,0.00,303.00,,14.30,21.60
08/06/2024 13:45,0.00,303.00,,14.30,21.60
08/06/2024 13:30,0.00,304.00,,14.30,21.60
08/06/2024 13:15,0.00,304.00,,14.40,20.70
08/06/2024 13:00,0.00,304.00,,14.40,20.70
08/06/2024 12:45,0.00,304.00,,14.40,20.70
08/06/2024 12:30,0.00,304.00,,14.40,20.70
08/06/2024 12:15,0.00,304.00,,14.40,19.90
08/06/2024 12:00,0.00,304.00,,14.40,19.90
08/06/2024 11:45,0.00,304.00,,14.40,19.90
08/06/2024 11:30,0.00,304.00,,14.40,19.90
08/06/2024 11:15,0.00,304.00,,14.40,18.10
08/06/2024 11:00,0.00,304.00,,14.40,18.10
08/06/2024 10:45,0.00,304.00,,14.40,18.10
08/06/2024 10:30,0.00,304.00,,14.40,18.10
08/06/2024 10:15,0.00,305.00,,14.30,17.20
08/06/2024 10:00,0.00,305.00,,14.30,17.20
08/06/2024 09:45,0.00,305.00,,14.30,17.20
08/06/2024 09:30,0.00,305.00,,14.30,17.20
08/06/2024 09:15,0.00,305.00,,13.70,16.60
08/06/2024 09:00,0.20,305.00,,13.70,16.60
08/06/2024 08:45,0.00,305.00,,13.70,16.60
08/06/2024 08:30,0.00,305.00,,13.70,16.60
08/06/2024 08:15,0.00,305.00,,13.00,16.50
08/06/2024 08:00,0.00,306.00,,13.00,16.50
08/06/2024 07:45,0.00,306.00,,13.00,16.50
08/06/2024 07:30,0.00,306.00,,13.00,16.50
08/06/2024 07:15,0.00,306.00,,12.90,16.60
08/06/2024 07:00,0.00,306.00,,12.90,16.60
08/06/2024 06:45,0.00,306.00,,12.90,16.60
08/06/2024 06:30,0.00,306.00,,12.90,16.60
08/06/2024 06:15,0.00,306.00,,13.00,16.50
08/06/2024 06:00,0.00,306.00,,13.00,16.50
08/06/2024 05:45,0.00,306.00,,13.00,16.50
08/06/2024 05:30,0.00,307.00,,13.00,16.50
08/06/2024 05:15,0.00,307.00,,13.00,16.90
08/06/2024 05:00,0.00,307.00,,13.00,16.90
08/06/2024 04:45,0.00,307.00,,13.00,16.90
08/06/2024 04:30,0.00,307.00,,13.00,16.90
08/06/2024 04:15,0.00,307.00,,13.00,16.90
08/06/2024 04:00,0.00,307.00,,13.00,16.90
08/06/2024 03:45,0.00,307.00,,13.00,16.90
08/06/2024 03:30,0.00,307.00,,13.00,16.90
08/06/2024 03:15,0.00,307.00,,13.00,17.10
08/06/2024 03:00,0.00,307.00,,13.00,17.10
08/06/2024 02:45,0.00,307.00,,13.00,17.10
08/06/2024 02:30,0.00,307.00,,13.00,17.10
08/06/2024 02:15,0.00,307.00,,13.00,17.30
08/06/2024 02:00,0.00,308.00,,13.00,17.30
08/06/2024 01:45,0.00,308.00,,13.00,17.30
08/06/2024 01:30,0.00,308.00,,13.00,17.30
08/06/2024 01:15,0.00,308.00,,13.00,17.90
08/06/2024 01:00,0.00,308.00,,13.00,17.90
08/06/2024 00:45,0.00,308.00,,13.00,17.90
08/06/2024 00:30,0.00,308.00,,13.00,17.90
08/06/2024 00:15,0.00,308.00,,13.10,18.40
08/06/2024 00:00,0.00,308.00,,13.10,18.40
07/06/2024 23:45,0.00,308.00,,13.10,18.40
07/06/2024 23:30,0.00,309.00,,13.10,18.40
07/06/2024 23:15,0.00,309.00,,13.10,18.90
07/06/2024 23:00,0.00,309.00,,13.10,18.90
07/06/2024 22:45,0.00,309.00,,13.10,18.90
07/06/2024 22:30,0.00,309.00,,13.10,18.90
07/06/2024 22:15,0.00,309.00,,13.10,19.80
07/06/2024 22:00,0.00,310.00,,13.10,19.80
07/06/2024 21:45,0.00,310.00,,13.10,19.80
07/06/2024 21:30,0.00,310.00,,13.10,19.80
07/06/2024 21:15,0.00,309.00,,13.10,21.00
07/06/2024 21:00,0.00,309.00,,13.10,21.00
07/06/2024 20:45,0.00,309.00,,13.10,21.00
07/06/2024 20:30,0.00,309.00,,13.10,21.00
07/06/2024 20:15,0.00,309.00,,13.10,21.70
07/06/2024 20:00,0.00,309.00,,13.10,21.70
07/06/2024 19:45,0.00,310.00,,13.10,21.70
07/06/2024 19:30,0.00,310.00,,13.10,21.70
07/06/2024 19:15,0.00,310.00,,13.20,23.00
07/06/2024 19:00,0.00,310.00,,13.20,23.00
07/06/2024 18:45,0.00,310.00,,13.20,23.00
07/06/2024 18:30,0.00,310.00,,13.20,23.00
07/06/2024 18:15,0.00,310.00,,13.50,24.60
07/06/2024 18:00,0.00,310.00,,13.50,24.60
07/06/2024 17:45,0.00,310.00,,13.50,24.60
07/06/2024 17:30,0.00,310.00,,13.50,24.60
07/06/2024 17:15,0.00,310.00,,13.80,28.60
07/06/2024 17:00,0.00,310.00,,13.80,28.60
07/06/2024 16:45,0.00,310.00,,13.80,28.60
07/06/2024 16:30,0.00,310.00,,13.80,28.60
07/06/2024 16:15,0.00,310.00,,13.70,29.80
07/06/2024 16:00,0.00,310.00,,13.70,29.80
07/06/2024 15:45,0.00,310.00,,13.70,29.80
07/06/2024 15:30,0.00,310.00,,13.70,29.80
07/06/2024 15:15,0.00,310.00,,13.90,29.90
07/06/2024 15:00,0.00,310.00,,13.90,29.90
07/06/2024 14:45,0.00,310.00,,13.90,29.90
07/06/2024 14:30,0.00,310.00,,13.90,29.90
07/06/2024 14:15,0.00,310.00,,14.10,29.30
07/06/2024 14:00,0.00,310.00,,14.10,29.30
07/06/2024 13:45,0.00,310.00,,14.10,29.30
07/06/2024 13:30,0.00,310.00,,14.10,29.30
07/06/2024 13:15,0.00,310.00,,14.20,27.40
07/06/2024 13:00,0.00,311.00,,14.20,27.40
07/06/2024 12:45,0.00,311.00,,14.20,27.40
07/06/2024 12:30,0.00,311.00,,14.20,27.40
07/06/2024 12:15,0.00,311.00,,14.20,25.00
07/06/2024 12:00,0.00,311.00,,14.20,25.00
07/06/2024 11:45,0.00,311.00,,14.20,25.00
07/06/2024 11:30,0.00,311.00,,14.20,25.00
07/06/2024 11:15,0.00,311.00,,14.30,24.40
07/06/2024 11:00,0.00,311.00,,14.30,24.40
07/06/2024 10:45,0.00,311.00,,14.30,24.40
07/06/2024 10:30,0.00,311.00,,14.30,24.40
07/06/2024 10:15,0.00,311.00,,14.40,21.00
07/06/2024 10:00,0.00,312.00,,14.40,21.00
07/06/2024 09:45,0.00,312.00,,14.40,21.00
07/06/2024 09:30,0.00,312.00,,14.40,21.00
07/06/2024 09:15,0.00,312.00,,14.10,17.90
07/06/2024 09:00,0.00,312.00,,14.10,17.90
07/06/2024 08:45,0.00,312.00,,14.10,17.90
07/06/2024 08:30,0.00,312.00,,14.10,17.90
07/06/2024 08:15,0.00,313.00,,13.00,17.20
07/06/2024 08:00,0.00,313.00,,13.00,17.20
07/06/2024 07:45,0.00,313.00,,13.00,17.20
07/06/2024 07:30,0.00,314.00,,13.00,17.20
07/06/2024 07:15,0.00,314.00,,12.90,17.20
07/06/2024 07:00,0.00,314.00,,12.90,17.20
07/06/2024 06:45,0.00,314.00,,12.90,17.20
07/06/2024 06:30,0.00,314.00,,12.90,17.20
07/06/2024 06:15,0.00,314.00,,13.00,17.40
07/06/2024 06:00,0.00,314.00,,13.00,17.40
07/06/2024 05:45,0.00,315.00,,13.00,17.40
07/06/2024 05:30,0.00,315.00,,13.00,17.40
07/06/2024 05:15,0.00,315.00,,13.00,17.80
07/06/2024 05:00,0.00,315.00,,13.00,17.80
07/06/2024 04:45,0.00,316.00,,13.00,17.80
07/06/2024 04:30,0.00,316.00,,13.00,17.80
07/06/2024 04:15,0.00,316.00,,13.00,17.50
07/06/2024 04:00,0.00,316.00,,13.00,17.50
07/06/2024 03:45,0.00,316.00,,13.00,17.50
07/06/2024 03:30,0.00,316.00,,13.00,17.50
07/06/2024 03:15,0.00,316.00,,13.00,18.50
07/06/2024 03:00,0.00,316.00,,13.00,18.50
07/06/2024 02:45,0.00,316.00,,13.00,18.50
07/06/2024 02:30,0.00,317.00,,13.00,18.50
07/06/2024 02:15,0.00,317.00,,13.00,18.50
07/06/2024 02:00,0.00,317.00,,13.00,18.50
07/06/2024 01:45,0.00,317.00,,13.00,18.50
07/06/2024 01:30,0.00,317.00,,13.00,18.50
07/06/2024 01:15,0.00,317.00,,13.10,18.90
07/06/2024 01:00,0.00,317.00,,13.10,18.90
07/06/2024 00:45,0.00,317.00,,13.10,18.90
07/06/2024 00:30,0.00,317.00,,13.10,18.90
07/06/2024 00:15,0.00,317.00,,13.10,19.50
07/06/2024 00:00,0.00,317.00,,13.10,19.50
06/06/2024 23:45,0.00,317.00,,13.10,19.50
06/06/2024 23:30,0.00,317.00,,13.10,19.50
06/06/2024 23:15,0.00,317.00,,13.10,19.20
06/06/2024 23:00,0.00,317.00,,13.10,19.20
06/06/2024 22:45,0.00,317.00,,13.10,19.20
06/06/2024 22:30,0.00,317.00,,13.10,19.20
06/06/2024 22:15,0.00,317.00,,13.10,19.20
06/06/2024 22:00,0.00,317.00,,13.10,19.20
06/06/2024 21:45,0.00,316.00,,13.10,19.20
06/06/2024 21:30,0.00,316.00,,13.10,19.20
06/06/2024 21:15,0.00,316.00,,13.10,20.50
06/06/2024 21:00,0.00,316.00,,13.10,20.50
06/06/2024 20:45,0.00,316.00,,13.10,20.50
06/06/2024 20:30,0.00,316.00,,13.10,20.50
06/06/2024 20:15,0.00,316.00,,13.10,21.40
06/06/2024 20:00,0.00,316.00,,13.10,21.40
06/06/2024 19:45,0.00,316.00,,13.10,21.40
06/06/2024 19:30,0.00,316.00,,13.10,21.40
06/06/2024 19:15,0.00,316.00,,13.20,22.30
06/06/2024 19:00,0.00,316.00,,13.20,22.30
06/06/2024 18:45,0.00,316.00,,13.20,22.30
06/06/2024 18:30,0.00,316.00,,13.20,22.30
06/06/2024 18:15,0.00,316.00,,13.40,23.50
06/06/2024 18:00,0.00,316.00,,13.40,23.50
06/06/2024 17:45,0.00,317.00,,13.40,23.50
06/06/2024 17:30,0.00,317.00,,13.40,23.50
06/06/2024 17:15,0.00,317.00,,13.80,26.30
06/06/2024 17:00,0.00,317.00,,13.80,26.30
06/06/2024 16:45,0.00,317.00,,13.80,26.30
06/06/2024 16:30,0.00,317.00,,13.80,26.30
06/06/2024 16:15,0.00,317.00,,13.80,29.30
06/06/2024 16:00,0.00,317.00,,13.80,29.30
06/06/2024 15:45,0.00,317.00,,13.80,29.30
06/06/2024 15:30,0.00,317.00,,13.80,29.30
06/06/2024 15:15,0.00,317.00,,14.10,29.90
06/06/2024 15:00,0.00,317.00,,14.10,29.90
06/06/2024 14:45,0.00,317.00,,14.10,29.90
06/06/2024 14:30,0.00,318.00,,14.10,29.90
06/06/2024 14:15,0.00,318.00,,14.20,28.10
06/06/2024 14:00,0.00,318.00,,14.20,28.10
06/06/2024 13:45,0.00,318.00,,14.20,28.10
06/06/2024 13:30,0.00,318.00,,14.20,28.10
06/06/2024 13:15,0.00,319.00,,14.20,25.40
06/06/2024 13:00,0.00,319.00,,14.20,25.40
06/06/2024 12:45,0.00,319.00,,14.20,25.40
06/06/2024 12:30,0.00,320.00,,14.20,25.40
06/06/2024 12:15,0.00,320.00,,14.30,24.30
06/06/2024 12:00,0.00,320.00,,14.30,24.30
06/06/2024 11:45,0.00,320.00,,14.30,24.30
06/06/2024 11:30,0.00,321.00,,14.30,24.30
06/06/2024 11:15,0.00,321.00,,14.40,21.50
06/06/2024 11:00,0.00,321.00,,14.40,21.50
06/06/2024 10:45,0.00,321.00,,14.40,21.50
06/06/2024 10:30,0.00,321.00,,14.40,21.50
06/06/2024 10:15,0.00,321.00,,14.50,18.10
06/06/2024 10:00,0.00,321.00,,14.50,18.10
06/06/2024 09:45,0.00,321.00,,14.50,18.10
06/06/2024 09:30,0.00,321.00,,14.50,18.10
06/06/2024 09:15,0.00,321.00,,13.80,16.00
06/06/2024 09:00,0.00,322.00,,13.80,16.00
06/06/2024 08:45,0.00,322.00,,13.80,16.00
06/06/2024 08:30,0.00,322.00,,13.80,16.00
06/06/2024 08:15,0.00,322.00,,13.00,15.50
06/06/2024 08:00,0.00,322.00,,13.00,15.50
06/06/2024 07:45,0.00,322.00,,13.00,15.50
06/06/2024 07:30,0.00,322.00,,13.00,15.50
06/06/2024 07:15,0.00,322.00,,12.90,15.30
06/06/2024 07:00,0.00,322.00,,12.90,15.30
06/06/2024 06:45,0.00,322.00,,12.90,15.30
06/06/2024 06:30,0.00,322.00,,12.90,15.30
06/06/2024 06:15,0.00,322.00,,12.90,15.30
06/06/2024 06:00,0.00,322.00,,12.90,15.30
06/06/2024 05:45,0.00,322.00,,12.90,15.30
06/06/2024 05:30,0.00,322.00,,12.90,15.30
06/06/2024 05:15,0.00,322.00,,13.00,15.40
06/06/2024 05:00,0.00,323.00,,13.00,15.40
06/06/2024 04:45,0.00,323.00,,13.00,15.40
06/06/2024 04:30,0.00,323.00,,13.00,15.40
06/06/2024 04:15,0.00,323.00,,13.00,15.60
06/06/2024 04:00,0.00,323.00,,13.00,15.60
06/06/2024 03:45,0.00,323.00,,13.00,15.60
06/06/2024 03:30,0.00,323.00,,13.00,15.60
06/06/2024 03:15,0.00,323.00,,13.00,15.50
06/06/2024 03:00,0.00,323.00,,13.00,15.50
06/06/2024 02:45,0.00,323.00,,13.00,15.50
06/06/2024 02:30,0.00,323.00,,13.00,15.50
06/06/2024 02:15,0.00,323.00,,13.00,15.90
06/06/2024 02:00,0.00,323.00,,13.00,15.90
06/06/2024 01:45,0.00,323.00,,13.00,15.90
06/06/2024 01:30,0.00,324.00,,13.00,15.90
06/06/2024 01:15,0.00,324.00,,13.10,16.60
06/06/2024 01:00,0.00,324.00,,13.10,16.60
06/06/2024 00:45,0.00,325.00,,13.10,16.60
06/06/2024 00:30,0.00,325.00,,13.10,16.60
06/06/2024 00:15,0.00,325.00,,13.10,17.00
06/06/2024 00:00,0.00,326.00,,13.10,17.00
05/06/2024 23:45,0.00,327.00,,13.10,17.00
05/06/2024 23:30,0.00,327.00,,13.10,17.00
05/06/2024 23:15,0.00,328.00,,13.10,17.20
05/06/2024 23:00,0.00,328.00,,13.10,17.20
05/06/2024 22:45,0.00,328.00,,13.10,17.20
05/06/2024 22:30,0.00,329.00,,13.10,17.20
05/06/2024 22:15,0.00,329.00,,13.10,17.10
05/06/2024 22:00,0.00,329.00,,13.10,17.10
05/06/2024 21:45,0.00,330.00,,13.10,17.10
05/06/2024 21:30,0.00,330.00,,13.10,17.10
05/06/2024 21:15,0.00,331.00,,13.10,17.00
05/06/2024 21:00,0.00,331.00,,13.10,17.00
05/06/2024 20:45,0.00,331.00,,13.10,17.00
05/06/2024 20:30,0.00,331.00,,13.10,17.00
05/06/2024 20:15,0.00,332.00,,13.10,17.10
05/06/2024 20:00,0.00,332.00,,13.10,17.10
05/06/2024 19:45,0.00,332.00,,13.10,17.10
05/06/2024 19:30,0.00,332.00,,13.10,17.10
05/06/2024 19:15,0.00,332.00,,13.20,17.50
05/06/2024 19:00,0.00,333.00,,13.20,17.50
05/06/2024 18:45,0.00,333.00,,13.20,17.50
05/06/2024 18:30,0.00,333.00,,13.20,17.50
05/06/2024 18:15,0.00,333.00,,13.60,18.20
05/06/2024 18:00,0.00,332.00,,13.60,18.20
05/06/2024 17:45,0.00,333.00,,13.60,18.20
05/06/2024 17:30,0.00,333.00,,13.60,18.20
05/06/2024 17:15,0.00,332.00,,14.10,19.40
05/06/2024 17:00,0.00,333.00,,14.10,19.40
05/06/2024 16:45,0.00,332.00,,14.10,19.40
05/06/2024 16:30,0.00,332.00,,14.10,19.40
05/06/2024 16:15,0.00,332.00,,14.20,19.10
05/06/2024 16:00,0.00,332.00,,14.20,19.10
05/06/2024 15:45,0.00,332.00,,14.20,19.10
05/06/2024 15:30,0.00,331.00,,14.20,19.10
05/06/2024 15:15,0.00,331.00,,14.10,19.20
05/06/2024 15:00,0.00,331.00,,14.10,19.20
05/06/2024 14:45,0.00,331.00,,14.10,19.20
05/06/2024 14:30,0.00,331.00,,14.10,19.20
05/06/2024 14:15,0.00,331.00,,14.40,20.20
05/06/2024 14:00,0.00,331.00,,14.40,20.20
05/06/2024 13:45,0.00,331.00,,14.40,20.20
05/06/2024 13:30,0.00,331.00,,14.40,20.20
05/06/2024 13:15,0.00,330.00,,14.40,18.80
05/06/2024 13:00,0.00,331.00,,14.40,18.80
05/06/2024 12:45,0.00,330.00,,14.40,18.80
05/06/2024 12:30,0.00,330.00,,14.40,18.80
05/06/2024 12:15,0.00,330.00,,14.40,18.80
05/06/2024 12:00,0.00,330.00,,14.40,18.80
05/06/2024 11:45,0.00,331.00,,14.40,18.80
05/06/2024 11:30,0.00,331.00,,14.40,18.80
05/06/2024 11:15,0.00,331.00,,14.50,18.80
05/06/2024 11:00,0.00,331.00,,14.50,18.80
05/06/2024 10:45,0.00,331.00,,14.50,18.80
05/06/2024 10:30,0.00,331.00,,14.50,18.80
05/06/2024 10:15,0.00,332.00,,14.40,16.30
05/06/2024 10:00,0.00,332.00,,14.40,16.30
05/06/2024 09:45,0.00,332.00,,14.40,16.30
05/06/2024 09:30,0.00,332.00,,14.40,16.30
05/06/2024 09:15,0.00,332.00,,13.90,14.70
05/06/2024 09:00,0.00,332.00,,13.90,14.70
05/06/2024 08:45,0.00,333.00,,13.90,14.70
05/06/2024 08:30,0.00,333.00,,13.90,14.70
05/06/2024 08:15,0.00,333.00,,13.00,13.50
05/06/2024 08:00,0.00,333.00,,13.00,13.50
05/06/2024 07:45,0.00,334.00,,13.00,13.50
05/06/2024 07:30,0.00,333.00,,13.00,13.50
05/06/2024 07:15,0.00,333.00,,12.90,13.50
05/06/2024 07:00,0.00,334.00,,12.90,13.50
05/06/2024 06:45,0.00,334.00,,12.90,13.50
05/06/2024 06:30,0.00,333.00,,12.90,13.50
05/06/2024 06:15,0.00,334.00,,12.90,13.60
05/06/2024 06:00,0.00,333.00,,12.90,13.60
05/06/2024 05:45,0.00,334.00,,12.90,13.60
05/06/2024 05:30,0.00,334.00,,12.90,13.60
05/06/2024 05:15,0.00,334.00,,13.00,13.60
05/06/2024 05:00,0.00,334.00,,13.00,13.60
05/06/2024 04:45,0.00,334.00,,13.00,13.60
05/06/2024 04:30,0.00,335.00,,13.00,13.60
05/06/2024 04:15,0.00,335.00,,13.00,13.80
05/06/2024 04:00,0.00,335.00,,13.00,13.80
05/06/2024 03:45,0.00,336.00,,13.00,13.80
05/06/2024 03:30,0.00,336.00,,13.00,13.80
05/06/2024 03:15,0.00,336.00,,13.00,14.10
05/06/2024 03:00,0.00,337.00,,13.00,14.10
05/06/2024 02:45,0.00,337.00,,13.00,14.10
05/06/2024 02:30,0.00,337.00,,13.00,14.10
05/06/2024 02:15,0.00,338.00,,13.00,14.70
05/06/2024 02:00,0.00,338.00,,13.00,14.70
05/06/2024 01:45,0.00,338.00,,13.00,14.70
05/06/2024 01:30,0.00,339.00,,13.00,14.70
05/06/2024 01:15,0.00,339.00,,13.10,15.40
05/06/2024 01:00,0.00,340.00,,13.10,15.40
05/06/2024 00:45,0.00,340.00,,13.10,15.40
05/06/2024 00:30,0.00,340.00,,13.10,15.40
05/06/2024 00:15,0.00,341.00,,13.10,16.20
05/06/2024 00:00,0.00,341.00,,13.10,16.20
04/06/2024 23:45,0.00,341.00,,13.10,16.20
04/06/2024 23:30,0.00,342.00,,13.10,16.20
04/06/2024 23:15,0.00,342.00,,13.10,16.60
04/06/2024 23:00,0.00,342.00,,13.10,16.60
04/06/2024 22:45,0.00,342.00,,13.10,16.60
04/06/2024 22:30,0.00,343.00,,13.10,16.60
04/06/2024 22:15,0.00,343.00,,13.10,16.50
04/06/2024 22:00,0.00,343.00,,13.10,16.50
04/06/2024 21:45,0.00,343.00,,13.10,16.50
04/06/2024 21:30,0.00,343.00,,13.10,16.50
04/06/2024 21:15,0.00,343.00,,13.10,16.30
04/06/2024 21:00,0.00,343.00,,13.10,16.30
04/06/2024 20:45,0.00,343.00,,13.10,16.30
04/06/2024 20:30,0.00,343.00,,13.10,16.30
04/06/2024 20:15,0.00,344.00,,13.10,16.40
04/06/2024 20:00,0.00,343.00,,13.10,16.40
04/06/2024 19:45,0.00,344.00,,13.10,16.40
04/06/2024 19:30,0.00,344.00,,13.10,16.40
04/06/2024 19:15,0.00,344.00,,13.20,17.10
04/06/2024 19:00,0.00,344.00,,13.20,17.10
04/06/2024 18:45,0.00,345.00,,13.20,17.10
04/06/2024 18:30,0.00,345.00,,13.20,17.10
04/06/2024 18:15,0.00,345.00,,13.40,17.90
04/06/2024 18:00,0.00,345.00,,13.40,17.90
04/06/2024 17:45,0.00,345.00,,13.40,17.90
04/06/2024 17:30,0.00,345.00,,13.40,17.90
04/06/2024 17:15,0.00,345.00,,13.90,18.80
04/06/2024 17:00,0.00,345.00,,13.90,18.80
04/06/2024 16:45,0.00,346.00,,13.90,18.80
04/06/2024 16:30,0.00,345.00,,13.90,18.80
04/06/2024 16:15,0.00,345.00,,14.10,19.40
04/06/2024 16:00,0.00,345.00,,14.10,19.40
04/06/2024 15:45,0.00,346.00,,14.10,19.40
04/06/2024 15:30,0.00,346.00,,14.10,19.40
04/06/2024 15:15,0.00,345.00,,14.20,19.10
04/06/2024 15:00,0.00,345.00,,14.20,19.10
04/06/2024 14:45,0.00,345.00,,14.20,19.10
04/06/2024 14:30,0.00,345.00,,14.20,19.10
04/06/2024 14:15,0.00,345.00,,14.40,19.60
04/06/2024 14:00,0.00,345.00,,14.40,19.60
04/06/2024 13:45,0.00,345.00,,14.40,19.60
04/06/2024 13:30,0.00,344.00,,14.40,19.60
04/06/2024 13:15,0.00,344.00,,14.40,20.30
04/06/2024 13:00,0.00,344.00,,14.40,20.30
04/06/2024 12:45,0.00,344.00,,14.40,20.30
04/06/2024 12:30,0.00,344.00,,14.40,20.30
04/06/2024 12:15,0.00,345.00,,14.50,18.40
04/06/2024 12:00,0.00,344.00,,14.50,18.40
04/06/2024 11:45,0.00,344.00,,14.50,18.40
04/06/2024 11:30,0.00,344.00,,14.50,18.40
04/06/2024 11:15,0.00,344.00,,14.50,16.60
04/06/2024 11:00,0.00,344.00,,14.50,16.60
04/06/2024 10:45,0.00,344.00,,14.50,16.60
04/06/2024 10:30,0.00,344.00,,14.50,16.60
04/06/2024 10:15,0.00,345.00,,14.60,14.90
04/06/2024 10:00,0.00,345.00,,14.60,14.90
04/06/2024 09:45,0.00,345.00,,14.60,14.90
04/06/2024 09:30,0.00,346.00,,14.60,14.90
04/06/2024 09:15,0.00,346.00,,14.20,13.00
04/06/2024 09:00,0.00,346.00,,14.20,13.00
04/06/2024 08:45,0.00,347.00,,14.20,13.00
04/06/2024 08:30,0.00,347.00,,14.20,13.00
04/06/2024 08:15,0.00,347.00,,12.90,10.40
04/06/2024 08:00,0.00,347.00,,12.90,10.40
04/06/2024 07:45,0.00,347.00,,12.90,10.40
04/06/2024 07:30,0.00,348.00,,12.90,10.40
04/06/2024 07:15,0.00,348.00,,12.90,10.40
04/06/2024 07:00,0.00,348.00,,12.90,10.40
04/06/2024 06:45,0.00,349.00,,12.90,10.40
04/06/2024 06:30,0.00,349.00,,12.90,10.40
04/06/2024 06:15,0.00,350.00,,12.90,10.40
04/06/2024 06:00,0.00,350.00,,12.90,10.40
04/06/2024 05:45,0.00,350.00,,12.90,10.40
04/06/2024 05:30,0.00,351.00,,12.90,10.40
04/06/2024 05:15,0.00,351.00,,12.90,11.30
04/06/2024 05:00,0.00,352.00,,12.90,11.30
04/06/2024 04:45,0.00,352.00,,12.90,11.30
04/06/2024 04:30,0.00,352.00,,12.90,11.30
04/06/2024 04:15,0.00,352.00,,12.90,12.40
04/06/2024 04:00,0.00,353.00,,12.90,12.40
04/06/2024 03:45,0.00,353.00,,12.90,12.40
04/06/2024 03:30,0.00,353.00,,12.90,12.40
04/06/2024 03:15,0.00,354.00,,12.90,12.40
04/06/2024 03:00,0.00,354.00,,12.90,12.40
04/06/2024 02:45,0.00,355.00,,12.90,12.40
04/06/2024 02:30,0.00,355.00,,12.90,12.40
04/06/2024 02:15,0.00,355.00,,12.90,12.40
04/06/2024 02:00,0.00,356.00,,12.90,12.40
04/06/2024 01:45,0.00,356.00,,12.90,12.40
04/06/2024 01:30,0.00,356.00,,12.90,12.40
04/06/2024 01:15,0.00,356.00,,13.00,11.90
04/06/2024 01:00,0.00,357.00,,13.00,11.90
04/06/2024 00:45,0.00,357.00,,13.00,11.90
04/06/2024 00:30,0.00,357.00,,13.00,11.90
04/06/2024 00:15,0.00,358.00,,13.00,11.80
04/06/2024 00:00,0.00,358.00,,13.00,11.80
03/06/2024 23:45,0.00,359.00,,13.00,11.80
03/06/2024 23:30,0.00,359.00,,13.00,11.80
03/06/2024 23:15,0.00,359.00,,13.10,12.70
03/06/2024 23:00,0.00,359.00,,13.10,12.70
03/06/2024 22:45,0.00,359.00,,13.10,12.70
03/06/2024 22:30,0.00,359.00,,13.10,12.70
03/06/2024 22:15,0.00,359.00,,13.10,13.10
03/06/2024 22:00,0.00,359.00,,13.10,13.10
03/06/2024 21:45,0.00,359.00,,13.10,13.10
03/06/2024 21:30,0.00,359.00,,13.10,13.10
03/06/2024 21:15,0.00,359.00,,13.10,12.80
03/06/2024 21:00,0.00,358.00,,13.10,12.80
03/06/2024 20:45,0.00,358.00,,13.10,12.80
03/06/2024 20:30,0.00,358.00,,13.10,12.80
03/06/2024 20:15,0.00,358.00,,13.10,12.70
03/06/2024 20:00,0.00,358.00,,13.10,12.70
03/06/2024 19:45,0.00,358.00,,13.10,12.70
03/06/2024 19:30,0.00,359.00,,13.10,12.70
03/06/2024 19:15,0.00,359.00,,13.20,12.60
03/06/2024 19:00,0.00,359.00,,13.20,12.60
03/06/2024 18:45,0.00,359.00,,13.20,12.60
03/06/2024 18:30,0.00,359.00,,13.20,12.60
03/06/2024 18:15,0.00,359.00,,13.80,13.70
03/06/2024 18:00,0.00,359.00,,13.80,13.70
03/06/2024 17:45,0.00,359.00,,13.80,13.70
03/06/2024 17:30,0.00,359.00,,13.80,13.70
03/06/2024 17:15,0.00,360.00,,14.50,14.90
03/06/2024 17:00,0.00,360.00,,14.50,14.90
03/06/2024 16:45,0.00,360.00,,14.50,14.90
03/06/2024 16:30,0.00,361.00,,14.50,14.90
03/06/2024 16:15,0.00,361.00,,14.50,15.50
03/06/2024 16:00,0.00,362.00,,14.50,15.50
03/06/2024 15:45,0.00,362.00,,14.50,15.50
03/06/2024 15:30,0.00,362.00,,14.50,15.50
03/06/2024 15:15,0.00,362.00,,14.60,14.20
03/06/2024 15:00,0.00,362.00,,14.60,14.20
03/06/2024 14:45,0.00,362.00,,14.60,14.20
03/06/2024 14:30,0.00,363.00,,14.60,14.20
03/06/2024 14:15,0.00,363.00,,14.60,13.20
03/06/2024 14:00,0.00,364.00,,14.60,13.20
03/06/2024 13:45,0.00,365.00,,14.60,13.20
03/06/2024 13:30,0.00,366.00,,14.60,13.20
03/06/2024 13:15,0.00,366.00,,14.10,12.40
03/06/2024 13:00,0.20,367.00,,14.10,12.40
03/06/2024 12:45,0.00,368.00,,14.10,12.40
03/06/2024 12:30,0.00,368.00,,14.10,12.40
03/06/2024 12:15,0.00,369.00,,13.80,12.00
03/06/2024 12:00,0.00,370.00,,13.80,12.00
03/06/2024 11:45,0.00,370.00,,13.80,12.00
03/06/2024 11:30,0.00,371.00,,13.80,12.00
03/06/2024 11:15,0.00,372.00,,13.20,12.10
03/06/2024 11:00,0.00,374.00,,13.20,12.10
03/06/2024 10:45,0.00,375.00,,13.20,12.10
03/06/2024 10:30,0.00,376.00,,13.20,12.10
03/06/2024 10:15,0.20,378.00,,13.00,12.30
03/06/2024 10:00,0.40,380.00,,13.00,12.30
03/06/2024 09:45,0.40,381.00,,13.00,12.30
03/06/2024 09:30,1.00,381.00,,13.00,12.30
03/06/2024 09:15,2.40,382.00,,12.90,12.40
03/06/2024 09:00,2.20,383.00,,12.90,12.40
03/06/2024 08:45,1.60,383.00,,12.90,12.40
03/06/2024 08:30,2.20,382.00,,12.90,12.40
03/06/2024 08:15,2.20,383.00,,12.90,13.20
03/06/2024 08:00,1.60,383.00,,12.90,13.20
03/06/2024 07:45,1.60,385.00,,12.90,13.20
03/06/2024 07:30,0.20,386.00,,12.90,13.20
03/06/2024 07:15,0.00,386.00,,12.90,14.10
03/06/2024 07:00,0.00,386.00,,12.90,14.10
03/06/2024 06:45,0.00,386.00,,12.90,14.10
03/06/2024 06:30,0.00,386.00,,12.90,14.10
03/06/2024 06:15,0.00,385.00,,13.00,14.80
03/06/2024 06:00,0.00,384.00,,13.00,14.80
03/06/2024 05:45,0.00,383.00,,13.00,14.80
03/06/2024 05:30,0.00,382.00,,13.00,14.80
03/06/2024 05:15,0.00,379.00,,13.00,15.00
03/06/2024 05:00,0.00,378.00,,13.00,15.00
03/06/2024 04:45,0.00,377.00,,13.00,15.00
03/06/2024 04:30,0.00,376.00,,13.00,15.00
03/06/2024 04:15,0.00,377.00,,13.00,15.20
03/06/2024 04:00,0.00,377.00,,13.00,15.20
03/06/2024 03:45,0.00,376.00,,13.00,15.20
03/06/2024 03:30,0.00,374.00,,13.00,15.20
03/06/2024 03:15,0.00,371.00,,13.00,15.80
03/06/2024 03:00,0.00,369.00,,13.00,15.80
03/06/2024 02:45,0.00,368.00,,13.00,15.80
03/06/2024 02:30,0.00,364.00,,13.00,15.80
03/06/2024 02:15,0.20,360.00,,13.00,16.70
03/06/2024 02:00,0.00,356.00,,13.00,16.70
03/06/2024 01:45,0.00,353.00,,13.00,16.70
03/06/2024 01:30,0.00,352.00,,13.00,16.70
03/06/2024 01:15,0.00,352.00,,13.10,17.80
03/06/2024 01:00,0.00,350.00,,13.10,17.80
03/06/2024 00:45,0.00,347.00,,13.10,17.80
03/06/2024 00:30,0.00,345.00,,13.10,17.80
03/06/2024 00:15,0.00,343.00,,13.10,19.80
03/06/2024 00:00,0.00,343.00,,13.10,19.80
02/06/2024 23:45,0.00,343.00,,13.10,19.80
02/06/2024 23:30,0.00,343.00,,13.10,19.80
02/06/2024 23:15,0.00,344.00,,13.10,20.60
02/06/2024 23:00,0.00,344.00,,13.10,20.60
02/06/2024 22:45,0.00,344.00,,13.10,20.60
02/06/2024 22:30,0.00,344.00,,13.10,20.60
02/06/2024 22:15,0.00,344.00,,13.10,20.00
02/06/2024 22:00,0.00,344.00,,13.10,20.00
02/06/2024 21:45,0.00,344.00,,13.10,20.00
02/06/2024 21:30,0.00,344.00,,13.10,20.00
02/06/2024 21:15,0.00,344.00,,13.10,20.60
02/06/2024 21:00,0.00,344.00,,13.10,20.60
02/06/2024 20:45,0.00,344.00,,13.10,20.60
02/06/2024 20:30,0.00,345.00,,13.10,20.60
02/06/2024 20:15,0.00,345.00,,13.20,22.10
02/06/2024 20:00,0.00,344.00,,13.20,22.10
02/06/2024 19:45,0.00,345.00,,13.20,22.10
02/06/2024 19:30,0.00,345.00,,13.20,22.10
02/06/2024 19:15,0.00,345.00,,13.20,25.10
02/06/2024 19:00,0.00,345.00,,13.20,25.10
02/06/2024 18:45,0.00,345.00,,13.20,25.10
02/06/2024 18:30,0.00,345.00,,13.20,25.10
02/06/2024 18:15,0.00,345.00,,13.40,25.70
02/06/2024 18:00,0.00,345.00,,13.40,25.70
02/06/2024 17:45,0.00,345.00,,13.40,25.70
02/06/2024 17:30,0.00,345.00,,13.40,25.70
02/06/2024 17:15,0.00,345.00,,13.80,28.10
02/06/2024 17:00,0.00,345.00,,13.80,28.10
02/06/2024 16:45,0.00,346.00,,13.80,28.10
02/06/2024 16:30,0.00,346.00,,13.80,28.10
02/06/2024 16:15,0.00,346.00,,13.80,28.70
02/06/2024 16:00,0.00,346.00,,13.80,28.70
02/06/2024 15:45,0.00,346.00,,13.80,28.70
02/06/2024 15:30,0.00,347.00,,13.80,28.70
02/06/2024 15:15,0.00,347.00,,14.00,27.80
02/06/2024 15:00,0.00,346.00,,14.00,27.80
02/06/2024 14:45,0.00,347.00,,14.00,27.80
02/06/2024 14:30,0.00,347.00,,14.00,27.80
02/06/2024 14:15,0.00,347.00,,14.10,28.00
02/06/2024 14:00,0.00,347.00,,14.10,28.00
02/06/2024 13:45,0.00,347.00,,14.10,28.00
02/06/2024 13:30,0.00,347.00,,14.10,28.00
02/06/2024 13:15,0.00,347.00,,14.20,27.90
02/06/2024 13:00,0.00,347.00,,14.20,27.90
02/06/2024 12:45,0.00,347.00,,14.20,27.90
02/06/2024 12:30,0.00,347.00,,14.20,27.90
02/06/2024 12:15,0.00,346.00,,14.30,25.10
02/06/2024 12:00,0.00,346.00,,14.30,25.10
02/06/2024 11:45,0.00,346.00,,14.30,25.10
02/06/2024 11:30,0.00,346.00,,14.30,25.10
02/06/2024 11:15,0.00,346.00,,14.30,22.70
02/06/2024 11:00,0.00,346.00,,14.30,22.70
02/06/2024 10:45,0.00,346.00,,14.30,22.70
02/06/2024 10:30,0.00,347.00,,14.30,22.70
02/06/2024 10:15,0.00,347.00,,14.40,20.50
02/06/2024 10:00,0.00,347.00,,14.40,20.50
02/06/2024 09:45,0.00,347.00,,14.40,20.50
02/06/2024 09:30,0.00,347.00,,14.40,20.50
02/06/2024 09:15,0.00,347.00,,14.10,17.70
02/06/2024 09:00,0.00,348.00,,14.10,17.70
02/06/2024 08:45,0.00,348.00,,14.10,17.70
02/06/2024 08:30,0.00,348.00,,14.10,17.70
02/06/2024 08:15,0.00,348.00,,13.00,14.40
02/06/2024 08:00,0.00,349.00,,13.00,14.40
02/06/2024 07:45,0.00,348.00,,13.00,14.40
02/06/2024 07:30,0.00,349.00,,13.00,14.40
02/06/2024 07:15,0.00,349.00,,13.00,14.00
02/06/2024 07:00,0.00,349.00,,13.00,14.00
02/06/2024 06:45,0.00,349.00,,13.00,14.00
02/06/2024 06:30,0.00,350.00,,13.00,14.00
02/06/2024 06:15,0.00,350.00,,13.00,14.50
02/06/2024 06:00,0.00,350.00,,13.00,14.50
02/06/2024 05:45,0.00,350.00,,13.00,14.50
02/06/2024 05:30,0.00,350.00,,13.00,14.50
02/06/2024 05:15,0.00,351.00,,13.00,14.70
02/06/2024 05:00,0.00,351.00,,13.00,14.70
02/06/2024 04:45,0.00,351.00,,13.00,14.70
02/06/2024 04:30,0.00,351.00,,13.00,14.70
02/06/2024 04:15,0.00,351.00,,13.00,14.60
02/06/2024 04:00,0.00,351.00,,13.00,14.60
02/06/2024 03:45,0.00,352.00,,13.00,14.60
02/06/2024 03:30,0.00,352.00,,13.00,14.60
02/06/2024 03:15,0.00,352.00,,13.00,14.60
02/06/2024 03:00,0.00,352.00,,13.00,14.60
02/06/2024 02:45,0.00,353.00,,13.00,14.60
02/06/2024 02:30,0.00,352.00,,13.00,14.60
02/06/2024 02:15,0.00,353.00,,13.00,14.90
02/06/2024 02:00,0.00,353.00,,13.00,14.90
02/06/2024 01:45,0.00,353.00,,13.00,14.90
02/06/2024 01:30,0.00,353.00,,13.00,14.90
02/06/2024 01:15,0.00,353.00,,13.10,15.40
02/06/2024 01:00,0.00,353.00,,13.10,15.40
02/06/2024 00:45,0.00,353.00,,13.10,15.40
02/06/2024 00:30,0.00,353.00,,13.10,15.40
02/06/2024 00:15,0.00,354.00,,13.10,15.80
02/06/2024 00:00,0.00,354.00,,13.10,15.80
01/06/2024 23:45,0.00,354.00,,13.10,15.80
01/06/2024 23:30,0.00,354.00,,13.10,15.80
01/06/2024 23:15,0.00,354.00,,13.10,15.90
01/06/2024 23:00,0.00,354.00,,13.10,15.90
01/06/2024 22:45,0.00,354.00,,13.10,15.90
01/06/2024 22:30,0.00,354.00,,13.10,15.90
01/06/2024 22:15,0.00,355.00,,13.10,15.70
01/06/2024 22:00,0.00,355.00,,13.10,15.70
01/06/2024 21:45,0.00,355.00,,13.10,15.70
01/06/2024 21:30,0.00,355.00,,13.10,15.70
01/06/2024 21:15,0.00,355.00,,13.10,16.30
01/06/2024 21:00,0.00,355.00,,13.10,16.30
01/06/2024 20:45,0.00,355.00,,13.10,16.30
01/06/2024 20:30,0.00,355.00,,13.10,16.30
01/06/2024 20:15,0.00,355.00,,13.20,17.00
01/06/2024 20:00,0.00,355.00,,13.20,17.00
01/06/2024 19:45,0.00,355.00,,13.20,17.00
01/06/2024 19:30,0.00,355.00,,13.20,17.00
01/06/2024 19:15,0.00,355.00,,13.20,18.40
01/06/2024 19:00,0.00,355.00,,13.20,18.40
01/06/2024 18:45,0.00,355.00,,13.20,18.40
01/06/2024 18:30,0.00,355.00,,13.20,18.40
01/06/2024 18:15,0.00,355.00,,13.60,20.50
01/06/2024 18:00,0.00,355.00,,13.60,20.50
01/06/2024 17:45,0.00,355.00,,13.60,20.50
01/06/2024 17:30,0.00,355.00,,13.60,20.50
01/06/2024 17:15,0.00,355.00,,13.90,23.90
01/06/2024 17:00,0.00,355.00,,13.90,23.90
01/06/2024 16:45,0.00,355.00,,13.90,23.90
01/06/2024 16:30,0.00,355.00,,13.90,23.90
01/06/2024 16:15,0.00,355.00,,14.10,24.10
01/06/2024 16:00,0.00,355.00,,14.10,24.10
01/06/2024 15:45,0.00,354.00,,14.10,24.10
01/06/2024 15:30,0.00,354.00,,14.10,24.10
01/06/2024 15:15,0.00,354.00,,14.30,23.10
01/06/2024 15:00,0.00,354.00,,14.30,23.10
01/06/2024 14:45,0.00,354.00,,14.30,23.10
01/06/2024 14:30,0.00,354.00,,14.30,23.10
01/06/2024 14:15,0.00,353.00,,14.30,22.20
01/06/2024 14:00,0.00,353.00,,14.30,22.20
01/06/2024 13:45,0.00,352.00,,14.30,22.20
01/06/2024 13:30,0.00,352.00,,14.30,22.20
01/06/2024 13:15,0.00,352.00,,14.40,21.00
01/06/2024 13:00,0.00,352.00,,14.40,21.00
01/06/2024 12:45,0.00,352.00,,14.40,21.00
01/06/2024 12:30,0.00,351.00,,14.40,21.00
01/06/2024 12:15,0.00,351.00,,14.50,19.40
01/06/2024 12:00,0.00,351.00,,14.50,19.40
01/06/2024 11:45,0.00,351.00,,14.50,19.40
01/06/2024 11:30,0.00,351.00,,14.50,19.40
01/06/2024 11:15,0.00,352.00,,14.60,15.90
01/06/2024 11:00,0.00,352.00,,14.60,15.90
01/06/2024 10:45,0.00,352.00,,14.60,15.90
01/06/2024 10:30,0.00,352.00,,14.60,15.90
01/06/2024 10:15,0.00,352.00,,14.50,12.70
01/06/2024 10:00,0.00,352.00,,14.50,12.70
01/06/2024 09:45,0.00,353.00,,14.50,12.70
01/06/2024 09:30,0.00,353.00,,14.50,12.70
01/06/2024 09:15,0.00,353.00,,13.70,12.20
01/06/2024 09:00,0.00,354.00,,13.70,12.20
01/06/2024 08:45,0.00,354.00,,13.70,12.20
01/06/2024 08:30,0.00,355.00,,13.70,12.20
01/06/2024 08:15,0.00,355.00,,13.00,11.80
01/06/2024 08:00,0.00,355.00,,13.00,11.80
01/06/2024 07:45,0.00,356.00,,13.00,11.80
01/06/2024 07:30,0.00,356.00,,13.00,11.80
01/06/2024 07:15,0.00,356.00,,13.00,11.90
01/06/2024 07:00,0.00,356.00,,13.00,11.90
01/06/2024 06:45,0.00,357.00,,13.00,11.90
01/06/2024 06:30,0.00,357.00,,13.00,11.90
01/06/2024 06:15,0.00,357.00,,13.00,12.20
01/06/2024 06:00,0.00,357.00,,13.00,12.20
01/06/2024 05:45,0.00,358.00,,13.00,12.20
01/06/2024 05:30,0.00,358.00,,13.00,12.20
01/06/2024 05:15,0.00,358.00,,13.00,12.40
01/06/2024 05:00,0.00,358.00,,13.00,12.40
01/06/2024 04:45,0.00,359.00,,13.00,12.40
01/06/2024 04:30,0.00,359.00,,13.00,12.40
01/06/2024 04:15,0.00,360.00,,13.00,12.70
01/06/2024 04:00,0.00,360.00,,13.00,12.70
01/06/2024 03:45,0.00,360.00,,13.00,12.70
01/06/2024 03:30,0.00,360.00,,13.00,12.70
01/06/2024 03:15,0.00,361.00,,13.10,12.80
01/06/2024 03:00,0.00,361.00,,13.10,12.80
01/06/2024 02:45,0.00,361.00,,13.10,12.80
01/06/2024 02:30,0.00,362.00,,13.10,12.80
01/06/2024 02:15,0.00,362.00,,13.10,13.00
01/06/2024 02:00,0.00,362.00,,13.10,13.00
01/06/2024 01:45,0.00,363.00,,13.10,13.00
01/06/2024 01:30,0.00,363.00,,13.10,13.00
01/06/2024 01:15,0.00,363.00,,13.10,13.50
01/06/2024 01:00,0.00,364.00,,13.10,13.50
01/06/2024 00:45,0.00,364.00,,13.10,13.50
01/06/2024 00:30,0.00,364.00,,13.10,13.50
01/06/2024 00:15,0.00,365.00,,13.10,14.00
01/06/2024 00:00,0.00,365.00,,13.10,14.00
31/05/2024 23:45,0.00,365.00,,13.10,14.00
31/05/2024 23:30,0.00,365.00,,13.10,14.00
31/05/2024 23:15,0.00,365.00,,13.10,14.50
31/05/2024 23:00,0.00,366.00,,13.10,14.50
31/05/2024 22:45,0.00,366.00,,13.10,14.50
31/05/2024 22:30,0.00,366.00,,13.10,14.50
31/05/2024 22:15,0.00,366.00,,13.10,14.70
31/05/2024 22:00,0.00,366.00,,13.10,14.70
31/05/2024 21:45,0.00,366.00,,13.10,14.70
31/05/2024 21:30,0.00,367.00,,13.10,14.70
31/05/2024 21:15,0.00,367.00,,13.10,14.70
31/05/2024 21:00,0.00,367.00,,13.10,14.70
31/05/2024 20:45,0.00,367.00,,13.10,14.70
31/05/2024 20:30,0.00,367.00,,13.10,14.70
31/05/2024 20:15,0.00,367.00,,13.20,15.70
31/05/2024 20:00,0.00,367.00,,13.20,15.70
31/05/2024 19:45,0.00,367.00,,13.20,15.70
31/05/2024 19:30,0.00,367.00,,13.20,15.70
31/05/2024 19:15,0.00,367.00,,13.20,16.70
31/05/2024 19:00,0.00,367.00,,13.20,16.70
31/05/2024 18:45,0.00,368.00,,13.20,16.70
31/05/2024 18:30,0.00,367.00,,13.20,16.70
31/05/2024 18:15,0.00,368.00,,13.70,18.20
31/05/2024 18:00,0.00,368.00,,13.70,18.20
31/05/2024 17:45,0.00,368.00,,13.70,18.20
31/05/2024 17:30,0.00,369.00,,13.70,18.20
31/05/2024 17:15,0.00,369.00,,14.30,19.40
31/05/2024 17:00,0.00,369.00,,14.30,19.40
31/05/2024 16:45,0.00,369.00,,14.30,19.40
31/05/2024 16:30,0.00,369.00,,14.30,19.40
31/05/2024 16:15,0.00,370.00,,14.40,19.00
31/05/2024 16:00,0.00,369.00,,14.40,19.00
31/05/2024 15:45,0.00,370.00,,14.40,19.00
31/05/2024 15:30,0.00,370.00,,14.40,19.00
31/05/2024 15:15,0.00,370.00,,14.40,19.10
31/05/2024 15:00,0.00,369.00,,14.40,19.10
31/05/2024 14:45,0.00,369.00,,14.40,19.10
31/05/2024 14:30,0.00,369.00,,14.40,19.10
31/05/2024 14:15,0.00,369.00,,14.40,18.40
31/05/2024 14:00,0.00,369.00,,14.40,18.40
31/05/2024 13:45,0.00,369.00,,14.40,18.40
31/05/2024 13:30,0.00,369.00,,14.40,18.40
31/05/2024 13:15,0.00,369.00,,14.50,18.50
31/05/2024 13:00,0.00,369.00,,14.50,18.50
31/05/2024 12:45,0.00,369.00,,14.50,18.50
31/05/2024 12:30,0.00,369.00,,14.50,18.50
31/05/2024 12:15,0.00,369.00,,14.50,16.50
31/05/2024 12:00,0.00,369.00,,14.50,16.50
31/05/2024 11:45,0.00,369.00,,14.50,16.50
31/05/2024 11:30,0.00,369.00,,14.50,16.50
31/05/2024 11:15,0.00,369.00,,14.40,14.80
31/05/2024 11:00,0.00,369.00,,14.40,14.80
31/05/2024 10:45,0.00,369.00,,14.40,14.80
31/05/2024 10:30,0.00,370.00,,14.40,14.80
31/05/2024 10:15,0.00,,,13.90,14.20
31/05/2024 10:00,,369.00,,13.90,14.20
31/05/2024 09:45,0.00,,,13.90,14.20
31/05/2024 09:30,0.00,,,13.90,14.20
31/05/2024 09:15,0.00,,,13.90,14.20
31/05/2024 09:00,,369.00,,13.90,14.20
31/05/2024 08:45,0.00,,,13.90,14.20
31/05/2024 08:30,0.20,,,13.90,14.20
31/05/2024 08:00,,369.00
30/05/2024 21:00,,373.00
30/05/2024 19:00,,374.00
30/05/2024 18:00,,374.00
30/05/2024 17:00,,374.00
30/05/2024 16:00,,375.00
30/05/2024 15:15,0.00,377.00,,14.40,19.40
30/05/2024 15:00,0.00,377.00,,14.40,19.40
30/05/2024 14:45,0.00,377.00,,14.40,19.40
30/05/2024 14:30,0.00,377.00,,14.40,19.40
30/05/2024 14:15,0.00,377.00,,14.50,17.80
30/05/2024 14:00,0.00,377.00,,14.50,17.80
30/05/2024 13:45,0.00,377.00,,14.50,17.80
30/05/2024 13:30,0.00,378.00,,14.50,17.80
30/05/2024 13:15,0.00,378.00,,14.50,16.10
30/05/2024 13:00,0.00,378.00,,14.50,16.10
30/05/2024 12:45,0.00,378.00,,14.50,16.10
30/05/2024 12:30,0.00,378.00,,14.50,16.10
30/05/2024 12:15,0.00,378.00,,14.50,15.60
30/05/2024 12:00,0.00,378.00,,14.50,15.60
30/05/2024 11:45,0.00,379.00,,14.50,15.60
30/05/2024 11:30,0.00,379.00,,14.50,15.60
30/05/2024 11:15,0.00,379.00,,13.80,14.60
30/05/2024 11:00,0.00,379.00,,13.80,14.60
30/05/2024 10:45,0.00,379.00,,13.80,14.60
30/05/2024 10:30,0.00,379.00,,13.80,14.60
30/05/2024 10:15,0.00,379.00,,13.40,14.10
30/05/2024 10:00,0.00,379.00,,13.40,14.10
30/05/2024 09:45,0.00,379.00,,13.40,14.10
30/05/2024 09:30,0.00,379.00,,13.40,14.10
30/05/2024 09:15,0.00,379.00,,13.00,13.70
30/05/2024 09:00,0.00,379.00,,13.00,13.70
30/05/2024 08:45,0.00,379.00,,13.00,13.70
30/05/2024 08:30,0.00,379.00,,13.00,13.70
30/05/2024 08:15,0.00,379.00,,12.90,13.30
30/05/2024 08:00,0.00,379.00,,12.90,13.30
30/05/2024 07:45,0.00,379.00,,12.90,13.30
30/05/2024 07:30,0.00,379.00,,12.90,13.30
30/05/2024 07:15,0.00,379.00,,12.90,13.30
30/05/2024 07:00,0.00,379.00,,12.90,13.30
30/05/2024 06:45,0.00,379.00,,12.90,13.30
30/05/2024 06:30,0.00,379.00,,12.90,13.30
30/05/2024 06:15,0.00,379.00,,12.90,13.40
30/05/2024 06:00,0.00,379.00,,12.90,13.40
30/05/2024 05:45,0.00,379.00,,12.90,13.40
30/05/2024 05:30,0.00,379.00,,12.90,13.40
30/05/2024 05:15,0.00,379.00,,12.90,13.50
30/05/2024 05:00,0.00,379.00,,12.90,13.50
30/05/2024 04:45,0.00,380.00,,12.90,13.50
30/05/2024 04:30,0.00,380.00,,12.90,13.50
30/05/2024 04:15,0.00,380.00,,13.00,13.10
30/05/2024 04:00,0.00,380.00,,13.00,13.10
30/05/2024 03:45,0.00,380.00,,13.00,13.10
30/05/2024 03:30,0.00,381.00,,13.00,13.10
30/05/2024 03:15,0.00,381.00,,13.00,12.40
30/05/2024 03:00,0.00,381.00,,13.00,12.40
30/05/2024 02:45,0.00,382.00,,13.00,12.40
30/05/2024 02:30,0.00,382.00,,13.00,12.40
30/05/2024 02:15,0.00,382.00,,13.00,12.70
30/05/2024 02:00,0.00,383.00,,13.00,12.70
30/05/2024 01:45,0.00,383.00,,13.00,12.70
30/05/2024 01:30,0.00,383.00,,13.00,12.70
30/05/2024 01:15,0.00,384.00,,13.00,13.20
30/05/2024 01:00,0.00,384.00,,13.00,13.20
30/05/2024 00:45,0.00,384.00,,13.00,13.20
30/05/2024 00:30,0.00,384.00,,13.00,13.20
30/05/2024 00:15,0.00,385.00,,13.00,13.70
30/05/2024 00:00,0.00,385.00,,13.00,13.70
29/05/2024 23:45,0.00,385.00,,13.00,13.70
29/05/2024 23:30,0.00,385.00,,13.00,13.70
29/05/2024 23:15,0.00,386.00,,13.00,14.30
29/05/2024 23:00,0.00,386.00,,13.00,14.30
29/05/2024 22:45,0.00,386.00,,13.00,14.30
29/05/2024 22:30,0.00,386.00,,13.00,14.30
29/05/2024 22:15,0.00,387.00,,13.10,14.40
29/05/2024 22:00,0.00,387.00,,13.10,14.40
29/05/2024 21:45,0.00,387.00,,13.10,14.40
29/05/2024 21:30,0.00,388.00,,13.10,14.40
29/05/2024 21:15,0.00,388.00,,13.10,15.00
29/05/2024 21:00,0.00,388.00,,13.10,15.00
29/05/2024 20:45,0.00,388.00,,13.10,15.00
29/05/2024 20:30,0.00,389.00,,13.10,15.00
29/05/2024 20:15,0.00,389.00,,13.10,15.80
29/05/2024 20:00,0.00,389.00,,13.10,15.80
29/05/2024 19:45,0.00,389.00,,13.10,15.80
29/05/2024 19:30,0.00,389.00,,13.10,15.80
29/05/2024 19:15,0.00,390.00,,13.10,16.50
29/05/2024 19:00,0.00,390.00,,13.10,16.50
29/05/2024 18:45,0.00,390.00,,13.10,16.50
29/05/2024 18:30,0.00,390.00,,13.10,16.50
29/05/2024 18:15,0.00,390.00,,13.30,17.80
29/05/2024 18:00,0.00,390.00,,13.30,17.80
29/05/2024 17:45,0.00,389.00,,13.30,17.80
29/05/2024 17:30,0.00,389.00,,13.30,17.80
29/05/2024 17:15,0.00,389.00,,14.00,20.20
29/05/2024 17:00,0.00,388.00,,14.00,20.20
29/05/2024 16:45,0.00,389.00,,14.00,20.20
29/05/2024 16:30,0.00,388.00,,14.00,20.20
29/05/2024 16:15,0.00,388.00,,14.30,21.00
29/05/2024 16:00,0.00,388.00,,14.30,21.00
29/05/2024 15:45,0.00,388.00,,14.30,21.00
29/05/2024 15:30,0.00,389.00,,14.30,21.00
29/05/2024 15:15,0.00,389.00,,14.30,21.80
29/05/2024 15:00,0.00,388.00,,14.30,21.80
29/05/2024 14:45,0.00,388.00,,14.30,21.80
29/05/2024 14:30,0.00,388.00,,14.30,21.80
29/05/2024 14:15,0.00,388.00,,14.40,19.80
29/05/2024 14:00,0.00,388.00,,14.40,19.80
29/05/2024 13:45,0.00,388.00,,14.40,19.80
29/05/2024 13:30,0.00,388.00,,14.40,19.80
29/05/2024 13:15,0.00,388.00,,14.40,18.90
29/05/2024 13:00,0.00,388.00,,14.40,18.90
29/05/2024 12:45,0.00,388.00,,14.40,18.90
29/05/2024 12:30,0.00,388.00,,14.40,18.90
29/05/2024 12:15,0.00,388.00,,14.50,16.70
29/05/2024 12:00,0.00,388.00,,14.50,16.70
29/05/2024 11:45,0.00,388.00,,14.50,16.70
29/05/2024 11:30,0.00,388.00,,14.50,16.70
29/05/2024 11:15,0.00,388.00,,14.50,15.20
29/05/2024 11:00,0.00,388.00,,14.50,15.20
29/05/2024 10:45,0.00,388.00,,14.50,15.20
29/05/2024 10:30,0.00,387.00,,14.50,15.20
29/05/2024 10:15,0.00,387.00,,14.00,14.10
29/05/2024 10:00,0.00,387.00,,14.00,14.10
29/05/2024 09:45,0.00,387.00,,14.00,14.10
29/05/2024 09:30,0.00,387.00,,14.00,14.10
29/05/2024 09:15,0.00,387.00,,13.30,13.20
29/05/2024 09:00,0.00,387.00,,13.30,13.20
29/05/2024 08:45,0.00,387.00,,13.30,13.20
29/05/2024 08:30,0.00,387.00,,13.30,13.20
29/05/2024 08:15,0.00,387.00,,12.90,12.90
29/05/2024 08:00,0.00,387.00,,12.90,12.90
29/05/2024 07:45,0.00,387.00,,12.90,12.90
29/05/2024 07:30,0.00,387.00,,12.90,12.90
29/05/2024 07:15,0.00,387.00,,12.90,12.90
29/05/2024 07:00,0.00,387.00,,12.90,12.90
29/05/2024 06:45,0.00,387.00,,12.90,12.90
29/05/2024 06:30,0.00,387.00,,12.90,12.90
29/05/2024 06:15,0.00,388.00,,12.90,12.90
29/05/2024 06:00,0.00,388.00,,12.90,12.90
29/05/2024 05:45,0.00,388.00,,12.90,12.90
29/05/2024 05:30,0.00,388.00,,12.90,12.90
29/05/2024 05:15,0.20,389.00,,12.90,13.70
29/05/2024 05:00,0.00,389.00,,12.90,13.70
29/05/2024 04:45,0.00,389.00,,12.90,13.70
29/05/2024 04:30,0.00,389.00,,12.90,13.70
29/05/2024 04:15,0.00,389.00,,12.90,13.70
29/05/2024 04:00,0.00,390.00,,12.90,13.70
29/05/2024 03:45,0.00,390.00,,12.90,13.70
29/05/2024 03:30,0.00,390.00,,12.90,13.70
29/05/2024 03:15,0.00,390.00,,12.90,13.70
29/05/2024 03:00,0.00,390.00,,12.90,13.70
29/05/2024 02:45,0.00,390.00,,12.90,13.70
29/05/2024 02:30,0.00,391.00,,12.90,13.70
29/05/2024 02:15,0.00,391.00,,13.00,13.60
29/05/2024 02:00,0.00,391.00,,13.00,13.60
29/05/2024 01:45,0.00,391.00,,13.00,13.60
29/05/2024 01:30,0.00,391.00,,13.00,13.60
29/05/2024 01:15,0.20,392.00,,13.00,13.70
29/05/2024 01:00,0.20,392.00,,13.00,13.70
29/05/2024 00:45,0.20,392.00,,13.00,13.70
29/05/2024 00:30,0.00,392.00,,13.00,13.70
29/05/2024 00:15,0.00,392.00,,13.00,13.80
29/05/2024 00:00,0.00,392.00,,13.00,13.80
28/05/2024 23:45,0.20,392.00,,13.00,13.80
28/05/2024 23:30,0.00,393.00,,13.00,13.80
28/05/2024 23:15,0.20,393.00,,13.00,13.80
28/05/2024 23:00,0.00,393.00,,13.00,13.80
28/05/2024 22:45,0.00,392.00,,13.00,13.80
28/05/2024 22:30,0.00,393.00,,13.00,13.80
28/05/2024 22:15,0.00,392.00,,13.00,13.80
28/05/2024 22:00,0.00,392.00,,13.00,13.80
28/05/2024 21:45,0.00,392.00,,13.00,13.80
28/05/2024 21:30,0.00,392.00,,13.00,13.80
28/05/2024 21:15,0.00,391.00,,13.10,13.60
28/05/2024 21:00,0.00,391.00,,13.10,13.60
28/05/2024 20:45,0.00,389.00,,13.10,13.60
28/05/2024 20:30,0.00,388.00,,13.10,13.60
28/05/2024 20:15,0.00,388.00,,13.10,13.60
28/05/2024 20:00,0.00,387.00,,13.10,13.60
28/05/2024 19:45,0.00,386.00,,13.10,13.60
28/05/2024 19:30,0.00,384.00,,13.10,13.60
28/05/2024 19:15,0.00,383.00,,13.10,13.70
28/05/2024 19:00,0.00,381.00,,13.10,13.70
28/05/2024 18:45,0.00,380.00,,13.10,13.70
28/05/2024 18:30,0.00,379.00,,13.10,13.70
28/05/2024 18:15,0.00,378.00,,13.10,13.70
28/05/2024 18:00,0.00,377.00,,13.10,13.70
28/05/2024 17:45,0.00,376.00,,13.10,13.70
28/05/2024 17:30,0.00,376.00,,13.10,13.70
28/05/2024 17:15,0.00,375.00
28/05/2024 17:00,0.00,374.00
28/05/2024 16:45,0.00,373.00
28/05/2024 16:30,0.00,372.00
28/05/2024 16:15,0.00,372.00
28/05/2024 16:00,0.00,372.00
28/05/2024 15:45,0.00,371.00
28/05/2024 15:30,0.00,371.00
28/05/2024 15:15,0.00,371.00
28/05/2024 15:00,0.00,371.00
28/05/2024 14:45,0.00,370.00
28/05/2024 14:30,0.00,371.00
28/05/2024 14:15,0.00,370.00
28/05/2024 14:00,0.00,370.00
28/05/2024 13:45,0.00,370.00
28/05/2024 13:30,0.00,370.00
28/05/2024 13:15,0.00,370.00
28/05/2024 13:00,0.00,370.00
28/05/2024 12:45,0.00,369.00
28/05/2024 12:30,0.00,369.00
28/05/2024 12:15,0.00,368.00
28/05/2024 12:00,0.00,368.00
28/05/2024 11:45,0.00,368.00
28/05/2024 11:30,0.00,369.00
28/05/2024 11:15,0.00,368.00
28/05/2024 11:00,0.00,368.00
28/05/2024 10:45,0.00,368.00
28/05/2024 10:30,0.00,369.00
28/05/2024 10:15,0.00,368.00
28/05/2024 10:00,0.00,368.00
28/05/2024 09:45,0.00,369.00
28/05/2024 09:30,0.00,369.00
28/05/2024 09:15,0.00,370.00
28/05/2024 09:00,0.00,370.00
28/05/2024 08:45,0.00,371.00
28/05/2024 08:30,0.20,371.00
28/05/2024 08:15,0.00,370.00
28/05/2024 08:00,0.00,370.00
28/05/2024 07:45,0.00,370.00
28/05/2024 07:30,0.00,370.00
28/05/2024 07:15,0.00,370.00
28/05/2024 07:00,0.00,370.00
28/05/2024 06:45,0.00,371.00
28/05/2024 06:30,0.00,371.00
28/05/2024 06:15,0.00,371.00
28/05/2024 06:00,0.00,372.00
28/05/2024 05:45,0.00,373.00
28/05/2024 05:30,0.00,372.00
28/05/2024 05:15,0.00,373.00
28/05/2024 05:00,0.00,373.00
28/05/2024 04:45,0.00,373.00
28/05/2024 04:30,0.00,374.00
28/05/2024 04:15,0.00,374.00
28/05/2024 04:00,0.00,374.00
28/05/2024 03:45,0.00,374.00
28/05/2024 03:30,0.00,374.00
28/05/2024 03:15,0.00,373.00
28/05/2024 03:00,0.00,374.00
28/05/2024 02:45,0.00,374.00
28/05/2024 02:30,0.00,374.00
28/05/2024 02:15,0.00,374.00
28/05/2024 02:00,0.00,374.00
28/05/2024 01:45,0.00,374.00
28/05/2024 01:30,0.00,374.00
28/05/2024 01:15,0.00,373.00
28/05/2024 01:00,0.00,374.00
28/05/2024 00:45,0.00,374.00
28/05/2024 00:30,0.00,374.00
28/05/2024 00:15,0.00,375.00
28/05/2024 00:00,0.00,376.00
27/05/2024 23:45,0.00,376.00
27/05/2024 23:30,0.00,377.00
27/05/2024 23:15,0.00,378.00
27/05/2024 23:00,0.00,379.00
27/05/2024 22:45,0.00,379.00
27/05/2024 22:30,0.00,380.00
27/05/2024 22:15,0.00,380.00
27/05/2024 22:00,0.00,380.00
27/05/2024 21:45,0.00,382.00
27/05/2024 21:30,0.00,382.00
27/05/2024 21:15,0.00,383.00
27/05/2024 21:00,0.00,383.00
27/05/2024 20:45,0.00,384.00
27/05/2024 20:30,0.20,384.00
27/05/2024 20:15,0.00,385.00
27/05/2024 20:00,0.00,385.00
27/05/2024 19:45,0.00,386.00
27/05/2024 19:30,0.60,386.00
27/05/2024 19:15,0.40,386.00
27/05/2024 19:00,0.20,387.00
27/05/2024 18:45,0.40,387.00
27/05/2024 18:30,0.80,388.00
27/05/2024 18:15,1.00,388.00
27/05/2024 18:00,0.60,388.00
27/05/2024 17:45,1.00,389.00
27/05/2024 17:30,1.00,389.00
27/05/2024 17:15,1.40,389.00
27/05/2024 17:00,1.00,389.00
27/05/2024 16:45,0.80,389.00
27/05/2024 16:30,2.00,389.00
27/05/2024 16:15,1.40,389.00
27/05/2024 16:00,0.40,389.00
27/05/2024 15:45,0.60,389.00
27/05/2024 15:30,0.80,389.00
27/05/2024 15:15,0.20,390.00
27/05/2024 15:00,0.20,390.00
27/05/2024 14:45,0.40,391.00
27/05/2024 14:30,0.80,391.00
27/05/2024 14:15,0.40,392.00
27/05/2024 14:00,0.40,392.00
27/05/2024 13:45,0.00,391.00
27/05/2024 13:30,0.60,392.00
27/05/2024 13:15,0.40,392.00
27/05/2024 13:00,0.20,392.00
27/05/2024 12:45,0.40,392.00
27/05/2024 12:30,0.40,393.00
27/05/2024 12:15,1.40,393.00
27/05/2024 12:00,0.60,394.00
27/05/2024 11:45,0.20,394.00
27/05/2024 11:30,0.40,394.00
27/05/2024 11:15,0.60,395.00
27/05/2024 11:00,0.40,395.00
27/05/2024 10:45,0.20,395.00
27/05/2024 10:30,0.60,395.00
27/05/2024 10:15,0.60,395.00
27/05/2024 10:00,0.80,395.00
27/05/2024 09:45,1.00,395.00
27/05/2024 09:30,0.00,394.00
27/05/2024 09:15,0.00,394.00
27/05/2024 09:00,0.20,395.00
27/05/2024 08:45,0.40,395.00
27/05/2024 08:30,0.80,395.00
27/05/2024 08:15,1.00,396.00
27/05/2024 08:00,1.00,395.00
27/05/2024 07:45,1.60,396.00
27/05/2024 07:30,0.00,396.00
27/05/2024 07:15,0.20,396.00
27/05/2024 07:00,0.00,396.00
27/05/2024 06:45,0.40,396.00
27/05/2024 06:30,0.40,396.00
27/05/2024 06:15,0.00,396.00
27/05/2024 06:00,0.00,396.00
27/05/2024 05:45,0.20,396.00
27/05/2024 05:30,0.60,396.00
27/05/2024 05:15,0.60,397.00
27/05/2024 05:00,0.60,397.00
27/05/2024 04:45,0.20,397.00
27/05/2024 04:30,0.00,397.00
27/05/2024 04:15,0.40,397.00
27/05/2024 04:00,1.00,398.00
27/05/2024 03:45,0.60,397.00
27/05/2024 03:30,0.00,398.00
27/05/2024 03:15,0.00,397.00
27/05/2024 03:00,0.00,398.00
27/05/2024 02:45,0.00,398.00
27/05/2024 02:30,0.00,398.00
27/05/2024 02:15,0.00,398.00
27/05/2024 02:00,0.00,399.00
27/05/2024 01:45,0.00,399.00
27/05/2024 01:30,0.00,398.00
27/05/2024 01:15,0.00,399.00
27/05/2024 01:00,0.00,399.00
27/05/2024 00:45,0.00,399.00
27/05/2024 00:30,0.00,399.00
27/05/2024 00:15,0.00,400.00
27/05/2024 00:00,0.00,400.00
26/05/2024 23:45,0.00,400.00
26/05/2024 23:30,0.00,400.00
26/05/2024 23:15,0.00,401.00
26/05/2024 23:00,0.00,401.00
26/05/2024 22:45,0.00,402.00
26/05/2024 22:30,0.00,401.00
26/05/2024 22:15,0.00,402.00
26/05/2024 22:00,0.00,401.00
26/05/2024 21:45,0.00,402.00
26/05/2024 21:30,0.00,402.00
26/05/2024 21:15,0.00,402.00
26/05/2024 21:00,0.00,402.00
26/05/2024 20:45,0.00,402.00
26/05/2024 20:30,0.00,403.00
26/05/2024 20:15,0.00,403.00
26/05/2024 20:00,0.00,403.00
26/05/2024 19:45,0.00,403.00
26/05/2024 19:30,0.00,403.00
26/05/2024 19:15,0.00,404.00
26/05/2024 19:00,0.00,404.00
26/05/2024 18:45,0.00,404.00
26/05/2024 18:30,0.00,404.00
26/05/2024 18:15,0.00,404.00
26/05/2024 18:00,0.00,404.00
26/05/2024 17:45,0.00,404.00
26/05/2024 17:30,0.00,404.00
26/05/2024 17:15,0.00,404.00
26/05/2024 17:00,0.00,404.00
26/05/2024 16:45,0.00,404.00
26/05/2024 16:30,0.00,405.00
26/05/2024 16:15,0.00,405.00
26/05/2024 16:00,0.00,405.00
26/05/2024 15:45,0.00,406.00
26/05/2024 15:30,0.00,406.00
26/05/2024 15:15,0.00,406.00
26/05/2024 15:00,0.00,406.00
26/05/2024 14:45,0.00,406.00
26/05/2024 14:30,0.00,406.00
26/05/2024 14:15,0.00,406.00
26/05/2024 14:00,0.00,407.00
26/05/2024 13:45,0.00,407.00
26/05/2024 13:30,0.00,407.00
26/05/2024 13:15,0.00,407.00
26/05/2024 13:00,0.00,407.00
26/05/2024 12:45,0.00,407.00
26/05/2024 12:30,0.00,408.00
26/05/2024 12:15,0.00,408.00
26/05/2024 12:00,0.00,408.00
26/05/2024 11:45,0.00,409.00
26/05/2024 11:30,0.00,409.00
26/05/2024 11:15,0.00,408.00
26/05/2024 11:00,0.00,409.00
26/05/2024 10:45,0.00,409.00
26/05/2024 10:30,0.00,410.00
26/05/2024 10:15,0.00,409.00
26/05/2024 10:00,0.00,410.00
26/05/2024 09:45,0.00,410.00
26/05/2024 09:30,0.00,410.00
26/05/2024 09:15,0.00,411.00
26/05/2024 09:00,0.00,411.00
26/05/2024 08:45,0.00,411.00
26/05/2024 08:30,0.00,412.00
26/05/2024 08:15,0.00,412.00
26/05/2024 08:00,0.00,412.00
26/05/2024 07:45,0.00,413.00
26/05/2024 07:30,0.00,413.00
26/05/2024 07:15,0.00,413.00
26/05/2024 07:00,0.00,413.00
26/05/2024 06:45,0.00,413.00
26/05/2024 06:30,0.00,413.00
26/05/2024 06:15,0.00,413.00
26/05/2024 06:00,0.00,413.00
26/05/2024 05:45,0.00,414.00
26/05/2024 05:30,0.00,414.00
26/05/2024 05:15,0.00,413.00
26/05/2024 05:00,0.00,413.00
26/05/2024 04:45,0.00,413.00
26/05/2024 04:30,0.00,413.00
26/05/2024 04:15,0.00,413.00
26/05/2024 04:00,0.00,413.00
26/05/2024 03:45,0.00,413.00
26/05/2024 03:30,0.00,413.00
26/05/2024 03:15,0.00,413.00
26/05/2024 03:00,0.00,412.00
26/05/2024 02:45,0.00,412.00
26/05/2024 02:30,0.00,412.00
26/05/2024 02:15,0.00,412.00
26/05/2024 02:00,0.00,412.00
26/05/2024 01:45,0.00,411.00
26/05/2024 01:30,0.00,411.00
26/05/2024 01:15,0.00,410.00
26/05/2024 01:00,0.00,410.00
26/05/2024 00:45,0.00,410.00
26/05/2024 00:30,0.00,409.00
26/05/2024 00:15,0.00,409.00
26/05/2024 00:00,0.00,409.00
25/05/2024 23:45,0.00,409.00
25/05/2024 23:30,0.00,409.00
25/05/2024 23:15,0.00,408.00
25/05/2024 23:00,0.00,408.00
25/05/2024 22:45,0.00,408.00
25/05/2024 22:30,0.20,407.00
25/05/2024 22:15,0.40,407.00
25/05/2024 22:00,0.60,407.00
25/05/2024 21:45,0.00,407.00
25/05/2024 21:30,0.20,407.00
25/05/2024 21:15,0.00,407.00
25/05/2024 21:00,0.20,407.00
25/05/2024 20:45,0.00,407.00
25/05/2024 20:30,0.00,407.00
25/05/2024 20:15,0.00,407.00
25/05/2024 20:00,0.00,407.00
25/05/2024 19:45,0.00,407.00
25/05/2024 19:30,0.00,407.00
25/05/2024 19:15,0.00,407.00
25/05/2024 19:00,0.00,407.00
25/05/2024 18:45,0.00,408.00
25/05/2024 18:30,0.00,408.00
25/05/2024 18:15,0.00,409.00
25/05/2024 18:00,0.00,409.00
25/05/2024 17:45,0.00,409.00
25/05/2024 17:30,0.00,409.00
25/05/2024 17:15,0.00,409.00
25/05/2024 17:00,0.00,409.00
25/05/2024 16:45,0.20,410.00
25/05/2024 16:30,0.00,410.00
25/05/2024 16:15,0.00,410.00
25/05/2024 16:00,0.00,410.00
25/05/2024 15:45,0.00,411.00
25/05/2024 15:30,0.00,411.00
25/05/2024 15:15,0.00,411.00
25/05/2024 15:00,0.00,411.00
25/05/2024 14:45,0.00,412.00
25/05/2024 14:30,0.00,412.00
25/05/2024 14:15,0.00,412.00
25/05/2024 14:00,0.00,412.00
25/05/2024 13:45,0.00,412.00
25/05/2024 13:30,0.00,412.00
25/05/2024 13:15,0.00,413.00
25/05/2024 13:00,0.00,413.00
25/05/2024 12:45,0.00,414.00
25/05/2024 12:30,0.00,414.00
25/05/2024 12:15,0.00,414.00
25/05/2024 12:00,0.00,415.00
25/05/2024 11:45,0.00,415.00
25/05/2024 11:30,0.00,415.00
25/05/2024 11:15,0.00,415.00
25/05/2024 11:00,0.00,416.00
25/05/2024 10:45,0.00,415.00
25/05/2024 10:30,0.00,416.00
25/05/2024 10:15,0.00,416.00
25/05/2024 10:00,0.00,415.00
25/05/2024 09:45,0.00,415.00
25/05/2024 09:30,0.00,415.00
25/05/2024 09:15,0.00,416.00
25/05/2024 09:00,0.00,415.00
25/05/2024 08:45,0.00,416.00
25/05/2024 08:30,0.00,415.00
25/05/2024 08:15,0.00,416.00
25/05/2024 08:00,0.00,416.00
25/05/2024 07:45,0.00,416.00
25/05/2024 07:30,0.00,415.00
25/05/2024 07:15,0.00,415.00
25/05/2024 07:00,0.00,416.00
25/05/2024 06:45,0.00,415.00
25/05/2024 06:30,0.00,416.00
25/05/2024 06:15,0.00,416.00
25/05/2024 06:00,0.00,416.00
25/05/2024 05:45,0.00,416.00
25/05/2024 05:30,0.00,417.00
25/05/2024 05:15,0.00,417.00
25/05/2024 05:00,0.00,417.00
25/05/2024 04:45,0.00,417.00
25/05/2024 04:30,0.00,418.00
25/05/2024 04:15,0.00,418.00
25/05/2024 04:00,0.00,418.00
25/05/2024 03:45,0.00,418.00
25/05/2024 03:30,0.00,418.00
25/05/2024 03:15,0.00,419.00
25/05/2024 03:00,0.00,420.00
25/05/2024 02:45,0.00,420.00
25/05/2024 02:30,0.00,420.00
25/05/2024 02:15,0.00,420.00
25/05/2024 02:00,0.00,421.00
25/05/2024 01:45,0.00,421.00
25/05/2024 01:30,0.00,422.00
25/05/2024 01:15,0.00,422.00
25/05/2024 01:00,0.00,422.00
25/05/2024 00:45,0.00,423.00
25/05/2024 00:30,0.00,423.00
25/05/2024 00:15,0.00,424.00
25/05/2024 00:00,0.00,424.00
24/05/2024 23:45,0.00,425.00
24/05/2024 23:30,0.00,426.00
24/05/2024 23:15,0.00,427.00
24/05/2024 23:00,0.00,427.00
24/05/2024 22:45,0.00,428.00
24/05/2024 22:30,0.00,429.00
24/05/2024 22:15,0.00,429.00
24/05/2024 22:00,0.00,429.00
24/05/2024 21:45,0.00,429.00
24/05/2024 21:30,0.00,430.00
24/05/2024 21:15,0.00,429.00
24/05/2024 21:00,0.00,429.00
24/05/2024 20:45,0.00,430.00
24/05/2024 20:30,0.00,430.00
24/05/2024 20:15,0.00,430.00
24/05/2024 20:00,0.00,431.00
24/05/2024 19:45,0.00,431.00
24/05/2024 19:30,0.00,432.00
24/05/2024 19:15,0.00,432.00
24/05/2024 19:00,0.00,432.00
24/05/2024 18:45,0.00,430.00
24/05/2024 18:30,0.00,428.00
24/05/2024 18:15,0.20,426.00
24/05/2024 18:00,0.00,425.00
24/05/2024 17:45,0.00,426.00
24/05/2024 17:30,0.00,426.00
24/05/2024 17:15,0.40,427.00
24/05/2024 17:00,0.40,429.00
24/05/2024 16:45,0.80,428.00
24/05/2024 16:30,1.20,427.00
24/05/2024 16:15,2.40,426.00
24/05/2024 16:00,1.40,426.00
24/05/2024 15:45,1.00,421.00
24/05/2024 15:30,4.20,422.00
24/05/2024 15:15,0.60,418.00
24/05/2024 15:00,1.40,416.00
24/05/2024 14:45,4.20,416.00
24/05/2024 14:30,0.00,412.00
24/05/2024 14:15,0.00,411.00
24/05/2024 14:00,0.00,410.00
24/05/2024 13:45,0.00,409.00
24/05/2024 13:30,0.00,406.00
24/05/2024 13:15,0.00,405.00
24/05/2024 13:00,0.00,403.00
24/05/2024 12:45,0.00,401.00
24/05/2024 12:30,0.00,399.00
24/05/2024 12:15,0.00,398.00
24/05/2024 12:00,0.00,398.00
24/05/2024 11:45,0.00,397.00
24/05/2024 11:30,0.00,397.00
24/05/2024 11:15,0.20,396.00
24/05/2024 11:00,0.00,395.00
24/05/2024 10:45,0.40,395.00
24/05/2024 10:30,1.20,394.00
24/05/2024 10:15,0.00,393.00
24/05/2024 10:00,0.00,394.00
24/05/2024 09:45,0.00,393.00
24/05/2024 09:30,0.00,393.00
24/05/2024 09:15,0.00,393.00
24/05/2024 09:00,0.00,393.00
24/05/2024 08:45,0.00,393.00
24/05/2024 08:30,0.00,393.00
24/05/2024 08:15,0.20,392.00
24/05/2024 08:00,0.00,392.00
24/05/2024 07:45,0.00,392.00
24/05/2024 07:30,0.00,392.00
24/05/2024 07:15,0.00,392.00
24/05/2024 07:00,0.00,392.00
24/05/2024 06:45,0.00,392.00
24/05/2024 06:30,0.00,391.00
24/05/2024 06:15,0.00,391.00
24/05/2024 06:00,0.00,391.00
24/05/2024 05:45,0.00,390.00
24/05/2024 05:30,0.00,390.00
24/05/2024 05:15,0.00,389.00
24/05/2024 05:00,0.00,389.00
24/05/2024 04:45,0.00,389.00
24/05/2024 04:30,0.20,389.00
24/05/2024 04:15,0.00,389.00
24/05/2024 04:00,0.00,388.00
24/05/2024 03:45,0.00,388.00
24/05/2024 03:30,0.00,388.00
24/05/2024 03:15,0.00,388.00
24/05/2024 03:00,0.00,387.00
24/05/2024 02:45,0.00,387.00
24/05/2024 02:30,0.40,387.00
24/05/2024 02:15,0.00,387.00
24/05/2024 02:00,0.00,386.00
24/05/2024 01:45,0.00,387.00
24/05/2024 01:30,0.00,387.00
24/05/2024 01:15,0.00,387.00
24/05/2024 01:00,0.00,386.00
24/05/2024 00:45,0.00,387.00
24/05/2024 00:30,0.00,388.00
24/05/2024 00:15,0.00,388.00
24/05/2024 00:00,0.00,388.00
23/05/2024 23:45,0.00,388.00
23/05/2024 23:30,0.00,387.00
23/05/2024 23:15,0.00,387.00
23/05/2024 23:00,0.00,387.00
23/05/2024 22:45,0.20,388.00
23/05/2024 22:30,0.00,389.00
23/05/2024 22:15,0.00,389.00
23/05/2024 22:00,0.00,389.00
23/05/2024 21:45,0.00,389.00
23/05/2024 21:30,0.00,390.00
23/05/2024 21:15,0.20,390.00
23/05/2024 21:00,1.00,391.00
23/05/2024 20:45,1.40,390.00
23/05/2024 20:30,0.00,391.00
23/05/2024 20:15,1.40,390.00
23/05/2024 20:00,0.20,390.00
23/05/2024 19:45,0.60,390.00
23/05/2024 19:30,2.20,389.00
23/05/2024 19:15,1.60,391.00
23/05/2024 19:00,3.60,391.00
23/05/2024 18:45,3.40,390.00
23/05/2024 18:30,0.80,391.00
23/05/2024 18:15,0.40,391.00
23/05/2024 18:00,0.60,391.00
23/05/2024 17:45,0.60,391.00
23/05/2024 17:30,1.20,391.00
23/05/2024 17:15,0.80,391.00
23/05/2024 17:00,0.80,391.00
23/05/2024 16:45,0.00,390.00
23/05/2024 16:30,0.00,390.00
23/05/2024 16:15,0.00,390.00
23/05/2024 16:00,0.40,391.00
23/05/2024 15:45,0.40,391.00
23/05/2024 15:30,1.60,391.00
23/05/2024 15:15,4.20,392.00
23/05/2024 15:00,0.80,393.00
23/05/2024 14:45,2.20,392.00
23/05/2024 14:30,12.00,393.00
23/05/2024 14:15,2.60,392.00
23/05/2024 14:00,2.80,391.00
23/05/2024 13:45,1.80,391.00
23/05/2024 13:30,1.20,391.00
23/05/2024 13:15,2.00,391.00
23/05/2024 13:00,1.80,390.00
23/05/2024 12:45,3.60,390.00
23/05/2024 12:30,3.80,390.00
23/05/2024 12:15,3.20,390.00
23/05/2024 12:00,4.60,390.00
23/05/2024 11:45,3.60,389.00
23/05/2024 11:30,9.00,389.00
23/05/2024 11:15,5.00,387.00
23/05/2024 11:00,7.60,386.00
23/05/2024 10:45,4.20,385.00
23/05/2024 10:30,1.80,384.00
23/05/2024 10:15,2.40,384.00
23/05/2024 10:00,1.40,383.00
23/05/2024 09:45,1.20,383.00
23/05/2024 09:30,0.20,383.00
23/05/2024 09:15,1.40,383.00
23/05/2024 09:00,0.20,384.00
23/05/2024 08:45,0.20,385.00
23/05/2024 08:30,0.20,387.00
23/05/2024 08:15,0.40,388.00
23/05/2024 08:00,3.40,389.00
23/05/2024 07:45,0.40,389.00
23/05/2024 07:30,0.40,390.00
23/05/2024 07:15,1.40,390.00
23/05/2024 07:00,0.00,392.00
23/05/2024 06:45,1.60,391.00
23/05/2024 06:30,0.20,392.00
23/05/2024 06:15,0.00,393.00
23/05/2024 06:00,2.00,394.00
23/05/2024 05:45,0.00,394.00
23/05/2024 05:30,0.40,395.00
23/05/2024 05:15,0.60,395.00
23/05/2024 05:00,1.00,396.00
23/05/2024 04:45,1.40,396.00
23/05/2024 04:30,1.40,395.00
23/05/2024 04:15,1.60,395.00
23/05/2024 04:00,0.80,394.00
23/05/2024 03:45,2.20,394.00
23/05/2024 03:30,6.20,393.00
23/05/2024 03:15,0.00,392.00
23/05/2024 03:00,0.00,389.00
23/05/2024 02:45,0.00,386.00
23/05/2024 02:30,0.00,385.00
23/05/2024 02:15,0.00,384.00
23/05/2024 02:00,0.00,385.00
23/05/2024 01:45,0.00,385.00
23/05/2024 01:30,0.00,383.00
23/05/2024 01:15,0.00,382.00
23/05/2024 01:00,0.00,382.00
23/05/2024 00:45,0.00,382.00
23/05/2024 00:30,0.00,382.00
23/05/2024 00:15,0.00,382.00
23/05/2024 00:00,0.00,382.00
22/05/2024 23:45,0.00,383.00
22/05/2024 23:30,0.00,383.00
22/05/2024 23:15,0.00,384.00
22/05/2024 23:00,0.00,384.00
22/05/2024 22:45,0.00,385.00
22/05/2024 22:30,0.00,385.00
22/05/2024 22:15,0.00,386.00
22/05/2024 22:00,0.00,386.00
22/05/2024 21:45,0.00,386.00
22/05/2024 21:30,0.00,386.00
22/05/2024 21:15,0.00,387.00
22/05/2024 21:00,0.00,388.00
22/05/2024 20:45,0.00,388.00
22/05/2024 20:30,0.00,388.00
22/05/2024 20:15,0.00,388.00
22/05/2024 20:00,0.00,389.00
22/05/2024 19:45,0.00,389.00
22/05/2024 19:30,0.00,389.00
22/05/2024 19:15,0.00,389.00
22/05/2024 19:00,0.00,390.00
22/05/2024 18:45,0.00,390.00
22/05/2024 18:30,0.00,390.00
22/05/2024 18:15,0.00,390.00
22/05/2024 18:00,0.00,390.00
22/05/2024 17:45,0.00,390.00
22/05/2024 17:30,0.00,390.00
22/05/2024 17:15,0.00,391.00
22/05/2024 17:00,0.00,391.00
22/05/2024 16:45,0.00,391.00
22/05/2024 16:30,0.00,392.00
22/05/2024 16:15,0.00,391.00
22/05/2024 16:00,0.00,392.00
22/05/2024 15:45,0.00,392.00
22/05/2024 15:30,0.00,392.00
22/05/2024 15:15,0.00,392.00
22/05/2024 15:00,0.00,392.00
22/05/2024 14:45,0.00,393.00
22/05/2024 14:30,0.00,392.00
22/05/2024 14:15,0.00,392.00
22/05/2024 14:00,0.00,393.00
22/05/2024 13:45,0.00,393.00
22/05/2024 13:30,0.00,393.00
22/05/2024 13:15,0.00,392.00
22/05/2024 13:00,0.00,392.00
22/05/2024 12:45,0.00,392.00
22/05/2024 12:30,0.00,391.00
22/05/2024 12:15,0.00,392.00
22/05/2024 12:00,0.00,391.00
22/05/2024 11:45,0.00,391.00
22/05/2024 11:30,0.00,391.00
22/05/2024 11:15,0.00,391.00
22/05/2024 11:00,0.00,390.00
22/05/2024 10:45,0.00,391.00
22/05/2024 10:30,0.00,391.00
22/05/2024 10:15,0.00,391.00
22/05/2024 10:00,0.00,391.00
22/05/2024 09:45,0.00,390.00
22/05/2024 09:30,0.00,390.00
22/05/2024 09:15,0.00,389.00
22/05/2024 09:00,0.00,390.00
22/05/2024 08:45,0.00,389.00
22/05/2024 08:30,0.00,390.00
22/05/2024 08:15,0.00,390.00
22/05/2024 08:00,0.00,390.00
22/05/2024 07:45,0.00,390.00
22/05/2024 07:30,0.00,391.00
22/05/2024 07:15,0.00,391.00
22/05/2024 07:00,0.00,392.00
22/05/2024 06:45,0.00,392.00
22/05/2024 06:30,0.00,392.00
22/05/2024 06:15,0.00,392.00
22/05/2024 06:00,0.00,393.00
22/05/2024 05:45,0.00,393.00
22/05/2024 05:30,0.00,393.00
22/05/2024 05:15,0.00,393.00
22/05/2024 05:00,0.00,394.00
22/05/2024 04:45,0.00,394.00
22/05/2024 04:30,0.00,394.00
22/05/2024 04:15,0.00,395.00
22/05/2024 04:00,0.00,395.00
22/05/2024 03:45,0.00,395.00
22/05/2024 03:30,0.00,395.00
22/05/2024 03:15,0.00,396.00
22/05/2024 03:00,0.00,396.00
22/05/2024 02:45,0.00,396.00
22/05/2024 02:30,0.00,396.00
22/05/2024 02:15,0.00,396.00
22/05/2024 02:00,0.00,396.00
22/05/2024 01:45,0.00,397.00
22/05/2024 01:30,0.00,398.00
22/05/2024 01:15,0.00,397.00
22/05/2024 01:00,0.00,397.00
22/05/2024 00:45,0.00,398.00
22/05/2024 00:30,0.00,398.00
22/05/2024 00:15,0.00,399.00
22/05/2024 00:00,0.00,399.00
21/05/2024 23:45,0.00,399.00
21/05/2024 23:30,0.00,399.00
21/05/2024 23:15,0.00,400.00
21/05/2024 23:00,0.00,400.00
21/05/2024 22:45,0.00,400.00
21/05/2024 22:30,0.00,400.00
21/05/2024 22:15,0.00,400.00
21/05/2024 22:00,0.00,400.00
21/05/2024 21:45,0.00,400.00
21/05/2024 21:30,0.00,401.00
21/05/2024 21:15,0.00,401.00
21/05/2024 21:00,0.00,401.00
21/05/2024 20:45,0.00,400.00
21/05/2024 20:30,0.00,401.00
21/05/2024 20:15,0.00,401.00
21/05/2024 20:00,0.00,401.00
21/05/2024 19:45,0.00,400.00
21/05/2024 19:30,0.00,400.00
21/05/2024 19:15,0.00,400.00
21/05/2024 19:00,0.00,401.00
21/05/2024 18:45,0.00,401.00
21/05/2024 18:30,0.00,401.00
21/05/2024 18:15,0.00,401.00
21/05/2024 18:00,0.00,401.00
21/05/2024 17:45,0.00,401.00
21/05/2024 17:30,0.00,401.00
21/05/2024 17:15,0.00,401.00
21/05/2024 17:00,0.00,402.00
21/05/2024 16:45,0.00,402.00
21/05/2024 16:30,0.00,403.00
21/05/2024 16:15,0.00,402.00
21/05/2024 16:00,0.00,403.00
21/05/2024 15:45,0.00,402.00
21/05/2024 15:30,0.00,403.00
21/05/2024 15:15,0.00,403.00
21/05/2024 15:00,0.00,403.00
21/05/2024 14:45,0.00,404.00
21/05/2024 14:30,0.00,403.00
21/05/2024 14:15,0.00,404.00
21/05/2024 14:00,0.00,404.00
21/05/2024 13:45,0.00,404.00
21/05/2024 13:30,0.00,404.00
21/05/2024 13:15,0.00,404.00
21/05/2024 13:00,0.00,404.00
21/05/2024 12:45,0.00,405.00
21/05/2024 12:30,0.00,405.00
21/05/2024 12:15,0.00,405.00
21/05/2024 12:00,0.00,405.00
21/05/2024 11:45,0.00,405.00
21/05/2024 11:30,0.00,405.00
21/05/2024 11:15,0.00,405.00
21/05/2024 11:00,0.00,406.00
21/05/2024 10:45,0.00,406.00
21/05/2024 10:30,0.00,406.00
21/05/2024 10:15,0.00,406.00
21/05/2024 10:00,0.00,407.00
21/05/2024 09:45,0.00,407.00
21/05/2024 09:30,0.00,407.00
21/05/2024 09:15,0.00,407.00
21/05/2024 09:00,0.00,407.00
21/05/2024 08:45,0.00,407.00
21/05/2024 08:30,0.00,408.00
21/05/2024 08:15,0.00,408.00
21/05/2024 08:00,0.00,408.00
21/05/2024 07:45,0.00,409.00
21/05/2024 07:30,0.00,408.00
21/05/2024 07:15,0.00,409.00
21/05/2024 07:00,0.00,409.00
21/05/2024 06:45,0.00,409.00
21/05/2024 06:30,0.00,410.00
21/05/2024 06:15,0.00,410.00
21/05/2024 06:00,0.00,410.00
21/05/2024 05:45,0.00,411.00
21/05/2024 05:30,0.00,411.00
21/05/2024 05:15,0.00,411.00
21/05/2024 05:00,0.00,412.00
21/05/2024 04:45,0.00,412.00
21/05/2024 04:30,0.00,412.00
21/05/2024 04:15,0.00,412.00
21/05/2024 04:00,0.00,413.00
21/05/2024 03:45,0.00,413.00
21/05/2024 03:30,0.00,414.00
21/05/2024 03:15,0.00,414.00
21/05/2024 03:00,0.00,415.00
21/05/2024 02:45,0.00,415.00
21/05/2024 02:30,0.00,415.00
21/05/2024 02:15,0.00,415.00
21/05/2024 02:00,0.00,416.00
21/05/2024 01:45,0.00,416.00
21/05/2024 01:30,0.00,416.00
21/05/2024 01:15,0.00,416.00
21/05/2024 01:00,0.00,417.00
21/05/2024 00:45,0.00,417.00
21/05/2024 00:30,0.00,418.00
21/05/2024 00:15,0.00,418.00
21/05/2024 00:00,0.00,418.00
20/05/2024 23:45,0.00,418.00
20/05/2024 23:30,0.00,419.00
20/05/2024 23:15,0.00,419.00
20/05/2024 23:00,0.00,419.00
20/05/2024 22:45,0.00,419.00
20/05/2024 22:30,0.00,420.00
20/05/2024 22:15,0.00,420.00
20/05/2024 22:00,0.00,421.00
20/05/2024 21:45,0.00,421.00
20/05/2024 21:30,0.00,422.00
20/05/2024 21:15,0.00,421.00
20/05/2024 21:00,0.00,422.00
20/05/2024 20:45,0.00,422.00
20/05/2024 20:30,0.00,423.00
20/05/2024 20:15,0.00,422.00
20/05/2024 20:00,0.00,422.00
20/05/2024 19:45,0.00,422.00
20/05/2024 19:30,0.00,423.00
20/05/2024 19:15,0.00,423.00
20/05/2024 19:00,0.00,423.00
20/05/2024 18:45,0.00,423.00
20/05/2024 18:30,0.00,423.00
20/05/2024 18:15,0.00,423.00
20/05/2024 18:00,0.00,423.00
20/05/2024 17:45,0.00,423.00
20/05/2024 17:30,0.00,423.00
20/05/2024 17:15,0.00,423.00
20/05/2024 17:00,0.00,425.00
20/05/2024 16:45,0.00,424.00
20/05/2024 16:30,0.00,424.00
20/05/2024 16:15,0.00,425.00
20/05/2024 16:00,0.00,425.00
20/05/2024 15:45,0.00,425.00
20/05/2024 15:30,0.00,426.00
20/05/2024 15:15,0.00,426.00
20/05/2024 15:00,0.00,426.00
20/05/2024 14:45,0.00,426.00
20/05/2024 14:30,0.00,427.00
20/05/2024 14:15,0.00,426.00
20/05/2024 14:00,0.00,426.00
20/05/2024 13:45,0.00,427.00
20/05/2024 13:30,0.00,427.00
20/05/2024 13:15,0.00,427.00
20/05/2024 13:00,0.00,428.00
20/05/2024 12:45,0.00,428.00
20/05/2024 12:30,0.00,428.00
20/05/2024 12:15,0.00,429.00
20/05/2024 12:00,0.00,429.00
20/05/2024 11:45,0.00,429.00
20/05/2024 11:30,0.00,429.00
20/05/2024 11:15,0.00,430.00
20/05/2024 11:00,0.00,430.00
20/05/2024 10:45,0.00,430.00
20/05/2024 10:30,0.00,431.00
20/05/2024 10:15,0.00,432.00
20/05/2024 10:00,0.00,432.00
20/05/2024 09:45,0.00,432.00
20/05/2024 09:30,0.00,432.00
20/05/2024 09:15,0.00,433.00
20/05/2024 09:00,0.00,432.00
20/05/2024 08:45,0.00,433.00
20/05/2024 08:30,0.00,432.00
20/05/2024 08:15,0.00,432.00
20/05/2024 08:00,0.00,432.00
20/05/2024 07:45,0.00,432.00
20/05/2024 07:30,0.00,432.00
20/05/2024 07:15,0.00,432.00
20/05/2024 07:00,0.00,432.00
20/05/2024 06:45,0.00,432.00
20/05/2024 06:30,0.00,432.00
20/05/2024 06:15,0.00,431.00
20/05/2024 06:00,0.00,431.00
20/05/2024 05:45,0.00,431.00
20/05/2024 05:30,0.00,431.00
20/05/2024 05:15,0.00,430.00
20/05/2024 05:00,0.00,430.00
20/05/2024 04:45,0.00,431.00
20/05/2024 04:30,0.00,430.00
20/05/2024 04:15,0.00,430.00
20/05/2024 04:00,0.00,429.00
20/05/2024 03:45,0.00,429.00
20/05/2024 03:30,0.00,428.00
20/05/2024 03:15,0.00,428.00
20/05/2024 03:00,0.00,427.00
20/05/2024 02:45,0.00,427.00
20/05/2024 02:30,0.00,427.00
20/05/2024 02:15,0.00,427.00
20/05/2024 02:00,0.00,426.00
20/05/2024 01:45,0.00,426.00
20/05/2024 01:30,0.00,425.00
20/05/2024 01:15,0.00,425.00
20/05/2024 01:00,0.00,425.00
20/05/2024 00:45,0.00,424.00
20/05/2024 00:30,0.00,424.00
20/05/2024 00:15,0.00,425.00
20/05/2024 00:00,0.00,424.00
19/05/2024 23:45,0.00,424.00
19/05/2024 23:30,0.00,424.00
19/05/2024 23:15,0.00,424.00
19/05/2024 23:00,0.00,425.00
19/05/2024 22:45,0.00,424.00
19/05/2024 22:30,0.00,425.00
19/05/2024 22:15,0.00,425.00
19/05/2024 22:00,0.00,425.00
19/05/2024 21:45,0.00,425.00
19/05/2024 21:30,0.00,425.00
19/05/2024 21:15,0.00,426.00
19/05/2024 21:00,0.00,426.00
19/05/2024 20:45,0.00,426.00
19/05/2024 20:30,0.00,426.00
19/05/2024 20:15,0.00,426.00
19/05/2024 20:00,0.00,427.00
19/05/2024 19:45,0.00,427.00
19/05/2024 19:30,0.00,427.00
19/05/2024 19:15,0.00,427.00
19/05/2024 19:00,0.00,427.00
19/05/2024 18:45,0.00,427.00
19/05/2024 18:30,0.00,427.00
19/05/2024 18:15,0.00,428.00
19/05/2024 18:00,0.00,428.00
19/05/2024 17:45,0.00,428.00
19/05/2024 17:30,0.00,428.00
19/05/2024 17:15,0.00,429.00
19/05/2024 17:00,0.00,429.00
19/05/2024 16:45,0.00,429.00
19/05/2024 16:30,0.00,430.00
19/05/2024 16:15,0.00,430.00
19/05/2024 16:00,0.00,431.00
19/05/2024 15:45,0.00,431.00
19/05/2024 15:30,0.00,431.00
19/05/2024 15:15,0.00,431.00
19/05/2024 15:00,0.00,431.00
19/05/2024 14:45,0.00,432.00
19/05/2024 14:30,0.00,432.00
19/05/2024 14:15,0.00,432.00
19/05/2024 14:00,0.00,433.00
19/05/2024 13:45,0.00,433.00
19/05/2024 13:30,0.00,434.00
19/05/2024 13:15,0.00,434.00
19/05/2024 13:00,0.00,434.00
19/05/2024 12:45,0.00,434.00
19/05/2024 12:30,0.00,435.00
19/05/2024 12:15,0.20,436.00
19/05/2024 12:00,0.00,435.00
19/05/2024 11:45,0.00,436.00
19/05/2024 11:30,0.00,436.00
19/05/2024 11:15,0.00,437.00
19/05/2024 11:00,0.00,438.00
19/05/2024 10:45,0.00,438.00
19/05/2024 10:30,0.00,438.00
19/05/2024 10:15,0.00,438.00
19/05/2024 10:00,0.00,439.00
19/05/2024 09:45,0.00,439.00
19/05/2024 09:30,0.00,440.00
19/05/2024 09:15,0.00,440.00
19/05/2024 09:00,0.00,440.00
19/05/2024 08:45,0.20,441.00
19/05/2024 08:30,0.00,442.00
19/05/2024 08:15,0.00,443.00
19/05/2024 08:00,0.00,442.00
19/05/2024 07:45,0.00,444.00
19/05/2024 07:30,0.00,443.00
19/05/2024 07:15,0.00,443.00
19/05/2024 07:00,0.00,443.00
19/05/2024 06:45,0.00,444.00
19/05/2024 06:30,0.00,444.00
19/05/2024 06:15,0.20,443.00
19/05/2024 06:00,0.00,444.00
19/05/2024 05:45,0.20,444.00
19/05/2024 05:30,0.00,445.00
19/05/2024 05:15,0.20,445.00
19/05/2024 05:00,0.20,447.00
19/05/2024 04:45,0.00,446.00
19/05/2024 04:30,0.00,446.00
19/05/2024 04:15,0.00,447.00
19/05/2024 04:00,0.00,446.00
19/05/2024 03:45,0.00,446.00
19/05/2024 03:30,0.00,447.00
19/05/2024 03:15,0.00,447.00
19/05/2024 03:00,0.00,448.00
19/05/2024 02:45,0.00,447.00
19/05/2024 02:30,0.00,447.00
19/05/2024 02:15,0.00,447.00
19/05/2024 02:00,0.00,448.00
19/05/2024 01:45,0.00,449.00
19/05/2024 01:30,0.00,450.00
19/05/2024 01:15,0.00,450.00
19/05/2024 01:00,0.00,450.00
19/05/2024 00:45,0.00,451.00
19/05/2024 00:30,0.00,451.00
19/05/2024 00:15,0.00,451.00
19/05/2024 00:00,0.00,451.00
18/05/2024 23:45,0.00,452.00
18/05/2024 23:30,0.00,452.00
18/05/2024 23:15,0.00,452.00
18/05/2024 23:00,0.00,453.00
18/05/2024 22:45,0.00,452.00
18/05/2024 22:30,0.00,453.00
18/05/2024 22:15,0.00,453.00
18/05/2024 22:00,0.00,454.00
18/05/2024 21:45,0.00,455.00
18/05/2024 21:30,0.00,455.00
18/05/2024 21:15,0.00,455.00
18/05/2024 21:00,0.00,455.00
18/05/2024 20:45,0.00,455.00
18/05/2024 20:30,0.00,454.00
18/05/2024 20:15,0.00,454.00
18/05/2024 20:00,0.00,454.00
18/05/2024 19:45,0.00,454.00
18/05/2024 19:30,0.00,454.00
18/05/2024 19:15,0.00,454.00
18/05/2024 19:00,0.00,453.00
18/05/2024 18:45,0.00,454.00
18/05/2024 18:30,0.00,454.00
18/05/2024 18:15,0.00,454.00
18/05/2024 18:00,0.00,454.00
18/05/2024 17:45,0.00,455.00
18/05/2024 17:30,0.00,455.00
18/05/2024 17:15,0.00,455.00
18/05/2024 17:00,0.00,455.00
18/05/2024 16:45,0.00,455.00
18/05/2024 16:30,0.00,455.00
18/05/2024 16:15,0.00,454.00
18/05/2024 16:00,0.00,454.00
18/05/2024 15:45,0.00,454.00
18/05/2024 15:30,0.00,454.00
18/05/2024 15:15,0.00,454.00
18/05/2024 15:00,0.00,454.00
18/05/2024 14:45,0.00,454.00
18/05/2024 14:30,0.00,454.00
18/05/2024 14:15,0.00,454.00
18/05/2024 14:00,0.00,454.00
18/05/2024 13:45,0.00,454.00
18/05/2024 13:30,0.00,453.00
18/05/2024 13:15,0.00,453.00
18/05/2024 13:00,0.00,454.00
18/05/2024 12:45,0.00,454.00
18/05/2024 12:30,0.00,453.00
18/05/2024 12:15,0.00,454.00
18/05/2024 12:00,0.00,454.00
18/05/2024 11:45,0.00,454.00
18/05/2024 11:30,0.00,455.00
18/05/2024 11:15,0.00,454.00
18/05/2024 11:00,0.00,453.00
18/05/2024 10:45,0.00,453.00
18/05/2024 10:30,0.00,453.00
18/05/2024 10:15,0.00,452.00
18/05/2024 10:00,0.00,453.00
18/05/2024 09:45,0.00,452.00
18/05/2024 09:30,0.00,453.00
18/05/2024 09:15,0.00,452.00
18/05/2024 09:00,0.00,453.00
18/05/2024 08:45,0.00,453.00
18/05/2024 08:30,0.00,453.00
18/05/2024 08:15,0.00,453.00
18/05/2024 08:00,0.00,452.00
18/05/2024 07:45,0.00,453.00
18/05/2024 07:30,0.00,452.00
18/05/2024 07:15,0.00,453.00
18/05/2024 07:00,0.00,452.00
18/05/2024 06:45,0.00,453.00
18/05/2024 06:30,0.00,453.00
18/05/2024 06:15,0.00,452.00
18/05/2024 06:00,0.00,453.00
18/05/2024 05:45,0.00,453.00
18/05/2024 05:30,0.00,453.00
18/05/2024 05:15,0.00,453.00
18/05/2024 05:00,0.00,454.00
18/05/2024 04:45,0.00,454.00
18/05/2024 04:30,0.00,454.00
18/05/2024 04:15,0.00,454.00
18/05/2024 04:00,0.00,455.00
18/05/2024 03:45,0.00,455.00
18/05/2024 03:30,0.00,454.00
18/05/2024 03:15,0.00,455.00
18/05/2024 03:00,0.00,456.00
18/05/2024 02:45,0.00,455.00
18/05/2024 02:30,0.00,455.00
18/05/2024 02:15,0.00,454.00
18/05/2024 02:00,0.00,455.00
18/05/2024 01:45,0.00,455.00
18/05/2024 01:30,0.00,455.00
18/05/2024 01:15,0.00,455.00
18/05/2024 01:00,0.00,454.00
18/05/2024 00:45,0.00,455.00
18/05/2024 00:30,0.00,455.00
18/05/2024 00:15,0.00,455.00
18/05/2024 00:00,0.00,455.00
17/05/2024 23:45,0.00,456.00
17/05/2024 23:30,0.00,455.00
17/05/2024 23:15,0.00,456.00
17/05/2024 23:00,0.00,455.00
17/05/2024 22:45,0.00,456.00
17/05/2024 22:30,0.00,457.00
17/05/2024 22:15,0.00,457.00
17/05/2024 22:00,0.00,456.00
17/05/2024 21:45,0.00,457.00
17/05/2024 21:30,0.00,457.00
17/05/2024 21:15,0.00,458.00
17/05/2024 21:00,0.00,458.00
17/05/2024 20:45,0.00,458.00
17/05/2024 20:30,0.00,459.00
17/05/2024 20:15,0.00,459.00
17/05/2024 20:00,0.00,458.00
17/05/2024 19:45,0.00,459.00
17/05/2024 19:30,0.00,460.00
17/05/2024 19:15,0.00,459.00
17/05/2024 19:00,0.00,460.00
17/05/2024 18:45,0.00,461.00
17/05/2024 18:30,0.00,461.00
17/05/2024 18:15,0.00,461.00
17/05/2024 18:00,0.00,462.00
17/05/2024 17:45,0.00,462.00
17/05/2024 17:30,0.00,462.00
17/05/2024 17:15,0.00,462.00
17/05/2024 17:00,0.00,462.00
17/05/2024 16:45,0.00,463.00
17/05/2024 16:30,0.00,463.00
17/05/2024 16:15,0.00,464.00
17/05/2024 16:00,0.00,464.00
17/05/2024 15:45,0.00,464.00
17/05/2024 15:30,0.00,464.00
17/05/2024 15:15,0.00,464.00
17/05/2024 15:00,0.00,465.00
17/05/2024 14:45,0.00,466.00
17/05/2024 14:30,0.00,466.00
17/05/2024 14:15,0.00,466.00
17/05/2024 14:00,0.00,466.00
17/05/2024 13:45,0.00,467.00
17/05/2024 13:30,0.00,467.00
17/05/2024 13:15,0.00,467.00
17/05/2024 13:00,0.00,468.00
17/05/2024 12:45,0.00,468.00
17/05/2024 12:30,0.00,466.00
17/05/2024 12:15,0.00,469.00
17/05/2024 12:00,0.00,469.00
17/05/2024 11:45,0.20,468.00
17/05/2024 11:30,0.00,469.00
17/05/2024 11:15,0.00,469.00
17/05/2024 11:00,0.00,469.00
17/05/2024 10:45,0.00,468.00
17/05/2024 10:30,0.00,469.00
17/05/2024 10:15,0.00,469.00
17/05/2024 10:00,0.00,469.00
17/05/2024 09:45,0.00,469.00
17/05/2024 09:30,0.00,470.00
17/05/2024 09:15,0.00,470.00
17/05/2024 09:00,0.00,472.00
17/05/2024 08:45,0.00,470.00
17/05/2024 08:30,0.00,470.00
17/05/2024 08:15,0.00,470.00
17/05/2024 08:00,0.00,470.00
17/05/2024 07:45,0.00,471.00
17/05/2024 07:30,0.00,472.00
17/05/2024 07:15,0.00,472.00
17/05/2024 07:00,0.00,472.00
17/05/2024 06:45,0.00,472.00
17/05/2024 06:30,0.00,473.00
17/05/2024 06:15,0.00,473.00
17/05/2024 06:00,0.00,473.00
17/05/2024 05:45,0.00,473.00
17/05/2024 05:30,0.00,473.00
17/05/2024 05:15,0.00,473.00
17/05/2024 05:00,0.00,474.00
17/05/2024 04:45,0.00,474.00
17/05/2024 04:30,0.00,474.00
17/05/2024 04:15,0.20,474.00
17/05/2024 04:00,0.20,475.00
17/05/2024 03:45,0.20,475.00
17/05/2024 03:30,0.00,477.00
17/05/2024 03:15,0.20,476.00
17/05/2024 03:00,0.40,476.00
17/05/2024 02:45,0.20,477.00
17/05/2024 02:30,0.00,475.00
17/05/2024 02:15,0.40,477.00
17/05/2024 02:00,0.40,477.00
17/05/2024 01:45,0.20,478.00
17/05/2024 01:30,0.00,478.00
17/05/2024 01:15,0.00,477.00
17/05/2024 01:00,0.20,478.00
17/05/2024 00:45,0.00,478.00
17/05/2024 00:30,0.20,479.00
17/05/2024 00:15,0.80,478.00
17/05/2024 00:00,0.20,478.00
16/05/2024 23:45,0.00,479.00
16/05/2024 23:30,0.20,479.00
16/05/2024 23:15,0.20,481.00
16/05/2024 23:00,0.20,480.00
16/05/2024 22:45,0.20,479.00
16/05/2024 22:30,0.00,481.00
16/05/2024 22:15,0.20,481.00
16/05/2024 22:00,0.00,481.00
16/05/2024 21:45,0.00,481.00
16/05/2024 21:30,0.20,482.00
16/05/2024 21:15,0.00,483.00
16/05/2024 21:00,0.20,483.00
16/05/2024 20:45,0.20,483.00
16/05/2024 20:30,0.00,483.00
16/05/2024 20:15,0.00,483.00
16/05/2024 20:00,0.00,483.00
16/05/2024 19:45,0.00,484.00
16/05/2024 19:30,0.00,485.00
16/05/2024 19:15,0.00,484.00
16/05/2024 19:00,0.00,484.00
16/05/2024 18:45,0.00,484.00
16/05/2024 18:30,0.00,485.00
16/05/2024 18:15,0.00,484.00
16/05/2024 18:00,0.20,484.00
16/05/2024 17:45,0.00,486.00
16/05/2024 17:30,0.20,486.00
16/05/2024 17:15,0.20,486.00
16/05/2024 17:00,0.00,486.00
16/05/2024 16:45,0.40,487.00
16/05/2024 16:30,0.20,486.00
16/05/2024 16:15,0.60,487.00
16/05/2024 16:00,0.40,486.00
16/05/2024 15:45,0.40,488.00
16/05/2024 15:30,0.00,488.00
16/05/2024 15:15,0.20,487.00
16/05/2024 15:00,0.20,488.00
16/05/2024 14:45,0.40,489.00
16/05/2024 14:30,0.20,489.00
16/05/2024 14:15,0.40,488.00
16/05/2024 14:00,0.60,489.00
16/05/2024 13:45,0.20,491.00
16/05/2024 13:30,0.40,489.00
16/05/2024 13:15,0.20,490.00
16/05/2024 13:00,0.20,490.00
16/05/2024 12:45,0.00,492.00
16/05/2024 12:30,0.00,491.00
16/05/2024 12:15,0.40,491.00
16/05/2024 12:00,0.00,492.00
16/05/2024 11:45,0.00,493.00
16/05/2024 11:30,0.00,492.00
16/05/2024 11:15,0.00,492.00
16/05/2024 11:00,0.00,493.00
16/05/2024 10:45,0.00,494.00
16/05/2024 10:30,0.00,495.00
16/05/2024 10:15,0.00,495.00
16/05/2024 10:00,0.00,494.00
16/05/2024 09:45,0.00,495.00
16/05/2024 09:30,0.00,495.00
16/05/2024 09:15,0.00,496.00
16/05/2024 09:00,0.00,497.00
16/05/2024 08:45,0.00,497.00
16/05/2024 08:30,0.00,496.00
16/05/2024 08:15,0.00,497.00
16/05/2024 08:00,0.00,497.00
16/05/2024 07:45,0.00,497.00
16/05/2024 07:30,0.00,497.00
16/05/2024 07:15,0.00,497.00
16/05/2024 07:00,0.00,498.00
16/05/2024 06:45,0.00,499.00
16/05/2024 06:30,0.00,498.00
16/05/2024 06:15,0.00,499.00
16/05/2024 06:00,0.00,498.00
16/05/2024 05:45,0.00,499.00
16/05/2024 05:30,0.00,500.00
16/05/2024 05:15,0.00,498.00
16/05/2024 05:00,0.00,498.00
16/05/2024 04:45,0.00,500.00
16/05/2024 04:30,0.00,501.00
16/05/2024 04:15,0.00,501.00
16/05/2024 04:00,0.00,502.00
16/05/2024 03:45,0.00,501.00
16/05/2024 03:30,0.00,501.00
16/05/2024 03:15,0.00,501.00
16/05/2024 03:00,0.00,501.00
16/05/2024 02:45,0.00,503.00
16/05/2024 02:30,0.00,502.00
16/05/2024 02:15,0.00,504.00
16/05/2024 02:00,0.00,502.00
16/05/2024 01:45,0.00,505.00
16/05/2024 01:30,0.00,503.00
16/05/2024 01:15,0.00,504.00
16/05/2024 01:00,0.00,504.00
16/05/2024 00:45,0.00,504.00
16/05/2024 00:30,0.00,504.00
16/05/2024 00:15,0.00,505.00
16/05/2024 00:00,0.00,507.00
15/05/2024 23:45,0.00,508.00
15/05/2024 23:30,0.00,506.00
15/05/2024 23:15,0.00,507.00
15/05/2024 23:00,0.00,508.00
15/05/2024 22:45,0.00,508.00
15/05/2024 22:30,0.00,508.00
15/05/2024 22:15,0.00,509.00
15/05/2024 22:00,0.00,510.00
15/05/2024 21:45,0.00,508.00
15/05/2024 21:30,0.00,508.00
15/05/2024 21:15,0.00,509.00
15/05/2024 21:00,0.00,511.00
15/05/2024 20:45,0.00,512.00
15/05/2024 20:30,0.00,511.00
15/05/2024 20:15,0.00,510.00
15/05/2024 20:00,0.00,510.00
15/05/2024 19:45,0.00,512.00
15/05/2024 19:30,0.00,512.00
15/05/2024 19:15,0.00,511.00
15/05/2024 19:00,0.00,512.00
15/05/2024 18:45,0.00,512.00
15/05/2024 18:30,0.00,513.00
15/05/2024 18:15,0.00,512.00
15/05/2024 18:00,0.00,513.00
15/05/2024 17:45,0.00,514.00
15/05/2024 17:30,0.00,514.00
15/05/2024 17:15,0.00,515.00
15/05/2024 17:00,0.00,518.00
15/05/2024 16:45,0.00,516.00
15/05/2024 16:30,0.00,516.00
15/05/2024 16:15,0.00,516.00
15/05/2024 16:00,0.00,516.00
15/05/2024 15:45,0.00,514.00
15/05/2024 15:30,0.00,516.00
15/05/2024 15:15,0.00,518.00
15/05/2024 15:00,0.00,516.00
15/05/2024 14:45,0.00,515.00
15/05/2024 14:30,0.00,515.00
15/05/2024 14:15,0.00,517.00
15/05/2024 14:00,0.00,517.00
15/05/2024 13:45,0.00,518.00
15/05/2024 13:30,0.00,520.00
15/05/2024 13:15,0.00,518.00
15/05/2024 13:00,0.00,519.00
15/05/2024 12:45,0.00,521.00
15/05/2024 12:30,0.00,519.00
15/05/2024 12:15,0.00,519.00
15/05/2024 12:00,0.00,518.00
15/05/2024 11:45,0.00,518.00
15/05/2024 11:30,0.00,519.00
15/05/2024 11:15,0.00,519.00
15/05/2024 11:00,0.00,519.00
15/05/2024 10:45,0.00,521.00
15/05/2024 10:30,0.00,520.00
15/05/2024 10:15,0.00,521.00
15/05/2024 10:00,0.00,519.00
15/05/2024 09:45,0.00,520.00
15/05/2024 09:30,0.00,519.00
15/05/2024 09:15,0.00,521.00
15/05/2024 09:00,0.00,521.00
15/05/2024 08:45,0.00,520.00
15/05/2024 08:30,0.00,521.00
15/05/2024 08:15,0.00,519.00
15/05/2024 08:00,0.00,521.00
15/05/2024 07:45,0.00,521.00
15/05/2024 07:30,0.00,521.00
15/05/2024 07:15,0.00,520.00
15/05/2024 07:00,0.00,521.00
15/05/2024 06:45,0.00,522.00
15/05/2024 06:30,0.00,522.00
15/05/2024 06:15,0.00,522.00
15/05/2024 06:00,0.00,521.00
15/05/2024 05:45,0.00,523.00
15/05/2024 05:30,0.00,521.00
15/05/2024 05:15,0.00,521.00
15/05/2024 05:00,0.00,521.00
15/05/2024 04:45,0.00,521.00
15/05/2024 04:30,0.00,520.00
15/05/2024 04:15,0.00,521.00
15/05/2024 04:00,0.00,521.00
15/05/2024 03:45,0.00,520.00
15/05/2024 03:30,0.00,521.00
15/05/2024 03:15,0.00,520.00
15/05/2024 03:00,0.00,521.00
15/05/2024 02:45,0.00,520.00
15/05/2024 02:30,0.00,521.00
15/05/2024 02:15,0.00,522.00
15/05/2024 02:00,0.00,522.00
15/05/2024 01:45,0.00,522.00
15/05/2024 01:30,0.00,520.00
15/05/2024 01:15,0.00,523.00
15/05/2024 01:00,0.00,522.00
15/05/2024 00:45,0.00,523.00
15/05/2024 00:30,0.00,523.00
15/05/2024 00:15,0.00,521.00
15/05/2024 00:00,0.00,522.00
14/05/2024 23:45,0.00,522.00
14/05/2024 23:30,0.00,524.00
14/05/2024 23:15,0.00,521.00
14/05/2024 23:00,0.00,522.00
14/05/2024 22:45,0.00,522.00
14/05/2024 22:30,0.00,523.00
14/05/2024 22:15,0.00,522.00
14/05/2024 22:00,0.00,525.00
14/05/2024 21:45,0.00,523.00
14/05/2024 21:30,0.00,521.00
14/05/2024 21:15,0.00,522.00
14/05/2024 21:00,0.00,521.00
14/05/2024 20:45,0.00,523.00
14/05/2024 20:30,0.00,524.00
14/05/2024 20:15,0.00,525.00
14/05/2024 20:00,0.00,524.00
14/05/2024 19:45,0.00,523.00
14/05/2024 19:30,0.00,522.00
14/05/2024 19:15,0.00,525.00
14/05/2024 19:00,0.00,523.00
14/05/2024 18:45,0.00,523.00
14/05/2024 18:30,0.00,523.00
14/05/2024 18:15,0.00,522.00
14/05/2024 18:00,0.00,522.00
14/05/2024 17:45,0.00,523.00
14/05/2024 17:30,0.00,521.00
14/05/2024 17:15,0.00,522.00
14/05/2024 17:00,0.00,523.00
14/05/2024 16:45,0.00,523.00
14/05/2024 16:30,0.00,522.00
14/05/2024 16:15,0.00,523.00
14/05/2024 16:00,0.00,523.00
14/05/2024 15:45,0.00,522.00
14/05/2024 15:30,0.00,522.00
14/05/2024 15:15,0.00,522.00
14/05/2024 15:00,0.00,523.00
14/05/2024 14:45,0.00,521.00
14/05/2024 14:30,0.00,520.00
14/05/2024 14:15,0.00,521.00
14/05/2024 14:00,0.00,521.00
14/05/2024 13:45,0.00,522.00
14/05/2024 13:30,0.00,522.00
14/05/2024 13:15,0.00,522.00
14/05/2024 13:00,0.00,521.00
14/05/2024 12:45,0.00,522.00
14/05/2024 12:30,0.00,520.00
14/05/2024 12:15,0.00,521.00
14/05/2024 12:00,0.00,519.00
14/05/2024 11:45,0.00,520.00
14/05/2024 11:30,0.00,521.00
14/05/2024 11:15,0.00,522.00
14/05/2024 11:00,0.00,522.00
14/05/2024 10:45,0.00,520.00
14/05/2024 10:30,0.00,520.00
14/05/2024 10:15,0.00,521.00
14/05/2024 10:00,0.00,520.00
14/05/2024 09:45,0.00,520.00
14/05/2024 09:30,0.00,520.00
14/05/2024 09:15,0.00,519.00
14/05/2024 09:00,0.00,520.00
14/05/2024 08:45,0.00,519.00
14/05/2024 08:30,0.00,519.00
14/05/2024 08:15,0.00,520.00
14/05/2024 08:00,0.00,521.00
14/05/2024 07:45,0.00,520.00
14/05/2024 07:30,0.00,520.00
14/05/2024 07:15,0.00,520.00
14/05/2024 07:00,0.00,518.00
14/05/2024 06:45,0.00,519.00
14/05/2024 06:30,0.00,519.00
14/05/2024 06:15,0.00,518.00
14/05/2024 06:00,0.00,518.00
14/05/2024 05:45,0.00,520.00
14/05/2024 05:30,0.00,520.00
14/05/2024 05:15,0.00,519.00
14/05/2024 05:00,0.00,518.00
14/05/2024 04:45,0.00,518.00
14/05/2024 04:30,0.00,517.00
14/05/2024 04:15,0.00,517.00
14/05/2024 04:00,0.00,517.00
14/05/2024 03:45,0.00,515.00
14/05/2024 03:30,0.00,516.00
14/05/2024 03:15,0.00,515.00
14/05/2024 03:00,0.00,517.00
14/05/2024 02:45,0.00,516.00
14/05/2024 02:30,0.00,516.00
14/05/2024 02:15,0.00,515.00
14/05/2024 02:00,0.00,515.00
14/05/2024 01:45,0.00,517.00
14/05/2024 01:30,0.00,516.00
14/05/2024 01:15,0.00,515.00
14/05/2024 01:00,0.00,515.00
14/05/2024 00:45,0.00,514.00
14/05/2024 00:30,0.00,514.00
14/05/2024 00:15,0.00,514.00
14/05/2024 00:00,0.00,514.00
13/05/2024 23:45,0.00,515.00
13/05/2024 23:30,0.00,512.00
13/05/2024 23:15,0.00,512.00
13/05/2024 23:00,0.00,512.00
13/05/2024 22:45,0.00,512.00
13/05/2024 22:30,0.00,513.00
13/05/2024 22:15,0.00,513.00
13/05/2024 22:00,0.00,513.00
13/05/2024 21:45,0.00,512.00
13/05/2024 21:30,0.00,512.00
13/05/2024 21:15,0.00,511.00
13/05/2024 21:00,0.00,509.00
13/05/2024 20:45,0.00,510.00
13/05/2024 20:30,0.00,510.00
13/05/2024 20:15,0.00,508.00
13/05/2024 20:00,0.00,509.00
13/05/2024 19:45,0.00,508.00
13/05/2024 19:30,0.00,508.00
13/05/2024 19:15,0.00,508.00
13/05/2024 19:00,0.00,506.00
13/05/2024 18:45,0.00,506.00
13/05/2024 18:30,0.00,506.00
13/05/2024 18:15,0.00,506.00
13/05/2024 18:00,0.00,505.00
13/05/2024 17:45,0.00,506.00
13/05/2024 17:30,0.00,505.00
13/05/2024 17:15,0.00,504.00
13/05/2024 17:00,0.00,503.00
13/05/2024 16:45,0.00,503.00
13/05/2024 16:30,0.00,502.00
13/05/2024 16:15,0.00,502.00
13/05/2024 16:00,0.00,502.00
13/05/2024 15:45,0.00,500.00
13/05/2024 15:30,,500.00
13/05/2024 15:15,4.00,501.00
13/05/2024 15:00,0.00,496.00
13/05/2024 14:45,,495.00
13/05/2024 14:30,,495.00
13/05/2024 14:15,,494.00
13/05/2024 14:00,,494.00
13/05/2024 13:45,,495.00
13/05/2024 13:30,,495.00
13/05/2024 13:15,,494.00
13/05/2024 13:00,,494.00
13/05/2024 12:45,,493.00
13/05/2024 12:30,,493.00
13/05/2024 12:15,,492.00
13/05/2024 12:00,,494.00
13/05/2024 11:45,,493.00
13/05/2024 11:30,,492.00
13/05/2024 11:15,,491.00
13/05/2024 11:00,,491.00
13/05/2024 10:45,,491.00
13/05/2024 10:30,,490.00
13/05/2024 10:15,,489.00
13/05/2024 10:00,,490.00
13/05/2024 09:45,,487.00
13/05/2024 09:30,,487.00
13/05/2024 09:15,,486.00
13/05/2024 09:00,,484.00
13/05/2024 08:45,,485.00
13/05/2024 08:30,,482.00
13/05/2024 08:15,,480.00
13/05/2024 08:00,,480.00
13/05/2024 07:45,,479.00
13/05/2024 07:30,,478.00
13/05/2024 07:15,,478.00
13/05/2024 07:00,,477.00
13/05/2024 06:45,,477.00
13/05/2024 06:30,,475.00
13/05/2024 06:15,,475.00
13/05/2024 06:00,,475.00
13/05/2024 05:45,,472.00
13/05/2024 05:30,,472.00
13/05/2024 05:15,,471.00
13/05/2024 05:00,,470.00
13/05/2024 04:45,,470.00
13/05/2024 04:30,,469.00
13/05/2024 04:15,,468.00
13/05/2024 04:00,,469.00
13/05/2024 03:45,,468.00
13/05/2024 03:30,,468.00
13/05/2024 03:15,,468.00
13/05/2024 03:00,,468.00
13/05/2024 02:45,,466.00
13/05/2024 02:30,,467.00
13/05/2024 02:15,,466.00
13/05/2024 02:00,,467.00
13/05/2024 01:45,,464.00
13/05/2024 01:30,,465.00
13/05/2024 01:15,,465.00
13/05/2024 01:00,,464.00
13/05/2024 00:45,,464.00
13/05/2024 00:30,,464.00
13/05/2024 00:15,,465.00
13/05/2024 00:00,,464.00
12/05/2024 23:45,,462.00
12/05/2024 23:30,,463.00
12/05/2024 23:15,,462.00
12/05/2024 23:00,,462.00
12/05/2024 22:45,,462.00
12/05/2024 22:30,,461.00
12/05/2024 22:15,,462.00
12/05/2024 22:00,,464.00
12/05/2024 21:45,,464.00
12/05/2024 21:30,,464.00
12/05/2024 21:15,,464.00
12/05/2024 21:00,,464.00
12/05/2024 20:45,,463.00
12/05/2024 20:30,,462.00
12/05/2024 20:15,,462.00
12/05/2024 20:00,,462.00
12/05/2024 19:45,,463.00
12/05/2024 19:30,,462.00
12/05/2024 19:15,,464.00
12/05/2024 19:00,,463.00
12/05/2024 18:45,,463.00
12/05/2024 18:30,,464.00
12/05/2024 18:15,,463.00
12/05/2024 18:00,,464.00
12/05/2024 17:45,,465.00
12/05/2024 17:30,,463.00
12/05/2024 17:15,,463.00
12/05/2024 17:00,,464.00
12/05/2024 16:45,,465.00
12/05/2024 16:30,,463.00
12/05/2024 16:15,,463.00
12/05/2024 16:00,,463.00
12/05/2024 15:45,,465.00
12/05/2024 15:30,,463.00
12/05/2024 15:15,,462.00
12/05/2024 15:00,,464.00
12/05/2024 14:45,,465.00
12/05/2024 14:30,,463.00
12/05/2024 14:15,,463.00
12/05/2024 14:00,,463.00
12/05/2024 13:45,,463.00
12/05/2024 13:30,,464.00
12/05/2024 13:15,,465.00
12/05/2024 13:00,,465.00
12/05/2024 12:45,,464.00
12/05/2024 12:30,,464.00
12/05/2024 12:15,,464.00
12/05/2024 12:00,,463.00
12/05/2024 11:45,,464.00
12/05/2024 11:30,,464.00
12/05/2024 11:15,,464.00
12/05/2024 11:00,,463.00
12/05/2024 10:45,,465.00
12/05/2024 10:30,,465.00
12/05/2024 10:15,,465.00
12/05/2024 10:00,,466.00
12/05/2024 09:45,,464.00
12/05/2024 09:30,,465.00
12/05/2024 09:15,,464.00
12/05/2024 09:00,,465.00
12/05/2024 08:45,,464.00
12/05/2024 08:30,,464.00
12/05/2024 08:15,,464.00
12/05/2024 08:00,,464.00
12/05/2024 07:45,,464.00
12/05/2024 07:30,,465.00
12/05/2024 07:15,,464.00
12/05/2024 07:00,,463.00
12/05/2024 06:45,,464.00
12/05/2024 06:30,,464.00
12/05/2024 06:15,,464.00
12/05/2024 06:00,,465.00
12/05/2024 05:45,,466.00
12/05/2024 05:30,,463.00
12/05/2024 05:15,,463.00
12/05/2024 05:00,,462.00
12/05/2024 04:45,,462.00
12/05/2024 04:30,,464.00
12/05/2024 04:15,,463.00
12/05/2024 04:00,,464.00
12/05/2024 03:45,,462.00
12/05/2024 03:30,,463.00
12/05/2024 03:15,,462.00
12/05/2024 03:00,,461.00
12/05/2024 02:45,,462.00
12/05/2024 02:30,,461.00
12/05/2024 02:15,,462.00
12/05/2024 02:00,,461.00
12/05/2024 01:45,,461.00
12/05/2024 01:30,,462.00
12/05/2024 01:15,,461.00
12/05/2024 01:00,,461.00
12/05/2024 00:45,,461.00
12/05/2024 00:30,,462.00
12/05/2024 00:15,,461.00
12/05/2024 00:00,,462.00
11/05/2024 23:45,,461.00
11/05/2024 23:30,,461.00
11/05/2024 23:15,,461.00
11/05/2024 23:00,,460.00
11/05/2024 22:45,,459.00
11/05/2024 22:30,,460.00
11/05/2024 22:15,,460.00
11/05/2024 22:00,,458.00
11/05/2024 21:45,,458.00
11/05/2024 21:30,,458.00
11/05/2024 21:15,,460.00
11/05/2024 21:00,,458.00
11/05/2024 20:45,,458.00
11/05/2024 20:30,,458.00
11/05/2024 20:15,,458.00
11/05/2024 20:00,,458.00
11/05/2024 19:45,,458.00
11/05/2024 19:30,,456.00
11/05/2024 19:15,,457.00
11/05/2024 19:00,,458.00
11/05/2024 18:45,,456.00
11/05/2024 18:30,,457.00
11/05/2024 18:15,,456.00
11/05/2024 18:00,,459.00
11/05/2024 17:45,,457.00
11/05/2024 17:30,,457.00
11/05/2024 17:15,,458.00
11/05/2024 17:00,,457.00
11/05/2024 16:45,,458.00
11/05/2024 16:30,,456.00
11/05/2024 16:15,,457.00
11/05/2024 16:00,,458.00
11/05/2024 15:45,,456.00
11/05/2024 15:30,,458.00
11/05/2024 15:15,,457.00
11/05/2024 15:00,,458.00
11/05/2024 14:45,,458.00
11/05/2024 14:30,,458.00
11/05/2024 14:15,,457.00
11/05/2024 14:00,,457.00
11/05/2024 13:45,,458.00
11/05/2024 13:30,,457.00
11/05/2024 13:15,,458.00
11/05/2024 13:00,,458.00
11/05/2024 12:45,,458.00
11/05/2024 12:30,,459.00
11/05/2024 12:15,,459.00
11/05/2024 12:00,,458.00
11/05/2024 11:45,,459.00
11/05/2024 11:30,,459.00
11/05/2024 11:15,,458.00
11/05/2024 11:00,,458.00
11/05/2024 10:45
11/05/2024 10:30
11/05/2024 10:15
11/05/2024 10:00
11/05/2024 09:45
11/05/2024 09:30
11/05/2024 09:15
11/05/2024 09:00
11/05/2024 08:45
11/05/2024 08:30
11/05/2024 08:15,,460.00
11/05/2024 08:00,,460.00
11/05/2024 07:45,,460.00
11/05/2024 07:30,,460.00
11/05/2024 07:15,,460.00
11/05/2024 07:00,,459.00
11/05/2024 06:45,,459.00
11/05/2024 06:30,,460.00
11/05/2024 06:15,,460.00
11/05/2024 06:00,,460.00
11/05/2024 05:45,,461.00
11/05/2024 05:30,,461.00
11/05/2024 05:15,,460.00
11/05/2024 05:00,,460.00
11/05/2024 04:45,,461.00
11/05/2024 04:30,,460.00
11/05/2024 04:15,,461.00
11/05/2024 04:00,,461.00
11/05/2024 03:45,,461.00
11/05/2024 03:30,,461.00
11/05/2024 03:15,,461.00
11/05/2024 03:00,,461.00
11/05/2024 02:45,,461.00
11/05/2024 02:30,,461.00
11/05/2024 02:15,,461.00
11/05/2024 02:00,,462.00
11/05/2024 01:45,,463.00
11/05/2024 01:30,,462.00
11/05/2024 01:15,,463.00
11/05/2024 01:00,,463.00
11/05/2024 00:45,,463.00
11/05/2024 00:30,,463.00
11/05/2024 00:15,,464.00
11/05/2024 00:00,,464.00
10/05/2024 23:45,,464.00
10/05/2024 23:30,,464.00
10/05/2024 23:15,,466.00
10/05/2024 23:00,,466.00
10/05/2024 22:45,,467.00
10/05/2024 22:30,,466.00
10/05/2024 22:15,,466.00
10/05/2024 22:00,,468.00
10/05/2024 21:45,,468.00
10/05/2024 21:30,,468.00
10/05/2024 21:15,,469.00
10/05/2024 21:00,,470.00
10/05/2024 20:45,,469.00
10/05/2024 20:30,,471.00
10/05/2024 20:15,,471.00
10/05/2024 20:00,,471.00
10/05/2024 19:45,,470.00
10/05/2024 19:30,,470.00
10/05/2024 19:15,,470.00
10/05/2024 19:00,,470.00
10/05/2024 18:45,,470.00
10/05/2024 18:30,,469.00
10/05/2024 18:15,,470.00
10/05/2024 18:00,,470.00
10/05/2024 17:45,,471.00
10/05/2024 17:30,,470.00
10/05/2024 17:15,,471.00
10/05/2024 17:00,,471.00
10/05/2024 16:45,,470.00
10/05/2024 16:30,,471.00
10/05/2024 16:15,,470.00
10/05/2024 16:00,,470.00
10/05/2024 15:45,,471.00
10/05/2024 15:30,,470.00
10/05/2024 15:15,,470.00
10/05/2024 15:00,,469.00
10/05/2024 14:45,,469.00
10/05/2024 14:30,,469.00
10/05/2024 14:15,,470.00
10/05/2024 14:00,,470.00
10/05/2024 13:45,,471.00
10/05/2024 13:30,,471.00
10/05/2024 13:15,,471.00
10/05/2024 13:00,,471.00
10/05/2024 12:45,,471.00
10/05/2024 12:30,,471.00
10/05/2024 12:15,,471.00
10/05/2024 12:00,,472.00
10/05/2024 11:45,,472.00
10/05/2024 11:30,,470.00
10/05/2024 11:15,,471.00
10/05/2024 11:00,,470.00
10/05/2024 10:45,,472.00
10/05/2024 10:30,,471.00
10/05/2024 10:15,,473.00
10/05/2024 10:00,,472.00
10/05/2024 09:45,,472.00
10/05/2024 09:30,,473.00
10/05/2024 09:15,,473.00
10/05/2024 09:00,,473.00
10/05/2024 08:45,,474.00
10/05/2024 08:30,,474.00
10/05/2024 08:15,,474.00
10/05/2024 08:00,,475.00
10/05/2024 07:45,,474.00
10/05/2024 07:30,,474.00
10/05/2024 07:15,,475.00
10/05/2024 07:00,,475.00
10/05/2024 06:45,,476.00
10/05/2024 06:30,,474.00
10/05/2024 06:15,,474.00
10/05/2024 06:00,,475.00
10/05/2024 05:45,,476.00
10/05/2024 05:30,,476.00
10/05/2024 05:15,,477.00
10/05/2024 05:00,,477.00
10/05/2024 04:45,,477.00
10/05/2024 04:30,,476.00
10/05/2024 04:15,,477.00
10/05/2024 04:00,,477.00
10/05/2024 03:45,,477.00
10/05/2024 03:30,,476.00
10/05/2024 03:15,,478.00
10/05/2024 03:00,,477.00
10/05/2024 02:45,,478.00
10/05/2024 02:30,,478.00
10/05/2024 02:15,,478.00
10/05/2024 02:00,,479.00
10/05/2024 01:45,,479.00
10/05/2024 01:30,,479.00
10/05/2024 01:15,,478.00
10/05/2024 01:00,,478.00
10/05/2024 00:45,,479.00
10/05/2024 00:30,,479.00
10/05/2024 00:15,,481.00
10/05/2024 00:00,,481.00
09/05/2024 23:45,,481.00
09/05/2024 23:30,,481.00
09/05/2024 23:15,,480.00
09/05/2024 23:00,,481.00
09/05/2024 22:45,,482.00
09/05/2024 22:30,,481.00
09/05/2024 22:15,,482.00
09/05/2024 22:00,,482.00
09/05/2024 21:45,,483.00
09/05/2024 21:30,,484.00
09/05/2024 21:15,,483.00
09/05/2024 21:00,,483.00
09/05/2024 20:45,,485.00
09/05/2024 20:30,,483.00
09/05/2024 20:15,,483.00
09/05/2024 20:00,,485.00
09/05/2024 19:45,,486.00
09/05/2024 19:30,,485.00
09/05/2024 19:15,,486.00
09/05/2024 19:00,,486.00
09/05/2024 18:45,,486.00
09/05/2024 18:30,,487.00
09/05/2024 18:15,,486.00
09/05/2024 18:00,,488.00
09/05/2024 17:45,,486.00
09/05/2024 17:30,,486.00
09/05/2024 17:15,,489.00
09/05/2024 17:00,,490.00
09/05/2024 16:45,,489.00
09/05/2024 16:30,,489.00
09/05/2024 16:15,,490.00
09/05/2024 16:00,,490.00
09/05/2024 15:45,,489.00
09/05/2024 15:30,,490.00
09/05/2024 15:15,,490.00
09/05/2024 15:00,,492.00
09/05/2024 14:45,,491.00
09/05/2024 14:30,,492.00
09/05/2024 14:15,,492.00
09/05/2024 14:00,,492.00
09/05/2024 13:45,,492.00
09/05/2024 13:30,,494.00
09/05/2024 13:15,,493.00
09/05/2024 13:00,,494.00
09/05/2024 12:45,,495.00
09/05/2024 12:30,,494.00
09/05/2024 12:15,,495.00
09/05/2024 12:00,,493.00
09/05/2024 11:45,,495.00
09/05/2024 11:30,,495.00
09/05/2024 11:15,,502.00
09/05/2024 11:00,,502.00
09/05/2024 10:45,,503.00
09/05/2024 10:30,,502.00
09/05/2024 10:15,,502.00
09/05/2024 10:00,,503.00
09/05/2024 09:45,,502.00
09/05/2024 09:30,,502.00
09/05/2024 09:15,,503.00
09/05/2024 09:00,,503.00
09/05/2024 08:45,,502.00
09/05/2024 08:30,,504.00
09/05/2024 08:15,,504.00
09/05/2024 08:00,,504.00
09/05/2024 07:45,,504.00
09/05/2024 07:30,,504.00
09/05/2024 07:15,,503.00
09/05/2024 07:00,,504.00
09/05/2024 06:45,,503.00
09/05/2024 06:30,,504.00
09/05/2024 06:15,,504.00
09/05/2024 06:00,,504.00
09/05/2024 05:45,,504.00
09/05/2024 05:30,,504.00
09/05/2024 05:15,,506.00
09/05/2024 05:00,,504.00
09/05/2024 04:45,,505.00
09/05/2024 04:30,,505.00
09/05/2024 04:15,,503.00
09/05/2024 04:00,,504.00
09/05/2024 03:45,,503.00
09/05/2024 03:30,,503.00
09/05/2024 03:15,,503.00
09/05/2024 03:00,,504.00
09/05/2024 02:45,,503.00
09/05/2024 02:30,,504.00
09/05/2024 02:15,,501.00
09/05/2024 02:00,,502.00
09/05/2024 01:45,,502.00
09/05/2024 01:30,,503.00
09/05/2024 01:15,,501.00
09/05/2024 01:00,,501.00
09/05/2024 00:45,,501.00
09/05/2024 00:30,,502.00
09/05/2024 00:15,,502.00
09/05/2024 00:00,,502.00
08/05/2024 23:45,,502.00
08/05/2024 23:30,,501.00
08/05/2024 23:15,,500.00
08/05/2024 23:00,,501.00
08/05/2024 22:45,,502.00
08/05/2024 22:30,,501.00
08/05/2024 22:15,,502.00
08/05/2024 22:00,,500.00
08/05/2024 21:45,,500.00
08/05/2024 21:30,,501.00
08/05/2024 21:15,,501.00
08/05/2024 21:00,,503.00
08/05/2024 20:45,,502.00
08/05/2024 20:30,,502.00
08/05/2024 20:15,,503.00
08/05/2024 20:00,,503.00
08/05/2024 19:45,,502.00
08/05/2024 19:30,,502.00
08/05/2024 19:15,,503.00
08/05/2024 19:00,,504.00
08/05/2024 18:45,,503.00
08/05/2024 18:30,,504.00
08/05/2024 18:15,,505.00
08/05/2024 18:00,,503.00
08/05/2024 17:45,,504.00
08/05/2024 17:30,,502.00
08/05/2024 17:15,,504.00
08/05/2024 17:00,,504.00
08/05/2024 16:45,,503.00
08/05/2024 16:30,,505.00
08/05/2024 16:15,,504.00
08/05/2024 16:00,,506.00
08/05/2024 15:45,,506.00
08/05/2024 15:30,,507.00
08/05/2024 15:15,,508.00
08/05/2024 15:00,,508.00
08/05/2024 14:45,,504.00
08/05/2024 14:30,,508.00
08/05/2024 14:15,,507.00
08/05/2024 14:00,,507.00
08/05/2024 13:45,,505.00
08/05/2024 13:30,,506.00
08/05/2024 13:15,,506.00
08/05/2024 13:00,,505.00
08/05/2024 12:45,,507.00
08/05/2024 12:30,,507.00
08/05/2024 12:15,,508.00
08/05/2024 12:00,,508.00
08/05/2024 11:45,,507.00
08/05/2024 11:30,,507.00
08/05/2024 11:15,,509.00
08/05/2024 11:00,,510.00
08/05/2024 10:45,,509.00
08/05/2024 10:30,,508.00
08/05/2024 10:15,,508.00
08/05/2024 10:00,,510.00
08/05/2024 09:45,,510.00
08/05/2024 09:30,,510.00
08/05/2024 09:15,,511.00
08/05/2024 09:00,,511.00
08/05/2024 08:45,,511.00
08/05/2024 08:30,,511.00
08/05/2024 08:15,,511.00
08/05/2024 08:00,,510.00
08/05/2024 07:45,,514.00
08/05/2024 07:30,,514.00
08/05/2024 07:15,,513.00
08/05/2024 07:00,,514.00
08/05/2024 06:45,,514.00
08/05/2024 06:30,,515.00
08/05/2024 06:15,,512.00
08/05/2024 06:00,,514.00
08/05/2024 05:45,,513.00
08/05/2024 05:30,,515.00
08/05/2024 05:15,,514.00
08/05/2024 05:00,,515.00
08/05/2024 04:45,,515.00
08/05/2024 04:30,,516.00
08/05/2024 04:15,,516.00
08/05/2024 04:00,,515.00
08/05/2024 03:45,,516.00
08/05/2024 03:30,,516.00
08/05/2024 03:15,,515.00
08/05/2024 03:00,,516.00
08/05/2024 02:45,,516.00
08/05/2024 02:30,,518.00
08/05/2024 02:15,,519.00
08/05/2024 02:00,,518.00
08/05/2024 01:45,,517.00
08/05/2024 01:30,,516.00
08/05/2024 01:15,,517.00
08/05/2024 01:00,,518.00
08/05/2024 00:45,,516.00
08/05/2024 00:30,,518.00
08/05/2024 00:15,,517.00
08/05/2024 00:00,,520.00
07/05/2024 23:45,,519.00
07/05/2024 23:30,,519.00
07/05/2024 23:15,,521.00
07/05/2024 23:00,,520.00
07/05/2024 22:45,,520.00
07/05/2024 22:30,,520.00
07/05/2024 22:15,,521.00
07/05/2024 22:00,,518.00
07/05/2024 21:45,,520.00
07/05/2024 21:30,,522.00
07/05/2024 21:15,,519.00
07/05/2024 21:00,,521.00
07/05/2024 20:45,,522.00
07/05/2024 20:30,,523.00
07/05/2024 20:15,,520.00
07/05/2024 20:00,,520.00
07/05/2024 19:45,,522.00
07/05/2024 19:30,,520.00
07/05/2024 19:15,,523.00
07/05/2024 19:00,,521.00
07/05/2024 18:45,,522.00
07/05/2024 18:30,,521.00
07/05/2024 18:15,,525.00
07/05/2024 18:00,,522.00
07/05/2024 17:45,,522.00
07/05/2024 17:30,,523.00
07/05/2024 17:15,,523.00
07/05/2024 17:00,,522.00
07/05/2024 16:45,,523.00
07/05/2024 16:30,,523.00
07/05/2024 16:15,,525.00
07/05/2024 16:00,,525.00
07/05/2024 15:45,,522.00
07/05/2024 15:30,,525.00
07/05/2024 15:15,,524.00
07/05/2024 15:00,,525.00
07/05/2024 14:45,,526.00
07/05/2024 14:30,,524.00
07/05/2024 14:15,,523.00
07/05/2024 14:00,,525.00
07/05/2024 13:45,,524.00
07/05/2024 13:30,,524.00
07/05/2024 13:15,,526.00
07/05/2024 13:00,,524.00
07/05/2024 12:45,,525.00
07/05/2024 12:30,,527.00
07/05/2024 12:15,,526.00
07/05/2024 12:00,,526.00
07/05/2024 11:45,,527.00
07/05/2024 11:30,,527.00
07/05/2024 11:15,,528.00
07/05/2024 11:00,,527.00
07/05/2024 10:45,,528.00
07/05/2024 10:30,,528.00
07/05/2024 10:15,,526.00
07/05/2024 10:00,,528.00
07/05/2024 09:45,,526.00
07/05/2024 09:30,,527.00
07/05/2024 09:15,,525.00
07/05/2024 09:00,,527.00
07/05/2024 08:45,,527.00
07/05/2024 08:30,,525.00
07/05/2024 08:15,,528.00
07/05/2024 08:00,,527.00
07/05/2024 07:45,,526.00
07/05/2024 07:30,,527.00
07/05/2024 07:15,,528.00
07/05/2024 07:00,,527.00
07/05/2024 06:45,,527.00
07/05/2024 06:30,,526.00
07/05/2024 06:15,,528.00
07/05/2024 06:00,,527.00
07/05/2024 05:45,,527.00
07/05/2024 05:30,,525.00
07/05/2024 05:15,,527.00
07/05/2024 05:00,,526.00
07/05/2024 04:45,,529.00
07/05/2024 04:30,,527.00
07/05/2024 04:15,,527.00
07/05/2024 04:00,,527.00
07/05/2024 03:45,,528.00
07/05/2024 03:30,,527.00
07/05/2024 03:15,,527.00
07/05/2024 03:00,,527.00
07/05/2024 02:45,,527.00
07/05/2024 02:30,,527.00
07/05/2024 02:15,,528.00
07/05/2024 02:00,,528.00
07/05/2024 01:45,,527.00
07/05/2024 01:30,,527.00
07/05/2024 01:15,,529.00
07/05/2024 01:00,,529.00
07/05/2024 00:45,,527.00
07/05/2024 00:30,,529.00
07/05/2024 00:15,,531.00
07/05/2024 00:00,,529.00
06/05/2024 23:45,,529.00
06/05/2024 23:30,,528.00
06/05/2024 23:15,,528.00
06/05/2024 23:00,,530.00
06/05/2024 22:45,,529.00
06/05/2024 22:30,,530.00
06/05/2024 22:15,,530.00
06/05/2024 22:00,,529.00
06/05/2024 21:45,,529.00
06/05/2024 21:30,,528.00
06/05/2024 21:15,,529.00
06/05/2024 21:00,,532.00
06/05/2024 20:45,,532.00
06/05/2024 20:30,,531.00
06/05/2024 20:15,,533.00
06/05/2024 20:00,,533.00
06/05/2024 19:45,,531.00
06/05/2024 19:30,,532.00
06/05/2024 19:15,,529.00
06/05/2024 19:00,,529.00
06/05/2024 18:45,,525.00
06/05/2024 18:30,,526.00
06/05/2024 18:15,,527.00
06/05/2024 18:00,,526.00
06/05/2024 17:45,,529.00
06/05/2024 17:30,,525.00
06/05/2024 17:15,,528.00
06/05/2024 17:00,,526.00
06/05/2024 16:45,,526.00
06/05/2024 16:30,,528.00
06/05/2024 16:15,,527.00
06/05/2024 16:00,,528.00
06/05/2024 15:45,,524.00
06/05/2024 15:30,,528.00
06/05/2024 15:15,,527.00
06/05/2024 15:00,,528.00
06/05/2024 14:45,,526.00
06/05/2024 14:30,,529.00
06/05/2024 14:15,,529.00
06/05/2024 14:00,,526.00
06/05/2024 13:45,,526.00
06/05/2024 13:30,,528.00
06/05/2024 13:15,,526.00
06/05/2024 13:00,,527.00
06/05/2024 12:45,,527.00
06/05/2024 12:30,,523.00
06/05/2024 12:15,,524.00
06/05/2024 12:00,,527.00
06/05/2024 11:45,,525.00
06/05/2024 11:30,,525.00
06/05/2024 11:15,,526.00
06/05/2024 11:00,,526.00
06/05/2024 10:45,,526.00
06/05/2024 10:30,,526.00
06/05/2024 10:15,,525.00
06/05/2024 10:00,,525.00
06/05/2024 09:45,,525.00
06/05/2024 09:30,,525.00
06/05/2024 09:15,,527.00
06/05/2024 09:00,,529.00
06/05/2024 08:45,,525.00
06/05/2024 08:30,,526.00
06/05/2024 08:15,,529.00
06/05/2024 08:00,,527.00
06/05/2024 07:45,,528.00
06/05/2024 07:30,,527.00
06/05/2024 07:15,,528.00
06/05/2024 07:00,,527.00
06/05/2024 06:45,,525.00
06/05/2024 06:30,,528.00
06/05/2024 06:15,,526.00
06/05/2024 06:00,,527.00
06/05/2024 05:45,,527.00
06/05/2024 05:30,,523.00
06/05/2024 05:15,,526.00
06/05/2024 05:00,,525.00
06/05/2024 04:45,,528.00
06/05/2024 04:30,,523.00
06/05/2024 04:15,,527.00
06/05/2024 04:00,,529.00
06/05/2024 03:45,,528.00
06/05/2024 03:30,,526.00
06/05/2024 03:15,,530.00
06/05/2024 03:00,,526.00
06/05/2024 02:45,,526.00
06/05/2024 02:30,,529.00
06/05/2024 02:15,,527.00
06/05/2024 02:00,,526.00
06/05/2024 01:45,,525.00
06/05/2024 01:30,,526.00
06/05/2024 01:15,,524.00
06/05/2024 01:00,,527.00
06/05/2024 00:45,,524.00
06/05/2024 00:30,,525.00
06/05/2024 00:15,,526.00
06/05/2024 00:00,,527.00
05/05/2024 23:45,,525.00
05/05/2024 23:30,,528.00
05/05/2024 23:15,,527.00
05/05/2024 23:00,,528.00
05/05/2024 22:45,,526.00
05/05/2024 22:30,,528.00
05/05/2024 22:15,,525.00
05/05/2024 22:00,,526.00
05/05/2024 21:45,,525.00
05/05/2024 21:30,,530.00
05/05/2024 21:15,,527.00
05/05/2024 21:00,,525.00
05/05/2024 20:45,,527.00
05/05/2024 20:30,,524.00
05/05/2024 20:15,,529.00
05/05/2024 20:00,,528.00
05/05/2024 19:45,,526.00
05/05/2024 19:30,,530.00
05/05/2024 19:15,,525.00
05/05/2024 19:00,,529.00
05/05/2024 18:45,,528.00
05/05/2024 18:30,,530.00
05/05/2024 18:15,,527.00
05/05/2024 18:00,,527.00
05/05/2024 17:45,,524.00
05/05/2024 17:30,,530.00
05/05/2024 17:15,,527.00
05/05/2024 17:00,,525.00
05/05/2024 16:45,,530.00
05/05/2024 16:30,,528.00
05/05/2024 16:15,,529.00
05/05/2024 16:00,,531.00
05/05/2024 15:45,,528.00
05/05/2024 15:30,,531.00
05/05/2024 15:15,,529.00
05/05/2024 15:00,,528.00
05/05/2024 14:45,,527.00
05/05/2024 14:30,,530.00
05/05/2024 14:15,,530.00
05/05/2024 14:00,,531.00
05/05/2024 13:45,,528.00
05/05/2024 13:30,,531.00
05/05/2024 13:15,,529.00
05/05/2024 13:00,,531.00
05/05/2024 12:45,,525.00
05/05/2024 12:30,,533.00
05/05/2024 12:15,,528.00
05/05/2024 12:00,,527.00
05/05/2024 11:45,,529.00
05/05/2024 11:30,,532.00
05/05/2024 11:15,,529.00
05/05/2024 11:00,,531.00
05/05/2024 10:45,,528.00
05/05/2024 10:30,,530.00
05/05/2024 10:15,,530.00
05/05/2024 10:00,,528.00
05/05/2024 09:45,,530.00
05/05/2024 09:30,,529.00
05/05/2024 09:15,,528.00
05/05/2024 09:00,,531.00
05/05/2024 08:45,,531.00
05/05/2024 08:30,,529.00
05/05/2024 08:15,,530.00
05/05/2024 08:00,,533.00
05/05/2024 07:45,,526.00
05/05/2024 07:30,,530.00
05/05/2024 07:15,,530.00
05/05/2024 07:00,,529.00
05/05/2024 06:45,,531.00
05/05/2024 06:30,,530.00
05/05/2024 06:15,,529.00
05/05/2024 06:00,,530.00
05/05/2024 05:45,,527.00
05/05/2024 05:30,,535.00
05/05/2024 05:15,,528.00
05/05/2024 05:00,,531.00
05/05/2024 04:45,,529.00
05/05/2024 04:30,,531.00
05/05/2024 04:15,,532.00
05/05/2024 04:00,,530.00
05/05/2024 03:45,,530.00
05/05/2024 03:30,,529.00
05/05/2024 03:15,,531.00
05/05/2024 03:00,,528.00
05/05/2024 02:45,,526.00
05/05/2024 02:30,,529.00
05/05/2024 02:15,,527.00
05/05/2024 02:00,,530.00
05/05/2024 01:45,,527.00
05/05/2024 01:30,,528.00
05/05/2024 01:15,,529.00
05/05/2024 01:00,,524.00
05/05/2024 00:45,,525.00
05/05/2024 00:30,,523.00
05/05/2024 00:15,,526.00
05/05/2024 00:00,,526.00
04/05/2024 23:45,,525.00
04/05/2024 23:30,,525.00
04/05/2024 23:15,,525.00
04/05/2024 23:00,,527.00
04/05/2024 22:45,,525.00
04/05/2024 22:30,,521.00
04/05/2024 22:15,,525.00
04/05/2024 22:00,,521.00
04/05/2024 21:45,,527.00
04/05/2024 21:30,,520.00
04/05/2024 21:15,,523.00
04/05/2024 21:00,,521.00
04/05/2024 20:45,,525.00
04/05/2024 20:30,,525.00
04/05/2024 20:15,,521.00
04/05/2024 20:00,,520.00
04/05/2024 19:45,,518.00
04/05/2024 19:30,,522.00
04/05/2024 19:15,,521.00
04/05/2024 19:00,,521.00
04/05/2024 18:45,,518.00
04/05/2024 18:30,,522.00
04/05/2024 18:15
04/05/2024 18:00,,518.00
04/05/2024 17:45
04/05/2024 17:30
04/05/2024 17:15
04/05/2024 17:00,,519.00
04/05/2024 16:45
04/05/2024 16:30
04/05/2024 16:15
04/05/2024 16:00,,516.00
04/05/2024 15:00,,516.00
04/05/2024 14:00,,510.00
04/05/2024 13:00,,510.00
04/05/2024 12:00,,509.00
04/05/2024 11:00,,508.00
04/05/2024 10:00,,504.00
04/05/2024 09:00,,504.00
04/05/2024 08:00,,502.00
04/05/2024 06:00,,498.00
04/05/2024 05:00,,492.00
04/05/2024 04:00,,496.00
04/05/2024 03:00,,494.00
04/05/2024 02:00,,488.00
04/05/2024 01:00,,488.00
04/05/2024 00:00,,488.00
03/05/2024 23:15
03/05/2024 23:00,,480.00
03/05/2024 22:45
03/05/2024 22:30
03/05/2024 22:15
03/05/2024 22:00,,480.00
03/05/2024 21:45
03/05/2024 21:30
03/05/2024 21:15
03/05/2024 21:00,,477.00
03/05/2024 20:45
03/05/2024 20:30
03/05/2024 20:15
03/05/2024 20:00,,472.00
03/05/2024 19:45
03/05/2024 19:30
03/05/2024 19:15
03/05/2024 19:00,,470.00
03/05/2024 18:45
03/05/2024 18:30
03/05/2024 18:15
03/05/2024 18:00,,469.00
03/05/2024 17:45,,468.00
03/05/2024 17:30
03/05/2024 17:15
03/05/2024 17:00,,463.00
03/05/2024 16:45
03/05/2024 16:30
03/05/2024 16:15
03/05/2024 16:00,,458.00
03/05/2024 15:45,0.00
03/05/2024 15:30,0.20
03/05/2024 15:15,0.00
03/05/2024 15:00,0.00,458.00
03/05/2024 14:45,0.00
03/05/2024 14:30,0.00
03/05/2024 14:15,0.00
03/05/2024 14:00,0.00
03/05/2024 13:45,0.00
03/05/2024 13:30,0.00
03/05/2024 13:15,0.00
03/05/2024 13:00,0.00
03/05/2024 12:45,0.00
03/05/2024 12:30,0.00
03/05/2024 12:15,0.00
03/05/2024 12:00,0.00
03/05/2024 11:45,0.00
03/05/2024 11:30,0.00
03/05/2024 11:15,0.00
03/05/2024 11:00,0.00
03/05/2024 10:45,0.00
03/05/2024 10:30,0.00
03/05/2024 10:15,0.00
03/05/2024 10:00,0.00
03/05/2024 09:45,0.00
03/05/2024 09:30,0.00
03/05/2024 09:15,0.20
03/05/2024 09:00,0.00
03/05/2024 08:45,0.00
03/05/2024 08:30,0.00
03/05/2024 08:15,0.00
03/05/2024 08:00,0.00
03/05/2024 07:45,0.00
03/05/2024 07:30,0.00
03/05/2024 07:15,0.00
03/05/2024 07:00,0.00
03/05/2024 06:45,0.00
03/05/2024 06:30,0.00
03/05/2024 06:15,0.00
03/05/2024 06:00,0.00
03/05/2024 05:45,0.00
03/05/2024 05:30,0.00
03/05/2024 05:15,0.00
03/05/2024 05:00,0.00
03/05/2024 04:45,0.00
03/05/2024 04:30,0.00
03/05/2024 04:15,0.00
03/05/2024 04:00,0.00
03/05/2024 03:45,0.00
03/05/2024 03:30,0.00
03/05/2024 03:15,0.00
03/05/2024 03:00,0.00
03/05/2024 02:45,0.20
03/05/2024 02:30,0.00
03/05/2024 02:15,0.00
03/05/2024 02:00,0.20
03/05/2024 01:45,0.20
03/05/2024 01:30,0.40
03/05/2024 01:15,0.40
03/05/2024 01:00,0.00
03/05/2024 00:45,0.00
03/05/2024 00:30,0.00
03/05/2024 00:15,0.00
03/05/2024 00:00,0.00